# # cell centres  (Nx*Ny*Nz = 8192 rows)
 -2.421875e-01  -2.421875e-01  -1.093750e-01
 -2.421875e-01  -2.421875e-01  -7.812500e-02
 -2.421875e-01  -2.421875e-01  -4.687500e-02
 -2.421875e-01  -2.421875e-01  -1.562500e-02
 -2.421875e-01  -2.421875e-01   1.562500e-02
 -2.421875e-01  -2.421875e-01   4.687500e-02
 -2.421875e-01  -2.421875e-01   7.812500e-02
 -2.421875e-01  -2.421875e-01   1.093750e-01
 -2.421875e-01  -2.265625e-01  -1.093750e-01
 -2.421875e-01  -2.265625e-01  -7.812500e-02
 -2.421875e-01  -2.265625e-01  -4.687500e-02
 -2.421875e-01  -2.265625e-01  -1.562500e-02
 -2.421875e-01  -2.265625e-01   1.562500e-02
 -2.421875e-01  -2.265625e-01   4.687500e-02
 -2.421875e-01  -2.265625e-01   7.812500e-02
 -2.421875e-01  -2.265625e-01   1.093750e-01
 -2.421875e-01  -2.109375e-01  -1.093750e-01
 -2.421875e-01  -2.109375e-01  -7.812500e-02
 -2.421875e-01  -2.109375e-01  -4.687500e-02
 -2.421875e-01  -2.109375e-01  -1.562500e-02
 -2.421875e-01  -2.109375e-01   1.562500e-02
 -2.421875e-01  -2.109375e-01   4.687500e-02
 -2.421875e-01  -2.109375e-01   7.812500e-02
 -2.421875e-01  -2.109375e-01   1.093750e-01
 -2.421875e-01  -1.953125e-01  -1.093750e-01
 -2.421875e-01  -1.953125e-01  -7.812500e-02
 -2.421875e-01  -1.953125e-01  -4.687500e-02
 -2.421875e-01  -1.953125e-01  -1.562500e-02
 -2.421875e-01  -1.953125e-01   1.562500e-02
 -2.421875e-01  -1.953125e-01   4.687500e-02
 -2.421875e-01  -1.953125e-01   7.812500e-02
 -2.421875e-01  -1.953125e-01   1.093750e-01
 -2.421875e-01  -1.796875e-01  -1.093750e-01
 -2.421875e-01  -1.796875e-01  -7.812500e-02
 -2.421875e-01  -1.796875e-01  -4.687500e-02
 -2.421875e-01  -1.796875e-01  -1.562500e-02
 -2.421875e-01  -1.796875e-01   1.562500e-02
 -2.421875e-01  -1.796875e-01   4.687500e-02
 -2.421875e-01  -1.796875e-01   7.812500e-02
 -2.421875e-01  -1.796875e-01   1.093750e-01
 -2.421875e-01  -1.640625e-01  -1.093750e-01
 -2.421875e-01  -1.640625e-01  -7.812500e-02
 -2.421875e-01  -1.640625e-01  -4.687500e-02
 -2.421875e-01  -1.640625e-01  -1.562500e-02
 -2.421875e-01  -1.640625e-01   1.562500e-02
 -2.421875e-01  -1.640625e-01   4.687500e-02
 -2.421875e-01  -1.640625e-01   7.812500e-02
 -2.421875e-01  -1.640625e-01   1.093750e-01
 -2.421875e-01  -1.484375e-01  -1.093750e-01
 -2.421875e-01  -1.484375e-01  -7.812500e-02
 -2.421875e-01  -1.484375e-01  -4.687500e-02
 -2.421875e-01  -1.484375e-01  -1.562500e-02
 -2.421875e-01  -1.484375e-01   1.562500e-02
 -2.421875e-01  -1.484375e-01   4.687500e-02
 -2.421875e-01  -1.484375e-01   7.812500e-02
 -2.421875e-01  -1.484375e-01   1.093750e-01
 -2.421875e-01  -1.328125e-01  -1.093750e-01
 -2.421875e-01  -1.328125e-01  -7.812500e-02
 -2.421875e-01  -1.328125e-01  -4.687500e-02
 -2.421875e-01  -1.328125e-01  -1.562500e-02
 -2.421875e-01  -1.328125e-01   1.562500e-02
 -2.421875e-01  -1.328125e-01   4.687500e-02
 -2.421875e-01  -1.328125e-01   7.812500e-02
 -2.421875e-01  -1.328125e-01   1.093750e-01
 -2.421875e-01  -1.171875e-01  -1.093750e-01
 -2.421875e-01  -1.171875e-01  -7.812500e-02
 -2.421875e-01  -1.171875e-01  -4.687500e-02
 -2.421875e-01  -1.171875e-01  -1.562500e-02
 -2.421875e-01  -1.171875e-01   1.562500e-02
 -2.421875e-01  -1.171875e-01   4.687500e-02
 -2.421875e-01  -1.171875e-01   7.812500e-02
 -2.421875e-01  -1.171875e-01   1.093750e-01
 -2.421875e-01  -1.015625e-01  -1.093750e-01
 -2.421875e-01  -1.015625e-01  -7.812500e-02
 -2.421875e-01  -1.015625e-01  -4.687500e-02
 -2.421875e-01  -1.015625e-01  -1.562500e-02
 -2.421875e-01  -1.015625e-01   1.562500e-02
 -2.421875e-01  -1.015625e-01   4.687500e-02
 -2.421875e-01  -1.015625e-01   7.812500e-02
 -2.421875e-01  -1.015625e-01   1.093750e-01
 -2.421875e-01  -8.593750e-02  -1.093750e-01
 -2.421875e-01  -8.593750e-02  -7.812500e-02
 -2.421875e-01  -8.593750e-02  -4.687500e-02
 -2.421875e-01  -8.593750e-02  -1.562500e-02
 -2.421875e-01  -8.593750e-02   1.562500e-02
 -2.421875e-01  -8.593750e-02   4.687500e-02
 -2.421875e-01  -8.593750e-02   7.812500e-02
 -2.421875e-01  -8.593750e-02   1.093750e-01
 -2.421875e-01  -7.031250e-02  -1.093750e-01
 -2.421875e-01  -7.031250e-02  -7.812500e-02
 -2.421875e-01  -7.031250e-02  -4.687500e-02
 -2.421875e-01  -7.031250e-02  -1.562500e-02
 -2.421875e-01  -7.031250e-02   1.562500e-02
 -2.421875e-01  -7.031250e-02   4.687500e-02
 -2.421875e-01  -7.031250e-02   7.812500e-02
 -2.421875e-01  -7.031250e-02   1.093750e-01
 -2.421875e-01  -5.468750e-02  -1.093750e-01
 -2.421875e-01  -5.468750e-02  -7.812500e-02
 -2.421875e-01  -5.468750e-02  -4.687500e-02
 -2.421875e-01  -5.468750e-02  -1.562500e-02
 -2.421875e-01  -5.468750e-02   1.562500e-02
 -2.421875e-01  -5.468750e-02   4.687500e-02
 -2.421875e-01  -5.468750e-02   7.812500e-02
 -2.421875e-01  -5.468750e-02   1.093750e-01
 -2.421875e-01  -3.906250e-02  -1.093750e-01
 -2.421875e-01  -3.906250e-02  -7.812500e-02
 -2.421875e-01  -3.906250e-02  -4.687500e-02
 -2.421875e-01  -3.906250e-02  -1.562500e-02
 -2.421875e-01  -3.906250e-02   1.562500e-02
 -2.421875e-01  -3.906250e-02   4.687500e-02
 -2.421875e-01  -3.906250e-02   7.812500e-02
 -2.421875e-01  -3.906250e-02   1.093750e-01
 -2.421875e-01  -2.343750e-02  -1.093750e-01
 -2.421875e-01  -2.343750e-02  -7.812500e-02
 -2.421875e-01  -2.343750e-02  -4.687500e-02
 -2.421875e-01  -2.343750e-02  -1.562500e-02
 -2.421875e-01  -2.343750e-02   1.562500e-02
 -2.421875e-01  -2.343750e-02   4.687500e-02
 -2.421875e-01  -2.343750e-02   7.812500e-02
 -2.421875e-01  -2.343750e-02   1.093750e-01
 -2.421875e-01  -7.812500e-03  -1.093750e-01
 -2.421875e-01  -7.812500e-03  -7.812500e-02
 -2.421875e-01  -7.812500e-03  -4.687500e-02
 -2.421875e-01  -7.812500e-03  -1.562500e-02
 -2.421875e-01  -7.812500e-03   1.562500e-02
 -2.421875e-01  -7.812500e-03   4.687500e-02
 -2.421875e-01  -7.812500e-03   7.812500e-02
 -2.421875e-01  -7.812500e-03   1.093750e-01
 -2.421875e-01   7.812500e-03  -1.093750e-01
 -2.421875e-01   7.812500e-03  -7.812500e-02
 -2.421875e-01   7.812500e-03  -4.687500e-02
 -2.421875e-01   7.812500e-03  -1.562500e-02
 -2.421875e-01   7.812500e-03   1.562500e-02
 -2.421875e-01   7.812500e-03   4.687500e-02
 -2.421875e-01   7.812500e-03   7.812500e-02
 -2.421875e-01   7.812500e-03   1.093750e-01
 -2.421875e-01   2.343750e-02  -1.093750e-01
 -2.421875e-01   2.343750e-02  -7.812500e-02
 -2.421875e-01   2.343750e-02  -4.687500e-02
 -2.421875e-01   2.343750e-02  -1.562500e-02
 -2.421875e-01   2.343750e-02   1.562500e-02
 -2.421875e-01   2.343750e-02   4.687500e-02
 -2.421875e-01   2.343750e-02   7.812500e-02
 -2.421875e-01   2.343750e-02   1.093750e-01
 -2.421875e-01   3.906250e-02  -1.093750e-01
 -2.421875e-01   3.906250e-02  -7.812500e-02
 -2.421875e-01   3.906250e-02  -4.687500e-02
 -2.421875e-01   3.906250e-02  -1.562500e-02
 -2.421875e-01   3.906250e-02   1.562500e-02
 -2.421875e-01   3.906250e-02   4.687500e-02
 -2.421875e-01   3.906250e-02   7.812500e-02
 -2.421875e-01   3.906250e-02   1.093750e-01
 -2.421875e-01   5.468750e-02  -1.093750e-01
 -2.421875e-01   5.468750e-02  -7.812500e-02
 -2.421875e-01   5.468750e-02  -4.687500e-02
 -2.421875e-01   5.468750e-02  -1.562500e-02
 -2.421875e-01   5.468750e-02   1.562500e-02
 -2.421875e-01   5.468750e-02   4.687500e-02
 -2.421875e-01   5.468750e-02   7.812500e-02
 -2.421875e-01   5.468750e-02   1.093750e-01
 -2.421875e-01   7.031250e-02  -1.093750e-01
 -2.421875e-01   7.031250e-02  -7.812500e-02
 -2.421875e-01   7.031250e-02  -4.687500e-02
 -2.421875e-01   7.031250e-02  -1.562500e-02
 -2.421875e-01   7.031250e-02   1.562500e-02
 -2.421875e-01   7.031250e-02   4.687500e-02
 -2.421875e-01   7.031250e-02   7.812500e-02
 -2.421875e-01   7.031250e-02   1.093750e-01
 -2.421875e-01   8.593750e-02  -1.093750e-01
 -2.421875e-01   8.593750e-02  -7.812500e-02
 -2.421875e-01   8.593750e-02  -4.687500e-02
 -2.421875e-01   8.593750e-02  -1.562500e-02
 -2.421875e-01   8.593750e-02   1.562500e-02
 -2.421875e-01   8.593750e-02   4.687500e-02
 -2.421875e-01   8.593750e-02   7.812500e-02
 -2.421875e-01   8.593750e-02   1.093750e-01
 -2.421875e-01   1.015625e-01  -1.093750e-01
 -2.421875e-01   1.015625e-01  -7.812500e-02
 -2.421875e-01   1.015625e-01  -4.687500e-02
 -2.421875e-01   1.015625e-01  -1.562500e-02
 -2.421875e-01   1.015625e-01   1.562500e-02
 -2.421875e-01   1.015625e-01   4.687500e-02
 -2.421875e-01   1.015625e-01   7.812500e-02
 -2.421875e-01   1.015625e-01   1.093750e-01
 -2.421875e-01   1.171875e-01  -1.093750e-01
 -2.421875e-01   1.171875e-01  -7.812500e-02
 -2.421875e-01   1.171875e-01  -4.687500e-02
 -2.421875e-01   1.171875e-01  -1.562500e-02
 -2.421875e-01   1.171875e-01   1.562500e-02
 -2.421875e-01   1.171875e-01   4.687500e-02
 -2.421875e-01   1.171875e-01   7.812500e-02
 -2.421875e-01   1.171875e-01   1.093750e-01
 -2.421875e-01   1.328125e-01  -1.093750e-01
 -2.421875e-01   1.328125e-01  -7.812500e-02
 -2.421875e-01   1.328125e-01  -4.687500e-02
 -2.421875e-01   1.328125e-01  -1.562500e-02
 -2.421875e-01   1.328125e-01   1.562500e-02
 -2.421875e-01   1.328125e-01   4.687500e-02
 -2.421875e-01   1.328125e-01   7.812500e-02
 -2.421875e-01   1.328125e-01   1.093750e-01
 -2.421875e-01   1.484375e-01  -1.093750e-01
 -2.421875e-01   1.484375e-01  -7.812500e-02
 -2.421875e-01   1.484375e-01  -4.687500e-02
 -2.421875e-01   1.484375e-01  -1.562500e-02
 -2.421875e-01   1.484375e-01   1.562500e-02
 -2.421875e-01   1.484375e-01   4.687500e-02
 -2.421875e-01   1.484375e-01   7.812500e-02
 -2.421875e-01   1.484375e-01   1.093750e-01
 -2.421875e-01   1.640625e-01  -1.093750e-01
 -2.421875e-01   1.640625e-01  -7.812500e-02
 -2.421875e-01   1.640625e-01  -4.687500e-02
 -2.421875e-01   1.640625e-01  -1.562500e-02
 -2.421875e-01   1.640625e-01   1.562500e-02
 -2.421875e-01   1.640625e-01   4.687500e-02
 -2.421875e-01   1.640625e-01   7.812500e-02
 -2.421875e-01   1.640625e-01   1.093750e-01
 -2.421875e-01   1.796875e-01  -1.093750e-01
 -2.421875e-01   1.796875e-01  -7.812500e-02
 -2.421875e-01   1.796875e-01  -4.687500e-02
 -2.421875e-01   1.796875e-01  -1.562500e-02
 -2.421875e-01   1.796875e-01   1.562500e-02
 -2.421875e-01   1.796875e-01   4.687500e-02
 -2.421875e-01   1.796875e-01   7.812500e-02
 -2.421875e-01   1.796875e-01   1.093750e-01
 -2.421875e-01   1.953125e-01  -1.093750e-01
 -2.421875e-01   1.953125e-01  -7.812500e-02
 -2.421875e-01   1.953125e-01  -4.687500e-02
 -2.421875e-01   1.953125e-01  -1.562500e-02
 -2.421875e-01   1.953125e-01   1.562500e-02
 -2.421875e-01   1.953125e-01   4.687500e-02
 -2.421875e-01   1.953125e-01   7.812500e-02
 -2.421875e-01   1.953125e-01   1.093750e-01
 -2.421875e-01   2.109375e-01  -1.093750e-01
 -2.421875e-01   2.109375e-01  -7.812500e-02
 -2.421875e-01   2.109375e-01  -4.687500e-02
 -2.421875e-01   2.109375e-01  -1.562500e-02
 -2.421875e-01   2.109375e-01   1.562500e-02
 -2.421875e-01   2.109375e-01   4.687500e-02
 -2.421875e-01   2.109375e-01   7.812500e-02
 -2.421875e-01   2.109375e-01   1.093750e-01
 -2.421875e-01   2.265625e-01  -1.093750e-01
 -2.421875e-01   2.265625e-01  -7.812500e-02
 -2.421875e-01   2.265625e-01  -4.687500e-02
 -2.421875e-01   2.265625e-01  -1.562500e-02
 -2.421875e-01   2.265625e-01   1.562500e-02
 -2.421875e-01   2.265625e-01   4.687500e-02
 -2.421875e-01   2.265625e-01   7.812500e-02
 -2.421875e-01   2.265625e-01   1.093750e-01
 -2.421875e-01   2.421875e-01  -1.093750e-01
 -2.421875e-01   2.421875e-01  -7.812500e-02
 -2.421875e-01   2.421875e-01  -4.687500e-02
 -2.421875e-01   2.421875e-01  -1.562500e-02
 -2.421875e-01   2.421875e-01   1.562500e-02
 -2.421875e-01   2.421875e-01   4.687500e-02
 -2.421875e-01   2.421875e-01   7.812500e-02
 -2.421875e-01   2.421875e-01   1.093750e-01
 -2.265625e-01  -2.421875e-01  -1.093750e-01
 -2.265625e-01  -2.421875e-01  -7.812500e-02
 -2.265625e-01  -2.421875e-01  -4.687500e-02
 -2.265625e-01  -2.421875e-01  -1.562500e-02
 -2.265625e-01  -2.421875e-01   1.562500e-02
 -2.265625e-01  -2.421875e-01   4.687500e-02
 -2.265625e-01  -2.421875e-01   7.812500e-02
 -2.265625e-01  -2.421875e-01   1.093750e-01
 -2.265625e-01  -2.265625e-01  -1.093750e-01
 -2.265625e-01  -2.265625e-01  -7.812500e-02
 -2.265625e-01  -2.265625e-01  -4.687500e-02
 -2.265625e-01  -2.265625e-01  -1.562500e-02
 -2.265625e-01  -2.265625e-01   1.562500e-02
 -2.265625e-01  -2.265625e-01   4.687500e-02
 -2.265625e-01  -2.265625e-01   7.812500e-02
 -2.265625e-01  -2.265625e-01   1.093750e-01
 -2.265625e-01  -2.109375e-01  -1.093750e-01
 -2.265625e-01  -2.109375e-01  -7.812500e-02
 -2.265625e-01  -2.109375e-01  -4.687500e-02
 -2.265625e-01  -2.109375e-01  -1.562500e-02
 -2.265625e-01  -2.109375e-01   1.562500e-02
 -2.265625e-01  -2.109375e-01   4.687500e-02
 -2.265625e-01  -2.109375e-01   7.812500e-02
 -2.265625e-01  -2.109375e-01   1.093750e-01
 -2.265625e-01  -1.953125e-01  -1.093750e-01
 -2.265625e-01  -1.953125e-01  -7.812500e-02
 -2.265625e-01  -1.953125e-01  -4.687500e-02
 -2.265625e-01  -1.953125e-01  -1.562500e-02
 -2.265625e-01  -1.953125e-01   1.562500e-02
 -2.265625e-01  -1.953125e-01   4.687500e-02
 -2.265625e-01  -1.953125e-01   7.812500e-02
 -2.265625e-01  -1.953125e-01   1.093750e-01
 -2.265625e-01  -1.796875e-01  -1.093750e-01
 -2.265625e-01  -1.796875e-01  -7.812500e-02
 -2.265625e-01  -1.796875e-01  -4.687500e-02
 -2.265625e-01  -1.796875e-01  -1.562500e-02
 -2.265625e-01  -1.796875e-01   1.562500e-02
 -2.265625e-01  -1.796875e-01   4.687500e-02
 -2.265625e-01  -1.796875e-01   7.812500e-02
 -2.265625e-01  -1.796875e-01   1.093750e-01
 -2.265625e-01  -1.640625e-01  -1.093750e-01
 -2.265625e-01  -1.640625e-01  -7.812500e-02
 -2.265625e-01  -1.640625e-01  -4.687500e-02
 -2.265625e-01  -1.640625e-01  -1.562500e-02
 -2.265625e-01  -1.640625e-01   1.562500e-02
 -2.265625e-01  -1.640625e-01   4.687500e-02
 -2.265625e-01  -1.640625e-01   7.812500e-02
 -2.265625e-01  -1.640625e-01   1.093750e-01
 -2.265625e-01  -1.484375e-01  -1.093750e-01
 -2.265625e-01  -1.484375e-01  -7.812500e-02
 -2.265625e-01  -1.484375e-01  -4.687500e-02
 -2.265625e-01  -1.484375e-01  -1.562500e-02
 -2.265625e-01  -1.484375e-01   1.562500e-02
 -2.265625e-01  -1.484375e-01   4.687500e-02
 -2.265625e-01  -1.484375e-01   7.812500e-02
 -2.265625e-01  -1.484375e-01   1.093750e-01
 -2.265625e-01  -1.328125e-01  -1.093750e-01
 -2.265625e-01  -1.328125e-01  -7.812500e-02
 -2.265625e-01  -1.328125e-01  -4.687500e-02
 -2.265625e-01  -1.328125e-01  -1.562500e-02
 -2.265625e-01  -1.328125e-01   1.562500e-02
 -2.265625e-01  -1.328125e-01   4.687500e-02
 -2.265625e-01  -1.328125e-01   7.812500e-02
 -2.265625e-01  -1.328125e-01   1.093750e-01
 -2.265625e-01  -1.171875e-01  -1.093750e-01
 -2.265625e-01  -1.171875e-01  -7.812500e-02
 -2.265625e-01  -1.171875e-01  -4.687500e-02
 -2.265625e-01  -1.171875e-01  -1.562500e-02
 -2.265625e-01  -1.171875e-01   1.562500e-02
 -2.265625e-01  -1.171875e-01   4.687500e-02
 -2.265625e-01  -1.171875e-01   7.812500e-02
 -2.265625e-01  -1.171875e-01   1.093750e-01
 -2.265625e-01  -1.015625e-01  -1.093750e-01
 -2.265625e-01  -1.015625e-01  -7.812500e-02
 -2.265625e-01  -1.015625e-01  -4.687500e-02
 -2.265625e-01  -1.015625e-01  -1.562500e-02
 -2.265625e-01  -1.015625e-01   1.562500e-02
 -2.265625e-01  -1.015625e-01   4.687500e-02
 -2.265625e-01  -1.015625e-01   7.812500e-02
 -2.265625e-01  -1.015625e-01   1.093750e-01
 -2.265625e-01  -8.593750e-02  -1.093750e-01
 -2.265625e-01  -8.593750e-02  -7.812500e-02
 -2.265625e-01  -8.593750e-02  -4.687500e-02
 -2.265625e-01  -8.593750e-02  -1.562500e-02
 -2.265625e-01  -8.593750e-02   1.562500e-02
 -2.265625e-01  -8.593750e-02   4.687500e-02
 -2.265625e-01  -8.593750e-02   7.812500e-02
 -2.265625e-01  -8.593750e-02   1.093750e-01
 -2.265625e-01  -7.031250e-02  -1.093750e-01
 -2.265625e-01  -7.031250e-02  -7.812500e-02
 -2.265625e-01  -7.031250e-02  -4.687500e-02
 -2.265625e-01  -7.031250e-02  -1.562500e-02
 -2.265625e-01  -7.031250e-02   1.562500e-02
 -2.265625e-01  -7.031250e-02   4.687500e-02
 -2.265625e-01  -7.031250e-02   7.812500e-02
 -2.265625e-01  -7.031250e-02   1.093750e-01
 -2.265625e-01  -5.468750e-02  -1.093750e-01
 -2.265625e-01  -5.468750e-02  -7.812500e-02
 -2.265625e-01  -5.468750e-02  -4.687500e-02
 -2.265625e-01  -5.468750e-02  -1.562500e-02
 -2.265625e-01  -5.468750e-02   1.562500e-02
 -2.265625e-01  -5.468750e-02   4.687500e-02
 -2.265625e-01  -5.468750e-02   7.812500e-02
 -2.265625e-01  -5.468750e-02   1.093750e-01
 -2.265625e-01  -3.906250e-02  -1.093750e-01
 -2.265625e-01  -3.906250e-02  -7.812500e-02
 -2.265625e-01  -3.906250e-02  -4.687500e-02
 -2.265625e-01  -3.906250e-02  -1.562500e-02
 -2.265625e-01  -3.906250e-02   1.562500e-02
 -2.265625e-01  -3.906250e-02   4.687500e-02
 -2.265625e-01  -3.906250e-02   7.812500e-02
 -2.265625e-01  -3.906250e-02   1.093750e-01
 -2.265625e-01  -2.343750e-02  -1.093750e-01
 -2.265625e-01  -2.343750e-02  -7.812500e-02
 -2.265625e-01  -2.343750e-02  -4.687500e-02
 -2.265625e-01  -2.343750e-02  -1.562500e-02
 -2.265625e-01  -2.343750e-02   1.562500e-02
 -2.265625e-01  -2.343750e-02   4.687500e-02
 -2.265625e-01  -2.343750e-02   7.812500e-02
 -2.265625e-01  -2.343750e-02   1.093750e-01
 -2.265625e-01  -7.812500e-03  -1.093750e-01
 -2.265625e-01  -7.812500e-03  -7.812500e-02
 -2.265625e-01  -7.812500e-03  -4.687500e-02
 -2.265625e-01  -7.812500e-03  -1.562500e-02
 -2.265625e-01  -7.812500e-03   1.562500e-02
 -2.265625e-01  -7.812500e-03   4.687500e-02
 -2.265625e-01  -7.812500e-03   7.812500e-02
 -2.265625e-01  -7.812500e-03   1.093750e-01
 -2.265625e-01   7.812500e-03  -1.093750e-01
 -2.265625e-01   7.812500e-03  -7.812500e-02
 -2.265625e-01   7.812500e-03  -4.687500e-02
 -2.265625e-01   7.812500e-03  -1.562500e-02
 -2.265625e-01   7.812500e-03   1.562500e-02
 -2.265625e-01   7.812500e-03   4.687500e-02
 -2.265625e-01   7.812500e-03   7.812500e-02
 -2.265625e-01   7.812500e-03   1.093750e-01
 -2.265625e-01   2.343750e-02  -1.093750e-01
 -2.265625e-01   2.343750e-02  -7.812500e-02
 -2.265625e-01   2.343750e-02  -4.687500e-02
 -2.265625e-01   2.343750e-02  -1.562500e-02
 -2.265625e-01   2.343750e-02   1.562500e-02
 -2.265625e-01   2.343750e-02   4.687500e-02
 -2.265625e-01   2.343750e-02   7.812500e-02
 -2.265625e-01   2.343750e-02   1.093750e-01
 -2.265625e-01   3.906250e-02  -1.093750e-01
 -2.265625e-01   3.906250e-02  -7.812500e-02
 -2.265625e-01   3.906250e-02  -4.687500e-02
 -2.265625e-01   3.906250e-02  -1.562500e-02
 -2.265625e-01   3.906250e-02   1.562500e-02
 -2.265625e-01   3.906250e-02   4.687500e-02
 -2.265625e-01   3.906250e-02   7.812500e-02
 -2.265625e-01   3.906250e-02   1.093750e-01
 -2.265625e-01   5.468750e-02  -1.093750e-01
 -2.265625e-01   5.468750e-02  -7.812500e-02
 -2.265625e-01   5.468750e-02  -4.687500e-02
 -2.265625e-01   5.468750e-02  -1.562500e-02
 -2.265625e-01   5.468750e-02   1.562500e-02
 -2.265625e-01   5.468750e-02   4.687500e-02
 -2.265625e-01   5.468750e-02   7.812500e-02
 -2.265625e-01   5.468750e-02   1.093750e-01
 -2.265625e-01   7.031250e-02  -1.093750e-01
 -2.265625e-01   7.031250e-02  -7.812500e-02
 -2.265625e-01   7.031250e-02  -4.687500e-02
 -2.265625e-01   7.031250e-02  -1.562500e-02
 -2.265625e-01   7.031250e-02   1.562500e-02
 -2.265625e-01   7.031250e-02   4.687500e-02
 -2.265625e-01   7.031250e-02   7.812500e-02
 -2.265625e-01   7.031250e-02   1.093750e-01
 -2.265625e-01   8.593750e-02  -1.093750e-01
 -2.265625e-01   8.593750e-02  -7.812500e-02
 -2.265625e-01   8.593750e-02  -4.687500e-02
 -2.265625e-01   8.593750e-02  -1.562500e-02
 -2.265625e-01   8.593750e-02   1.562500e-02
 -2.265625e-01   8.593750e-02   4.687500e-02
 -2.265625e-01   8.593750e-02   7.812500e-02
 -2.265625e-01   8.593750e-02   1.093750e-01
 -2.265625e-01   1.015625e-01  -1.093750e-01
 -2.265625e-01   1.015625e-01  -7.812500e-02
 -2.265625e-01   1.015625e-01  -4.687500e-02
 -2.265625e-01   1.015625e-01  -1.562500e-02
 -2.265625e-01   1.015625e-01   1.562500e-02
 -2.265625e-01   1.015625e-01   4.687500e-02
 -2.265625e-01   1.015625e-01   7.812500e-02
 -2.265625e-01   1.015625e-01   1.093750e-01
 -2.265625e-01   1.171875e-01  -1.093750e-01
 -2.265625e-01   1.171875e-01  -7.812500e-02
 -2.265625e-01   1.171875e-01  -4.687500e-02
 -2.265625e-01   1.171875e-01  -1.562500e-02
 -2.265625e-01   1.171875e-01   1.562500e-02
 -2.265625e-01   1.171875e-01   4.687500e-02
 -2.265625e-01   1.171875e-01   7.812500e-02
 -2.265625e-01   1.171875e-01   1.093750e-01
 -2.265625e-01   1.328125e-01  -1.093750e-01
 -2.265625e-01   1.328125e-01  -7.812500e-02
 -2.265625e-01   1.328125e-01  -4.687500e-02
 -2.265625e-01   1.328125e-01  -1.562500e-02
 -2.265625e-01   1.328125e-01   1.562500e-02
 -2.265625e-01   1.328125e-01   4.687500e-02
 -2.265625e-01   1.328125e-01   7.812500e-02
 -2.265625e-01   1.328125e-01   1.093750e-01
 -2.265625e-01   1.484375e-01  -1.093750e-01
 -2.265625e-01   1.484375e-01  -7.812500e-02
 -2.265625e-01   1.484375e-01  -4.687500e-02
 -2.265625e-01   1.484375e-01  -1.562500e-02
 -2.265625e-01   1.484375e-01   1.562500e-02
 -2.265625e-01   1.484375e-01   4.687500e-02
 -2.265625e-01   1.484375e-01   7.812500e-02
 -2.265625e-01   1.484375e-01   1.093750e-01
 -2.265625e-01   1.640625e-01  -1.093750e-01
 -2.265625e-01   1.640625e-01  -7.812500e-02
 -2.265625e-01   1.640625e-01  -4.687500e-02
 -2.265625e-01   1.640625e-01  -1.562500e-02
 -2.265625e-01   1.640625e-01   1.562500e-02
 -2.265625e-01   1.640625e-01   4.687500e-02
 -2.265625e-01   1.640625e-01   7.812500e-02
 -2.265625e-01   1.640625e-01   1.093750e-01
 -2.265625e-01   1.796875e-01  -1.093750e-01
 -2.265625e-01   1.796875e-01  -7.812500e-02
 -2.265625e-01   1.796875e-01  -4.687500e-02
 -2.265625e-01   1.796875e-01  -1.562500e-02
 -2.265625e-01   1.796875e-01   1.562500e-02
 -2.265625e-01   1.796875e-01   4.687500e-02
 -2.265625e-01   1.796875e-01   7.812500e-02
 -2.265625e-01   1.796875e-01   1.093750e-01
 -2.265625e-01   1.953125e-01  -1.093750e-01
 -2.265625e-01   1.953125e-01  -7.812500e-02
 -2.265625e-01   1.953125e-01  -4.687500e-02
 -2.265625e-01   1.953125e-01  -1.562500e-02
 -2.265625e-01   1.953125e-01   1.562500e-02
 -2.265625e-01   1.953125e-01   4.687500e-02
 -2.265625e-01   1.953125e-01   7.812500e-02
 -2.265625e-01   1.953125e-01   1.093750e-01
 -2.265625e-01   2.109375e-01  -1.093750e-01
 -2.265625e-01   2.109375e-01  -7.812500e-02
 -2.265625e-01   2.109375e-01  -4.687500e-02
 -2.265625e-01   2.109375e-01  -1.562500e-02
 -2.265625e-01   2.109375e-01   1.562500e-02
 -2.265625e-01   2.109375e-01   4.687500e-02
 -2.265625e-01   2.109375e-01   7.812500e-02
 -2.265625e-01   2.109375e-01   1.093750e-01
 -2.265625e-01   2.265625e-01  -1.093750e-01
 -2.265625e-01   2.265625e-01  -7.812500e-02
 -2.265625e-01   2.265625e-01  -4.687500e-02
 -2.265625e-01   2.265625e-01  -1.562500e-02
 -2.265625e-01   2.265625e-01   1.562500e-02
 -2.265625e-01   2.265625e-01   4.687500e-02
 -2.265625e-01   2.265625e-01   7.812500e-02
 -2.265625e-01   2.265625e-01   1.093750e-01
 -2.265625e-01   2.421875e-01  -1.093750e-01
 -2.265625e-01   2.421875e-01  -7.812500e-02
 -2.265625e-01   2.421875e-01  -4.687500e-02
 -2.265625e-01   2.421875e-01  -1.562500e-02
 -2.265625e-01   2.421875e-01   1.562500e-02
 -2.265625e-01   2.421875e-01   4.687500e-02
 -2.265625e-01   2.421875e-01   7.812500e-02
 -2.265625e-01   2.421875e-01   1.093750e-01
 -2.109375e-01  -2.421875e-01  -1.093750e-01
 -2.109375e-01  -2.421875e-01  -7.812500e-02
 -2.109375e-01  -2.421875e-01  -4.687500e-02
 -2.109375e-01  -2.421875e-01  -1.562500e-02
 -2.109375e-01  -2.421875e-01   1.562500e-02
 -2.109375e-01  -2.421875e-01   4.687500e-02
 -2.109375e-01  -2.421875e-01   7.812500e-02
 -2.109375e-01  -2.421875e-01   1.093750e-01
 -2.109375e-01  -2.265625e-01  -1.093750e-01
 -2.109375e-01  -2.265625e-01  -7.812500e-02
 -2.109375e-01  -2.265625e-01  -4.687500e-02
 -2.109375e-01  -2.265625e-01  -1.562500e-02
 -2.109375e-01  -2.265625e-01   1.562500e-02
 -2.109375e-01  -2.265625e-01   4.687500e-02
 -2.109375e-01  -2.265625e-01   7.812500e-02
 -2.109375e-01  -2.265625e-01   1.093750e-01
 -2.109375e-01  -2.109375e-01  -1.093750e-01
 -2.109375e-01  -2.109375e-01  -7.812500e-02
 -2.109375e-01  -2.109375e-01  -4.687500e-02
 -2.109375e-01  -2.109375e-01  -1.562500e-02
 -2.109375e-01  -2.109375e-01   1.562500e-02
 -2.109375e-01  -2.109375e-01   4.687500e-02
 -2.109375e-01  -2.109375e-01   7.812500e-02
 -2.109375e-01  -2.109375e-01   1.093750e-01
 -2.109375e-01  -1.953125e-01  -1.093750e-01
 -2.109375e-01  -1.953125e-01  -7.812500e-02
 -2.109375e-01  -1.953125e-01  -4.687500e-02
 -2.109375e-01  -1.953125e-01  -1.562500e-02
 -2.109375e-01  -1.953125e-01   1.562500e-02
 -2.109375e-01  -1.953125e-01   4.687500e-02
 -2.109375e-01  -1.953125e-01   7.812500e-02
 -2.109375e-01  -1.953125e-01   1.093750e-01
 -2.109375e-01  -1.796875e-01  -1.093750e-01
 -2.109375e-01  -1.796875e-01  -7.812500e-02
 -2.109375e-01  -1.796875e-01  -4.687500e-02
 -2.109375e-01  -1.796875e-01  -1.562500e-02
 -2.109375e-01  -1.796875e-01   1.562500e-02
 -2.109375e-01  -1.796875e-01   4.687500e-02
 -2.109375e-01  -1.796875e-01   7.812500e-02
 -2.109375e-01  -1.796875e-01   1.093750e-01
 -2.109375e-01  -1.640625e-01  -1.093750e-01
 -2.109375e-01  -1.640625e-01  -7.812500e-02
 -2.109375e-01  -1.640625e-01  -4.687500e-02
 -2.109375e-01  -1.640625e-01  -1.562500e-02
 -2.109375e-01  -1.640625e-01   1.562500e-02
 -2.109375e-01  -1.640625e-01   4.687500e-02
 -2.109375e-01  -1.640625e-01   7.812500e-02
 -2.109375e-01  -1.640625e-01   1.093750e-01
 -2.109375e-01  -1.484375e-01  -1.093750e-01
 -2.109375e-01  -1.484375e-01  -7.812500e-02
 -2.109375e-01  -1.484375e-01  -4.687500e-02
 -2.109375e-01  -1.484375e-01  -1.562500e-02
 -2.109375e-01  -1.484375e-01   1.562500e-02
 -2.109375e-01  -1.484375e-01   4.687500e-02
 -2.109375e-01  -1.484375e-01   7.812500e-02
 -2.109375e-01  -1.484375e-01   1.093750e-01
 -2.109375e-01  -1.328125e-01  -1.093750e-01
 -2.109375e-01  -1.328125e-01  -7.812500e-02
 -2.109375e-01  -1.328125e-01  -4.687500e-02
 -2.109375e-01  -1.328125e-01  -1.562500e-02
 -2.109375e-01  -1.328125e-01   1.562500e-02
 -2.109375e-01  -1.328125e-01   4.687500e-02
 -2.109375e-01  -1.328125e-01   7.812500e-02
 -2.109375e-01  -1.328125e-01   1.093750e-01
 -2.109375e-01  -1.171875e-01  -1.093750e-01
 -2.109375e-01  -1.171875e-01  -7.812500e-02
 -2.109375e-01  -1.171875e-01  -4.687500e-02
 -2.109375e-01  -1.171875e-01  -1.562500e-02
 -2.109375e-01  -1.171875e-01   1.562500e-02
 -2.109375e-01  -1.171875e-01   4.687500e-02
 -2.109375e-01  -1.171875e-01   7.812500e-02
 -2.109375e-01  -1.171875e-01   1.093750e-01
 -2.109375e-01  -1.015625e-01  -1.093750e-01
 -2.109375e-01  -1.015625e-01  -7.812500e-02
 -2.109375e-01  -1.015625e-01  -4.687500e-02
 -2.109375e-01  -1.015625e-01  -1.562500e-02
 -2.109375e-01  -1.015625e-01   1.562500e-02
 -2.109375e-01  -1.015625e-01   4.687500e-02
 -2.109375e-01  -1.015625e-01   7.812500e-02
 -2.109375e-01  -1.015625e-01   1.093750e-01
 -2.109375e-01  -8.593750e-02  -1.093750e-01
 -2.109375e-01  -8.593750e-02  -7.812500e-02
 -2.109375e-01  -8.593750e-02  -4.687500e-02
 -2.109375e-01  -8.593750e-02  -1.562500e-02
 -2.109375e-01  -8.593750e-02   1.562500e-02
 -2.109375e-01  -8.593750e-02   4.687500e-02
 -2.109375e-01  -8.593750e-02   7.812500e-02
 -2.109375e-01  -8.593750e-02   1.093750e-01
 -2.109375e-01  -7.031250e-02  -1.093750e-01
 -2.109375e-01  -7.031250e-02  -7.812500e-02
 -2.109375e-01  -7.031250e-02  -4.687500e-02
 -2.109375e-01  -7.031250e-02  -1.562500e-02
 -2.109375e-01  -7.031250e-02   1.562500e-02
 -2.109375e-01  -7.031250e-02   4.687500e-02
 -2.109375e-01  -7.031250e-02   7.812500e-02
 -2.109375e-01  -7.031250e-02   1.093750e-01
 -2.109375e-01  -5.468750e-02  -1.093750e-01
 -2.109375e-01  -5.468750e-02  -7.812500e-02
 -2.109375e-01  -5.468750e-02  -4.687500e-02
 -2.109375e-01  -5.468750e-02  -1.562500e-02
 -2.109375e-01  -5.468750e-02   1.562500e-02
 -2.109375e-01  -5.468750e-02   4.687500e-02
 -2.109375e-01  -5.468750e-02   7.812500e-02
 -2.109375e-01  -5.468750e-02   1.093750e-01
 -2.109375e-01  -3.906250e-02  -1.093750e-01
 -2.109375e-01  -3.906250e-02  -7.812500e-02
 -2.109375e-01  -3.906250e-02  -4.687500e-02
 -2.109375e-01  -3.906250e-02  -1.562500e-02
 -2.109375e-01  -3.906250e-02   1.562500e-02
 -2.109375e-01  -3.906250e-02   4.687500e-02
 -2.109375e-01  -3.906250e-02   7.812500e-02
 -2.109375e-01  -3.906250e-02   1.093750e-01
 -2.109375e-01  -2.343750e-02  -1.093750e-01
 -2.109375e-01  -2.343750e-02  -7.812500e-02
 -2.109375e-01  -2.343750e-02  -4.687500e-02
 -2.109375e-01  -2.343750e-02  -1.562500e-02
 -2.109375e-01  -2.343750e-02   1.562500e-02
 -2.109375e-01  -2.343750e-02   4.687500e-02
 -2.109375e-01  -2.343750e-02   7.812500e-02
 -2.109375e-01  -2.343750e-02   1.093750e-01
 -2.109375e-01  -7.812500e-03  -1.093750e-01
 -2.109375e-01  -7.812500e-03  -7.812500e-02
 -2.109375e-01  -7.812500e-03  -4.687500e-02
 -2.109375e-01  -7.812500e-03  -1.562500e-02
 -2.109375e-01  -7.812500e-03   1.562500e-02
 -2.109375e-01  -7.812500e-03   4.687500e-02
 -2.109375e-01  -7.812500e-03   7.812500e-02
 -2.109375e-01  -7.812500e-03   1.093750e-01
 -2.109375e-01   7.812500e-03  -1.093750e-01
 -2.109375e-01   7.812500e-03  -7.812500e-02
 -2.109375e-01   7.812500e-03  -4.687500e-02
 -2.109375e-01   7.812500e-03  -1.562500e-02
 -2.109375e-01   7.812500e-03   1.562500e-02
 -2.109375e-01   7.812500e-03   4.687500e-02
 -2.109375e-01   7.812500e-03   7.812500e-02
 -2.109375e-01   7.812500e-03   1.093750e-01
 -2.109375e-01   2.343750e-02  -1.093750e-01
 -2.109375e-01   2.343750e-02  -7.812500e-02
 -2.109375e-01   2.343750e-02  -4.687500e-02
 -2.109375e-01   2.343750e-02  -1.562500e-02
 -2.109375e-01   2.343750e-02   1.562500e-02
 -2.109375e-01   2.343750e-02   4.687500e-02
 -2.109375e-01   2.343750e-02   7.812500e-02
 -2.109375e-01   2.343750e-02   1.093750e-01
 -2.109375e-01   3.906250e-02  -1.093750e-01
 -2.109375e-01   3.906250e-02  -7.812500e-02
 -2.109375e-01   3.906250e-02  -4.687500e-02
 -2.109375e-01   3.906250e-02  -1.562500e-02
 -2.109375e-01   3.906250e-02   1.562500e-02
 -2.109375e-01   3.906250e-02   4.687500e-02
 -2.109375e-01   3.906250e-02   7.812500e-02
 -2.109375e-01   3.906250e-02   1.093750e-01
 -2.109375e-01   5.468750e-02  -1.093750e-01
 -2.109375e-01   5.468750e-02  -7.812500e-02
 -2.109375e-01   5.468750e-02  -4.687500e-02
 -2.109375e-01   5.468750e-02  -1.562500e-02
 -2.109375e-01   5.468750e-02   1.562500e-02
 -2.109375e-01   5.468750e-02   4.687500e-02
 -2.109375e-01   5.468750e-02   7.812500e-02
 -2.109375e-01   5.468750e-02   1.093750e-01
 -2.109375e-01   7.031250e-02  -1.093750e-01
 -2.109375e-01   7.031250e-02  -7.812500e-02
 -2.109375e-01   7.031250e-02  -4.687500e-02
 -2.109375e-01   7.031250e-02  -1.562500e-02
 -2.109375e-01   7.031250e-02   1.562500e-02
 -2.109375e-01   7.031250e-02   4.687500e-02
 -2.109375e-01   7.031250e-02   7.812500e-02
 -2.109375e-01   7.031250e-02   1.093750e-01
 -2.109375e-01   8.593750e-02  -1.093750e-01
 -2.109375e-01   8.593750e-02  -7.812500e-02
 -2.109375e-01   8.593750e-02  -4.687500e-02
 -2.109375e-01   8.593750e-02  -1.562500e-02
 -2.109375e-01   8.593750e-02   1.562500e-02
 -2.109375e-01   8.593750e-02   4.687500e-02
 -2.109375e-01   8.593750e-02   7.812500e-02
 -2.109375e-01   8.593750e-02   1.093750e-01
 -2.109375e-01   1.015625e-01  -1.093750e-01
 -2.109375e-01   1.015625e-01  -7.812500e-02
 -2.109375e-01   1.015625e-01  -4.687500e-02
 -2.109375e-01   1.015625e-01  -1.562500e-02
 -2.109375e-01   1.015625e-01   1.562500e-02
 -2.109375e-01   1.015625e-01   4.687500e-02
 -2.109375e-01   1.015625e-01   7.812500e-02
 -2.109375e-01   1.015625e-01   1.093750e-01
 -2.109375e-01   1.171875e-01  -1.093750e-01
 -2.109375e-01   1.171875e-01  -7.812500e-02
 -2.109375e-01   1.171875e-01  -4.687500e-02
 -2.109375e-01   1.171875e-01  -1.562500e-02
 -2.109375e-01   1.171875e-01   1.562500e-02
 -2.109375e-01   1.171875e-01   4.687500e-02
 -2.109375e-01   1.171875e-01   7.812500e-02
 -2.109375e-01   1.171875e-01   1.093750e-01
 -2.109375e-01   1.328125e-01  -1.093750e-01
 -2.109375e-01   1.328125e-01  -7.812500e-02
 -2.109375e-01   1.328125e-01  -4.687500e-02
 -2.109375e-01   1.328125e-01  -1.562500e-02
 -2.109375e-01   1.328125e-01   1.562500e-02
 -2.109375e-01   1.328125e-01   4.687500e-02
 -2.109375e-01   1.328125e-01   7.812500e-02
 -2.109375e-01   1.328125e-01   1.093750e-01
 -2.109375e-01   1.484375e-01  -1.093750e-01
 -2.109375e-01   1.484375e-01  -7.812500e-02
 -2.109375e-01   1.484375e-01  -4.687500e-02
 -2.109375e-01   1.484375e-01  -1.562500e-02
 -2.109375e-01   1.484375e-01   1.562500e-02
 -2.109375e-01   1.484375e-01   4.687500e-02
 -2.109375e-01   1.484375e-01   7.812500e-02
 -2.109375e-01   1.484375e-01   1.093750e-01
 -2.109375e-01   1.640625e-01  -1.093750e-01
 -2.109375e-01   1.640625e-01  -7.812500e-02
 -2.109375e-01   1.640625e-01  -4.687500e-02
 -2.109375e-01   1.640625e-01  -1.562500e-02
 -2.109375e-01   1.640625e-01   1.562500e-02
 -2.109375e-01   1.640625e-01   4.687500e-02
 -2.109375e-01   1.640625e-01   7.812500e-02
 -2.109375e-01   1.640625e-01   1.093750e-01
 -2.109375e-01   1.796875e-01  -1.093750e-01
 -2.109375e-01   1.796875e-01  -7.812500e-02
 -2.109375e-01   1.796875e-01  -4.687500e-02
 -2.109375e-01   1.796875e-01  -1.562500e-02
 -2.109375e-01   1.796875e-01   1.562500e-02
 -2.109375e-01   1.796875e-01   4.687500e-02
 -2.109375e-01   1.796875e-01   7.812500e-02
 -2.109375e-01   1.796875e-01   1.093750e-01
 -2.109375e-01   1.953125e-01  -1.093750e-01
 -2.109375e-01   1.953125e-01  -7.812500e-02
 -2.109375e-01   1.953125e-01  -4.687500e-02
 -2.109375e-01   1.953125e-01  -1.562500e-02
 -2.109375e-01   1.953125e-01   1.562500e-02
 -2.109375e-01   1.953125e-01   4.687500e-02
 -2.109375e-01   1.953125e-01   7.812500e-02
 -2.109375e-01   1.953125e-01   1.093750e-01
 -2.109375e-01   2.109375e-01  -1.093750e-01
 -2.109375e-01   2.109375e-01  -7.812500e-02
 -2.109375e-01   2.109375e-01  -4.687500e-02
 -2.109375e-01   2.109375e-01  -1.562500e-02
 -2.109375e-01   2.109375e-01   1.562500e-02
 -2.109375e-01   2.109375e-01   4.687500e-02
 -2.109375e-01   2.109375e-01   7.812500e-02
 -2.109375e-01   2.109375e-01   1.093750e-01
 -2.109375e-01   2.265625e-01  -1.093750e-01
 -2.109375e-01   2.265625e-01  -7.812500e-02
 -2.109375e-01   2.265625e-01  -4.687500e-02
 -2.109375e-01   2.265625e-01  -1.562500e-02
 -2.109375e-01   2.265625e-01   1.562500e-02
 -2.109375e-01   2.265625e-01   4.687500e-02
 -2.109375e-01   2.265625e-01   7.812500e-02
 -2.109375e-01   2.265625e-01   1.093750e-01
 -2.109375e-01   2.421875e-01  -1.093750e-01
 -2.109375e-01   2.421875e-01  -7.812500e-02
 -2.109375e-01   2.421875e-01  -4.687500e-02
 -2.109375e-01   2.421875e-01  -1.562500e-02
 -2.109375e-01   2.421875e-01   1.562500e-02
 -2.109375e-01   2.421875e-01   4.687500e-02
 -2.109375e-01   2.421875e-01   7.812500e-02
 -2.109375e-01   2.421875e-01   1.093750e-01
 -1.953125e-01  -2.421875e-01  -1.093750e-01
 -1.953125e-01  -2.421875e-01  -7.812500e-02
 -1.953125e-01  -2.421875e-01  -4.687500e-02
 -1.953125e-01  -2.421875e-01  -1.562500e-02
 -1.953125e-01  -2.421875e-01   1.562500e-02
 -1.953125e-01  -2.421875e-01   4.687500e-02
 -1.953125e-01  -2.421875e-01   7.812500e-02
 -1.953125e-01  -2.421875e-01   1.093750e-01
 -1.953125e-01  -2.265625e-01  -1.093750e-01
 -1.953125e-01  -2.265625e-01  -7.812500e-02
 -1.953125e-01  -2.265625e-01  -4.687500e-02
 -1.953125e-01  -2.265625e-01  -1.562500e-02
 -1.953125e-01  -2.265625e-01   1.562500e-02
 -1.953125e-01  -2.265625e-01   4.687500e-02
 -1.953125e-01  -2.265625e-01   7.812500e-02
 -1.953125e-01  -2.265625e-01   1.093750e-01
 -1.953125e-01  -2.109375e-01  -1.093750e-01
 -1.953125e-01  -2.109375e-01  -7.812500e-02
 -1.953125e-01  -2.109375e-01  -4.687500e-02
 -1.953125e-01  -2.109375e-01  -1.562500e-02
 -1.953125e-01  -2.109375e-01   1.562500e-02
 -1.953125e-01  -2.109375e-01   4.687500e-02
 -1.953125e-01  -2.109375e-01   7.812500e-02
 -1.953125e-01  -2.109375e-01   1.093750e-01
 -1.953125e-01  -1.953125e-01  -1.093750e-01
 -1.953125e-01  -1.953125e-01  -7.812500e-02
 -1.953125e-01  -1.953125e-01  -4.687500e-02
 -1.953125e-01  -1.953125e-01  -1.562500e-02
 -1.953125e-01  -1.953125e-01   1.562500e-02
 -1.953125e-01  -1.953125e-01   4.687500e-02
 -1.953125e-01  -1.953125e-01   7.812500e-02
 -1.953125e-01  -1.953125e-01   1.093750e-01
 -1.953125e-01  -1.796875e-01  -1.093750e-01
 -1.953125e-01  -1.796875e-01  -7.812500e-02
 -1.953125e-01  -1.796875e-01  -4.687500e-02
 -1.953125e-01  -1.796875e-01  -1.562500e-02
 -1.953125e-01  -1.796875e-01   1.562500e-02
 -1.953125e-01  -1.796875e-01   4.687500e-02
 -1.953125e-01  -1.796875e-01   7.812500e-02
 -1.953125e-01  -1.796875e-01   1.093750e-01
 -1.953125e-01  -1.640625e-01  -1.093750e-01
 -1.953125e-01  -1.640625e-01  -7.812500e-02
 -1.953125e-01  -1.640625e-01  -4.687500e-02
 -1.953125e-01  -1.640625e-01  -1.562500e-02
 -1.953125e-01  -1.640625e-01   1.562500e-02
 -1.953125e-01  -1.640625e-01   4.687500e-02
 -1.953125e-01  -1.640625e-01   7.812500e-02
 -1.953125e-01  -1.640625e-01   1.093750e-01
 -1.953125e-01  -1.484375e-01  -1.093750e-01
 -1.953125e-01  -1.484375e-01  -7.812500e-02
 -1.953125e-01  -1.484375e-01  -4.687500e-02
 -1.953125e-01  -1.484375e-01  -1.562500e-02
 -1.953125e-01  -1.484375e-01   1.562500e-02
 -1.953125e-01  -1.484375e-01   4.687500e-02
 -1.953125e-01  -1.484375e-01   7.812500e-02
 -1.953125e-01  -1.484375e-01   1.093750e-01
 -1.953125e-01  -1.328125e-01  -1.093750e-01
 -1.953125e-01  -1.328125e-01  -7.812500e-02
 -1.953125e-01  -1.328125e-01  -4.687500e-02
 -1.953125e-01  -1.328125e-01  -1.562500e-02
 -1.953125e-01  -1.328125e-01   1.562500e-02
 -1.953125e-01  -1.328125e-01   4.687500e-02
 -1.953125e-01  -1.328125e-01   7.812500e-02
 -1.953125e-01  -1.328125e-01   1.093750e-01
 -1.953125e-01  -1.171875e-01  -1.093750e-01
 -1.953125e-01  -1.171875e-01  -7.812500e-02
 -1.953125e-01  -1.171875e-01  -4.687500e-02
 -1.953125e-01  -1.171875e-01  -1.562500e-02
 -1.953125e-01  -1.171875e-01   1.562500e-02
 -1.953125e-01  -1.171875e-01   4.687500e-02
 -1.953125e-01  -1.171875e-01   7.812500e-02
 -1.953125e-01  -1.171875e-01   1.093750e-01
 -1.953125e-01  -1.015625e-01  -1.093750e-01
 -1.953125e-01  -1.015625e-01  -7.812500e-02
 -1.953125e-01  -1.015625e-01  -4.687500e-02
 -1.953125e-01  -1.015625e-01  -1.562500e-02
 -1.953125e-01  -1.015625e-01   1.562500e-02
 -1.953125e-01  -1.015625e-01   4.687500e-02
 -1.953125e-01  -1.015625e-01   7.812500e-02
 -1.953125e-01  -1.015625e-01   1.093750e-01
 -1.953125e-01  -8.593750e-02  -1.093750e-01
 -1.953125e-01  -8.593750e-02  -7.812500e-02
 -1.953125e-01  -8.593750e-02  -4.687500e-02
 -1.953125e-01  -8.593750e-02  -1.562500e-02
 -1.953125e-01  -8.593750e-02   1.562500e-02
 -1.953125e-01  -8.593750e-02   4.687500e-02
 -1.953125e-01  -8.593750e-02   7.812500e-02
 -1.953125e-01  -8.593750e-02   1.093750e-01
 -1.953125e-01  -7.031250e-02  -1.093750e-01
 -1.953125e-01  -7.031250e-02  -7.812500e-02
 -1.953125e-01  -7.031250e-02  -4.687500e-02
 -1.953125e-01  -7.031250e-02  -1.562500e-02
 -1.953125e-01  -7.031250e-02   1.562500e-02
 -1.953125e-01  -7.031250e-02   4.687500e-02
 -1.953125e-01  -7.031250e-02   7.812500e-02
 -1.953125e-01  -7.031250e-02   1.093750e-01
 -1.953125e-01  -5.468750e-02  -1.093750e-01
 -1.953125e-01  -5.468750e-02  -7.812500e-02
 -1.953125e-01  -5.468750e-02  -4.687500e-02
 -1.953125e-01  -5.468750e-02  -1.562500e-02
 -1.953125e-01  -5.468750e-02   1.562500e-02
 -1.953125e-01  -5.468750e-02   4.687500e-02
 -1.953125e-01  -5.468750e-02   7.812500e-02
 -1.953125e-01  -5.468750e-02   1.093750e-01
 -1.953125e-01  -3.906250e-02  -1.093750e-01
 -1.953125e-01  -3.906250e-02  -7.812500e-02
 -1.953125e-01  -3.906250e-02  -4.687500e-02
 -1.953125e-01  -3.906250e-02  -1.562500e-02
 -1.953125e-01  -3.906250e-02   1.562500e-02
 -1.953125e-01  -3.906250e-02   4.687500e-02
 -1.953125e-01  -3.906250e-02   7.812500e-02
 -1.953125e-01  -3.906250e-02   1.093750e-01
 -1.953125e-01  -2.343750e-02  -1.093750e-01
 -1.953125e-01  -2.343750e-02  -7.812500e-02
 -1.953125e-01  -2.343750e-02  -4.687500e-02
 -1.953125e-01  -2.343750e-02  -1.562500e-02
 -1.953125e-01  -2.343750e-02   1.562500e-02
 -1.953125e-01  -2.343750e-02   4.687500e-02
 -1.953125e-01  -2.343750e-02   7.812500e-02
 -1.953125e-01  -2.343750e-02   1.093750e-01
 -1.953125e-01  -7.812500e-03  -1.093750e-01
 -1.953125e-01  -7.812500e-03  -7.812500e-02
 -1.953125e-01  -7.812500e-03  -4.687500e-02
 -1.953125e-01  -7.812500e-03  -1.562500e-02
 -1.953125e-01  -7.812500e-03   1.562500e-02
 -1.953125e-01  -7.812500e-03   4.687500e-02
 -1.953125e-01  -7.812500e-03   7.812500e-02
 -1.953125e-01  -7.812500e-03   1.093750e-01
 -1.953125e-01   7.812500e-03  -1.093750e-01
 -1.953125e-01   7.812500e-03  -7.812500e-02
 -1.953125e-01   7.812500e-03  -4.687500e-02
 -1.953125e-01   7.812500e-03  -1.562500e-02
 -1.953125e-01   7.812500e-03   1.562500e-02
 -1.953125e-01   7.812500e-03   4.687500e-02
 -1.953125e-01   7.812500e-03   7.812500e-02
 -1.953125e-01   7.812500e-03   1.093750e-01
 -1.953125e-01   2.343750e-02  -1.093750e-01
 -1.953125e-01   2.343750e-02  -7.812500e-02
 -1.953125e-01   2.343750e-02  -4.687500e-02
 -1.953125e-01   2.343750e-02  -1.562500e-02
 -1.953125e-01   2.343750e-02   1.562500e-02
 -1.953125e-01   2.343750e-02   4.687500e-02
 -1.953125e-01   2.343750e-02   7.812500e-02
 -1.953125e-01   2.343750e-02   1.093750e-01
 -1.953125e-01   3.906250e-02  -1.093750e-01
 -1.953125e-01   3.906250e-02  -7.812500e-02
 -1.953125e-01   3.906250e-02  -4.687500e-02
 -1.953125e-01   3.906250e-02  -1.562500e-02
 -1.953125e-01   3.906250e-02   1.562500e-02
 -1.953125e-01   3.906250e-02   4.687500e-02
 -1.953125e-01   3.906250e-02   7.812500e-02
 -1.953125e-01   3.906250e-02   1.093750e-01
 -1.953125e-01   5.468750e-02  -1.093750e-01
 -1.953125e-01   5.468750e-02  -7.812500e-02
 -1.953125e-01   5.468750e-02  -4.687500e-02
 -1.953125e-01   5.468750e-02  -1.562500e-02
 -1.953125e-01   5.468750e-02   1.562500e-02
 -1.953125e-01   5.468750e-02   4.687500e-02
 -1.953125e-01   5.468750e-02   7.812500e-02
 -1.953125e-01   5.468750e-02   1.093750e-01
 -1.953125e-01   7.031250e-02  -1.093750e-01
 -1.953125e-01   7.031250e-02  -7.812500e-02
 -1.953125e-01   7.031250e-02  -4.687500e-02
 -1.953125e-01   7.031250e-02  -1.562500e-02
 -1.953125e-01   7.031250e-02   1.562500e-02
 -1.953125e-01   7.031250e-02   4.687500e-02
 -1.953125e-01   7.031250e-02   7.812500e-02
 -1.953125e-01   7.031250e-02   1.093750e-01
 -1.953125e-01   8.593750e-02  -1.093750e-01
 -1.953125e-01   8.593750e-02  -7.812500e-02
 -1.953125e-01   8.593750e-02  -4.687500e-02
 -1.953125e-01   8.593750e-02  -1.562500e-02
 -1.953125e-01   8.593750e-02   1.562500e-02
 -1.953125e-01   8.593750e-02   4.687500e-02
 -1.953125e-01   8.593750e-02   7.812500e-02
 -1.953125e-01   8.593750e-02   1.093750e-01
 -1.953125e-01   1.015625e-01  -1.093750e-01
 -1.953125e-01   1.015625e-01  -7.812500e-02
 -1.953125e-01   1.015625e-01  -4.687500e-02
 -1.953125e-01   1.015625e-01  -1.562500e-02
 -1.953125e-01   1.015625e-01   1.562500e-02
 -1.953125e-01   1.015625e-01   4.687500e-02
 -1.953125e-01   1.015625e-01   7.812500e-02
 -1.953125e-01   1.015625e-01   1.093750e-01
 -1.953125e-01   1.171875e-01  -1.093750e-01
 -1.953125e-01   1.171875e-01  -7.812500e-02
 -1.953125e-01   1.171875e-01  -4.687500e-02
 -1.953125e-01   1.171875e-01  -1.562500e-02
 -1.953125e-01   1.171875e-01   1.562500e-02
 -1.953125e-01   1.171875e-01   4.687500e-02
 -1.953125e-01   1.171875e-01   7.812500e-02
 -1.953125e-01   1.171875e-01   1.093750e-01
 -1.953125e-01   1.328125e-01  -1.093750e-01
 -1.953125e-01   1.328125e-01  -7.812500e-02
 -1.953125e-01   1.328125e-01  -4.687500e-02
 -1.953125e-01   1.328125e-01  -1.562500e-02
 -1.953125e-01   1.328125e-01   1.562500e-02
 -1.953125e-01   1.328125e-01   4.687500e-02
 -1.953125e-01   1.328125e-01   7.812500e-02
 -1.953125e-01   1.328125e-01   1.093750e-01
 -1.953125e-01   1.484375e-01  -1.093750e-01
 -1.953125e-01   1.484375e-01  -7.812500e-02
 -1.953125e-01   1.484375e-01  -4.687500e-02
 -1.953125e-01   1.484375e-01  -1.562500e-02
 -1.953125e-01   1.484375e-01   1.562500e-02
 -1.953125e-01   1.484375e-01   4.687500e-02
 -1.953125e-01   1.484375e-01   7.812500e-02
 -1.953125e-01   1.484375e-01   1.093750e-01
 -1.953125e-01   1.640625e-01  -1.093750e-01
 -1.953125e-01   1.640625e-01  -7.812500e-02
 -1.953125e-01   1.640625e-01  -4.687500e-02
 -1.953125e-01   1.640625e-01  -1.562500e-02
 -1.953125e-01   1.640625e-01   1.562500e-02
 -1.953125e-01   1.640625e-01   4.687500e-02
 -1.953125e-01   1.640625e-01   7.812500e-02
 -1.953125e-01   1.640625e-01   1.093750e-01
 -1.953125e-01   1.796875e-01  -1.093750e-01
 -1.953125e-01   1.796875e-01  -7.812500e-02
 -1.953125e-01   1.796875e-01  -4.687500e-02
 -1.953125e-01   1.796875e-01  -1.562500e-02
 -1.953125e-01   1.796875e-01   1.562500e-02
 -1.953125e-01   1.796875e-01   4.687500e-02
 -1.953125e-01   1.796875e-01   7.812500e-02
 -1.953125e-01   1.796875e-01   1.093750e-01
 -1.953125e-01   1.953125e-01  -1.093750e-01
 -1.953125e-01   1.953125e-01  -7.812500e-02
 -1.953125e-01   1.953125e-01  -4.687500e-02
 -1.953125e-01   1.953125e-01  -1.562500e-02
 -1.953125e-01   1.953125e-01   1.562500e-02
 -1.953125e-01   1.953125e-01   4.687500e-02
 -1.953125e-01   1.953125e-01   7.812500e-02
 -1.953125e-01   1.953125e-01   1.093750e-01
 -1.953125e-01   2.109375e-01  -1.093750e-01
 -1.953125e-01   2.109375e-01  -7.812500e-02
 -1.953125e-01   2.109375e-01  -4.687500e-02
 -1.953125e-01   2.109375e-01  -1.562500e-02
 -1.953125e-01   2.109375e-01   1.562500e-02
 -1.953125e-01   2.109375e-01   4.687500e-02
 -1.953125e-01   2.109375e-01   7.812500e-02
 -1.953125e-01   2.109375e-01   1.093750e-01
 -1.953125e-01   2.265625e-01  -1.093750e-01
 -1.953125e-01   2.265625e-01  -7.812500e-02
 -1.953125e-01   2.265625e-01  -4.687500e-02
 -1.953125e-01   2.265625e-01  -1.562500e-02
 -1.953125e-01   2.265625e-01   1.562500e-02
 -1.953125e-01   2.265625e-01   4.687500e-02
 -1.953125e-01   2.265625e-01   7.812500e-02
 -1.953125e-01   2.265625e-01   1.093750e-01
 -1.953125e-01   2.421875e-01  -1.093750e-01
 -1.953125e-01   2.421875e-01  -7.812500e-02
 -1.953125e-01   2.421875e-01  -4.687500e-02
 -1.953125e-01   2.421875e-01  -1.562500e-02
 -1.953125e-01   2.421875e-01   1.562500e-02
 -1.953125e-01   2.421875e-01   4.687500e-02
 -1.953125e-01   2.421875e-01   7.812500e-02
 -1.953125e-01   2.421875e-01   1.093750e-01
 -1.796875e-01  -2.421875e-01  -1.093750e-01
 -1.796875e-01  -2.421875e-01  -7.812500e-02
 -1.796875e-01  -2.421875e-01  -4.687500e-02
 -1.796875e-01  -2.421875e-01  -1.562500e-02
 -1.796875e-01  -2.421875e-01   1.562500e-02
 -1.796875e-01  -2.421875e-01   4.687500e-02
 -1.796875e-01  -2.421875e-01   7.812500e-02
 -1.796875e-01  -2.421875e-01   1.093750e-01
 -1.796875e-01  -2.265625e-01  -1.093750e-01
 -1.796875e-01  -2.265625e-01  -7.812500e-02
 -1.796875e-01  -2.265625e-01  -4.687500e-02
 -1.796875e-01  -2.265625e-01  -1.562500e-02
 -1.796875e-01  -2.265625e-01   1.562500e-02
 -1.796875e-01  -2.265625e-01   4.687500e-02
 -1.796875e-01  -2.265625e-01   7.812500e-02
 -1.796875e-01  -2.265625e-01   1.093750e-01
 -1.796875e-01  -2.109375e-01  -1.093750e-01
 -1.796875e-01  -2.109375e-01  -7.812500e-02
 -1.796875e-01  -2.109375e-01  -4.687500e-02
 -1.796875e-01  -2.109375e-01  -1.562500e-02
 -1.796875e-01  -2.109375e-01   1.562500e-02
 -1.796875e-01  -2.109375e-01   4.687500e-02
 -1.796875e-01  -2.109375e-01   7.812500e-02
 -1.796875e-01  -2.109375e-01   1.093750e-01
 -1.796875e-01  -1.953125e-01  -1.093750e-01
 -1.796875e-01  -1.953125e-01  -7.812500e-02
 -1.796875e-01  -1.953125e-01  -4.687500e-02
 -1.796875e-01  -1.953125e-01  -1.562500e-02
 -1.796875e-01  -1.953125e-01   1.562500e-02
 -1.796875e-01  -1.953125e-01   4.687500e-02
 -1.796875e-01  -1.953125e-01   7.812500e-02
 -1.796875e-01  -1.953125e-01   1.093750e-01
 -1.796875e-01  -1.796875e-01  -1.093750e-01
 -1.796875e-01  -1.796875e-01  -7.812500e-02
 -1.796875e-01  -1.796875e-01  -4.687500e-02
 -1.796875e-01  -1.796875e-01  -1.562500e-02
 -1.796875e-01  -1.796875e-01   1.562500e-02
 -1.796875e-01  -1.796875e-01   4.687500e-02
 -1.796875e-01  -1.796875e-01   7.812500e-02
 -1.796875e-01  -1.796875e-01   1.093750e-01
 -1.796875e-01  -1.640625e-01  -1.093750e-01
 -1.796875e-01  -1.640625e-01  -7.812500e-02
 -1.796875e-01  -1.640625e-01  -4.687500e-02
 -1.796875e-01  -1.640625e-01  -1.562500e-02
 -1.796875e-01  -1.640625e-01   1.562500e-02
 -1.796875e-01  -1.640625e-01   4.687500e-02
 -1.796875e-01  -1.640625e-01   7.812500e-02
 -1.796875e-01  -1.640625e-01   1.093750e-01
 -1.796875e-01  -1.484375e-01  -1.093750e-01
 -1.796875e-01  -1.484375e-01  -7.812500e-02
 -1.796875e-01  -1.484375e-01  -4.687500e-02
 -1.796875e-01  -1.484375e-01  -1.562500e-02
 -1.796875e-01  -1.484375e-01   1.562500e-02
 -1.796875e-01  -1.484375e-01   4.687500e-02
 -1.796875e-01  -1.484375e-01   7.812500e-02
 -1.796875e-01  -1.484375e-01   1.093750e-01
 -1.796875e-01  -1.328125e-01  -1.093750e-01
 -1.796875e-01  -1.328125e-01  -7.812500e-02
 -1.796875e-01  -1.328125e-01  -4.687500e-02
 -1.796875e-01  -1.328125e-01  -1.562500e-02
 -1.796875e-01  -1.328125e-01   1.562500e-02
 -1.796875e-01  -1.328125e-01   4.687500e-02
 -1.796875e-01  -1.328125e-01   7.812500e-02
 -1.796875e-01  -1.328125e-01   1.093750e-01
 -1.796875e-01  -1.171875e-01  -1.093750e-01
 -1.796875e-01  -1.171875e-01  -7.812500e-02
 -1.796875e-01  -1.171875e-01  -4.687500e-02
 -1.796875e-01  -1.171875e-01  -1.562500e-02
 -1.796875e-01  -1.171875e-01   1.562500e-02
 -1.796875e-01  -1.171875e-01   4.687500e-02
 -1.796875e-01  -1.171875e-01   7.812500e-02
 -1.796875e-01  -1.171875e-01   1.093750e-01
 -1.796875e-01  -1.015625e-01  -1.093750e-01
 -1.796875e-01  -1.015625e-01  -7.812500e-02
 -1.796875e-01  -1.015625e-01  -4.687500e-02
 -1.796875e-01  -1.015625e-01  -1.562500e-02
 -1.796875e-01  -1.015625e-01   1.562500e-02
 -1.796875e-01  -1.015625e-01   4.687500e-02
 -1.796875e-01  -1.015625e-01   7.812500e-02
 -1.796875e-01  -1.015625e-01   1.093750e-01
 -1.796875e-01  -8.593750e-02  -1.093750e-01
 -1.796875e-01  -8.593750e-02  -7.812500e-02
 -1.796875e-01  -8.593750e-02  -4.687500e-02
 -1.796875e-01  -8.593750e-02  -1.562500e-02
 -1.796875e-01  -8.593750e-02   1.562500e-02
 -1.796875e-01  -8.593750e-02   4.687500e-02
 -1.796875e-01  -8.593750e-02   7.812500e-02
 -1.796875e-01  -8.593750e-02   1.093750e-01
 -1.796875e-01  -7.031250e-02  -1.093750e-01
 -1.796875e-01  -7.031250e-02  -7.812500e-02
 -1.796875e-01  -7.031250e-02  -4.687500e-02
 -1.796875e-01  -7.031250e-02  -1.562500e-02
 -1.796875e-01  -7.031250e-02   1.562500e-02
 -1.796875e-01  -7.031250e-02   4.687500e-02
 -1.796875e-01  -7.031250e-02   7.812500e-02
 -1.796875e-01  -7.031250e-02   1.093750e-01
 -1.796875e-01  -5.468750e-02  -1.093750e-01
 -1.796875e-01  -5.468750e-02  -7.812500e-02
 -1.796875e-01  -5.468750e-02  -4.687500e-02
 -1.796875e-01  -5.468750e-02  -1.562500e-02
 -1.796875e-01  -5.468750e-02   1.562500e-02
 -1.796875e-01  -5.468750e-02   4.687500e-02
 -1.796875e-01  -5.468750e-02   7.812500e-02
 -1.796875e-01  -5.468750e-02   1.093750e-01
 -1.796875e-01  -3.906250e-02  -1.093750e-01
 -1.796875e-01  -3.906250e-02  -7.812500e-02
 -1.796875e-01  -3.906250e-02  -4.687500e-02
 -1.796875e-01  -3.906250e-02  -1.562500e-02
 -1.796875e-01  -3.906250e-02   1.562500e-02
 -1.796875e-01  -3.906250e-02   4.687500e-02
 -1.796875e-01  -3.906250e-02   7.812500e-02
 -1.796875e-01  -3.906250e-02   1.093750e-01
 -1.796875e-01  -2.343750e-02  -1.093750e-01
 -1.796875e-01  -2.343750e-02  -7.812500e-02
 -1.796875e-01  -2.343750e-02  -4.687500e-02
 -1.796875e-01  -2.343750e-02  -1.562500e-02
 -1.796875e-01  -2.343750e-02   1.562500e-02
 -1.796875e-01  -2.343750e-02   4.687500e-02
 -1.796875e-01  -2.343750e-02   7.812500e-02
 -1.796875e-01  -2.343750e-02   1.093750e-01
 -1.796875e-01  -7.812500e-03  -1.093750e-01
 -1.796875e-01  -7.812500e-03  -7.812500e-02
 -1.796875e-01  -7.812500e-03  -4.687500e-02
 -1.796875e-01  -7.812500e-03  -1.562500e-02
 -1.796875e-01  -7.812500e-03   1.562500e-02
 -1.796875e-01  -7.812500e-03   4.687500e-02
 -1.796875e-01  -7.812500e-03   7.812500e-02
 -1.796875e-01  -7.812500e-03   1.093750e-01
 -1.796875e-01   7.812500e-03  -1.093750e-01
 -1.796875e-01   7.812500e-03  -7.812500e-02
 -1.796875e-01   7.812500e-03  -4.687500e-02
 -1.796875e-01   7.812500e-03  -1.562500e-02
 -1.796875e-01   7.812500e-03   1.562500e-02
 -1.796875e-01   7.812500e-03   4.687500e-02
 -1.796875e-01   7.812500e-03   7.812500e-02
 -1.796875e-01   7.812500e-03   1.093750e-01
 -1.796875e-01   2.343750e-02  -1.093750e-01
 -1.796875e-01   2.343750e-02  -7.812500e-02
 -1.796875e-01   2.343750e-02  -4.687500e-02
 -1.796875e-01   2.343750e-02  -1.562500e-02
 -1.796875e-01   2.343750e-02   1.562500e-02
 -1.796875e-01   2.343750e-02   4.687500e-02
 -1.796875e-01   2.343750e-02   7.812500e-02
 -1.796875e-01   2.343750e-02   1.093750e-01
 -1.796875e-01   3.906250e-02  -1.093750e-01
 -1.796875e-01   3.906250e-02  -7.812500e-02
 -1.796875e-01   3.906250e-02  -4.687500e-02
 -1.796875e-01   3.906250e-02  -1.562500e-02
 -1.796875e-01   3.906250e-02   1.562500e-02
 -1.796875e-01   3.906250e-02   4.687500e-02
 -1.796875e-01   3.906250e-02   7.812500e-02
 -1.796875e-01   3.906250e-02   1.093750e-01
 -1.796875e-01   5.468750e-02  -1.093750e-01
 -1.796875e-01   5.468750e-02  -7.812500e-02
 -1.796875e-01   5.468750e-02  -4.687500e-02
 -1.796875e-01   5.468750e-02  -1.562500e-02
 -1.796875e-01   5.468750e-02   1.562500e-02
 -1.796875e-01   5.468750e-02   4.687500e-02
 -1.796875e-01   5.468750e-02   7.812500e-02
 -1.796875e-01   5.468750e-02   1.093750e-01
 -1.796875e-01   7.031250e-02  -1.093750e-01
 -1.796875e-01   7.031250e-02  -7.812500e-02
 -1.796875e-01   7.031250e-02  -4.687500e-02
 -1.796875e-01   7.031250e-02  -1.562500e-02
 -1.796875e-01   7.031250e-02   1.562500e-02
 -1.796875e-01   7.031250e-02   4.687500e-02
 -1.796875e-01   7.031250e-02   7.812500e-02
 -1.796875e-01   7.031250e-02   1.093750e-01
 -1.796875e-01   8.593750e-02  -1.093750e-01
 -1.796875e-01   8.593750e-02  -7.812500e-02
 -1.796875e-01   8.593750e-02  -4.687500e-02
 -1.796875e-01   8.593750e-02  -1.562500e-02
 -1.796875e-01   8.593750e-02   1.562500e-02
 -1.796875e-01   8.593750e-02   4.687500e-02
 -1.796875e-01   8.593750e-02   7.812500e-02
 -1.796875e-01   8.593750e-02   1.093750e-01
 -1.796875e-01   1.015625e-01  -1.093750e-01
 -1.796875e-01   1.015625e-01  -7.812500e-02
 -1.796875e-01   1.015625e-01  -4.687500e-02
 -1.796875e-01   1.015625e-01  -1.562500e-02
 -1.796875e-01   1.015625e-01   1.562500e-02
 -1.796875e-01   1.015625e-01   4.687500e-02
 -1.796875e-01   1.015625e-01   7.812500e-02
 -1.796875e-01   1.015625e-01   1.093750e-01
 -1.796875e-01   1.171875e-01  -1.093750e-01
 -1.796875e-01   1.171875e-01  -7.812500e-02
 -1.796875e-01   1.171875e-01  -4.687500e-02
 -1.796875e-01   1.171875e-01  -1.562500e-02
 -1.796875e-01   1.171875e-01   1.562500e-02
 -1.796875e-01   1.171875e-01   4.687500e-02
 -1.796875e-01   1.171875e-01   7.812500e-02
 -1.796875e-01   1.171875e-01   1.093750e-01
 -1.796875e-01   1.328125e-01  -1.093750e-01
 -1.796875e-01   1.328125e-01  -7.812500e-02
 -1.796875e-01   1.328125e-01  -4.687500e-02
 -1.796875e-01   1.328125e-01  -1.562500e-02
 -1.796875e-01   1.328125e-01   1.562500e-02
 -1.796875e-01   1.328125e-01   4.687500e-02
 -1.796875e-01   1.328125e-01   7.812500e-02
 -1.796875e-01   1.328125e-01   1.093750e-01
 -1.796875e-01   1.484375e-01  -1.093750e-01
 -1.796875e-01   1.484375e-01  -7.812500e-02
 -1.796875e-01   1.484375e-01  -4.687500e-02
 -1.796875e-01   1.484375e-01  -1.562500e-02
 -1.796875e-01   1.484375e-01   1.562500e-02
 -1.796875e-01   1.484375e-01   4.687500e-02
 -1.796875e-01   1.484375e-01   7.812500e-02
 -1.796875e-01   1.484375e-01   1.093750e-01
 -1.796875e-01   1.640625e-01  -1.093750e-01
 -1.796875e-01   1.640625e-01  -7.812500e-02
 -1.796875e-01   1.640625e-01  -4.687500e-02
 -1.796875e-01   1.640625e-01  -1.562500e-02
 -1.796875e-01   1.640625e-01   1.562500e-02
 -1.796875e-01   1.640625e-01   4.687500e-02
 -1.796875e-01   1.640625e-01   7.812500e-02
 -1.796875e-01   1.640625e-01   1.093750e-01
 -1.796875e-01   1.796875e-01  -1.093750e-01
 -1.796875e-01   1.796875e-01  -7.812500e-02
 -1.796875e-01   1.796875e-01  -4.687500e-02
 -1.796875e-01   1.796875e-01  -1.562500e-02
 -1.796875e-01   1.796875e-01   1.562500e-02
 -1.796875e-01   1.796875e-01   4.687500e-02
 -1.796875e-01   1.796875e-01   7.812500e-02
 -1.796875e-01   1.796875e-01   1.093750e-01
 -1.796875e-01   1.953125e-01  -1.093750e-01
 -1.796875e-01   1.953125e-01  -7.812500e-02
 -1.796875e-01   1.953125e-01  -4.687500e-02
 -1.796875e-01   1.953125e-01  -1.562500e-02
 -1.796875e-01   1.953125e-01   1.562500e-02
 -1.796875e-01   1.953125e-01   4.687500e-02
 -1.796875e-01   1.953125e-01   7.812500e-02
 -1.796875e-01   1.953125e-01   1.093750e-01
 -1.796875e-01   2.109375e-01  -1.093750e-01
 -1.796875e-01   2.109375e-01  -7.812500e-02
 -1.796875e-01   2.109375e-01  -4.687500e-02
 -1.796875e-01   2.109375e-01  -1.562500e-02
 -1.796875e-01   2.109375e-01   1.562500e-02
 -1.796875e-01   2.109375e-01   4.687500e-02
 -1.796875e-01   2.109375e-01   7.812500e-02
 -1.796875e-01   2.109375e-01   1.093750e-01
 -1.796875e-01   2.265625e-01  -1.093750e-01
 -1.796875e-01   2.265625e-01  -7.812500e-02
 -1.796875e-01   2.265625e-01  -4.687500e-02
 -1.796875e-01   2.265625e-01  -1.562500e-02
 -1.796875e-01   2.265625e-01   1.562500e-02
 -1.796875e-01   2.265625e-01   4.687500e-02
 -1.796875e-01   2.265625e-01   7.812500e-02
 -1.796875e-01   2.265625e-01   1.093750e-01
 -1.796875e-01   2.421875e-01  -1.093750e-01
 -1.796875e-01   2.421875e-01  -7.812500e-02
 -1.796875e-01   2.421875e-01  -4.687500e-02
 -1.796875e-01   2.421875e-01  -1.562500e-02
 -1.796875e-01   2.421875e-01   1.562500e-02
 -1.796875e-01   2.421875e-01   4.687500e-02
 -1.796875e-01   2.421875e-01   7.812500e-02
 -1.796875e-01   2.421875e-01   1.093750e-01
 -1.640625e-01  -2.421875e-01  -1.093750e-01
 -1.640625e-01  -2.421875e-01  -7.812500e-02
 -1.640625e-01  -2.421875e-01  -4.687500e-02
 -1.640625e-01  -2.421875e-01  -1.562500e-02
 -1.640625e-01  -2.421875e-01   1.562500e-02
 -1.640625e-01  -2.421875e-01   4.687500e-02
 -1.640625e-01  -2.421875e-01   7.812500e-02
 -1.640625e-01  -2.421875e-01   1.093750e-01
 -1.640625e-01  -2.265625e-01  -1.093750e-01
 -1.640625e-01  -2.265625e-01  -7.812500e-02
 -1.640625e-01  -2.265625e-01  -4.687500e-02
 -1.640625e-01  -2.265625e-01  -1.562500e-02
 -1.640625e-01  -2.265625e-01   1.562500e-02
 -1.640625e-01  -2.265625e-01   4.687500e-02
 -1.640625e-01  -2.265625e-01   7.812500e-02
 -1.640625e-01  -2.265625e-01   1.093750e-01
 -1.640625e-01  -2.109375e-01  -1.093750e-01
 -1.640625e-01  -2.109375e-01  -7.812500e-02
 -1.640625e-01  -2.109375e-01  -4.687500e-02
 -1.640625e-01  -2.109375e-01  -1.562500e-02
 -1.640625e-01  -2.109375e-01   1.562500e-02
 -1.640625e-01  -2.109375e-01   4.687500e-02
 -1.640625e-01  -2.109375e-01   7.812500e-02
 -1.640625e-01  -2.109375e-01   1.093750e-01
 -1.640625e-01  -1.953125e-01  -1.093750e-01
 -1.640625e-01  -1.953125e-01  -7.812500e-02
 -1.640625e-01  -1.953125e-01  -4.687500e-02
 -1.640625e-01  -1.953125e-01  -1.562500e-02
 -1.640625e-01  -1.953125e-01   1.562500e-02
 -1.640625e-01  -1.953125e-01   4.687500e-02
 -1.640625e-01  -1.953125e-01   7.812500e-02
 -1.640625e-01  -1.953125e-01   1.093750e-01
 -1.640625e-01  -1.796875e-01  -1.093750e-01
 -1.640625e-01  -1.796875e-01  -7.812500e-02
 -1.640625e-01  -1.796875e-01  -4.687500e-02
 -1.640625e-01  -1.796875e-01  -1.562500e-02
 -1.640625e-01  -1.796875e-01   1.562500e-02
 -1.640625e-01  -1.796875e-01   4.687500e-02
 -1.640625e-01  -1.796875e-01   7.812500e-02
 -1.640625e-01  -1.796875e-01   1.093750e-01
 -1.640625e-01  -1.640625e-01  -1.093750e-01
 -1.640625e-01  -1.640625e-01  -7.812500e-02
 -1.640625e-01  -1.640625e-01  -4.687500e-02
 -1.640625e-01  -1.640625e-01  -1.562500e-02
 -1.640625e-01  -1.640625e-01   1.562500e-02
 -1.640625e-01  -1.640625e-01   4.687500e-02
 -1.640625e-01  -1.640625e-01   7.812500e-02
 -1.640625e-01  -1.640625e-01   1.093750e-01
 -1.640625e-01  -1.484375e-01  -1.093750e-01
 -1.640625e-01  -1.484375e-01  -7.812500e-02
 -1.640625e-01  -1.484375e-01  -4.687500e-02
 -1.640625e-01  -1.484375e-01  -1.562500e-02
 -1.640625e-01  -1.484375e-01   1.562500e-02
 -1.640625e-01  -1.484375e-01   4.687500e-02
 -1.640625e-01  -1.484375e-01   7.812500e-02
 -1.640625e-01  -1.484375e-01   1.093750e-01
 -1.640625e-01  -1.328125e-01  -1.093750e-01
 -1.640625e-01  -1.328125e-01  -7.812500e-02
 -1.640625e-01  -1.328125e-01  -4.687500e-02
 -1.640625e-01  -1.328125e-01  -1.562500e-02
 -1.640625e-01  -1.328125e-01   1.562500e-02
 -1.640625e-01  -1.328125e-01   4.687500e-02
 -1.640625e-01  -1.328125e-01   7.812500e-02
 -1.640625e-01  -1.328125e-01   1.093750e-01
 -1.640625e-01  -1.171875e-01  -1.093750e-01
 -1.640625e-01  -1.171875e-01  -7.812500e-02
 -1.640625e-01  -1.171875e-01  -4.687500e-02
 -1.640625e-01  -1.171875e-01  -1.562500e-02
 -1.640625e-01  -1.171875e-01   1.562500e-02
 -1.640625e-01  -1.171875e-01   4.687500e-02
 -1.640625e-01  -1.171875e-01   7.812500e-02
 -1.640625e-01  -1.171875e-01   1.093750e-01
 -1.640625e-01  -1.015625e-01  -1.093750e-01
 -1.640625e-01  -1.015625e-01  -7.812500e-02
 -1.640625e-01  -1.015625e-01  -4.687500e-02
 -1.640625e-01  -1.015625e-01  -1.562500e-02
 -1.640625e-01  -1.015625e-01   1.562500e-02
 -1.640625e-01  -1.015625e-01   4.687500e-02
 -1.640625e-01  -1.015625e-01   7.812500e-02
 -1.640625e-01  -1.015625e-01   1.093750e-01
 -1.640625e-01  -8.593750e-02  -1.093750e-01
 -1.640625e-01  -8.593750e-02  -7.812500e-02
 -1.640625e-01  -8.593750e-02  -4.687500e-02
 -1.640625e-01  -8.593750e-02  -1.562500e-02
 -1.640625e-01  -8.593750e-02   1.562500e-02
 -1.640625e-01  -8.593750e-02   4.687500e-02
 -1.640625e-01  -8.593750e-02   7.812500e-02
 -1.640625e-01  -8.593750e-02   1.093750e-01
 -1.640625e-01  -7.031250e-02  -1.093750e-01
 -1.640625e-01  -7.031250e-02  -7.812500e-02
 -1.640625e-01  -7.031250e-02  -4.687500e-02
 -1.640625e-01  -7.031250e-02  -1.562500e-02
 -1.640625e-01  -7.031250e-02   1.562500e-02
 -1.640625e-01  -7.031250e-02   4.687500e-02
 -1.640625e-01  -7.031250e-02   7.812500e-02
 -1.640625e-01  -7.031250e-02   1.093750e-01
 -1.640625e-01  -5.468750e-02  -1.093750e-01
 -1.640625e-01  -5.468750e-02  -7.812500e-02
 -1.640625e-01  -5.468750e-02  -4.687500e-02
 -1.640625e-01  -5.468750e-02  -1.562500e-02
 -1.640625e-01  -5.468750e-02   1.562500e-02
 -1.640625e-01  -5.468750e-02   4.687500e-02
 -1.640625e-01  -5.468750e-02   7.812500e-02
 -1.640625e-01  -5.468750e-02   1.093750e-01
 -1.640625e-01  -3.906250e-02  -1.093750e-01
 -1.640625e-01  -3.906250e-02  -7.812500e-02
 -1.640625e-01  -3.906250e-02  -4.687500e-02
 -1.640625e-01  -3.906250e-02  -1.562500e-02
 -1.640625e-01  -3.906250e-02   1.562500e-02
 -1.640625e-01  -3.906250e-02   4.687500e-02
 -1.640625e-01  -3.906250e-02   7.812500e-02
 -1.640625e-01  -3.906250e-02   1.093750e-01
 -1.640625e-01  -2.343750e-02  -1.093750e-01
 -1.640625e-01  -2.343750e-02  -7.812500e-02
 -1.640625e-01  -2.343750e-02  -4.687500e-02
 -1.640625e-01  -2.343750e-02  -1.562500e-02
 -1.640625e-01  -2.343750e-02   1.562500e-02
 -1.640625e-01  -2.343750e-02   4.687500e-02
 -1.640625e-01  -2.343750e-02   7.812500e-02
 -1.640625e-01  -2.343750e-02   1.093750e-01
 -1.640625e-01  -7.812500e-03  -1.093750e-01
 -1.640625e-01  -7.812500e-03  -7.812500e-02
 -1.640625e-01  -7.812500e-03  -4.687500e-02
 -1.640625e-01  -7.812500e-03  -1.562500e-02
 -1.640625e-01  -7.812500e-03   1.562500e-02
 -1.640625e-01  -7.812500e-03   4.687500e-02
 -1.640625e-01  -7.812500e-03   7.812500e-02
 -1.640625e-01  -7.812500e-03   1.093750e-01
 -1.640625e-01   7.812500e-03  -1.093750e-01
 -1.640625e-01   7.812500e-03  -7.812500e-02
 -1.640625e-01   7.812500e-03  -4.687500e-02
 -1.640625e-01   7.812500e-03  -1.562500e-02
 -1.640625e-01   7.812500e-03   1.562500e-02
 -1.640625e-01   7.812500e-03   4.687500e-02
 -1.640625e-01   7.812500e-03   7.812500e-02
 -1.640625e-01   7.812500e-03   1.093750e-01
 -1.640625e-01   2.343750e-02  -1.093750e-01
 -1.640625e-01   2.343750e-02  -7.812500e-02
 -1.640625e-01   2.343750e-02  -4.687500e-02
 -1.640625e-01   2.343750e-02  -1.562500e-02
 -1.640625e-01   2.343750e-02   1.562500e-02
 -1.640625e-01   2.343750e-02   4.687500e-02
 -1.640625e-01   2.343750e-02   7.812500e-02
 -1.640625e-01   2.343750e-02   1.093750e-01
 -1.640625e-01   3.906250e-02  -1.093750e-01
 -1.640625e-01   3.906250e-02  -7.812500e-02
 -1.640625e-01   3.906250e-02  -4.687500e-02
 -1.640625e-01   3.906250e-02  -1.562500e-02
 -1.640625e-01   3.906250e-02   1.562500e-02
 -1.640625e-01   3.906250e-02   4.687500e-02
 -1.640625e-01   3.906250e-02   7.812500e-02
 -1.640625e-01   3.906250e-02   1.093750e-01
 -1.640625e-01   5.468750e-02  -1.093750e-01
 -1.640625e-01   5.468750e-02  -7.812500e-02
 -1.640625e-01   5.468750e-02  -4.687500e-02
 -1.640625e-01   5.468750e-02  -1.562500e-02
 -1.640625e-01   5.468750e-02   1.562500e-02
 -1.640625e-01   5.468750e-02   4.687500e-02
 -1.640625e-01   5.468750e-02   7.812500e-02
 -1.640625e-01   5.468750e-02   1.093750e-01
 -1.640625e-01   7.031250e-02  -1.093750e-01
 -1.640625e-01   7.031250e-02  -7.812500e-02
 -1.640625e-01   7.031250e-02  -4.687500e-02
 -1.640625e-01   7.031250e-02  -1.562500e-02
 -1.640625e-01   7.031250e-02   1.562500e-02
 -1.640625e-01   7.031250e-02   4.687500e-02
 -1.640625e-01   7.031250e-02   7.812500e-02
 -1.640625e-01   7.031250e-02   1.093750e-01
 -1.640625e-01   8.593750e-02  -1.093750e-01
 -1.640625e-01   8.593750e-02  -7.812500e-02
 -1.640625e-01   8.593750e-02  -4.687500e-02
 -1.640625e-01   8.593750e-02  -1.562500e-02
 -1.640625e-01   8.593750e-02   1.562500e-02
 -1.640625e-01   8.593750e-02   4.687500e-02
 -1.640625e-01   8.593750e-02   7.812500e-02
 -1.640625e-01   8.593750e-02   1.093750e-01
 -1.640625e-01   1.015625e-01  -1.093750e-01
 -1.640625e-01   1.015625e-01  -7.812500e-02
 -1.640625e-01   1.015625e-01  -4.687500e-02
 -1.640625e-01   1.015625e-01  -1.562500e-02
 -1.640625e-01   1.015625e-01   1.562500e-02
 -1.640625e-01   1.015625e-01   4.687500e-02
 -1.640625e-01   1.015625e-01   7.812500e-02
 -1.640625e-01   1.015625e-01   1.093750e-01
 -1.640625e-01   1.171875e-01  -1.093750e-01
 -1.640625e-01   1.171875e-01  -7.812500e-02
 -1.640625e-01   1.171875e-01  -4.687500e-02
 -1.640625e-01   1.171875e-01  -1.562500e-02
 -1.640625e-01   1.171875e-01   1.562500e-02
 -1.640625e-01   1.171875e-01   4.687500e-02
 -1.640625e-01   1.171875e-01   7.812500e-02
 -1.640625e-01   1.171875e-01   1.093750e-01
 -1.640625e-01   1.328125e-01  -1.093750e-01
 -1.640625e-01   1.328125e-01  -7.812500e-02
 -1.640625e-01   1.328125e-01  -4.687500e-02
 -1.640625e-01   1.328125e-01  -1.562500e-02
 -1.640625e-01   1.328125e-01   1.562500e-02
 -1.640625e-01   1.328125e-01   4.687500e-02
 -1.640625e-01   1.328125e-01   7.812500e-02
 -1.640625e-01   1.328125e-01   1.093750e-01
 -1.640625e-01   1.484375e-01  -1.093750e-01
 -1.640625e-01   1.484375e-01  -7.812500e-02
 -1.640625e-01   1.484375e-01  -4.687500e-02
 -1.640625e-01   1.484375e-01  -1.562500e-02
 -1.640625e-01   1.484375e-01   1.562500e-02
 -1.640625e-01   1.484375e-01   4.687500e-02
 -1.640625e-01   1.484375e-01   7.812500e-02
 -1.640625e-01   1.484375e-01   1.093750e-01
 -1.640625e-01   1.640625e-01  -1.093750e-01
 -1.640625e-01   1.640625e-01  -7.812500e-02
 -1.640625e-01   1.640625e-01  -4.687500e-02
 -1.640625e-01   1.640625e-01  -1.562500e-02
 -1.640625e-01   1.640625e-01   1.562500e-02
 -1.640625e-01   1.640625e-01   4.687500e-02
 -1.640625e-01   1.640625e-01   7.812500e-02
 -1.640625e-01   1.640625e-01   1.093750e-01
 -1.640625e-01   1.796875e-01  -1.093750e-01
 -1.640625e-01   1.796875e-01  -7.812500e-02
 -1.640625e-01   1.796875e-01  -4.687500e-02
 -1.640625e-01   1.796875e-01  -1.562500e-02
 -1.640625e-01   1.796875e-01   1.562500e-02
 -1.640625e-01   1.796875e-01   4.687500e-02
 -1.640625e-01   1.796875e-01   7.812500e-02
 -1.640625e-01   1.796875e-01   1.093750e-01
 -1.640625e-01   1.953125e-01  -1.093750e-01
 -1.640625e-01   1.953125e-01  -7.812500e-02
 -1.640625e-01   1.953125e-01  -4.687500e-02
 -1.640625e-01   1.953125e-01  -1.562500e-02
 -1.640625e-01   1.953125e-01   1.562500e-02
 -1.640625e-01   1.953125e-01   4.687500e-02
 -1.640625e-01   1.953125e-01   7.812500e-02
 -1.640625e-01   1.953125e-01   1.093750e-01
 -1.640625e-01   2.109375e-01  -1.093750e-01
 -1.640625e-01   2.109375e-01  -7.812500e-02
 -1.640625e-01   2.109375e-01  -4.687500e-02
 -1.640625e-01   2.109375e-01  -1.562500e-02
 -1.640625e-01   2.109375e-01   1.562500e-02
 -1.640625e-01   2.109375e-01   4.687500e-02
 -1.640625e-01   2.109375e-01   7.812500e-02
 -1.640625e-01   2.109375e-01   1.093750e-01
 -1.640625e-01   2.265625e-01  -1.093750e-01
 -1.640625e-01   2.265625e-01  -7.812500e-02
 -1.640625e-01   2.265625e-01  -4.687500e-02
 -1.640625e-01   2.265625e-01  -1.562500e-02
 -1.640625e-01   2.265625e-01   1.562500e-02
 -1.640625e-01   2.265625e-01   4.687500e-02
 -1.640625e-01   2.265625e-01   7.812500e-02
 -1.640625e-01   2.265625e-01   1.093750e-01
 -1.640625e-01   2.421875e-01  -1.093750e-01
 -1.640625e-01   2.421875e-01  -7.812500e-02
 -1.640625e-01   2.421875e-01  -4.687500e-02
 -1.640625e-01   2.421875e-01  -1.562500e-02
 -1.640625e-01   2.421875e-01   1.562500e-02
 -1.640625e-01   2.421875e-01   4.687500e-02
 -1.640625e-01   2.421875e-01   7.812500e-02
 -1.640625e-01   2.421875e-01   1.093750e-01
 -1.484375e-01  -2.421875e-01  -1.093750e-01
 -1.484375e-01  -2.421875e-01  -7.812500e-02
 -1.484375e-01  -2.421875e-01  -4.687500e-02
 -1.484375e-01  -2.421875e-01  -1.562500e-02
 -1.484375e-01  -2.421875e-01   1.562500e-02
 -1.484375e-01  -2.421875e-01   4.687500e-02
 -1.484375e-01  -2.421875e-01   7.812500e-02
 -1.484375e-01  -2.421875e-01   1.093750e-01
 -1.484375e-01  -2.265625e-01  -1.093750e-01
 -1.484375e-01  -2.265625e-01  -7.812500e-02
 -1.484375e-01  -2.265625e-01  -4.687500e-02
 -1.484375e-01  -2.265625e-01  -1.562500e-02
 -1.484375e-01  -2.265625e-01   1.562500e-02
 -1.484375e-01  -2.265625e-01   4.687500e-02
 -1.484375e-01  -2.265625e-01   7.812500e-02
 -1.484375e-01  -2.265625e-01   1.093750e-01
 -1.484375e-01  -2.109375e-01  -1.093750e-01
 -1.484375e-01  -2.109375e-01  -7.812500e-02
 -1.484375e-01  -2.109375e-01  -4.687500e-02
 -1.484375e-01  -2.109375e-01  -1.562500e-02
 -1.484375e-01  -2.109375e-01   1.562500e-02
 -1.484375e-01  -2.109375e-01   4.687500e-02
 -1.484375e-01  -2.109375e-01   7.812500e-02
 -1.484375e-01  -2.109375e-01   1.093750e-01
 -1.484375e-01  -1.953125e-01  -1.093750e-01
 -1.484375e-01  -1.953125e-01  -7.812500e-02
 -1.484375e-01  -1.953125e-01  -4.687500e-02
 -1.484375e-01  -1.953125e-01  -1.562500e-02
 -1.484375e-01  -1.953125e-01   1.562500e-02
 -1.484375e-01  -1.953125e-01   4.687500e-02
 -1.484375e-01  -1.953125e-01   7.812500e-02
 -1.484375e-01  -1.953125e-01   1.093750e-01
 -1.484375e-01  -1.796875e-01  -1.093750e-01
 -1.484375e-01  -1.796875e-01  -7.812500e-02
 -1.484375e-01  -1.796875e-01  -4.687500e-02
 -1.484375e-01  -1.796875e-01  -1.562500e-02
 -1.484375e-01  -1.796875e-01   1.562500e-02
 -1.484375e-01  -1.796875e-01   4.687500e-02
 -1.484375e-01  -1.796875e-01   7.812500e-02
 -1.484375e-01  -1.796875e-01   1.093750e-01
 -1.484375e-01  -1.640625e-01  -1.093750e-01
 -1.484375e-01  -1.640625e-01  -7.812500e-02
 -1.484375e-01  -1.640625e-01  -4.687500e-02
 -1.484375e-01  -1.640625e-01  -1.562500e-02
 -1.484375e-01  -1.640625e-01   1.562500e-02
 -1.484375e-01  -1.640625e-01   4.687500e-02
 -1.484375e-01  -1.640625e-01   7.812500e-02
 -1.484375e-01  -1.640625e-01   1.093750e-01
 -1.484375e-01  -1.484375e-01  -1.093750e-01
 -1.484375e-01  -1.484375e-01  -7.812500e-02
 -1.484375e-01  -1.484375e-01  -4.687500e-02
 -1.484375e-01  -1.484375e-01  -1.562500e-02
 -1.484375e-01  -1.484375e-01   1.562500e-02
 -1.484375e-01  -1.484375e-01   4.687500e-02
 -1.484375e-01  -1.484375e-01   7.812500e-02
 -1.484375e-01  -1.484375e-01   1.093750e-01
 -1.484375e-01  -1.328125e-01  -1.093750e-01
 -1.484375e-01  -1.328125e-01  -7.812500e-02
 -1.484375e-01  -1.328125e-01  -4.687500e-02
 -1.484375e-01  -1.328125e-01  -1.562500e-02
 -1.484375e-01  -1.328125e-01   1.562500e-02
 -1.484375e-01  -1.328125e-01   4.687500e-02
 -1.484375e-01  -1.328125e-01   7.812500e-02
 -1.484375e-01  -1.328125e-01   1.093750e-01
 -1.484375e-01  -1.171875e-01  -1.093750e-01
 -1.484375e-01  -1.171875e-01  -7.812500e-02
 -1.484375e-01  -1.171875e-01  -4.687500e-02
 -1.484375e-01  -1.171875e-01  -1.562500e-02
 -1.484375e-01  -1.171875e-01   1.562500e-02
 -1.484375e-01  -1.171875e-01   4.687500e-02
 -1.484375e-01  -1.171875e-01   7.812500e-02
 -1.484375e-01  -1.171875e-01   1.093750e-01
 -1.484375e-01  -1.015625e-01  -1.093750e-01
 -1.484375e-01  -1.015625e-01  -7.812500e-02
 -1.484375e-01  -1.015625e-01  -4.687500e-02
 -1.484375e-01  -1.015625e-01  -1.562500e-02
 -1.484375e-01  -1.015625e-01   1.562500e-02
 -1.484375e-01  -1.015625e-01   4.687500e-02
 -1.484375e-01  -1.015625e-01   7.812500e-02
 -1.484375e-01  -1.015625e-01   1.093750e-01
 -1.484375e-01  -8.593750e-02  -1.093750e-01
 -1.484375e-01  -8.593750e-02  -7.812500e-02
 -1.484375e-01  -8.593750e-02  -4.687500e-02
 -1.484375e-01  -8.593750e-02  -1.562500e-02
 -1.484375e-01  -8.593750e-02   1.562500e-02
 -1.484375e-01  -8.593750e-02   4.687500e-02
 -1.484375e-01  -8.593750e-02   7.812500e-02
 -1.484375e-01  -8.593750e-02   1.093750e-01
 -1.484375e-01  -7.031250e-02  -1.093750e-01
 -1.484375e-01  -7.031250e-02  -7.812500e-02
 -1.484375e-01  -7.031250e-02  -4.687500e-02
 -1.484375e-01  -7.031250e-02  -1.562500e-02
 -1.484375e-01  -7.031250e-02   1.562500e-02
 -1.484375e-01  -7.031250e-02   4.687500e-02
 -1.484375e-01  -7.031250e-02   7.812500e-02
 -1.484375e-01  -7.031250e-02   1.093750e-01
 -1.484375e-01  -5.468750e-02  -1.093750e-01
 -1.484375e-01  -5.468750e-02  -7.812500e-02
 -1.484375e-01  -5.468750e-02  -4.687500e-02
 -1.484375e-01  -5.468750e-02  -1.562500e-02
 -1.484375e-01  -5.468750e-02   1.562500e-02
 -1.484375e-01  -5.468750e-02   4.687500e-02
 -1.484375e-01  -5.468750e-02   7.812500e-02
 -1.484375e-01  -5.468750e-02   1.093750e-01
 -1.484375e-01  -3.906250e-02  -1.093750e-01
 -1.484375e-01  -3.906250e-02  -7.812500e-02
 -1.484375e-01  -3.906250e-02  -4.687500e-02
 -1.484375e-01  -3.906250e-02  -1.562500e-02
 -1.484375e-01  -3.906250e-02   1.562500e-02
 -1.484375e-01  -3.906250e-02   4.687500e-02
 -1.484375e-01  -3.906250e-02   7.812500e-02
 -1.484375e-01  -3.906250e-02   1.093750e-01
 -1.484375e-01  -2.343750e-02  -1.093750e-01
 -1.484375e-01  -2.343750e-02  -7.812500e-02
 -1.484375e-01  -2.343750e-02  -4.687500e-02
 -1.484375e-01  -2.343750e-02  -1.562500e-02
 -1.484375e-01  -2.343750e-02   1.562500e-02
 -1.484375e-01  -2.343750e-02   4.687500e-02
 -1.484375e-01  -2.343750e-02   7.812500e-02
 -1.484375e-01  -2.343750e-02   1.093750e-01
 -1.484375e-01  -7.812500e-03  -1.093750e-01
 -1.484375e-01  -7.812500e-03  -7.812500e-02
 -1.484375e-01  -7.812500e-03  -4.687500e-02
 -1.484375e-01  -7.812500e-03  -1.562500e-02
 -1.484375e-01  -7.812500e-03   1.562500e-02
 -1.484375e-01  -7.812500e-03   4.687500e-02
 -1.484375e-01  -7.812500e-03   7.812500e-02
 -1.484375e-01  -7.812500e-03   1.093750e-01
 -1.484375e-01   7.812500e-03  -1.093750e-01
 -1.484375e-01   7.812500e-03  -7.812500e-02
 -1.484375e-01   7.812500e-03  -4.687500e-02
 -1.484375e-01   7.812500e-03  -1.562500e-02
 -1.484375e-01   7.812500e-03   1.562500e-02
 -1.484375e-01   7.812500e-03   4.687500e-02
 -1.484375e-01   7.812500e-03   7.812500e-02
 -1.484375e-01   7.812500e-03   1.093750e-01
 -1.484375e-01   2.343750e-02  -1.093750e-01
 -1.484375e-01   2.343750e-02  -7.812500e-02
 -1.484375e-01   2.343750e-02  -4.687500e-02
 -1.484375e-01   2.343750e-02  -1.562500e-02
 -1.484375e-01   2.343750e-02   1.562500e-02
 -1.484375e-01   2.343750e-02   4.687500e-02
 -1.484375e-01   2.343750e-02   7.812500e-02
 -1.484375e-01   2.343750e-02   1.093750e-01
 -1.484375e-01   3.906250e-02  -1.093750e-01
 -1.484375e-01   3.906250e-02  -7.812500e-02
 -1.484375e-01   3.906250e-02  -4.687500e-02
 -1.484375e-01   3.906250e-02  -1.562500e-02
 -1.484375e-01   3.906250e-02   1.562500e-02
 -1.484375e-01   3.906250e-02   4.687500e-02
 -1.484375e-01   3.906250e-02   7.812500e-02
 -1.484375e-01   3.906250e-02   1.093750e-01
 -1.484375e-01   5.468750e-02  -1.093750e-01
 -1.484375e-01   5.468750e-02  -7.812500e-02
 -1.484375e-01   5.468750e-02  -4.687500e-02
 -1.484375e-01   5.468750e-02  -1.562500e-02
 -1.484375e-01   5.468750e-02   1.562500e-02
 -1.484375e-01   5.468750e-02   4.687500e-02
 -1.484375e-01   5.468750e-02   7.812500e-02
 -1.484375e-01   5.468750e-02   1.093750e-01
 -1.484375e-01   7.031250e-02  -1.093750e-01
 -1.484375e-01   7.031250e-02  -7.812500e-02
 -1.484375e-01   7.031250e-02  -4.687500e-02
 -1.484375e-01   7.031250e-02  -1.562500e-02
 -1.484375e-01   7.031250e-02   1.562500e-02
 -1.484375e-01   7.031250e-02   4.687500e-02
 -1.484375e-01   7.031250e-02   7.812500e-02
 -1.484375e-01   7.031250e-02   1.093750e-01
 -1.484375e-01   8.593750e-02  -1.093750e-01
 -1.484375e-01   8.593750e-02  -7.812500e-02
 -1.484375e-01   8.593750e-02  -4.687500e-02
 -1.484375e-01   8.593750e-02  -1.562500e-02
 -1.484375e-01   8.593750e-02   1.562500e-02
 -1.484375e-01   8.593750e-02   4.687500e-02
 -1.484375e-01   8.593750e-02   7.812500e-02
 -1.484375e-01   8.593750e-02   1.093750e-01
 -1.484375e-01   1.015625e-01  -1.093750e-01
 -1.484375e-01   1.015625e-01  -7.812500e-02
 -1.484375e-01   1.015625e-01  -4.687500e-02
 -1.484375e-01   1.015625e-01  -1.562500e-02
 -1.484375e-01   1.015625e-01   1.562500e-02
 -1.484375e-01   1.015625e-01   4.687500e-02
 -1.484375e-01   1.015625e-01   7.812500e-02
 -1.484375e-01   1.015625e-01   1.093750e-01
 -1.484375e-01   1.171875e-01  -1.093750e-01
 -1.484375e-01   1.171875e-01  -7.812500e-02
 -1.484375e-01   1.171875e-01  -4.687500e-02
 -1.484375e-01   1.171875e-01  -1.562500e-02
 -1.484375e-01   1.171875e-01   1.562500e-02
 -1.484375e-01   1.171875e-01   4.687500e-02
 -1.484375e-01   1.171875e-01   7.812500e-02
 -1.484375e-01   1.171875e-01   1.093750e-01
 -1.484375e-01   1.328125e-01  -1.093750e-01
 -1.484375e-01   1.328125e-01  -7.812500e-02
 -1.484375e-01   1.328125e-01  -4.687500e-02
 -1.484375e-01   1.328125e-01  -1.562500e-02
 -1.484375e-01   1.328125e-01   1.562500e-02
 -1.484375e-01   1.328125e-01   4.687500e-02
 -1.484375e-01   1.328125e-01   7.812500e-02
 -1.484375e-01   1.328125e-01   1.093750e-01
 -1.484375e-01   1.484375e-01  -1.093750e-01
 -1.484375e-01   1.484375e-01  -7.812500e-02
 -1.484375e-01   1.484375e-01  -4.687500e-02
 -1.484375e-01   1.484375e-01  -1.562500e-02
 -1.484375e-01   1.484375e-01   1.562500e-02
 -1.484375e-01   1.484375e-01   4.687500e-02
 -1.484375e-01   1.484375e-01   7.812500e-02
 -1.484375e-01   1.484375e-01   1.093750e-01
 -1.484375e-01   1.640625e-01  -1.093750e-01
 -1.484375e-01   1.640625e-01  -7.812500e-02
 -1.484375e-01   1.640625e-01  -4.687500e-02
 -1.484375e-01   1.640625e-01  -1.562500e-02
 -1.484375e-01   1.640625e-01   1.562500e-02
 -1.484375e-01   1.640625e-01   4.687500e-02
 -1.484375e-01   1.640625e-01   7.812500e-02
 -1.484375e-01   1.640625e-01   1.093750e-01
 -1.484375e-01   1.796875e-01  -1.093750e-01
 -1.484375e-01   1.796875e-01  -7.812500e-02
 -1.484375e-01   1.796875e-01  -4.687500e-02
 -1.484375e-01   1.796875e-01  -1.562500e-02
 -1.484375e-01   1.796875e-01   1.562500e-02
 -1.484375e-01   1.796875e-01   4.687500e-02
 -1.484375e-01   1.796875e-01   7.812500e-02
 -1.484375e-01   1.796875e-01   1.093750e-01
 -1.484375e-01   1.953125e-01  -1.093750e-01
 -1.484375e-01   1.953125e-01  -7.812500e-02
 -1.484375e-01   1.953125e-01  -4.687500e-02
 -1.484375e-01   1.953125e-01  -1.562500e-02
 -1.484375e-01   1.953125e-01   1.562500e-02
 -1.484375e-01   1.953125e-01   4.687500e-02
 -1.484375e-01   1.953125e-01   7.812500e-02
 -1.484375e-01   1.953125e-01   1.093750e-01
 -1.484375e-01   2.109375e-01  -1.093750e-01
 -1.484375e-01   2.109375e-01  -7.812500e-02
 -1.484375e-01   2.109375e-01  -4.687500e-02
 -1.484375e-01   2.109375e-01  -1.562500e-02
 -1.484375e-01   2.109375e-01   1.562500e-02
 -1.484375e-01   2.109375e-01   4.687500e-02
 -1.484375e-01   2.109375e-01   7.812500e-02
 -1.484375e-01   2.109375e-01   1.093750e-01
 -1.484375e-01   2.265625e-01  -1.093750e-01
 -1.484375e-01   2.265625e-01  -7.812500e-02
 -1.484375e-01   2.265625e-01  -4.687500e-02
 -1.484375e-01   2.265625e-01  -1.562500e-02
 -1.484375e-01   2.265625e-01   1.562500e-02
 -1.484375e-01   2.265625e-01   4.687500e-02
 -1.484375e-01   2.265625e-01   7.812500e-02
 -1.484375e-01   2.265625e-01   1.093750e-01
 -1.484375e-01   2.421875e-01  -1.093750e-01
 -1.484375e-01   2.421875e-01  -7.812500e-02
 -1.484375e-01   2.421875e-01  -4.687500e-02
 -1.484375e-01   2.421875e-01  -1.562500e-02
 -1.484375e-01   2.421875e-01   1.562500e-02
 -1.484375e-01   2.421875e-01   4.687500e-02
 -1.484375e-01   2.421875e-01   7.812500e-02
 -1.484375e-01   2.421875e-01   1.093750e-01
 -1.328125e-01  -2.421875e-01  -1.093750e-01
 -1.328125e-01  -2.421875e-01  -7.812500e-02
 -1.328125e-01  -2.421875e-01  -4.687500e-02
 -1.328125e-01  -2.421875e-01  -1.562500e-02
 -1.328125e-01  -2.421875e-01   1.562500e-02
 -1.328125e-01  -2.421875e-01   4.687500e-02
 -1.328125e-01  -2.421875e-01   7.812500e-02
 -1.328125e-01  -2.421875e-01   1.093750e-01
 -1.328125e-01  -2.265625e-01  -1.093750e-01
 -1.328125e-01  -2.265625e-01  -7.812500e-02
 -1.328125e-01  -2.265625e-01  -4.687500e-02
 -1.328125e-01  -2.265625e-01  -1.562500e-02
 -1.328125e-01  -2.265625e-01   1.562500e-02
 -1.328125e-01  -2.265625e-01   4.687500e-02
 -1.328125e-01  -2.265625e-01   7.812500e-02
 -1.328125e-01  -2.265625e-01   1.093750e-01
 -1.328125e-01  -2.109375e-01  -1.093750e-01
 -1.328125e-01  -2.109375e-01  -7.812500e-02
 -1.328125e-01  -2.109375e-01  -4.687500e-02
 -1.328125e-01  -2.109375e-01  -1.562500e-02
 -1.328125e-01  -2.109375e-01   1.562500e-02
 -1.328125e-01  -2.109375e-01   4.687500e-02
 -1.328125e-01  -2.109375e-01   7.812500e-02
 -1.328125e-01  -2.109375e-01   1.093750e-01
 -1.328125e-01  -1.953125e-01  -1.093750e-01
 -1.328125e-01  -1.953125e-01  -7.812500e-02
 -1.328125e-01  -1.953125e-01  -4.687500e-02
 -1.328125e-01  -1.953125e-01  -1.562500e-02
 -1.328125e-01  -1.953125e-01   1.562500e-02
 -1.328125e-01  -1.953125e-01   4.687500e-02
 -1.328125e-01  -1.953125e-01   7.812500e-02
 -1.328125e-01  -1.953125e-01   1.093750e-01
 -1.328125e-01  -1.796875e-01  -1.093750e-01
 -1.328125e-01  -1.796875e-01  -7.812500e-02
 -1.328125e-01  -1.796875e-01  -4.687500e-02
 -1.328125e-01  -1.796875e-01  -1.562500e-02
 -1.328125e-01  -1.796875e-01   1.562500e-02
 -1.328125e-01  -1.796875e-01   4.687500e-02
 -1.328125e-01  -1.796875e-01   7.812500e-02
 -1.328125e-01  -1.796875e-01   1.093750e-01
 -1.328125e-01  -1.640625e-01  -1.093750e-01
 -1.328125e-01  -1.640625e-01  -7.812500e-02
 -1.328125e-01  -1.640625e-01  -4.687500e-02
 -1.328125e-01  -1.640625e-01  -1.562500e-02
 -1.328125e-01  -1.640625e-01   1.562500e-02
 -1.328125e-01  -1.640625e-01   4.687500e-02
 -1.328125e-01  -1.640625e-01   7.812500e-02
 -1.328125e-01  -1.640625e-01   1.093750e-01
 -1.328125e-01  -1.484375e-01  -1.093750e-01
 -1.328125e-01  -1.484375e-01  -7.812500e-02
 -1.328125e-01  -1.484375e-01  -4.687500e-02
 -1.328125e-01  -1.484375e-01  -1.562500e-02
 -1.328125e-01  -1.484375e-01   1.562500e-02
 -1.328125e-01  -1.484375e-01   4.687500e-02
 -1.328125e-01  -1.484375e-01   7.812500e-02
 -1.328125e-01  -1.484375e-01   1.093750e-01
 -1.328125e-01  -1.328125e-01  -1.093750e-01
 -1.328125e-01  -1.328125e-01  -7.812500e-02
 -1.328125e-01  -1.328125e-01  -4.687500e-02
 -1.328125e-01  -1.328125e-01  -1.562500e-02
 -1.328125e-01  -1.328125e-01   1.562500e-02
 -1.328125e-01  -1.328125e-01   4.687500e-02
 -1.328125e-01  -1.328125e-01   7.812500e-02
 -1.328125e-01  -1.328125e-01   1.093750e-01
 -1.328125e-01  -1.171875e-01  -1.093750e-01
 -1.328125e-01  -1.171875e-01  -7.812500e-02
 -1.328125e-01  -1.171875e-01  -4.687500e-02
 -1.328125e-01  -1.171875e-01  -1.562500e-02
 -1.328125e-01  -1.171875e-01   1.562500e-02
 -1.328125e-01  -1.171875e-01   4.687500e-02
 -1.328125e-01  -1.171875e-01   7.812500e-02
 -1.328125e-01  -1.171875e-01   1.093750e-01
 -1.328125e-01  -1.015625e-01  -1.093750e-01
 -1.328125e-01  -1.015625e-01  -7.812500e-02
 -1.328125e-01  -1.015625e-01  -4.687500e-02
 -1.328125e-01  -1.015625e-01  -1.562500e-02
 -1.328125e-01  -1.015625e-01   1.562500e-02
 -1.328125e-01  -1.015625e-01   4.687500e-02
 -1.328125e-01  -1.015625e-01   7.812500e-02
 -1.328125e-01  -1.015625e-01   1.093750e-01
 -1.328125e-01  -8.593750e-02  -1.093750e-01
 -1.328125e-01  -8.593750e-02  -7.812500e-02
 -1.328125e-01  -8.593750e-02  -4.687500e-02
 -1.328125e-01  -8.593750e-02  -1.562500e-02
 -1.328125e-01  -8.593750e-02   1.562500e-02
 -1.328125e-01  -8.593750e-02   4.687500e-02
 -1.328125e-01  -8.593750e-02   7.812500e-02
 -1.328125e-01  -8.593750e-02   1.093750e-01
 -1.328125e-01  -7.031250e-02  -1.093750e-01
 -1.328125e-01  -7.031250e-02  -7.812500e-02
 -1.328125e-01  -7.031250e-02  -4.687500e-02
 -1.328125e-01  -7.031250e-02  -1.562500e-02
 -1.328125e-01  -7.031250e-02   1.562500e-02
 -1.328125e-01  -7.031250e-02   4.687500e-02
 -1.328125e-01  -7.031250e-02   7.812500e-02
 -1.328125e-01  -7.031250e-02   1.093750e-01
 -1.328125e-01  -5.468750e-02  -1.093750e-01
 -1.328125e-01  -5.468750e-02  -7.812500e-02
 -1.328125e-01  -5.468750e-02  -4.687500e-02
 -1.328125e-01  -5.468750e-02  -1.562500e-02
 -1.328125e-01  -5.468750e-02   1.562500e-02
 -1.328125e-01  -5.468750e-02   4.687500e-02
 -1.328125e-01  -5.468750e-02   7.812500e-02
 -1.328125e-01  -5.468750e-02   1.093750e-01
 -1.328125e-01  -3.906250e-02  -1.093750e-01
 -1.328125e-01  -3.906250e-02  -7.812500e-02
 -1.328125e-01  -3.906250e-02  -4.687500e-02
 -1.328125e-01  -3.906250e-02  -1.562500e-02
 -1.328125e-01  -3.906250e-02   1.562500e-02
 -1.328125e-01  -3.906250e-02   4.687500e-02
 -1.328125e-01  -3.906250e-02   7.812500e-02
 -1.328125e-01  -3.906250e-02   1.093750e-01
 -1.328125e-01  -2.343750e-02  -1.093750e-01
 -1.328125e-01  -2.343750e-02  -7.812500e-02
 -1.328125e-01  -2.343750e-02  -4.687500e-02
 -1.328125e-01  -2.343750e-02  -1.562500e-02
 -1.328125e-01  -2.343750e-02   1.562500e-02
 -1.328125e-01  -2.343750e-02   4.687500e-02
 -1.328125e-01  -2.343750e-02   7.812500e-02
 -1.328125e-01  -2.343750e-02   1.093750e-01
 -1.328125e-01  -7.812500e-03  -1.093750e-01
 -1.328125e-01  -7.812500e-03  -7.812500e-02
 -1.328125e-01  -7.812500e-03  -4.687500e-02
 -1.328125e-01  -7.812500e-03  -1.562500e-02
 -1.328125e-01  -7.812500e-03   1.562500e-02
 -1.328125e-01  -7.812500e-03   4.687500e-02
 -1.328125e-01  -7.812500e-03   7.812500e-02
 -1.328125e-01  -7.812500e-03   1.093750e-01
 -1.328125e-01   7.812500e-03  -1.093750e-01
 -1.328125e-01   7.812500e-03  -7.812500e-02
 -1.328125e-01   7.812500e-03  -4.687500e-02
 -1.328125e-01   7.812500e-03  -1.562500e-02
 -1.328125e-01   7.812500e-03   1.562500e-02
 -1.328125e-01   7.812500e-03   4.687500e-02
 -1.328125e-01   7.812500e-03   7.812500e-02
 -1.328125e-01   7.812500e-03   1.093750e-01
 -1.328125e-01   2.343750e-02  -1.093750e-01
 -1.328125e-01   2.343750e-02  -7.812500e-02
 -1.328125e-01   2.343750e-02  -4.687500e-02
 -1.328125e-01   2.343750e-02  -1.562500e-02
 -1.328125e-01   2.343750e-02   1.562500e-02
 -1.328125e-01   2.343750e-02   4.687500e-02
 -1.328125e-01   2.343750e-02   7.812500e-02
 -1.328125e-01   2.343750e-02   1.093750e-01
 -1.328125e-01   3.906250e-02  -1.093750e-01
 -1.328125e-01   3.906250e-02  -7.812500e-02
 -1.328125e-01   3.906250e-02  -4.687500e-02
 -1.328125e-01   3.906250e-02  -1.562500e-02
 -1.328125e-01   3.906250e-02   1.562500e-02
 -1.328125e-01   3.906250e-02   4.687500e-02
 -1.328125e-01   3.906250e-02   7.812500e-02
 -1.328125e-01   3.906250e-02   1.093750e-01
 -1.328125e-01   5.468750e-02  -1.093750e-01
 -1.328125e-01   5.468750e-02  -7.812500e-02
 -1.328125e-01   5.468750e-02  -4.687500e-02
 -1.328125e-01   5.468750e-02  -1.562500e-02
 -1.328125e-01   5.468750e-02   1.562500e-02
 -1.328125e-01   5.468750e-02   4.687500e-02
 -1.328125e-01   5.468750e-02   7.812500e-02
 -1.328125e-01   5.468750e-02   1.093750e-01
 -1.328125e-01   7.031250e-02  -1.093750e-01
 -1.328125e-01   7.031250e-02  -7.812500e-02
 -1.328125e-01   7.031250e-02  -4.687500e-02
 -1.328125e-01   7.031250e-02  -1.562500e-02
 -1.328125e-01   7.031250e-02   1.562500e-02
 -1.328125e-01   7.031250e-02   4.687500e-02
 -1.328125e-01   7.031250e-02   7.812500e-02
 -1.328125e-01   7.031250e-02   1.093750e-01
 -1.328125e-01   8.593750e-02  -1.093750e-01
 -1.328125e-01   8.593750e-02  -7.812500e-02
 -1.328125e-01   8.593750e-02  -4.687500e-02
 -1.328125e-01   8.593750e-02  -1.562500e-02
 -1.328125e-01   8.593750e-02   1.562500e-02
 -1.328125e-01   8.593750e-02   4.687500e-02
 -1.328125e-01   8.593750e-02   7.812500e-02
 -1.328125e-01   8.593750e-02   1.093750e-01
 -1.328125e-01   1.015625e-01  -1.093750e-01
 -1.328125e-01   1.015625e-01  -7.812500e-02
 -1.328125e-01   1.015625e-01  -4.687500e-02
 -1.328125e-01   1.015625e-01  -1.562500e-02
 -1.328125e-01   1.015625e-01   1.562500e-02
 -1.328125e-01   1.015625e-01   4.687500e-02
 -1.328125e-01   1.015625e-01   7.812500e-02
 -1.328125e-01   1.015625e-01   1.093750e-01
 -1.328125e-01   1.171875e-01  -1.093750e-01
 -1.328125e-01   1.171875e-01  -7.812500e-02
 -1.328125e-01   1.171875e-01  -4.687500e-02
 -1.328125e-01   1.171875e-01  -1.562500e-02
 -1.328125e-01   1.171875e-01   1.562500e-02
 -1.328125e-01   1.171875e-01   4.687500e-02
 -1.328125e-01   1.171875e-01   7.812500e-02
 -1.328125e-01   1.171875e-01   1.093750e-01
 -1.328125e-01   1.328125e-01  -1.093750e-01
 -1.328125e-01   1.328125e-01  -7.812500e-02
 -1.328125e-01   1.328125e-01  -4.687500e-02
 -1.328125e-01   1.328125e-01  -1.562500e-02
 -1.328125e-01   1.328125e-01   1.562500e-02
 -1.328125e-01   1.328125e-01   4.687500e-02
 -1.328125e-01   1.328125e-01   7.812500e-02
 -1.328125e-01   1.328125e-01   1.093750e-01
 -1.328125e-01   1.484375e-01  -1.093750e-01
 -1.328125e-01   1.484375e-01  -7.812500e-02
 -1.328125e-01   1.484375e-01  -4.687500e-02
 -1.328125e-01   1.484375e-01  -1.562500e-02
 -1.328125e-01   1.484375e-01   1.562500e-02
 -1.328125e-01   1.484375e-01   4.687500e-02
 -1.328125e-01   1.484375e-01   7.812500e-02
 -1.328125e-01   1.484375e-01   1.093750e-01
 -1.328125e-01   1.640625e-01  -1.093750e-01
 -1.328125e-01   1.640625e-01  -7.812500e-02
 -1.328125e-01   1.640625e-01  -4.687500e-02
 -1.328125e-01   1.640625e-01  -1.562500e-02
 -1.328125e-01   1.640625e-01   1.562500e-02
 -1.328125e-01   1.640625e-01   4.687500e-02
 -1.328125e-01   1.640625e-01   7.812500e-02
 -1.328125e-01   1.640625e-01   1.093750e-01
 -1.328125e-01   1.796875e-01  -1.093750e-01
 -1.328125e-01   1.796875e-01  -7.812500e-02
 -1.328125e-01   1.796875e-01  -4.687500e-02
 -1.328125e-01   1.796875e-01  -1.562500e-02
 -1.328125e-01   1.796875e-01   1.562500e-02
 -1.328125e-01   1.796875e-01   4.687500e-02
 -1.328125e-01   1.796875e-01   7.812500e-02
 -1.328125e-01   1.796875e-01   1.093750e-01
 -1.328125e-01   1.953125e-01  -1.093750e-01
 -1.328125e-01   1.953125e-01  -7.812500e-02
 -1.328125e-01   1.953125e-01  -4.687500e-02
 -1.328125e-01   1.953125e-01  -1.562500e-02
 -1.328125e-01   1.953125e-01   1.562500e-02
 -1.328125e-01   1.953125e-01   4.687500e-02
 -1.328125e-01   1.953125e-01   7.812500e-02
 -1.328125e-01   1.953125e-01   1.093750e-01
 -1.328125e-01   2.109375e-01  -1.093750e-01
 -1.328125e-01   2.109375e-01  -7.812500e-02
 -1.328125e-01   2.109375e-01  -4.687500e-02
 -1.328125e-01   2.109375e-01  -1.562500e-02
 -1.328125e-01   2.109375e-01   1.562500e-02
 -1.328125e-01   2.109375e-01   4.687500e-02
 -1.328125e-01   2.109375e-01   7.812500e-02
 -1.328125e-01   2.109375e-01   1.093750e-01
 -1.328125e-01   2.265625e-01  -1.093750e-01
 -1.328125e-01   2.265625e-01  -7.812500e-02
 -1.328125e-01   2.265625e-01  -4.687500e-02
 -1.328125e-01   2.265625e-01  -1.562500e-02
 -1.328125e-01   2.265625e-01   1.562500e-02
 -1.328125e-01   2.265625e-01   4.687500e-02
 -1.328125e-01   2.265625e-01   7.812500e-02
 -1.328125e-01   2.265625e-01   1.093750e-01
 -1.328125e-01   2.421875e-01  -1.093750e-01
 -1.328125e-01   2.421875e-01  -7.812500e-02
 -1.328125e-01   2.421875e-01  -4.687500e-02
 -1.328125e-01   2.421875e-01  -1.562500e-02
 -1.328125e-01   2.421875e-01   1.562500e-02
 -1.328125e-01   2.421875e-01   4.687500e-02
 -1.328125e-01   2.421875e-01   7.812500e-02
 -1.328125e-01   2.421875e-01   1.093750e-01
 -1.171875e-01  -2.421875e-01  -1.093750e-01
 -1.171875e-01  -2.421875e-01  -7.812500e-02
 -1.171875e-01  -2.421875e-01  -4.687500e-02
 -1.171875e-01  -2.421875e-01  -1.562500e-02
 -1.171875e-01  -2.421875e-01   1.562500e-02
 -1.171875e-01  -2.421875e-01   4.687500e-02
 -1.171875e-01  -2.421875e-01   7.812500e-02
 -1.171875e-01  -2.421875e-01   1.093750e-01
 -1.171875e-01  -2.265625e-01  -1.093750e-01
 -1.171875e-01  -2.265625e-01  -7.812500e-02
 -1.171875e-01  -2.265625e-01  -4.687500e-02
 -1.171875e-01  -2.265625e-01  -1.562500e-02
 -1.171875e-01  -2.265625e-01   1.562500e-02
 -1.171875e-01  -2.265625e-01   4.687500e-02
 -1.171875e-01  -2.265625e-01   7.812500e-02
 -1.171875e-01  -2.265625e-01   1.093750e-01
 -1.171875e-01  -2.109375e-01  -1.093750e-01
 -1.171875e-01  -2.109375e-01  -7.812500e-02
 -1.171875e-01  -2.109375e-01  -4.687500e-02
 -1.171875e-01  -2.109375e-01  -1.562500e-02
 -1.171875e-01  -2.109375e-01   1.562500e-02
 -1.171875e-01  -2.109375e-01   4.687500e-02
 -1.171875e-01  -2.109375e-01   7.812500e-02
 -1.171875e-01  -2.109375e-01   1.093750e-01
 -1.171875e-01  -1.953125e-01  -1.093750e-01
 -1.171875e-01  -1.953125e-01  -7.812500e-02
 -1.171875e-01  -1.953125e-01  -4.687500e-02
 -1.171875e-01  -1.953125e-01  -1.562500e-02
 -1.171875e-01  -1.953125e-01   1.562500e-02
 -1.171875e-01  -1.953125e-01   4.687500e-02
 -1.171875e-01  -1.953125e-01   7.812500e-02
 -1.171875e-01  -1.953125e-01   1.093750e-01
 -1.171875e-01  -1.796875e-01  -1.093750e-01
 -1.171875e-01  -1.796875e-01  -7.812500e-02
 -1.171875e-01  -1.796875e-01  -4.687500e-02
 -1.171875e-01  -1.796875e-01  -1.562500e-02
 -1.171875e-01  -1.796875e-01   1.562500e-02
 -1.171875e-01  -1.796875e-01   4.687500e-02
 -1.171875e-01  -1.796875e-01   7.812500e-02
 -1.171875e-01  -1.796875e-01   1.093750e-01
 -1.171875e-01  -1.640625e-01  -1.093750e-01
 -1.171875e-01  -1.640625e-01  -7.812500e-02
 -1.171875e-01  -1.640625e-01  -4.687500e-02
 -1.171875e-01  -1.640625e-01  -1.562500e-02
 -1.171875e-01  -1.640625e-01   1.562500e-02
 -1.171875e-01  -1.640625e-01   4.687500e-02
 -1.171875e-01  -1.640625e-01   7.812500e-02
 -1.171875e-01  -1.640625e-01   1.093750e-01
 -1.171875e-01  -1.484375e-01  -1.093750e-01
 -1.171875e-01  -1.484375e-01  -7.812500e-02
 -1.171875e-01  -1.484375e-01  -4.687500e-02
 -1.171875e-01  -1.484375e-01  -1.562500e-02
 -1.171875e-01  -1.484375e-01   1.562500e-02
 -1.171875e-01  -1.484375e-01   4.687500e-02
 -1.171875e-01  -1.484375e-01   7.812500e-02
 -1.171875e-01  -1.484375e-01   1.093750e-01
 -1.171875e-01  -1.328125e-01  -1.093750e-01
 -1.171875e-01  -1.328125e-01  -7.812500e-02
 -1.171875e-01  -1.328125e-01  -4.687500e-02
 -1.171875e-01  -1.328125e-01  -1.562500e-02
 -1.171875e-01  -1.328125e-01   1.562500e-02
 -1.171875e-01  -1.328125e-01   4.687500e-02
 -1.171875e-01  -1.328125e-01   7.812500e-02
 -1.171875e-01  -1.328125e-01   1.093750e-01
 -1.171875e-01  -1.171875e-01  -1.093750e-01
 -1.171875e-01  -1.171875e-01  -7.812500e-02
 -1.171875e-01  -1.171875e-01  -4.687500e-02
 -1.171875e-01  -1.171875e-01  -1.562500e-02
 -1.171875e-01  -1.171875e-01   1.562500e-02
 -1.171875e-01  -1.171875e-01   4.687500e-02
 -1.171875e-01  -1.171875e-01   7.812500e-02
 -1.171875e-01  -1.171875e-01   1.093750e-01
 -1.171875e-01  -1.015625e-01  -1.093750e-01
 -1.171875e-01  -1.015625e-01  -7.812500e-02
 -1.171875e-01  -1.015625e-01  -4.687500e-02
 -1.171875e-01  -1.015625e-01  -1.562500e-02
 -1.171875e-01  -1.015625e-01   1.562500e-02
 -1.171875e-01  -1.015625e-01   4.687500e-02
 -1.171875e-01  -1.015625e-01   7.812500e-02
 -1.171875e-01  -1.015625e-01   1.093750e-01
 -1.171875e-01  -8.593750e-02  -1.093750e-01
 -1.171875e-01  -8.593750e-02  -7.812500e-02
 -1.171875e-01  -8.593750e-02  -4.687500e-02
 -1.171875e-01  -8.593750e-02  -1.562500e-02
 -1.171875e-01  -8.593750e-02   1.562500e-02
 -1.171875e-01  -8.593750e-02   4.687500e-02
 -1.171875e-01  -8.593750e-02   7.812500e-02
 -1.171875e-01  -8.593750e-02   1.093750e-01
 -1.171875e-01  -7.031250e-02  -1.093750e-01
 -1.171875e-01  -7.031250e-02  -7.812500e-02
 -1.171875e-01  -7.031250e-02  -4.687500e-02
 -1.171875e-01  -7.031250e-02  -1.562500e-02
 -1.171875e-01  -7.031250e-02   1.562500e-02
 -1.171875e-01  -7.031250e-02   4.687500e-02
 -1.171875e-01  -7.031250e-02   7.812500e-02
 -1.171875e-01  -7.031250e-02   1.093750e-01
 -1.171875e-01  -5.468750e-02  -1.093750e-01
 -1.171875e-01  -5.468750e-02  -7.812500e-02
 -1.171875e-01  -5.468750e-02  -4.687500e-02
 -1.171875e-01  -5.468750e-02  -1.562500e-02
 -1.171875e-01  -5.468750e-02   1.562500e-02
 -1.171875e-01  -5.468750e-02   4.687500e-02
 -1.171875e-01  -5.468750e-02   7.812500e-02
 -1.171875e-01  -5.468750e-02   1.093750e-01
 -1.171875e-01  -3.906250e-02  -1.093750e-01
 -1.171875e-01  -3.906250e-02  -7.812500e-02
 -1.171875e-01  -3.906250e-02  -4.687500e-02
 -1.171875e-01  -3.906250e-02  -1.562500e-02
 -1.171875e-01  -3.906250e-02   1.562500e-02
 -1.171875e-01  -3.906250e-02   4.687500e-02
 -1.171875e-01  -3.906250e-02   7.812500e-02
 -1.171875e-01  -3.906250e-02   1.093750e-01
 -1.171875e-01  -2.343750e-02  -1.093750e-01
 -1.171875e-01  -2.343750e-02  -7.812500e-02
 -1.171875e-01  -2.343750e-02  -4.687500e-02
 -1.171875e-01  -2.343750e-02  -1.562500e-02
 -1.171875e-01  -2.343750e-02   1.562500e-02
 -1.171875e-01  -2.343750e-02   4.687500e-02
 -1.171875e-01  -2.343750e-02   7.812500e-02
 -1.171875e-01  -2.343750e-02   1.093750e-01
 -1.171875e-01  -7.812500e-03  -1.093750e-01
 -1.171875e-01  -7.812500e-03  -7.812500e-02
 -1.171875e-01  -7.812500e-03  -4.687500e-02
 -1.171875e-01  -7.812500e-03  -1.562500e-02
 -1.171875e-01  -7.812500e-03   1.562500e-02
 -1.171875e-01  -7.812500e-03   4.687500e-02
 -1.171875e-01  -7.812500e-03   7.812500e-02
 -1.171875e-01  -7.812500e-03   1.093750e-01
 -1.171875e-01   7.812500e-03  -1.093750e-01
 -1.171875e-01   7.812500e-03  -7.812500e-02
 -1.171875e-01   7.812500e-03  -4.687500e-02
 -1.171875e-01   7.812500e-03  -1.562500e-02
 -1.171875e-01   7.812500e-03   1.562500e-02
 -1.171875e-01   7.812500e-03   4.687500e-02
 -1.171875e-01   7.812500e-03   7.812500e-02
 -1.171875e-01   7.812500e-03   1.093750e-01
 -1.171875e-01   2.343750e-02  -1.093750e-01
 -1.171875e-01   2.343750e-02  -7.812500e-02
 -1.171875e-01   2.343750e-02  -4.687500e-02
 -1.171875e-01   2.343750e-02  -1.562500e-02
 -1.171875e-01   2.343750e-02   1.562500e-02
 -1.171875e-01   2.343750e-02   4.687500e-02
 -1.171875e-01   2.343750e-02   7.812500e-02
 -1.171875e-01   2.343750e-02   1.093750e-01
 -1.171875e-01   3.906250e-02  -1.093750e-01
 -1.171875e-01   3.906250e-02  -7.812500e-02
 -1.171875e-01   3.906250e-02  -4.687500e-02
 -1.171875e-01   3.906250e-02  -1.562500e-02
 -1.171875e-01   3.906250e-02   1.562500e-02
 -1.171875e-01   3.906250e-02   4.687500e-02
 -1.171875e-01   3.906250e-02   7.812500e-02
 -1.171875e-01   3.906250e-02   1.093750e-01
 -1.171875e-01   5.468750e-02  -1.093750e-01
 -1.171875e-01   5.468750e-02  -7.812500e-02
 -1.171875e-01   5.468750e-02  -4.687500e-02
 -1.171875e-01   5.468750e-02  -1.562500e-02
 -1.171875e-01   5.468750e-02   1.562500e-02
 -1.171875e-01   5.468750e-02   4.687500e-02
 -1.171875e-01   5.468750e-02   7.812500e-02
 -1.171875e-01   5.468750e-02   1.093750e-01
 -1.171875e-01   7.031250e-02  -1.093750e-01
 -1.171875e-01   7.031250e-02  -7.812500e-02
 -1.171875e-01   7.031250e-02  -4.687500e-02
 -1.171875e-01   7.031250e-02  -1.562500e-02
 -1.171875e-01   7.031250e-02   1.562500e-02
 -1.171875e-01   7.031250e-02   4.687500e-02
 -1.171875e-01   7.031250e-02   7.812500e-02
 -1.171875e-01   7.031250e-02   1.093750e-01
 -1.171875e-01   8.593750e-02  -1.093750e-01
 -1.171875e-01   8.593750e-02  -7.812500e-02
 -1.171875e-01   8.593750e-02  -4.687500e-02
 -1.171875e-01   8.593750e-02  -1.562500e-02
 -1.171875e-01   8.593750e-02   1.562500e-02
 -1.171875e-01   8.593750e-02   4.687500e-02
 -1.171875e-01   8.593750e-02   7.812500e-02
 -1.171875e-01   8.593750e-02   1.093750e-01
 -1.171875e-01   1.015625e-01  -1.093750e-01
 -1.171875e-01   1.015625e-01  -7.812500e-02
 -1.171875e-01   1.015625e-01  -4.687500e-02
 -1.171875e-01   1.015625e-01  -1.562500e-02
 -1.171875e-01   1.015625e-01   1.562500e-02
 -1.171875e-01   1.015625e-01   4.687500e-02
 -1.171875e-01   1.015625e-01   7.812500e-02
 -1.171875e-01   1.015625e-01   1.093750e-01
 -1.171875e-01   1.171875e-01  -1.093750e-01
 -1.171875e-01   1.171875e-01  -7.812500e-02
 -1.171875e-01   1.171875e-01  -4.687500e-02
 -1.171875e-01   1.171875e-01  -1.562500e-02
 -1.171875e-01   1.171875e-01   1.562500e-02
 -1.171875e-01   1.171875e-01   4.687500e-02
 -1.171875e-01   1.171875e-01   7.812500e-02
 -1.171875e-01   1.171875e-01   1.093750e-01
 -1.171875e-01   1.328125e-01  -1.093750e-01
 -1.171875e-01   1.328125e-01  -7.812500e-02
 -1.171875e-01   1.328125e-01  -4.687500e-02
 -1.171875e-01   1.328125e-01  -1.562500e-02
 -1.171875e-01   1.328125e-01   1.562500e-02
 -1.171875e-01   1.328125e-01   4.687500e-02
 -1.171875e-01   1.328125e-01   7.812500e-02
 -1.171875e-01   1.328125e-01   1.093750e-01
 -1.171875e-01   1.484375e-01  -1.093750e-01
 -1.171875e-01   1.484375e-01  -7.812500e-02
 -1.171875e-01   1.484375e-01  -4.687500e-02
 -1.171875e-01   1.484375e-01  -1.562500e-02
 -1.171875e-01   1.484375e-01   1.562500e-02
 -1.171875e-01   1.484375e-01   4.687500e-02
 -1.171875e-01   1.484375e-01   7.812500e-02
 -1.171875e-01   1.484375e-01   1.093750e-01
 -1.171875e-01   1.640625e-01  -1.093750e-01
 -1.171875e-01   1.640625e-01  -7.812500e-02
 -1.171875e-01   1.640625e-01  -4.687500e-02
 -1.171875e-01   1.640625e-01  -1.562500e-02
 -1.171875e-01   1.640625e-01   1.562500e-02
 -1.171875e-01   1.640625e-01   4.687500e-02
 -1.171875e-01   1.640625e-01   7.812500e-02
 -1.171875e-01   1.640625e-01   1.093750e-01
 -1.171875e-01   1.796875e-01  -1.093750e-01
 -1.171875e-01   1.796875e-01  -7.812500e-02
 -1.171875e-01   1.796875e-01  -4.687500e-02
 -1.171875e-01   1.796875e-01  -1.562500e-02
 -1.171875e-01   1.796875e-01   1.562500e-02
 -1.171875e-01   1.796875e-01   4.687500e-02
 -1.171875e-01   1.796875e-01   7.812500e-02
 -1.171875e-01   1.796875e-01   1.093750e-01
 -1.171875e-01   1.953125e-01  -1.093750e-01
 -1.171875e-01   1.953125e-01  -7.812500e-02
 -1.171875e-01   1.953125e-01  -4.687500e-02
 -1.171875e-01   1.953125e-01  -1.562500e-02
 -1.171875e-01   1.953125e-01   1.562500e-02
 -1.171875e-01   1.953125e-01   4.687500e-02
 -1.171875e-01   1.953125e-01   7.812500e-02
 -1.171875e-01   1.953125e-01   1.093750e-01
 -1.171875e-01   2.109375e-01  -1.093750e-01
 -1.171875e-01   2.109375e-01  -7.812500e-02
 -1.171875e-01   2.109375e-01  -4.687500e-02
 -1.171875e-01   2.109375e-01  -1.562500e-02
 -1.171875e-01   2.109375e-01   1.562500e-02
 -1.171875e-01   2.109375e-01   4.687500e-02
 -1.171875e-01   2.109375e-01   7.812500e-02
 -1.171875e-01   2.109375e-01   1.093750e-01
 -1.171875e-01   2.265625e-01  -1.093750e-01
 -1.171875e-01   2.265625e-01  -7.812500e-02
 -1.171875e-01   2.265625e-01  -4.687500e-02
 -1.171875e-01   2.265625e-01  -1.562500e-02
 -1.171875e-01   2.265625e-01   1.562500e-02
 -1.171875e-01   2.265625e-01   4.687500e-02
 -1.171875e-01   2.265625e-01   7.812500e-02
 -1.171875e-01   2.265625e-01   1.093750e-01
 -1.171875e-01   2.421875e-01  -1.093750e-01
 -1.171875e-01   2.421875e-01  -7.812500e-02
 -1.171875e-01   2.421875e-01  -4.687500e-02
 -1.171875e-01   2.421875e-01  -1.562500e-02
 -1.171875e-01   2.421875e-01   1.562500e-02
 -1.171875e-01   2.421875e-01   4.687500e-02
 -1.171875e-01   2.421875e-01   7.812500e-02
 -1.171875e-01   2.421875e-01   1.093750e-01
 -1.015625e-01  -2.421875e-01  -1.093750e-01
 -1.015625e-01  -2.421875e-01  -7.812500e-02
 -1.015625e-01  -2.421875e-01  -4.687500e-02
 -1.015625e-01  -2.421875e-01  -1.562500e-02
 -1.015625e-01  -2.421875e-01   1.562500e-02
 -1.015625e-01  -2.421875e-01   4.687500e-02
 -1.015625e-01  -2.421875e-01   7.812500e-02
 -1.015625e-01  -2.421875e-01   1.093750e-01
 -1.015625e-01  -2.265625e-01  -1.093750e-01
 -1.015625e-01  -2.265625e-01  -7.812500e-02
 -1.015625e-01  -2.265625e-01  -4.687500e-02
 -1.015625e-01  -2.265625e-01  -1.562500e-02
 -1.015625e-01  -2.265625e-01   1.562500e-02
 -1.015625e-01  -2.265625e-01   4.687500e-02
 -1.015625e-01  -2.265625e-01   7.812500e-02
 -1.015625e-01  -2.265625e-01   1.093750e-01
 -1.015625e-01  -2.109375e-01  -1.093750e-01
 -1.015625e-01  -2.109375e-01  -7.812500e-02
 -1.015625e-01  -2.109375e-01  -4.687500e-02
 -1.015625e-01  -2.109375e-01  -1.562500e-02
 -1.015625e-01  -2.109375e-01   1.562500e-02
 -1.015625e-01  -2.109375e-01   4.687500e-02
 -1.015625e-01  -2.109375e-01   7.812500e-02
 -1.015625e-01  -2.109375e-01   1.093750e-01
 -1.015625e-01  -1.953125e-01  -1.093750e-01
 -1.015625e-01  -1.953125e-01  -7.812500e-02
 -1.015625e-01  -1.953125e-01  -4.687500e-02
 -1.015625e-01  -1.953125e-01  -1.562500e-02
 -1.015625e-01  -1.953125e-01   1.562500e-02
 -1.015625e-01  -1.953125e-01   4.687500e-02
 -1.015625e-01  -1.953125e-01   7.812500e-02
 -1.015625e-01  -1.953125e-01   1.093750e-01
 -1.015625e-01  -1.796875e-01  -1.093750e-01
 -1.015625e-01  -1.796875e-01  -7.812500e-02
 -1.015625e-01  -1.796875e-01  -4.687500e-02
 -1.015625e-01  -1.796875e-01  -1.562500e-02
 -1.015625e-01  -1.796875e-01   1.562500e-02
 -1.015625e-01  -1.796875e-01   4.687500e-02
 -1.015625e-01  -1.796875e-01   7.812500e-02
 -1.015625e-01  -1.796875e-01   1.093750e-01
 -1.015625e-01  -1.640625e-01  -1.093750e-01
 -1.015625e-01  -1.640625e-01  -7.812500e-02
 -1.015625e-01  -1.640625e-01  -4.687500e-02
 -1.015625e-01  -1.640625e-01  -1.562500e-02
 -1.015625e-01  -1.640625e-01   1.562500e-02
 -1.015625e-01  -1.640625e-01   4.687500e-02
 -1.015625e-01  -1.640625e-01   7.812500e-02
 -1.015625e-01  -1.640625e-01   1.093750e-01
 -1.015625e-01  -1.484375e-01  -1.093750e-01
 -1.015625e-01  -1.484375e-01  -7.812500e-02
 -1.015625e-01  -1.484375e-01  -4.687500e-02
 -1.015625e-01  -1.484375e-01  -1.562500e-02
 -1.015625e-01  -1.484375e-01   1.562500e-02
 -1.015625e-01  -1.484375e-01   4.687500e-02
 -1.015625e-01  -1.484375e-01   7.812500e-02
 -1.015625e-01  -1.484375e-01   1.093750e-01
 -1.015625e-01  -1.328125e-01  -1.093750e-01
 -1.015625e-01  -1.328125e-01  -7.812500e-02
 -1.015625e-01  -1.328125e-01  -4.687500e-02
 -1.015625e-01  -1.328125e-01  -1.562500e-02
 -1.015625e-01  -1.328125e-01   1.562500e-02
 -1.015625e-01  -1.328125e-01   4.687500e-02
 -1.015625e-01  -1.328125e-01   7.812500e-02
 -1.015625e-01  -1.328125e-01   1.093750e-01
 -1.015625e-01  -1.171875e-01  -1.093750e-01
 -1.015625e-01  -1.171875e-01  -7.812500e-02
 -1.015625e-01  -1.171875e-01  -4.687500e-02
 -1.015625e-01  -1.171875e-01  -1.562500e-02
 -1.015625e-01  -1.171875e-01   1.562500e-02
 -1.015625e-01  -1.171875e-01   4.687500e-02
 -1.015625e-01  -1.171875e-01   7.812500e-02
 -1.015625e-01  -1.171875e-01   1.093750e-01
 -1.015625e-01  -1.015625e-01  -1.093750e-01
 -1.015625e-01  -1.015625e-01  -7.812500e-02
 -1.015625e-01  -1.015625e-01  -4.687500e-02
 -1.015625e-01  -1.015625e-01  -1.562500e-02
 -1.015625e-01  -1.015625e-01   1.562500e-02
 -1.015625e-01  -1.015625e-01   4.687500e-02
 -1.015625e-01  -1.015625e-01   7.812500e-02
 -1.015625e-01  -1.015625e-01   1.093750e-01
 -1.015625e-01  -8.593750e-02  -1.093750e-01
 -1.015625e-01  -8.593750e-02  -7.812500e-02
 -1.015625e-01  -8.593750e-02  -4.687500e-02
 -1.015625e-01  -8.593750e-02  -1.562500e-02
 -1.015625e-01  -8.593750e-02   1.562500e-02
 -1.015625e-01  -8.593750e-02   4.687500e-02
 -1.015625e-01  -8.593750e-02   7.812500e-02
 -1.015625e-01  -8.593750e-02   1.093750e-01
 -1.015625e-01  -7.031250e-02  -1.093750e-01
 -1.015625e-01  -7.031250e-02  -7.812500e-02
 -1.015625e-01  -7.031250e-02  -4.687500e-02
 -1.015625e-01  -7.031250e-02  -1.562500e-02
 -1.015625e-01  -7.031250e-02   1.562500e-02
 -1.015625e-01  -7.031250e-02   4.687500e-02
 -1.015625e-01  -7.031250e-02   7.812500e-02
 -1.015625e-01  -7.031250e-02   1.093750e-01
 -1.015625e-01  -5.468750e-02  -1.093750e-01
 -1.015625e-01  -5.468750e-02  -7.812500e-02
 -1.015625e-01  -5.468750e-02  -4.687500e-02
 -1.015625e-01  -5.468750e-02  -1.562500e-02
 -1.015625e-01  -5.468750e-02   1.562500e-02
 -1.015625e-01  -5.468750e-02   4.687500e-02
 -1.015625e-01  -5.468750e-02   7.812500e-02
 -1.015625e-01  -5.468750e-02   1.093750e-01
 -1.015625e-01  -3.906250e-02  -1.093750e-01
 -1.015625e-01  -3.906250e-02  -7.812500e-02
 -1.015625e-01  -3.906250e-02  -4.687500e-02
 -1.015625e-01  -3.906250e-02  -1.562500e-02
 -1.015625e-01  -3.906250e-02   1.562500e-02
 -1.015625e-01  -3.906250e-02   4.687500e-02
 -1.015625e-01  -3.906250e-02   7.812500e-02
 -1.015625e-01  -3.906250e-02   1.093750e-01
 -1.015625e-01  -2.343750e-02  -1.093750e-01
 -1.015625e-01  -2.343750e-02  -7.812500e-02
 -1.015625e-01  -2.343750e-02  -4.687500e-02
 -1.015625e-01  -2.343750e-02  -1.562500e-02
 -1.015625e-01  -2.343750e-02   1.562500e-02
 -1.015625e-01  -2.343750e-02   4.687500e-02
 -1.015625e-01  -2.343750e-02   7.812500e-02
 -1.015625e-01  -2.343750e-02   1.093750e-01
 -1.015625e-01  -7.812500e-03  -1.093750e-01
 -1.015625e-01  -7.812500e-03  -7.812500e-02
 -1.015625e-01  -7.812500e-03  -4.687500e-02
 -1.015625e-01  -7.812500e-03  -1.562500e-02
 -1.015625e-01  -7.812500e-03   1.562500e-02
 -1.015625e-01  -7.812500e-03   4.687500e-02
 -1.015625e-01  -7.812500e-03   7.812500e-02
 -1.015625e-01  -7.812500e-03   1.093750e-01
 -1.015625e-01   7.812500e-03  -1.093750e-01
 -1.015625e-01   7.812500e-03  -7.812500e-02
 -1.015625e-01   7.812500e-03  -4.687500e-02
 -1.015625e-01   7.812500e-03  -1.562500e-02
 -1.015625e-01   7.812500e-03   1.562500e-02
 -1.015625e-01   7.812500e-03   4.687500e-02
 -1.015625e-01   7.812500e-03   7.812500e-02
 -1.015625e-01   7.812500e-03   1.093750e-01
 -1.015625e-01   2.343750e-02  -1.093750e-01
 -1.015625e-01   2.343750e-02  -7.812500e-02
 -1.015625e-01   2.343750e-02  -4.687500e-02
 -1.015625e-01   2.343750e-02  -1.562500e-02
 -1.015625e-01   2.343750e-02   1.562500e-02
 -1.015625e-01   2.343750e-02   4.687500e-02
 -1.015625e-01   2.343750e-02   7.812500e-02
 -1.015625e-01   2.343750e-02   1.093750e-01
 -1.015625e-01   3.906250e-02  -1.093750e-01
 -1.015625e-01   3.906250e-02  -7.812500e-02
 -1.015625e-01   3.906250e-02  -4.687500e-02
 -1.015625e-01   3.906250e-02  -1.562500e-02
 -1.015625e-01   3.906250e-02   1.562500e-02
 -1.015625e-01   3.906250e-02   4.687500e-02
 -1.015625e-01   3.906250e-02   7.812500e-02
 -1.015625e-01   3.906250e-02   1.093750e-01
 -1.015625e-01   5.468750e-02  -1.093750e-01
 -1.015625e-01   5.468750e-02  -7.812500e-02
 -1.015625e-01   5.468750e-02  -4.687500e-02
 -1.015625e-01   5.468750e-02  -1.562500e-02
 -1.015625e-01   5.468750e-02   1.562500e-02
 -1.015625e-01   5.468750e-02   4.687500e-02
 -1.015625e-01   5.468750e-02   7.812500e-02
 -1.015625e-01   5.468750e-02   1.093750e-01
 -1.015625e-01   7.031250e-02  -1.093750e-01
 -1.015625e-01   7.031250e-02  -7.812500e-02
 -1.015625e-01   7.031250e-02  -4.687500e-02
 -1.015625e-01   7.031250e-02  -1.562500e-02
 -1.015625e-01   7.031250e-02   1.562500e-02
 -1.015625e-01   7.031250e-02   4.687500e-02
 -1.015625e-01   7.031250e-02   7.812500e-02
 -1.015625e-01   7.031250e-02   1.093750e-01
 -1.015625e-01   8.593750e-02  -1.093750e-01
 -1.015625e-01   8.593750e-02  -7.812500e-02
 -1.015625e-01   8.593750e-02  -4.687500e-02
 -1.015625e-01   8.593750e-02  -1.562500e-02
 -1.015625e-01   8.593750e-02   1.562500e-02
 -1.015625e-01   8.593750e-02   4.687500e-02
 -1.015625e-01   8.593750e-02   7.812500e-02
 -1.015625e-01   8.593750e-02   1.093750e-01
 -1.015625e-01   1.015625e-01  -1.093750e-01
 -1.015625e-01   1.015625e-01  -7.812500e-02
 -1.015625e-01   1.015625e-01  -4.687500e-02
 -1.015625e-01   1.015625e-01  -1.562500e-02
 -1.015625e-01   1.015625e-01   1.562500e-02
 -1.015625e-01   1.015625e-01   4.687500e-02
 -1.015625e-01   1.015625e-01   7.812500e-02
 -1.015625e-01   1.015625e-01   1.093750e-01
 -1.015625e-01   1.171875e-01  -1.093750e-01
 -1.015625e-01   1.171875e-01  -7.812500e-02
 -1.015625e-01   1.171875e-01  -4.687500e-02
 -1.015625e-01   1.171875e-01  -1.562500e-02
 -1.015625e-01   1.171875e-01   1.562500e-02
 -1.015625e-01   1.171875e-01   4.687500e-02
 -1.015625e-01   1.171875e-01   7.812500e-02
 -1.015625e-01   1.171875e-01   1.093750e-01
 -1.015625e-01   1.328125e-01  -1.093750e-01
 -1.015625e-01   1.328125e-01  -7.812500e-02
 -1.015625e-01   1.328125e-01  -4.687500e-02
 -1.015625e-01   1.328125e-01  -1.562500e-02
 -1.015625e-01   1.328125e-01   1.562500e-02
 -1.015625e-01   1.328125e-01   4.687500e-02
 -1.015625e-01   1.328125e-01   7.812500e-02
 -1.015625e-01   1.328125e-01   1.093750e-01
 -1.015625e-01   1.484375e-01  -1.093750e-01
 -1.015625e-01   1.484375e-01  -7.812500e-02
 -1.015625e-01   1.484375e-01  -4.687500e-02
 -1.015625e-01   1.484375e-01  -1.562500e-02
 -1.015625e-01   1.484375e-01   1.562500e-02
 -1.015625e-01   1.484375e-01   4.687500e-02
 -1.015625e-01   1.484375e-01   7.812500e-02
 -1.015625e-01   1.484375e-01   1.093750e-01
 -1.015625e-01   1.640625e-01  -1.093750e-01
 -1.015625e-01   1.640625e-01  -7.812500e-02
 -1.015625e-01   1.640625e-01  -4.687500e-02
 -1.015625e-01   1.640625e-01  -1.562500e-02
 -1.015625e-01   1.640625e-01   1.562500e-02
 -1.015625e-01   1.640625e-01   4.687500e-02
 -1.015625e-01   1.640625e-01   7.812500e-02
 -1.015625e-01   1.640625e-01   1.093750e-01
 -1.015625e-01   1.796875e-01  -1.093750e-01
 -1.015625e-01   1.796875e-01  -7.812500e-02
 -1.015625e-01   1.796875e-01  -4.687500e-02
 -1.015625e-01   1.796875e-01  -1.562500e-02
 -1.015625e-01   1.796875e-01   1.562500e-02
 -1.015625e-01   1.796875e-01   4.687500e-02
 -1.015625e-01   1.796875e-01   7.812500e-02
 -1.015625e-01   1.796875e-01   1.093750e-01
 -1.015625e-01   1.953125e-01  -1.093750e-01
 -1.015625e-01   1.953125e-01  -7.812500e-02
 -1.015625e-01   1.953125e-01  -4.687500e-02
 -1.015625e-01   1.953125e-01  -1.562500e-02
 -1.015625e-01   1.953125e-01   1.562500e-02
 -1.015625e-01   1.953125e-01   4.687500e-02
 -1.015625e-01   1.953125e-01   7.812500e-02
 -1.015625e-01   1.953125e-01   1.093750e-01
 -1.015625e-01   2.109375e-01  -1.093750e-01
 -1.015625e-01   2.109375e-01  -7.812500e-02
 -1.015625e-01   2.109375e-01  -4.687500e-02
 -1.015625e-01   2.109375e-01  -1.562500e-02
 -1.015625e-01   2.109375e-01   1.562500e-02
 -1.015625e-01   2.109375e-01   4.687500e-02
 -1.015625e-01   2.109375e-01   7.812500e-02
 -1.015625e-01   2.109375e-01   1.093750e-01
 -1.015625e-01   2.265625e-01  -1.093750e-01
 -1.015625e-01   2.265625e-01  -7.812500e-02
 -1.015625e-01   2.265625e-01  -4.687500e-02
 -1.015625e-01   2.265625e-01  -1.562500e-02
 -1.015625e-01   2.265625e-01   1.562500e-02
 -1.015625e-01   2.265625e-01   4.687500e-02
 -1.015625e-01   2.265625e-01   7.812500e-02
 -1.015625e-01   2.265625e-01   1.093750e-01
 -1.015625e-01   2.421875e-01  -1.093750e-01
 -1.015625e-01   2.421875e-01  -7.812500e-02
 -1.015625e-01   2.421875e-01  -4.687500e-02
 -1.015625e-01   2.421875e-01  -1.562500e-02
 -1.015625e-01   2.421875e-01   1.562500e-02
 -1.015625e-01   2.421875e-01   4.687500e-02
 -1.015625e-01   2.421875e-01   7.812500e-02
 -1.015625e-01   2.421875e-01   1.093750e-01
 -8.593750e-02  -2.421875e-01  -1.093750e-01
 -8.593750e-02  -2.421875e-01  -7.812500e-02
 -8.593750e-02  -2.421875e-01  -4.687500e-02
 -8.593750e-02  -2.421875e-01  -1.562500e-02
 -8.593750e-02  -2.421875e-01   1.562500e-02
 -8.593750e-02  -2.421875e-01   4.687500e-02
 -8.593750e-02  -2.421875e-01   7.812500e-02
 -8.593750e-02  -2.421875e-01   1.093750e-01
 -8.593750e-02  -2.265625e-01  -1.093750e-01
 -8.593750e-02  -2.265625e-01  -7.812500e-02
 -8.593750e-02  -2.265625e-01  -4.687500e-02
 -8.593750e-02  -2.265625e-01  -1.562500e-02
 -8.593750e-02  -2.265625e-01   1.562500e-02
 -8.593750e-02  -2.265625e-01   4.687500e-02
 -8.593750e-02  -2.265625e-01   7.812500e-02
 -8.593750e-02  -2.265625e-01   1.093750e-01
 -8.593750e-02  -2.109375e-01  -1.093750e-01
 -8.593750e-02  -2.109375e-01  -7.812500e-02
 -8.593750e-02  -2.109375e-01  -4.687500e-02
 -8.593750e-02  -2.109375e-01  -1.562500e-02
 -8.593750e-02  -2.109375e-01   1.562500e-02
 -8.593750e-02  -2.109375e-01   4.687500e-02
 -8.593750e-02  -2.109375e-01   7.812500e-02
 -8.593750e-02  -2.109375e-01   1.093750e-01
 -8.593750e-02  -1.953125e-01  -1.093750e-01
 -8.593750e-02  -1.953125e-01  -7.812500e-02
 -8.593750e-02  -1.953125e-01  -4.687500e-02
 -8.593750e-02  -1.953125e-01  -1.562500e-02
 -8.593750e-02  -1.953125e-01   1.562500e-02
 -8.593750e-02  -1.953125e-01   4.687500e-02
 -8.593750e-02  -1.953125e-01   7.812500e-02
 -8.593750e-02  -1.953125e-01   1.093750e-01
 -8.593750e-02  -1.796875e-01  -1.093750e-01
 -8.593750e-02  -1.796875e-01  -7.812500e-02
 -8.593750e-02  -1.796875e-01  -4.687500e-02
 -8.593750e-02  -1.796875e-01  -1.562500e-02
 -8.593750e-02  -1.796875e-01   1.562500e-02
 -8.593750e-02  -1.796875e-01   4.687500e-02
 -8.593750e-02  -1.796875e-01   7.812500e-02
 -8.593750e-02  -1.796875e-01   1.093750e-01
 -8.593750e-02  -1.640625e-01  -1.093750e-01
 -8.593750e-02  -1.640625e-01  -7.812500e-02
 -8.593750e-02  -1.640625e-01  -4.687500e-02
 -8.593750e-02  -1.640625e-01  -1.562500e-02
 -8.593750e-02  -1.640625e-01   1.562500e-02
 -8.593750e-02  -1.640625e-01   4.687500e-02
 -8.593750e-02  -1.640625e-01   7.812500e-02
 -8.593750e-02  -1.640625e-01   1.093750e-01
 -8.593750e-02  -1.484375e-01  -1.093750e-01
 -8.593750e-02  -1.484375e-01  -7.812500e-02
 -8.593750e-02  -1.484375e-01  -4.687500e-02
 -8.593750e-02  -1.484375e-01  -1.562500e-02
 -8.593750e-02  -1.484375e-01   1.562500e-02
 -8.593750e-02  -1.484375e-01   4.687500e-02
 -8.593750e-02  -1.484375e-01   7.812500e-02
 -8.593750e-02  -1.484375e-01   1.093750e-01
 -8.593750e-02  -1.328125e-01  -1.093750e-01
 -8.593750e-02  -1.328125e-01  -7.812500e-02
 -8.593750e-02  -1.328125e-01  -4.687500e-02
 -8.593750e-02  -1.328125e-01  -1.562500e-02
 -8.593750e-02  -1.328125e-01   1.562500e-02
 -8.593750e-02  -1.328125e-01   4.687500e-02
 -8.593750e-02  -1.328125e-01   7.812500e-02
 -8.593750e-02  -1.328125e-01   1.093750e-01
 -8.593750e-02  -1.171875e-01  -1.093750e-01
 -8.593750e-02  -1.171875e-01  -7.812500e-02
 -8.593750e-02  -1.171875e-01  -4.687500e-02
 -8.593750e-02  -1.171875e-01  -1.562500e-02
 -8.593750e-02  -1.171875e-01   1.562500e-02
 -8.593750e-02  -1.171875e-01   4.687500e-02
 -8.593750e-02  -1.171875e-01   7.812500e-02
 -8.593750e-02  -1.171875e-01   1.093750e-01
 -8.593750e-02  -1.015625e-01  -1.093750e-01
 -8.593750e-02  -1.015625e-01  -7.812500e-02
 -8.593750e-02  -1.015625e-01  -4.687500e-02
 -8.593750e-02  -1.015625e-01  -1.562500e-02
 -8.593750e-02  -1.015625e-01   1.562500e-02
 -8.593750e-02  -1.015625e-01   4.687500e-02
 -8.593750e-02  -1.015625e-01   7.812500e-02
 -8.593750e-02  -1.015625e-01   1.093750e-01
 -8.593750e-02  -8.593750e-02  -1.093750e-01
 -8.593750e-02  -8.593750e-02  -7.812500e-02
 -8.593750e-02  -8.593750e-02  -4.687500e-02
 -8.593750e-02  -8.593750e-02  -1.562500e-02
 -8.593750e-02  -8.593750e-02   1.562500e-02
 -8.593750e-02  -8.593750e-02   4.687500e-02
 -8.593750e-02  -8.593750e-02   7.812500e-02
 -8.593750e-02  -8.593750e-02   1.093750e-01
 -8.593750e-02  -7.031250e-02  -1.093750e-01
 -8.593750e-02  -7.031250e-02  -7.812500e-02
 -8.593750e-02  -7.031250e-02  -4.687500e-02
 -8.593750e-02  -7.031250e-02  -1.562500e-02
 -8.593750e-02  -7.031250e-02   1.562500e-02
 -8.593750e-02  -7.031250e-02   4.687500e-02
 -8.593750e-02  -7.031250e-02   7.812500e-02
 -8.593750e-02  -7.031250e-02   1.093750e-01
 -8.593750e-02  -5.468750e-02  -1.093750e-01
 -8.593750e-02  -5.468750e-02  -7.812500e-02
 -8.593750e-02  -5.468750e-02  -4.687500e-02
 -8.593750e-02  -5.468750e-02  -1.562500e-02
 -8.593750e-02  -5.468750e-02   1.562500e-02
 -8.593750e-02  -5.468750e-02   4.687500e-02
 -8.593750e-02  -5.468750e-02   7.812500e-02
 -8.593750e-02  -5.468750e-02   1.093750e-01
 -8.593750e-02  -3.906250e-02  -1.093750e-01
 -8.593750e-02  -3.906250e-02  -7.812500e-02
 -8.593750e-02  -3.906250e-02  -4.687500e-02
 -8.593750e-02  -3.906250e-02  -1.562500e-02
 -8.593750e-02  -3.906250e-02   1.562500e-02
 -8.593750e-02  -3.906250e-02   4.687500e-02
 -8.593750e-02  -3.906250e-02   7.812500e-02
 -8.593750e-02  -3.906250e-02   1.093750e-01
 -8.593750e-02  -2.343750e-02  -1.093750e-01
 -8.593750e-02  -2.343750e-02  -7.812500e-02
 -8.593750e-02  -2.343750e-02  -4.687500e-02
 -8.593750e-02  -2.343750e-02  -1.562500e-02
 -8.593750e-02  -2.343750e-02   1.562500e-02
 -8.593750e-02  -2.343750e-02   4.687500e-02
 -8.593750e-02  -2.343750e-02   7.812500e-02
 -8.593750e-02  -2.343750e-02   1.093750e-01
 -8.593750e-02  -7.812500e-03  -1.093750e-01
 -8.593750e-02  -7.812500e-03  -7.812500e-02
 -8.593750e-02  -7.812500e-03  -4.687500e-02
 -8.593750e-02  -7.812500e-03  -1.562500e-02
 -8.593750e-02  -7.812500e-03   1.562500e-02
 -8.593750e-02  -7.812500e-03   4.687500e-02
 -8.593750e-02  -7.812500e-03   7.812500e-02
 -8.593750e-02  -7.812500e-03   1.093750e-01
 -8.593750e-02   7.812500e-03  -1.093750e-01
 -8.593750e-02   7.812500e-03  -7.812500e-02
 -8.593750e-02   7.812500e-03  -4.687500e-02
 -8.593750e-02   7.812500e-03  -1.562500e-02
 -8.593750e-02   7.812500e-03   1.562500e-02
 -8.593750e-02   7.812500e-03   4.687500e-02
 -8.593750e-02   7.812500e-03   7.812500e-02
 -8.593750e-02   7.812500e-03   1.093750e-01
 -8.593750e-02   2.343750e-02  -1.093750e-01
 -8.593750e-02   2.343750e-02  -7.812500e-02
 -8.593750e-02   2.343750e-02  -4.687500e-02
 -8.593750e-02   2.343750e-02  -1.562500e-02
 -8.593750e-02   2.343750e-02   1.562500e-02
 -8.593750e-02   2.343750e-02   4.687500e-02
 -8.593750e-02   2.343750e-02   7.812500e-02
 -8.593750e-02   2.343750e-02   1.093750e-01
 -8.593750e-02   3.906250e-02  -1.093750e-01
 -8.593750e-02   3.906250e-02  -7.812500e-02
 -8.593750e-02   3.906250e-02  -4.687500e-02
 -8.593750e-02   3.906250e-02  -1.562500e-02
 -8.593750e-02   3.906250e-02   1.562500e-02
 -8.593750e-02   3.906250e-02   4.687500e-02
 -8.593750e-02   3.906250e-02   7.812500e-02
 -8.593750e-02   3.906250e-02   1.093750e-01
 -8.593750e-02   5.468750e-02  -1.093750e-01
 -8.593750e-02   5.468750e-02  -7.812500e-02
 -8.593750e-02   5.468750e-02  -4.687500e-02
 -8.593750e-02   5.468750e-02  -1.562500e-02
 -8.593750e-02   5.468750e-02   1.562500e-02
 -8.593750e-02   5.468750e-02   4.687500e-02
 -8.593750e-02   5.468750e-02   7.812500e-02
 -8.593750e-02   5.468750e-02   1.093750e-01
 -8.593750e-02   7.031250e-02  -1.093750e-01
 -8.593750e-02   7.031250e-02  -7.812500e-02
 -8.593750e-02   7.031250e-02  -4.687500e-02
 -8.593750e-02   7.031250e-02  -1.562500e-02
 -8.593750e-02   7.031250e-02   1.562500e-02
 -8.593750e-02   7.031250e-02   4.687500e-02
 -8.593750e-02   7.031250e-02   7.812500e-02
 -8.593750e-02   7.031250e-02   1.093750e-01
 -8.593750e-02   8.593750e-02  -1.093750e-01
 -8.593750e-02   8.593750e-02  -7.812500e-02
 -8.593750e-02   8.593750e-02  -4.687500e-02
 -8.593750e-02   8.593750e-02  -1.562500e-02
 -8.593750e-02   8.593750e-02   1.562500e-02
 -8.593750e-02   8.593750e-02   4.687500e-02
 -8.593750e-02   8.593750e-02   7.812500e-02
 -8.593750e-02   8.593750e-02   1.093750e-01
 -8.593750e-02   1.015625e-01  -1.093750e-01
 -8.593750e-02   1.015625e-01  -7.812500e-02
 -8.593750e-02   1.015625e-01  -4.687500e-02
 -8.593750e-02   1.015625e-01  -1.562500e-02
 -8.593750e-02   1.015625e-01   1.562500e-02
 -8.593750e-02   1.015625e-01   4.687500e-02
 -8.593750e-02   1.015625e-01   7.812500e-02
 -8.593750e-02   1.015625e-01   1.093750e-01
 -8.593750e-02   1.171875e-01  -1.093750e-01
 -8.593750e-02   1.171875e-01  -7.812500e-02
 -8.593750e-02   1.171875e-01  -4.687500e-02
 -8.593750e-02   1.171875e-01  -1.562500e-02
 -8.593750e-02   1.171875e-01   1.562500e-02
 -8.593750e-02   1.171875e-01   4.687500e-02
 -8.593750e-02   1.171875e-01   7.812500e-02
 -8.593750e-02   1.171875e-01   1.093750e-01
 -8.593750e-02   1.328125e-01  -1.093750e-01
 -8.593750e-02   1.328125e-01  -7.812500e-02
 -8.593750e-02   1.328125e-01  -4.687500e-02
 -8.593750e-02   1.328125e-01  -1.562500e-02
 -8.593750e-02   1.328125e-01   1.562500e-02
 -8.593750e-02   1.328125e-01   4.687500e-02
 -8.593750e-02   1.328125e-01   7.812500e-02
 -8.593750e-02   1.328125e-01   1.093750e-01
 -8.593750e-02   1.484375e-01  -1.093750e-01
 -8.593750e-02   1.484375e-01  -7.812500e-02
 -8.593750e-02   1.484375e-01  -4.687500e-02
 -8.593750e-02   1.484375e-01  -1.562500e-02
 -8.593750e-02   1.484375e-01   1.562500e-02
 -8.593750e-02   1.484375e-01   4.687500e-02
 -8.593750e-02   1.484375e-01   7.812500e-02
 -8.593750e-02   1.484375e-01   1.093750e-01
 -8.593750e-02   1.640625e-01  -1.093750e-01
 -8.593750e-02   1.640625e-01  -7.812500e-02
 -8.593750e-02   1.640625e-01  -4.687500e-02
 -8.593750e-02   1.640625e-01  -1.562500e-02
 -8.593750e-02   1.640625e-01   1.562500e-02
 -8.593750e-02   1.640625e-01   4.687500e-02
 -8.593750e-02   1.640625e-01   7.812500e-02
 -8.593750e-02   1.640625e-01   1.093750e-01
 -8.593750e-02   1.796875e-01  -1.093750e-01
 -8.593750e-02   1.796875e-01  -7.812500e-02
 -8.593750e-02   1.796875e-01  -4.687500e-02
 -8.593750e-02   1.796875e-01  -1.562500e-02
 -8.593750e-02   1.796875e-01   1.562500e-02
 -8.593750e-02   1.796875e-01   4.687500e-02
 -8.593750e-02   1.796875e-01   7.812500e-02
 -8.593750e-02   1.796875e-01   1.093750e-01
 -8.593750e-02   1.953125e-01  -1.093750e-01
 -8.593750e-02   1.953125e-01  -7.812500e-02
 -8.593750e-02   1.953125e-01  -4.687500e-02
 -8.593750e-02   1.953125e-01  -1.562500e-02
 -8.593750e-02   1.953125e-01   1.562500e-02
 -8.593750e-02   1.953125e-01   4.687500e-02
 -8.593750e-02   1.953125e-01   7.812500e-02
 -8.593750e-02   1.953125e-01   1.093750e-01
 -8.593750e-02   2.109375e-01  -1.093750e-01
 -8.593750e-02   2.109375e-01  -7.812500e-02
 -8.593750e-02   2.109375e-01  -4.687500e-02
 -8.593750e-02   2.109375e-01  -1.562500e-02
 -8.593750e-02   2.109375e-01   1.562500e-02
 -8.593750e-02   2.109375e-01   4.687500e-02
 -8.593750e-02   2.109375e-01   7.812500e-02
 -8.593750e-02   2.109375e-01   1.093750e-01
 -8.593750e-02   2.265625e-01  -1.093750e-01
 -8.593750e-02   2.265625e-01  -7.812500e-02
 -8.593750e-02   2.265625e-01  -4.687500e-02
 -8.593750e-02   2.265625e-01  -1.562500e-02
 -8.593750e-02   2.265625e-01   1.562500e-02
 -8.593750e-02   2.265625e-01   4.687500e-02
 -8.593750e-02   2.265625e-01   7.812500e-02
 -8.593750e-02   2.265625e-01   1.093750e-01
 -8.593750e-02   2.421875e-01  -1.093750e-01
 -8.593750e-02   2.421875e-01  -7.812500e-02
 -8.593750e-02   2.421875e-01  -4.687500e-02
 -8.593750e-02   2.421875e-01  -1.562500e-02
 -8.593750e-02   2.421875e-01   1.562500e-02
 -8.593750e-02   2.421875e-01   4.687500e-02
 -8.593750e-02   2.421875e-01   7.812500e-02
 -8.593750e-02   2.421875e-01   1.093750e-01
 -7.031250e-02  -2.421875e-01  -1.093750e-01
 -7.031250e-02  -2.421875e-01  -7.812500e-02
 -7.031250e-02  -2.421875e-01  -4.687500e-02
 -7.031250e-02  -2.421875e-01  -1.562500e-02
 -7.031250e-02  -2.421875e-01   1.562500e-02
 -7.031250e-02  -2.421875e-01   4.687500e-02
 -7.031250e-02  -2.421875e-01   7.812500e-02
 -7.031250e-02  -2.421875e-01   1.093750e-01
 -7.031250e-02  -2.265625e-01  -1.093750e-01
 -7.031250e-02  -2.265625e-01  -7.812500e-02
 -7.031250e-02  -2.265625e-01  -4.687500e-02
 -7.031250e-02  -2.265625e-01  -1.562500e-02
 -7.031250e-02  -2.265625e-01   1.562500e-02
 -7.031250e-02  -2.265625e-01   4.687500e-02
 -7.031250e-02  -2.265625e-01   7.812500e-02
 -7.031250e-02  -2.265625e-01   1.093750e-01
 -7.031250e-02  -2.109375e-01  -1.093750e-01
 -7.031250e-02  -2.109375e-01  -7.812500e-02
 -7.031250e-02  -2.109375e-01  -4.687500e-02
 -7.031250e-02  -2.109375e-01  -1.562500e-02
 -7.031250e-02  -2.109375e-01   1.562500e-02
 -7.031250e-02  -2.109375e-01   4.687500e-02
 -7.031250e-02  -2.109375e-01   7.812500e-02
 -7.031250e-02  -2.109375e-01   1.093750e-01
 -7.031250e-02  -1.953125e-01  -1.093750e-01
 -7.031250e-02  -1.953125e-01  -7.812500e-02
 -7.031250e-02  -1.953125e-01  -4.687500e-02
 -7.031250e-02  -1.953125e-01  -1.562500e-02
 -7.031250e-02  -1.953125e-01   1.562500e-02
 -7.031250e-02  -1.953125e-01   4.687500e-02
 -7.031250e-02  -1.953125e-01   7.812500e-02
 -7.031250e-02  -1.953125e-01   1.093750e-01
 -7.031250e-02  -1.796875e-01  -1.093750e-01
 -7.031250e-02  -1.796875e-01  -7.812500e-02
 -7.031250e-02  -1.796875e-01  -4.687500e-02
 -7.031250e-02  -1.796875e-01  -1.562500e-02
 -7.031250e-02  -1.796875e-01   1.562500e-02
 -7.031250e-02  -1.796875e-01   4.687500e-02
 -7.031250e-02  -1.796875e-01   7.812500e-02
 -7.031250e-02  -1.796875e-01   1.093750e-01
 -7.031250e-02  -1.640625e-01  -1.093750e-01
 -7.031250e-02  -1.640625e-01  -7.812500e-02
 -7.031250e-02  -1.640625e-01  -4.687500e-02
 -7.031250e-02  -1.640625e-01  -1.562500e-02
 -7.031250e-02  -1.640625e-01   1.562500e-02
 -7.031250e-02  -1.640625e-01   4.687500e-02
 -7.031250e-02  -1.640625e-01   7.812500e-02
 -7.031250e-02  -1.640625e-01   1.093750e-01
 -7.031250e-02  -1.484375e-01  -1.093750e-01
 -7.031250e-02  -1.484375e-01  -7.812500e-02
 -7.031250e-02  -1.484375e-01  -4.687500e-02
 -7.031250e-02  -1.484375e-01  -1.562500e-02
 -7.031250e-02  -1.484375e-01   1.562500e-02
 -7.031250e-02  -1.484375e-01   4.687500e-02
 -7.031250e-02  -1.484375e-01   7.812500e-02
 -7.031250e-02  -1.484375e-01   1.093750e-01
 -7.031250e-02  -1.328125e-01  -1.093750e-01
 -7.031250e-02  -1.328125e-01  -7.812500e-02
 -7.031250e-02  -1.328125e-01  -4.687500e-02
 -7.031250e-02  -1.328125e-01  -1.562500e-02
 -7.031250e-02  -1.328125e-01   1.562500e-02
 -7.031250e-02  -1.328125e-01   4.687500e-02
 -7.031250e-02  -1.328125e-01   7.812500e-02
 -7.031250e-02  -1.328125e-01   1.093750e-01
 -7.031250e-02  -1.171875e-01  -1.093750e-01
 -7.031250e-02  -1.171875e-01  -7.812500e-02
 -7.031250e-02  -1.171875e-01  -4.687500e-02
 -7.031250e-02  -1.171875e-01  -1.562500e-02
 -7.031250e-02  -1.171875e-01   1.562500e-02
 -7.031250e-02  -1.171875e-01   4.687500e-02
 -7.031250e-02  -1.171875e-01   7.812500e-02
 -7.031250e-02  -1.171875e-01   1.093750e-01
 -7.031250e-02  -1.015625e-01  -1.093750e-01
 -7.031250e-02  -1.015625e-01  -7.812500e-02
 -7.031250e-02  -1.015625e-01  -4.687500e-02
 -7.031250e-02  -1.015625e-01  -1.562500e-02
 -7.031250e-02  -1.015625e-01   1.562500e-02
 -7.031250e-02  -1.015625e-01   4.687500e-02
 -7.031250e-02  -1.015625e-01   7.812500e-02
 -7.031250e-02  -1.015625e-01   1.093750e-01
 -7.031250e-02  -8.593750e-02  -1.093750e-01
 -7.031250e-02  -8.593750e-02  -7.812500e-02
 -7.031250e-02  -8.593750e-02  -4.687500e-02
 -7.031250e-02  -8.593750e-02  -1.562500e-02
 -7.031250e-02  -8.593750e-02   1.562500e-02
 -7.031250e-02  -8.593750e-02   4.687500e-02
 -7.031250e-02  -8.593750e-02   7.812500e-02
 -7.031250e-02  -8.593750e-02   1.093750e-01
 -7.031250e-02  -7.031250e-02  -1.093750e-01
 -7.031250e-02  -7.031250e-02  -7.812500e-02
 -7.031250e-02  -7.031250e-02  -4.687500e-02
 -7.031250e-02  -7.031250e-02  -1.562500e-02
 -7.031250e-02  -7.031250e-02   1.562500e-02
 -7.031250e-02  -7.031250e-02   4.687500e-02
 -7.031250e-02  -7.031250e-02   7.812500e-02
 -7.031250e-02  -7.031250e-02   1.093750e-01
 -7.031250e-02  -5.468750e-02  -1.093750e-01
 -7.031250e-02  -5.468750e-02  -7.812500e-02
 -7.031250e-02  -5.468750e-02  -4.687500e-02
 -7.031250e-02  -5.468750e-02  -1.562500e-02
 -7.031250e-02  -5.468750e-02   1.562500e-02
 -7.031250e-02  -5.468750e-02   4.687500e-02
 -7.031250e-02  -5.468750e-02   7.812500e-02
 -7.031250e-02  -5.468750e-02   1.093750e-01
 -7.031250e-02  -3.906250e-02  -1.093750e-01
 -7.031250e-02  -3.906250e-02  -7.812500e-02
 -7.031250e-02  -3.906250e-02  -4.687500e-02
 -7.031250e-02  -3.906250e-02  -1.562500e-02
 -7.031250e-02  -3.906250e-02   1.562500e-02
 -7.031250e-02  -3.906250e-02   4.687500e-02
 -7.031250e-02  -3.906250e-02   7.812500e-02
 -7.031250e-02  -3.906250e-02   1.093750e-01
 -7.031250e-02  -2.343750e-02  -1.093750e-01
 -7.031250e-02  -2.343750e-02  -7.812500e-02
 -7.031250e-02  -2.343750e-02  -4.687500e-02
 -7.031250e-02  -2.343750e-02  -1.562500e-02
 -7.031250e-02  -2.343750e-02   1.562500e-02
 -7.031250e-02  -2.343750e-02   4.687500e-02
 -7.031250e-02  -2.343750e-02   7.812500e-02
 -7.031250e-02  -2.343750e-02   1.093750e-01
 -7.031250e-02  -7.812500e-03  -1.093750e-01
 -7.031250e-02  -7.812500e-03  -7.812500e-02
 -7.031250e-02  -7.812500e-03  -4.687500e-02
 -7.031250e-02  -7.812500e-03  -1.562500e-02
 -7.031250e-02  -7.812500e-03   1.562500e-02
 -7.031250e-02  -7.812500e-03   4.687500e-02
 -7.031250e-02  -7.812500e-03   7.812500e-02
 -7.031250e-02  -7.812500e-03   1.093750e-01
 -7.031250e-02   7.812500e-03  -1.093750e-01
 -7.031250e-02   7.812500e-03  -7.812500e-02
 -7.031250e-02   7.812500e-03  -4.687500e-02
 -7.031250e-02   7.812500e-03  -1.562500e-02
 -7.031250e-02   7.812500e-03   1.562500e-02
 -7.031250e-02   7.812500e-03   4.687500e-02
 -7.031250e-02   7.812500e-03   7.812500e-02
 -7.031250e-02   7.812500e-03   1.093750e-01
 -7.031250e-02   2.343750e-02  -1.093750e-01
 -7.031250e-02   2.343750e-02  -7.812500e-02
 -7.031250e-02   2.343750e-02  -4.687500e-02
 -7.031250e-02   2.343750e-02  -1.562500e-02
 -7.031250e-02   2.343750e-02   1.562500e-02
 -7.031250e-02   2.343750e-02   4.687500e-02
 -7.031250e-02   2.343750e-02   7.812500e-02
 -7.031250e-02   2.343750e-02   1.093750e-01
 -7.031250e-02   3.906250e-02  -1.093750e-01
 -7.031250e-02   3.906250e-02  -7.812500e-02
 -7.031250e-02   3.906250e-02  -4.687500e-02
 -7.031250e-02   3.906250e-02  -1.562500e-02
 -7.031250e-02   3.906250e-02   1.562500e-02
 -7.031250e-02   3.906250e-02   4.687500e-02
 -7.031250e-02   3.906250e-02   7.812500e-02
 -7.031250e-02   3.906250e-02   1.093750e-01
 -7.031250e-02   5.468750e-02  -1.093750e-01
 -7.031250e-02   5.468750e-02  -7.812500e-02
 -7.031250e-02   5.468750e-02  -4.687500e-02
 -7.031250e-02   5.468750e-02  -1.562500e-02
 -7.031250e-02   5.468750e-02   1.562500e-02
 -7.031250e-02   5.468750e-02   4.687500e-02
 -7.031250e-02   5.468750e-02   7.812500e-02
 -7.031250e-02   5.468750e-02   1.093750e-01
 -7.031250e-02   7.031250e-02  -1.093750e-01
 -7.031250e-02   7.031250e-02  -7.812500e-02
 -7.031250e-02   7.031250e-02  -4.687500e-02
 -7.031250e-02   7.031250e-02  -1.562500e-02
 -7.031250e-02   7.031250e-02   1.562500e-02
 -7.031250e-02   7.031250e-02   4.687500e-02
 -7.031250e-02   7.031250e-02   7.812500e-02
 -7.031250e-02   7.031250e-02   1.093750e-01
 -7.031250e-02   8.593750e-02  -1.093750e-01
 -7.031250e-02   8.593750e-02  -7.812500e-02
 -7.031250e-02   8.593750e-02  -4.687500e-02
 -7.031250e-02   8.593750e-02  -1.562500e-02
 -7.031250e-02   8.593750e-02   1.562500e-02
 -7.031250e-02   8.593750e-02   4.687500e-02
 -7.031250e-02   8.593750e-02   7.812500e-02
 -7.031250e-02   8.593750e-02   1.093750e-01
 -7.031250e-02   1.015625e-01  -1.093750e-01
 -7.031250e-02   1.015625e-01  -7.812500e-02
 -7.031250e-02   1.015625e-01  -4.687500e-02
 -7.031250e-02   1.015625e-01  -1.562500e-02
 -7.031250e-02   1.015625e-01   1.562500e-02
 -7.031250e-02   1.015625e-01   4.687500e-02
 -7.031250e-02   1.015625e-01   7.812500e-02
 -7.031250e-02   1.015625e-01   1.093750e-01
 -7.031250e-02   1.171875e-01  -1.093750e-01
 -7.031250e-02   1.171875e-01  -7.812500e-02
 -7.031250e-02   1.171875e-01  -4.687500e-02
 -7.031250e-02   1.171875e-01  -1.562500e-02
 -7.031250e-02   1.171875e-01   1.562500e-02
 -7.031250e-02   1.171875e-01   4.687500e-02
 -7.031250e-02   1.171875e-01   7.812500e-02
 -7.031250e-02   1.171875e-01   1.093750e-01
 -7.031250e-02   1.328125e-01  -1.093750e-01
 -7.031250e-02   1.328125e-01  -7.812500e-02
 -7.031250e-02   1.328125e-01  -4.687500e-02
 -7.031250e-02   1.328125e-01  -1.562500e-02
 -7.031250e-02   1.328125e-01   1.562500e-02
 -7.031250e-02   1.328125e-01   4.687500e-02
 -7.031250e-02   1.328125e-01   7.812500e-02
 -7.031250e-02   1.328125e-01   1.093750e-01
 -7.031250e-02   1.484375e-01  -1.093750e-01
 -7.031250e-02   1.484375e-01  -7.812500e-02
 -7.031250e-02   1.484375e-01  -4.687500e-02
 -7.031250e-02   1.484375e-01  -1.562500e-02
 -7.031250e-02   1.484375e-01   1.562500e-02
 -7.031250e-02   1.484375e-01   4.687500e-02
 -7.031250e-02   1.484375e-01   7.812500e-02
 -7.031250e-02   1.484375e-01   1.093750e-01
 -7.031250e-02   1.640625e-01  -1.093750e-01
 -7.031250e-02   1.640625e-01  -7.812500e-02
 -7.031250e-02   1.640625e-01  -4.687500e-02
 -7.031250e-02   1.640625e-01  -1.562500e-02
 -7.031250e-02   1.640625e-01   1.562500e-02
 -7.031250e-02   1.640625e-01   4.687500e-02
 -7.031250e-02   1.640625e-01   7.812500e-02
 -7.031250e-02   1.640625e-01   1.093750e-01
 -7.031250e-02   1.796875e-01  -1.093750e-01
 -7.031250e-02   1.796875e-01  -7.812500e-02
 -7.031250e-02   1.796875e-01  -4.687500e-02
 -7.031250e-02   1.796875e-01  -1.562500e-02
 -7.031250e-02   1.796875e-01   1.562500e-02
 -7.031250e-02   1.796875e-01   4.687500e-02
 -7.031250e-02   1.796875e-01   7.812500e-02
 -7.031250e-02   1.796875e-01   1.093750e-01
 -7.031250e-02   1.953125e-01  -1.093750e-01
 -7.031250e-02   1.953125e-01  -7.812500e-02
 -7.031250e-02   1.953125e-01  -4.687500e-02
 -7.031250e-02   1.953125e-01  -1.562500e-02
 -7.031250e-02   1.953125e-01   1.562500e-02
 -7.031250e-02   1.953125e-01   4.687500e-02
 -7.031250e-02   1.953125e-01   7.812500e-02
 -7.031250e-02   1.953125e-01   1.093750e-01
 -7.031250e-02   2.109375e-01  -1.093750e-01
 -7.031250e-02   2.109375e-01  -7.812500e-02
 -7.031250e-02   2.109375e-01  -4.687500e-02
 -7.031250e-02   2.109375e-01  -1.562500e-02
 -7.031250e-02   2.109375e-01   1.562500e-02
 -7.031250e-02   2.109375e-01   4.687500e-02
 -7.031250e-02   2.109375e-01   7.812500e-02
 -7.031250e-02   2.109375e-01   1.093750e-01
 -7.031250e-02   2.265625e-01  -1.093750e-01
 -7.031250e-02   2.265625e-01  -7.812500e-02
 -7.031250e-02   2.265625e-01  -4.687500e-02
 -7.031250e-02   2.265625e-01  -1.562500e-02
 -7.031250e-02   2.265625e-01   1.562500e-02
 -7.031250e-02   2.265625e-01   4.687500e-02
 -7.031250e-02   2.265625e-01   7.812500e-02
 -7.031250e-02   2.265625e-01   1.093750e-01
 -7.031250e-02   2.421875e-01  -1.093750e-01
 -7.031250e-02   2.421875e-01  -7.812500e-02
 -7.031250e-02   2.421875e-01  -4.687500e-02
 -7.031250e-02   2.421875e-01  -1.562500e-02
 -7.031250e-02   2.421875e-01   1.562500e-02
 -7.031250e-02   2.421875e-01   4.687500e-02
 -7.031250e-02   2.421875e-01   7.812500e-02
 -7.031250e-02   2.421875e-01   1.093750e-01
 -5.468750e-02  -2.421875e-01  -1.093750e-01
 -5.468750e-02  -2.421875e-01  -7.812500e-02
 -5.468750e-02  -2.421875e-01  -4.687500e-02
 -5.468750e-02  -2.421875e-01  -1.562500e-02
 -5.468750e-02  -2.421875e-01   1.562500e-02
 -5.468750e-02  -2.421875e-01   4.687500e-02
 -5.468750e-02  -2.421875e-01   7.812500e-02
 -5.468750e-02  -2.421875e-01   1.093750e-01
 -5.468750e-02  -2.265625e-01  -1.093750e-01
 -5.468750e-02  -2.265625e-01  -7.812500e-02
 -5.468750e-02  -2.265625e-01  -4.687500e-02
 -5.468750e-02  -2.265625e-01  -1.562500e-02
 -5.468750e-02  -2.265625e-01   1.562500e-02
 -5.468750e-02  -2.265625e-01   4.687500e-02
 -5.468750e-02  -2.265625e-01   7.812500e-02
 -5.468750e-02  -2.265625e-01   1.093750e-01
 -5.468750e-02  -2.109375e-01  -1.093750e-01
 -5.468750e-02  -2.109375e-01  -7.812500e-02
 -5.468750e-02  -2.109375e-01  -4.687500e-02
 -5.468750e-02  -2.109375e-01  -1.562500e-02
 -5.468750e-02  -2.109375e-01   1.562500e-02
 -5.468750e-02  -2.109375e-01   4.687500e-02
 -5.468750e-02  -2.109375e-01   7.812500e-02
 -5.468750e-02  -2.109375e-01   1.093750e-01
 -5.468750e-02  -1.953125e-01  -1.093750e-01
 -5.468750e-02  -1.953125e-01  -7.812500e-02
 -5.468750e-02  -1.953125e-01  -4.687500e-02
 -5.468750e-02  -1.953125e-01  -1.562500e-02
 -5.468750e-02  -1.953125e-01   1.562500e-02
 -5.468750e-02  -1.953125e-01   4.687500e-02
 -5.468750e-02  -1.953125e-01   7.812500e-02
 -5.468750e-02  -1.953125e-01   1.093750e-01
 -5.468750e-02  -1.796875e-01  -1.093750e-01
 -5.468750e-02  -1.796875e-01  -7.812500e-02
 -5.468750e-02  -1.796875e-01  -4.687500e-02
 -5.468750e-02  -1.796875e-01  -1.562500e-02
 -5.468750e-02  -1.796875e-01   1.562500e-02
 -5.468750e-02  -1.796875e-01   4.687500e-02
 -5.468750e-02  -1.796875e-01   7.812500e-02
 -5.468750e-02  -1.796875e-01   1.093750e-01
 -5.468750e-02  -1.640625e-01  -1.093750e-01
 -5.468750e-02  -1.640625e-01  -7.812500e-02
 -5.468750e-02  -1.640625e-01  -4.687500e-02
 -5.468750e-02  -1.640625e-01  -1.562500e-02
 -5.468750e-02  -1.640625e-01   1.562500e-02
 -5.468750e-02  -1.640625e-01   4.687500e-02
 -5.468750e-02  -1.640625e-01   7.812500e-02
 -5.468750e-02  -1.640625e-01   1.093750e-01
 -5.468750e-02  -1.484375e-01  -1.093750e-01
 -5.468750e-02  -1.484375e-01  -7.812500e-02
 -5.468750e-02  -1.484375e-01  -4.687500e-02
 -5.468750e-02  -1.484375e-01  -1.562500e-02
 -5.468750e-02  -1.484375e-01   1.562500e-02
 -5.468750e-02  -1.484375e-01   4.687500e-02
 -5.468750e-02  -1.484375e-01   7.812500e-02
 -5.468750e-02  -1.484375e-01   1.093750e-01
 -5.468750e-02  -1.328125e-01  -1.093750e-01
 -5.468750e-02  -1.328125e-01  -7.812500e-02
 -5.468750e-02  -1.328125e-01  -4.687500e-02
 -5.468750e-02  -1.328125e-01  -1.562500e-02
 -5.468750e-02  -1.328125e-01   1.562500e-02
 -5.468750e-02  -1.328125e-01   4.687500e-02
 -5.468750e-02  -1.328125e-01   7.812500e-02
 -5.468750e-02  -1.328125e-01   1.093750e-01
 -5.468750e-02  -1.171875e-01  -1.093750e-01
 -5.468750e-02  -1.171875e-01  -7.812500e-02
 -5.468750e-02  -1.171875e-01  -4.687500e-02
 -5.468750e-02  -1.171875e-01  -1.562500e-02
 -5.468750e-02  -1.171875e-01   1.562500e-02
 -5.468750e-02  -1.171875e-01   4.687500e-02
 -5.468750e-02  -1.171875e-01   7.812500e-02
 -5.468750e-02  -1.171875e-01   1.093750e-01
 -5.468750e-02  -1.015625e-01  -1.093750e-01
 -5.468750e-02  -1.015625e-01  -7.812500e-02
 -5.468750e-02  -1.015625e-01  -4.687500e-02
 -5.468750e-02  -1.015625e-01  -1.562500e-02
 -5.468750e-02  -1.015625e-01   1.562500e-02
 -5.468750e-02  -1.015625e-01   4.687500e-02
 -5.468750e-02  -1.015625e-01   7.812500e-02
 -5.468750e-02  -1.015625e-01   1.093750e-01
 -5.468750e-02  -8.593750e-02  -1.093750e-01
 -5.468750e-02  -8.593750e-02  -7.812500e-02
 -5.468750e-02  -8.593750e-02  -4.687500e-02
 -5.468750e-02  -8.593750e-02  -1.562500e-02
 -5.468750e-02  -8.593750e-02   1.562500e-02
 -5.468750e-02  -8.593750e-02   4.687500e-02
 -5.468750e-02  -8.593750e-02   7.812500e-02
 -5.468750e-02  -8.593750e-02   1.093750e-01
 -5.468750e-02  -7.031250e-02  -1.093750e-01
 -5.468750e-02  -7.031250e-02  -7.812500e-02
 -5.468750e-02  -7.031250e-02  -4.687500e-02
 -5.468750e-02  -7.031250e-02  -1.562500e-02
 -5.468750e-02  -7.031250e-02   1.562500e-02
 -5.468750e-02  -7.031250e-02   4.687500e-02
 -5.468750e-02  -7.031250e-02   7.812500e-02
 -5.468750e-02  -7.031250e-02   1.093750e-01
 -5.468750e-02  -5.468750e-02  -1.093750e-01
 -5.468750e-02  -5.468750e-02  -7.812500e-02
 -5.468750e-02  -5.468750e-02  -4.687500e-02
 -5.468750e-02  -5.468750e-02  -1.562500e-02
 -5.468750e-02  -5.468750e-02   1.562500e-02
 -5.468750e-02  -5.468750e-02   4.687500e-02
 -5.468750e-02  -5.468750e-02   7.812500e-02
 -5.468750e-02  -5.468750e-02   1.093750e-01
 -5.468750e-02  -3.906250e-02  -1.093750e-01
 -5.468750e-02  -3.906250e-02  -7.812500e-02
 -5.468750e-02  -3.906250e-02  -4.687500e-02
 -5.468750e-02  -3.906250e-02  -1.562500e-02
 -5.468750e-02  -3.906250e-02   1.562500e-02
 -5.468750e-02  -3.906250e-02   4.687500e-02
 -5.468750e-02  -3.906250e-02   7.812500e-02
 -5.468750e-02  -3.906250e-02   1.093750e-01
 -5.468750e-02  -2.343750e-02  -1.093750e-01
 -5.468750e-02  -2.343750e-02  -7.812500e-02
 -5.468750e-02  -2.343750e-02  -4.687500e-02
 -5.468750e-02  -2.343750e-02  -1.562500e-02
 -5.468750e-02  -2.343750e-02   1.562500e-02
 -5.468750e-02  -2.343750e-02   4.687500e-02
 -5.468750e-02  -2.343750e-02   7.812500e-02
 -5.468750e-02  -2.343750e-02   1.093750e-01
 -5.468750e-02  -7.812500e-03  -1.093750e-01
 -5.468750e-02  -7.812500e-03  -7.812500e-02
 -5.468750e-02  -7.812500e-03  -4.687500e-02
 -5.468750e-02  -7.812500e-03  -1.562500e-02
 -5.468750e-02  -7.812500e-03   1.562500e-02
 -5.468750e-02  -7.812500e-03   4.687500e-02
 -5.468750e-02  -7.812500e-03   7.812500e-02
 -5.468750e-02  -7.812500e-03   1.093750e-01
 -5.468750e-02   7.812500e-03  -1.093750e-01
 -5.468750e-02   7.812500e-03  -7.812500e-02
 -5.468750e-02   7.812500e-03  -4.687500e-02
 -5.468750e-02   7.812500e-03  -1.562500e-02
 -5.468750e-02   7.812500e-03   1.562500e-02
 -5.468750e-02   7.812500e-03   4.687500e-02
 -5.468750e-02   7.812500e-03   7.812500e-02
 -5.468750e-02   7.812500e-03   1.093750e-01
 -5.468750e-02   2.343750e-02  -1.093750e-01
 -5.468750e-02   2.343750e-02  -7.812500e-02
 -5.468750e-02   2.343750e-02  -4.687500e-02
 -5.468750e-02   2.343750e-02  -1.562500e-02
 -5.468750e-02   2.343750e-02   1.562500e-02
 -5.468750e-02   2.343750e-02   4.687500e-02
 -5.468750e-02   2.343750e-02   7.812500e-02
 -5.468750e-02   2.343750e-02   1.093750e-01
 -5.468750e-02   3.906250e-02  -1.093750e-01
 -5.468750e-02   3.906250e-02  -7.812500e-02
 -5.468750e-02   3.906250e-02  -4.687500e-02
 -5.468750e-02   3.906250e-02  -1.562500e-02
 -5.468750e-02   3.906250e-02   1.562500e-02
 -5.468750e-02   3.906250e-02   4.687500e-02
 -5.468750e-02   3.906250e-02   7.812500e-02
 -5.468750e-02   3.906250e-02   1.093750e-01
 -5.468750e-02   5.468750e-02  -1.093750e-01
 -5.468750e-02   5.468750e-02  -7.812500e-02
 -5.468750e-02   5.468750e-02  -4.687500e-02
 -5.468750e-02   5.468750e-02  -1.562500e-02
 -5.468750e-02   5.468750e-02   1.562500e-02
 -5.468750e-02   5.468750e-02   4.687500e-02
 -5.468750e-02   5.468750e-02   7.812500e-02
 -5.468750e-02   5.468750e-02   1.093750e-01
 -5.468750e-02   7.031250e-02  -1.093750e-01
 -5.468750e-02   7.031250e-02  -7.812500e-02
 -5.468750e-02   7.031250e-02  -4.687500e-02
 -5.468750e-02   7.031250e-02  -1.562500e-02
 -5.468750e-02   7.031250e-02   1.562500e-02
 -5.468750e-02   7.031250e-02   4.687500e-02
 -5.468750e-02   7.031250e-02   7.812500e-02
 -5.468750e-02   7.031250e-02   1.093750e-01
 -5.468750e-02   8.593750e-02  -1.093750e-01
 -5.468750e-02   8.593750e-02  -7.812500e-02
 -5.468750e-02   8.593750e-02  -4.687500e-02
 -5.468750e-02   8.593750e-02  -1.562500e-02
 -5.468750e-02   8.593750e-02   1.562500e-02
 -5.468750e-02   8.593750e-02   4.687500e-02
 -5.468750e-02   8.593750e-02   7.812500e-02
 -5.468750e-02   8.593750e-02   1.093750e-01
 -5.468750e-02   1.015625e-01  -1.093750e-01
 -5.468750e-02   1.015625e-01  -7.812500e-02
 -5.468750e-02   1.015625e-01  -4.687500e-02
 -5.468750e-02   1.015625e-01  -1.562500e-02
 -5.468750e-02   1.015625e-01   1.562500e-02
 -5.468750e-02   1.015625e-01   4.687500e-02
 -5.468750e-02   1.015625e-01   7.812500e-02
 -5.468750e-02   1.015625e-01   1.093750e-01
 -5.468750e-02   1.171875e-01  -1.093750e-01
 -5.468750e-02   1.171875e-01  -7.812500e-02
 -5.468750e-02   1.171875e-01  -4.687500e-02
 -5.468750e-02   1.171875e-01  -1.562500e-02
 -5.468750e-02   1.171875e-01   1.562500e-02
 -5.468750e-02   1.171875e-01   4.687500e-02
 -5.468750e-02   1.171875e-01   7.812500e-02
 -5.468750e-02   1.171875e-01   1.093750e-01
 -5.468750e-02   1.328125e-01  -1.093750e-01
 -5.468750e-02   1.328125e-01  -7.812500e-02
 -5.468750e-02   1.328125e-01  -4.687500e-02
 -5.468750e-02   1.328125e-01  -1.562500e-02
 -5.468750e-02   1.328125e-01   1.562500e-02
 -5.468750e-02   1.328125e-01   4.687500e-02
 -5.468750e-02   1.328125e-01   7.812500e-02
 -5.468750e-02   1.328125e-01   1.093750e-01
 -5.468750e-02   1.484375e-01  -1.093750e-01
 -5.468750e-02   1.484375e-01  -7.812500e-02
 -5.468750e-02   1.484375e-01  -4.687500e-02
 -5.468750e-02   1.484375e-01  -1.562500e-02
 -5.468750e-02   1.484375e-01   1.562500e-02
 -5.468750e-02   1.484375e-01   4.687500e-02
 -5.468750e-02   1.484375e-01   7.812500e-02
 -5.468750e-02   1.484375e-01   1.093750e-01
 -5.468750e-02   1.640625e-01  -1.093750e-01
 -5.468750e-02   1.640625e-01  -7.812500e-02
 -5.468750e-02   1.640625e-01  -4.687500e-02
 -5.468750e-02   1.640625e-01  -1.562500e-02
 -5.468750e-02   1.640625e-01   1.562500e-02
 -5.468750e-02   1.640625e-01   4.687500e-02
 -5.468750e-02   1.640625e-01   7.812500e-02
 -5.468750e-02   1.640625e-01   1.093750e-01
 -5.468750e-02   1.796875e-01  -1.093750e-01
 -5.468750e-02   1.796875e-01  -7.812500e-02
 -5.468750e-02   1.796875e-01  -4.687500e-02
 -5.468750e-02   1.796875e-01  -1.562500e-02
 -5.468750e-02   1.796875e-01   1.562500e-02
 -5.468750e-02   1.796875e-01   4.687500e-02
 -5.468750e-02   1.796875e-01   7.812500e-02
 -5.468750e-02   1.796875e-01   1.093750e-01
 -5.468750e-02   1.953125e-01  -1.093750e-01
 -5.468750e-02   1.953125e-01  -7.812500e-02
 -5.468750e-02   1.953125e-01  -4.687500e-02
 -5.468750e-02   1.953125e-01  -1.562500e-02
 -5.468750e-02   1.953125e-01   1.562500e-02
 -5.468750e-02   1.953125e-01   4.687500e-02
 -5.468750e-02   1.953125e-01   7.812500e-02
 -5.468750e-02   1.953125e-01   1.093750e-01
 -5.468750e-02   2.109375e-01  -1.093750e-01
 -5.468750e-02   2.109375e-01  -7.812500e-02
 -5.468750e-02   2.109375e-01  -4.687500e-02
 -5.468750e-02   2.109375e-01  -1.562500e-02
 -5.468750e-02   2.109375e-01   1.562500e-02
 -5.468750e-02   2.109375e-01   4.687500e-02
 -5.468750e-02   2.109375e-01   7.812500e-02
 -5.468750e-02   2.109375e-01   1.093750e-01
 -5.468750e-02   2.265625e-01  -1.093750e-01
 -5.468750e-02   2.265625e-01  -7.812500e-02
 -5.468750e-02   2.265625e-01  -4.687500e-02
 -5.468750e-02   2.265625e-01  -1.562500e-02
 -5.468750e-02   2.265625e-01   1.562500e-02
 -5.468750e-02   2.265625e-01   4.687500e-02
 -5.468750e-02   2.265625e-01   7.812500e-02
 -5.468750e-02   2.265625e-01   1.093750e-01
 -5.468750e-02   2.421875e-01  -1.093750e-01
 -5.468750e-02   2.421875e-01  -7.812500e-02
 -5.468750e-02   2.421875e-01  -4.687500e-02
 -5.468750e-02   2.421875e-01  -1.562500e-02
 -5.468750e-02   2.421875e-01   1.562500e-02
 -5.468750e-02   2.421875e-01   4.687500e-02
 -5.468750e-02   2.421875e-01   7.812500e-02
 -5.468750e-02   2.421875e-01   1.093750e-01
 -3.906250e-02  -2.421875e-01  -1.093750e-01
 -3.906250e-02  -2.421875e-01  -7.812500e-02
 -3.906250e-02  -2.421875e-01  -4.687500e-02
 -3.906250e-02  -2.421875e-01  -1.562500e-02
 -3.906250e-02  -2.421875e-01   1.562500e-02
 -3.906250e-02  -2.421875e-01   4.687500e-02
 -3.906250e-02  -2.421875e-01   7.812500e-02
 -3.906250e-02  -2.421875e-01   1.093750e-01
 -3.906250e-02  -2.265625e-01  -1.093750e-01
 -3.906250e-02  -2.265625e-01  -7.812500e-02
 -3.906250e-02  -2.265625e-01  -4.687500e-02
 -3.906250e-02  -2.265625e-01  -1.562500e-02
 -3.906250e-02  -2.265625e-01   1.562500e-02
 -3.906250e-02  -2.265625e-01   4.687500e-02
 -3.906250e-02  -2.265625e-01   7.812500e-02
 -3.906250e-02  -2.265625e-01   1.093750e-01
 -3.906250e-02  -2.109375e-01  -1.093750e-01
 -3.906250e-02  -2.109375e-01  -7.812500e-02
 -3.906250e-02  -2.109375e-01  -4.687500e-02
 -3.906250e-02  -2.109375e-01  -1.562500e-02
 -3.906250e-02  -2.109375e-01   1.562500e-02
 -3.906250e-02  -2.109375e-01   4.687500e-02
 -3.906250e-02  -2.109375e-01   7.812500e-02
 -3.906250e-02  -2.109375e-01   1.093750e-01
 -3.906250e-02  -1.953125e-01  -1.093750e-01
 -3.906250e-02  -1.953125e-01  -7.812500e-02
 -3.906250e-02  -1.953125e-01  -4.687500e-02
 -3.906250e-02  -1.953125e-01  -1.562500e-02
 -3.906250e-02  -1.953125e-01   1.562500e-02
 -3.906250e-02  -1.953125e-01   4.687500e-02
 -3.906250e-02  -1.953125e-01   7.812500e-02
 -3.906250e-02  -1.953125e-01   1.093750e-01
 -3.906250e-02  -1.796875e-01  -1.093750e-01
 -3.906250e-02  -1.796875e-01  -7.812500e-02
 -3.906250e-02  -1.796875e-01  -4.687500e-02
 -3.906250e-02  -1.796875e-01  -1.562500e-02
 -3.906250e-02  -1.796875e-01   1.562500e-02
 -3.906250e-02  -1.796875e-01   4.687500e-02
 -3.906250e-02  -1.796875e-01   7.812500e-02
 -3.906250e-02  -1.796875e-01   1.093750e-01
 -3.906250e-02  -1.640625e-01  -1.093750e-01
 -3.906250e-02  -1.640625e-01  -7.812500e-02
 -3.906250e-02  -1.640625e-01  -4.687500e-02
 -3.906250e-02  -1.640625e-01  -1.562500e-02
 -3.906250e-02  -1.640625e-01   1.562500e-02
 -3.906250e-02  -1.640625e-01   4.687500e-02
 -3.906250e-02  -1.640625e-01   7.812500e-02
 -3.906250e-02  -1.640625e-01   1.093750e-01
 -3.906250e-02  -1.484375e-01  -1.093750e-01
 -3.906250e-02  -1.484375e-01  -7.812500e-02
 -3.906250e-02  -1.484375e-01  -4.687500e-02
 -3.906250e-02  -1.484375e-01  -1.562500e-02
 -3.906250e-02  -1.484375e-01   1.562500e-02
 -3.906250e-02  -1.484375e-01   4.687500e-02
 -3.906250e-02  -1.484375e-01   7.812500e-02
 -3.906250e-02  -1.484375e-01   1.093750e-01
 -3.906250e-02  -1.328125e-01  -1.093750e-01
 -3.906250e-02  -1.328125e-01  -7.812500e-02
 -3.906250e-02  -1.328125e-01  -4.687500e-02
 -3.906250e-02  -1.328125e-01  -1.562500e-02
 -3.906250e-02  -1.328125e-01   1.562500e-02
 -3.906250e-02  -1.328125e-01   4.687500e-02
 -3.906250e-02  -1.328125e-01   7.812500e-02
 -3.906250e-02  -1.328125e-01   1.093750e-01
 -3.906250e-02  -1.171875e-01  -1.093750e-01
 -3.906250e-02  -1.171875e-01  -7.812500e-02
 -3.906250e-02  -1.171875e-01  -4.687500e-02
 -3.906250e-02  -1.171875e-01  -1.562500e-02
 -3.906250e-02  -1.171875e-01   1.562500e-02
 -3.906250e-02  -1.171875e-01   4.687500e-02
 -3.906250e-02  -1.171875e-01   7.812500e-02
 -3.906250e-02  -1.171875e-01   1.093750e-01
 -3.906250e-02  -1.015625e-01  -1.093750e-01
 -3.906250e-02  -1.015625e-01  -7.812500e-02
 -3.906250e-02  -1.015625e-01  -4.687500e-02
 -3.906250e-02  -1.015625e-01  -1.562500e-02
 -3.906250e-02  -1.015625e-01   1.562500e-02
 -3.906250e-02  -1.015625e-01   4.687500e-02
 -3.906250e-02  -1.015625e-01   7.812500e-02
 -3.906250e-02  -1.015625e-01   1.093750e-01
 -3.906250e-02  -8.593750e-02  -1.093750e-01
 -3.906250e-02  -8.593750e-02  -7.812500e-02
 -3.906250e-02  -8.593750e-02  -4.687500e-02
 -3.906250e-02  -8.593750e-02  -1.562500e-02
 -3.906250e-02  -8.593750e-02   1.562500e-02
 -3.906250e-02  -8.593750e-02   4.687500e-02
 -3.906250e-02  -8.593750e-02   7.812500e-02
 -3.906250e-02  -8.593750e-02   1.093750e-01
 -3.906250e-02  -7.031250e-02  -1.093750e-01
 -3.906250e-02  -7.031250e-02  -7.812500e-02
 -3.906250e-02  -7.031250e-02  -4.687500e-02
 -3.906250e-02  -7.031250e-02  -1.562500e-02
 -3.906250e-02  -7.031250e-02   1.562500e-02
 -3.906250e-02  -7.031250e-02   4.687500e-02
 -3.906250e-02  -7.031250e-02   7.812500e-02
 -3.906250e-02  -7.031250e-02   1.093750e-01
 -3.906250e-02  -5.468750e-02  -1.093750e-01
 -3.906250e-02  -5.468750e-02  -7.812500e-02
 -3.906250e-02  -5.468750e-02  -4.687500e-02
 -3.906250e-02  -5.468750e-02  -1.562500e-02
 -3.906250e-02  -5.468750e-02   1.562500e-02
 -3.906250e-02  -5.468750e-02   4.687500e-02
 -3.906250e-02  -5.468750e-02   7.812500e-02
 -3.906250e-02  -5.468750e-02   1.093750e-01
 -3.906250e-02  -3.906250e-02  -1.093750e-01
 -3.906250e-02  -3.906250e-02  -7.812500e-02
 -3.906250e-02  -3.906250e-02  -4.687500e-02
 -3.906250e-02  -3.906250e-02  -1.562500e-02
 -3.906250e-02  -3.906250e-02   1.562500e-02
 -3.906250e-02  -3.906250e-02   4.687500e-02
 -3.906250e-02  -3.906250e-02   7.812500e-02
 -3.906250e-02  -3.906250e-02   1.093750e-01
 -3.906250e-02  -2.343750e-02  -1.093750e-01
 -3.906250e-02  -2.343750e-02  -7.812500e-02
 -3.906250e-02  -2.343750e-02  -4.687500e-02
 -3.906250e-02  -2.343750e-02  -1.562500e-02
 -3.906250e-02  -2.343750e-02   1.562500e-02
 -3.906250e-02  -2.343750e-02   4.687500e-02
 -3.906250e-02  -2.343750e-02   7.812500e-02
 -3.906250e-02  -2.343750e-02   1.093750e-01
 -3.906250e-02  -7.812500e-03  -1.093750e-01
 -3.906250e-02  -7.812500e-03  -7.812500e-02
 -3.906250e-02  -7.812500e-03  -4.687500e-02
 -3.906250e-02  -7.812500e-03  -1.562500e-02
 -3.906250e-02  -7.812500e-03   1.562500e-02
 -3.906250e-02  -7.812500e-03   4.687500e-02
 -3.906250e-02  -7.812500e-03   7.812500e-02
 -3.906250e-02  -7.812500e-03   1.093750e-01
 -3.906250e-02   7.812500e-03  -1.093750e-01
 -3.906250e-02   7.812500e-03  -7.812500e-02
 -3.906250e-02   7.812500e-03  -4.687500e-02
 -3.906250e-02   7.812500e-03  -1.562500e-02
 -3.906250e-02   7.812500e-03   1.562500e-02
 -3.906250e-02   7.812500e-03   4.687500e-02
 -3.906250e-02   7.812500e-03   7.812500e-02
 -3.906250e-02   7.812500e-03   1.093750e-01
 -3.906250e-02   2.343750e-02  -1.093750e-01
 -3.906250e-02   2.343750e-02  -7.812500e-02
 -3.906250e-02   2.343750e-02  -4.687500e-02
 -3.906250e-02   2.343750e-02  -1.562500e-02
 -3.906250e-02   2.343750e-02   1.562500e-02
 -3.906250e-02   2.343750e-02   4.687500e-02
 -3.906250e-02   2.343750e-02   7.812500e-02
 -3.906250e-02   2.343750e-02   1.093750e-01
 -3.906250e-02   3.906250e-02  -1.093750e-01
 -3.906250e-02   3.906250e-02  -7.812500e-02
 -3.906250e-02   3.906250e-02  -4.687500e-02
 -3.906250e-02   3.906250e-02  -1.562500e-02
 -3.906250e-02   3.906250e-02   1.562500e-02
 -3.906250e-02   3.906250e-02   4.687500e-02
 -3.906250e-02   3.906250e-02   7.812500e-02
 -3.906250e-02   3.906250e-02   1.093750e-01
 -3.906250e-02   5.468750e-02  -1.093750e-01
 -3.906250e-02   5.468750e-02  -7.812500e-02
 -3.906250e-02   5.468750e-02  -4.687500e-02
 -3.906250e-02   5.468750e-02  -1.562500e-02
 -3.906250e-02   5.468750e-02   1.562500e-02
 -3.906250e-02   5.468750e-02   4.687500e-02
 -3.906250e-02   5.468750e-02   7.812500e-02
 -3.906250e-02   5.468750e-02   1.093750e-01
 -3.906250e-02   7.031250e-02  -1.093750e-01
 -3.906250e-02   7.031250e-02  -7.812500e-02
 -3.906250e-02   7.031250e-02  -4.687500e-02
 -3.906250e-02   7.031250e-02  -1.562500e-02
 -3.906250e-02   7.031250e-02   1.562500e-02
 -3.906250e-02   7.031250e-02   4.687500e-02
 -3.906250e-02   7.031250e-02   7.812500e-02
 -3.906250e-02   7.031250e-02   1.093750e-01
 -3.906250e-02   8.593750e-02  -1.093750e-01
 -3.906250e-02   8.593750e-02  -7.812500e-02
 -3.906250e-02   8.593750e-02  -4.687500e-02
 -3.906250e-02   8.593750e-02  -1.562500e-02
 -3.906250e-02   8.593750e-02   1.562500e-02
 -3.906250e-02   8.593750e-02   4.687500e-02
 -3.906250e-02   8.593750e-02   7.812500e-02
 -3.906250e-02   8.593750e-02   1.093750e-01
 -3.906250e-02   1.015625e-01  -1.093750e-01
 -3.906250e-02   1.015625e-01  -7.812500e-02
 -3.906250e-02   1.015625e-01  -4.687500e-02
 -3.906250e-02   1.015625e-01  -1.562500e-02
 -3.906250e-02   1.015625e-01   1.562500e-02
 -3.906250e-02   1.015625e-01   4.687500e-02
 -3.906250e-02   1.015625e-01   7.812500e-02
 -3.906250e-02   1.015625e-01   1.093750e-01
 -3.906250e-02   1.171875e-01  -1.093750e-01
 -3.906250e-02   1.171875e-01  -7.812500e-02
 -3.906250e-02   1.171875e-01  -4.687500e-02
 -3.906250e-02   1.171875e-01  -1.562500e-02
 -3.906250e-02   1.171875e-01   1.562500e-02
 -3.906250e-02   1.171875e-01   4.687500e-02
 -3.906250e-02   1.171875e-01   7.812500e-02
 -3.906250e-02   1.171875e-01   1.093750e-01
 -3.906250e-02   1.328125e-01  -1.093750e-01
 -3.906250e-02   1.328125e-01  -7.812500e-02
 -3.906250e-02   1.328125e-01  -4.687500e-02
 -3.906250e-02   1.328125e-01  -1.562500e-02
 -3.906250e-02   1.328125e-01   1.562500e-02
 -3.906250e-02   1.328125e-01   4.687500e-02
 -3.906250e-02   1.328125e-01   7.812500e-02
 -3.906250e-02   1.328125e-01   1.093750e-01
 -3.906250e-02   1.484375e-01  -1.093750e-01
 -3.906250e-02   1.484375e-01  -7.812500e-02
 -3.906250e-02   1.484375e-01  -4.687500e-02
 -3.906250e-02   1.484375e-01  -1.562500e-02
 -3.906250e-02   1.484375e-01   1.562500e-02
 -3.906250e-02   1.484375e-01   4.687500e-02
 -3.906250e-02   1.484375e-01   7.812500e-02
 -3.906250e-02   1.484375e-01   1.093750e-01
 -3.906250e-02   1.640625e-01  -1.093750e-01
 -3.906250e-02   1.640625e-01  -7.812500e-02
 -3.906250e-02   1.640625e-01  -4.687500e-02
 -3.906250e-02   1.640625e-01  -1.562500e-02
 -3.906250e-02   1.640625e-01   1.562500e-02
 -3.906250e-02   1.640625e-01   4.687500e-02
 -3.906250e-02   1.640625e-01   7.812500e-02
 -3.906250e-02   1.640625e-01   1.093750e-01
 -3.906250e-02   1.796875e-01  -1.093750e-01
 -3.906250e-02   1.796875e-01  -7.812500e-02
 -3.906250e-02   1.796875e-01  -4.687500e-02
 -3.906250e-02   1.796875e-01  -1.562500e-02
 -3.906250e-02   1.796875e-01   1.562500e-02
 -3.906250e-02   1.796875e-01   4.687500e-02
 -3.906250e-02   1.796875e-01   7.812500e-02
 -3.906250e-02   1.796875e-01   1.093750e-01
 -3.906250e-02   1.953125e-01  -1.093750e-01
 -3.906250e-02   1.953125e-01  -7.812500e-02
 -3.906250e-02   1.953125e-01  -4.687500e-02
 -3.906250e-02   1.953125e-01  -1.562500e-02
 -3.906250e-02   1.953125e-01   1.562500e-02
 -3.906250e-02   1.953125e-01   4.687500e-02
 -3.906250e-02   1.953125e-01   7.812500e-02
 -3.906250e-02   1.953125e-01   1.093750e-01
 -3.906250e-02   2.109375e-01  -1.093750e-01
 -3.906250e-02   2.109375e-01  -7.812500e-02
 -3.906250e-02   2.109375e-01  -4.687500e-02
 -3.906250e-02   2.109375e-01  -1.562500e-02
 -3.906250e-02   2.109375e-01   1.562500e-02
 -3.906250e-02   2.109375e-01   4.687500e-02
 -3.906250e-02   2.109375e-01   7.812500e-02
 -3.906250e-02   2.109375e-01   1.093750e-01
 -3.906250e-02   2.265625e-01  -1.093750e-01
 -3.906250e-02   2.265625e-01  -7.812500e-02
 -3.906250e-02   2.265625e-01  -4.687500e-02
 -3.906250e-02   2.265625e-01  -1.562500e-02
 -3.906250e-02   2.265625e-01   1.562500e-02
 -3.906250e-02   2.265625e-01   4.687500e-02
 -3.906250e-02   2.265625e-01   7.812500e-02
 -3.906250e-02   2.265625e-01   1.093750e-01
 -3.906250e-02   2.421875e-01  -1.093750e-01
 -3.906250e-02   2.421875e-01  -7.812500e-02
 -3.906250e-02   2.421875e-01  -4.687500e-02
 -3.906250e-02   2.421875e-01  -1.562500e-02
 -3.906250e-02   2.421875e-01   1.562500e-02
 -3.906250e-02   2.421875e-01   4.687500e-02
 -3.906250e-02   2.421875e-01   7.812500e-02
 -3.906250e-02   2.421875e-01   1.093750e-01
 -2.343750e-02  -2.421875e-01  -1.093750e-01
 -2.343750e-02  -2.421875e-01  -7.812500e-02
 -2.343750e-02  -2.421875e-01  -4.687500e-02
 -2.343750e-02  -2.421875e-01  -1.562500e-02
 -2.343750e-02  -2.421875e-01   1.562500e-02
 -2.343750e-02  -2.421875e-01   4.687500e-02
 -2.343750e-02  -2.421875e-01   7.812500e-02
 -2.343750e-02  -2.421875e-01   1.093750e-01
 -2.343750e-02  -2.265625e-01  -1.093750e-01
 -2.343750e-02  -2.265625e-01  -7.812500e-02
 -2.343750e-02  -2.265625e-01  -4.687500e-02
 -2.343750e-02  -2.265625e-01  -1.562500e-02
 -2.343750e-02  -2.265625e-01   1.562500e-02
 -2.343750e-02  -2.265625e-01   4.687500e-02
 -2.343750e-02  -2.265625e-01   7.812500e-02
 -2.343750e-02  -2.265625e-01   1.093750e-01
 -2.343750e-02  -2.109375e-01  -1.093750e-01
 -2.343750e-02  -2.109375e-01  -7.812500e-02
 -2.343750e-02  -2.109375e-01  -4.687500e-02
 -2.343750e-02  -2.109375e-01  -1.562500e-02
 -2.343750e-02  -2.109375e-01   1.562500e-02
 -2.343750e-02  -2.109375e-01   4.687500e-02
 -2.343750e-02  -2.109375e-01   7.812500e-02
 -2.343750e-02  -2.109375e-01   1.093750e-01
 -2.343750e-02  -1.953125e-01  -1.093750e-01
 -2.343750e-02  -1.953125e-01  -7.812500e-02
 -2.343750e-02  -1.953125e-01  -4.687500e-02
 -2.343750e-02  -1.953125e-01  -1.562500e-02
 -2.343750e-02  -1.953125e-01   1.562500e-02
 -2.343750e-02  -1.953125e-01   4.687500e-02
 -2.343750e-02  -1.953125e-01   7.812500e-02
 -2.343750e-02  -1.953125e-01   1.093750e-01
 -2.343750e-02  -1.796875e-01  -1.093750e-01
 -2.343750e-02  -1.796875e-01  -7.812500e-02
 -2.343750e-02  -1.796875e-01  -4.687500e-02
 -2.343750e-02  -1.796875e-01  -1.562500e-02
 -2.343750e-02  -1.796875e-01   1.562500e-02
 -2.343750e-02  -1.796875e-01   4.687500e-02
 -2.343750e-02  -1.796875e-01   7.812500e-02
 -2.343750e-02  -1.796875e-01   1.093750e-01
 -2.343750e-02  -1.640625e-01  -1.093750e-01
 -2.343750e-02  -1.640625e-01  -7.812500e-02
 -2.343750e-02  -1.640625e-01  -4.687500e-02
 -2.343750e-02  -1.640625e-01  -1.562500e-02
 -2.343750e-02  -1.640625e-01   1.562500e-02
 -2.343750e-02  -1.640625e-01   4.687500e-02
 -2.343750e-02  -1.640625e-01   7.812500e-02
 -2.343750e-02  -1.640625e-01   1.093750e-01
 -2.343750e-02  -1.484375e-01  -1.093750e-01
 -2.343750e-02  -1.484375e-01  -7.812500e-02
 -2.343750e-02  -1.484375e-01  -4.687500e-02
 -2.343750e-02  -1.484375e-01  -1.562500e-02
 -2.343750e-02  -1.484375e-01   1.562500e-02
 -2.343750e-02  -1.484375e-01   4.687500e-02
 -2.343750e-02  -1.484375e-01   7.812500e-02
 -2.343750e-02  -1.484375e-01   1.093750e-01
 -2.343750e-02  -1.328125e-01  -1.093750e-01
 -2.343750e-02  -1.328125e-01  -7.812500e-02
 -2.343750e-02  -1.328125e-01  -4.687500e-02
 -2.343750e-02  -1.328125e-01  -1.562500e-02
 -2.343750e-02  -1.328125e-01   1.562500e-02
 -2.343750e-02  -1.328125e-01   4.687500e-02
 -2.343750e-02  -1.328125e-01   7.812500e-02
 -2.343750e-02  -1.328125e-01   1.093750e-01
 -2.343750e-02  -1.171875e-01  -1.093750e-01
 -2.343750e-02  -1.171875e-01  -7.812500e-02
 -2.343750e-02  -1.171875e-01  -4.687500e-02
 -2.343750e-02  -1.171875e-01  -1.562500e-02
 -2.343750e-02  -1.171875e-01   1.562500e-02
 -2.343750e-02  -1.171875e-01   4.687500e-02
 -2.343750e-02  -1.171875e-01   7.812500e-02
 -2.343750e-02  -1.171875e-01   1.093750e-01
 -2.343750e-02  -1.015625e-01  -1.093750e-01
 -2.343750e-02  -1.015625e-01  -7.812500e-02
 -2.343750e-02  -1.015625e-01  -4.687500e-02
 -2.343750e-02  -1.015625e-01  -1.562500e-02
 -2.343750e-02  -1.015625e-01   1.562500e-02
 -2.343750e-02  -1.015625e-01   4.687500e-02
 -2.343750e-02  -1.015625e-01   7.812500e-02
 -2.343750e-02  -1.015625e-01   1.093750e-01
 -2.343750e-02  -8.593750e-02  -1.093750e-01
 -2.343750e-02  -8.593750e-02  -7.812500e-02
 -2.343750e-02  -8.593750e-02  -4.687500e-02
 -2.343750e-02  -8.593750e-02  -1.562500e-02
 -2.343750e-02  -8.593750e-02   1.562500e-02
 -2.343750e-02  -8.593750e-02   4.687500e-02
 -2.343750e-02  -8.593750e-02   7.812500e-02
 -2.343750e-02  -8.593750e-02   1.093750e-01
 -2.343750e-02  -7.031250e-02  -1.093750e-01
 -2.343750e-02  -7.031250e-02  -7.812500e-02
 -2.343750e-02  -7.031250e-02  -4.687500e-02
 -2.343750e-02  -7.031250e-02  -1.562500e-02
 -2.343750e-02  -7.031250e-02   1.562500e-02
 -2.343750e-02  -7.031250e-02   4.687500e-02
 -2.343750e-02  -7.031250e-02   7.812500e-02
 -2.343750e-02  -7.031250e-02   1.093750e-01
 -2.343750e-02  -5.468750e-02  -1.093750e-01
 -2.343750e-02  -5.468750e-02  -7.812500e-02
 -2.343750e-02  -5.468750e-02  -4.687500e-02
 -2.343750e-02  -5.468750e-02  -1.562500e-02
 -2.343750e-02  -5.468750e-02   1.562500e-02
 -2.343750e-02  -5.468750e-02   4.687500e-02
 -2.343750e-02  -5.468750e-02   7.812500e-02
 -2.343750e-02  -5.468750e-02   1.093750e-01
 -2.343750e-02  -3.906250e-02  -1.093750e-01
 -2.343750e-02  -3.906250e-02  -7.812500e-02
 -2.343750e-02  -3.906250e-02  -4.687500e-02
 -2.343750e-02  -3.906250e-02  -1.562500e-02
 -2.343750e-02  -3.906250e-02   1.562500e-02
 -2.343750e-02  -3.906250e-02   4.687500e-02
 -2.343750e-02  -3.906250e-02   7.812500e-02
 -2.343750e-02  -3.906250e-02   1.093750e-01
 -2.343750e-02  -2.343750e-02  -1.093750e-01
 -2.343750e-02  -2.343750e-02  -7.812500e-02
 -2.343750e-02  -2.343750e-02  -4.687500e-02
 -2.343750e-02  -2.343750e-02  -1.562500e-02
 -2.343750e-02  -2.343750e-02   1.562500e-02
 -2.343750e-02  -2.343750e-02   4.687500e-02
 -2.343750e-02  -2.343750e-02   7.812500e-02
 -2.343750e-02  -2.343750e-02   1.093750e-01
 -2.343750e-02  -7.812500e-03  -1.093750e-01
 -2.343750e-02  -7.812500e-03  -7.812500e-02
 -2.343750e-02  -7.812500e-03  -4.687500e-02
 -2.343750e-02  -7.812500e-03  -1.562500e-02
 -2.343750e-02  -7.812500e-03   1.562500e-02
 -2.343750e-02  -7.812500e-03   4.687500e-02
 -2.343750e-02  -7.812500e-03   7.812500e-02
 -2.343750e-02  -7.812500e-03   1.093750e-01
 -2.343750e-02   7.812500e-03  -1.093750e-01
 -2.343750e-02   7.812500e-03  -7.812500e-02
 -2.343750e-02   7.812500e-03  -4.687500e-02
 -2.343750e-02   7.812500e-03  -1.562500e-02
 -2.343750e-02   7.812500e-03   1.562500e-02
 -2.343750e-02   7.812500e-03   4.687500e-02
 -2.343750e-02   7.812500e-03   7.812500e-02
 -2.343750e-02   7.812500e-03   1.093750e-01
 -2.343750e-02   2.343750e-02  -1.093750e-01
 -2.343750e-02   2.343750e-02  -7.812500e-02
 -2.343750e-02   2.343750e-02  -4.687500e-02
 -2.343750e-02   2.343750e-02  -1.562500e-02
 -2.343750e-02   2.343750e-02   1.562500e-02
 -2.343750e-02   2.343750e-02   4.687500e-02
 -2.343750e-02   2.343750e-02   7.812500e-02
 -2.343750e-02   2.343750e-02   1.093750e-01
 -2.343750e-02   3.906250e-02  -1.093750e-01
 -2.343750e-02   3.906250e-02  -7.812500e-02
 -2.343750e-02   3.906250e-02  -4.687500e-02
 -2.343750e-02   3.906250e-02  -1.562500e-02
 -2.343750e-02   3.906250e-02   1.562500e-02
 -2.343750e-02   3.906250e-02   4.687500e-02
 -2.343750e-02   3.906250e-02   7.812500e-02
 -2.343750e-02   3.906250e-02   1.093750e-01
 -2.343750e-02   5.468750e-02  -1.093750e-01
 -2.343750e-02   5.468750e-02  -7.812500e-02
 -2.343750e-02   5.468750e-02  -4.687500e-02
 -2.343750e-02   5.468750e-02  -1.562500e-02
 -2.343750e-02   5.468750e-02   1.562500e-02
 -2.343750e-02   5.468750e-02   4.687500e-02
 -2.343750e-02   5.468750e-02   7.812500e-02
 -2.343750e-02   5.468750e-02   1.093750e-01
 -2.343750e-02   7.031250e-02  -1.093750e-01
 -2.343750e-02   7.031250e-02  -7.812500e-02
 -2.343750e-02   7.031250e-02  -4.687500e-02
 -2.343750e-02   7.031250e-02  -1.562500e-02
 -2.343750e-02   7.031250e-02   1.562500e-02
 -2.343750e-02   7.031250e-02   4.687500e-02
 -2.343750e-02   7.031250e-02   7.812500e-02
 -2.343750e-02   7.031250e-02   1.093750e-01
 -2.343750e-02   8.593750e-02  -1.093750e-01
 -2.343750e-02   8.593750e-02  -7.812500e-02
 -2.343750e-02   8.593750e-02  -4.687500e-02
 -2.343750e-02   8.593750e-02  -1.562500e-02
 -2.343750e-02   8.593750e-02   1.562500e-02
 -2.343750e-02   8.593750e-02   4.687500e-02
 -2.343750e-02   8.593750e-02   7.812500e-02
 -2.343750e-02   8.593750e-02   1.093750e-01
 -2.343750e-02   1.015625e-01  -1.093750e-01
 -2.343750e-02   1.015625e-01  -7.812500e-02
 -2.343750e-02   1.015625e-01  -4.687500e-02
 -2.343750e-02   1.015625e-01  -1.562500e-02
 -2.343750e-02   1.015625e-01   1.562500e-02
 -2.343750e-02   1.015625e-01   4.687500e-02
 -2.343750e-02   1.015625e-01   7.812500e-02
 -2.343750e-02   1.015625e-01   1.093750e-01
 -2.343750e-02   1.171875e-01  -1.093750e-01
 -2.343750e-02   1.171875e-01  -7.812500e-02
 -2.343750e-02   1.171875e-01  -4.687500e-02
 -2.343750e-02   1.171875e-01  -1.562500e-02
 -2.343750e-02   1.171875e-01   1.562500e-02
 -2.343750e-02   1.171875e-01   4.687500e-02
 -2.343750e-02   1.171875e-01   7.812500e-02
 -2.343750e-02   1.171875e-01   1.093750e-01
 -2.343750e-02   1.328125e-01  -1.093750e-01
 -2.343750e-02   1.328125e-01  -7.812500e-02
 -2.343750e-02   1.328125e-01  -4.687500e-02
 -2.343750e-02   1.328125e-01  -1.562500e-02
 -2.343750e-02   1.328125e-01   1.562500e-02
 -2.343750e-02   1.328125e-01   4.687500e-02
 -2.343750e-02   1.328125e-01   7.812500e-02
 -2.343750e-02   1.328125e-01   1.093750e-01
 -2.343750e-02   1.484375e-01  -1.093750e-01
 -2.343750e-02   1.484375e-01  -7.812500e-02
 -2.343750e-02   1.484375e-01  -4.687500e-02
 -2.343750e-02   1.484375e-01  -1.562500e-02
 -2.343750e-02   1.484375e-01   1.562500e-02
 -2.343750e-02   1.484375e-01   4.687500e-02
 -2.343750e-02   1.484375e-01   7.812500e-02
 -2.343750e-02   1.484375e-01   1.093750e-01
 -2.343750e-02   1.640625e-01  -1.093750e-01
 -2.343750e-02   1.640625e-01  -7.812500e-02
 -2.343750e-02   1.640625e-01  -4.687500e-02
 -2.343750e-02   1.640625e-01  -1.562500e-02
 -2.343750e-02   1.640625e-01   1.562500e-02
 -2.343750e-02   1.640625e-01   4.687500e-02
 -2.343750e-02   1.640625e-01   7.812500e-02
 -2.343750e-02   1.640625e-01   1.093750e-01
 -2.343750e-02   1.796875e-01  -1.093750e-01
 -2.343750e-02   1.796875e-01  -7.812500e-02
 -2.343750e-02   1.796875e-01  -4.687500e-02
 -2.343750e-02   1.796875e-01  -1.562500e-02
 -2.343750e-02   1.796875e-01   1.562500e-02
 -2.343750e-02   1.796875e-01   4.687500e-02
 -2.343750e-02   1.796875e-01   7.812500e-02
 -2.343750e-02   1.796875e-01   1.093750e-01
 -2.343750e-02   1.953125e-01  -1.093750e-01
 -2.343750e-02   1.953125e-01  -7.812500e-02
 -2.343750e-02   1.953125e-01  -4.687500e-02
 -2.343750e-02   1.953125e-01  -1.562500e-02
 -2.343750e-02   1.953125e-01   1.562500e-02
 -2.343750e-02   1.953125e-01   4.687500e-02
 -2.343750e-02   1.953125e-01   7.812500e-02
 -2.343750e-02   1.953125e-01   1.093750e-01
 -2.343750e-02   2.109375e-01  -1.093750e-01
 -2.343750e-02   2.109375e-01  -7.812500e-02
 -2.343750e-02   2.109375e-01  -4.687500e-02
 -2.343750e-02   2.109375e-01  -1.562500e-02
 -2.343750e-02   2.109375e-01   1.562500e-02
 -2.343750e-02   2.109375e-01   4.687500e-02
 -2.343750e-02   2.109375e-01   7.812500e-02
 -2.343750e-02   2.109375e-01   1.093750e-01
 -2.343750e-02   2.265625e-01  -1.093750e-01
 -2.343750e-02   2.265625e-01  -7.812500e-02
 -2.343750e-02   2.265625e-01  -4.687500e-02
 -2.343750e-02   2.265625e-01  -1.562500e-02
 -2.343750e-02   2.265625e-01   1.562500e-02
 -2.343750e-02   2.265625e-01   4.687500e-02
 -2.343750e-02   2.265625e-01   7.812500e-02
 -2.343750e-02   2.265625e-01   1.093750e-01
 -2.343750e-02   2.421875e-01  -1.093750e-01
 -2.343750e-02   2.421875e-01  -7.812500e-02
 -2.343750e-02   2.421875e-01  -4.687500e-02
 -2.343750e-02   2.421875e-01  -1.562500e-02
 -2.343750e-02   2.421875e-01   1.562500e-02
 -2.343750e-02   2.421875e-01   4.687500e-02
 -2.343750e-02   2.421875e-01   7.812500e-02
 -2.343750e-02   2.421875e-01   1.093750e-01
 -7.812500e-03  -2.421875e-01  -1.093750e-01
 -7.812500e-03  -2.421875e-01  -7.812500e-02
 -7.812500e-03  -2.421875e-01  -4.687500e-02
 -7.812500e-03  -2.421875e-01  -1.562500e-02
 -7.812500e-03  -2.421875e-01   1.562500e-02
 -7.812500e-03  -2.421875e-01   4.687500e-02
 -7.812500e-03  -2.421875e-01   7.812500e-02
 -7.812500e-03  -2.421875e-01   1.093750e-01
 -7.812500e-03  -2.265625e-01  -1.093750e-01
 -7.812500e-03  -2.265625e-01  -7.812500e-02
 -7.812500e-03  -2.265625e-01  -4.687500e-02
 -7.812500e-03  -2.265625e-01  -1.562500e-02
 -7.812500e-03  -2.265625e-01   1.562500e-02
 -7.812500e-03  -2.265625e-01   4.687500e-02
 -7.812500e-03  -2.265625e-01   7.812500e-02
 -7.812500e-03  -2.265625e-01   1.093750e-01
 -7.812500e-03  -2.109375e-01  -1.093750e-01
 -7.812500e-03  -2.109375e-01  -7.812500e-02
 -7.812500e-03  -2.109375e-01  -4.687500e-02
 -7.812500e-03  -2.109375e-01  -1.562500e-02
 -7.812500e-03  -2.109375e-01   1.562500e-02
 -7.812500e-03  -2.109375e-01   4.687500e-02
 -7.812500e-03  -2.109375e-01   7.812500e-02
 -7.812500e-03  -2.109375e-01   1.093750e-01
 -7.812500e-03  -1.953125e-01  -1.093750e-01
 -7.812500e-03  -1.953125e-01  -7.812500e-02
 -7.812500e-03  -1.953125e-01  -4.687500e-02
 -7.812500e-03  -1.953125e-01  -1.562500e-02
 -7.812500e-03  -1.953125e-01   1.562500e-02
 -7.812500e-03  -1.953125e-01   4.687500e-02
 -7.812500e-03  -1.953125e-01   7.812500e-02
 -7.812500e-03  -1.953125e-01   1.093750e-01
 -7.812500e-03  -1.796875e-01  -1.093750e-01
 -7.812500e-03  -1.796875e-01  -7.812500e-02
 -7.812500e-03  -1.796875e-01  -4.687500e-02
 -7.812500e-03  -1.796875e-01  -1.562500e-02
 -7.812500e-03  -1.796875e-01   1.562500e-02
 -7.812500e-03  -1.796875e-01   4.687500e-02
 -7.812500e-03  -1.796875e-01   7.812500e-02
 -7.812500e-03  -1.796875e-01   1.093750e-01
 -7.812500e-03  -1.640625e-01  -1.093750e-01
 -7.812500e-03  -1.640625e-01  -7.812500e-02
 -7.812500e-03  -1.640625e-01  -4.687500e-02
 -7.812500e-03  -1.640625e-01  -1.562500e-02
 -7.812500e-03  -1.640625e-01   1.562500e-02
 -7.812500e-03  -1.640625e-01   4.687500e-02
 -7.812500e-03  -1.640625e-01   7.812500e-02
 -7.812500e-03  -1.640625e-01   1.093750e-01
 -7.812500e-03  -1.484375e-01  -1.093750e-01
 -7.812500e-03  -1.484375e-01  -7.812500e-02
 -7.812500e-03  -1.484375e-01  -4.687500e-02
 -7.812500e-03  -1.484375e-01  -1.562500e-02
 -7.812500e-03  -1.484375e-01   1.562500e-02
 -7.812500e-03  -1.484375e-01   4.687500e-02
 -7.812500e-03  -1.484375e-01   7.812500e-02
 -7.812500e-03  -1.484375e-01   1.093750e-01
 -7.812500e-03  -1.328125e-01  -1.093750e-01
 -7.812500e-03  -1.328125e-01  -7.812500e-02
 -7.812500e-03  -1.328125e-01  -4.687500e-02
 -7.812500e-03  -1.328125e-01  -1.562500e-02
 -7.812500e-03  -1.328125e-01   1.562500e-02
 -7.812500e-03  -1.328125e-01   4.687500e-02
 -7.812500e-03  -1.328125e-01   7.812500e-02
 -7.812500e-03  -1.328125e-01   1.093750e-01
 -7.812500e-03  -1.171875e-01  -1.093750e-01
 -7.812500e-03  -1.171875e-01  -7.812500e-02
 -7.812500e-03  -1.171875e-01  -4.687500e-02
 -7.812500e-03  -1.171875e-01  -1.562500e-02
 -7.812500e-03  -1.171875e-01   1.562500e-02
 -7.812500e-03  -1.171875e-01   4.687500e-02
 -7.812500e-03  -1.171875e-01   7.812500e-02
 -7.812500e-03  -1.171875e-01   1.093750e-01
 -7.812500e-03  -1.015625e-01  -1.093750e-01
 -7.812500e-03  -1.015625e-01  -7.812500e-02
 -7.812500e-03  -1.015625e-01  -4.687500e-02
 -7.812500e-03  -1.015625e-01  -1.562500e-02
 -7.812500e-03  -1.015625e-01   1.562500e-02
 -7.812500e-03  -1.015625e-01   4.687500e-02
 -7.812500e-03  -1.015625e-01   7.812500e-02
 -7.812500e-03  -1.015625e-01   1.093750e-01
 -7.812500e-03  -8.593750e-02  -1.093750e-01
 -7.812500e-03  -8.593750e-02  -7.812500e-02
 -7.812500e-03  -8.593750e-02  -4.687500e-02
 -7.812500e-03  -8.593750e-02  -1.562500e-02
 -7.812500e-03  -8.593750e-02   1.562500e-02
 -7.812500e-03  -8.593750e-02   4.687500e-02
 -7.812500e-03  -8.593750e-02   7.812500e-02
 -7.812500e-03  -8.593750e-02   1.093750e-01
 -7.812500e-03  -7.031250e-02  -1.093750e-01
 -7.812500e-03  -7.031250e-02  -7.812500e-02
 -7.812500e-03  -7.031250e-02  -4.687500e-02
 -7.812500e-03  -7.031250e-02  -1.562500e-02
 -7.812500e-03  -7.031250e-02   1.562500e-02
 -7.812500e-03  -7.031250e-02   4.687500e-02
 -7.812500e-03  -7.031250e-02   7.812500e-02
 -7.812500e-03  -7.031250e-02   1.093750e-01
 -7.812500e-03  -5.468750e-02  -1.093750e-01
 -7.812500e-03  -5.468750e-02  -7.812500e-02
 -7.812500e-03  -5.468750e-02  -4.687500e-02
 -7.812500e-03  -5.468750e-02  -1.562500e-02
 -7.812500e-03  -5.468750e-02   1.562500e-02
 -7.812500e-03  -5.468750e-02   4.687500e-02
 -7.812500e-03  -5.468750e-02   7.812500e-02
 -7.812500e-03  -5.468750e-02   1.093750e-01
 -7.812500e-03  -3.906250e-02  -1.093750e-01
 -7.812500e-03  -3.906250e-02  -7.812500e-02
 -7.812500e-03  -3.906250e-02  -4.687500e-02
 -7.812500e-03  -3.906250e-02  -1.562500e-02
 -7.812500e-03  -3.906250e-02   1.562500e-02
 -7.812500e-03  -3.906250e-02   4.687500e-02
 -7.812500e-03  -3.906250e-02   7.812500e-02
 -7.812500e-03  -3.906250e-02   1.093750e-01
 -7.812500e-03  -2.343750e-02  -1.093750e-01
 -7.812500e-03  -2.343750e-02  -7.812500e-02
 -7.812500e-03  -2.343750e-02  -4.687500e-02
 -7.812500e-03  -2.343750e-02  -1.562500e-02
 -7.812500e-03  -2.343750e-02   1.562500e-02
 -7.812500e-03  -2.343750e-02   4.687500e-02
 -7.812500e-03  -2.343750e-02   7.812500e-02
 -7.812500e-03  -2.343750e-02   1.093750e-01
 -7.812500e-03  -7.812500e-03  -1.093750e-01
 -7.812500e-03  -7.812500e-03  -7.812500e-02
 -7.812500e-03  -7.812500e-03  -4.687500e-02
 -7.812500e-03  -7.812500e-03  -1.562500e-02
 -7.812500e-03  -7.812500e-03   1.562500e-02
 -7.812500e-03  -7.812500e-03   4.687500e-02
 -7.812500e-03  -7.812500e-03   7.812500e-02
 -7.812500e-03  -7.812500e-03   1.093750e-01
 -7.812500e-03   7.812500e-03  -1.093750e-01
 -7.812500e-03   7.812500e-03  -7.812500e-02
 -7.812500e-03   7.812500e-03  -4.687500e-02
 -7.812500e-03   7.812500e-03  -1.562500e-02
 -7.812500e-03   7.812500e-03   1.562500e-02
 -7.812500e-03   7.812500e-03   4.687500e-02
 -7.812500e-03   7.812500e-03   7.812500e-02
 -7.812500e-03   7.812500e-03   1.093750e-01
 -7.812500e-03   2.343750e-02  -1.093750e-01
 -7.812500e-03   2.343750e-02  -7.812500e-02
 -7.812500e-03   2.343750e-02  -4.687500e-02
 -7.812500e-03   2.343750e-02  -1.562500e-02
 -7.812500e-03   2.343750e-02   1.562500e-02
 -7.812500e-03   2.343750e-02   4.687500e-02
 -7.812500e-03   2.343750e-02   7.812500e-02
 -7.812500e-03   2.343750e-02   1.093750e-01
 -7.812500e-03   3.906250e-02  -1.093750e-01
 -7.812500e-03   3.906250e-02  -7.812500e-02
 -7.812500e-03   3.906250e-02  -4.687500e-02
 -7.812500e-03   3.906250e-02  -1.562500e-02
 -7.812500e-03   3.906250e-02   1.562500e-02
 -7.812500e-03   3.906250e-02   4.687500e-02
 -7.812500e-03   3.906250e-02   7.812500e-02
 -7.812500e-03   3.906250e-02   1.093750e-01
 -7.812500e-03   5.468750e-02  -1.093750e-01
 -7.812500e-03   5.468750e-02  -7.812500e-02
 -7.812500e-03   5.468750e-02  -4.687500e-02
 -7.812500e-03   5.468750e-02  -1.562500e-02
 -7.812500e-03   5.468750e-02   1.562500e-02
 -7.812500e-03   5.468750e-02   4.687500e-02
 -7.812500e-03   5.468750e-02   7.812500e-02
 -7.812500e-03   5.468750e-02   1.093750e-01
 -7.812500e-03   7.031250e-02  -1.093750e-01
 -7.812500e-03   7.031250e-02  -7.812500e-02
 -7.812500e-03   7.031250e-02  -4.687500e-02
 -7.812500e-03   7.031250e-02  -1.562500e-02
 -7.812500e-03   7.031250e-02   1.562500e-02
 -7.812500e-03   7.031250e-02   4.687500e-02
 -7.812500e-03   7.031250e-02   7.812500e-02
 -7.812500e-03   7.031250e-02   1.093750e-01
 -7.812500e-03   8.593750e-02  -1.093750e-01
 -7.812500e-03   8.593750e-02  -7.812500e-02
 -7.812500e-03   8.593750e-02  -4.687500e-02
 -7.812500e-03   8.593750e-02  -1.562500e-02
 -7.812500e-03   8.593750e-02   1.562500e-02
 -7.812500e-03   8.593750e-02   4.687500e-02
 -7.812500e-03   8.593750e-02   7.812500e-02
 -7.812500e-03   8.593750e-02   1.093750e-01
 -7.812500e-03   1.015625e-01  -1.093750e-01
 -7.812500e-03   1.015625e-01  -7.812500e-02
 -7.812500e-03   1.015625e-01  -4.687500e-02
 -7.812500e-03   1.015625e-01  -1.562500e-02
 -7.812500e-03   1.015625e-01   1.562500e-02
 -7.812500e-03   1.015625e-01   4.687500e-02
 -7.812500e-03   1.015625e-01   7.812500e-02
 -7.812500e-03   1.015625e-01   1.093750e-01
 -7.812500e-03   1.171875e-01  -1.093750e-01
 -7.812500e-03   1.171875e-01  -7.812500e-02
 -7.812500e-03   1.171875e-01  -4.687500e-02
 -7.812500e-03   1.171875e-01  -1.562500e-02
 -7.812500e-03   1.171875e-01   1.562500e-02
 -7.812500e-03   1.171875e-01   4.687500e-02
 -7.812500e-03   1.171875e-01   7.812500e-02
 -7.812500e-03   1.171875e-01   1.093750e-01
 -7.812500e-03   1.328125e-01  -1.093750e-01
 -7.812500e-03   1.328125e-01  -7.812500e-02
 -7.812500e-03   1.328125e-01  -4.687500e-02
 -7.812500e-03   1.328125e-01  -1.562500e-02
 -7.812500e-03   1.328125e-01   1.562500e-02
 -7.812500e-03   1.328125e-01   4.687500e-02
 -7.812500e-03   1.328125e-01   7.812500e-02
 -7.812500e-03   1.328125e-01   1.093750e-01
 -7.812500e-03   1.484375e-01  -1.093750e-01
 -7.812500e-03   1.484375e-01  -7.812500e-02
 -7.812500e-03   1.484375e-01  -4.687500e-02
 -7.812500e-03   1.484375e-01  -1.562500e-02
 -7.812500e-03   1.484375e-01   1.562500e-02
 -7.812500e-03   1.484375e-01   4.687500e-02
 -7.812500e-03   1.484375e-01   7.812500e-02
 -7.812500e-03   1.484375e-01   1.093750e-01
 -7.812500e-03   1.640625e-01  -1.093750e-01
 -7.812500e-03   1.640625e-01  -7.812500e-02
 -7.812500e-03   1.640625e-01  -4.687500e-02
 -7.812500e-03   1.640625e-01  -1.562500e-02
 -7.812500e-03   1.640625e-01   1.562500e-02
 -7.812500e-03   1.640625e-01   4.687500e-02
 -7.812500e-03   1.640625e-01   7.812500e-02
 -7.812500e-03   1.640625e-01   1.093750e-01
 -7.812500e-03   1.796875e-01  -1.093750e-01
 -7.812500e-03   1.796875e-01  -7.812500e-02
 -7.812500e-03   1.796875e-01  -4.687500e-02
 -7.812500e-03   1.796875e-01  -1.562500e-02
 -7.812500e-03   1.796875e-01   1.562500e-02
 -7.812500e-03   1.796875e-01   4.687500e-02
 -7.812500e-03   1.796875e-01   7.812500e-02
 -7.812500e-03   1.796875e-01   1.093750e-01
 -7.812500e-03   1.953125e-01  -1.093750e-01
 -7.812500e-03   1.953125e-01  -7.812500e-02
 -7.812500e-03   1.953125e-01  -4.687500e-02
 -7.812500e-03   1.953125e-01  -1.562500e-02
 -7.812500e-03   1.953125e-01   1.562500e-02
 -7.812500e-03   1.953125e-01   4.687500e-02
 -7.812500e-03   1.953125e-01   7.812500e-02
 -7.812500e-03   1.953125e-01   1.093750e-01
 -7.812500e-03   2.109375e-01  -1.093750e-01
 -7.812500e-03   2.109375e-01  -7.812500e-02
 -7.812500e-03   2.109375e-01  -4.687500e-02
 -7.812500e-03   2.109375e-01  -1.562500e-02
 -7.812500e-03   2.109375e-01   1.562500e-02
 -7.812500e-03   2.109375e-01   4.687500e-02
 -7.812500e-03   2.109375e-01   7.812500e-02
 -7.812500e-03   2.109375e-01   1.093750e-01
 -7.812500e-03   2.265625e-01  -1.093750e-01
 -7.812500e-03   2.265625e-01  -7.812500e-02
 -7.812500e-03   2.265625e-01  -4.687500e-02
 -7.812500e-03   2.265625e-01  -1.562500e-02
 -7.812500e-03   2.265625e-01   1.562500e-02
 -7.812500e-03   2.265625e-01   4.687500e-02
 -7.812500e-03   2.265625e-01   7.812500e-02
 -7.812500e-03   2.265625e-01   1.093750e-01
 -7.812500e-03   2.421875e-01  -1.093750e-01
 -7.812500e-03   2.421875e-01  -7.812500e-02
 -7.812500e-03   2.421875e-01  -4.687500e-02
 -7.812500e-03   2.421875e-01  -1.562500e-02
 -7.812500e-03   2.421875e-01   1.562500e-02
 -7.812500e-03   2.421875e-01   4.687500e-02
 -7.812500e-03   2.421875e-01   7.812500e-02
 -7.812500e-03   2.421875e-01   1.093750e-01
  7.812500e-03  -2.421875e-01  -1.093750e-01
  7.812500e-03  -2.421875e-01  -7.812500e-02
  7.812500e-03  -2.421875e-01  -4.687500e-02
  7.812500e-03  -2.421875e-01  -1.562500e-02
  7.812500e-03  -2.421875e-01   1.562500e-02
  7.812500e-03  -2.421875e-01   4.687500e-02
  7.812500e-03  -2.421875e-01   7.812500e-02
  7.812500e-03  -2.421875e-01   1.093750e-01
  7.812500e-03  -2.265625e-01  -1.093750e-01
  7.812500e-03  -2.265625e-01  -7.812500e-02
  7.812500e-03  -2.265625e-01  -4.687500e-02
  7.812500e-03  -2.265625e-01  -1.562500e-02
  7.812500e-03  -2.265625e-01   1.562500e-02
  7.812500e-03  -2.265625e-01   4.687500e-02
  7.812500e-03  -2.265625e-01   7.812500e-02
  7.812500e-03  -2.265625e-01   1.093750e-01
  7.812500e-03  -2.109375e-01  -1.093750e-01
  7.812500e-03  -2.109375e-01  -7.812500e-02
  7.812500e-03  -2.109375e-01  -4.687500e-02
  7.812500e-03  -2.109375e-01  -1.562500e-02
  7.812500e-03  -2.109375e-01   1.562500e-02
  7.812500e-03  -2.109375e-01   4.687500e-02
  7.812500e-03  -2.109375e-01   7.812500e-02
  7.812500e-03  -2.109375e-01   1.093750e-01
  7.812500e-03  -1.953125e-01  -1.093750e-01
  7.812500e-03  -1.953125e-01  -7.812500e-02
  7.812500e-03  -1.953125e-01  -4.687500e-02
  7.812500e-03  -1.953125e-01  -1.562500e-02
  7.812500e-03  -1.953125e-01   1.562500e-02
  7.812500e-03  -1.953125e-01   4.687500e-02
  7.812500e-03  -1.953125e-01   7.812500e-02
  7.812500e-03  -1.953125e-01   1.093750e-01
  7.812500e-03  -1.796875e-01  -1.093750e-01
  7.812500e-03  -1.796875e-01  -7.812500e-02
  7.812500e-03  -1.796875e-01  -4.687500e-02
  7.812500e-03  -1.796875e-01  -1.562500e-02
  7.812500e-03  -1.796875e-01   1.562500e-02
  7.812500e-03  -1.796875e-01   4.687500e-02
  7.812500e-03  -1.796875e-01   7.812500e-02
  7.812500e-03  -1.796875e-01   1.093750e-01
  7.812500e-03  -1.640625e-01  -1.093750e-01
  7.812500e-03  -1.640625e-01  -7.812500e-02
  7.812500e-03  -1.640625e-01  -4.687500e-02
  7.812500e-03  -1.640625e-01  -1.562500e-02
  7.812500e-03  -1.640625e-01   1.562500e-02
  7.812500e-03  -1.640625e-01   4.687500e-02
  7.812500e-03  -1.640625e-01   7.812500e-02
  7.812500e-03  -1.640625e-01   1.093750e-01
  7.812500e-03  -1.484375e-01  -1.093750e-01
  7.812500e-03  -1.484375e-01  -7.812500e-02
  7.812500e-03  -1.484375e-01  -4.687500e-02
  7.812500e-03  -1.484375e-01  -1.562500e-02
  7.812500e-03  -1.484375e-01   1.562500e-02
  7.812500e-03  -1.484375e-01   4.687500e-02
  7.812500e-03  -1.484375e-01   7.812500e-02
  7.812500e-03  -1.484375e-01   1.093750e-01
  7.812500e-03  -1.328125e-01  -1.093750e-01
  7.812500e-03  -1.328125e-01  -7.812500e-02
  7.812500e-03  -1.328125e-01  -4.687500e-02
  7.812500e-03  -1.328125e-01  -1.562500e-02
  7.812500e-03  -1.328125e-01   1.562500e-02
  7.812500e-03  -1.328125e-01   4.687500e-02
  7.812500e-03  -1.328125e-01   7.812500e-02
  7.812500e-03  -1.328125e-01   1.093750e-01
  7.812500e-03  -1.171875e-01  -1.093750e-01
  7.812500e-03  -1.171875e-01  -7.812500e-02
  7.812500e-03  -1.171875e-01  -4.687500e-02
  7.812500e-03  -1.171875e-01  -1.562500e-02
  7.812500e-03  -1.171875e-01   1.562500e-02
  7.812500e-03  -1.171875e-01   4.687500e-02
  7.812500e-03  -1.171875e-01   7.812500e-02
  7.812500e-03  -1.171875e-01   1.093750e-01
  7.812500e-03  -1.015625e-01  -1.093750e-01
  7.812500e-03  -1.015625e-01  -7.812500e-02
  7.812500e-03  -1.015625e-01  -4.687500e-02
  7.812500e-03  -1.015625e-01  -1.562500e-02
  7.812500e-03  -1.015625e-01   1.562500e-02
  7.812500e-03  -1.015625e-01   4.687500e-02
  7.812500e-03  -1.015625e-01   7.812500e-02
  7.812500e-03  -1.015625e-01   1.093750e-01
  7.812500e-03  -8.593750e-02  -1.093750e-01
  7.812500e-03  -8.593750e-02  -7.812500e-02
  7.812500e-03  -8.593750e-02  -4.687500e-02
  7.812500e-03  -8.593750e-02  -1.562500e-02
  7.812500e-03  -8.593750e-02   1.562500e-02
  7.812500e-03  -8.593750e-02   4.687500e-02
  7.812500e-03  -8.593750e-02   7.812500e-02
  7.812500e-03  -8.593750e-02   1.093750e-01
  7.812500e-03  -7.031250e-02  -1.093750e-01
  7.812500e-03  -7.031250e-02  -7.812500e-02
  7.812500e-03  -7.031250e-02  -4.687500e-02
  7.812500e-03  -7.031250e-02  -1.562500e-02
  7.812500e-03  -7.031250e-02   1.562500e-02
  7.812500e-03  -7.031250e-02   4.687500e-02
  7.812500e-03  -7.031250e-02   7.812500e-02
  7.812500e-03  -7.031250e-02   1.093750e-01
  7.812500e-03  -5.468750e-02  -1.093750e-01
  7.812500e-03  -5.468750e-02  -7.812500e-02
  7.812500e-03  -5.468750e-02  -4.687500e-02
  7.812500e-03  -5.468750e-02  -1.562500e-02
  7.812500e-03  -5.468750e-02   1.562500e-02
  7.812500e-03  -5.468750e-02   4.687500e-02
  7.812500e-03  -5.468750e-02   7.812500e-02
  7.812500e-03  -5.468750e-02   1.093750e-01
  7.812500e-03  -3.906250e-02  -1.093750e-01
  7.812500e-03  -3.906250e-02  -7.812500e-02
  7.812500e-03  -3.906250e-02  -4.687500e-02
  7.812500e-03  -3.906250e-02  -1.562500e-02
  7.812500e-03  -3.906250e-02   1.562500e-02
  7.812500e-03  -3.906250e-02   4.687500e-02
  7.812500e-03  -3.906250e-02   7.812500e-02
  7.812500e-03  -3.906250e-02   1.093750e-01
  7.812500e-03  -2.343750e-02  -1.093750e-01
  7.812500e-03  -2.343750e-02  -7.812500e-02
  7.812500e-03  -2.343750e-02  -4.687500e-02
  7.812500e-03  -2.343750e-02  -1.562500e-02
  7.812500e-03  -2.343750e-02   1.562500e-02
  7.812500e-03  -2.343750e-02   4.687500e-02
  7.812500e-03  -2.343750e-02   7.812500e-02
  7.812500e-03  -2.343750e-02   1.093750e-01
  7.812500e-03  -7.812500e-03  -1.093750e-01
  7.812500e-03  -7.812500e-03  -7.812500e-02
  7.812500e-03  -7.812500e-03  -4.687500e-02
  7.812500e-03  -7.812500e-03  -1.562500e-02
  7.812500e-03  -7.812500e-03   1.562500e-02
  7.812500e-03  -7.812500e-03   4.687500e-02
  7.812500e-03  -7.812500e-03   7.812500e-02
  7.812500e-03  -7.812500e-03   1.093750e-01
  7.812500e-03   7.812500e-03  -1.093750e-01
  7.812500e-03   7.812500e-03  -7.812500e-02
  7.812500e-03   7.812500e-03  -4.687500e-02
  7.812500e-03   7.812500e-03  -1.562500e-02
  7.812500e-03   7.812500e-03   1.562500e-02
  7.812500e-03   7.812500e-03   4.687500e-02
  7.812500e-03   7.812500e-03   7.812500e-02
  7.812500e-03   7.812500e-03   1.093750e-01
  7.812500e-03   2.343750e-02  -1.093750e-01
  7.812500e-03   2.343750e-02  -7.812500e-02
  7.812500e-03   2.343750e-02  -4.687500e-02
  7.812500e-03   2.343750e-02  -1.562500e-02
  7.812500e-03   2.343750e-02   1.562500e-02
  7.812500e-03   2.343750e-02   4.687500e-02
  7.812500e-03   2.343750e-02   7.812500e-02
  7.812500e-03   2.343750e-02   1.093750e-01
  7.812500e-03   3.906250e-02  -1.093750e-01
  7.812500e-03   3.906250e-02  -7.812500e-02
  7.812500e-03   3.906250e-02  -4.687500e-02
  7.812500e-03   3.906250e-02  -1.562500e-02
  7.812500e-03   3.906250e-02   1.562500e-02
  7.812500e-03   3.906250e-02   4.687500e-02
  7.812500e-03   3.906250e-02   7.812500e-02
  7.812500e-03   3.906250e-02   1.093750e-01
  7.812500e-03   5.468750e-02  -1.093750e-01
  7.812500e-03   5.468750e-02  -7.812500e-02
  7.812500e-03   5.468750e-02  -4.687500e-02
  7.812500e-03   5.468750e-02  -1.562500e-02
  7.812500e-03   5.468750e-02   1.562500e-02
  7.812500e-03   5.468750e-02   4.687500e-02
  7.812500e-03   5.468750e-02   7.812500e-02
  7.812500e-03   5.468750e-02   1.093750e-01
  7.812500e-03   7.031250e-02  -1.093750e-01
  7.812500e-03   7.031250e-02  -7.812500e-02
  7.812500e-03   7.031250e-02  -4.687500e-02
  7.812500e-03   7.031250e-02  -1.562500e-02
  7.812500e-03   7.031250e-02   1.562500e-02
  7.812500e-03   7.031250e-02   4.687500e-02
  7.812500e-03   7.031250e-02   7.812500e-02
  7.812500e-03   7.031250e-02   1.093750e-01
  7.812500e-03   8.593750e-02  -1.093750e-01
  7.812500e-03   8.593750e-02  -7.812500e-02
  7.812500e-03   8.593750e-02  -4.687500e-02
  7.812500e-03   8.593750e-02  -1.562500e-02
  7.812500e-03   8.593750e-02   1.562500e-02
  7.812500e-03   8.593750e-02   4.687500e-02
  7.812500e-03   8.593750e-02   7.812500e-02
  7.812500e-03   8.593750e-02   1.093750e-01
  7.812500e-03   1.015625e-01  -1.093750e-01
  7.812500e-03   1.015625e-01  -7.812500e-02
  7.812500e-03   1.015625e-01  -4.687500e-02
  7.812500e-03   1.015625e-01  -1.562500e-02
  7.812500e-03   1.015625e-01   1.562500e-02
  7.812500e-03   1.015625e-01   4.687500e-02
  7.812500e-03   1.015625e-01   7.812500e-02
  7.812500e-03   1.015625e-01   1.093750e-01
  7.812500e-03   1.171875e-01  -1.093750e-01
  7.812500e-03   1.171875e-01  -7.812500e-02
  7.812500e-03   1.171875e-01  -4.687500e-02
  7.812500e-03   1.171875e-01  -1.562500e-02
  7.812500e-03   1.171875e-01   1.562500e-02
  7.812500e-03   1.171875e-01   4.687500e-02
  7.812500e-03   1.171875e-01   7.812500e-02
  7.812500e-03   1.171875e-01   1.093750e-01
  7.812500e-03   1.328125e-01  -1.093750e-01
  7.812500e-03   1.328125e-01  -7.812500e-02
  7.812500e-03   1.328125e-01  -4.687500e-02
  7.812500e-03   1.328125e-01  -1.562500e-02
  7.812500e-03   1.328125e-01   1.562500e-02
  7.812500e-03   1.328125e-01   4.687500e-02
  7.812500e-03   1.328125e-01   7.812500e-02
  7.812500e-03   1.328125e-01   1.093750e-01
  7.812500e-03   1.484375e-01  -1.093750e-01
  7.812500e-03   1.484375e-01  -7.812500e-02
  7.812500e-03   1.484375e-01  -4.687500e-02
  7.812500e-03   1.484375e-01  -1.562500e-02
  7.812500e-03   1.484375e-01   1.562500e-02
  7.812500e-03   1.484375e-01   4.687500e-02
  7.812500e-03   1.484375e-01   7.812500e-02
  7.812500e-03   1.484375e-01   1.093750e-01
  7.812500e-03   1.640625e-01  -1.093750e-01
  7.812500e-03   1.640625e-01  -7.812500e-02
  7.812500e-03   1.640625e-01  -4.687500e-02
  7.812500e-03   1.640625e-01  -1.562500e-02
  7.812500e-03   1.640625e-01   1.562500e-02
  7.812500e-03   1.640625e-01   4.687500e-02
  7.812500e-03   1.640625e-01   7.812500e-02
  7.812500e-03   1.640625e-01   1.093750e-01
  7.812500e-03   1.796875e-01  -1.093750e-01
  7.812500e-03   1.796875e-01  -7.812500e-02
  7.812500e-03   1.796875e-01  -4.687500e-02
  7.812500e-03   1.796875e-01  -1.562500e-02
  7.812500e-03   1.796875e-01   1.562500e-02
  7.812500e-03   1.796875e-01   4.687500e-02
  7.812500e-03   1.796875e-01   7.812500e-02
  7.812500e-03   1.796875e-01   1.093750e-01
  7.812500e-03   1.953125e-01  -1.093750e-01
  7.812500e-03   1.953125e-01  -7.812500e-02
  7.812500e-03   1.953125e-01  -4.687500e-02
  7.812500e-03   1.953125e-01  -1.562500e-02
  7.812500e-03   1.953125e-01   1.562500e-02
  7.812500e-03   1.953125e-01   4.687500e-02
  7.812500e-03   1.953125e-01   7.812500e-02
  7.812500e-03   1.953125e-01   1.093750e-01
  7.812500e-03   2.109375e-01  -1.093750e-01
  7.812500e-03   2.109375e-01  -7.812500e-02
  7.812500e-03   2.109375e-01  -4.687500e-02
  7.812500e-03   2.109375e-01  -1.562500e-02
  7.812500e-03   2.109375e-01   1.562500e-02
  7.812500e-03   2.109375e-01   4.687500e-02
  7.812500e-03   2.109375e-01   7.812500e-02
  7.812500e-03   2.109375e-01   1.093750e-01
  7.812500e-03   2.265625e-01  -1.093750e-01
  7.812500e-03   2.265625e-01  -7.812500e-02
  7.812500e-03   2.265625e-01  -4.687500e-02
  7.812500e-03   2.265625e-01  -1.562500e-02
  7.812500e-03   2.265625e-01   1.562500e-02
  7.812500e-03   2.265625e-01   4.687500e-02
  7.812500e-03   2.265625e-01   7.812500e-02
  7.812500e-03   2.265625e-01   1.093750e-01
  7.812500e-03   2.421875e-01  -1.093750e-01
  7.812500e-03   2.421875e-01  -7.812500e-02
  7.812500e-03   2.421875e-01  -4.687500e-02
  7.812500e-03   2.421875e-01  -1.562500e-02
  7.812500e-03   2.421875e-01   1.562500e-02
  7.812500e-03   2.421875e-01   4.687500e-02
  7.812500e-03   2.421875e-01   7.812500e-02
  7.812500e-03   2.421875e-01   1.093750e-01
  2.343750e-02  -2.421875e-01  -1.093750e-01
  2.343750e-02  -2.421875e-01  -7.812500e-02
  2.343750e-02  -2.421875e-01  -4.687500e-02
  2.343750e-02  -2.421875e-01  -1.562500e-02
  2.343750e-02  -2.421875e-01   1.562500e-02
  2.343750e-02  -2.421875e-01   4.687500e-02
  2.343750e-02  -2.421875e-01   7.812500e-02
  2.343750e-02  -2.421875e-01   1.093750e-01
  2.343750e-02  -2.265625e-01  -1.093750e-01
  2.343750e-02  -2.265625e-01  -7.812500e-02
  2.343750e-02  -2.265625e-01  -4.687500e-02
  2.343750e-02  -2.265625e-01  -1.562500e-02
  2.343750e-02  -2.265625e-01   1.562500e-02
  2.343750e-02  -2.265625e-01   4.687500e-02
  2.343750e-02  -2.265625e-01   7.812500e-02
  2.343750e-02  -2.265625e-01   1.093750e-01
  2.343750e-02  -2.109375e-01  -1.093750e-01
  2.343750e-02  -2.109375e-01  -7.812500e-02
  2.343750e-02  -2.109375e-01  -4.687500e-02
  2.343750e-02  -2.109375e-01  -1.562500e-02
  2.343750e-02  -2.109375e-01   1.562500e-02
  2.343750e-02  -2.109375e-01   4.687500e-02
  2.343750e-02  -2.109375e-01   7.812500e-02
  2.343750e-02  -2.109375e-01   1.093750e-01
  2.343750e-02  -1.953125e-01  -1.093750e-01
  2.343750e-02  -1.953125e-01  -7.812500e-02
  2.343750e-02  -1.953125e-01  -4.687500e-02
  2.343750e-02  -1.953125e-01  -1.562500e-02
  2.343750e-02  -1.953125e-01   1.562500e-02
  2.343750e-02  -1.953125e-01   4.687500e-02
  2.343750e-02  -1.953125e-01   7.812500e-02
  2.343750e-02  -1.953125e-01   1.093750e-01
  2.343750e-02  -1.796875e-01  -1.093750e-01
  2.343750e-02  -1.796875e-01  -7.812500e-02
  2.343750e-02  -1.796875e-01  -4.687500e-02
  2.343750e-02  -1.796875e-01  -1.562500e-02
  2.343750e-02  -1.796875e-01   1.562500e-02
  2.343750e-02  -1.796875e-01   4.687500e-02
  2.343750e-02  -1.796875e-01   7.812500e-02
  2.343750e-02  -1.796875e-01   1.093750e-01
  2.343750e-02  -1.640625e-01  -1.093750e-01
  2.343750e-02  -1.640625e-01  -7.812500e-02
  2.343750e-02  -1.640625e-01  -4.687500e-02
  2.343750e-02  -1.640625e-01  -1.562500e-02
  2.343750e-02  -1.640625e-01   1.562500e-02
  2.343750e-02  -1.640625e-01   4.687500e-02
  2.343750e-02  -1.640625e-01   7.812500e-02
  2.343750e-02  -1.640625e-01   1.093750e-01
  2.343750e-02  -1.484375e-01  -1.093750e-01
  2.343750e-02  -1.484375e-01  -7.812500e-02
  2.343750e-02  -1.484375e-01  -4.687500e-02
  2.343750e-02  -1.484375e-01  -1.562500e-02
  2.343750e-02  -1.484375e-01   1.562500e-02
  2.343750e-02  -1.484375e-01   4.687500e-02
  2.343750e-02  -1.484375e-01   7.812500e-02
  2.343750e-02  -1.484375e-01   1.093750e-01
  2.343750e-02  -1.328125e-01  -1.093750e-01
  2.343750e-02  -1.328125e-01  -7.812500e-02
  2.343750e-02  -1.328125e-01  -4.687500e-02
  2.343750e-02  -1.328125e-01  -1.562500e-02
  2.343750e-02  -1.328125e-01   1.562500e-02
  2.343750e-02  -1.328125e-01   4.687500e-02
  2.343750e-02  -1.328125e-01   7.812500e-02
  2.343750e-02  -1.328125e-01   1.093750e-01
  2.343750e-02  -1.171875e-01  -1.093750e-01
  2.343750e-02  -1.171875e-01  -7.812500e-02
  2.343750e-02  -1.171875e-01  -4.687500e-02
  2.343750e-02  -1.171875e-01  -1.562500e-02
  2.343750e-02  -1.171875e-01   1.562500e-02
  2.343750e-02  -1.171875e-01   4.687500e-02
  2.343750e-02  -1.171875e-01   7.812500e-02
  2.343750e-02  -1.171875e-01   1.093750e-01
  2.343750e-02  -1.015625e-01  -1.093750e-01
  2.343750e-02  -1.015625e-01  -7.812500e-02
  2.343750e-02  -1.015625e-01  -4.687500e-02
  2.343750e-02  -1.015625e-01  -1.562500e-02
  2.343750e-02  -1.015625e-01   1.562500e-02
  2.343750e-02  -1.015625e-01   4.687500e-02
  2.343750e-02  -1.015625e-01   7.812500e-02
  2.343750e-02  -1.015625e-01   1.093750e-01
  2.343750e-02  -8.593750e-02  -1.093750e-01
  2.343750e-02  -8.593750e-02  -7.812500e-02
  2.343750e-02  -8.593750e-02  -4.687500e-02
  2.343750e-02  -8.593750e-02  -1.562500e-02
  2.343750e-02  -8.593750e-02   1.562500e-02
  2.343750e-02  -8.593750e-02   4.687500e-02
  2.343750e-02  -8.593750e-02   7.812500e-02
  2.343750e-02  -8.593750e-02   1.093750e-01
  2.343750e-02  -7.031250e-02  -1.093750e-01
  2.343750e-02  -7.031250e-02  -7.812500e-02
  2.343750e-02  -7.031250e-02  -4.687500e-02
  2.343750e-02  -7.031250e-02  -1.562500e-02
  2.343750e-02  -7.031250e-02   1.562500e-02
  2.343750e-02  -7.031250e-02   4.687500e-02
  2.343750e-02  -7.031250e-02   7.812500e-02
  2.343750e-02  -7.031250e-02   1.093750e-01
  2.343750e-02  -5.468750e-02  -1.093750e-01
  2.343750e-02  -5.468750e-02  -7.812500e-02
  2.343750e-02  -5.468750e-02  -4.687500e-02
  2.343750e-02  -5.468750e-02  -1.562500e-02
  2.343750e-02  -5.468750e-02   1.562500e-02
  2.343750e-02  -5.468750e-02   4.687500e-02
  2.343750e-02  -5.468750e-02   7.812500e-02
  2.343750e-02  -5.468750e-02   1.093750e-01
  2.343750e-02  -3.906250e-02  -1.093750e-01
  2.343750e-02  -3.906250e-02  -7.812500e-02
  2.343750e-02  -3.906250e-02  -4.687500e-02
  2.343750e-02  -3.906250e-02  -1.562500e-02
  2.343750e-02  -3.906250e-02   1.562500e-02
  2.343750e-02  -3.906250e-02   4.687500e-02
  2.343750e-02  -3.906250e-02   7.812500e-02
  2.343750e-02  -3.906250e-02   1.093750e-01
  2.343750e-02  -2.343750e-02  -1.093750e-01
  2.343750e-02  -2.343750e-02  -7.812500e-02
  2.343750e-02  -2.343750e-02  -4.687500e-02
  2.343750e-02  -2.343750e-02  -1.562500e-02
  2.343750e-02  -2.343750e-02   1.562500e-02
  2.343750e-02  -2.343750e-02   4.687500e-02
  2.343750e-02  -2.343750e-02   7.812500e-02
  2.343750e-02  -2.343750e-02   1.093750e-01
  2.343750e-02  -7.812500e-03  -1.093750e-01
  2.343750e-02  -7.812500e-03  -7.812500e-02
  2.343750e-02  -7.812500e-03  -4.687500e-02
  2.343750e-02  -7.812500e-03  -1.562500e-02
  2.343750e-02  -7.812500e-03   1.562500e-02
  2.343750e-02  -7.812500e-03   4.687500e-02
  2.343750e-02  -7.812500e-03   7.812500e-02
  2.343750e-02  -7.812500e-03   1.093750e-01
  2.343750e-02   7.812500e-03  -1.093750e-01
  2.343750e-02   7.812500e-03  -7.812500e-02
  2.343750e-02   7.812500e-03  -4.687500e-02
  2.343750e-02   7.812500e-03  -1.562500e-02
  2.343750e-02   7.812500e-03   1.562500e-02
  2.343750e-02   7.812500e-03   4.687500e-02
  2.343750e-02   7.812500e-03   7.812500e-02
  2.343750e-02   7.812500e-03   1.093750e-01
  2.343750e-02   2.343750e-02  -1.093750e-01
  2.343750e-02   2.343750e-02  -7.812500e-02
  2.343750e-02   2.343750e-02  -4.687500e-02
  2.343750e-02   2.343750e-02  -1.562500e-02
  2.343750e-02   2.343750e-02   1.562500e-02
  2.343750e-02   2.343750e-02   4.687500e-02
  2.343750e-02   2.343750e-02   7.812500e-02
  2.343750e-02   2.343750e-02   1.093750e-01
  2.343750e-02   3.906250e-02  -1.093750e-01
  2.343750e-02   3.906250e-02  -7.812500e-02
  2.343750e-02   3.906250e-02  -4.687500e-02
  2.343750e-02   3.906250e-02  -1.562500e-02
  2.343750e-02   3.906250e-02   1.562500e-02
  2.343750e-02   3.906250e-02   4.687500e-02
  2.343750e-02   3.906250e-02   7.812500e-02
  2.343750e-02   3.906250e-02   1.093750e-01
  2.343750e-02   5.468750e-02  -1.093750e-01
  2.343750e-02   5.468750e-02  -7.812500e-02
  2.343750e-02   5.468750e-02  -4.687500e-02
  2.343750e-02   5.468750e-02  -1.562500e-02
  2.343750e-02   5.468750e-02   1.562500e-02
  2.343750e-02   5.468750e-02   4.687500e-02
  2.343750e-02   5.468750e-02   7.812500e-02
  2.343750e-02   5.468750e-02   1.093750e-01
  2.343750e-02   7.031250e-02  -1.093750e-01
  2.343750e-02   7.031250e-02  -7.812500e-02
  2.343750e-02   7.031250e-02  -4.687500e-02
  2.343750e-02   7.031250e-02  -1.562500e-02
  2.343750e-02   7.031250e-02   1.562500e-02
  2.343750e-02   7.031250e-02   4.687500e-02
  2.343750e-02   7.031250e-02   7.812500e-02
  2.343750e-02   7.031250e-02   1.093750e-01
  2.343750e-02   8.593750e-02  -1.093750e-01
  2.343750e-02   8.593750e-02  -7.812500e-02
  2.343750e-02   8.593750e-02  -4.687500e-02
  2.343750e-02   8.593750e-02  -1.562500e-02
  2.343750e-02   8.593750e-02   1.562500e-02
  2.343750e-02   8.593750e-02   4.687500e-02
  2.343750e-02   8.593750e-02   7.812500e-02
  2.343750e-02   8.593750e-02   1.093750e-01
  2.343750e-02   1.015625e-01  -1.093750e-01
  2.343750e-02   1.015625e-01  -7.812500e-02
  2.343750e-02   1.015625e-01  -4.687500e-02
  2.343750e-02   1.015625e-01  -1.562500e-02
  2.343750e-02   1.015625e-01   1.562500e-02
  2.343750e-02   1.015625e-01   4.687500e-02
  2.343750e-02   1.015625e-01   7.812500e-02
  2.343750e-02   1.015625e-01   1.093750e-01
  2.343750e-02   1.171875e-01  -1.093750e-01
  2.343750e-02   1.171875e-01  -7.812500e-02
  2.343750e-02   1.171875e-01  -4.687500e-02
  2.343750e-02   1.171875e-01  -1.562500e-02
  2.343750e-02   1.171875e-01   1.562500e-02
  2.343750e-02   1.171875e-01   4.687500e-02
  2.343750e-02   1.171875e-01   7.812500e-02
  2.343750e-02   1.171875e-01   1.093750e-01
  2.343750e-02   1.328125e-01  -1.093750e-01
  2.343750e-02   1.328125e-01  -7.812500e-02
  2.343750e-02   1.328125e-01  -4.687500e-02
  2.343750e-02   1.328125e-01  -1.562500e-02
  2.343750e-02   1.328125e-01   1.562500e-02
  2.343750e-02   1.328125e-01   4.687500e-02
  2.343750e-02   1.328125e-01   7.812500e-02
  2.343750e-02   1.328125e-01   1.093750e-01
  2.343750e-02   1.484375e-01  -1.093750e-01
  2.343750e-02   1.484375e-01  -7.812500e-02
  2.343750e-02   1.484375e-01  -4.687500e-02
  2.343750e-02   1.484375e-01  -1.562500e-02
  2.343750e-02   1.484375e-01   1.562500e-02
  2.343750e-02   1.484375e-01   4.687500e-02
  2.343750e-02   1.484375e-01   7.812500e-02
  2.343750e-02   1.484375e-01   1.093750e-01
  2.343750e-02   1.640625e-01  -1.093750e-01
  2.343750e-02   1.640625e-01  -7.812500e-02
  2.343750e-02   1.640625e-01  -4.687500e-02
  2.343750e-02   1.640625e-01  -1.562500e-02
  2.343750e-02   1.640625e-01   1.562500e-02
  2.343750e-02   1.640625e-01   4.687500e-02
  2.343750e-02   1.640625e-01   7.812500e-02
  2.343750e-02   1.640625e-01   1.093750e-01
  2.343750e-02   1.796875e-01  -1.093750e-01
  2.343750e-02   1.796875e-01  -7.812500e-02
  2.343750e-02   1.796875e-01  -4.687500e-02
  2.343750e-02   1.796875e-01  -1.562500e-02
  2.343750e-02   1.796875e-01   1.562500e-02
  2.343750e-02   1.796875e-01   4.687500e-02
  2.343750e-02   1.796875e-01   7.812500e-02
  2.343750e-02   1.796875e-01   1.093750e-01
  2.343750e-02   1.953125e-01  -1.093750e-01
  2.343750e-02   1.953125e-01  -7.812500e-02
  2.343750e-02   1.953125e-01  -4.687500e-02
  2.343750e-02   1.953125e-01  -1.562500e-02
  2.343750e-02   1.953125e-01   1.562500e-02
  2.343750e-02   1.953125e-01   4.687500e-02
  2.343750e-02   1.953125e-01   7.812500e-02
  2.343750e-02   1.953125e-01   1.093750e-01
  2.343750e-02   2.109375e-01  -1.093750e-01
  2.343750e-02   2.109375e-01  -7.812500e-02
  2.343750e-02   2.109375e-01  -4.687500e-02
  2.343750e-02   2.109375e-01  -1.562500e-02
  2.343750e-02   2.109375e-01   1.562500e-02
  2.343750e-02   2.109375e-01   4.687500e-02
  2.343750e-02   2.109375e-01   7.812500e-02
  2.343750e-02   2.109375e-01   1.093750e-01
  2.343750e-02   2.265625e-01  -1.093750e-01
  2.343750e-02   2.265625e-01  -7.812500e-02
  2.343750e-02   2.265625e-01  -4.687500e-02
  2.343750e-02   2.265625e-01  -1.562500e-02
  2.343750e-02   2.265625e-01   1.562500e-02
  2.343750e-02   2.265625e-01   4.687500e-02
  2.343750e-02   2.265625e-01   7.812500e-02
  2.343750e-02   2.265625e-01   1.093750e-01
  2.343750e-02   2.421875e-01  -1.093750e-01
  2.343750e-02   2.421875e-01  -7.812500e-02
  2.343750e-02   2.421875e-01  -4.687500e-02
  2.343750e-02   2.421875e-01  -1.562500e-02
  2.343750e-02   2.421875e-01   1.562500e-02
  2.343750e-02   2.421875e-01   4.687500e-02
  2.343750e-02   2.421875e-01   7.812500e-02
  2.343750e-02   2.421875e-01   1.093750e-01
  3.906250e-02  -2.421875e-01  -1.093750e-01
  3.906250e-02  -2.421875e-01  -7.812500e-02
  3.906250e-02  -2.421875e-01  -4.687500e-02
  3.906250e-02  -2.421875e-01  -1.562500e-02
  3.906250e-02  -2.421875e-01   1.562500e-02
  3.906250e-02  -2.421875e-01   4.687500e-02
  3.906250e-02  -2.421875e-01   7.812500e-02
  3.906250e-02  -2.421875e-01   1.093750e-01
  3.906250e-02  -2.265625e-01  -1.093750e-01
  3.906250e-02  -2.265625e-01  -7.812500e-02
  3.906250e-02  -2.265625e-01  -4.687500e-02
  3.906250e-02  -2.265625e-01  -1.562500e-02
  3.906250e-02  -2.265625e-01   1.562500e-02
  3.906250e-02  -2.265625e-01   4.687500e-02
  3.906250e-02  -2.265625e-01   7.812500e-02
  3.906250e-02  -2.265625e-01   1.093750e-01
  3.906250e-02  -2.109375e-01  -1.093750e-01
  3.906250e-02  -2.109375e-01  -7.812500e-02
  3.906250e-02  -2.109375e-01  -4.687500e-02
  3.906250e-02  -2.109375e-01  -1.562500e-02
  3.906250e-02  -2.109375e-01   1.562500e-02
  3.906250e-02  -2.109375e-01   4.687500e-02
  3.906250e-02  -2.109375e-01   7.812500e-02
  3.906250e-02  -2.109375e-01   1.093750e-01
  3.906250e-02  -1.953125e-01  -1.093750e-01
  3.906250e-02  -1.953125e-01  -7.812500e-02
  3.906250e-02  -1.953125e-01  -4.687500e-02
  3.906250e-02  -1.953125e-01  -1.562500e-02
  3.906250e-02  -1.953125e-01   1.562500e-02
  3.906250e-02  -1.953125e-01   4.687500e-02
  3.906250e-02  -1.953125e-01   7.812500e-02
  3.906250e-02  -1.953125e-01   1.093750e-01
  3.906250e-02  -1.796875e-01  -1.093750e-01
  3.906250e-02  -1.796875e-01  -7.812500e-02
  3.906250e-02  -1.796875e-01  -4.687500e-02
  3.906250e-02  -1.796875e-01  -1.562500e-02
  3.906250e-02  -1.796875e-01   1.562500e-02
  3.906250e-02  -1.796875e-01   4.687500e-02
  3.906250e-02  -1.796875e-01   7.812500e-02
  3.906250e-02  -1.796875e-01   1.093750e-01
  3.906250e-02  -1.640625e-01  -1.093750e-01
  3.906250e-02  -1.640625e-01  -7.812500e-02
  3.906250e-02  -1.640625e-01  -4.687500e-02
  3.906250e-02  -1.640625e-01  -1.562500e-02
  3.906250e-02  -1.640625e-01   1.562500e-02
  3.906250e-02  -1.640625e-01   4.687500e-02
  3.906250e-02  -1.640625e-01   7.812500e-02
  3.906250e-02  -1.640625e-01   1.093750e-01
  3.906250e-02  -1.484375e-01  -1.093750e-01
  3.906250e-02  -1.484375e-01  -7.812500e-02
  3.906250e-02  -1.484375e-01  -4.687500e-02
  3.906250e-02  -1.484375e-01  -1.562500e-02
  3.906250e-02  -1.484375e-01   1.562500e-02
  3.906250e-02  -1.484375e-01   4.687500e-02
  3.906250e-02  -1.484375e-01   7.812500e-02
  3.906250e-02  -1.484375e-01   1.093750e-01
  3.906250e-02  -1.328125e-01  -1.093750e-01
  3.906250e-02  -1.328125e-01  -7.812500e-02
  3.906250e-02  -1.328125e-01  -4.687500e-02
  3.906250e-02  -1.328125e-01  -1.562500e-02
  3.906250e-02  -1.328125e-01   1.562500e-02
  3.906250e-02  -1.328125e-01   4.687500e-02
  3.906250e-02  -1.328125e-01   7.812500e-02
  3.906250e-02  -1.328125e-01   1.093750e-01
  3.906250e-02  -1.171875e-01  -1.093750e-01
  3.906250e-02  -1.171875e-01  -7.812500e-02
  3.906250e-02  -1.171875e-01  -4.687500e-02
  3.906250e-02  -1.171875e-01  -1.562500e-02
  3.906250e-02  -1.171875e-01   1.562500e-02
  3.906250e-02  -1.171875e-01   4.687500e-02
  3.906250e-02  -1.171875e-01   7.812500e-02
  3.906250e-02  -1.171875e-01   1.093750e-01
  3.906250e-02  -1.015625e-01  -1.093750e-01
  3.906250e-02  -1.015625e-01  -7.812500e-02
  3.906250e-02  -1.015625e-01  -4.687500e-02
  3.906250e-02  -1.015625e-01  -1.562500e-02
  3.906250e-02  -1.015625e-01   1.562500e-02
  3.906250e-02  -1.015625e-01   4.687500e-02
  3.906250e-02  -1.015625e-01   7.812500e-02
  3.906250e-02  -1.015625e-01   1.093750e-01
  3.906250e-02  -8.593750e-02  -1.093750e-01
  3.906250e-02  -8.593750e-02  -7.812500e-02
  3.906250e-02  -8.593750e-02  -4.687500e-02
  3.906250e-02  -8.593750e-02  -1.562500e-02
  3.906250e-02  -8.593750e-02   1.562500e-02
  3.906250e-02  -8.593750e-02   4.687500e-02
  3.906250e-02  -8.593750e-02   7.812500e-02
  3.906250e-02  -8.593750e-02   1.093750e-01
  3.906250e-02  -7.031250e-02  -1.093750e-01
  3.906250e-02  -7.031250e-02  -7.812500e-02
  3.906250e-02  -7.031250e-02  -4.687500e-02
  3.906250e-02  -7.031250e-02  -1.562500e-02
  3.906250e-02  -7.031250e-02   1.562500e-02
  3.906250e-02  -7.031250e-02   4.687500e-02
  3.906250e-02  -7.031250e-02   7.812500e-02
  3.906250e-02  -7.031250e-02   1.093750e-01
  3.906250e-02  -5.468750e-02  -1.093750e-01
  3.906250e-02  -5.468750e-02  -7.812500e-02
  3.906250e-02  -5.468750e-02  -4.687500e-02
  3.906250e-02  -5.468750e-02  -1.562500e-02
  3.906250e-02  -5.468750e-02   1.562500e-02
  3.906250e-02  -5.468750e-02   4.687500e-02
  3.906250e-02  -5.468750e-02   7.812500e-02
  3.906250e-02  -5.468750e-02   1.093750e-01
  3.906250e-02  -3.906250e-02  -1.093750e-01
  3.906250e-02  -3.906250e-02  -7.812500e-02
  3.906250e-02  -3.906250e-02  -4.687500e-02
  3.906250e-02  -3.906250e-02  -1.562500e-02
  3.906250e-02  -3.906250e-02   1.562500e-02
  3.906250e-02  -3.906250e-02   4.687500e-02
  3.906250e-02  -3.906250e-02   7.812500e-02
  3.906250e-02  -3.906250e-02   1.093750e-01
  3.906250e-02  -2.343750e-02  -1.093750e-01
  3.906250e-02  -2.343750e-02  -7.812500e-02
  3.906250e-02  -2.343750e-02  -4.687500e-02
  3.906250e-02  -2.343750e-02  -1.562500e-02
  3.906250e-02  -2.343750e-02   1.562500e-02
  3.906250e-02  -2.343750e-02   4.687500e-02
  3.906250e-02  -2.343750e-02   7.812500e-02
  3.906250e-02  -2.343750e-02   1.093750e-01
  3.906250e-02  -7.812500e-03  -1.093750e-01
  3.906250e-02  -7.812500e-03  -7.812500e-02
  3.906250e-02  -7.812500e-03  -4.687500e-02
  3.906250e-02  -7.812500e-03  -1.562500e-02
  3.906250e-02  -7.812500e-03   1.562500e-02
  3.906250e-02  -7.812500e-03   4.687500e-02
  3.906250e-02  -7.812500e-03   7.812500e-02
  3.906250e-02  -7.812500e-03   1.093750e-01
  3.906250e-02   7.812500e-03  -1.093750e-01
  3.906250e-02   7.812500e-03  -7.812500e-02
  3.906250e-02   7.812500e-03  -4.687500e-02
  3.906250e-02   7.812500e-03  -1.562500e-02
  3.906250e-02   7.812500e-03   1.562500e-02
  3.906250e-02   7.812500e-03   4.687500e-02
  3.906250e-02   7.812500e-03   7.812500e-02
  3.906250e-02   7.812500e-03   1.093750e-01
  3.906250e-02   2.343750e-02  -1.093750e-01
  3.906250e-02   2.343750e-02  -7.812500e-02
  3.906250e-02   2.343750e-02  -4.687500e-02
  3.906250e-02   2.343750e-02  -1.562500e-02
  3.906250e-02   2.343750e-02   1.562500e-02
  3.906250e-02   2.343750e-02   4.687500e-02
  3.906250e-02   2.343750e-02   7.812500e-02
  3.906250e-02   2.343750e-02   1.093750e-01
  3.906250e-02   3.906250e-02  -1.093750e-01
  3.906250e-02   3.906250e-02  -7.812500e-02
  3.906250e-02   3.906250e-02  -4.687500e-02
  3.906250e-02   3.906250e-02  -1.562500e-02
  3.906250e-02   3.906250e-02   1.562500e-02
  3.906250e-02   3.906250e-02   4.687500e-02
  3.906250e-02   3.906250e-02   7.812500e-02
  3.906250e-02   3.906250e-02   1.093750e-01
  3.906250e-02   5.468750e-02  -1.093750e-01
  3.906250e-02   5.468750e-02  -7.812500e-02
  3.906250e-02   5.468750e-02  -4.687500e-02
  3.906250e-02   5.468750e-02  -1.562500e-02
  3.906250e-02   5.468750e-02   1.562500e-02
  3.906250e-02   5.468750e-02   4.687500e-02
  3.906250e-02   5.468750e-02   7.812500e-02
  3.906250e-02   5.468750e-02   1.093750e-01
  3.906250e-02   7.031250e-02  -1.093750e-01
  3.906250e-02   7.031250e-02  -7.812500e-02
  3.906250e-02   7.031250e-02  -4.687500e-02
  3.906250e-02   7.031250e-02  -1.562500e-02
  3.906250e-02   7.031250e-02   1.562500e-02
  3.906250e-02   7.031250e-02   4.687500e-02
  3.906250e-02   7.031250e-02   7.812500e-02
  3.906250e-02   7.031250e-02   1.093750e-01
  3.906250e-02   8.593750e-02  -1.093750e-01
  3.906250e-02   8.593750e-02  -7.812500e-02
  3.906250e-02   8.593750e-02  -4.687500e-02
  3.906250e-02   8.593750e-02  -1.562500e-02
  3.906250e-02   8.593750e-02   1.562500e-02
  3.906250e-02   8.593750e-02   4.687500e-02
  3.906250e-02   8.593750e-02   7.812500e-02
  3.906250e-02   8.593750e-02   1.093750e-01
  3.906250e-02   1.015625e-01  -1.093750e-01
  3.906250e-02   1.015625e-01  -7.812500e-02
  3.906250e-02   1.015625e-01  -4.687500e-02
  3.906250e-02   1.015625e-01  -1.562500e-02
  3.906250e-02   1.015625e-01   1.562500e-02
  3.906250e-02   1.015625e-01   4.687500e-02
  3.906250e-02   1.015625e-01   7.812500e-02
  3.906250e-02   1.015625e-01   1.093750e-01
  3.906250e-02   1.171875e-01  -1.093750e-01
  3.906250e-02   1.171875e-01  -7.812500e-02
  3.906250e-02   1.171875e-01  -4.687500e-02
  3.906250e-02   1.171875e-01  -1.562500e-02
  3.906250e-02   1.171875e-01   1.562500e-02
  3.906250e-02   1.171875e-01   4.687500e-02
  3.906250e-02   1.171875e-01   7.812500e-02
  3.906250e-02   1.171875e-01   1.093750e-01
  3.906250e-02   1.328125e-01  -1.093750e-01
  3.906250e-02   1.328125e-01  -7.812500e-02
  3.906250e-02   1.328125e-01  -4.687500e-02
  3.906250e-02   1.328125e-01  -1.562500e-02
  3.906250e-02   1.328125e-01   1.562500e-02
  3.906250e-02   1.328125e-01   4.687500e-02
  3.906250e-02   1.328125e-01   7.812500e-02
  3.906250e-02   1.328125e-01   1.093750e-01
  3.906250e-02   1.484375e-01  -1.093750e-01
  3.906250e-02   1.484375e-01  -7.812500e-02
  3.906250e-02   1.484375e-01  -4.687500e-02
  3.906250e-02   1.484375e-01  -1.562500e-02
  3.906250e-02   1.484375e-01   1.562500e-02
  3.906250e-02   1.484375e-01   4.687500e-02
  3.906250e-02   1.484375e-01   7.812500e-02
  3.906250e-02   1.484375e-01   1.093750e-01
  3.906250e-02   1.640625e-01  -1.093750e-01
  3.906250e-02   1.640625e-01  -7.812500e-02
  3.906250e-02   1.640625e-01  -4.687500e-02
  3.906250e-02   1.640625e-01  -1.562500e-02
  3.906250e-02   1.640625e-01   1.562500e-02
  3.906250e-02   1.640625e-01   4.687500e-02
  3.906250e-02   1.640625e-01   7.812500e-02
  3.906250e-02   1.640625e-01   1.093750e-01
  3.906250e-02   1.796875e-01  -1.093750e-01
  3.906250e-02   1.796875e-01  -7.812500e-02
  3.906250e-02   1.796875e-01  -4.687500e-02
  3.906250e-02   1.796875e-01  -1.562500e-02
  3.906250e-02   1.796875e-01   1.562500e-02
  3.906250e-02   1.796875e-01   4.687500e-02
  3.906250e-02   1.796875e-01   7.812500e-02
  3.906250e-02   1.796875e-01   1.093750e-01
  3.906250e-02   1.953125e-01  -1.093750e-01
  3.906250e-02   1.953125e-01  -7.812500e-02
  3.906250e-02   1.953125e-01  -4.687500e-02
  3.906250e-02   1.953125e-01  -1.562500e-02
  3.906250e-02   1.953125e-01   1.562500e-02
  3.906250e-02   1.953125e-01   4.687500e-02
  3.906250e-02   1.953125e-01   7.812500e-02
  3.906250e-02   1.953125e-01   1.093750e-01
  3.906250e-02   2.109375e-01  -1.093750e-01
  3.906250e-02   2.109375e-01  -7.812500e-02
  3.906250e-02   2.109375e-01  -4.687500e-02
  3.906250e-02   2.109375e-01  -1.562500e-02
  3.906250e-02   2.109375e-01   1.562500e-02
  3.906250e-02   2.109375e-01   4.687500e-02
  3.906250e-02   2.109375e-01   7.812500e-02
  3.906250e-02   2.109375e-01   1.093750e-01
  3.906250e-02   2.265625e-01  -1.093750e-01
  3.906250e-02   2.265625e-01  -7.812500e-02
  3.906250e-02   2.265625e-01  -4.687500e-02
  3.906250e-02   2.265625e-01  -1.562500e-02
  3.906250e-02   2.265625e-01   1.562500e-02
  3.906250e-02   2.265625e-01   4.687500e-02
  3.906250e-02   2.265625e-01   7.812500e-02
  3.906250e-02   2.265625e-01   1.093750e-01
  3.906250e-02   2.421875e-01  -1.093750e-01
  3.906250e-02   2.421875e-01  -7.812500e-02
  3.906250e-02   2.421875e-01  -4.687500e-02
  3.906250e-02   2.421875e-01  -1.562500e-02
  3.906250e-02   2.421875e-01   1.562500e-02
  3.906250e-02   2.421875e-01   4.687500e-02
  3.906250e-02   2.421875e-01   7.812500e-02
  3.906250e-02   2.421875e-01   1.093750e-01
  5.468750e-02  -2.421875e-01  -1.093750e-01
  5.468750e-02  -2.421875e-01  -7.812500e-02
  5.468750e-02  -2.421875e-01  -4.687500e-02
  5.468750e-02  -2.421875e-01  -1.562500e-02
  5.468750e-02  -2.421875e-01   1.562500e-02
  5.468750e-02  -2.421875e-01   4.687500e-02
  5.468750e-02  -2.421875e-01   7.812500e-02
  5.468750e-02  -2.421875e-01   1.093750e-01
  5.468750e-02  -2.265625e-01  -1.093750e-01
  5.468750e-02  -2.265625e-01  -7.812500e-02
  5.468750e-02  -2.265625e-01  -4.687500e-02
  5.468750e-02  -2.265625e-01  -1.562500e-02
  5.468750e-02  -2.265625e-01   1.562500e-02
  5.468750e-02  -2.265625e-01   4.687500e-02
  5.468750e-02  -2.265625e-01   7.812500e-02
  5.468750e-02  -2.265625e-01   1.093750e-01
  5.468750e-02  -2.109375e-01  -1.093750e-01
  5.468750e-02  -2.109375e-01  -7.812500e-02
  5.468750e-02  -2.109375e-01  -4.687500e-02
  5.468750e-02  -2.109375e-01  -1.562500e-02
  5.468750e-02  -2.109375e-01   1.562500e-02
  5.468750e-02  -2.109375e-01   4.687500e-02
  5.468750e-02  -2.109375e-01   7.812500e-02
  5.468750e-02  -2.109375e-01   1.093750e-01
  5.468750e-02  -1.953125e-01  -1.093750e-01
  5.468750e-02  -1.953125e-01  -7.812500e-02
  5.468750e-02  -1.953125e-01  -4.687500e-02
  5.468750e-02  -1.953125e-01  -1.562500e-02
  5.468750e-02  -1.953125e-01   1.562500e-02
  5.468750e-02  -1.953125e-01   4.687500e-02
  5.468750e-02  -1.953125e-01   7.812500e-02
  5.468750e-02  -1.953125e-01   1.093750e-01
  5.468750e-02  -1.796875e-01  -1.093750e-01
  5.468750e-02  -1.796875e-01  -7.812500e-02
  5.468750e-02  -1.796875e-01  -4.687500e-02
  5.468750e-02  -1.796875e-01  -1.562500e-02
  5.468750e-02  -1.796875e-01   1.562500e-02
  5.468750e-02  -1.796875e-01   4.687500e-02
  5.468750e-02  -1.796875e-01   7.812500e-02
  5.468750e-02  -1.796875e-01   1.093750e-01
  5.468750e-02  -1.640625e-01  -1.093750e-01
  5.468750e-02  -1.640625e-01  -7.812500e-02
  5.468750e-02  -1.640625e-01  -4.687500e-02
  5.468750e-02  -1.640625e-01  -1.562500e-02
  5.468750e-02  -1.640625e-01   1.562500e-02
  5.468750e-02  -1.640625e-01   4.687500e-02
  5.468750e-02  -1.640625e-01   7.812500e-02
  5.468750e-02  -1.640625e-01   1.093750e-01
  5.468750e-02  -1.484375e-01  -1.093750e-01
  5.468750e-02  -1.484375e-01  -7.812500e-02
  5.468750e-02  -1.484375e-01  -4.687500e-02
  5.468750e-02  -1.484375e-01  -1.562500e-02
  5.468750e-02  -1.484375e-01   1.562500e-02
  5.468750e-02  -1.484375e-01   4.687500e-02
  5.468750e-02  -1.484375e-01   7.812500e-02
  5.468750e-02  -1.484375e-01   1.093750e-01
  5.468750e-02  -1.328125e-01  -1.093750e-01
  5.468750e-02  -1.328125e-01  -7.812500e-02
  5.468750e-02  -1.328125e-01  -4.687500e-02
  5.468750e-02  -1.328125e-01  -1.562500e-02
  5.468750e-02  -1.328125e-01   1.562500e-02
  5.468750e-02  -1.328125e-01   4.687500e-02
  5.468750e-02  -1.328125e-01   7.812500e-02
  5.468750e-02  -1.328125e-01   1.093750e-01
  5.468750e-02  -1.171875e-01  -1.093750e-01
  5.468750e-02  -1.171875e-01  -7.812500e-02
  5.468750e-02  -1.171875e-01  -4.687500e-02
  5.468750e-02  -1.171875e-01  -1.562500e-02
  5.468750e-02  -1.171875e-01   1.562500e-02
  5.468750e-02  -1.171875e-01   4.687500e-02
  5.468750e-02  -1.171875e-01   7.812500e-02
  5.468750e-02  -1.171875e-01   1.093750e-01
  5.468750e-02  -1.015625e-01  -1.093750e-01
  5.468750e-02  -1.015625e-01  -7.812500e-02
  5.468750e-02  -1.015625e-01  -4.687500e-02
  5.468750e-02  -1.015625e-01  -1.562500e-02
  5.468750e-02  -1.015625e-01   1.562500e-02
  5.468750e-02  -1.015625e-01   4.687500e-02
  5.468750e-02  -1.015625e-01   7.812500e-02
  5.468750e-02  -1.015625e-01   1.093750e-01
  5.468750e-02  -8.593750e-02  -1.093750e-01
  5.468750e-02  -8.593750e-02  -7.812500e-02
  5.468750e-02  -8.593750e-02  -4.687500e-02
  5.468750e-02  -8.593750e-02  -1.562500e-02
  5.468750e-02  -8.593750e-02   1.562500e-02
  5.468750e-02  -8.593750e-02   4.687500e-02
  5.468750e-02  -8.593750e-02   7.812500e-02
  5.468750e-02  -8.593750e-02   1.093750e-01
  5.468750e-02  -7.031250e-02  -1.093750e-01
  5.468750e-02  -7.031250e-02  -7.812500e-02
  5.468750e-02  -7.031250e-02  -4.687500e-02
  5.468750e-02  -7.031250e-02  -1.562500e-02
  5.468750e-02  -7.031250e-02   1.562500e-02
  5.468750e-02  -7.031250e-02   4.687500e-02
  5.468750e-02  -7.031250e-02   7.812500e-02
  5.468750e-02  -7.031250e-02   1.093750e-01
  5.468750e-02  -5.468750e-02  -1.093750e-01
  5.468750e-02  -5.468750e-02  -7.812500e-02
  5.468750e-02  -5.468750e-02  -4.687500e-02
  5.468750e-02  -5.468750e-02  -1.562500e-02
  5.468750e-02  -5.468750e-02   1.562500e-02
  5.468750e-02  -5.468750e-02   4.687500e-02
  5.468750e-02  -5.468750e-02   7.812500e-02
  5.468750e-02  -5.468750e-02   1.093750e-01
  5.468750e-02  -3.906250e-02  -1.093750e-01
  5.468750e-02  -3.906250e-02  -7.812500e-02
  5.468750e-02  -3.906250e-02  -4.687500e-02
  5.468750e-02  -3.906250e-02  -1.562500e-02
  5.468750e-02  -3.906250e-02   1.562500e-02
  5.468750e-02  -3.906250e-02   4.687500e-02
  5.468750e-02  -3.906250e-02   7.812500e-02
  5.468750e-02  -3.906250e-02   1.093750e-01
  5.468750e-02  -2.343750e-02  -1.093750e-01
  5.468750e-02  -2.343750e-02  -7.812500e-02
  5.468750e-02  -2.343750e-02  -4.687500e-02
  5.468750e-02  -2.343750e-02  -1.562500e-02
  5.468750e-02  -2.343750e-02   1.562500e-02
  5.468750e-02  -2.343750e-02   4.687500e-02
  5.468750e-02  -2.343750e-02   7.812500e-02
  5.468750e-02  -2.343750e-02   1.093750e-01
  5.468750e-02  -7.812500e-03  -1.093750e-01
  5.468750e-02  -7.812500e-03  -7.812500e-02
  5.468750e-02  -7.812500e-03  -4.687500e-02
  5.468750e-02  -7.812500e-03  -1.562500e-02
  5.468750e-02  -7.812500e-03   1.562500e-02
  5.468750e-02  -7.812500e-03   4.687500e-02
  5.468750e-02  -7.812500e-03   7.812500e-02
  5.468750e-02  -7.812500e-03   1.093750e-01
  5.468750e-02   7.812500e-03  -1.093750e-01
  5.468750e-02   7.812500e-03  -7.812500e-02
  5.468750e-02   7.812500e-03  -4.687500e-02
  5.468750e-02   7.812500e-03  -1.562500e-02
  5.468750e-02   7.812500e-03   1.562500e-02
  5.468750e-02   7.812500e-03   4.687500e-02
  5.468750e-02   7.812500e-03   7.812500e-02
  5.468750e-02   7.812500e-03   1.093750e-01
  5.468750e-02   2.343750e-02  -1.093750e-01
  5.468750e-02   2.343750e-02  -7.812500e-02
  5.468750e-02   2.343750e-02  -4.687500e-02
  5.468750e-02   2.343750e-02  -1.562500e-02
  5.468750e-02   2.343750e-02   1.562500e-02
  5.468750e-02   2.343750e-02   4.687500e-02
  5.468750e-02   2.343750e-02   7.812500e-02
  5.468750e-02   2.343750e-02   1.093750e-01
  5.468750e-02   3.906250e-02  -1.093750e-01
  5.468750e-02   3.906250e-02  -7.812500e-02
  5.468750e-02   3.906250e-02  -4.687500e-02
  5.468750e-02   3.906250e-02  -1.562500e-02
  5.468750e-02   3.906250e-02   1.562500e-02
  5.468750e-02   3.906250e-02   4.687500e-02
  5.468750e-02   3.906250e-02   7.812500e-02
  5.468750e-02   3.906250e-02   1.093750e-01
  5.468750e-02   5.468750e-02  -1.093750e-01
  5.468750e-02   5.468750e-02  -7.812500e-02
  5.468750e-02   5.468750e-02  -4.687500e-02
  5.468750e-02   5.468750e-02  -1.562500e-02
  5.468750e-02   5.468750e-02   1.562500e-02
  5.468750e-02   5.468750e-02   4.687500e-02
  5.468750e-02   5.468750e-02   7.812500e-02
  5.468750e-02   5.468750e-02   1.093750e-01
  5.468750e-02   7.031250e-02  -1.093750e-01
  5.468750e-02   7.031250e-02  -7.812500e-02
  5.468750e-02   7.031250e-02  -4.687500e-02
  5.468750e-02   7.031250e-02  -1.562500e-02
  5.468750e-02   7.031250e-02   1.562500e-02
  5.468750e-02   7.031250e-02   4.687500e-02
  5.468750e-02   7.031250e-02   7.812500e-02
  5.468750e-02   7.031250e-02   1.093750e-01
  5.468750e-02   8.593750e-02  -1.093750e-01
  5.468750e-02   8.593750e-02  -7.812500e-02
  5.468750e-02   8.593750e-02  -4.687500e-02
  5.468750e-02   8.593750e-02  -1.562500e-02
  5.468750e-02   8.593750e-02   1.562500e-02
  5.468750e-02   8.593750e-02   4.687500e-02
  5.468750e-02   8.593750e-02   7.812500e-02
  5.468750e-02   8.593750e-02   1.093750e-01
  5.468750e-02   1.015625e-01  -1.093750e-01
  5.468750e-02   1.015625e-01  -7.812500e-02
  5.468750e-02   1.015625e-01  -4.687500e-02
  5.468750e-02   1.015625e-01  -1.562500e-02
  5.468750e-02   1.015625e-01   1.562500e-02
  5.468750e-02   1.015625e-01   4.687500e-02
  5.468750e-02   1.015625e-01   7.812500e-02
  5.468750e-02   1.015625e-01   1.093750e-01
  5.468750e-02   1.171875e-01  -1.093750e-01
  5.468750e-02   1.171875e-01  -7.812500e-02
  5.468750e-02   1.171875e-01  -4.687500e-02
  5.468750e-02   1.171875e-01  -1.562500e-02
  5.468750e-02   1.171875e-01   1.562500e-02
  5.468750e-02   1.171875e-01   4.687500e-02
  5.468750e-02   1.171875e-01   7.812500e-02
  5.468750e-02   1.171875e-01   1.093750e-01
  5.468750e-02   1.328125e-01  -1.093750e-01
  5.468750e-02   1.328125e-01  -7.812500e-02
  5.468750e-02   1.328125e-01  -4.687500e-02
  5.468750e-02   1.328125e-01  -1.562500e-02
  5.468750e-02   1.328125e-01   1.562500e-02
  5.468750e-02   1.328125e-01   4.687500e-02
  5.468750e-02   1.328125e-01   7.812500e-02
  5.468750e-02   1.328125e-01   1.093750e-01
  5.468750e-02   1.484375e-01  -1.093750e-01
  5.468750e-02   1.484375e-01  -7.812500e-02
  5.468750e-02   1.484375e-01  -4.687500e-02
  5.468750e-02   1.484375e-01  -1.562500e-02
  5.468750e-02   1.484375e-01   1.562500e-02
  5.468750e-02   1.484375e-01   4.687500e-02
  5.468750e-02   1.484375e-01   7.812500e-02
  5.468750e-02   1.484375e-01   1.093750e-01
  5.468750e-02   1.640625e-01  -1.093750e-01
  5.468750e-02   1.640625e-01  -7.812500e-02
  5.468750e-02   1.640625e-01  -4.687500e-02
  5.468750e-02   1.640625e-01  -1.562500e-02
  5.468750e-02   1.640625e-01   1.562500e-02
  5.468750e-02   1.640625e-01   4.687500e-02
  5.468750e-02   1.640625e-01   7.812500e-02
  5.468750e-02   1.640625e-01   1.093750e-01
  5.468750e-02   1.796875e-01  -1.093750e-01
  5.468750e-02   1.796875e-01  -7.812500e-02
  5.468750e-02   1.796875e-01  -4.687500e-02
  5.468750e-02   1.796875e-01  -1.562500e-02
  5.468750e-02   1.796875e-01   1.562500e-02
  5.468750e-02   1.796875e-01   4.687500e-02
  5.468750e-02   1.796875e-01   7.812500e-02
  5.468750e-02   1.796875e-01   1.093750e-01
  5.468750e-02   1.953125e-01  -1.093750e-01
  5.468750e-02   1.953125e-01  -7.812500e-02
  5.468750e-02   1.953125e-01  -4.687500e-02
  5.468750e-02   1.953125e-01  -1.562500e-02
  5.468750e-02   1.953125e-01   1.562500e-02
  5.468750e-02   1.953125e-01   4.687500e-02
  5.468750e-02   1.953125e-01   7.812500e-02
  5.468750e-02   1.953125e-01   1.093750e-01
  5.468750e-02   2.109375e-01  -1.093750e-01
  5.468750e-02   2.109375e-01  -7.812500e-02
  5.468750e-02   2.109375e-01  -4.687500e-02
  5.468750e-02   2.109375e-01  -1.562500e-02
  5.468750e-02   2.109375e-01   1.562500e-02
  5.468750e-02   2.109375e-01   4.687500e-02
  5.468750e-02   2.109375e-01   7.812500e-02
  5.468750e-02   2.109375e-01   1.093750e-01
  5.468750e-02   2.265625e-01  -1.093750e-01
  5.468750e-02   2.265625e-01  -7.812500e-02
  5.468750e-02   2.265625e-01  -4.687500e-02
  5.468750e-02   2.265625e-01  -1.562500e-02
  5.468750e-02   2.265625e-01   1.562500e-02
  5.468750e-02   2.265625e-01   4.687500e-02
  5.468750e-02   2.265625e-01   7.812500e-02
  5.468750e-02   2.265625e-01   1.093750e-01
  5.468750e-02   2.421875e-01  -1.093750e-01
  5.468750e-02   2.421875e-01  -7.812500e-02
  5.468750e-02   2.421875e-01  -4.687500e-02
  5.468750e-02   2.421875e-01  -1.562500e-02
  5.468750e-02   2.421875e-01   1.562500e-02
  5.468750e-02   2.421875e-01   4.687500e-02
  5.468750e-02   2.421875e-01   7.812500e-02
  5.468750e-02   2.421875e-01   1.093750e-01
  7.031250e-02  -2.421875e-01  -1.093750e-01
  7.031250e-02  -2.421875e-01  -7.812500e-02
  7.031250e-02  -2.421875e-01  -4.687500e-02
  7.031250e-02  -2.421875e-01  -1.562500e-02
  7.031250e-02  -2.421875e-01   1.562500e-02
  7.031250e-02  -2.421875e-01   4.687500e-02
  7.031250e-02  -2.421875e-01   7.812500e-02
  7.031250e-02  -2.421875e-01   1.093750e-01
  7.031250e-02  -2.265625e-01  -1.093750e-01
  7.031250e-02  -2.265625e-01  -7.812500e-02
  7.031250e-02  -2.265625e-01  -4.687500e-02
  7.031250e-02  -2.265625e-01  -1.562500e-02
  7.031250e-02  -2.265625e-01   1.562500e-02
  7.031250e-02  -2.265625e-01   4.687500e-02
  7.031250e-02  -2.265625e-01   7.812500e-02
  7.031250e-02  -2.265625e-01   1.093750e-01
  7.031250e-02  -2.109375e-01  -1.093750e-01
  7.031250e-02  -2.109375e-01  -7.812500e-02
  7.031250e-02  -2.109375e-01  -4.687500e-02
  7.031250e-02  -2.109375e-01  -1.562500e-02
  7.031250e-02  -2.109375e-01   1.562500e-02
  7.031250e-02  -2.109375e-01   4.687500e-02
  7.031250e-02  -2.109375e-01   7.812500e-02
  7.031250e-02  -2.109375e-01   1.093750e-01
  7.031250e-02  -1.953125e-01  -1.093750e-01
  7.031250e-02  -1.953125e-01  -7.812500e-02
  7.031250e-02  -1.953125e-01  -4.687500e-02
  7.031250e-02  -1.953125e-01  -1.562500e-02
  7.031250e-02  -1.953125e-01   1.562500e-02
  7.031250e-02  -1.953125e-01   4.687500e-02
  7.031250e-02  -1.953125e-01   7.812500e-02
  7.031250e-02  -1.953125e-01   1.093750e-01
  7.031250e-02  -1.796875e-01  -1.093750e-01
  7.031250e-02  -1.796875e-01  -7.812500e-02
  7.031250e-02  -1.796875e-01  -4.687500e-02
  7.031250e-02  -1.796875e-01  -1.562500e-02
  7.031250e-02  -1.796875e-01   1.562500e-02
  7.031250e-02  -1.796875e-01   4.687500e-02
  7.031250e-02  -1.796875e-01   7.812500e-02
  7.031250e-02  -1.796875e-01   1.093750e-01
  7.031250e-02  -1.640625e-01  -1.093750e-01
  7.031250e-02  -1.640625e-01  -7.812500e-02
  7.031250e-02  -1.640625e-01  -4.687500e-02
  7.031250e-02  -1.640625e-01  -1.562500e-02
  7.031250e-02  -1.640625e-01   1.562500e-02
  7.031250e-02  -1.640625e-01   4.687500e-02
  7.031250e-02  -1.640625e-01   7.812500e-02
  7.031250e-02  -1.640625e-01   1.093750e-01
  7.031250e-02  -1.484375e-01  -1.093750e-01
  7.031250e-02  -1.484375e-01  -7.812500e-02
  7.031250e-02  -1.484375e-01  -4.687500e-02
  7.031250e-02  -1.484375e-01  -1.562500e-02
  7.031250e-02  -1.484375e-01   1.562500e-02
  7.031250e-02  -1.484375e-01   4.687500e-02
  7.031250e-02  -1.484375e-01   7.812500e-02
  7.031250e-02  -1.484375e-01   1.093750e-01
  7.031250e-02  -1.328125e-01  -1.093750e-01
  7.031250e-02  -1.328125e-01  -7.812500e-02
  7.031250e-02  -1.328125e-01  -4.687500e-02
  7.031250e-02  -1.328125e-01  -1.562500e-02
  7.031250e-02  -1.328125e-01   1.562500e-02
  7.031250e-02  -1.328125e-01   4.687500e-02
  7.031250e-02  -1.328125e-01   7.812500e-02
  7.031250e-02  -1.328125e-01   1.093750e-01
  7.031250e-02  -1.171875e-01  -1.093750e-01
  7.031250e-02  -1.171875e-01  -7.812500e-02
  7.031250e-02  -1.171875e-01  -4.687500e-02
  7.031250e-02  -1.171875e-01  -1.562500e-02
  7.031250e-02  -1.171875e-01   1.562500e-02
  7.031250e-02  -1.171875e-01   4.687500e-02
  7.031250e-02  -1.171875e-01   7.812500e-02
  7.031250e-02  -1.171875e-01   1.093750e-01
  7.031250e-02  -1.015625e-01  -1.093750e-01
  7.031250e-02  -1.015625e-01  -7.812500e-02
  7.031250e-02  -1.015625e-01  -4.687500e-02
  7.031250e-02  -1.015625e-01  -1.562500e-02
  7.031250e-02  -1.015625e-01   1.562500e-02
  7.031250e-02  -1.015625e-01   4.687500e-02
  7.031250e-02  -1.015625e-01   7.812500e-02
  7.031250e-02  -1.015625e-01   1.093750e-01
  7.031250e-02  -8.593750e-02  -1.093750e-01
  7.031250e-02  -8.593750e-02  -7.812500e-02
  7.031250e-02  -8.593750e-02  -4.687500e-02
  7.031250e-02  -8.593750e-02  -1.562500e-02
  7.031250e-02  -8.593750e-02   1.562500e-02
  7.031250e-02  -8.593750e-02   4.687500e-02
  7.031250e-02  -8.593750e-02   7.812500e-02
  7.031250e-02  -8.593750e-02   1.093750e-01
  7.031250e-02  -7.031250e-02  -1.093750e-01
  7.031250e-02  -7.031250e-02  -7.812500e-02
  7.031250e-02  -7.031250e-02  -4.687500e-02
  7.031250e-02  -7.031250e-02  -1.562500e-02
  7.031250e-02  -7.031250e-02   1.562500e-02
  7.031250e-02  -7.031250e-02   4.687500e-02
  7.031250e-02  -7.031250e-02   7.812500e-02
  7.031250e-02  -7.031250e-02   1.093750e-01
  7.031250e-02  -5.468750e-02  -1.093750e-01
  7.031250e-02  -5.468750e-02  -7.812500e-02
  7.031250e-02  -5.468750e-02  -4.687500e-02
  7.031250e-02  -5.468750e-02  -1.562500e-02
  7.031250e-02  -5.468750e-02   1.562500e-02
  7.031250e-02  -5.468750e-02   4.687500e-02
  7.031250e-02  -5.468750e-02   7.812500e-02
  7.031250e-02  -5.468750e-02   1.093750e-01
  7.031250e-02  -3.906250e-02  -1.093750e-01
  7.031250e-02  -3.906250e-02  -7.812500e-02
  7.031250e-02  -3.906250e-02  -4.687500e-02
  7.031250e-02  -3.906250e-02  -1.562500e-02
  7.031250e-02  -3.906250e-02   1.562500e-02
  7.031250e-02  -3.906250e-02   4.687500e-02
  7.031250e-02  -3.906250e-02   7.812500e-02
  7.031250e-02  -3.906250e-02   1.093750e-01
  7.031250e-02  -2.343750e-02  -1.093750e-01
  7.031250e-02  -2.343750e-02  -7.812500e-02
  7.031250e-02  -2.343750e-02  -4.687500e-02
  7.031250e-02  -2.343750e-02  -1.562500e-02
  7.031250e-02  -2.343750e-02   1.562500e-02
  7.031250e-02  -2.343750e-02   4.687500e-02
  7.031250e-02  -2.343750e-02   7.812500e-02
  7.031250e-02  -2.343750e-02   1.093750e-01
  7.031250e-02  -7.812500e-03  -1.093750e-01
  7.031250e-02  -7.812500e-03  -7.812500e-02
  7.031250e-02  -7.812500e-03  -4.687500e-02
  7.031250e-02  -7.812500e-03  -1.562500e-02
  7.031250e-02  -7.812500e-03   1.562500e-02
  7.031250e-02  -7.812500e-03   4.687500e-02
  7.031250e-02  -7.812500e-03   7.812500e-02
  7.031250e-02  -7.812500e-03   1.093750e-01
  7.031250e-02   7.812500e-03  -1.093750e-01
  7.031250e-02   7.812500e-03  -7.812500e-02
  7.031250e-02   7.812500e-03  -4.687500e-02
  7.031250e-02   7.812500e-03  -1.562500e-02
  7.031250e-02   7.812500e-03   1.562500e-02
  7.031250e-02   7.812500e-03   4.687500e-02
  7.031250e-02   7.812500e-03   7.812500e-02
  7.031250e-02   7.812500e-03   1.093750e-01
  7.031250e-02   2.343750e-02  -1.093750e-01
  7.031250e-02   2.343750e-02  -7.812500e-02
  7.031250e-02   2.343750e-02  -4.687500e-02
  7.031250e-02   2.343750e-02  -1.562500e-02
  7.031250e-02   2.343750e-02   1.562500e-02
  7.031250e-02   2.343750e-02   4.687500e-02
  7.031250e-02   2.343750e-02   7.812500e-02
  7.031250e-02   2.343750e-02   1.093750e-01
  7.031250e-02   3.906250e-02  -1.093750e-01
  7.031250e-02   3.906250e-02  -7.812500e-02
  7.031250e-02   3.906250e-02  -4.687500e-02
  7.031250e-02   3.906250e-02  -1.562500e-02
  7.031250e-02   3.906250e-02   1.562500e-02
  7.031250e-02   3.906250e-02   4.687500e-02
  7.031250e-02   3.906250e-02   7.812500e-02
  7.031250e-02   3.906250e-02   1.093750e-01
  7.031250e-02   5.468750e-02  -1.093750e-01
  7.031250e-02   5.468750e-02  -7.812500e-02
  7.031250e-02   5.468750e-02  -4.687500e-02
  7.031250e-02   5.468750e-02  -1.562500e-02
  7.031250e-02   5.468750e-02   1.562500e-02
  7.031250e-02   5.468750e-02   4.687500e-02
  7.031250e-02   5.468750e-02   7.812500e-02
  7.031250e-02   5.468750e-02   1.093750e-01
  7.031250e-02   7.031250e-02  -1.093750e-01
  7.031250e-02   7.031250e-02  -7.812500e-02
  7.031250e-02   7.031250e-02  -4.687500e-02
  7.031250e-02   7.031250e-02  -1.562500e-02
  7.031250e-02   7.031250e-02   1.562500e-02
  7.031250e-02   7.031250e-02   4.687500e-02
  7.031250e-02   7.031250e-02   7.812500e-02
  7.031250e-02   7.031250e-02   1.093750e-01
  7.031250e-02   8.593750e-02  -1.093750e-01
  7.031250e-02   8.593750e-02  -7.812500e-02
  7.031250e-02   8.593750e-02  -4.687500e-02
  7.031250e-02   8.593750e-02  -1.562500e-02
  7.031250e-02   8.593750e-02   1.562500e-02
  7.031250e-02   8.593750e-02   4.687500e-02
  7.031250e-02   8.593750e-02   7.812500e-02
  7.031250e-02   8.593750e-02   1.093750e-01
  7.031250e-02   1.015625e-01  -1.093750e-01
  7.031250e-02   1.015625e-01  -7.812500e-02
  7.031250e-02   1.015625e-01  -4.687500e-02
  7.031250e-02   1.015625e-01  -1.562500e-02
  7.031250e-02   1.015625e-01   1.562500e-02
  7.031250e-02   1.015625e-01   4.687500e-02
  7.031250e-02   1.015625e-01   7.812500e-02
  7.031250e-02   1.015625e-01   1.093750e-01
  7.031250e-02   1.171875e-01  -1.093750e-01
  7.031250e-02   1.171875e-01  -7.812500e-02
  7.031250e-02   1.171875e-01  -4.687500e-02
  7.031250e-02   1.171875e-01  -1.562500e-02
  7.031250e-02   1.171875e-01   1.562500e-02
  7.031250e-02   1.171875e-01   4.687500e-02
  7.031250e-02   1.171875e-01   7.812500e-02
  7.031250e-02   1.171875e-01   1.093750e-01
  7.031250e-02   1.328125e-01  -1.093750e-01
  7.031250e-02   1.328125e-01  -7.812500e-02
  7.031250e-02   1.328125e-01  -4.687500e-02
  7.031250e-02   1.328125e-01  -1.562500e-02
  7.031250e-02   1.328125e-01   1.562500e-02
  7.031250e-02   1.328125e-01   4.687500e-02
  7.031250e-02   1.328125e-01   7.812500e-02
  7.031250e-02   1.328125e-01   1.093750e-01
  7.031250e-02   1.484375e-01  -1.093750e-01
  7.031250e-02   1.484375e-01  -7.812500e-02
  7.031250e-02   1.484375e-01  -4.687500e-02
  7.031250e-02   1.484375e-01  -1.562500e-02
  7.031250e-02   1.484375e-01   1.562500e-02
  7.031250e-02   1.484375e-01   4.687500e-02
  7.031250e-02   1.484375e-01   7.812500e-02
  7.031250e-02   1.484375e-01   1.093750e-01
  7.031250e-02   1.640625e-01  -1.093750e-01
  7.031250e-02   1.640625e-01  -7.812500e-02
  7.031250e-02   1.640625e-01  -4.687500e-02
  7.031250e-02   1.640625e-01  -1.562500e-02
  7.031250e-02   1.640625e-01   1.562500e-02
  7.031250e-02   1.640625e-01   4.687500e-02
  7.031250e-02   1.640625e-01   7.812500e-02
  7.031250e-02   1.640625e-01   1.093750e-01
  7.031250e-02   1.796875e-01  -1.093750e-01
  7.031250e-02   1.796875e-01  -7.812500e-02
  7.031250e-02   1.796875e-01  -4.687500e-02
  7.031250e-02   1.796875e-01  -1.562500e-02
  7.031250e-02   1.796875e-01   1.562500e-02
  7.031250e-02   1.796875e-01   4.687500e-02
  7.031250e-02   1.796875e-01   7.812500e-02
  7.031250e-02   1.796875e-01   1.093750e-01
  7.031250e-02   1.953125e-01  -1.093750e-01
  7.031250e-02   1.953125e-01  -7.812500e-02
  7.031250e-02   1.953125e-01  -4.687500e-02
  7.031250e-02   1.953125e-01  -1.562500e-02
  7.031250e-02   1.953125e-01   1.562500e-02
  7.031250e-02   1.953125e-01   4.687500e-02
  7.031250e-02   1.953125e-01   7.812500e-02
  7.031250e-02   1.953125e-01   1.093750e-01
  7.031250e-02   2.109375e-01  -1.093750e-01
  7.031250e-02   2.109375e-01  -7.812500e-02
  7.031250e-02   2.109375e-01  -4.687500e-02
  7.031250e-02   2.109375e-01  -1.562500e-02
  7.031250e-02   2.109375e-01   1.562500e-02
  7.031250e-02   2.109375e-01   4.687500e-02
  7.031250e-02   2.109375e-01   7.812500e-02
  7.031250e-02   2.109375e-01   1.093750e-01
  7.031250e-02   2.265625e-01  -1.093750e-01
  7.031250e-02   2.265625e-01  -7.812500e-02
  7.031250e-02   2.265625e-01  -4.687500e-02
  7.031250e-02   2.265625e-01  -1.562500e-02
  7.031250e-02   2.265625e-01   1.562500e-02
  7.031250e-02   2.265625e-01   4.687500e-02
  7.031250e-02   2.265625e-01   7.812500e-02
  7.031250e-02   2.265625e-01   1.093750e-01
  7.031250e-02   2.421875e-01  -1.093750e-01
  7.031250e-02   2.421875e-01  -7.812500e-02
  7.031250e-02   2.421875e-01  -4.687500e-02
  7.031250e-02   2.421875e-01  -1.562500e-02
  7.031250e-02   2.421875e-01   1.562500e-02
  7.031250e-02   2.421875e-01   4.687500e-02
  7.031250e-02   2.421875e-01   7.812500e-02
  7.031250e-02   2.421875e-01   1.093750e-01
  8.593750e-02  -2.421875e-01  -1.093750e-01
  8.593750e-02  -2.421875e-01  -7.812500e-02
  8.593750e-02  -2.421875e-01  -4.687500e-02
  8.593750e-02  -2.421875e-01  -1.562500e-02
  8.593750e-02  -2.421875e-01   1.562500e-02
  8.593750e-02  -2.421875e-01   4.687500e-02
  8.593750e-02  -2.421875e-01   7.812500e-02
  8.593750e-02  -2.421875e-01   1.093750e-01
  8.593750e-02  -2.265625e-01  -1.093750e-01
  8.593750e-02  -2.265625e-01  -7.812500e-02
  8.593750e-02  -2.265625e-01  -4.687500e-02
  8.593750e-02  -2.265625e-01  -1.562500e-02
  8.593750e-02  -2.265625e-01   1.562500e-02
  8.593750e-02  -2.265625e-01   4.687500e-02
  8.593750e-02  -2.265625e-01   7.812500e-02
  8.593750e-02  -2.265625e-01   1.093750e-01
  8.593750e-02  -2.109375e-01  -1.093750e-01
  8.593750e-02  -2.109375e-01  -7.812500e-02
  8.593750e-02  -2.109375e-01  -4.687500e-02
  8.593750e-02  -2.109375e-01  -1.562500e-02
  8.593750e-02  -2.109375e-01   1.562500e-02
  8.593750e-02  -2.109375e-01   4.687500e-02
  8.593750e-02  -2.109375e-01   7.812500e-02
  8.593750e-02  -2.109375e-01   1.093750e-01
  8.593750e-02  -1.953125e-01  -1.093750e-01
  8.593750e-02  -1.953125e-01  -7.812500e-02
  8.593750e-02  -1.953125e-01  -4.687500e-02
  8.593750e-02  -1.953125e-01  -1.562500e-02
  8.593750e-02  -1.953125e-01   1.562500e-02
  8.593750e-02  -1.953125e-01   4.687500e-02
  8.593750e-02  -1.953125e-01   7.812500e-02
  8.593750e-02  -1.953125e-01   1.093750e-01
  8.593750e-02  -1.796875e-01  -1.093750e-01
  8.593750e-02  -1.796875e-01  -7.812500e-02
  8.593750e-02  -1.796875e-01  -4.687500e-02
  8.593750e-02  -1.796875e-01  -1.562500e-02
  8.593750e-02  -1.796875e-01   1.562500e-02
  8.593750e-02  -1.796875e-01   4.687500e-02
  8.593750e-02  -1.796875e-01   7.812500e-02
  8.593750e-02  -1.796875e-01   1.093750e-01
  8.593750e-02  -1.640625e-01  -1.093750e-01
  8.593750e-02  -1.640625e-01  -7.812500e-02
  8.593750e-02  -1.640625e-01  -4.687500e-02
  8.593750e-02  -1.640625e-01  -1.562500e-02
  8.593750e-02  -1.640625e-01   1.562500e-02
  8.593750e-02  -1.640625e-01   4.687500e-02
  8.593750e-02  -1.640625e-01   7.812500e-02
  8.593750e-02  -1.640625e-01   1.093750e-01
  8.593750e-02  -1.484375e-01  -1.093750e-01
  8.593750e-02  -1.484375e-01  -7.812500e-02
  8.593750e-02  -1.484375e-01  -4.687500e-02
  8.593750e-02  -1.484375e-01  -1.562500e-02
  8.593750e-02  -1.484375e-01   1.562500e-02
  8.593750e-02  -1.484375e-01   4.687500e-02
  8.593750e-02  -1.484375e-01   7.812500e-02
  8.593750e-02  -1.484375e-01   1.093750e-01
  8.593750e-02  -1.328125e-01  -1.093750e-01
  8.593750e-02  -1.328125e-01  -7.812500e-02
  8.593750e-02  -1.328125e-01  -4.687500e-02
  8.593750e-02  -1.328125e-01  -1.562500e-02
  8.593750e-02  -1.328125e-01   1.562500e-02
  8.593750e-02  -1.328125e-01   4.687500e-02
  8.593750e-02  -1.328125e-01   7.812500e-02
  8.593750e-02  -1.328125e-01   1.093750e-01
  8.593750e-02  -1.171875e-01  -1.093750e-01
  8.593750e-02  -1.171875e-01  -7.812500e-02
  8.593750e-02  -1.171875e-01  -4.687500e-02
  8.593750e-02  -1.171875e-01  -1.562500e-02
  8.593750e-02  -1.171875e-01   1.562500e-02
  8.593750e-02  -1.171875e-01   4.687500e-02
  8.593750e-02  -1.171875e-01   7.812500e-02
  8.593750e-02  -1.171875e-01   1.093750e-01
  8.593750e-02  -1.015625e-01  -1.093750e-01
  8.593750e-02  -1.015625e-01  -7.812500e-02
  8.593750e-02  -1.015625e-01  -4.687500e-02
  8.593750e-02  -1.015625e-01  -1.562500e-02
  8.593750e-02  -1.015625e-01   1.562500e-02
  8.593750e-02  -1.015625e-01   4.687500e-02
  8.593750e-02  -1.015625e-01   7.812500e-02
  8.593750e-02  -1.015625e-01   1.093750e-01
  8.593750e-02  -8.593750e-02  -1.093750e-01
  8.593750e-02  -8.593750e-02  -7.812500e-02
  8.593750e-02  -8.593750e-02  -4.687500e-02
  8.593750e-02  -8.593750e-02  -1.562500e-02
  8.593750e-02  -8.593750e-02   1.562500e-02
  8.593750e-02  -8.593750e-02   4.687500e-02
  8.593750e-02  -8.593750e-02   7.812500e-02
  8.593750e-02  -8.593750e-02   1.093750e-01
  8.593750e-02  -7.031250e-02  -1.093750e-01
  8.593750e-02  -7.031250e-02  -7.812500e-02
  8.593750e-02  -7.031250e-02  -4.687500e-02
  8.593750e-02  -7.031250e-02  -1.562500e-02
  8.593750e-02  -7.031250e-02   1.562500e-02
  8.593750e-02  -7.031250e-02   4.687500e-02
  8.593750e-02  -7.031250e-02   7.812500e-02
  8.593750e-02  -7.031250e-02   1.093750e-01
  8.593750e-02  -5.468750e-02  -1.093750e-01
  8.593750e-02  -5.468750e-02  -7.812500e-02
  8.593750e-02  -5.468750e-02  -4.687500e-02
  8.593750e-02  -5.468750e-02  -1.562500e-02
  8.593750e-02  -5.468750e-02   1.562500e-02
  8.593750e-02  -5.468750e-02   4.687500e-02
  8.593750e-02  -5.468750e-02   7.812500e-02
  8.593750e-02  -5.468750e-02   1.093750e-01
  8.593750e-02  -3.906250e-02  -1.093750e-01
  8.593750e-02  -3.906250e-02  -7.812500e-02
  8.593750e-02  -3.906250e-02  -4.687500e-02
  8.593750e-02  -3.906250e-02  -1.562500e-02
  8.593750e-02  -3.906250e-02   1.562500e-02
  8.593750e-02  -3.906250e-02   4.687500e-02
  8.593750e-02  -3.906250e-02   7.812500e-02
  8.593750e-02  -3.906250e-02   1.093750e-01
  8.593750e-02  -2.343750e-02  -1.093750e-01
  8.593750e-02  -2.343750e-02  -7.812500e-02
  8.593750e-02  -2.343750e-02  -4.687500e-02
  8.593750e-02  -2.343750e-02  -1.562500e-02
  8.593750e-02  -2.343750e-02   1.562500e-02
  8.593750e-02  -2.343750e-02   4.687500e-02
  8.593750e-02  -2.343750e-02   7.812500e-02
  8.593750e-02  -2.343750e-02   1.093750e-01
  8.593750e-02  -7.812500e-03  -1.093750e-01
  8.593750e-02  -7.812500e-03  -7.812500e-02
  8.593750e-02  -7.812500e-03  -4.687500e-02
  8.593750e-02  -7.812500e-03  -1.562500e-02
  8.593750e-02  -7.812500e-03   1.562500e-02
  8.593750e-02  -7.812500e-03   4.687500e-02
  8.593750e-02  -7.812500e-03   7.812500e-02
  8.593750e-02  -7.812500e-03   1.093750e-01
  8.593750e-02   7.812500e-03  -1.093750e-01
  8.593750e-02   7.812500e-03  -7.812500e-02
  8.593750e-02   7.812500e-03  -4.687500e-02
  8.593750e-02   7.812500e-03  -1.562500e-02
  8.593750e-02   7.812500e-03   1.562500e-02
  8.593750e-02   7.812500e-03   4.687500e-02
  8.593750e-02   7.812500e-03   7.812500e-02
  8.593750e-02   7.812500e-03   1.093750e-01
  8.593750e-02   2.343750e-02  -1.093750e-01
  8.593750e-02   2.343750e-02  -7.812500e-02
  8.593750e-02   2.343750e-02  -4.687500e-02
  8.593750e-02   2.343750e-02  -1.562500e-02
  8.593750e-02   2.343750e-02   1.562500e-02
  8.593750e-02   2.343750e-02   4.687500e-02
  8.593750e-02   2.343750e-02   7.812500e-02
  8.593750e-02   2.343750e-02   1.093750e-01
  8.593750e-02   3.906250e-02  -1.093750e-01
  8.593750e-02   3.906250e-02  -7.812500e-02
  8.593750e-02   3.906250e-02  -4.687500e-02
  8.593750e-02   3.906250e-02  -1.562500e-02
  8.593750e-02   3.906250e-02   1.562500e-02
  8.593750e-02   3.906250e-02   4.687500e-02
  8.593750e-02   3.906250e-02   7.812500e-02
  8.593750e-02   3.906250e-02   1.093750e-01
  8.593750e-02   5.468750e-02  -1.093750e-01
  8.593750e-02   5.468750e-02  -7.812500e-02
  8.593750e-02   5.468750e-02  -4.687500e-02
  8.593750e-02   5.468750e-02  -1.562500e-02
  8.593750e-02   5.468750e-02   1.562500e-02
  8.593750e-02   5.468750e-02   4.687500e-02
  8.593750e-02   5.468750e-02   7.812500e-02
  8.593750e-02   5.468750e-02   1.093750e-01
  8.593750e-02   7.031250e-02  -1.093750e-01
  8.593750e-02   7.031250e-02  -7.812500e-02
  8.593750e-02   7.031250e-02  -4.687500e-02
  8.593750e-02   7.031250e-02  -1.562500e-02
  8.593750e-02   7.031250e-02   1.562500e-02
  8.593750e-02   7.031250e-02   4.687500e-02
  8.593750e-02   7.031250e-02   7.812500e-02
  8.593750e-02   7.031250e-02   1.093750e-01
  8.593750e-02   8.593750e-02  -1.093750e-01
  8.593750e-02   8.593750e-02  -7.812500e-02
  8.593750e-02   8.593750e-02  -4.687500e-02
  8.593750e-02   8.593750e-02  -1.562500e-02
  8.593750e-02   8.593750e-02   1.562500e-02
  8.593750e-02   8.593750e-02   4.687500e-02
  8.593750e-02   8.593750e-02   7.812500e-02
  8.593750e-02   8.593750e-02   1.093750e-01
  8.593750e-02   1.015625e-01  -1.093750e-01
  8.593750e-02   1.015625e-01  -7.812500e-02
  8.593750e-02   1.015625e-01  -4.687500e-02
  8.593750e-02   1.015625e-01  -1.562500e-02
  8.593750e-02   1.015625e-01   1.562500e-02
  8.593750e-02   1.015625e-01   4.687500e-02
  8.593750e-02   1.015625e-01   7.812500e-02
  8.593750e-02   1.015625e-01   1.093750e-01
  8.593750e-02   1.171875e-01  -1.093750e-01
  8.593750e-02   1.171875e-01  -7.812500e-02
  8.593750e-02   1.171875e-01  -4.687500e-02
  8.593750e-02   1.171875e-01  -1.562500e-02
  8.593750e-02   1.171875e-01   1.562500e-02
  8.593750e-02   1.171875e-01   4.687500e-02
  8.593750e-02   1.171875e-01   7.812500e-02
  8.593750e-02   1.171875e-01   1.093750e-01
  8.593750e-02   1.328125e-01  -1.093750e-01
  8.593750e-02   1.328125e-01  -7.812500e-02
  8.593750e-02   1.328125e-01  -4.687500e-02
  8.593750e-02   1.328125e-01  -1.562500e-02
  8.593750e-02   1.328125e-01   1.562500e-02
  8.593750e-02   1.328125e-01   4.687500e-02
  8.593750e-02   1.328125e-01   7.812500e-02
  8.593750e-02   1.328125e-01   1.093750e-01
  8.593750e-02   1.484375e-01  -1.093750e-01
  8.593750e-02   1.484375e-01  -7.812500e-02
  8.593750e-02   1.484375e-01  -4.687500e-02
  8.593750e-02   1.484375e-01  -1.562500e-02
  8.593750e-02   1.484375e-01   1.562500e-02
  8.593750e-02   1.484375e-01   4.687500e-02
  8.593750e-02   1.484375e-01   7.812500e-02
  8.593750e-02   1.484375e-01   1.093750e-01
  8.593750e-02   1.640625e-01  -1.093750e-01
  8.593750e-02   1.640625e-01  -7.812500e-02
  8.593750e-02   1.640625e-01  -4.687500e-02
  8.593750e-02   1.640625e-01  -1.562500e-02
  8.593750e-02   1.640625e-01   1.562500e-02
  8.593750e-02   1.640625e-01   4.687500e-02
  8.593750e-02   1.640625e-01   7.812500e-02
  8.593750e-02   1.640625e-01   1.093750e-01
  8.593750e-02   1.796875e-01  -1.093750e-01
  8.593750e-02   1.796875e-01  -7.812500e-02
  8.593750e-02   1.796875e-01  -4.687500e-02
  8.593750e-02   1.796875e-01  -1.562500e-02
  8.593750e-02   1.796875e-01   1.562500e-02
  8.593750e-02   1.796875e-01   4.687500e-02
  8.593750e-02   1.796875e-01   7.812500e-02
  8.593750e-02   1.796875e-01   1.093750e-01
  8.593750e-02   1.953125e-01  -1.093750e-01
  8.593750e-02   1.953125e-01  -7.812500e-02
  8.593750e-02   1.953125e-01  -4.687500e-02
  8.593750e-02   1.953125e-01  -1.562500e-02
  8.593750e-02   1.953125e-01   1.562500e-02
  8.593750e-02   1.953125e-01   4.687500e-02
  8.593750e-02   1.953125e-01   7.812500e-02
  8.593750e-02   1.953125e-01   1.093750e-01
  8.593750e-02   2.109375e-01  -1.093750e-01
  8.593750e-02   2.109375e-01  -7.812500e-02
  8.593750e-02   2.109375e-01  -4.687500e-02
  8.593750e-02   2.109375e-01  -1.562500e-02
  8.593750e-02   2.109375e-01   1.562500e-02
  8.593750e-02   2.109375e-01   4.687500e-02
  8.593750e-02   2.109375e-01   7.812500e-02
  8.593750e-02   2.109375e-01   1.093750e-01
  8.593750e-02   2.265625e-01  -1.093750e-01
  8.593750e-02   2.265625e-01  -7.812500e-02
  8.593750e-02   2.265625e-01  -4.687500e-02
  8.593750e-02   2.265625e-01  -1.562500e-02
  8.593750e-02   2.265625e-01   1.562500e-02
  8.593750e-02   2.265625e-01   4.687500e-02
  8.593750e-02   2.265625e-01   7.812500e-02
  8.593750e-02   2.265625e-01   1.093750e-01
  8.593750e-02   2.421875e-01  -1.093750e-01
  8.593750e-02   2.421875e-01  -7.812500e-02
  8.593750e-02   2.421875e-01  -4.687500e-02
  8.593750e-02   2.421875e-01  -1.562500e-02
  8.593750e-02   2.421875e-01   1.562500e-02
  8.593750e-02   2.421875e-01   4.687500e-02
  8.593750e-02   2.421875e-01   7.812500e-02
  8.593750e-02   2.421875e-01   1.093750e-01
  1.015625e-01  -2.421875e-01  -1.093750e-01
  1.015625e-01  -2.421875e-01  -7.812500e-02
  1.015625e-01  -2.421875e-01  -4.687500e-02
  1.015625e-01  -2.421875e-01  -1.562500e-02
  1.015625e-01  -2.421875e-01   1.562500e-02
  1.015625e-01  -2.421875e-01   4.687500e-02
  1.015625e-01  -2.421875e-01   7.812500e-02
  1.015625e-01  -2.421875e-01   1.093750e-01
  1.015625e-01  -2.265625e-01  -1.093750e-01
  1.015625e-01  -2.265625e-01  -7.812500e-02
  1.015625e-01  -2.265625e-01  -4.687500e-02
  1.015625e-01  -2.265625e-01  -1.562500e-02
  1.015625e-01  -2.265625e-01   1.562500e-02
  1.015625e-01  -2.265625e-01   4.687500e-02
  1.015625e-01  -2.265625e-01   7.812500e-02
  1.015625e-01  -2.265625e-01   1.093750e-01
  1.015625e-01  -2.109375e-01  -1.093750e-01
  1.015625e-01  -2.109375e-01  -7.812500e-02
  1.015625e-01  -2.109375e-01  -4.687500e-02
  1.015625e-01  -2.109375e-01  -1.562500e-02
  1.015625e-01  -2.109375e-01   1.562500e-02
  1.015625e-01  -2.109375e-01   4.687500e-02
  1.015625e-01  -2.109375e-01   7.812500e-02
  1.015625e-01  -2.109375e-01   1.093750e-01
  1.015625e-01  -1.953125e-01  -1.093750e-01
  1.015625e-01  -1.953125e-01  -7.812500e-02
  1.015625e-01  -1.953125e-01  -4.687500e-02
  1.015625e-01  -1.953125e-01  -1.562500e-02
  1.015625e-01  -1.953125e-01   1.562500e-02
  1.015625e-01  -1.953125e-01   4.687500e-02
  1.015625e-01  -1.953125e-01   7.812500e-02
  1.015625e-01  -1.953125e-01   1.093750e-01
  1.015625e-01  -1.796875e-01  -1.093750e-01
  1.015625e-01  -1.796875e-01  -7.812500e-02
  1.015625e-01  -1.796875e-01  -4.687500e-02
  1.015625e-01  -1.796875e-01  -1.562500e-02
  1.015625e-01  -1.796875e-01   1.562500e-02
  1.015625e-01  -1.796875e-01   4.687500e-02
  1.015625e-01  -1.796875e-01   7.812500e-02
  1.015625e-01  -1.796875e-01   1.093750e-01
  1.015625e-01  -1.640625e-01  -1.093750e-01
  1.015625e-01  -1.640625e-01  -7.812500e-02
  1.015625e-01  -1.640625e-01  -4.687500e-02
  1.015625e-01  -1.640625e-01  -1.562500e-02
  1.015625e-01  -1.640625e-01   1.562500e-02
  1.015625e-01  -1.640625e-01   4.687500e-02
  1.015625e-01  -1.640625e-01   7.812500e-02
  1.015625e-01  -1.640625e-01   1.093750e-01
  1.015625e-01  -1.484375e-01  -1.093750e-01
  1.015625e-01  -1.484375e-01  -7.812500e-02
  1.015625e-01  -1.484375e-01  -4.687500e-02
  1.015625e-01  -1.484375e-01  -1.562500e-02
  1.015625e-01  -1.484375e-01   1.562500e-02
  1.015625e-01  -1.484375e-01   4.687500e-02
  1.015625e-01  -1.484375e-01   7.812500e-02
  1.015625e-01  -1.484375e-01   1.093750e-01
  1.015625e-01  -1.328125e-01  -1.093750e-01
  1.015625e-01  -1.328125e-01  -7.812500e-02
  1.015625e-01  -1.328125e-01  -4.687500e-02
  1.015625e-01  -1.328125e-01  -1.562500e-02
  1.015625e-01  -1.328125e-01   1.562500e-02
  1.015625e-01  -1.328125e-01   4.687500e-02
  1.015625e-01  -1.328125e-01   7.812500e-02
  1.015625e-01  -1.328125e-01   1.093750e-01
  1.015625e-01  -1.171875e-01  -1.093750e-01
  1.015625e-01  -1.171875e-01  -7.812500e-02
  1.015625e-01  -1.171875e-01  -4.687500e-02
  1.015625e-01  -1.171875e-01  -1.562500e-02
  1.015625e-01  -1.171875e-01   1.562500e-02
  1.015625e-01  -1.171875e-01   4.687500e-02
  1.015625e-01  -1.171875e-01   7.812500e-02
  1.015625e-01  -1.171875e-01   1.093750e-01
  1.015625e-01  -1.015625e-01  -1.093750e-01
  1.015625e-01  -1.015625e-01  -7.812500e-02
  1.015625e-01  -1.015625e-01  -4.687500e-02
  1.015625e-01  -1.015625e-01  -1.562500e-02
  1.015625e-01  -1.015625e-01   1.562500e-02
  1.015625e-01  -1.015625e-01   4.687500e-02
  1.015625e-01  -1.015625e-01   7.812500e-02
  1.015625e-01  -1.015625e-01   1.093750e-01
  1.015625e-01  -8.593750e-02  -1.093750e-01
  1.015625e-01  -8.593750e-02  -7.812500e-02
  1.015625e-01  -8.593750e-02  -4.687500e-02
  1.015625e-01  -8.593750e-02  -1.562500e-02
  1.015625e-01  -8.593750e-02   1.562500e-02
  1.015625e-01  -8.593750e-02   4.687500e-02
  1.015625e-01  -8.593750e-02   7.812500e-02
  1.015625e-01  -8.593750e-02   1.093750e-01
  1.015625e-01  -7.031250e-02  -1.093750e-01
  1.015625e-01  -7.031250e-02  -7.812500e-02
  1.015625e-01  -7.031250e-02  -4.687500e-02
  1.015625e-01  -7.031250e-02  -1.562500e-02
  1.015625e-01  -7.031250e-02   1.562500e-02
  1.015625e-01  -7.031250e-02   4.687500e-02
  1.015625e-01  -7.031250e-02   7.812500e-02
  1.015625e-01  -7.031250e-02   1.093750e-01
  1.015625e-01  -5.468750e-02  -1.093750e-01
  1.015625e-01  -5.468750e-02  -7.812500e-02
  1.015625e-01  -5.468750e-02  -4.687500e-02
  1.015625e-01  -5.468750e-02  -1.562500e-02
  1.015625e-01  -5.468750e-02   1.562500e-02
  1.015625e-01  -5.468750e-02   4.687500e-02
  1.015625e-01  -5.468750e-02   7.812500e-02
  1.015625e-01  -5.468750e-02   1.093750e-01
  1.015625e-01  -3.906250e-02  -1.093750e-01
  1.015625e-01  -3.906250e-02  -7.812500e-02
  1.015625e-01  -3.906250e-02  -4.687500e-02
  1.015625e-01  -3.906250e-02  -1.562500e-02
  1.015625e-01  -3.906250e-02   1.562500e-02
  1.015625e-01  -3.906250e-02   4.687500e-02
  1.015625e-01  -3.906250e-02   7.812500e-02
  1.015625e-01  -3.906250e-02   1.093750e-01
  1.015625e-01  -2.343750e-02  -1.093750e-01
  1.015625e-01  -2.343750e-02  -7.812500e-02
  1.015625e-01  -2.343750e-02  -4.687500e-02
  1.015625e-01  -2.343750e-02  -1.562500e-02
  1.015625e-01  -2.343750e-02   1.562500e-02
  1.015625e-01  -2.343750e-02   4.687500e-02
  1.015625e-01  -2.343750e-02   7.812500e-02
  1.015625e-01  -2.343750e-02   1.093750e-01
  1.015625e-01  -7.812500e-03  -1.093750e-01
  1.015625e-01  -7.812500e-03  -7.812500e-02
  1.015625e-01  -7.812500e-03  -4.687500e-02
  1.015625e-01  -7.812500e-03  -1.562500e-02
  1.015625e-01  -7.812500e-03   1.562500e-02
  1.015625e-01  -7.812500e-03   4.687500e-02
  1.015625e-01  -7.812500e-03   7.812500e-02
  1.015625e-01  -7.812500e-03   1.093750e-01
  1.015625e-01   7.812500e-03  -1.093750e-01
  1.015625e-01   7.812500e-03  -7.812500e-02
  1.015625e-01   7.812500e-03  -4.687500e-02
  1.015625e-01   7.812500e-03  -1.562500e-02
  1.015625e-01   7.812500e-03   1.562500e-02
  1.015625e-01   7.812500e-03   4.687500e-02
  1.015625e-01   7.812500e-03   7.812500e-02
  1.015625e-01   7.812500e-03   1.093750e-01
  1.015625e-01   2.343750e-02  -1.093750e-01
  1.015625e-01   2.343750e-02  -7.812500e-02
  1.015625e-01   2.343750e-02  -4.687500e-02
  1.015625e-01   2.343750e-02  -1.562500e-02
  1.015625e-01   2.343750e-02   1.562500e-02
  1.015625e-01   2.343750e-02   4.687500e-02
  1.015625e-01   2.343750e-02   7.812500e-02
  1.015625e-01   2.343750e-02   1.093750e-01
  1.015625e-01   3.906250e-02  -1.093750e-01
  1.015625e-01   3.906250e-02  -7.812500e-02
  1.015625e-01   3.906250e-02  -4.687500e-02
  1.015625e-01   3.906250e-02  -1.562500e-02
  1.015625e-01   3.906250e-02   1.562500e-02
  1.015625e-01   3.906250e-02   4.687500e-02
  1.015625e-01   3.906250e-02   7.812500e-02
  1.015625e-01   3.906250e-02   1.093750e-01
  1.015625e-01   5.468750e-02  -1.093750e-01
  1.015625e-01   5.468750e-02  -7.812500e-02
  1.015625e-01   5.468750e-02  -4.687500e-02
  1.015625e-01   5.468750e-02  -1.562500e-02
  1.015625e-01   5.468750e-02   1.562500e-02
  1.015625e-01   5.468750e-02   4.687500e-02
  1.015625e-01   5.468750e-02   7.812500e-02
  1.015625e-01   5.468750e-02   1.093750e-01
  1.015625e-01   7.031250e-02  -1.093750e-01
  1.015625e-01   7.031250e-02  -7.812500e-02
  1.015625e-01   7.031250e-02  -4.687500e-02
  1.015625e-01   7.031250e-02  -1.562500e-02
  1.015625e-01   7.031250e-02   1.562500e-02
  1.015625e-01   7.031250e-02   4.687500e-02
  1.015625e-01   7.031250e-02   7.812500e-02
  1.015625e-01   7.031250e-02   1.093750e-01
  1.015625e-01   8.593750e-02  -1.093750e-01
  1.015625e-01   8.593750e-02  -7.812500e-02
  1.015625e-01   8.593750e-02  -4.687500e-02
  1.015625e-01   8.593750e-02  -1.562500e-02
  1.015625e-01   8.593750e-02   1.562500e-02
  1.015625e-01   8.593750e-02   4.687500e-02
  1.015625e-01   8.593750e-02   7.812500e-02
  1.015625e-01   8.593750e-02   1.093750e-01
  1.015625e-01   1.015625e-01  -1.093750e-01
  1.015625e-01   1.015625e-01  -7.812500e-02
  1.015625e-01   1.015625e-01  -4.687500e-02
  1.015625e-01   1.015625e-01  -1.562500e-02
  1.015625e-01   1.015625e-01   1.562500e-02
  1.015625e-01   1.015625e-01   4.687500e-02
  1.015625e-01   1.015625e-01   7.812500e-02
  1.015625e-01   1.015625e-01   1.093750e-01
  1.015625e-01   1.171875e-01  -1.093750e-01
  1.015625e-01   1.171875e-01  -7.812500e-02
  1.015625e-01   1.171875e-01  -4.687500e-02
  1.015625e-01   1.171875e-01  -1.562500e-02
  1.015625e-01   1.171875e-01   1.562500e-02
  1.015625e-01   1.171875e-01   4.687500e-02
  1.015625e-01   1.171875e-01   7.812500e-02
  1.015625e-01   1.171875e-01   1.093750e-01
  1.015625e-01   1.328125e-01  -1.093750e-01
  1.015625e-01   1.328125e-01  -7.812500e-02
  1.015625e-01   1.328125e-01  -4.687500e-02
  1.015625e-01   1.328125e-01  -1.562500e-02
  1.015625e-01   1.328125e-01   1.562500e-02
  1.015625e-01   1.328125e-01   4.687500e-02
  1.015625e-01   1.328125e-01   7.812500e-02
  1.015625e-01   1.328125e-01   1.093750e-01
  1.015625e-01   1.484375e-01  -1.093750e-01
  1.015625e-01   1.484375e-01  -7.812500e-02
  1.015625e-01   1.484375e-01  -4.687500e-02
  1.015625e-01   1.484375e-01  -1.562500e-02
  1.015625e-01   1.484375e-01   1.562500e-02
  1.015625e-01   1.484375e-01   4.687500e-02
  1.015625e-01   1.484375e-01   7.812500e-02
  1.015625e-01   1.484375e-01   1.093750e-01
  1.015625e-01   1.640625e-01  -1.093750e-01
  1.015625e-01   1.640625e-01  -7.812500e-02
  1.015625e-01   1.640625e-01  -4.687500e-02
  1.015625e-01   1.640625e-01  -1.562500e-02
  1.015625e-01   1.640625e-01   1.562500e-02
  1.015625e-01   1.640625e-01   4.687500e-02
  1.015625e-01   1.640625e-01   7.812500e-02
  1.015625e-01   1.640625e-01   1.093750e-01
  1.015625e-01   1.796875e-01  -1.093750e-01
  1.015625e-01   1.796875e-01  -7.812500e-02
  1.015625e-01   1.796875e-01  -4.687500e-02
  1.015625e-01   1.796875e-01  -1.562500e-02
  1.015625e-01   1.796875e-01   1.562500e-02
  1.015625e-01   1.796875e-01   4.687500e-02
  1.015625e-01   1.796875e-01   7.812500e-02
  1.015625e-01   1.796875e-01   1.093750e-01
  1.015625e-01   1.953125e-01  -1.093750e-01
  1.015625e-01   1.953125e-01  -7.812500e-02
  1.015625e-01   1.953125e-01  -4.687500e-02
  1.015625e-01   1.953125e-01  -1.562500e-02
  1.015625e-01   1.953125e-01   1.562500e-02
  1.015625e-01   1.953125e-01   4.687500e-02
  1.015625e-01   1.953125e-01   7.812500e-02
  1.015625e-01   1.953125e-01   1.093750e-01
  1.015625e-01   2.109375e-01  -1.093750e-01
  1.015625e-01   2.109375e-01  -7.812500e-02
  1.015625e-01   2.109375e-01  -4.687500e-02
  1.015625e-01   2.109375e-01  -1.562500e-02
  1.015625e-01   2.109375e-01   1.562500e-02
  1.015625e-01   2.109375e-01   4.687500e-02
  1.015625e-01   2.109375e-01   7.812500e-02
  1.015625e-01   2.109375e-01   1.093750e-01
  1.015625e-01   2.265625e-01  -1.093750e-01
  1.015625e-01   2.265625e-01  -7.812500e-02
  1.015625e-01   2.265625e-01  -4.687500e-02
  1.015625e-01   2.265625e-01  -1.562500e-02
  1.015625e-01   2.265625e-01   1.562500e-02
  1.015625e-01   2.265625e-01   4.687500e-02
  1.015625e-01   2.265625e-01   7.812500e-02
  1.015625e-01   2.265625e-01   1.093750e-01
  1.015625e-01   2.421875e-01  -1.093750e-01
  1.015625e-01   2.421875e-01  -7.812500e-02
  1.015625e-01   2.421875e-01  -4.687500e-02
  1.015625e-01   2.421875e-01  -1.562500e-02
  1.015625e-01   2.421875e-01   1.562500e-02
  1.015625e-01   2.421875e-01   4.687500e-02
  1.015625e-01   2.421875e-01   7.812500e-02
  1.015625e-01   2.421875e-01   1.093750e-01
  1.171875e-01  -2.421875e-01  -1.093750e-01
  1.171875e-01  -2.421875e-01  -7.812500e-02
  1.171875e-01  -2.421875e-01  -4.687500e-02
  1.171875e-01  -2.421875e-01  -1.562500e-02
  1.171875e-01  -2.421875e-01   1.562500e-02
  1.171875e-01  -2.421875e-01   4.687500e-02
  1.171875e-01  -2.421875e-01   7.812500e-02
  1.171875e-01  -2.421875e-01   1.093750e-01
  1.171875e-01  -2.265625e-01  -1.093750e-01
  1.171875e-01  -2.265625e-01  -7.812500e-02
  1.171875e-01  -2.265625e-01  -4.687500e-02
  1.171875e-01  -2.265625e-01  -1.562500e-02
  1.171875e-01  -2.265625e-01   1.562500e-02
  1.171875e-01  -2.265625e-01   4.687500e-02
  1.171875e-01  -2.265625e-01   7.812500e-02
  1.171875e-01  -2.265625e-01   1.093750e-01
  1.171875e-01  -2.109375e-01  -1.093750e-01
  1.171875e-01  -2.109375e-01  -7.812500e-02
  1.171875e-01  -2.109375e-01  -4.687500e-02
  1.171875e-01  -2.109375e-01  -1.562500e-02
  1.171875e-01  -2.109375e-01   1.562500e-02
  1.171875e-01  -2.109375e-01   4.687500e-02
  1.171875e-01  -2.109375e-01   7.812500e-02
  1.171875e-01  -2.109375e-01   1.093750e-01
  1.171875e-01  -1.953125e-01  -1.093750e-01
  1.171875e-01  -1.953125e-01  -7.812500e-02
  1.171875e-01  -1.953125e-01  -4.687500e-02
  1.171875e-01  -1.953125e-01  -1.562500e-02
  1.171875e-01  -1.953125e-01   1.562500e-02
  1.171875e-01  -1.953125e-01   4.687500e-02
  1.171875e-01  -1.953125e-01   7.812500e-02
  1.171875e-01  -1.953125e-01   1.093750e-01
  1.171875e-01  -1.796875e-01  -1.093750e-01
  1.171875e-01  -1.796875e-01  -7.812500e-02
  1.171875e-01  -1.796875e-01  -4.687500e-02
  1.171875e-01  -1.796875e-01  -1.562500e-02
  1.171875e-01  -1.796875e-01   1.562500e-02
  1.171875e-01  -1.796875e-01   4.687500e-02
  1.171875e-01  -1.796875e-01   7.812500e-02
  1.171875e-01  -1.796875e-01   1.093750e-01
  1.171875e-01  -1.640625e-01  -1.093750e-01
  1.171875e-01  -1.640625e-01  -7.812500e-02
  1.171875e-01  -1.640625e-01  -4.687500e-02
  1.171875e-01  -1.640625e-01  -1.562500e-02
  1.171875e-01  -1.640625e-01   1.562500e-02
  1.171875e-01  -1.640625e-01   4.687500e-02
  1.171875e-01  -1.640625e-01   7.812500e-02
  1.171875e-01  -1.640625e-01   1.093750e-01
  1.171875e-01  -1.484375e-01  -1.093750e-01
  1.171875e-01  -1.484375e-01  -7.812500e-02
  1.171875e-01  -1.484375e-01  -4.687500e-02
  1.171875e-01  -1.484375e-01  -1.562500e-02
  1.171875e-01  -1.484375e-01   1.562500e-02
  1.171875e-01  -1.484375e-01   4.687500e-02
  1.171875e-01  -1.484375e-01   7.812500e-02
  1.171875e-01  -1.484375e-01   1.093750e-01
  1.171875e-01  -1.328125e-01  -1.093750e-01
  1.171875e-01  -1.328125e-01  -7.812500e-02
  1.171875e-01  -1.328125e-01  -4.687500e-02
  1.171875e-01  -1.328125e-01  -1.562500e-02
  1.171875e-01  -1.328125e-01   1.562500e-02
  1.171875e-01  -1.328125e-01   4.687500e-02
  1.171875e-01  -1.328125e-01   7.812500e-02
  1.171875e-01  -1.328125e-01   1.093750e-01
  1.171875e-01  -1.171875e-01  -1.093750e-01
  1.171875e-01  -1.171875e-01  -7.812500e-02
  1.171875e-01  -1.171875e-01  -4.687500e-02
  1.171875e-01  -1.171875e-01  -1.562500e-02
  1.171875e-01  -1.171875e-01   1.562500e-02
  1.171875e-01  -1.171875e-01   4.687500e-02
  1.171875e-01  -1.171875e-01   7.812500e-02
  1.171875e-01  -1.171875e-01   1.093750e-01
  1.171875e-01  -1.015625e-01  -1.093750e-01
  1.171875e-01  -1.015625e-01  -7.812500e-02
  1.171875e-01  -1.015625e-01  -4.687500e-02
  1.171875e-01  -1.015625e-01  -1.562500e-02
  1.171875e-01  -1.015625e-01   1.562500e-02
  1.171875e-01  -1.015625e-01   4.687500e-02
  1.171875e-01  -1.015625e-01   7.812500e-02
  1.171875e-01  -1.015625e-01   1.093750e-01
  1.171875e-01  -8.593750e-02  -1.093750e-01
  1.171875e-01  -8.593750e-02  -7.812500e-02
  1.171875e-01  -8.593750e-02  -4.687500e-02
  1.171875e-01  -8.593750e-02  -1.562500e-02
  1.171875e-01  -8.593750e-02   1.562500e-02
  1.171875e-01  -8.593750e-02   4.687500e-02
  1.171875e-01  -8.593750e-02   7.812500e-02
  1.171875e-01  -8.593750e-02   1.093750e-01
  1.171875e-01  -7.031250e-02  -1.093750e-01
  1.171875e-01  -7.031250e-02  -7.812500e-02
  1.171875e-01  -7.031250e-02  -4.687500e-02
  1.171875e-01  -7.031250e-02  -1.562500e-02
  1.171875e-01  -7.031250e-02   1.562500e-02
  1.171875e-01  -7.031250e-02   4.687500e-02
  1.171875e-01  -7.031250e-02   7.812500e-02
  1.171875e-01  -7.031250e-02   1.093750e-01
  1.171875e-01  -5.468750e-02  -1.093750e-01
  1.171875e-01  -5.468750e-02  -7.812500e-02
  1.171875e-01  -5.468750e-02  -4.687500e-02
  1.171875e-01  -5.468750e-02  -1.562500e-02
  1.171875e-01  -5.468750e-02   1.562500e-02
  1.171875e-01  -5.468750e-02   4.687500e-02
  1.171875e-01  -5.468750e-02   7.812500e-02
  1.171875e-01  -5.468750e-02   1.093750e-01
  1.171875e-01  -3.906250e-02  -1.093750e-01
  1.171875e-01  -3.906250e-02  -7.812500e-02
  1.171875e-01  -3.906250e-02  -4.687500e-02
  1.171875e-01  -3.906250e-02  -1.562500e-02
  1.171875e-01  -3.906250e-02   1.562500e-02
  1.171875e-01  -3.906250e-02   4.687500e-02
  1.171875e-01  -3.906250e-02   7.812500e-02
  1.171875e-01  -3.906250e-02   1.093750e-01
  1.171875e-01  -2.343750e-02  -1.093750e-01
  1.171875e-01  -2.343750e-02  -7.812500e-02
  1.171875e-01  -2.343750e-02  -4.687500e-02
  1.171875e-01  -2.343750e-02  -1.562500e-02
  1.171875e-01  -2.343750e-02   1.562500e-02
  1.171875e-01  -2.343750e-02   4.687500e-02
  1.171875e-01  -2.343750e-02   7.812500e-02
  1.171875e-01  -2.343750e-02   1.093750e-01
  1.171875e-01  -7.812500e-03  -1.093750e-01
  1.171875e-01  -7.812500e-03  -7.812500e-02
  1.171875e-01  -7.812500e-03  -4.687500e-02
  1.171875e-01  -7.812500e-03  -1.562500e-02
  1.171875e-01  -7.812500e-03   1.562500e-02
  1.171875e-01  -7.812500e-03   4.687500e-02
  1.171875e-01  -7.812500e-03   7.812500e-02
  1.171875e-01  -7.812500e-03   1.093750e-01
  1.171875e-01   7.812500e-03  -1.093750e-01
  1.171875e-01   7.812500e-03  -7.812500e-02
  1.171875e-01   7.812500e-03  -4.687500e-02
  1.171875e-01   7.812500e-03  -1.562500e-02
  1.171875e-01   7.812500e-03   1.562500e-02
  1.171875e-01   7.812500e-03   4.687500e-02
  1.171875e-01   7.812500e-03   7.812500e-02
  1.171875e-01   7.812500e-03   1.093750e-01
  1.171875e-01   2.343750e-02  -1.093750e-01
  1.171875e-01   2.343750e-02  -7.812500e-02
  1.171875e-01   2.343750e-02  -4.687500e-02
  1.171875e-01   2.343750e-02  -1.562500e-02
  1.171875e-01   2.343750e-02   1.562500e-02
  1.171875e-01   2.343750e-02   4.687500e-02
  1.171875e-01   2.343750e-02   7.812500e-02
  1.171875e-01   2.343750e-02   1.093750e-01
  1.171875e-01   3.906250e-02  -1.093750e-01
  1.171875e-01   3.906250e-02  -7.812500e-02
  1.171875e-01   3.906250e-02  -4.687500e-02
  1.171875e-01   3.906250e-02  -1.562500e-02
  1.171875e-01   3.906250e-02   1.562500e-02
  1.171875e-01   3.906250e-02   4.687500e-02
  1.171875e-01   3.906250e-02   7.812500e-02
  1.171875e-01   3.906250e-02   1.093750e-01
  1.171875e-01   5.468750e-02  -1.093750e-01
  1.171875e-01   5.468750e-02  -7.812500e-02
  1.171875e-01   5.468750e-02  -4.687500e-02
  1.171875e-01   5.468750e-02  -1.562500e-02
  1.171875e-01   5.468750e-02   1.562500e-02
  1.171875e-01   5.468750e-02   4.687500e-02
  1.171875e-01   5.468750e-02   7.812500e-02
  1.171875e-01   5.468750e-02   1.093750e-01
  1.171875e-01   7.031250e-02  -1.093750e-01
  1.171875e-01   7.031250e-02  -7.812500e-02
  1.171875e-01   7.031250e-02  -4.687500e-02
  1.171875e-01   7.031250e-02  -1.562500e-02
  1.171875e-01   7.031250e-02   1.562500e-02
  1.171875e-01   7.031250e-02   4.687500e-02
  1.171875e-01   7.031250e-02   7.812500e-02
  1.171875e-01   7.031250e-02   1.093750e-01
  1.171875e-01   8.593750e-02  -1.093750e-01
  1.171875e-01   8.593750e-02  -7.812500e-02
  1.171875e-01   8.593750e-02  -4.687500e-02
  1.171875e-01   8.593750e-02  -1.562500e-02
  1.171875e-01   8.593750e-02   1.562500e-02
  1.171875e-01   8.593750e-02   4.687500e-02
  1.171875e-01   8.593750e-02   7.812500e-02
  1.171875e-01   8.593750e-02   1.093750e-01
  1.171875e-01   1.015625e-01  -1.093750e-01
  1.171875e-01   1.015625e-01  -7.812500e-02
  1.171875e-01   1.015625e-01  -4.687500e-02
  1.171875e-01   1.015625e-01  -1.562500e-02
  1.171875e-01   1.015625e-01   1.562500e-02
  1.171875e-01   1.015625e-01   4.687500e-02
  1.171875e-01   1.015625e-01   7.812500e-02
  1.171875e-01   1.015625e-01   1.093750e-01
  1.171875e-01   1.171875e-01  -1.093750e-01
  1.171875e-01   1.171875e-01  -7.812500e-02
  1.171875e-01   1.171875e-01  -4.687500e-02
  1.171875e-01   1.171875e-01  -1.562500e-02
  1.171875e-01   1.171875e-01   1.562500e-02
  1.171875e-01   1.171875e-01   4.687500e-02
  1.171875e-01   1.171875e-01   7.812500e-02
  1.171875e-01   1.171875e-01   1.093750e-01
  1.171875e-01   1.328125e-01  -1.093750e-01
  1.171875e-01   1.328125e-01  -7.812500e-02
  1.171875e-01   1.328125e-01  -4.687500e-02
  1.171875e-01   1.328125e-01  -1.562500e-02
  1.171875e-01   1.328125e-01   1.562500e-02
  1.171875e-01   1.328125e-01   4.687500e-02
  1.171875e-01   1.328125e-01   7.812500e-02
  1.171875e-01   1.328125e-01   1.093750e-01
  1.171875e-01   1.484375e-01  -1.093750e-01
  1.171875e-01   1.484375e-01  -7.812500e-02
  1.171875e-01   1.484375e-01  -4.687500e-02
  1.171875e-01   1.484375e-01  -1.562500e-02
  1.171875e-01   1.484375e-01   1.562500e-02
  1.171875e-01   1.484375e-01   4.687500e-02
  1.171875e-01   1.484375e-01   7.812500e-02
  1.171875e-01   1.484375e-01   1.093750e-01
  1.171875e-01   1.640625e-01  -1.093750e-01
  1.171875e-01   1.640625e-01  -7.812500e-02
  1.171875e-01   1.640625e-01  -4.687500e-02
  1.171875e-01   1.640625e-01  -1.562500e-02
  1.171875e-01   1.640625e-01   1.562500e-02
  1.171875e-01   1.640625e-01   4.687500e-02
  1.171875e-01   1.640625e-01   7.812500e-02
  1.171875e-01   1.640625e-01   1.093750e-01
  1.171875e-01   1.796875e-01  -1.093750e-01
  1.171875e-01   1.796875e-01  -7.812500e-02
  1.171875e-01   1.796875e-01  -4.687500e-02
  1.171875e-01   1.796875e-01  -1.562500e-02
  1.171875e-01   1.796875e-01   1.562500e-02
  1.171875e-01   1.796875e-01   4.687500e-02
  1.171875e-01   1.796875e-01   7.812500e-02
  1.171875e-01   1.796875e-01   1.093750e-01
  1.171875e-01   1.953125e-01  -1.093750e-01
  1.171875e-01   1.953125e-01  -7.812500e-02
  1.171875e-01   1.953125e-01  -4.687500e-02
  1.171875e-01   1.953125e-01  -1.562500e-02
  1.171875e-01   1.953125e-01   1.562500e-02
  1.171875e-01   1.953125e-01   4.687500e-02
  1.171875e-01   1.953125e-01   7.812500e-02
  1.171875e-01   1.953125e-01   1.093750e-01
  1.171875e-01   2.109375e-01  -1.093750e-01
  1.171875e-01   2.109375e-01  -7.812500e-02
  1.171875e-01   2.109375e-01  -4.687500e-02
  1.171875e-01   2.109375e-01  -1.562500e-02
  1.171875e-01   2.109375e-01   1.562500e-02
  1.171875e-01   2.109375e-01   4.687500e-02
  1.171875e-01   2.109375e-01   7.812500e-02
  1.171875e-01   2.109375e-01   1.093750e-01
  1.171875e-01   2.265625e-01  -1.093750e-01
  1.171875e-01   2.265625e-01  -7.812500e-02
  1.171875e-01   2.265625e-01  -4.687500e-02
  1.171875e-01   2.265625e-01  -1.562500e-02
  1.171875e-01   2.265625e-01   1.562500e-02
  1.171875e-01   2.265625e-01   4.687500e-02
  1.171875e-01   2.265625e-01   7.812500e-02
  1.171875e-01   2.265625e-01   1.093750e-01
  1.171875e-01   2.421875e-01  -1.093750e-01
  1.171875e-01   2.421875e-01  -7.812500e-02
  1.171875e-01   2.421875e-01  -4.687500e-02
  1.171875e-01   2.421875e-01  -1.562500e-02
  1.171875e-01   2.421875e-01   1.562500e-02
  1.171875e-01   2.421875e-01   4.687500e-02
  1.171875e-01   2.421875e-01   7.812500e-02
  1.171875e-01   2.421875e-01   1.093750e-01
  1.328125e-01  -2.421875e-01  -1.093750e-01
  1.328125e-01  -2.421875e-01  -7.812500e-02
  1.328125e-01  -2.421875e-01  -4.687500e-02
  1.328125e-01  -2.421875e-01  -1.562500e-02
  1.328125e-01  -2.421875e-01   1.562500e-02
  1.328125e-01  -2.421875e-01   4.687500e-02
  1.328125e-01  -2.421875e-01   7.812500e-02
  1.328125e-01  -2.421875e-01   1.093750e-01
  1.328125e-01  -2.265625e-01  -1.093750e-01
  1.328125e-01  -2.265625e-01  -7.812500e-02
  1.328125e-01  -2.265625e-01  -4.687500e-02
  1.328125e-01  -2.265625e-01  -1.562500e-02
  1.328125e-01  -2.265625e-01   1.562500e-02
  1.328125e-01  -2.265625e-01   4.687500e-02
  1.328125e-01  -2.265625e-01   7.812500e-02
  1.328125e-01  -2.265625e-01   1.093750e-01
  1.328125e-01  -2.109375e-01  -1.093750e-01
  1.328125e-01  -2.109375e-01  -7.812500e-02
  1.328125e-01  -2.109375e-01  -4.687500e-02
  1.328125e-01  -2.109375e-01  -1.562500e-02
  1.328125e-01  -2.109375e-01   1.562500e-02
  1.328125e-01  -2.109375e-01   4.687500e-02
  1.328125e-01  -2.109375e-01   7.812500e-02
  1.328125e-01  -2.109375e-01   1.093750e-01
  1.328125e-01  -1.953125e-01  -1.093750e-01
  1.328125e-01  -1.953125e-01  -7.812500e-02
  1.328125e-01  -1.953125e-01  -4.687500e-02
  1.328125e-01  -1.953125e-01  -1.562500e-02
  1.328125e-01  -1.953125e-01   1.562500e-02
  1.328125e-01  -1.953125e-01   4.687500e-02
  1.328125e-01  -1.953125e-01   7.812500e-02
  1.328125e-01  -1.953125e-01   1.093750e-01
  1.328125e-01  -1.796875e-01  -1.093750e-01
  1.328125e-01  -1.796875e-01  -7.812500e-02
  1.328125e-01  -1.796875e-01  -4.687500e-02
  1.328125e-01  -1.796875e-01  -1.562500e-02
  1.328125e-01  -1.796875e-01   1.562500e-02
  1.328125e-01  -1.796875e-01   4.687500e-02
  1.328125e-01  -1.796875e-01   7.812500e-02
  1.328125e-01  -1.796875e-01   1.093750e-01
  1.328125e-01  -1.640625e-01  -1.093750e-01
  1.328125e-01  -1.640625e-01  -7.812500e-02
  1.328125e-01  -1.640625e-01  -4.687500e-02
  1.328125e-01  -1.640625e-01  -1.562500e-02
  1.328125e-01  -1.640625e-01   1.562500e-02
  1.328125e-01  -1.640625e-01   4.687500e-02
  1.328125e-01  -1.640625e-01   7.812500e-02
  1.328125e-01  -1.640625e-01   1.093750e-01
  1.328125e-01  -1.484375e-01  -1.093750e-01
  1.328125e-01  -1.484375e-01  -7.812500e-02
  1.328125e-01  -1.484375e-01  -4.687500e-02
  1.328125e-01  -1.484375e-01  -1.562500e-02
  1.328125e-01  -1.484375e-01   1.562500e-02
  1.328125e-01  -1.484375e-01   4.687500e-02
  1.328125e-01  -1.484375e-01   7.812500e-02
  1.328125e-01  -1.484375e-01   1.093750e-01
  1.328125e-01  -1.328125e-01  -1.093750e-01
  1.328125e-01  -1.328125e-01  -7.812500e-02
  1.328125e-01  -1.328125e-01  -4.687500e-02
  1.328125e-01  -1.328125e-01  -1.562500e-02
  1.328125e-01  -1.328125e-01   1.562500e-02
  1.328125e-01  -1.328125e-01   4.687500e-02
  1.328125e-01  -1.328125e-01   7.812500e-02
  1.328125e-01  -1.328125e-01   1.093750e-01
  1.328125e-01  -1.171875e-01  -1.093750e-01
  1.328125e-01  -1.171875e-01  -7.812500e-02
  1.328125e-01  -1.171875e-01  -4.687500e-02
  1.328125e-01  -1.171875e-01  -1.562500e-02
  1.328125e-01  -1.171875e-01   1.562500e-02
  1.328125e-01  -1.171875e-01   4.687500e-02
  1.328125e-01  -1.171875e-01   7.812500e-02
  1.328125e-01  -1.171875e-01   1.093750e-01
  1.328125e-01  -1.015625e-01  -1.093750e-01
  1.328125e-01  -1.015625e-01  -7.812500e-02
  1.328125e-01  -1.015625e-01  -4.687500e-02
  1.328125e-01  -1.015625e-01  -1.562500e-02
  1.328125e-01  -1.015625e-01   1.562500e-02
  1.328125e-01  -1.015625e-01   4.687500e-02
  1.328125e-01  -1.015625e-01   7.812500e-02
  1.328125e-01  -1.015625e-01   1.093750e-01
  1.328125e-01  -8.593750e-02  -1.093750e-01
  1.328125e-01  -8.593750e-02  -7.812500e-02
  1.328125e-01  -8.593750e-02  -4.687500e-02
  1.328125e-01  -8.593750e-02  -1.562500e-02
  1.328125e-01  -8.593750e-02   1.562500e-02
  1.328125e-01  -8.593750e-02   4.687500e-02
  1.328125e-01  -8.593750e-02   7.812500e-02
  1.328125e-01  -8.593750e-02   1.093750e-01
  1.328125e-01  -7.031250e-02  -1.093750e-01
  1.328125e-01  -7.031250e-02  -7.812500e-02
  1.328125e-01  -7.031250e-02  -4.687500e-02
  1.328125e-01  -7.031250e-02  -1.562500e-02
  1.328125e-01  -7.031250e-02   1.562500e-02
  1.328125e-01  -7.031250e-02   4.687500e-02
  1.328125e-01  -7.031250e-02   7.812500e-02
  1.328125e-01  -7.031250e-02   1.093750e-01
  1.328125e-01  -5.468750e-02  -1.093750e-01
  1.328125e-01  -5.468750e-02  -7.812500e-02
  1.328125e-01  -5.468750e-02  -4.687500e-02
  1.328125e-01  -5.468750e-02  -1.562500e-02
  1.328125e-01  -5.468750e-02   1.562500e-02
  1.328125e-01  -5.468750e-02   4.687500e-02
  1.328125e-01  -5.468750e-02   7.812500e-02
  1.328125e-01  -5.468750e-02   1.093750e-01
  1.328125e-01  -3.906250e-02  -1.093750e-01
  1.328125e-01  -3.906250e-02  -7.812500e-02
  1.328125e-01  -3.906250e-02  -4.687500e-02
  1.328125e-01  -3.906250e-02  -1.562500e-02
  1.328125e-01  -3.906250e-02   1.562500e-02
  1.328125e-01  -3.906250e-02   4.687500e-02
  1.328125e-01  -3.906250e-02   7.812500e-02
  1.328125e-01  -3.906250e-02   1.093750e-01
  1.328125e-01  -2.343750e-02  -1.093750e-01
  1.328125e-01  -2.343750e-02  -7.812500e-02
  1.328125e-01  -2.343750e-02  -4.687500e-02
  1.328125e-01  -2.343750e-02  -1.562500e-02
  1.328125e-01  -2.343750e-02   1.562500e-02
  1.328125e-01  -2.343750e-02   4.687500e-02
  1.328125e-01  -2.343750e-02   7.812500e-02
  1.328125e-01  -2.343750e-02   1.093750e-01
  1.328125e-01  -7.812500e-03  -1.093750e-01
  1.328125e-01  -7.812500e-03  -7.812500e-02
  1.328125e-01  -7.812500e-03  -4.687500e-02
  1.328125e-01  -7.812500e-03  -1.562500e-02
  1.328125e-01  -7.812500e-03   1.562500e-02
  1.328125e-01  -7.812500e-03   4.687500e-02
  1.328125e-01  -7.812500e-03   7.812500e-02
  1.328125e-01  -7.812500e-03   1.093750e-01
  1.328125e-01   7.812500e-03  -1.093750e-01
  1.328125e-01   7.812500e-03  -7.812500e-02
  1.328125e-01   7.812500e-03  -4.687500e-02
  1.328125e-01   7.812500e-03  -1.562500e-02
  1.328125e-01   7.812500e-03   1.562500e-02
  1.328125e-01   7.812500e-03   4.687500e-02
  1.328125e-01   7.812500e-03   7.812500e-02
  1.328125e-01   7.812500e-03   1.093750e-01
  1.328125e-01   2.343750e-02  -1.093750e-01
  1.328125e-01   2.343750e-02  -7.812500e-02
  1.328125e-01   2.343750e-02  -4.687500e-02
  1.328125e-01   2.343750e-02  -1.562500e-02
  1.328125e-01   2.343750e-02   1.562500e-02
  1.328125e-01   2.343750e-02   4.687500e-02
  1.328125e-01   2.343750e-02   7.812500e-02
  1.328125e-01   2.343750e-02   1.093750e-01
  1.328125e-01   3.906250e-02  -1.093750e-01
  1.328125e-01   3.906250e-02  -7.812500e-02
  1.328125e-01   3.906250e-02  -4.687500e-02
  1.328125e-01   3.906250e-02  -1.562500e-02
  1.328125e-01   3.906250e-02   1.562500e-02
  1.328125e-01   3.906250e-02   4.687500e-02
  1.328125e-01   3.906250e-02   7.812500e-02
  1.328125e-01   3.906250e-02   1.093750e-01
  1.328125e-01   5.468750e-02  -1.093750e-01
  1.328125e-01   5.468750e-02  -7.812500e-02
  1.328125e-01   5.468750e-02  -4.687500e-02
  1.328125e-01   5.468750e-02  -1.562500e-02
  1.328125e-01   5.468750e-02   1.562500e-02
  1.328125e-01   5.468750e-02   4.687500e-02
  1.328125e-01   5.468750e-02   7.812500e-02
  1.328125e-01   5.468750e-02   1.093750e-01
  1.328125e-01   7.031250e-02  -1.093750e-01
  1.328125e-01   7.031250e-02  -7.812500e-02
  1.328125e-01   7.031250e-02  -4.687500e-02
  1.328125e-01   7.031250e-02  -1.562500e-02
  1.328125e-01   7.031250e-02   1.562500e-02
  1.328125e-01   7.031250e-02   4.687500e-02
  1.328125e-01   7.031250e-02   7.812500e-02
  1.328125e-01   7.031250e-02   1.093750e-01
  1.328125e-01   8.593750e-02  -1.093750e-01
  1.328125e-01   8.593750e-02  -7.812500e-02
  1.328125e-01   8.593750e-02  -4.687500e-02
  1.328125e-01   8.593750e-02  -1.562500e-02
  1.328125e-01   8.593750e-02   1.562500e-02
  1.328125e-01   8.593750e-02   4.687500e-02
  1.328125e-01   8.593750e-02   7.812500e-02
  1.328125e-01   8.593750e-02   1.093750e-01
  1.328125e-01   1.015625e-01  -1.093750e-01
  1.328125e-01   1.015625e-01  -7.812500e-02
  1.328125e-01   1.015625e-01  -4.687500e-02
  1.328125e-01   1.015625e-01  -1.562500e-02
  1.328125e-01   1.015625e-01   1.562500e-02
  1.328125e-01   1.015625e-01   4.687500e-02
  1.328125e-01   1.015625e-01   7.812500e-02
  1.328125e-01   1.015625e-01   1.093750e-01
  1.328125e-01   1.171875e-01  -1.093750e-01
  1.328125e-01   1.171875e-01  -7.812500e-02
  1.328125e-01   1.171875e-01  -4.687500e-02
  1.328125e-01   1.171875e-01  -1.562500e-02
  1.328125e-01   1.171875e-01   1.562500e-02
  1.328125e-01   1.171875e-01   4.687500e-02
  1.328125e-01   1.171875e-01   7.812500e-02
  1.328125e-01   1.171875e-01   1.093750e-01
  1.328125e-01   1.328125e-01  -1.093750e-01
  1.328125e-01   1.328125e-01  -7.812500e-02
  1.328125e-01   1.328125e-01  -4.687500e-02
  1.328125e-01   1.328125e-01  -1.562500e-02
  1.328125e-01   1.328125e-01   1.562500e-02
  1.328125e-01   1.328125e-01   4.687500e-02
  1.328125e-01   1.328125e-01   7.812500e-02
  1.328125e-01   1.328125e-01   1.093750e-01
  1.328125e-01   1.484375e-01  -1.093750e-01
  1.328125e-01   1.484375e-01  -7.812500e-02
  1.328125e-01   1.484375e-01  -4.687500e-02
  1.328125e-01   1.484375e-01  -1.562500e-02
  1.328125e-01   1.484375e-01   1.562500e-02
  1.328125e-01   1.484375e-01   4.687500e-02
  1.328125e-01   1.484375e-01   7.812500e-02
  1.328125e-01   1.484375e-01   1.093750e-01
  1.328125e-01   1.640625e-01  -1.093750e-01
  1.328125e-01   1.640625e-01  -7.812500e-02
  1.328125e-01   1.640625e-01  -4.687500e-02
  1.328125e-01   1.640625e-01  -1.562500e-02
  1.328125e-01   1.640625e-01   1.562500e-02
  1.328125e-01   1.640625e-01   4.687500e-02
  1.328125e-01   1.640625e-01   7.812500e-02
  1.328125e-01   1.640625e-01   1.093750e-01
  1.328125e-01   1.796875e-01  -1.093750e-01
  1.328125e-01   1.796875e-01  -7.812500e-02
  1.328125e-01   1.796875e-01  -4.687500e-02
  1.328125e-01   1.796875e-01  -1.562500e-02
  1.328125e-01   1.796875e-01   1.562500e-02
  1.328125e-01   1.796875e-01   4.687500e-02
  1.328125e-01   1.796875e-01   7.812500e-02
  1.328125e-01   1.796875e-01   1.093750e-01
  1.328125e-01   1.953125e-01  -1.093750e-01
  1.328125e-01   1.953125e-01  -7.812500e-02
  1.328125e-01   1.953125e-01  -4.687500e-02
  1.328125e-01   1.953125e-01  -1.562500e-02
  1.328125e-01   1.953125e-01   1.562500e-02
  1.328125e-01   1.953125e-01   4.687500e-02
  1.328125e-01   1.953125e-01   7.812500e-02
  1.328125e-01   1.953125e-01   1.093750e-01
  1.328125e-01   2.109375e-01  -1.093750e-01
  1.328125e-01   2.109375e-01  -7.812500e-02
  1.328125e-01   2.109375e-01  -4.687500e-02
  1.328125e-01   2.109375e-01  -1.562500e-02
  1.328125e-01   2.109375e-01   1.562500e-02
  1.328125e-01   2.109375e-01   4.687500e-02
  1.328125e-01   2.109375e-01   7.812500e-02
  1.328125e-01   2.109375e-01   1.093750e-01
  1.328125e-01   2.265625e-01  -1.093750e-01
  1.328125e-01   2.265625e-01  -7.812500e-02
  1.328125e-01   2.265625e-01  -4.687500e-02
  1.328125e-01   2.265625e-01  -1.562500e-02
  1.328125e-01   2.265625e-01   1.562500e-02
  1.328125e-01   2.265625e-01   4.687500e-02
  1.328125e-01   2.265625e-01   7.812500e-02
  1.328125e-01   2.265625e-01   1.093750e-01
  1.328125e-01   2.421875e-01  -1.093750e-01
  1.328125e-01   2.421875e-01  -7.812500e-02
  1.328125e-01   2.421875e-01  -4.687500e-02
  1.328125e-01   2.421875e-01  -1.562500e-02
  1.328125e-01   2.421875e-01   1.562500e-02
  1.328125e-01   2.421875e-01   4.687500e-02
  1.328125e-01   2.421875e-01   7.812500e-02
  1.328125e-01   2.421875e-01   1.093750e-01
  1.484375e-01  -2.421875e-01  -1.093750e-01
  1.484375e-01  -2.421875e-01  -7.812500e-02
  1.484375e-01  -2.421875e-01  -4.687500e-02
  1.484375e-01  -2.421875e-01  -1.562500e-02
  1.484375e-01  -2.421875e-01   1.562500e-02
  1.484375e-01  -2.421875e-01   4.687500e-02
  1.484375e-01  -2.421875e-01   7.812500e-02
  1.484375e-01  -2.421875e-01   1.093750e-01
  1.484375e-01  -2.265625e-01  -1.093750e-01
  1.484375e-01  -2.265625e-01  -7.812500e-02
  1.484375e-01  -2.265625e-01  -4.687500e-02
  1.484375e-01  -2.265625e-01  -1.562500e-02
  1.484375e-01  -2.265625e-01   1.562500e-02
  1.484375e-01  -2.265625e-01   4.687500e-02
  1.484375e-01  -2.265625e-01   7.812500e-02
  1.484375e-01  -2.265625e-01   1.093750e-01
  1.484375e-01  -2.109375e-01  -1.093750e-01
  1.484375e-01  -2.109375e-01  -7.812500e-02
  1.484375e-01  -2.109375e-01  -4.687500e-02
  1.484375e-01  -2.109375e-01  -1.562500e-02
  1.484375e-01  -2.109375e-01   1.562500e-02
  1.484375e-01  -2.109375e-01   4.687500e-02
  1.484375e-01  -2.109375e-01   7.812500e-02
  1.484375e-01  -2.109375e-01   1.093750e-01
  1.484375e-01  -1.953125e-01  -1.093750e-01
  1.484375e-01  -1.953125e-01  -7.812500e-02
  1.484375e-01  -1.953125e-01  -4.687500e-02
  1.484375e-01  -1.953125e-01  -1.562500e-02
  1.484375e-01  -1.953125e-01   1.562500e-02
  1.484375e-01  -1.953125e-01   4.687500e-02
  1.484375e-01  -1.953125e-01   7.812500e-02
  1.484375e-01  -1.953125e-01   1.093750e-01
  1.484375e-01  -1.796875e-01  -1.093750e-01
  1.484375e-01  -1.796875e-01  -7.812500e-02
  1.484375e-01  -1.796875e-01  -4.687500e-02
  1.484375e-01  -1.796875e-01  -1.562500e-02
  1.484375e-01  -1.796875e-01   1.562500e-02
  1.484375e-01  -1.796875e-01   4.687500e-02
  1.484375e-01  -1.796875e-01   7.812500e-02
  1.484375e-01  -1.796875e-01   1.093750e-01
  1.484375e-01  -1.640625e-01  -1.093750e-01
  1.484375e-01  -1.640625e-01  -7.812500e-02
  1.484375e-01  -1.640625e-01  -4.687500e-02
  1.484375e-01  -1.640625e-01  -1.562500e-02
  1.484375e-01  -1.640625e-01   1.562500e-02
  1.484375e-01  -1.640625e-01   4.687500e-02
  1.484375e-01  -1.640625e-01   7.812500e-02
  1.484375e-01  -1.640625e-01   1.093750e-01
  1.484375e-01  -1.484375e-01  -1.093750e-01
  1.484375e-01  -1.484375e-01  -7.812500e-02
  1.484375e-01  -1.484375e-01  -4.687500e-02
  1.484375e-01  -1.484375e-01  -1.562500e-02
  1.484375e-01  -1.484375e-01   1.562500e-02
  1.484375e-01  -1.484375e-01   4.687500e-02
  1.484375e-01  -1.484375e-01   7.812500e-02
  1.484375e-01  -1.484375e-01   1.093750e-01
  1.484375e-01  -1.328125e-01  -1.093750e-01
  1.484375e-01  -1.328125e-01  -7.812500e-02
  1.484375e-01  -1.328125e-01  -4.687500e-02
  1.484375e-01  -1.328125e-01  -1.562500e-02
  1.484375e-01  -1.328125e-01   1.562500e-02
  1.484375e-01  -1.328125e-01   4.687500e-02
  1.484375e-01  -1.328125e-01   7.812500e-02
  1.484375e-01  -1.328125e-01   1.093750e-01
  1.484375e-01  -1.171875e-01  -1.093750e-01
  1.484375e-01  -1.171875e-01  -7.812500e-02
  1.484375e-01  -1.171875e-01  -4.687500e-02
  1.484375e-01  -1.171875e-01  -1.562500e-02
  1.484375e-01  -1.171875e-01   1.562500e-02
  1.484375e-01  -1.171875e-01   4.687500e-02
  1.484375e-01  -1.171875e-01   7.812500e-02
  1.484375e-01  -1.171875e-01   1.093750e-01
  1.484375e-01  -1.015625e-01  -1.093750e-01
  1.484375e-01  -1.015625e-01  -7.812500e-02
  1.484375e-01  -1.015625e-01  -4.687500e-02
  1.484375e-01  -1.015625e-01  -1.562500e-02
  1.484375e-01  -1.015625e-01   1.562500e-02
  1.484375e-01  -1.015625e-01   4.687500e-02
  1.484375e-01  -1.015625e-01   7.812500e-02
  1.484375e-01  -1.015625e-01   1.093750e-01
  1.484375e-01  -8.593750e-02  -1.093750e-01
  1.484375e-01  -8.593750e-02  -7.812500e-02
  1.484375e-01  -8.593750e-02  -4.687500e-02
  1.484375e-01  -8.593750e-02  -1.562500e-02
  1.484375e-01  -8.593750e-02   1.562500e-02
  1.484375e-01  -8.593750e-02   4.687500e-02
  1.484375e-01  -8.593750e-02   7.812500e-02
  1.484375e-01  -8.593750e-02   1.093750e-01
  1.484375e-01  -7.031250e-02  -1.093750e-01
  1.484375e-01  -7.031250e-02  -7.812500e-02
  1.484375e-01  -7.031250e-02  -4.687500e-02
  1.484375e-01  -7.031250e-02  -1.562500e-02
  1.484375e-01  -7.031250e-02   1.562500e-02
  1.484375e-01  -7.031250e-02   4.687500e-02
  1.484375e-01  -7.031250e-02   7.812500e-02
  1.484375e-01  -7.031250e-02   1.093750e-01
  1.484375e-01  -5.468750e-02  -1.093750e-01
  1.484375e-01  -5.468750e-02  -7.812500e-02
  1.484375e-01  -5.468750e-02  -4.687500e-02
  1.484375e-01  -5.468750e-02  -1.562500e-02
  1.484375e-01  -5.468750e-02   1.562500e-02
  1.484375e-01  -5.468750e-02   4.687500e-02
  1.484375e-01  -5.468750e-02   7.812500e-02
  1.484375e-01  -5.468750e-02   1.093750e-01
  1.484375e-01  -3.906250e-02  -1.093750e-01
  1.484375e-01  -3.906250e-02  -7.812500e-02
  1.484375e-01  -3.906250e-02  -4.687500e-02
  1.484375e-01  -3.906250e-02  -1.562500e-02
  1.484375e-01  -3.906250e-02   1.562500e-02
  1.484375e-01  -3.906250e-02   4.687500e-02
  1.484375e-01  -3.906250e-02   7.812500e-02
  1.484375e-01  -3.906250e-02   1.093750e-01
  1.484375e-01  -2.343750e-02  -1.093750e-01
  1.484375e-01  -2.343750e-02  -7.812500e-02
  1.484375e-01  -2.343750e-02  -4.687500e-02
  1.484375e-01  -2.343750e-02  -1.562500e-02
  1.484375e-01  -2.343750e-02   1.562500e-02
  1.484375e-01  -2.343750e-02   4.687500e-02
  1.484375e-01  -2.343750e-02   7.812500e-02
  1.484375e-01  -2.343750e-02   1.093750e-01
  1.484375e-01  -7.812500e-03  -1.093750e-01
  1.484375e-01  -7.812500e-03  -7.812500e-02
  1.484375e-01  -7.812500e-03  -4.687500e-02
  1.484375e-01  -7.812500e-03  -1.562500e-02
  1.484375e-01  -7.812500e-03   1.562500e-02
  1.484375e-01  -7.812500e-03   4.687500e-02
  1.484375e-01  -7.812500e-03   7.812500e-02
  1.484375e-01  -7.812500e-03   1.093750e-01
  1.484375e-01   7.812500e-03  -1.093750e-01
  1.484375e-01   7.812500e-03  -7.812500e-02
  1.484375e-01   7.812500e-03  -4.687500e-02
  1.484375e-01   7.812500e-03  -1.562500e-02
  1.484375e-01   7.812500e-03   1.562500e-02
  1.484375e-01   7.812500e-03   4.687500e-02
  1.484375e-01   7.812500e-03   7.812500e-02
  1.484375e-01   7.812500e-03   1.093750e-01
  1.484375e-01   2.343750e-02  -1.093750e-01
  1.484375e-01   2.343750e-02  -7.812500e-02
  1.484375e-01   2.343750e-02  -4.687500e-02
  1.484375e-01   2.343750e-02  -1.562500e-02
  1.484375e-01   2.343750e-02   1.562500e-02
  1.484375e-01   2.343750e-02   4.687500e-02
  1.484375e-01   2.343750e-02   7.812500e-02
  1.484375e-01   2.343750e-02   1.093750e-01
  1.484375e-01   3.906250e-02  -1.093750e-01
  1.484375e-01   3.906250e-02  -7.812500e-02
  1.484375e-01   3.906250e-02  -4.687500e-02
  1.484375e-01   3.906250e-02  -1.562500e-02
  1.484375e-01   3.906250e-02   1.562500e-02
  1.484375e-01   3.906250e-02   4.687500e-02
  1.484375e-01   3.906250e-02   7.812500e-02
  1.484375e-01   3.906250e-02   1.093750e-01
  1.484375e-01   5.468750e-02  -1.093750e-01
  1.484375e-01   5.468750e-02  -7.812500e-02
  1.484375e-01   5.468750e-02  -4.687500e-02
  1.484375e-01   5.468750e-02  -1.562500e-02
  1.484375e-01   5.468750e-02   1.562500e-02
  1.484375e-01   5.468750e-02   4.687500e-02
  1.484375e-01   5.468750e-02   7.812500e-02
  1.484375e-01   5.468750e-02   1.093750e-01
  1.484375e-01   7.031250e-02  -1.093750e-01
  1.484375e-01   7.031250e-02  -7.812500e-02
  1.484375e-01   7.031250e-02  -4.687500e-02
  1.484375e-01   7.031250e-02  -1.562500e-02
  1.484375e-01   7.031250e-02   1.562500e-02
  1.484375e-01   7.031250e-02   4.687500e-02
  1.484375e-01   7.031250e-02   7.812500e-02
  1.484375e-01   7.031250e-02   1.093750e-01
  1.484375e-01   8.593750e-02  -1.093750e-01
  1.484375e-01   8.593750e-02  -7.812500e-02
  1.484375e-01   8.593750e-02  -4.687500e-02
  1.484375e-01   8.593750e-02  -1.562500e-02
  1.484375e-01   8.593750e-02   1.562500e-02
  1.484375e-01   8.593750e-02   4.687500e-02
  1.484375e-01   8.593750e-02   7.812500e-02
  1.484375e-01   8.593750e-02   1.093750e-01
  1.484375e-01   1.015625e-01  -1.093750e-01
  1.484375e-01   1.015625e-01  -7.812500e-02
  1.484375e-01   1.015625e-01  -4.687500e-02
  1.484375e-01   1.015625e-01  -1.562500e-02
  1.484375e-01   1.015625e-01   1.562500e-02
  1.484375e-01   1.015625e-01   4.687500e-02
  1.484375e-01   1.015625e-01   7.812500e-02
  1.484375e-01   1.015625e-01   1.093750e-01
  1.484375e-01   1.171875e-01  -1.093750e-01
  1.484375e-01   1.171875e-01  -7.812500e-02
  1.484375e-01   1.171875e-01  -4.687500e-02
  1.484375e-01   1.171875e-01  -1.562500e-02
  1.484375e-01   1.171875e-01   1.562500e-02
  1.484375e-01   1.171875e-01   4.687500e-02
  1.484375e-01   1.171875e-01   7.812500e-02
  1.484375e-01   1.171875e-01   1.093750e-01
  1.484375e-01   1.328125e-01  -1.093750e-01
  1.484375e-01   1.328125e-01  -7.812500e-02
  1.484375e-01   1.328125e-01  -4.687500e-02
  1.484375e-01   1.328125e-01  -1.562500e-02
  1.484375e-01   1.328125e-01   1.562500e-02
  1.484375e-01   1.328125e-01   4.687500e-02
  1.484375e-01   1.328125e-01   7.812500e-02
  1.484375e-01   1.328125e-01   1.093750e-01
  1.484375e-01   1.484375e-01  -1.093750e-01
  1.484375e-01   1.484375e-01  -7.812500e-02
  1.484375e-01   1.484375e-01  -4.687500e-02
  1.484375e-01   1.484375e-01  -1.562500e-02
  1.484375e-01   1.484375e-01   1.562500e-02
  1.484375e-01   1.484375e-01   4.687500e-02
  1.484375e-01   1.484375e-01   7.812500e-02
  1.484375e-01   1.484375e-01   1.093750e-01
  1.484375e-01   1.640625e-01  -1.093750e-01
  1.484375e-01   1.640625e-01  -7.812500e-02
  1.484375e-01   1.640625e-01  -4.687500e-02
  1.484375e-01   1.640625e-01  -1.562500e-02
  1.484375e-01   1.640625e-01   1.562500e-02
  1.484375e-01   1.640625e-01   4.687500e-02
  1.484375e-01   1.640625e-01   7.812500e-02
  1.484375e-01   1.640625e-01   1.093750e-01
  1.484375e-01   1.796875e-01  -1.093750e-01
  1.484375e-01   1.796875e-01  -7.812500e-02
  1.484375e-01   1.796875e-01  -4.687500e-02
  1.484375e-01   1.796875e-01  -1.562500e-02
  1.484375e-01   1.796875e-01   1.562500e-02
  1.484375e-01   1.796875e-01   4.687500e-02
  1.484375e-01   1.796875e-01   7.812500e-02
  1.484375e-01   1.796875e-01   1.093750e-01
  1.484375e-01   1.953125e-01  -1.093750e-01
  1.484375e-01   1.953125e-01  -7.812500e-02
  1.484375e-01   1.953125e-01  -4.687500e-02
  1.484375e-01   1.953125e-01  -1.562500e-02
  1.484375e-01   1.953125e-01   1.562500e-02
  1.484375e-01   1.953125e-01   4.687500e-02
  1.484375e-01   1.953125e-01   7.812500e-02
  1.484375e-01   1.953125e-01   1.093750e-01
  1.484375e-01   2.109375e-01  -1.093750e-01
  1.484375e-01   2.109375e-01  -7.812500e-02
  1.484375e-01   2.109375e-01  -4.687500e-02
  1.484375e-01   2.109375e-01  -1.562500e-02
  1.484375e-01   2.109375e-01   1.562500e-02
  1.484375e-01   2.109375e-01   4.687500e-02
  1.484375e-01   2.109375e-01   7.812500e-02
  1.484375e-01   2.109375e-01   1.093750e-01
  1.484375e-01   2.265625e-01  -1.093750e-01
  1.484375e-01   2.265625e-01  -7.812500e-02
  1.484375e-01   2.265625e-01  -4.687500e-02
  1.484375e-01   2.265625e-01  -1.562500e-02
  1.484375e-01   2.265625e-01   1.562500e-02
  1.484375e-01   2.265625e-01   4.687500e-02
  1.484375e-01   2.265625e-01   7.812500e-02
  1.484375e-01   2.265625e-01   1.093750e-01
  1.484375e-01   2.421875e-01  -1.093750e-01
  1.484375e-01   2.421875e-01  -7.812500e-02
  1.484375e-01   2.421875e-01  -4.687500e-02
  1.484375e-01   2.421875e-01  -1.562500e-02
  1.484375e-01   2.421875e-01   1.562500e-02
  1.484375e-01   2.421875e-01   4.687500e-02
  1.484375e-01   2.421875e-01   7.812500e-02
  1.484375e-01   2.421875e-01   1.093750e-01
  1.640625e-01  -2.421875e-01  -1.093750e-01
  1.640625e-01  -2.421875e-01  -7.812500e-02
  1.640625e-01  -2.421875e-01  -4.687500e-02
  1.640625e-01  -2.421875e-01  -1.562500e-02
  1.640625e-01  -2.421875e-01   1.562500e-02
  1.640625e-01  -2.421875e-01   4.687500e-02
  1.640625e-01  -2.421875e-01   7.812500e-02
  1.640625e-01  -2.421875e-01   1.093750e-01
  1.640625e-01  -2.265625e-01  -1.093750e-01
  1.640625e-01  -2.265625e-01  -7.812500e-02
  1.640625e-01  -2.265625e-01  -4.687500e-02
  1.640625e-01  -2.265625e-01  -1.562500e-02
  1.640625e-01  -2.265625e-01   1.562500e-02
  1.640625e-01  -2.265625e-01   4.687500e-02
  1.640625e-01  -2.265625e-01   7.812500e-02
  1.640625e-01  -2.265625e-01   1.093750e-01
  1.640625e-01  -2.109375e-01  -1.093750e-01
  1.640625e-01  -2.109375e-01  -7.812500e-02
  1.640625e-01  -2.109375e-01  -4.687500e-02
  1.640625e-01  -2.109375e-01  -1.562500e-02
  1.640625e-01  -2.109375e-01   1.562500e-02
  1.640625e-01  -2.109375e-01   4.687500e-02
  1.640625e-01  -2.109375e-01   7.812500e-02
  1.640625e-01  -2.109375e-01   1.093750e-01
  1.640625e-01  -1.953125e-01  -1.093750e-01
  1.640625e-01  -1.953125e-01  -7.812500e-02
  1.640625e-01  -1.953125e-01  -4.687500e-02
  1.640625e-01  -1.953125e-01  -1.562500e-02
  1.640625e-01  -1.953125e-01   1.562500e-02
  1.640625e-01  -1.953125e-01   4.687500e-02
  1.640625e-01  -1.953125e-01   7.812500e-02
  1.640625e-01  -1.953125e-01   1.093750e-01
  1.640625e-01  -1.796875e-01  -1.093750e-01
  1.640625e-01  -1.796875e-01  -7.812500e-02
  1.640625e-01  -1.796875e-01  -4.687500e-02
  1.640625e-01  -1.796875e-01  -1.562500e-02
  1.640625e-01  -1.796875e-01   1.562500e-02
  1.640625e-01  -1.796875e-01   4.687500e-02
  1.640625e-01  -1.796875e-01   7.812500e-02
  1.640625e-01  -1.796875e-01   1.093750e-01
  1.640625e-01  -1.640625e-01  -1.093750e-01
  1.640625e-01  -1.640625e-01  -7.812500e-02
  1.640625e-01  -1.640625e-01  -4.687500e-02
  1.640625e-01  -1.640625e-01  -1.562500e-02
  1.640625e-01  -1.640625e-01   1.562500e-02
  1.640625e-01  -1.640625e-01   4.687500e-02
  1.640625e-01  -1.640625e-01   7.812500e-02
  1.640625e-01  -1.640625e-01   1.093750e-01
  1.640625e-01  -1.484375e-01  -1.093750e-01
  1.640625e-01  -1.484375e-01  -7.812500e-02
  1.640625e-01  -1.484375e-01  -4.687500e-02
  1.640625e-01  -1.484375e-01  -1.562500e-02
  1.640625e-01  -1.484375e-01   1.562500e-02
  1.640625e-01  -1.484375e-01   4.687500e-02
  1.640625e-01  -1.484375e-01   7.812500e-02
  1.640625e-01  -1.484375e-01   1.093750e-01
  1.640625e-01  -1.328125e-01  -1.093750e-01
  1.640625e-01  -1.328125e-01  -7.812500e-02
  1.640625e-01  -1.328125e-01  -4.687500e-02
  1.640625e-01  -1.328125e-01  -1.562500e-02
  1.640625e-01  -1.328125e-01   1.562500e-02
  1.640625e-01  -1.328125e-01   4.687500e-02
  1.640625e-01  -1.328125e-01   7.812500e-02
  1.640625e-01  -1.328125e-01   1.093750e-01
  1.640625e-01  -1.171875e-01  -1.093750e-01
  1.640625e-01  -1.171875e-01  -7.812500e-02
  1.640625e-01  -1.171875e-01  -4.687500e-02
  1.640625e-01  -1.171875e-01  -1.562500e-02
  1.640625e-01  -1.171875e-01   1.562500e-02
  1.640625e-01  -1.171875e-01   4.687500e-02
  1.640625e-01  -1.171875e-01   7.812500e-02
  1.640625e-01  -1.171875e-01   1.093750e-01
  1.640625e-01  -1.015625e-01  -1.093750e-01
  1.640625e-01  -1.015625e-01  -7.812500e-02
  1.640625e-01  -1.015625e-01  -4.687500e-02
  1.640625e-01  -1.015625e-01  -1.562500e-02
  1.640625e-01  -1.015625e-01   1.562500e-02
  1.640625e-01  -1.015625e-01   4.687500e-02
  1.640625e-01  -1.015625e-01   7.812500e-02
  1.640625e-01  -1.015625e-01   1.093750e-01
  1.640625e-01  -8.593750e-02  -1.093750e-01
  1.640625e-01  -8.593750e-02  -7.812500e-02
  1.640625e-01  -8.593750e-02  -4.687500e-02
  1.640625e-01  -8.593750e-02  -1.562500e-02
  1.640625e-01  -8.593750e-02   1.562500e-02
  1.640625e-01  -8.593750e-02   4.687500e-02
  1.640625e-01  -8.593750e-02   7.812500e-02
  1.640625e-01  -8.593750e-02   1.093750e-01
  1.640625e-01  -7.031250e-02  -1.093750e-01
  1.640625e-01  -7.031250e-02  -7.812500e-02
  1.640625e-01  -7.031250e-02  -4.687500e-02
  1.640625e-01  -7.031250e-02  -1.562500e-02
  1.640625e-01  -7.031250e-02   1.562500e-02
  1.640625e-01  -7.031250e-02   4.687500e-02
  1.640625e-01  -7.031250e-02   7.812500e-02
  1.640625e-01  -7.031250e-02   1.093750e-01
  1.640625e-01  -5.468750e-02  -1.093750e-01
  1.640625e-01  -5.468750e-02  -7.812500e-02
  1.640625e-01  -5.468750e-02  -4.687500e-02
  1.640625e-01  -5.468750e-02  -1.562500e-02
  1.640625e-01  -5.468750e-02   1.562500e-02
  1.640625e-01  -5.468750e-02   4.687500e-02
  1.640625e-01  -5.468750e-02   7.812500e-02
  1.640625e-01  -5.468750e-02   1.093750e-01
  1.640625e-01  -3.906250e-02  -1.093750e-01
  1.640625e-01  -3.906250e-02  -7.812500e-02
  1.640625e-01  -3.906250e-02  -4.687500e-02
  1.640625e-01  -3.906250e-02  -1.562500e-02
  1.640625e-01  -3.906250e-02   1.562500e-02
  1.640625e-01  -3.906250e-02   4.687500e-02
  1.640625e-01  -3.906250e-02   7.812500e-02
  1.640625e-01  -3.906250e-02   1.093750e-01
  1.640625e-01  -2.343750e-02  -1.093750e-01
  1.640625e-01  -2.343750e-02  -7.812500e-02
  1.640625e-01  -2.343750e-02  -4.687500e-02
  1.640625e-01  -2.343750e-02  -1.562500e-02
  1.640625e-01  -2.343750e-02   1.562500e-02
  1.640625e-01  -2.343750e-02   4.687500e-02
  1.640625e-01  -2.343750e-02   7.812500e-02
  1.640625e-01  -2.343750e-02   1.093750e-01
  1.640625e-01  -7.812500e-03  -1.093750e-01
  1.640625e-01  -7.812500e-03  -7.812500e-02
  1.640625e-01  -7.812500e-03  -4.687500e-02
  1.640625e-01  -7.812500e-03  -1.562500e-02
  1.640625e-01  -7.812500e-03   1.562500e-02
  1.640625e-01  -7.812500e-03   4.687500e-02
  1.640625e-01  -7.812500e-03   7.812500e-02
  1.640625e-01  -7.812500e-03   1.093750e-01
  1.640625e-01   7.812500e-03  -1.093750e-01
  1.640625e-01   7.812500e-03  -7.812500e-02
  1.640625e-01   7.812500e-03  -4.687500e-02
  1.640625e-01   7.812500e-03  -1.562500e-02
  1.640625e-01   7.812500e-03   1.562500e-02
  1.640625e-01   7.812500e-03   4.687500e-02
  1.640625e-01   7.812500e-03   7.812500e-02
  1.640625e-01   7.812500e-03   1.093750e-01
  1.640625e-01   2.343750e-02  -1.093750e-01
  1.640625e-01   2.343750e-02  -7.812500e-02
  1.640625e-01   2.343750e-02  -4.687500e-02
  1.640625e-01   2.343750e-02  -1.562500e-02
  1.640625e-01   2.343750e-02   1.562500e-02
  1.640625e-01   2.343750e-02   4.687500e-02
  1.640625e-01   2.343750e-02   7.812500e-02
  1.640625e-01   2.343750e-02   1.093750e-01
  1.640625e-01   3.906250e-02  -1.093750e-01
  1.640625e-01   3.906250e-02  -7.812500e-02
  1.640625e-01   3.906250e-02  -4.687500e-02
  1.640625e-01   3.906250e-02  -1.562500e-02
  1.640625e-01   3.906250e-02   1.562500e-02
  1.640625e-01   3.906250e-02   4.687500e-02
  1.640625e-01   3.906250e-02   7.812500e-02
  1.640625e-01   3.906250e-02   1.093750e-01
  1.640625e-01   5.468750e-02  -1.093750e-01
  1.640625e-01   5.468750e-02  -7.812500e-02
  1.640625e-01   5.468750e-02  -4.687500e-02
  1.640625e-01   5.468750e-02  -1.562500e-02
  1.640625e-01   5.468750e-02   1.562500e-02
  1.640625e-01   5.468750e-02   4.687500e-02
  1.640625e-01   5.468750e-02   7.812500e-02
  1.640625e-01   5.468750e-02   1.093750e-01
  1.640625e-01   7.031250e-02  -1.093750e-01
  1.640625e-01   7.031250e-02  -7.812500e-02
  1.640625e-01   7.031250e-02  -4.687500e-02
  1.640625e-01   7.031250e-02  -1.562500e-02
  1.640625e-01   7.031250e-02   1.562500e-02
  1.640625e-01   7.031250e-02   4.687500e-02
  1.640625e-01   7.031250e-02   7.812500e-02
  1.640625e-01   7.031250e-02   1.093750e-01
  1.640625e-01   8.593750e-02  -1.093750e-01
  1.640625e-01   8.593750e-02  -7.812500e-02
  1.640625e-01   8.593750e-02  -4.687500e-02
  1.640625e-01   8.593750e-02  -1.562500e-02
  1.640625e-01   8.593750e-02   1.562500e-02
  1.640625e-01   8.593750e-02   4.687500e-02
  1.640625e-01   8.593750e-02   7.812500e-02
  1.640625e-01   8.593750e-02   1.093750e-01
  1.640625e-01   1.015625e-01  -1.093750e-01
  1.640625e-01   1.015625e-01  -7.812500e-02
  1.640625e-01   1.015625e-01  -4.687500e-02
  1.640625e-01   1.015625e-01  -1.562500e-02
  1.640625e-01   1.015625e-01   1.562500e-02
  1.640625e-01   1.015625e-01   4.687500e-02
  1.640625e-01   1.015625e-01   7.812500e-02
  1.640625e-01   1.015625e-01   1.093750e-01
  1.640625e-01   1.171875e-01  -1.093750e-01
  1.640625e-01   1.171875e-01  -7.812500e-02
  1.640625e-01   1.171875e-01  -4.687500e-02
  1.640625e-01   1.171875e-01  -1.562500e-02
  1.640625e-01   1.171875e-01   1.562500e-02
  1.640625e-01   1.171875e-01   4.687500e-02
  1.640625e-01   1.171875e-01   7.812500e-02
  1.640625e-01   1.171875e-01   1.093750e-01
  1.640625e-01   1.328125e-01  -1.093750e-01
  1.640625e-01   1.328125e-01  -7.812500e-02
  1.640625e-01   1.328125e-01  -4.687500e-02
  1.640625e-01   1.328125e-01  -1.562500e-02
  1.640625e-01   1.328125e-01   1.562500e-02
  1.640625e-01   1.328125e-01   4.687500e-02
  1.640625e-01   1.328125e-01   7.812500e-02
  1.640625e-01   1.328125e-01   1.093750e-01
  1.640625e-01   1.484375e-01  -1.093750e-01
  1.640625e-01   1.484375e-01  -7.812500e-02
  1.640625e-01   1.484375e-01  -4.687500e-02
  1.640625e-01   1.484375e-01  -1.562500e-02
  1.640625e-01   1.484375e-01   1.562500e-02
  1.640625e-01   1.484375e-01   4.687500e-02
  1.640625e-01   1.484375e-01   7.812500e-02
  1.640625e-01   1.484375e-01   1.093750e-01
  1.640625e-01   1.640625e-01  -1.093750e-01
  1.640625e-01   1.640625e-01  -7.812500e-02
  1.640625e-01   1.640625e-01  -4.687500e-02
  1.640625e-01   1.640625e-01  -1.562500e-02
  1.640625e-01   1.640625e-01   1.562500e-02
  1.640625e-01   1.640625e-01   4.687500e-02
  1.640625e-01   1.640625e-01   7.812500e-02
  1.640625e-01   1.640625e-01   1.093750e-01
  1.640625e-01   1.796875e-01  -1.093750e-01
  1.640625e-01   1.796875e-01  -7.812500e-02
  1.640625e-01   1.796875e-01  -4.687500e-02
  1.640625e-01   1.796875e-01  -1.562500e-02
  1.640625e-01   1.796875e-01   1.562500e-02
  1.640625e-01   1.796875e-01   4.687500e-02
  1.640625e-01   1.796875e-01   7.812500e-02
  1.640625e-01   1.796875e-01   1.093750e-01
  1.640625e-01   1.953125e-01  -1.093750e-01
  1.640625e-01   1.953125e-01  -7.812500e-02
  1.640625e-01   1.953125e-01  -4.687500e-02
  1.640625e-01   1.953125e-01  -1.562500e-02
  1.640625e-01   1.953125e-01   1.562500e-02
  1.640625e-01   1.953125e-01   4.687500e-02
  1.640625e-01   1.953125e-01   7.812500e-02
  1.640625e-01   1.953125e-01   1.093750e-01
  1.640625e-01   2.109375e-01  -1.093750e-01
  1.640625e-01   2.109375e-01  -7.812500e-02
  1.640625e-01   2.109375e-01  -4.687500e-02
  1.640625e-01   2.109375e-01  -1.562500e-02
  1.640625e-01   2.109375e-01   1.562500e-02
  1.640625e-01   2.109375e-01   4.687500e-02
  1.640625e-01   2.109375e-01   7.812500e-02
  1.640625e-01   2.109375e-01   1.093750e-01
  1.640625e-01   2.265625e-01  -1.093750e-01
  1.640625e-01   2.265625e-01  -7.812500e-02
  1.640625e-01   2.265625e-01  -4.687500e-02
  1.640625e-01   2.265625e-01  -1.562500e-02
  1.640625e-01   2.265625e-01   1.562500e-02
  1.640625e-01   2.265625e-01   4.687500e-02
  1.640625e-01   2.265625e-01   7.812500e-02
  1.640625e-01   2.265625e-01   1.093750e-01
  1.640625e-01   2.421875e-01  -1.093750e-01
  1.640625e-01   2.421875e-01  -7.812500e-02
  1.640625e-01   2.421875e-01  -4.687500e-02
  1.640625e-01   2.421875e-01  -1.562500e-02
  1.640625e-01   2.421875e-01   1.562500e-02
  1.640625e-01   2.421875e-01   4.687500e-02
  1.640625e-01   2.421875e-01   7.812500e-02
  1.640625e-01   2.421875e-01   1.093750e-01
  1.796875e-01  -2.421875e-01  -1.093750e-01
  1.796875e-01  -2.421875e-01  -7.812500e-02
  1.796875e-01  -2.421875e-01  -4.687500e-02
  1.796875e-01  -2.421875e-01  -1.562500e-02
  1.796875e-01  -2.421875e-01   1.562500e-02
  1.796875e-01  -2.421875e-01   4.687500e-02
  1.796875e-01  -2.421875e-01   7.812500e-02
  1.796875e-01  -2.421875e-01   1.093750e-01
  1.796875e-01  -2.265625e-01  -1.093750e-01
  1.796875e-01  -2.265625e-01  -7.812500e-02
  1.796875e-01  -2.265625e-01  -4.687500e-02
  1.796875e-01  -2.265625e-01  -1.562500e-02
  1.796875e-01  -2.265625e-01   1.562500e-02
  1.796875e-01  -2.265625e-01   4.687500e-02
  1.796875e-01  -2.265625e-01   7.812500e-02
  1.796875e-01  -2.265625e-01   1.093750e-01
  1.796875e-01  -2.109375e-01  -1.093750e-01
  1.796875e-01  -2.109375e-01  -7.812500e-02
  1.796875e-01  -2.109375e-01  -4.687500e-02
  1.796875e-01  -2.109375e-01  -1.562500e-02
  1.796875e-01  -2.109375e-01   1.562500e-02
  1.796875e-01  -2.109375e-01   4.687500e-02
  1.796875e-01  -2.109375e-01   7.812500e-02
  1.796875e-01  -2.109375e-01   1.093750e-01
  1.796875e-01  -1.953125e-01  -1.093750e-01
  1.796875e-01  -1.953125e-01  -7.812500e-02
  1.796875e-01  -1.953125e-01  -4.687500e-02
  1.796875e-01  -1.953125e-01  -1.562500e-02
  1.796875e-01  -1.953125e-01   1.562500e-02
  1.796875e-01  -1.953125e-01   4.687500e-02
  1.796875e-01  -1.953125e-01   7.812500e-02
  1.796875e-01  -1.953125e-01   1.093750e-01
  1.796875e-01  -1.796875e-01  -1.093750e-01
  1.796875e-01  -1.796875e-01  -7.812500e-02
  1.796875e-01  -1.796875e-01  -4.687500e-02
  1.796875e-01  -1.796875e-01  -1.562500e-02
  1.796875e-01  -1.796875e-01   1.562500e-02
  1.796875e-01  -1.796875e-01   4.687500e-02
  1.796875e-01  -1.796875e-01   7.812500e-02
  1.796875e-01  -1.796875e-01   1.093750e-01
  1.796875e-01  -1.640625e-01  -1.093750e-01
  1.796875e-01  -1.640625e-01  -7.812500e-02
  1.796875e-01  -1.640625e-01  -4.687500e-02
  1.796875e-01  -1.640625e-01  -1.562500e-02
  1.796875e-01  -1.640625e-01   1.562500e-02
  1.796875e-01  -1.640625e-01   4.687500e-02
  1.796875e-01  -1.640625e-01   7.812500e-02
  1.796875e-01  -1.640625e-01   1.093750e-01
  1.796875e-01  -1.484375e-01  -1.093750e-01
  1.796875e-01  -1.484375e-01  -7.812500e-02
  1.796875e-01  -1.484375e-01  -4.687500e-02
  1.796875e-01  -1.484375e-01  -1.562500e-02
  1.796875e-01  -1.484375e-01   1.562500e-02
  1.796875e-01  -1.484375e-01   4.687500e-02
  1.796875e-01  -1.484375e-01   7.812500e-02
  1.796875e-01  -1.484375e-01   1.093750e-01
  1.796875e-01  -1.328125e-01  -1.093750e-01
  1.796875e-01  -1.328125e-01  -7.812500e-02
  1.796875e-01  -1.328125e-01  -4.687500e-02
  1.796875e-01  -1.328125e-01  -1.562500e-02
  1.796875e-01  -1.328125e-01   1.562500e-02
  1.796875e-01  -1.328125e-01   4.687500e-02
  1.796875e-01  -1.328125e-01   7.812500e-02
  1.796875e-01  -1.328125e-01   1.093750e-01
  1.796875e-01  -1.171875e-01  -1.093750e-01
  1.796875e-01  -1.171875e-01  -7.812500e-02
  1.796875e-01  -1.171875e-01  -4.687500e-02
  1.796875e-01  -1.171875e-01  -1.562500e-02
  1.796875e-01  -1.171875e-01   1.562500e-02
  1.796875e-01  -1.171875e-01   4.687500e-02
  1.796875e-01  -1.171875e-01   7.812500e-02
  1.796875e-01  -1.171875e-01   1.093750e-01
  1.796875e-01  -1.015625e-01  -1.093750e-01
  1.796875e-01  -1.015625e-01  -7.812500e-02
  1.796875e-01  -1.015625e-01  -4.687500e-02
  1.796875e-01  -1.015625e-01  -1.562500e-02
  1.796875e-01  -1.015625e-01   1.562500e-02
  1.796875e-01  -1.015625e-01   4.687500e-02
  1.796875e-01  -1.015625e-01   7.812500e-02
  1.796875e-01  -1.015625e-01   1.093750e-01
  1.796875e-01  -8.593750e-02  -1.093750e-01
  1.796875e-01  -8.593750e-02  -7.812500e-02
  1.796875e-01  -8.593750e-02  -4.687500e-02
  1.796875e-01  -8.593750e-02  -1.562500e-02
  1.796875e-01  -8.593750e-02   1.562500e-02
  1.796875e-01  -8.593750e-02   4.687500e-02
  1.796875e-01  -8.593750e-02   7.812500e-02
  1.796875e-01  -8.593750e-02   1.093750e-01
  1.796875e-01  -7.031250e-02  -1.093750e-01
  1.796875e-01  -7.031250e-02  -7.812500e-02
  1.796875e-01  -7.031250e-02  -4.687500e-02
  1.796875e-01  -7.031250e-02  -1.562500e-02
  1.796875e-01  -7.031250e-02   1.562500e-02
  1.796875e-01  -7.031250e-02   4.687500e-02
  1.796875e-01  -7.031250e-02   7.812500e-02
  1.796875e-01  -7.031250e-02   1.093750e-01
  1.796875e-01  -5.468750e-02  -1.093750e-01
  1.796875e-01  -5.468750e-02  -7.812500e-02
  1.796875e-01  -5.468750e-02  -4.687500e-02
  1.796875e-01  -5.468750e-02  -1.562500e-02
  1.796875e-01  -5.468750e-02   1.562500e-02
  1.796875e-01  -5.468750e-02   4.687500e-02
  1.796875e-01  -5.468750e-02   7.812500e-02
  1.796875e-01  -5.468750e-02   1.093750e-01
  1.796875e-01  -3.906250e-02  -1.093750e-01
  1.796875e-01  -3.906250e-02  -7.812500e-02
  1.796875e-01  -3.906250e-02  -4.687500e-02
  1.796875e-01  -3.906250e-02  -1.562500e-02
  1.796875e-01  -3.906250e-02   1.562500e-02
  1.796875e-01  -3.906250e-02   4.687500e-02
  1.796875e-01  -3.906250e-02   7.812500e-02
  1.796875e-01  -3.906250e-02   1.093750e-01
  1.796875e-01  -2.343750e-02  -1.093750e-01
  1.796875e-01  -2.343750e-02  -7.812500e-02
  1.796875e-01  -2.343750e-02  -4.687500e-02
  1.796875e-01  -2.343750e-02  -1.562500e-02
  1.796875e-01  -2.343750e-02   1.562500e-02
  1.796875e-01  -2.343750e-02   4.687500e-02
  1.796875e-01  -2.343750e-02   7.812500e-02
  1.796875e-01  -2.343750e-02   1.093750e-01
  1.796875e-01  -7.812500e-03  -1.093750e-01
  1.796875e-01  -7.812500e-03  -7.812500e-02
  1.796875e-01  -7.812500e-03  -4.687500e-02
  1.796875e-01  -7.812500e-03  -1.562500e-02
  1.796875e-01  -7.812500e-03   1.562500e-02
  1.796875e-01  -7.812500e-03   4.687500e-02
  1.796875e-01  -7.812500e-03   7.812500e-02
  1.796875e-01  -7.812500e-03   1.093750e-01
  1.796875e-01   7.812500e-03  -1.093750e-01
  1.796875e-01   7.812500e-03  -7.812500e-02
  1.796875e-01   7.812500e-03  -4.687500e-02
  1.796875e-01   7.812500e-03  -1.562500e-02
  1.796875e-01   7.812500e-03   1.562500e-02
  1.796875e-01   7.812500e-03   4.687500e-02
  1.796875e-01   7.812500e-03   7.812500e-02
  1.796875e-01   7.812500e-03   1.093750e-01
  1.796875e-01   2.343750e-02  -1.093750e-01
  1.796875e-01   2.343750e-02  -7.812500e-02
  1.796875e-01   2.343750e-02  -4.687500e-02
  1.796875e-01   2.343750e-02  -1.562500e-02
  1.796875e-01   2.343750e-02   1.562500e-02
  1.796875e-01   2.343750e-02   4.687500e-02
  1.796875e-01   2.343750e-02   7.812500e-02
  1.796875e-01   2.343750e-02   1.093750e-01
  1.796875e-01   3.906250e-02  -1.093750e-01
  1.796875e-01   3.906250e-02  -7.812500e-02
  1.796875e-01   3.906250e-02  -4.687500e-02
  1.796875e-01   3.906250e-02  -1.562500e-02
  1.796875e-01   3.906250e-02   1.562500e-02
  1.796875e-01   3.906250e-02   4.687500e-02
  1.796875e-01   3.906250e-02   7.812500e-02
  1.796875e-01   3.906250e-02   1.093750e-01
  1.796875e-01   5.468750e-02  -1.093750e-01
  1.796875e-01   5.468750e-02  -7.812500e-02
  1.796875e-01   5.468750e-02  -4.687500e-02
  1.796875e-01   5.468750e-02  -1.562500e-02
  1.796875e-01   5.468750e-02   1.562500e-02
  1.796875e-01   5.468750e-02   4.687500e-02
  1.796875e-01   5.468750e-02   7.812500e-02
  1.796875e-01   5.468750e-02   1.093750e-01
  1.796875e-01   7.031250e-02  -1.093750e-01
  1.796875e-01   7.031250e-02  -7.812500e-02
  1.796875e-01   7.031250e-02  -4.687500e-02
  1.796875e-01   7.031250e-02  -1.562500e-02
  1.796875e-01   7.031250e-02   1.562500e-02
  1.796875e-01   7.031250e-02   4.687500e-02
  1.796875e-01   7.031250e-02   7.812500e-02
  1.796875e-01   7.031250e-02   1.093750e-01
  1.796875e-01   8.593750e-02  -1.093750e-01
  1.796875e-01   8.593750e-02  -7.812500e-02
  1.796875e-01   8.593750e-02  -4.687500e-02
  1.796875e-01   8.593750e-02  -1.562500e-02
  1.796875e-01   8.593750e-02   1.562500e-02
  1.796875e-01   8.593750e-02   4.687500e-02
  1.796875e-01   8.593750e-02   7.812500e-02
  1.796875e-01   8.593750e-02   1.093750e-01
  1.796875e-01   1.015625e-01  -1.093750e-01
  1.796875e-01   1.015625e-01  -7.812500e-02
  1.796875e-01   1.015625e-01  -4.687500e-02
  1.796875e-01   1.015625e-01  -1.562500e-02
  1.796875e-01   1.015625e-01   1.562500e-02
  1.796875e-01   1.015625e-01   4.687500e-02
  1.796875e-01   1.015625e-01   7.812500e-02
  1.796875e-01   1.015625e-01   1.093750e-01
  1.796875e-01   1.171875e-01  -1.093750e-01
  1.796875e-01   1.171875e-01  -7.812500e-02
  1.796875e-01   1.171875e-01  -4.687500e-02
  1.796875e-01   1.171875e-01  -1.562500e-02
  1.796875e-01   1.171875e-01   1.562500e-02
  1.796875e-01   1.171875e-01   4.687500e-02
  1.796875e-01   1.171875e-01   7.812500e-02
  1.796875e-01   1.171875e-01   1.093750e-01
  1.796875e-01   1.328125e-01  -1.093750e-01
  1.796875e-01   1.328125e-01  -7.812500e-02
  1.796875e-01   1.328125e-01  -4.687500e-02
  1.796875e-01   1.328125e-01  -1.562500e-02
  1.796875e-01   1.328125e-01   1.562500e-02
  1.796875e-01   1.328125e-01   4.687500e-02
  1.796875e-01   1.328125e-01   7.812500e-02
  1.796875e-01   1.328125e-01   1.093750e-01
  1.796875e-01   1.484375e-01  -1.093750e-01
  1.796875e-01   1.484375e-01  -7.812500e-02
  1.796875e-01   1.484375e-01  -4.687500e-02
  1.796875e-01   1.484375e-01  -1.562500e-02
  1.796875e-01   1.484375e-01   1.562500e-02
  1.796875e-01   1.484375e-01   4.687500e-02
  1.796875e-01   1.484375e-01   7.812500e-02
  1.796875e-01   1.484375e-01   1.093750e-01
  1.796875e-01   1.640625e-01  -1.093750e-01
  1.796875e-01   1.640625e-01  -7.812500e-02
  1.796875e-01   1.640625e-01  -4.687500e-02
  1.796875e-01   1.640625e-01  -1.562500e-02
  1.796875e-01   1.640625e-01   1.562500e-02
  1.796875e-01   1.640625e-01   4.687500e-02
  1.796875e-01   1.640625e-01   7.812500e-02
  1.796875e-01   1.640625e-01   1.093750e-01
  1.796875e-01   1.796875e-01  -1.093750e-01
  1.796875e-01   1.796875e-01  -7.812500e-02
  1.796875e-01   1.796875e-01  -4.687500e-02
  1.796875e-01   1.796875e-01  -1.562500e-02
  1.796875e-01   1.796875e-01   1.562500e-02
  1.796875e-01   1.796875e-01   4.687500e-02
  1.796875e-01   1.796875e-01   7.812500e-02
  1.796875e-01   1.796875e-01   1.093750e-01
  1.796875e-01   1.953125e-01  -1.093750e-01
  1.796875e-01   1.953125e-01  -7.812500e-02
  1.796875e-01   1.953125e-01  -4.687500e-02
  1.796875e-01   1.953125e-01  -1.562500e-02
  1.796875e-01   1.953125e-01   1.562500e-02
  1.796875e-01   1.953125e-01   4.687500e-02
  1.796875e-01   1.953125e-01   7.812500e-02
  1.796875e-01   1.953125e-01   1.093750e-01
  1.796875e-01   2.109375e-01  -1.093750e-01
  1.796875e-01   2.109375e-01  -7.812500e-02
  1.796875e-01   2.109375e-01  -4.687500e-02
  1.796875e-01   2.109375e-01  -1.562500e-02
  1.796875e-01   2.109375e-01   1.562500e-02
  1.796875e-01   2.109375e-01   4.687500e-02
  1.796875e-01   2.109375e-01   7.812500e-02
  1.796875e-01   2.109375e-01   1.093750e-01
  1.796875e-01   2.265625e-01  -1.093750e-01
  1.796875e-01   2.265625e-01  -7.812500e-02
  1.796875e-01   2.265625e-01  -4.687500e-02
  1.796875e-01   2.265625e-01  -1.562500e-02
  1.796875e-01   2.265625e-01   1.562500e-02
  1.796875e-01   2.265625e-01   4.687500e-02
  1.796875e-01   2.265625e-01   7.812500e-02
  1.796875e-01   2.265625e-01   1.093750e-01
  1.796875e-01   2.421875e-01  -1.093750e-01
  1.796875e-01   2.421875e-01  -7.812500e-02
  1.796875e-01   2.421875e-01  -4.687500e-02
  1.796875e-01   2.421875e-01  -1.562500e-02
  1.796875e-01   2.421875e-01   1.562500e-02
  1.796875e-01   2.421875e-01   4.687500e-02
  1.796875e-01   2.421875e-01   7.812500e-02
  1.796875e-01   2.421875e-01   1.093750e-01
  1.953125e-01  -2.421875e-01  -1.093750e-01
  1.953125e-01  -2.421875e-01  -7.812500e-02
  1.953125e-01  -2.421875e-01  -4.687500e-02
  1.953125e-01  -2.421875e-01  -1.562500e-02
  1.953125e-01  -2.421875e-01   1.562500e-02
  1.953125e-01  -2.421875e-01   4.687500e-02
  1.953125e-01  -2.421875e-01   7.812500e-02
  1.953125e-01  -2.421875e-01   1.093750e-01
  1.953125e-01  -2.265625e-01  -1.093750e-01
  1.953125e-01  -2.265625e-01  -7.812500e-02
  1.953125e-01  -2.265625e-01  -4.687500e-02
  1.953125e-01  -2.265625e-01  -1.562500e-02
  1.953125e-01  -2.265625e-01   1.562500e-02
  1.953125e-01  -2.265625e-01   4.687500e-02
  1.953125e-01  -2.265625e-01   7.812500e-02
  1.953125e-01  -2.265625e-01   1.093750e-01
  1.953125e-01  -2.109375e-01  -1.093750e-01
  1.953125e-01  -2.109375e-01  -7.812500e-02
  1.953125e-01  -2.109375e-01  -4.687500e-02
  1.953125e-01  -2.109375e-01  -1.562500e-02
  1.953125e-01  -2.109375e-01   1.562500e-02
  1.953125e-01  -2.109375e-01   4.687500e-02
  1.953125e-01  -2.109375e-01   7.812500e-02
  1.953125e-01  -2.109375e-01   1.093750e-01
  1.953125e-01  -1.953125e-01  -1.093750e-01
  1.953125e-01  -1.953125e-01  -7.812500e-02
  1.953125e-01  -1.953125e-01  -4.687500e-02
  1.953125e-01  -1.953125e-01  -1.562500e-02
  1.953125e-01  -1.953125e-01   1.562500e-02
  1.953125e-01  -1.953125e-01   4.687500e-02
  1.953125e-01  -1.953125e-01   7.812500e-02
  1.953125e-01  -1.953125e-01   1.093750e-01
  1.953125e-01  -1.796875e-01  -1.093750e-01
  1.953125e-01  -1.796875e-01  -7.812500e-02
  1.953125e-01  -1.796875e-01  -4.687500e-02
  1.953125e-01  -1.796875e-01  -1.562500e-02
  1.953125e-01  -1.796875e-01   1.562500e-02
  1.953125e-01  -1.796875e-01   4.687500e-02
  1.953125e-01  -1.796875e-01   7.812500e-02
  1.953125e-01  -1.796875e-01   1.093750e-01
  1.953125e-01  -1.640625e-01  -1.093750e-01
  1.953125e-01  -1.640625e-01  -7.812500e-02
  1.953125e-01  -1.640625e-01  -4.687500e-02
  1.953125e-01  -1.640625e-01  -1.562500e-02
  1.953125e-01  -1.640625e-01   1.562500e-02
  1.953125e-01  -1.640625e-01   4.687500e-02
  1.953125e-01  -1.640625e-01   7.812500e-02
  1.953125e-01  -1.640625e-01   1.093750e-01
  1.953125e-01  -1.484375e-01  -1.093750e-01
  1.953125e-01  -1.484375e-01  -7.812500e-02
  1.953125e-01  -1.484375e-01  -4.687500e-02
  1.953125e-01  -1.484375e-01  -1.562500e-02
  1.953125e-01  -1.484375e-01   1.562500e-02
  1.953125e-01  -1.484375e-01   4.687500e-02
  1.953125e-01  -1.484375e-01   7.812500e-02
  1.953125e-01  -1.484375e-01   1.093750e-01
  1.953125e-01  -1.328125e-01  -1.093750e-01
  1.953125e-01  -1.328125e-01  -7.812500e-02
  1.953125e-01  -1.328125e-01  -4.687500e-02
  1.953125e-01  -1.328125e-01  -1.562500e-02
  1.953125e-01  -1.328125e-01   1.562500e-02
  1.953125e-01  -1.328125e-01   4.687500e-02
  1.953125e-01  -1.328125e-01   7.812500e-02
  1.953125e-01  -1.328125e-01   1.093750e-01
  1.953125e-01  -1.171875e-01  -1.093750e-01
  1.953125e-01  -1.171875e-01  -7.812500e-02
  1.953125e-01  -1.171875e-01  -4.687500e-02
  1.953125e-01  -1.171875e-01  -1.562500e-02
  1.953125e-01  -1.171875e-01   1.562500e-02
  1.953125e-01  -1.171875e-01   4.687500e-02
  1.953125e-01  -1.171875e-01   7.812500e-02
  1.953125e-01  -1.171875e-01   1.093750e-01
  1.953125e-01  -1.015625e-01  -1.093750e-01
  1.953125e-01  -1.015625e-01  -7.812500e-02
  1.953125e-01  -1.015625e-01  -4.687500e-02
  1.953125e-01  -1.015625e-01  -1.562500e-02
  1.953125e-01  -1.015625e-01   1.562500e-02
  1.953125e-01  -1.015625e-01   4.687500e-02
  1.953125e-01  -1.015625e-01   7.812500e-02
  1.953125e-01  -1.015625e-01   1.093750e-01
  1.953125e-01  -8.593750e-02  -1.093750e-01
  1.953125e-01  -8.593750e-02  -7.812500e-02
  1.953125e-01  -8.593750e-02  -4.687500e-02
  1.953125e-01  -8.593750e-02  -1.562500e-02
  1.953125e-01  -8.593750e-02   1.562500e-02
  1.953125e-01  -8.593750e-02   4.687500e-02
  1.953125e-01  -8.593750e-02   7.812500e-02
  1.953125e-01  -8.593750e-02   1.093750e-01
  1.953125e-01  -7.031250e-02  -1.093750e-01
  1.953125e-01  -7.031250e-02  -7.812500e-02
  1.953125e-01  -7.031250e-02  -4.687500e-02
  1.953125e-01  -7.031250e-02  -1.562500e-02
  1.953125e-01  -7.031250e-02   1.562500e-02
  1.953125e-01  -7.031250e-02   4.687500e-02
  1.953125e-01  -7.031250e-02   7.812500e-02
  1.953125e-01  -7.031250e-02   1.093750e-01
  1.953125e-01  -5.468750e-02  -1.093750e-01
  1.953125e-01  -5.468750e-02  -7.812500e-02
  1.953125e-01  -5.468750e-02  -4.687500e-02
  1.953125e-01  -5.468750e-02  -1.562500e-02
  1.953125e-01  -5.468750e-02   1.562500e-02
  1.953125e-01  -5.468750e-02   4.687500e-02
  1.953125e-01  -5.468750e-02   7.812500e-02
  1.953125e-01  -5.468750e-02   1.093750e-01
  1.953125e-01  -3.906250e-02  -1.093750e-01
  1.953125e-01  -3.906250e-02  -7.812500e-02
  1.953125e-01  -3.906250e-02  -4.687500e-02
  1.953125e-01  -3.906250e-02  -1.562500e-02
  1.953125e-01  -3.906250e-02   1.562500e-02
  1.953125e-01  -3.906250e-02   4.687500e-02
  1.953125e-01  -3.906250e-02   7.812500e-02
  1.953125e-01  -3.906250e-02   1.093750e-01
  1.953125e-01  -2.343750e-02  -1.093750e-01
  1.953125e-01  -2.343750e-02  -7.812500e-02
  1.953125e-01  -2.343750e-02  -4.687500e-02
  1.953125e-01  -2.343750e-02  -1.562500e-02
  1.953125e-01  -2.343750e-02   1.562500e-02
  1.953125e-01  -2.343750e-02   4.687500e-02
  1.953125e-01  -2.343750e-02   7.812500e-02
  1.953125e-01  -2.343750e-02   1.093750e-01
  1.953125e-01  -7.812500e-03  -1.093750e-01
  1.953125e-01  -7.812500e-03  -7.812500e-02
  1.953125e-01  -7.812500e-03  -4.687500e-02
  1.953125e-01  -7.812500e-03  -1.562500e-02
  1.953125e-01  -7.812500e-03   1.562500e-02
  1.953125e-01  -7.812500e-03   4.687500e-02
  1.953125e-01  -7.812500e-03   7.812500e-02
  1.953125e-01  -7.812500e-03   1.093750e-01
  1.953125e-01   7.812500e-03  -1.093750e-01
  1.953125e-01   7.812500e-03  -7.812500e-02
  1.953125e-01   7.812500e-03  -4.687500e-02
  1.953125e-01   7.812500e-03  -1.562500e-02
  1.953125e-01   7.812500e-03   1.562500e-02
  1.953125e-01   7.812500e-03   4.687500e-02
  1.953125e-01   7.812500e-03   7.812500e-02
  1.953125e-01   7.812500e-03   1.093750e-01
  1.953125e-01   2.343750e-02  -1.093750e-01
  1.953125e-01   2.343750e-02  -7.812500e-02
  1.953125e-01   2.343750e-02  -4.687500e-02
  1.953125e-01   2.343750e-02  -1.562500e-02
  1.953125e-01   2.343750e-02   1.562500e-02
  1.953125e-01   2.343750e-02   4.687500e-02
  1.953125e-01   2.343750e-02   7.812500e-02
  1.953125e-01   2.343750e-02   1.093750e-01
  1.953125e-01   3.906250e-02  -1.093750e-01
  1.953125e-01   3.906250e-02  -7.812500e-02
  1.953125e-01   3.906250e-02  -4.687500e-02
  1.953125e-01   3.906250e-02  -1.562500e-02
  1.953125e-01   3.906250e-02   1.562500e-02
  1.953125e-01   3.906250e-02   4.687500e-02
  1.953125e-01   3.906250e-02   7.812500e-02
  1.953125e-01   3.906250e-02   1.093750e-01
  1.953125e-01   5.468750e-02  -1.093750e-01
  1.953125e-01   5.468750e-02  -7.812500e-02
  1.953125e-01   5.468750e-02  -4.687500e-02
  1.953125e-01   5.468750e-02  -1.562500e-02
  1.953125e-01   5.468750e-02   1.562500e-02
  1.953125e-01   5.468750e-02   4.687500e-02
  1.953125e-01   5.468750e-02   7.812500e-02
  1.953125e-01   5.468750e-02   1.093750e-01
  1.953125e-01   7.031250e-02  -1.093750e-01
  1.953125e-01   7.031250e-02  -7.812500e-02
  1.953125e-01   7.031250e-02  -4.687500e-02
  1.953125e-01   7.031250e-02  -1.562500e-02
  1.953125e-01   7.031250e-02   1.562500e-02
  1.953125e-01   7.031250e-02   4.687500e-02
  1.953125e-01   7.031250e-02   7.812500e-02
  1.953125e-01   7.031250e-02   1.093750e-01
  1.953125e-01   8.593750e-02  -1.093750e-01
  1.953125e-01   8.593750e-02  -7.812500e-02
  1.953125e-01   8.593750e-02  -4.687500e-02
  1.953125e-01   8.593750e-02  -1.562500e-02
  1.953125e-01   8.593750e-02   1.562500e-02
  1.953125e-01   8.593750e-02   4.687500e-02
  1.953125e-01   8.593750e-02   7.812500e-02
  1.953125e-01   8.593750e-02   1.093750e-01
  1.953125e-01   1.015625e-01  -1.093750e-01
  1.953125e-01   1.015625e-01  -7.812500e-02
  1.953125e-01   1.015625e-01  -4.687500e-02
  1.953125e-01   1.015625e-01  -1.562500e-02
  1.953125e-01   1.015625e-01   1.562500e-02
  1.953125e-01   1.015625e-01   4.687500e-02
  1.953125e-01   1.015625e-01   7.812500e-02
  1.953125e-01   1.015625e-01   1.093750e-01
  1.953125e-01   1.171875e-01  -1.093750e-01
  1.953125e-01   1.171875e-01  -7.812500e-02
  1.953125e-01   1.171875e-01  -4.687500e-02
  1.953125e-01   1.171875e-01  -1.562500e-02
  1.953125e-01   1.171875e-01   1.562500e-02
  1.953125e-01   1.171875e-01   4.687500e-02
  1.953125e-01   1.171875e-01   7.812500e-02
  1.953125e-01   1.171875e-01   1.093750e-01
  1.953125e-01   1.328125e-01  -1.093750e-01
  1.953125e-01   1.328125e-01  -7.812500e-02
  1.953125e-01   1.328125e-01  -4.687500e-02
  1.953125e-01   1.328125e-01  -1.562500e-02
  1.953125e-01   1.328125e-01   1.562500e-02
  1.953125e-01   1.328125e-01   4.687500e-02
  1.953125e-01   1.328125e-01   7.812500e-02
  1.953125e-01   1.328125e-01   1.093750e-01
  1.953125e-01   1.484375e-01  -1.093750e-01
  1.953125e-01   1.484375e-01  -7.812500e-02
  1.953125e-01   1.484375e-01  -4.687500e-02
  1.953125e-01   1.484375e-01  -1.562500e-02
  1.953125e-01   1.484375e-01   1.562500e-02
  1.953125e-01   1.484375e-01   4.687500e-02
  1.953125e-01   1.484375e-01   7.812500e-02
  1.953125e-01   1.484375e-01   1.093750e-01
  1.953125e-01   1.640625e-01  -1.093750e-01
  1.953125e-01   1.640625e-01  -7.812500e-02
  1.953125e-01   1.640625e-01  -4.687500e-02
  1.953125e-01   1.640625e-01  -1.562500e-02
  1.953125e-01   1.640625e-01   1.562500e-02
  1.953125e-01   1.640625e-01   4.687500e-02
  1.953125e-01   1.640625e-01   7.812500e-02
  1.953125e-01   1.640625e-01   1.093750e-01
  1.953125e-01   1.796875e-01  -1.093750e-01
  1.953125e-01   1.796875e-01  -7.812500e-02
  1.953125e-01   1.796875e-01  -4.687500e-02
  1.953125e-01   1.796875e-01  -1.562500e-02
  1.953125e-01   1.796875e-01   1.562500e-02
  1.953125e-01   1.796875e-01   4.687500e-02
  1.953125e-01   1.796875e-01   7.812500e-02
  1.953125e-01   1.796875e-01   1.093750e-01
  1.953125e-01   1.953125e-01  -1.093750e-01
  1.953125e-01   1.953125e-01  -7.812500e-02
  1.953125e-01   1.953125e-01  -4.687500e-02
  1.953125e-01   1.953125e-01  -1.562500e-02
  1.953125e-01   1.953125e-01   1.562500e-02
  1.953125e-01   1.953125e-01   4.687500e-02
  1.953125e-01   1.953125e-01   7.812500e-02
  1.953125e-01   1.953125e-01   1.093750e-01
  1.953125e-01   2.109375e-01  -1.093750e-01
  1.953125e-01   2.109375e-01  -7.812500e-02
  1.953125e-01   2.109375e-01  -4.687500e-02
  1.953125e-01   2.109375e-01  -1.562500e-02
  1.953125e-01   2.109375e-01   1.562500e-02
  1.953125e-01   2.109375e-01   4.687500e-02
  1.953125e-01   2.109375e-01   7.812500e-02
  1.953125e-01   2.109375e-01   1.093750e-01
  1.953125e-01   2.265625e-01  -1.093750e-01
  1.953125e-01   2.265625e-01  -7.812500e-02
  1.953125e-01   2.265625e-01  -4.687500e-02
  1.953125e-01   2.265625e-01  -1.562500e-02
  1.953125e-01   2.265625e-01   1.562500e-02
  1.953125e-01   2.265625e-01   4.687500e-02
  1.953125e-01   2.265625e-01   7.812500e-02
  1.953125e-01   2.265625e-01   1.093750e-01
  1.953125e-01   2.421875e-01  -1.093750e-01
  1.953125e-01   2.421875e-01  -7.812500e-02
  1.953125e-01   2.421875e-01  -4.687500e-02
  1.953125e-01   2.421875e-01  -1.562500e-02
  1.953125e-01   2.421875e-01   1.562500e-02
  1.953125e-01   2.421875e-01   4.687500e-02
  1.953125e-01   2.421875e-01   7.812500e-02
  1.953125e-01   2.421875e-01   1.093750e-01
  2.109375e-01  -2.421875e-01  -1.093750e-01
  2.109375e-01  -2.421875e-01  -7.812500e-02
  2.109375e-01  -2.421875e-01  -4.687500e-02
  2.109375e-01  -2.421875e-01  -1.562500e-02
  2.109375e-01  -2.421875e-01   1.562500e-02
  2.109375e-01  -2.421875e-01   4.687500e-02
  2.109375e-01  -2.421875e-01   7.812500e-02
  2.109375e-01  -2.421875e-01   1.093750e-01
  2.109375e-01  -2.265625e-01  -1.093750e-01
  2.109375e-01  -2.265625e-01  -7.812500e-02
  2.109375e-01  -2.265625e-01  -4.687500e-02
  2.109375e-01  -2.265625e-01  -1.562500e-02
  2.109375e-01  -2.265625e-01   1.562500e-02
  2.109375e-01  -2.265625e-01   4.687500e-02
  2.109375e-01  -2.265625e-01   7.812500e-02
  2.109375e-01  -2.265625e-01   1.093750e-01
  2.109375e-01  -2.109375e-01  -1.093750e-01
  2.109375e-01  -2.109375e-01  -7.812500e-02
  2.109375e-01  -2.109375e-01  -4.687500e-02
  2.109375e-01  -2.109375e-01  -1.562500e-02
  2.109375e-01  -2.109375e-01   1.562500e-02
  2.109375e-01  -2.109375e-01   4.687500e-02
  2.109375e-01  -2.109375e-01   7.812500e-02
  2.109375e-01  -2.109375e-01   1.093750e-01
  2.109375e-01  -1.953125e-01  -1.093750e-01
  2.109375e-01  -1.953125e-01  -7.812500e-02
  2.109375e-01  -1.953125e-01  -4.687500e-02
  2.109375e-01  -1.953125e-01  -1.562500e-02
  2.109375e-01  -1.953125e-01   1.562500e-02
  2.109375e-01  -1.953125e-01   4.687500e-02
  2.109375e-01  -1.953125e-01   7.812500e-02
  2.109375e-01  -1.953125e-01   1.093750e-01
  2.109375e-01  -1.796875e-01  -1.093750e-01
  2.109375e-01  -1.796875e-01  -7.812500e-02
  2.109375e-01  -1.796875e-01  -4.687500e-02
  2.109375e-01  -1.796875e-01  -1.562500e-02
  2.109375e-01  -1.796875e-01   1.562500e-02
  2.109375e-01  -1.796875e-01   4.687500e-02
  2.109375e-01  -1.796875e-01   7.812500e-02
  2.109375e-01  -1.796875e-01   1.093750e-01
  2.109375e-01  -1.640625e-01  -1.093750e-01
  2.109375e-01  -1.640625e-01  -7.812500e-02
  2.109375e-01  -1.640625e-01  -4.687500e-02
  2.109375e-01  -1.640625e-01  -1.562500e-02
  2.109375e-01  -1.640625e-01   1.562500e-02
  2.109375e-01  -1.640625e-01   4.687500e-02
  2.109375e-01  -1.640625e-01   7.812500e-02
  2.109375e-01  -1.640625e-01   1.093750e-01
  2.109375e-01  -1.484375e-01  -1.093750e-01
  2.109375e-01  -1.484375e-01  -7.812500e-02
  2.109375e-01  -1.484375e-01  -4.687500e-02
  2.109375e-01  -1.484375e-01  -1.562500e-02
  2.109375e-01  -1.484375e-01   1.562500e-02
  2.109375e-01  -1.484375e-01   4.687500e-02
  2.109375e-01  -1.484375e-01   7.812500e-02
  2.109375e-01  -1.484375e-01   1.093750e-01
  2.109375e-01  -1.328125e-01  -1.093750e-01
  2.109375e-01  -1.328125e-01  -7.812500e-02
  2.109375e-01  -1.328125e-01  -4.687500e-02
  2.109375e-01  -1.328125e-01  -1.562500e-02
  2.109375e-01  -1.328125e-01   1.562500e-02
  2.109375e-01  -1.328125e-01   4.687500e-02
  2.109375e-01  -1.328125e-01   7.812500e-02
  2.109375e-01  -1.328125e-01   1.093750e-01
  2.109375e-01  -1.171875e-01  -1.093750e-01
  2.109375e-01  -1.171875e-01  -7.812500e-02
  2.109375e-01  -1.171875e-01  -4.687500e-02
  2.109375e-01  -1.171875e-01  -1.562500e-02
  2.109375e-01  -1.171875e-01   1.562500e-02
  2.109375e-01  -1.171875e-01   4.687500e-02
  2.109375e-01  -1.171875e-01   7.812500e-02
  2.109375e-01  -1.171875e-01   1.093750e-01
  2.109375e-01  -1.015625e-01  -1.093750e-01
  2.109375e-01  -1.015625e-01  -7.812500e-02
  2.109375e-01  -1.015625e-01  -4.687500e-02
  2.109375e-01  -1.015625e-01  -1.562500e-02
  2.109375e-01  -1.015625e-01   1.562500e-02
  2.109375e-01  -1.015625e-01   4.687500e-02
  2.109375e-01  -1.015625e-01   7.812500e-02
  2.109375e-01  -1.015625e-01   1.093750e-01
  2.109375e-01  -8.593750e-02  -1.093750e-01
  2.109375e-01  -8.593750e-02  -7.812500e-02
  2.109375e-01  -8.593750e-02  -4.687500e-02
  2.109375e-01  -8.593750e-02  -1.562500e-02
  2.109375e-01  -8.593750e-02   1.562500e-02
  2.109375e-01  -8.593750e-02   4.687500e-02
  2.109375e-01  -8.593750e-02   7.812500e-02
  2.109375e-01  -8.593750e-02   1.093750e-01
  2.109375e-01  -7.031250e-02  -1.093750e-01
  2.109375e-01  -7.031250e-02  -7.812500e-02
  2.109375e-01  -7.031250e-02  -4.687500e-02
  2.109375e-01  -7.031250e-02  -1.562500e-02
  2.109375e-01  -7.031250e-02   1.562500e-02
  2.109375e-01  -7.031250e-02   4.687500e-02
  2.109375e-01  -7.031250e-02   7.812500e-02
  2.109375e-01  -7.031250e-02   1.093750e-01
  2.109375e-01  -5.468750e-02  -1.093750e-01
  2.109375e-01  -5.468750e-02  -7.812500e-02
  2.109375e-01  -5.468750e-02  -4.687500e-02
  2.109375e-01  -5.468750e-02  -1.562500e-02
  2.109375e-01  -5.468750e-02   1.562500e-02
  2.109375e-01  -5.468750e-02   4.687500e-02
  2.109375e-01  -5.468750e-02   7.812500e-02
  2.109375e-01  -5.468750e-02   1.093750e-01
  2.109375e-01  -3.906250e-02  -1.093750e-01
  2.109375e-01  -3.906250e-02  -7.812500e-02
  2.109375e-01  -3.906250e-02  -4.687500e-02
  2.109375e-01  -3.906250e-02  -1.562500e-02
  2.109375e-01  -3.906250e-02   1.562500e-02
  2.109375e-01  -3.906250e-02   4.687500e-02
  2.109375e-01  -3.906250e-02   7.812500e-02
  2.109375e-01  -3.906250e-02   1.093750e-01
  2.109375e-01  -2.343750e-02  -1.093750e-01
  2.109375e-01  -2.343750e-02  -7.812500e-02
  2.109375e-01  -2.343750e-02  -4.687500e-02
  2.109375e-01  -2.343750e-02  -1.562500e-02
  2.109375e-01  -2.343750e-02   1.562500e-02
  2.109375e-01  -2.343750e-02   4.687500e-02
  2.109375e-01  -2.343750e-02   7.812500e-02
  2.109375e-01  -2.343750e-02   1.093750e-01
  2.109375e-01  -7.812500e-03  -1.093750e-01
  2.109375e-01  -7.812500e-03  -7.812500e-02
  2.109375e-01  -7.812500e-03  -4.687500e-02
  2.109375e-01  -7.812500e-03  -1.562500e-02
  2.109375e-01  -7.812500e-03   1.562500e-02
  2.109375e-01  -7.812500e-03   4.687500e-02
  2.109375e-01  -7.812500e-03   7.812500e-02
  2.109375e-01  -7.812500e-03   1.093750e-01
  2.109375e-01   7.812500e-03  -1.093750e-01
  2.109375e-01   7.812500e-03  -7.812500e-02
  2.109375e-01   7.812500e-03  -4.687500e-02
  2.109375e-01   7.812500e-03  -1.562500e-02
  2.109375e-01   7.812500e-03   1.562500e-02
  2.109375e-01   7.812500e-03   4.687500e-02
  2.109375e-01   7.812500e-03   7.812500e-02
  2.109375e-01   7.812500e-03   1.093750e-01
  2.109375e-01   2.343750e-02  -1.093750e-01
  2.109375e-01   2.343750e-02  -7.812500e-02
  2.109375e-01   2.343750e-02  -4.687500e-02
  2.109375e-01   2.343750e-02  -1.562500e-02
  2.109375e-01   2.343750e-02   1.562500e-02
  2.109375e-01   2.343750e-02   4.687500e-02
  2.109375e-01   2.343750e-02   7.812500e-02
  2.109375e-01   2.343750e-02   1.093750e-01
  2.109375e-01   3.906250e-02  -1.093750e-01
  2.109375e-01   3.906250e-02  -7.812500e-02
  2.109375e-01   3.906250e-02  -4.687500e-02
  2.109375e-01   3.906250e-02  -1.562500e-02
  2.109375e-01   3.906250e-02   1.562500e-02
  2.109375e-01   3.906250e-02   4.687500e-02
  2.109375e-01   3.906250e-02   7.812500e-02
  2.109375e-01   3.906250e-02   1.093750e-01
  2.109375e-01   5.468750e-02  -1.093750e-01
  2.109375e-01   5.468750e-02  -7.812500e-02
  2.109375e-01   5.468750e-02  -4.687500e-02
  2.109375e-01   5.468750e-02  -1.562500e-02
  2.109375e-01   5.468750e-02   1.562500e-02
  2.109375e-01   5.468750e-02   4.687500e-02
  2.109375e-01   5.468750e-02   7.812500e-02
  2.109375e-01   5.468750e-02   1.093750e-01
  2.109375e-01   7.031250e-02  -1.093750e-01
  2.109375e-01   7.031250e-02  -7.812500e-02
  2.109375e-01   7.031250e-02  -4.687500e-02
  2.109375e-01   7.031250e-02  -1.562500e-02
  2.109375e-01   7.031250e-02   1.562500e-02
  2.109375e-01   7.031250e-02   4.687500e-02
  2.109375e-01   7.031250e-02   7.812500e-02
  2.109375e-01   7.031250e-02   1.093750e-01
  2.109375e-01   8.593750e-02  -1.093750e-01
  2.109375e-01   8.593750e-02  -7.812500e-02
  2.109375e-01   8.593750e-02  -4.687500e-02
  2.109375e-01   8.593750e-02  -1.562500e-02
  2.109375e-01   8.593750e-02   1.562500e-02
  2.109375e-01   8.593750e-02   4.687500e-02
  2.109375e-01   8.593750e-02   7.812500e-02
  2.109375e-01   8.593750e-02   1.093750e-01
  2.109375e-01   1.015625e-01  -1.093750e-01
  2.109375e-01   1.015625e-01  -7.812500e-02
  2.109375e-01   1.015625e-01  -4.687500e-02
  2.109375e-01   1.015625e-01  -1.562500e-02
  2.109375e-01   1.015625e-01   1.562500e-02
  2.109375e-01   1.015625e-01   4.687500e-02
  2.109375e-01   1.015625e-01   7.812500e-02
  2.109375e-01   1.015625e-01   1.093750e-01
  2.109375e-01   1.171875e-01  -1.093750e-01
  2.109375e-01   1.171875e-01  -7.812500e-02
  2.109375e-01   1.171875e-01  -4.687500e-02
  2.109375e-01   1.171875e-01  -1.562500e-02
  2.109375e-01   1.171875e-01   1.562500e-02
  2.109375e-01   1.171875e-01   4.687500e-02
  2.109375e-01   1.171875e-01   7.812500e-02
  2.109375e-01   1.171875e-01   1.093750e-01
  2.109375e-01   1.328125e-01  -1.093750e-01
  2.109375e-01   1.328125e-01  -7.812500e-02
  2.109375e-01   1.328125e-01  -4.687500e-02
  2.109375e-01   1.328125e-01  -1.562500e-02
  2.109375e-01   1.328125e-01   1.562500e-02
  2.109375e-01   1.328125e-01   4.687500e-02
  2.109375e-01   1.328125e-01   7.812500e-02
  2.109375e-01   1.328125e-01   1.093750e-01
  2.109375e-01   1.484375e-01  -1.093750e-01
  2.109375e-01   1.484375e-01  -7.812500e-02
  2.109375e-01   1.484375e-01  -4.687500e-02
  2.109375e-01   1.484375e-01  -1.562500e-02
  2.109375e-01   1.484375e-01   1.562500e-02
  2.109375e-01   1.484375e-01   4.687500e-02
  2.109375e-01   1.484375e-01   7.812500e-02
  2.109375e-01   1.484375e-01   1.093750e-01
  2.109375e-01   1.640625e-01  -1.093750e-01
  2.109375e-01   1.640625e-01  -7.812500e-02
  2.109375e-01   1.640625e-01  -4.687500e-02
  2.109375e-01   1.640625e-01  -1.562500e-02
  2.109375e-01   1.640625e-01   1.562500e-02
  2.109375e-01   1.640625e-01   4.687500e-02
  2.109375e-01   1.640625e-01   7.812500e-02
  2.109375e-01   1.640625e-01   1.093750e-01
  2.109375e-01   1.796875e-01  -1.093750e-01
  2.109375e-01   1.796875e-01  -7.812500e-02
  2.109375e-01   1.796875e-01  -4.687500e-02
  2.109375e-01   1.796875e-01  -1.562500e-02
  2.109375e-01   1.796875e-01   1.562500e-02
  2.109375e-01   1.796875e-01   4.687500e-02
  2.109375e-01   1.796875e-01   7.812500e-02
  2.109375e-01   1.796875e-01   1.093750e-01
  2.109375e-01   1.953125e-01  -1.093750e-01
  2.109375e-01   1.953125e-01  -7.812500e-02
  2.109375e-01   1.953125e-01  -4.687500e-02
  2.109375e-01   1.953125e-01  -1.562500e-02
  2.109375e-01   1.953125e-01   1.562500e-02
  2.109375e-01   1.953125e-01   4.687500e-02
  2.109375e-01   1.953125e-01   7.812500e-02
  2.109375e-01   1.953125e-01   1.093750e-01
  2.109375e-01   2.109375e-01  -1.093750e-01
  2.109375e-01   2.109375e-01  -7.812500e-02
  2.109375e-01   2.109375e-01  -4.687500e-02
  2.109375e-01   2.109375e-01  -1.562500e-02
  2.109375e-01   2.109375e-01   1.562500e-02
  2.109375e-01   2.109375e-01   4.687500e-02
  2.109375e-01   2.109375e-01   7.812500e-02
  2.109375e-01   2.109375e-01   1.093750e-01
  2.109375e-01   2.265625e-01  -1.093750e-01
  2.109375e-01   2.265625e-01  -7.812500e-02
  2.109375e-01   2.265625e-01  -4.687500e-02
  2.109375e-01   2.265625e-01  -1.562500e-02
  2.109375e-01   2.265625e-01   1.562500e-02
  2.109375e-01   2.265625e-01   4.687500e-02
  2.109375e-01   2.265625e-01   7.812500e-02
  2.109375e-01   2.265625e-01   1.093750e-01
  2.109375e-01   2.421875e-01  -1.093750e-01
  2.109375e-01   2.421875e-01  -7.812500e-02
  2.109375e-01   2.421875e-01  -4.687500e-02
  2.109375e-01   2.421875e-01  -1.562500e-02
  2.109375e-01   2.421875e-01   1.562500e-02
  2.109375e-01   2.421875e-01   4.687500e-02
  2.109375e-01   2.421875e-01   7.812500e-02
  2.109375e-01   2.421875e-01   1.093750e-01
  2.265625e-01  -2.421875e-01  -1.093750e-01
  2.265625e-01  -2.421875e-01  -7.812500e-02
  2.265625e-01  -2.421875e-01  -4.687500e-02
  2.265625e-01  -2.421875e-01  -1.562500e-02
  2.265625e-01  -2.421875e-01   1.562500e-02
  2.265625e-01  -2.421875e-01   4.687500e-02
  2.265625e-01  -2.421875e-01   7.812500e-02
  2.265625e-01  -2.421875e-01   1.093750e-01
  2.265625e-01  -2.265625e-01  -1.093750e-01
  2.265625e-01  -2.265625e-01  -7.812500e-02
  2.265625e-01  -2.265625e-01  -4.687500e-02
  2.265625e-01  -2.265625e-01  -1.562500e-02
  2.265625e-01  -2.265625e-01   1.562500e-02
  2.265625e-01  -2.265625e-01   4.687500e-02
  2.265625e-01  -2.265625e-01   7.812500e-02
  2.265625e-01  -2.265625e-01   1.093750e-01
  2.265625e-01  -2.109375e-01  -1.093750e-01
  2.265625e-01  -2.109375e-01  -7.812500e-02
  2.265625e-01  -2.109375e-01  -4.687500e-02
  2.265625e-01  -2.109375e-01  -1.562500e-02
  2.265625e-01  -2.109375e-01   1.562500e-02
  2.265625e-01  -2.109375e-01   4.687500e-02
  2.265625e-01  -2.109375e-01   7.812500e-02
  2.265625e-01  -2.109375e-01   1.093750e-01
  2.265625e-01  -1.953125e-01  -1.093750e-01
  2.265625e-01  -1.953125e-01  -7.812500e-02
  2.265625e-01  -1.953125e-01  -4.687500e-02
  2.265625e-01  -1.953125e-01  -1.562500e-02
  2.265625e-01  -1.953125e-01   1.562500e-02
  2.265625e-01  -1.953125e-01   4.687500e-02
  2.265625e-01  -1.953125e-01   7.812500e-02
  2.265625e-01  -1.953125e-01   1.093750e-01
  2.265625e-01  -1.796875e-01  -1.093750e-01
  2.265625e-01  -1.796875e-01  -7.812500e-02
  2.265625e-01  -1.796875e-01  -4.687500e-02
  2.265625e-01  -1.796875e-01  -1.562500e-02
  2.265625e-01  -1.796875e-01   1.562500e-02
  2.265625e-01  -1.796875e-01   4.687500e-02
  2.265625e-01  -1.796875e-01   7.812500e-02
  2.265625e-01  -1.796875e-01   1.093750e-01
  2.265625e-01  -1.640625e-01  -1.093750e-01
  2.265625e-01  -1.640625e-01  -7.812500e-02
  2.265625e-01  -1.640625e-01  -4.687500e-02
  2.265625e-01  -1.640625e-01  -1.562500e-02
  2.265625e-01  -1.640625e-01   1.562500e-02
  2.265625e-01  -1.640625e-01   4.687500e-02
  2.265625e-01  -1.640625e-01   7.812500e-02
  2.265625e-01  -1.640625e-01   1.093750e-01
  2.265625e-01  -1.484375e-01  -1.093750e-01
  2.265625e-01  -1.484375e-01  -7.812500e-02
  2.265625e-01  -1.484375e-01  -4.687500e-02
  2.265625e-01  -1.484375e-01  -1.562500e-02
  2.265625e-01  -1.484375e-01   1.562500e-02
  2.265625e-01  -1.484375e-01   4.687500e-02
  2.265625e-01  -1.484375e-01   7.812500e-02
  2.265625e-01  -1.484375e-01   1.093750e-01
  2.265625e-01  -1.328125e-01  -1.093750e-01
  2.265625e-01  -1.328125e-01  -7.812500e-02
  2.265625e-01  -1.328125e-01  -4.687500e-02
  2.265625e-01  -1.328125e-01  -1.562500e-02
  2.265625e-01  -1.328125e-01   1.562500e-02
  2.265625e-01  -1.328125e-01   4.687500e-02
  2.265625e-01  -1.328125e-01   7.812500e-02
  2.265625e-01  -1.328125e-01   1.093750e-01
  2.265625e-01  -1.171875e-01  -1.093750e-01
  2.265625e-01  -1.171875e-01  -7.812500e-02
  2.265625e-01  -1.171875e-01  -4.687500e-02
  2.265625e-01  -1.171875e-01  -1.562500e-02
  2.265625e-01  -1.171875e-01   1.562500e-02
  2.265625e-01  -1.171875e-01   4.687500e-02
  2.265625e-01  -1.171875e-01   7.812500e-02
  2.265625e-01  -1.171875e-01   1.093750e-01
  2.265625e-01  -1.015625e-01  -1.093750e-01
  2.265625e-01  -1.015625e-01  -7.812500e-02
  2.265625e-01  -1.015625e-01  -4.687500e-02
  2.265625e-01  -1.015625e-01  -1.562500e-02
  2.265625e-01  -1.015625e-01   1.562500e-02
  2.265625e-01  -1.015625e-01   4.687500e-02
  2.265625e-01  -1.015625e-01   7.812500e-02
  2.265625e-01  -1.015625e-01   1.093750e-01
  2.265625e-01  -8.593750e-02  -1.093750e-01
  2.265625e-01  -8.593750e-02  -7.812500e-02
  2.265625e-01  -8.593750e-02  -4.687500e-02
  2.265625e-01  -8.593750e-02  -1.562500e-02
  2.265625e-01  -8.593750e-02   1.562500e-02
  2.265625e-01  -8.593750e-02   4.687500e-02
  2.265625e-01  -8.593750e-02   7.812500e-02
  2.265625e-01  -8.593750e-02   1.093750e-01
  2.265625e-01  -7.031250e-02  -1.093750e-01
  2.265625e-01  -7.031250e-02  -7.812500e-02
  2.265625e-01  -7.031250e-02  -4.687500e-02
  2.265625e-01  -7.031250e-02  -1.562500e-02
  2.265625e-01  -7.031250e-02   1.562500e-02
  2.265625e-01  -7.031250e-02   4.687500e-02
  2.265625e-01  -7.031250e-02   7.812500e-02
  2.265625e-01  -7.031250e-02   1.093750e-01
  2.265625e-01  -5.468750e-02  -1.093750e-01
  2.265625e-01  -5.468750e-02  -7.812500e-02
  2.265625e-01  -5.468750e-02  -4.687500e-02
  2.265625e-01  -5.468750e-02  -1.562500e-02
  2.265625e-01  -5.468750e-02   1.562500e-02
  2.265625e-01  -5.468750e-02   4.687500e-02
  2.265625e-01  -5.468750e-02   7.812500e-02
  2.265625e-01  -5.468750e-02   1.093750e-01
  2.265625e-01  -3.906250e-02  -1.093750e-01
  2.265625e-01  -3.906250e-02  -7.812500e-02
  2.265625e-01  -3.906250e-02  -4.687500e-02
  2.265625e-01  -3.906250e-02  -1.562500e-02
  2.265625e-01  -3.906250e-02   1.562500e-02
  2.265625e-01  -3.906250e-02   4.687500e-02
  2.265625e-01  -3.906250e-02   7.812500e-02
  2.265625e-01  -3.906250e-02   1.093750e-01
  2.265625e-01  -2.343750e-02  -1.093750e-01
  2.265625e-01  -2.343750e-02  -7.812500e-02
  2.265625e-01  -2.343750e-02  -4.687500e-02
  2.265625e-01  -2.343750e-02  -1.562500e-02
  2.265625e-01  -2.343750e-02   1.562500e-02
  2.265625e-01  -2.343750e-02   4.687500e-02
  2.265625e-01  -2.343750e-02   7.812500e-02
  2.265625e-01  -2.343750e-02   1.093750e-01
  2.265625e-01  -7.812500e-03  -1.093750e-01
  2.265625e-01  -7.812500e-03  -7.812500e-02
  2.265625e-01  -7.812500e-03  -4.687500e-02
  2.265625e-01  -7.812500e-03  -1.562500e-02
  2.265625e-01  -7.812500e-03   1.562500e-02
  2.265625e-01  -7.812500e-03   4.687500e-02
  2.265625e-01  -7.812500e-03   7.812500e-02
  2.265625e-01  -7.812500e-03   1.093750e-01
  2.265625e-01   7.812500e-03  -1.093750e-01
  2.265625e-01   7.812500e-03  -7.812500e-02
  2.265625e-01   7.812500e-03  -4.687500e-02
  2.265625e-01   7.812500e-03  -1.562500e-02
  2.265625e-01   7.812500e-03   1.562500e-02
  2.265625e-01   7.812500e-03   4.687500e-02
  2.265625e-01   7.812500e-03   7.812500e-02
  2.265625e-01   7.812500e-03   1.093750e-01
  2.265625e-01   2.343750e-02  -1.093750e-01
  2.265625e-01   2.343750e-02  -7.812500e-02
  2.265625e-01   2.343750e-02  -4.687500e-02
  2.265625e-01   2.343750e-02  -1.562500e-02
  2.265625e-01   2.343750e-02   1.562500e-02
  2.265625e-01   2.343750e-02   4.687500e-02
  2.265625e-01   2.343750e-02   7.812500e-02
  2.265625e-01   2.343750e-02   1.093750e-01
  2.265625e-01   3.906250e-02  -1.093750e-01
  2.265625e-01   3.906250e-02  -7.812500e-02
  2.265625e-01   3.906250e-02  -4.687500e-02
  2.265625e-01   3.906250e-02  -1.562500e-02
  2.265625e-01   3.906250e-02   1.562500e-02
  2.265625e-01   3.906250e-02   4.687500e-02
  2.265625e-01   3.906250e-02   7.812500e-02
  2.265625e-01   3.906250e-02   1.093750e-01
  2.265625e-01   5.468750e-02  -1.093750e-01
  2.265625e-01   5.468750e-02  -7.812500e-02
  2.265625e-01   5.468750e-02  -4.687500e-02
  2.265625e-01   5.468750e-02  -1.562500e-02
  2.265625e-01   5.468750e-02   1.562500e-02
  2.265625e-01   5.468750e-02   4.687500e-02
  2.265625e-01   5.468750e-02   7.812500e-02
  2.265625e-01   5.468750e-02   1.093750e-01
  2.265625e-01   7.031250e-02  -1.093750e-01
  2.265625e-01   7.031250e-02  -7.812500e-02
  2.265625e-01   7.031250e-02  -4.687500e-02
  2.265625e-01   7.031250e-02  -1.562500e-02
  2.265625e-01   7.031250e-02   1.562500e-02
  2.265625e-01   7.031250e-02   4.687500e-02
  2.265625e-01   7.031250e-02   7.812500e-02
  2.265625e-01   7.031250e-02   1.093750e-01
  2.265625e-01   8.593750e-02  -1.093750e-01
  2.265625e-01   8.593750e-02  -7.812500e-02
  2.265625e-01   8.593750e-02  -4.687500e-02
  2.265625e-01   8.593750e-02  -1.562500e-02
  2.265625e-01   8.593750e-02   1.562500e-02
  2.265625e-01   8.593750e-02   4.687500e-02
  2.265625e-01   8.593750e-02   7.812500e-02
  2.265625e-01   8.593750e-02   1.093750e-01
  2.265625e-01   1.015625e-01  -1.093750e-01
  2.265625e-01   1.015625e-01  -7.812500e-02
  2.265625e-01   1.015625e-01  -4.687500e-02
  2.265625e-01   1.015625e-01  -1.562500e-02
  2.265625e-01   1.015625e-01   1.562500e-02
  2.265625e-01   1.015625e-01   4.687500e-02
  2.265625e-01   1.015625e-01   7.812500e-02
  2.265625e-01   1.015625e-01   1.093750e-01
  2.265625e-01   1.171875e-01  -1.093750e-01
  2.265625e-01   1.171875e-01  -7.812500e-02
  2.265625e-01   1.171875e-01  -4.687500e-02
  2.265625e-01   1.171875e-01  -1.562500e-02
  2.265625e-01   1.171875e-01   1.562500e-02
  2.265625e-01   1.171875e-01   4.687500e-02
  2.265625e-01   1.171875e-01   7.812500e-02
  2.265625e-01   1.171875e-01   1.093750e-01
  2.265625e-01   1.328125e-01  -1.093750e-01
  2.265625e-01   1.328125e-01  -7.812500e-02
  2.265625e-01   1.328125e-01  -4.687500e-02
  2.265625e-01   1.328125e-01  -1.562500e-02
  2.265625e-01   1.328125e-01   1.562500e-02
  2.265625e-01   1.328125e-01   4.687500e-02
  2.265625e-01   1.328125e-01   7.812500e-02
  2.265625e-01   1.328125e-01   1.093750e-01
  2.265625e-01   1.484375e-01  -1.093750e-01
  2.265625e-01   1.484375e-01  -7.812500e-02
  2.265625e-01   1.484375e-01  -4.687500e-02
  2.265625e-01   1.484375e-01  -1.562500e-02
  2.265625e-01   1.484375e-01   1.562500e-02
  2.265625e-01   1.484375e-01   4.687500e-02
  2.265625e-01   1.484375e-01   7.812500e-02
  2.265625e-01   1.484375e-01   1.093750e-01
  2.265625e-01   1.640625e-01  -1.093750e-01
  2.265625e-01   1.640625e-01  -7.812500e-02
  2.265625e-01   1.640625e-01  -4.687500e-02
  2.265625e-01   1.640625e-01  -1.562500e-02
  2.265625e-01   1.640625e-01   1.562500e-02
  2.265625e-01   1.640625e-01   4.687500e-02
  2.265625e-01   1.640625e-01   7.812500e-02
  2.265625e-01   1.640625e-01   1.093750e-01
  2.265625e-01   1.796875e-01  -1.093750e-01
  2.265625e-01   1.796875e-01  -7.812500e-02
  2.265625e-01   1.796875e-01  -4.687500e-02
  2.265625e-01   1.796875e-01  -1.562500e-02
  2.265625e-01   1.796875e-01   1.562500e-02
  2.265625e-01   1.796875e-01   4.687500e-02
  2.265625e-01   1.796875e-01   7.812500e-02
  2.265625e-01   1.796875e-01   1.093750e-01
  2.265625e-01   1.953125e-01  -1.093750e-01
  2.265625e-01   1.953125e-01  -7.812500e-02
  2.265625e-01   1.953125e-01  -4.687500e-02
  2.265625e-01   1.953125e-01  -1.562500e-02
  2.265625e-01   1.953125e-01   1.562500e-02
  2.265625e-01   1.953125e-01   4.687500e-02
  2.265625e-01   1.953125e-01   7.812500e-02
  2.265625e-01   1.953125e-01   1.093750e-01
  2.265625e-01   2.109375e-01  -1.093750e-01
  2.265625e-01   2.109375e-01  -7.812500e-02
  2.265625e-01   2.109375e-01  -4.687500e-02
  2.265625e-01   2.109375e-01  -1.562500e-02
  2.265625e-01   2.109375e-01   1.562500e-02
  2.265625e-01   2.109375e-01   4.687500e-02
  2.265625e-01   2.109375e-01   7.812500e-02
  2.265625e-01   2.109375e-01   1.093750e-01
  2.265625e-01   2.265625e-01  -1.093750e-01
  2.265625e-01   2.265625e-01  -7.812500e-02
  2.265625e-01   2.265625e-01  -4.687500e-02
  2.265625e-01   2.265625e-01  -1.562500e-02
  2.265625e-01   2.265625e-01   1.562500e-02
  2.265625e-01   2.265625e-01   4.687500e-02
  2.265625e-01   2.265625e-01   7.812500e-02
  2.265625e-01   2.265625e-01   1.093750e-01
  2.265625e-01   2.421875e-01  -1.093750e-01
  2.265625e-01   2.421875e-01  -7.812500e-02
  2.265625e-01   2.421875e-01  -4.687500e-02
  2.265625e-01   2.421875e-01  -1.562500e-02
  2.265625e-01   2.421875e-01   1.562500e-02
  2.265625e-01   2.421875e-01   4.687500e-02
  2.265625e-01   2.421875e-01   7.812500e-02
  2.265625e-01   2.421875e-01   1.093750e-01
  2.421875e-01  -2.421875e-01  -1.093750e-01
  2.421875e-01  -2.421875e-01  -7.812500e-02
  2.421875e-01  -2.421875e-01  -4.687500e-02
  2.421875e-01  -2.421875e-01  -1.562500e-02
  2.421875e-01  -2.421875e-01   1.562500e-02
  2.421875e-01  -2.421875e-01   4.687500e-02
  2.421875e-01  -2.421875e-01   7.812500e-02
  2.421875e-01  -2.421875e-01   1.093750e-01
  2.421875e-01  -2.265625e-01  -1.093750e-01
  2.421875e-01  -2.265625e-01  -7.812500e-02
  2.421875e-01  -2.265625e-01  -4.687500e-02
  2.421875e-01  -2.265625e-01  -1.562500e-02
  2.421875e-01  -2.265625e-01   1.562500e-02
  2.421875e-01  -2.265625e-01   4.687500e-02
  2.421875e-01  -2.265625e-01   7.812500e-02
  2.421875e-01  -2.265625e-01   1.093750e-01
  2.421875e-01  -2.109375e-01  -1.093750e-01
  2.421875e-01  -2.109375e-01  -7.812500e-02
  2.421875e-01  -2.109375e-01  -4.687500e-02
  2.421875e-01  -2.109375e-01  -1.562500e-02
  2.421875e-01  -2.109375e-01   1.562500e-02
  2.421875e-01  -2.109375e-01   4.687500e-02
  2.421875e-01  -2.109375e-01   7.812500e-02
  2.421875e-01  -2.109375e-01   1.093750e-01
  2.421875e-01  -1.953125e-01  -1.093750e-01
  2.421875e-01  -1.953125e-01  -7.812500e-02
  2.421875e-01  -1.953125e-01  -4.687500e-02
  2.421875e-01  -1.953125e-01  -1.562500e-02
  2.421875e-01  -1.953125e-01   1.562500e-02
  2.421875e-01  -1.953125e-01   4.687500e-02
  2.421875e-01  -1.953125e-01   7.812500e-02
  2.421875e-01  -1.953125e-01   1.093750e-01
  2.421875e-01  -1.796875e-01  -1.093750e-01
  2.421875e-01  -1.796875e-01  -7.812500e-02
  2.421875e-01  -1.796875e-01  -4.687500e-02
  2.421875e-01  -1.796875e-01  -1.562500e-02
  2.421875e-01  -1.796875e-01   1.562500e-02
  2.421875e-01  -1.796875e-01   4.687500e-02
  2.421875e-01  -1.796875e-01   7.812500e-02
  2.421875e-01  -1.796875e-01   1.093750e-01
  2.421875e-01  -1.640625e-01  -1.093750e-01
  2.421875e-01  -1.640625e-01  -7.812500e-02
  2.421875e-01  -1.640625e-01  -4.687500e-02
  2.421875e-01  -1.640625e-01  -1.562500e-02
  2.421875e-01  -1.640625e-01   1.562500e-02
  2.421875e-01  -1.640625e-01   4.687500e-02
  2.421875e-01  -1.640625e-01   7.812500e-02
  2.421875e-01  -1.640625e-01   1.093750e-01
  2.421875e-01  -1.484375e-01  -1.093750e-01
  2.421875e-01  -1.484375e-01  -7.812500e-02
  2.421875e-01  -1.484375e-01  -4.687500e-02
  2.421875e-01  -1.484375e-01  -1.562500e-02
  2.421875e-01  -1.484375e-01   1.562500e-02
  2.421875e-01  -1.484375e-01   4.687500e-02
  2.421875e-01  -1.484375e-01   7.812500e-02
  2.421875e-01  -1.484375e-01   1.093750e-01
  2.421875e-01  -1.328125e-01  -1.093750e-01
  2.421875e-01  -1.328125e-01  -7.812500e-02
  2.421875e-01  -1.328125e-01  -4.687500e-02
  2.421875e-01  -1.328125e-01  -1.562500e-02
  2.421875e-01  -1.328125e-01   1.562500e-02
  2.421875e-01  -1.328125e-01   4.687500e-02
  2.421875e-01  -1.328125e-01   7.812500e-02
  2.421875e-01  -1.328125e-01   1.093750e-01
  2.421875e-01  -1.171875e-01  -1.093750e-01
  2.421875e-01  -1.171875e-01  -7.812500e-02
  2.421875e-01  -1.171875e-01  -4.687500e-02
  2.421875e-01  -1.171875e-01  -1.562500e-02
  2.421875e-01  -1.171875e-01   1.562500e-02
  2.421875e-01  -1.171875e-01   4.687500e-02
  2.421875e-01  -1.171875e-01   7.812500e-02
  2.421875e-01  -1.171875e-01   1.093750e-01
  2.421875e-01  -1.015625e-01  -1.093750e-01
  2.421875e-01  -1.015625e-01  -7.812500e-02
  2.421875e-01  -1.015625e-01  -4.687500e-02
  2.421875e-01  -1.015625e-01  -1.562500e-02
  2.421875e-01  -1.015625e-01   1.562500e-02
  2.421875e-01  -1.015625e-01   4.687500e-02
  2.421875e-01  -1.015625e-01   7.812500e-02
  2.421875e-01  -1.015625e-01   1.093750e-01
  2.421875e-01  -8.593750e-02  -1.093750e-01
  2.421875e-01  -8.593750e-02  -7.812500e-02
  2.421875e-01  -8.593750e-02  -4.687500e-02
  2.421875e-01  -8.593750e-02  -1.562500e-02
  2.421875e-01  -8.593750e-02   1.562500e-02
  2.421875e-01  -8.593750e-02   4.687500e-02
  2.421875e-01  -8.593750e-02   7.812500e-02
  2.421875e-01  -8.593750e-02   1.093750e-01
  2.421875e-01  -7.031250e-02  -1.093750e-01
  2.421875e-01  -7.031250e-02  -7.812500e-02
  2.421875e-01  -7.031250e-02  -4.687500e-02
  2.421875e-01  -7.031250e-02  -1.562500e-02
  2.421875e-01  -7.031250e-02   1.562500e-02
  2.421875e-01  -7.031250e-02   4.687500e-02
  2.421875e-01  -7.031250e-02   7.812500e-02
  2.421875e-01  -7.031250e-02   1.093750e-01
  2.421875e-01  -5.468750e-02  -1.093750e-01
  2.421875e-01  -5.468750e-02  -7.812500e-02
  2.421875e-01  -5.468750e-02  -4.687500e-02
  2.421875e-01  -5.468750e-02  -1.562500e-02
  2.421875e-01  -5.468750e-02   1.562500e-02
  2.421875e-01  -5.468750e-02   4.687500e-02
  2.421875e-01  -5.468750e-02   7.812500e-02
  2.421875e-01  -5.468750e-02   1.093750e-01
  2.421875e-01  -3.906250e-02  -1.093750e-01
  2.421875e-01  -3.906250e-02  -7.812500e-02
  2.421875e-01  -3.906250e-02  -4.687500e-02
  2.421875e-01  -3.906250e-02  -1.562500e-02
  2.421875e-01  -3.906250e-02   1.562500e-02
  2.421875e-01  -3.906250e-02   4.687500e-02
  2.421875e-01  -3.906250e-02   7.812500e-02
  2.421875e-01  -3.906250e-02   1.093750e-01
  2.421875e-01  -2.343750e-02  -1.093750e-01
  2.421875e-01  -2.343750e-02  -7.812500e-02
  2.421875e-01  -2.343750e-02  -4.687500e-02
  2.421875e-01  -2.343750e-02  -1.562500e-02
  2.421875e-01  -2.343750e-02   1.562500e-02
  2.421875e-01  -2.343750e-02   4.687500e-02
  2.421875e-01  -2.343750e-02   7.812500e-02
  2.421875e-01  -2.343750e-02   1.093750e-01
  2.421875e-01  -7.812500e-03  -1.093750e-01
  2.421875e-01  -7.812500e-03  -7.812500e-02
  2.421875e-01  -7.812500e-03  -4.687500e-02
  2.421875e-01  -7.812500e-03  -1.562500e-02
  2.421875e-01  -7.812500e-03   1.562500e-02
  2.421875e-01  -7.812500e-03   4.687500e-02
  2.421875e-01  -7.812500e-03   7.812500e-02
  2.421875e-01  -7.812500e-03   1.093750e-01
  2.421875e-01   7.812500e-03  -1.093750e-01
  2.421875e-01   7.812500e-03  -7.812500e-02
  2.421875e-01   7.812500e-03  -4.687500e-02
  2.421875e-01   7.812500e-03  -1.562500e-02
  2.421875e-01   7.812500e-03   1.562500e-02
  2.421875e-01   7.812500e-03   4.687500e-02
  2.421875e-01   7.812500e-03   7.812500e-02
  2.421875e-01   7.812500e-03   1.093750e-01
  2.421875e-01   2.343750e-02  -1.093750e-01
  2.421875e-01   2.343750e-02  -7.812500e-02
  2.421875e-01   2.343750e-02  -4.687500e-02
  2.421875e-01   2.343750e-02  -1.562500e-02
  2.421875e-01   2.343750e-02   1.562500e-02
  2.421875e-01   2.343750e-02   4.687500e-02
  2.421875e-01   2.343750e-02   7.812500e-02
  2.421875e-01   2.343750e-02   1.093750e-01
  2.421875e-01   3.906250e-02  -1.093750e-01
  2.421875e-01   3.906250e-02  -7.812500e-02
  2.421875e-01   3.906250e-02  -4.687500e-02
  2.421875e-01   3.906250e-02  -1.562500e-02
  2.421875e-01   3.906250e-02   1.562500e-02
  2.421875e-01   3.906250e-02   4.687500e-02
  2.421875e-01   3.906250e-02   7.812500e-02
  2.421875e-01   3.906250e-02   1.093750e-01
  2.421875e-01   5.468750e-02  -1.093750e-01
  2.421875e-01   5.468750e-02  -7.812500e-02
  2.421875e-01   5.468750e-02  -4.687500e-02
  2.421875e-01   5.468750e-02  -1.562500e-02
  2.421875e-01   5.468750e-02   1.562500e-02
  2.421875e-01   5.468750e-02   4.687500e-02
  2.421875e-01   5.468750e-02   7.812500e-02
  2.421875e-01   5.468750e-02   1.093750e-01
  2.421875e-01   7.031250e-02  -1.093750e-01
  2.421875e-01   7.031250e-02  -7.812500e-02
  2.421875e-01   7.031250e-02  -4.687500e-02
  2.421875e-01   7.031250e-02  -1.562500e-02
  2.421875e-01   7.031250e-02   1.562500e-02
  2.421875e-01   7.031250e-02   4.687500e-02
  2.421875e-01   7.031250e-02   7.812500e-02
  2.421875e-01   7.031250e-02   1.093750e-01
  2.421875e-01   8.593750e-02  -1.093750e-01
  2.421875e-01   8.593750e-02  -7.812500e-02
  2.421875e-01   8.593750e-02  -4.687500e-02
  2.421875e-01   8.593750e-02  -1.562500e-02
  2.421875e-01   8.593750e-02   1.562500e-02
  2.421875e-01   8.593750e-02   4.687500e-02
  2.421875e-01   8.593750e-02   7.812500e-02
  2.421875e-01   8.593750e-02   1.093750e-01
  2.421875e-01   1.015625e-01  -1.093750e-01
  2.421875e-01   1.015625e-01  -7.812500e-02
  2.421875e-01   1.015625e-01  -4.687500e-02
  2.421875e-01   1.015625e-01  -1.562500e-02
  2.421875e-01   1.015625e-01   1.562500e-02
  2.421875e-01   1.015625e-01   4.687500e-02
  2.421875e-01   1.015625e-01   7.812500e-02
  2.421875e-01   1.015625e-01   1.093750e-01
  2.421875e-01   1.171875e-01  -1.093750e-01
  2.421875e-01   1.171875e-01  -7.812500e-02
  2.421875e-01   1.171875e-01  -4.687500e-02
  2.421875e-01   1.171875e-01  -1.562500e-02
  2.421875e-01   1.171875e-01   1.562500e-02
  2.421875e-01   1.171875e-01   4.687500e-02
  2.421875e-01   1.171875e-01   7.812500e-02
  2.421875e-01   1.171875e-01   1.093750e-01
  2.421875e-01   1.328125e-01  -1.093750e-01
  2.421875e-01   1.328125e-01  -7.812500e-02
  2.421875e-01   1.328125e-01  -4.687500e-02
  2.421875e-01   1.328125e-01  -1.562500e-02
  2.421875e-01   1.328125e-01   1.562500e-02
  2.421875e-01   1.328125e-01   4.687500e-02
  2.421875e-01   1.328125e-01   7.812500e-02
  2.421875e-01   1.328125e-01   1.093750e-01
  2.421875e-01   1.484375e-01  -1.093750e-01
  2.421875e-01   1.484375e-01  -7.812500e-02
  2.421875e-01   1.484375e-01  -4.687500e-02
  2.421875e-01   1.484375e-01  -1.562500e-02
  2.421875e-01   1.484375e-01   1.562500e-02
  2.421875e-01   1.484375e-01   4.687500e-02
  2.421875e-01   1.484375e-01   7.812500e-02
  2.421875e-01   1.484375e-01   1.093750e-01
  2.421875e-01   1.640625e-01  -1.093750e-01
  2.421875e-01   1.640625e-01  -7.812500e-02
  2.421875e-01   1.640625e-01  -4.687500e-02
  2.421875e-01   1.640625e-01  -1.562500e-02
  2.421875e-01   1.640625e-01   1.562500e-02
  2.421875e-01   1.640625e-01   4.687500e-02
  2.421875e-01   1.640625e-01   7.812500e-02
  2.421875e-01   1.640625e-01   1.093750e-01
  2.421875e-01   1.796875e-01  -1.093750e-01
  2.421875e-01   1.796875e-01  -7.812500e-02
  2.421875e-01   1.796875e-01  -4.687500e-02
  2.421875e-01   1.796875e-01  -1.562500e-02
  2.421875e-01   1.796875e-01   1.562500e-02
  2.421875e-01   1.796875e-01   4.687500e-02
  2.421875e-01   1.796875e-01   7.812500e-02
  2.421875e-01   1.796875e-01   1.093750e-01
  2.421875e-01   1.953125e-01  -1.093750e-01
  2.421875e-01   1.953125e-01  -7.812500e-02
  2.421875e-01   1.953125e-01  -4.687500e-02
  2.421875e-01   1.953125e-01  -1.562500e-02
  2.421875e-01   1.953125e-01   1.562500e-02
  2.421875e-01   1.953125e-01   4.687500e-02
  2.421875e-01   1.953125e-01   7.812500e-02
  2.421875e-01   1.953125e-01   1.093750e-01
  2.421875e-01   2.109375e-01  -1.093750e-01
  2.421875e-01   2.109375e-01  -7.812500e-02
  2.421875e-01   2.109375e-01  -4.687500e-02
  2.421875e-01   2.109375e-01  -1.562500e-02
  2.421875e-01   2.109375e-01   1.562500e-02
  2.421875e-01   2.109375e-01   4.687500e-02
  2.421875e-01   2.109375e-01   7.812500e-02
  2.421875e-01   2.109375e-01   1.093750e-01
  2.421875e-01   2.265625e-01  -1.093750e-01
  2.421875e-01   2.265625e-01  -7.812500e-02
  2.421875e-01   2.265625e-01  -4.687500e-02
  2.421875e-01   2.265625e-01  -1.562500e-02
  2.421875e-01   2.265625e-01   1.562500e-02
  2.421875e-01   2.265625e-01   4.687500e-02
  2.421875e-01   2.265625e-01   7.812500e-02
  2.421875e-01   2.265625e-01   1.093750e-01
  2.421875e-01   2.421875e-01  -1.093750e-01
  2.421875e-01   2.421875e-01  -7.812500e-02
  2.421875e-01   2.421875e-01  -4.687500e-02
  2.421875e-01   2.421875e-01  -1.562500e-02
  2.421875e-01   2.421875e-01   1.562500e-02
  2.421875e-01   2.421875e-01   4.687500e-02
  2.421875e-01   2.421875e-01   7.812500e-02
  2.421875e-01   2.421875e-01   1.093750e-01
