# B2  M_xy  beta  p  rho  v2
  1.903709e-03   1.663801e-07   2.248281e-06   8.514934e-11   8.514934e-01   6.285257e+01
  4.123826e-02   3.741215e-05   2.369917e-08   1.944302e-11   1.944302e-01   2.194039e+01
  6.171968e-02   5.962542e-07   3.743482e+01   4.596524e-02   6.785374e-01   9.496195e+00
  1.994276e-02  -9.587926e-07   2.011150e+03   7.979210e-01   9.312745e-01   8.580151e+00
  1.979374e-02  -1.333978e-07   2.025622e+03   7.976571e-01   9.307550e-01   8.587771e+00
  6.153601e-02   1.383999e-06   5.391461e+01   6.600334e-02   6.787004e-01   9.484752e+00
  4.051712e-02  -2.855769e-05   2.096273e-08   1.689728e-11   1.689728e-01   2.628746e+01
  1.846651e-03  -2.649659e-07   2.405936e-06   8.838914e-11   8.838914e-01   6.996203e+01
  2.375270e-03   1.034292e-06   1.472386e-06   6.957688e-11   6.957688e-01   7.211293e+01
  3.917079e-02  -3.217839e-05   1.467260e-08   1.143404e-11   1.143404e-01   7.611505e+01
  6.452119e-02   1.400124e-05   2.225603e+01   2.856802e-02   7.187453e-01   9.449352e+00
  2.019375e-02  -4.907805e-08   1.972328e+03   7.923668e-01   9.340767e-01   8.613425e+00
  1.980988e-02   3.934404e-07   2.003346e+03   7.895291e-01   9.236974e-01   8.557426e+00
  6.064233e-02   9.526096e-07   5.457163e+01   6.583744e-02   6.791353e-01   9.425800e+00
  4.073440e-02   8.496528e-06   2.453646e-08   1.988398e-11   1.988398e-01   1.556473e+01
  1.658756e-03   1.866299e-07   2.647212e-06   8.735771e-11   8.735771e-01   6.579679e+01
  1.688837e-03   6.039843e-08   2.589989e-06   8.701932e-11   8.701932e-01   7.167600e+01
  3.958355e-02  -2.188858e-05   2.186447e-08   1.721805e-11   1.721805e-01   1.426725e+01
  6.075082e-02   2.316029e-06   1.556342e+02   1.880993e-01   6.703745e-01   8.920770e+00
  2.016697e-02  -4.614516e-08   1.987135e+03   7.972568e-01   9.157138e-01   8.551551e+00
  1.978570e-02   2.092466e-08   2.043276e+03   8.042825e-01   9.360578e-01   8.570664e+00
  6.148320e-02  -9.660990e-07   4.841364e+01   5.921808e-02   6.895132e-01   9.420906e+00
  4.053836e-02   1.394299e-05   1.979085e-08   1.596103e-11   1.596103e-01   3.093697e+01
  1.874062e-03   6.158971e-07   2.183152e-06   8.139506e-11   8.139506e-01   6.942430e+01
  2.042103e-03   2.032837e-07   2.364828e-06   9.607432e-11   9.607432e-01   7.033403e+01
           nan            nan            nan            nan            inf            nan
  6.258819e-02   2.223230e-06   5.398626e-08   6.722112e-11   6.722112e-01   9.849528e+00
  1.939529e-02  -4.221942e-07   2.059259e+03   7.945793e-01   9.366080e-01   8.603530e+00
  2.001554e-02   5.491623e-07   1.994544e+03   7.942205e-01   9.212996e-01   8.572761e+00
  5.989776e-02   4.655088e-06   1.045252e+02   1.245551e-01   6.774337e-01   9.179976e+00
  4.086133e-02  -2.383080e-05   2.322950e-08   1.888350e-11   1.888350e-01   1.537791e+01
  1.567526e-03  -6.605434e-08   2.874945e-06   8.965498e-11   8.965498e-01   6.835616e+01
           nan            nan            nan            nan            inf            nan
           inf            inf            nan            nan           -inf            nan
           nan            nan            nan            nan            nan            nan
  2.057862e-02  -3.619027e-08   1.938772e+03   7.937306e-01   9.251499e-01   8.584454e+00
  1.960803e-02  -3.473746e-07   2.047209e+03   7.985946e-01   9.347606e-01   8.581782e+00
  6.166747e-02  -7.913267e-07   2.927928e+01   3.592086e-02   6.809452e-01   9.578419e+00
  4.083786e-02   2.749634e-06   2.242502e-08   1.821905e-11   1.821905e-01   2.266928e+01
  1.865136e-03   6.205470e-07   2.267686e-06   8.414409e-11   8.414409e-01   6.730797e+01
           nan            nan            nan            nan            nan            nan
           nan            nan            nan            nan            nan            nan
           inf -9.920428e+306   0.000000e+00  3.737690e+194  3.737690e+204            inf
           nan            nan            nan            nan           -inf            inf
  2.031002e-02   7.540715e-08   1.962591e+03   7.929948e-01   9.238892e-01   8.565056e+00
  5.946116e-02  -1.734238e-06   8.413094e+01   9.952203e-02   6.843130e-01   9.221353e+00
  3.966143e-02   9.159269e-06   2.233461e-08   1.762288e-11   1.762288e-01   1.956292e+01
  1.464670e-03   3.828810e-09   2.979670e-06   8.682366e-11   8.682366e-01   6.923955e+01
           nan            inf            nan            nan            nan            nan
           inf           -inf   0.000000e+00  2.095258e+218  2.095258e+228            inf
           nan            nan            nan            nan           -inf            inf
  2.032271e-02  -3.620835e-07   1.985882e+03   8.029069e-01   9.245659e-01   8.548578e+00
  1.955392e-02   5.285123e-07   2.061445e+03   8.019287e-01   9.314826e-01   8.579978e+00
  6.091375e-02  -5.600612e-06   8.249031e+01   9.996511e-02   6.796023e-01   9.258358e+00
  4.176874e-02  -4.409032e-07   2.289644e-08   1.902609e-11   1.902609e-01   1.764620e+01
  1.738556e-03  -3.693865e-07   2.437225e-06   8.429742e-11   8.429742e-01   6.720231e+01
  1.770209e-03  -1.401596e-06   2.638709e-06   9.292792e-11   9.292792e-01   6.891887e+01
           nan            nan            nan            nan            inf            nan
  6.103191e-02  -9.433694e-07   5.743536e+01   6.973751e-02   6.721977e-01   9.474402e+00
  1.947768e-02  -6.119971e-07   2.052974e+03   7.955192e-01   9.287082e-01   8.574635e+00
  2.032469e-02  -1.249813e-07   1.961590e+03   7.931627e-01   9.269783e-01   8.589601e+00
  6.040280e-02   5.894378e-06   6.736559e+01   8.095159e-02   6.848188e-01   9.338416e+00
  4.003175e-02  -6.132758e-06   2.156813e-08   1.717700e-11   1.717700e-01   2.318327e+01
  1.596162e-03   4.805418e-07   2.751470e-06   8.737192e-11   8.737192e-01   7.011894e+01
           nan            nan            nan            nan            inf            nan
           inf            inf            nan            nan           -inf            nan
           nan            nan            nan            nan            nan            nan
  2.028371e-02  -4.919242e-07   1.996913e+03   8.058172e-01   9.337735e-01   8.560968e+00
  1.965885e-02   7.706032e-07   2.053299e+03   8.030461e-01   9.285790e-01   8.564301e+00
  6.054125e-02  -3.108785e-06   9.930728e+01   1.196087e-01   6.810447e-01   9.130678e+00
  4.058389e-02   1.990199e-05   2.429175e-08   1.961294e-11   1.961294e-01   1.460465e+01
  1.628995e-03   7.827934e-09   2.674256e-06   8.666682e-11   8.666682e-01   6.621603e+01
           nan            nan            nan            nan            nan            nan
           nan            nan            nan            nan            nan            nan
           inf  7.031885e+286   0.000000e+00  5.284104e+178  5.284104e+188            inf
           inf            inf            nan            nan           -inf            inf
  2.021783e-02   6.613864e-07   1.968194e+03   7.916490e-01   9.263706e-01   8.587894e+00
  6.086746e-02  -4.550502e-06   7.783469e+01   9.425156e-02   6.883079e-01   9.265195e+00
  4.018934e-02   1.223016e-05   2.106337e-08   1.684104e-11   1.684104e-01   2.439706e+01
  1.669131e-03  -4.406569e-07   2.544317e-06   8.448737e-11   8.448737e-01   6.970597e+01
           nan            nan            nan            nan            nan            nan
           inf           -inf   0.000000e+00  1.992903e+200  1.992903e+210            inf
           inf            inf            nan            nan           -inf            inf
  2.015604e-02   6.716470e-07   2.014503e+03   8.077993e-01   9.272588e-01   8.557292e+00
  1.953921e-02   6.101879e-09   2.080217e+03   8.086224e-01   9.272970e-01   8.535704e+00
  6.019022e-02   2.049992e-06   1.253927e+02   1.501510e-01   6.724215e-01   9.028456e+00
  4.043121e-02  -3.150362e-05   2.511476e-08   2.020115e-11   2.020115e-01   1.163687e+01
  1.547154e-03  -3.695714e-07   2.913173e-06   8.966645e-11   8.966645e-01   6.674576e+01
  1.619554e-03  -2.932794e-07   2.654904e-06   8.554102e-11   8.554102e-01   6.887401e+01
           inf            inf            nan            nan           -inf            inf
  5.958974e-02   9.572818e-06   1.376577e+02   1.631932e-01   6.740781e-01   8.985143e+00
  1.944718e-02   1.309023e-07   2.069114e+03   8.005178e-01   9.204832e-01   8.551791e+00
  1.983863e-02   3.917976e-07   2.020084e+03   7.972807e-01   9.313003e-01   8.587751e+00
  6.092884e-02  -2.027109e-06   6.914133e+01   8.380903e-02   6.786716e-01   9.370099e+00
  4.141044e-02  -3.955895e-06   2.286679e-08   1.883845e-11   1.883845e-01   1.814203e+01
  1.732401e-03   4.621209e-09   2.533812e-06   8.732788e-11   8.732788e-01   6.775802e+01
  1.628538e-03   2.667899e-07   3.026197e-06   9.804494e-11   9.804494e-01   6.657469e+01
  4.160863e-02   2.937111e-05   4.658043e-01   3.855823e-04   2.170643e-01   9.668386e+00
  6.090992e-02  -5.051276e-06   1.344182e+02   1.628832e-01   6.557644e-01   9.084879e+00
  1.937045e-02   1.036950e-06   2.104678e+03   8.110648e-01   9.270891e-01   8.542300e+00
  1.951091e-02  -3.054971e-07   2.082254e+03   8.082417e-01   9.294971e-01   8.564040e+00
  6.029341e-02   2.715390e-06   1.030492e+02   1.236075e-01   6.730947e-01   9.144520e+00
  4.045192e-02   4.567709e-06   2.524343e-08   2.031504e-11   2.031504e-01   1.244229e+01
  1.587245e-03   5.230233e-08   2.854028e-06   9.012234e-11   9.012234e-01   6.589144e+01
  1.762346e-03   4.099442e-07   2.623955e-06   9.199786e-11   9.199786e-01   6.248793e+01
  4.281216e-02   3.382261e-05   1.177935e+02   1.003272e-01   2.390015e-01   8.819604e+00
  6.021348e-02   2.942857e-06   2.535120e+01   3.036844e-02   6.553128e-01   9.671329e+00
  1.897692e-02  -5.045867e-07   2.121921e+03   8.010968e-01   9.313493e-01   8.570891e+00
  1.981309e-02   3.688546e-07   2.013180e+03   7.935328e-01   9.317858e-01   8.619379e+00
  6.112675e-02  -1.022577e-06   6.170086e+01   7.503306e-02   6.794728e-01   9.379059e+00
  4.142624e-02  -2.201397e-06   2.343563e-08   1.931445e-11   1.931445e-01   1.693480e+01
  1.771842e-03   3.717525e-07   2.405145e-06   8.478055e-11   8.478055e-01   6.599418e+01
  1.767448e-03  -4.328329e-07   2.301792e-06   8.093622e-11   8.093622e-01   6.350113e+01
  4.158176e-02  -1.832478e-05   2.412619e-08   1.995822e-11   1.995822e-01   1.578908e+01
  6.127023e-02  -8.692222e-06   4.938007e+01   6.019097e-02   6.820161e-01   9.393201e+00
  1.944268e-02  -4.028925e-07   2.070097e+03   8.007133e-01   9.350825e-01   8.584170e+00
  1.975048e-02  -1.128677e-07   2.027043e+03   7.964725e-01   9.242964e-01   8.575942e+00
  6.059941e-02  -3.555093e-07   9.067248e+01   1.093136e-01   6.816162e-01   9.203442e+00
  4.010870e-02   2.023428e-05   2.371974e-08   1.892687e-11   1.892687e-01   1.614481e+01
  1.642176e-03  -3.567041e-09   2.555336e-06   8.348299e-11   8.348299e-01   6.614541e+01
  1.877028e-03  -8.355790e-07   2.104174e-06   7.857465e-11   7.857465e-01   6.516247e+01
  4.270471e-02   1.449595e-05   2.370046e-08   2.013551e-11   2.013551e-01   1.674796e+01
  6.085282e-02  -1.773527e-06   3.960918e+01   4.795200e-02   6.757220e-01   9.525331e+00
  1.941121e-02  -1.329636e-07   2.068248e+03   7.987029e-01   9.323159e-01   8.581607e+00
  1.981343e-02  -6.430167e-07   2.016300e+03   7.947761e-01   9.296605e-01   8.584830e+00
  6.104273e-02  -8.782101e-06   7.702549e+01   9.354026e-02   6.748474e-01   9.298439e+00
  4.093202e-02   1.163914e-05   2.326351e-08   1.894386e-11   1.894386e-01   1.722187e+01
  1.714147e-03  -3.837088e-08   2.497449e-06   8.516767e-11   8.516767e-01   6.760378e+01
  1.897481e-03   2.210081e-06   2.164110e-06   8.169336e-11   8.169336e-01   6.721686e+01
  4.084169e-02   1.266702e-05   2.125236e-08   1.726796e-11   1.726796e-01   2.814729e+01
  6.198271e-02  -2.163208e-06   1.283812e+01   1.583077e-02   6.903971e-01   9.632383e+00
  1.955865e-02  -2.784862e-07   2.044805e+03   7.956478e-01   9.354094e-01   8.602440e+00
  1.994494e-02  -6.301348e-07   2.001201e+03   7.940605e-01   9.246081e-01   8.580063e+00
  6.068878e-02   3.823121e-06   7.691578e+01   9.286541e-02   6.794655e-01   9.289079e+00
  4.052137e-02  -2.155392e-05   2.335037e-08   1.882383e-11   1.882383e-01   1.691645e+01
  1.705580e-03  -1.479671e-07   2.546607e-06   8.641000e-11   8.641000e-01   6.624150e+01
  1.856606e-03  -1.798419e-07   2.069034e-06   7.642184e-11   7.642184e-01   6.697431e+01
  3.993360e-02  -2.449720e-05   2.129647e-08   1.691906e-11   1.691906e-01   2.577690e+01
  6.110091e-02   5.109332e-06   5.311037e+01   6.455906e-02   6.968757e-01   9.352817e+00
  1.996774e-02  -4.764743e-07   2.003364e+03   7.958277e-01   9.323154e-01   8.587039e+00
  1.995516e-02  -2.423023e-07   1.993937e+03   7.915837e-01   9.276404e-01   8.584643e+00
  6.100960e-02   2.232397e-06   7.890817e+01   9.577459e-02   6.810682e-01   9.219193e+00
  4.025889e-02  -2.622086e-06   2.275648e-08   1.822624e-11   1.822624e-01   1.858338e+01
  1.674830e-03   6.169379e-08   2.534901e-06   8.446210e-11   8.446210e-01   6.768024e+01
  1.791665e-03   2.822023e-07   2.192315e-06   7.814298e-11   7.814298e-01   7.273105e+01
  3.962310e-02   2.154630e-07   1.896963e-08   1.495332e-11   1.495332e-01   3.471237e+01
  6.160785e-02  -3.845948e-06   6.912540e+01   8.472349e-02   6.926284e-01   9.325917e+00
  1.972787e-02   2.852664e-07   2.034584e+03   7.985202e-01   9.295673e-01   8.580215e+00
  2.013417e-02   1.386244e-07   1.997792e+03   8.002286e-01   9.264218e-01   8.546898e+00
  6.062668e-02   2.732158e-06   9.871589e+01   1.190642e-01   6.818308e-01   9.133696e+00
  3.997439e-02   6.233563e-06   2.318731e-08   1.844006e-11   1.844006e-01   1.666609e+01
  1.680528e-03  -5.030373e-08   2.536123e-06   8.479029e-11   8.479029e-01   6.701632e+01
  1.724561e-03   6.509894e-07   2.749639e-06   9.433749e-11   9.433749e-01   7.084412e+01
  4.066734e-02  -1.003702e-05   2.224185e-08   1.799479e-11   1.799479e-01   1.812081e+01
  6.049635e-02  -1.048778e-06   9.503952e+01   1.143835e-01   6.732745e-01   9.254179e+00
  1.989143e-02   2.499881e-08   2.024334e+03   8.010847e-01   9.305547e-01   8.575561e+00
  1.982604e-02   3.900107e-07   2.021044e+03   7.971533e-01   9.261599e-01   8.567084e+00
  6.073794e-02   2.800461e-06   9.601978e+01   1.160248e-01   6.760099e-01   9.137401e+00
  4.009139e-02   3.445666e-06   2.340129e-08   1.866470e-11   1.866470e-01   1.641425e+01
  1.621591e-03  -2.240562e-07   2.656629e-06   8.570426e-11   8.570426e-01   6.827877e+01
  1.827130e-03  -5.704721e-08   2.466442e-06   8.965416e-11   8.965416e-01   6.795574e+01
  4.099967e-02  -9.256214e-06   2.198153e-08   1.792951e-11   1.792951e-01   2.232352e+01
  6.133984e-02  -6.565249e-07   4.991797e+01   6.091576e-02   6.882410e-01   9.382888e+00
  1.966516e-02  -2.559022e-07   2.057910e+03   8.051076e-01   9.374794e-01   8.580523e+00
  2.003335e-02   1.504290e-07   2.012986e+03   8.022774e-01   9.246562e-01   8.551901e+00
  6.032468e-02  -1.016494e-06   1.154478e+02   1.385513e-01   6.718363e-01   9.076474e+00
  4.043462e-02  -7.497675e-06   2.447011e-08   1.968428e-11   1.968428e-01   1.330485e+01
  1.655604e-03  -5.119906e-07   2.674168e-06   8.807961e-11   8.807961e-01   6.699033e+01
  1.730143e-03  -1.107876e-06   2.473424e-06   8.513551e-11   8.513551e-01   6.927028e+01
  3.948987e-02   7.182142e-06   2.064700e-08   1.622082e-11   1.622082e-01   2.374716e+01
  6.108181e-02  -6.344470e-06   1.124903e+02   1.366965e-01   6.961020e-01   8.989045e+00
  2.029733e-02   6.289507e-07   1.992730e+03   8.046695e-01   9.331050e-01   8.576477e+00
  1.954209e-02  -4.658588e-07   2.060905e+03   8.012338e-01   9.289354e-01   8.553688e+00
  6.098586e-02   4.857529e-06   8.300778e+01   1.007113e-01   6.677707e-01   9.245463e+00
  4.069579e-02  -4.529886e-06   2.452429e-08   1.985528e-11   1.985528e-01   1.407410e+01
  1.708704e-03  -3.453424e-07   2.695590e-06   9.163275e-11   9.163275e-01   6.681976e+01
  1.645578e-03  -2.866068e-07   2.508068e-06   8.210844e-11   8.210844e-01   6.859632e+01
  4.054625e-02  -8.340238e-06   2.372637e-08   1.913869e-11   1.913869e-01   1.458888e+01
  6.080597e-02   3.290119e-06   1.299881e+02   1.572461e-01   6.755752e-01   9.024450e+00
  1.967547e-02   2.869533e-07   2.070907e+03   8.106171e-01   9.291287e-01   8.547986e+00
  1.993217e-02   1.517328e-07   2.037223e+03   8.078364e-01   9.315221e-01   8.560937e+00
  6.031720e-02  -1.259118e-06   9.200053e+01   1.103981e-01   6.727681e-01   9.164457e+00
  4.051123e-02   5.225463e-06   2.575402e-08   2.075633e-11   2.075633e-01   1.167564e+01
  1.647970e-03  -2.369159e-07   2.619377e-06   8.587710e-11   8.587710e-01   6.381978e+01
  1.775820e-03   1.921468e-06   2.811232e-06   9.931753e-11   9.931753e-01   6.983358e+01
  4.042916e-02   3.586119e-06   2.358617e-08   1.897065e-11   1.897065e-01   1.761225e+01
  6.141301e-02  -4.310231e-06   8.508818e+01   1.039584e-01   6.649040e-01   9.348491e+00
  1.977551e-02   2.740324e-07   2.043817e+03   8.040812e-01   9.316045e-01   8.570430e+00
  1.955389e-02   8.612336e-08   2.062606e+03   8.023790e-01   9.299860e-01   8.569243e+00
  6.106199e-02   6.161357e-06   8.355578e+01   1.015027e-01   6.732518e-01   9.219476e+00
  4.105905e-02  -1.072944e-05   2.317834e-08   1.893308e-11   1.893308e-01   1.664246e+01
  1.774703e-03  -8.472063e-07   2.382673e-06   8.412409e-11   8.412409e-01   6.720510e+01
  1.691823e-03   3.726265e-07   2.688331e-06   9.048319e-11   9.048319e-01   6.131333e+01
  4.125240e-02   7.985117e-06   2.738575e-08   2.247522e-11   2.247522e-01   1.055137e+01
  6.056761e-02   4.782675e-06   6.089094e+01   7.337079e-02   6.678089e-01   9.317948e+00
  1.959494e-02  -4.161052e-07   2.082145e+03   8.116802e-01   9.376351e-01   8.564182e+00
  1.984863e-02   9.170159e-08   2.041456e+03   8.061220e-01   9.300108e-01   8.575030e+00
  6.033169e-02   2.394222e-06   9.356948e+01   1.123078e-01   6.654723e-01   9.237592e+00
  4.077313e-02  -3.293542e-06   2.599610e-08   2.108688e-11   2.108688e-01   1.147750e+01
  1.634469e-03   1.152990e-07   2.710821e-06   8.814704e-11   8.814704e-01   6.470256e+01
  1.940742e-03   1.317666e-06   2.023457e-06   7.812533e-11   7.812533e-01   6.849466e+01
  3.902266e-02  -1.816044e-05   1.931696e-08   1.499636e-11   1.499636e-01   3.389183e+01
  6.250845e-02   5.181048e-06   6.792951e+01   8.447484e-02   7.033711e-01   9.194358e+00
  2.026182e-02   2.143750e-07   1.976979e+03   7.969125e-01   9.319338e-01   8.596762e+00
  1.941129e-02  -2.105479e-07   2.055603e+03   7.938229e-01   9.300127e-01   8.576414e+00
  6.126385e-02   3.674018e-06   4.473522e+01   5.452353e-02   6.728933e-01   9.463643e+00
  4.169569e-02  -4.206453e-07   2.319883e-08   1.924364e-11   1.924364e-01   1.744235e+01
  1.832433e-03   4.804817e-07   2.313026e-06   8.432158e-11   8.432158e-01   6.585309e+01
  1.533165e-03  -1.701820e-06   2.833586e-06   8.642815e-11   8.642815e-01   6.525941e+01
  3.969907e-02  -2.125931e-05   1.089626e+02   8.605736e-02   2.125059e-01   8.204694e+00
  6.016087e-02  -1.197598e-05   1.462649e+02   1.750590e-01   6.606183e-01   8.868785e+00
  1.970534e-02   1.061202e-06   2.062897e+03   8.087079e-01   9.228618e-01   8.537202e+00
  1.995026e-02  -4.426228e-07   2.035551e+03   8.079055e-01   9.347442e-01   8.576785e+00
  6.046184e-02   2.199304e-06   8.091274e+01   9.732590e-02   6.761272e-01   9.261698e+00
  4.088067e-02   2.812789e-06   2.412674e-08   1.962216e-11   1.962216e-01   1.523470e+01
  1.661592e-03   5.139725e-07   2.613821e-06   8.640331e-11   8.640331e-01   6.597814e+01
  1.830820e-03   1.276057e-06   2.325669e-06   8.470787e-11   8.470787e-01   6.827262e+01
  4.135934e-02   6.686483e-06   2.237131e-08   1.840751e-11   1.840751e-01   2.032383e+01
  6.134053e-02  -4.653997e-06   7.711072e+01   9.410060e-02   6.762128e-01   9.317427e+00
  1.950482e-02   6.546683e-07   2.055851e+03   7.977443e-01   9.288738e-01   8.584009e+00
  1.962323e-02  -6.312849e-08   2.032106e+03   7.933176e-01   9.319102e-01   8.599077e+00
  6.135096e-02  -4.313494e-06   4.146277e+01   5.060691e-02   6.802981e-01   9.468384e+00
  4.120401e-02   6.460489e-06   2.292798e-08   1.879470e-11   1.879470e-01   2.007222e+01
  1.848463e-03   4.108770e-07   2.197018e-06   8.079312e-11   8.079312e-01   6.573832e+01
  1.665141e-03   8.552727e-07   2.883468e-06   9.552043e-11   9.552043e-01   6.563799e+01
  4.117185e-02   4.197111e-05   5.089627e+01   4.168852e-02   2.168190e-01   9.148125e+00
  6.044162e-02  -3.323931e-06   1.464197e+02   1.760621e-01   6.528957e-01   8.969936e+00
  1.946704e-02   5.095681e-07   2.091985e+03   8.101931e-01   9.227125e-01   8.520840e+00
  2.009370e-02   5.372700e-08   2.016992e+03   8.062957e-01   9.339605e-01   8.582778e+00
  6.104280e-02  -2.142251e-06   8.446884e+01   1.025796e-01   6.860822e-01   9.227700e+00
  3.954069e-02  -1.619191e-06   2.182598e-08   1.716912e-11   1.716912e-01   2.224052e+01
  1.708448e-03  -2.176405e-07   2.395814e-06   8.143013e-11   8.143013e-01   6.855581e+01
  2.017608e-03  -1.619561e-06   2.393693e-06   9.608055e-11   9.608055e-01   6.373709e+01
  4.342015e-02  -4.905793e-05   2.502791e-08   2.161952e-11   2.161952e-01   1.453586e+01
  6.187376e-02  -1.103313e-05   6.653770e+00   8.190387e-03   6.606076e-01   9.799831e+00
  1.896268e-02  -4.872766e-07   2.121946e+03   8.005050e-01   9.386529e-01   8.594090e+00
  1.963971e-02   4.855659e-08   2.030330e+03   7.932900e-01   9.272434e-01   8.605785e+00
  6.094062e-02  -7.669118e-06   6.575990e+01   7.972567e-02   6.729572e-01   9.386180e+00
  4.189658e-02  -1.713525e-06   2.292676e-08   1.910959e-11   1.910959e-01   1.728945e+01
  1.760405e-03  -2.666987e-08   2.481423e-06   8.690476e-11   8.690476e-01   6.827561e+01
  1.810794e-03  -2.085818e-06   2.055564e-06   7.405089e-11   7.405089e-01   5.955872e+01
  4.030051e-02  -3.409412e-05   2.505402e-08   2.008713e-11   2.008713e-01   1.689095e+01
  6.127850e-02   7.726773e-06   3.794642e+01   4.626036e-02   6.876350e-01   9.379659e+00
  1.992527e-02  -4.389300e-07   2.008416e+03   7.961373e-01   9.321146e-01   8.582786e+00
  1.993743e-02   6.001009e-08   2.009350e+03   7.969938e-01   9.316210e-01   8.583586e+00
  6.103861e-02  -1.894519e-06   5.598884e+01   6.798862e-02   6.855237e-01   9.395464e+00
  4.081859e-02   1.880654e-05   2.202427e-08   1.788503e-11   1.788503e-01   2.204402e+01
  1.773598e-03   3.472620e-07   2.502359e-06   8.829479e-11   8.829479e-01   6.800792e+01
  2.101596e-03   9.487809e-07   1.930089e-06   8.069688e-11   8.069688e-01   7.111553e+01
  4.189169e-02   8.317439e-05   1.919226e-08   1.599500e-11   1.599500e-01   3.511662e+01
  6.269070e-02  -1.776298e-05   5.386505e+01   6.718005e-02   6.894910e-01   9.433963e+00
  1.950238e-02   9.880902e-07   2.060328e+03   7.993815e-01   9.341311e-01   8.574681e+00
  1.978663e-02  -1.185382e-06   2.017461e+03   7.941582e-01   9.253968e-01   8.568491e+00
  6.112243e-02  -1.037287e-06   7.622570e+01   9.268984e-02   6.855548e-01   9.268129e+00
  4.135123e-02   4.459361e-06   2.257117e-08   1.856832e-11   1.856832e-01   1.886558e+01
  1.770379e-03   2.989480e-08   2.305933e-06   8.121627e-11   8.121627e-01   6.740534e+01
  9.686693e-04   2.324106e-07   4.158316e-06   8.013518e-11   8.013518e-01   8.505276e+01
  4.143958e-02  -4.549359e-05   1.995873e-08   1.645426e-11   1.645426e-01   5.747049e+01
  5.195495e-02   9.674087e-06   7.371369e-08   7.619127e-11   7.619127e-01   1.046813e+01
  2.171481e-02  -1.096822e-06   1.624138e+03   7.016313e-01   8.989769e-01   7.680297e+00
  2.163448e-02   7.812103e-07   1.627423e+03   7.004499e-01   9.013179e-01   7.682537e+00
  5.183077e-02   9.259019e-07   7.291138e-08   7.518188e-11   7.518188e-01   1.063810e+01
  4.257518e-02   5.063713e-07   1.953444e-08   1.654579e-11   1.654579e-01   6.401863e+01
  1.005580e-03  -3.072792e-07   4.184757e-06   8.371764e-11   8.371764e-01   8.775915e+01
  9.556383e-04   7.639255e-07   4.197087e-06   7.979426e-11   7.979426e-01   8.662693e+01
  4.300439e-02  -5.077535e-05   2.165764e-08   1.852908e-11   1.852908e-01   5.370142e+01
  5.142758e-02   1.595122e-05   7.258448e-08   7.426258e-11   7.426258e-01   1.064502e+01
  2.148073e-02   8.945090e-09   1.637149e+03   6.996283e-01   8.997739e-01   7.694127e+00
  2.159755e-02   3.129094e-07   1.626685e+03   6.989370e-01   9.022635e-01   7.700086e+00
  5.159606e-02  -2.416076e-06   7.325181e-08   7.519086e-11   7.519086e-01   1.069044e+01
  4.338959e-02   4.126803e-06   1.995887e-08   1.722866e-11   1.722866e-01   6.029831e+01
  1.002893e-03  -2.657894e-07   4.321117e-06   8.621456e-11   8.621456e-01   8.523805e+01
  1.016318e-03   1.568819e-06   4.208356e-06   8.508879e-11   8.508879e-01   8.593212e+01
  4.285250e-02   6.349860e-05   1.948304e-08   1.660975e-11   1.660975e-01   6.774406e+01
  5.208013e-02  -6.071640e-06   7.240818e-08   7.502221e-11   7.502221e-01   1.076521e+01
  2.165187e-02  -1.580153e-07   1.623476e+03   6.993126e-01   9.025096e-01   7.689656e+00
  2.178480e-02  -4.096168e-07   1.612991e+03   6.990616e-01   9.007509e-01   7.693168e+00
  5.168482e-02   5.342238e-06   7.388714e-08   7.597347e-11   7.597347e-01   1.062196e+01
  4.211159e-02  -1.518602e-05   1.965217e-08   1.646426e-11   1.646426e-01   6.552373e+01
  9.971463e-04  -4.048770e-08   4.056094e-06   8.046316e-11   8.046316e-01   8.590863e+01
  1.003663e-03  -8.167337e-07   4.225348e-06   8.436852e-11   8.436852e-01   8.536505e+01
  4.274202e-02   1.039012e-05   1.981089e-08   1.684570e-11   1.684570e-01   6.027584e+01
  5.166099e-02  -5.778765e-06   7.354621e-08   7.558805e-11   7.558805e-01   1.064325e+01
  2.166282e-02   2.901015e-08   1.623552e+03   6.996991e-01   9.032073e-01   7.703103e+00
  2.159825e-02  -1.016535e-07   1.625976e+03   6.986551e-01   8.993078e-01   7.693136e+00
  5.154518e-02   2.384024e-06   7.317282e-08   7.503570e-11   7.503570e-01   1.061966e+01
  4.286811e-02   1.303309e-05   2.012597e-08   1.716411e-11   1.716411e-01   5.876534e+01
  9.668040e-04  -3.083911e-07   4.219100e-06   8.114998e-11   8.114998e-01   8.644768e+01
  9.339082e-04   2.087494e-07   4.241003e-06   7.879576e-11   7.879576e-01   8.499319e+01
           nan            nan            nan            nan            inf            nan
  5.159420e-02   3.912032e-06   7.392559e-08   7.587974e-11   7.587974e-01   1.058126e+01
  2.175265e-02  -6.361221e-07   1.614819e+03   6.988216e-01   8.998922e-01   7.698536e+00
  2.163084e-02  -3.837571e-08   1.620214e+03   6.972297e-01   9.020200e-01   7.688675e+00
  5.169899e-02  -2.891896e-07   7.319243e-08   7.527978e-11   7.527978e-01   1.075478e+01
  4.315072e-02  -7.892898e-06   1.967231e-08   1.688782e-11   1.688782e-01   6.575340e+01
  1.022377e-03  -1.940684e-07   4.179133e-06   8.500163e-11   8.500163e-01   8.604845e+01
           nan            inf            nan            nan            inf            nan
 9.630726e+205   5.322388e+97  3.696651e-114   7.082680e+90  7.082680e+100   6.126160e+72
           inf  5.230126e+300   0.000000e+00   1.000000e-22 -8.846273e+208            inf
  2.153835e-02   7.217138e-07   1.631064e+03   6.988978e-01   9.003116e-01   7.680203e+00
  2.178214e-02  -1.137017e-06   1.614939e+03   6.998207e-01   9.030998e-01   7.699132e+00
  5.167295e-02   4.700548e-06   7.388100e-08   7.594972e-11   7.594972e-01   1.062659e+01
  4.246532e-02   1.405078e-05   1.936310e-08   1.635834e-11   1.635834e-01   6.437333e+01
  9.790098e-04  -1.369444e-07   4.228217e-06   8.235206e-11   8.235206e-01   8.485533e+01
  1.024815e-03   5.635989e-07   4.206340e-06   8.575908e-11   8.575908e-01   8.556284e+01
           inf           -inf   0.000000e+00   1.000000e-22 -2.735573e+230            inf
  5.220579e-02  -5.355176e-06   7.247605e-08   7.527371e-11   7.527371e-01   1.076397e+01
  2.158540e-02  -3.916969e-07   1.624230e+03   6.974895e-01   9.036243e-01   7.697428e+00
  2.172030e-02  -6.221423e-07   1.617708e+03   6.990303e-01   8.995614e-01   7.691131e+00
  5.142222e-02   1.982679e-06   7.416399e-08   7.587069e-11   7.587069e-01   1.057978e+01
  4.267687e-02   9.107680e-06   1.970166e-08   1.672728e-11   1.672728e-01   6.210648e+01
  9.740246e-04   3.240149e-07   4.060089e-06   7.867479e-11   7.867479e-01   8.637623e+01
  9.915959e-04  -7.674068e-07   4.170819e-06   8.227847e-11   8.227847e-01   8.586281e+01
  4.163769e-02   1.795631e-05   1.936759e-08   1.604325e-11   1.604325e-01   6.359285e+01
  5.196407e-02  -3.292935e-06   7.379645e-08   7.629021e-11   7.629021e-01   1.055417e+01
  2.171459e-02  -1.660848e-07   1.622660e+03   7.009861e-01   9.043854e-01   7.694972e+00
  2.158284e-02  -5.123750e-07   1.623884e+03   6.972582e-01   8.993823e-01   7.689263e+00
  5.176300e-02   4.790229e-06   7.267194e-08   7.483700e-11   7.483700e-01   1.068784e+01
  4.311455e-02  -2.389889e-05   2.017265e-08   1.730282e-11   1.730282e-01   6.178973e+01
  9.955291e-04  -9.146798e-08   4.185726e-06   8.290008e-11   8.290008e-01   8.680751e+01
  9.799720e-04  -7.627385e-08   4.085057e-06   7.964195e-11   7.964195e-01   8.598799e+01
           nan            nan            nan            nan            inf            nan
  5.184735e-02   6.404841e-06   7.300475e-08   7.530223e-11   7.530223e-01   1.051229e+01
  2.150904e-02  -2.805799e-07   1.631696e+03   6.982171e-01   8.988676e-01   7.686808e+00
  2.171974e-02  -1.989734e-07   1.617887e+03   6.990898e-01   9.033825e-01   7.694997e+00
  5.184792e-02   4.841688e-06   7.335925e-08   7.566871e-11   7.566871e-01   1.075238e+01
  4.291752e-02  -9.185690e-06   1.903656e-08   1.625374e-11   1.625374e-01   7.000275e+01
  1.058102e-03   3.369405e-07   4.053924e-06   8.533623e-11   8.533623e-01   8.553716e+01
           nan            nan            nan            nan            inf            nan
 1.352253e+194   2.129011e+93  7.952682e-111   2.139449e+82   2.139449e+92   2.217725e+75
           inf -2.120751e+295   0.000000e+00   1.000000e-22 -2.003969e+198            inf
  2.138066e-02  -5.584103e-07   1.645431e+03   6.998919e-01   9.010782e-01   7.685813e+00
  2.180539e-02  -6.789915e-07   1.609982e+03   6.984173e-01   8.999959e-01   7.694708e+00
  5.172153e-02   3.958103e-06   7.394037e-08   7.608221e-11   7.608221e-01   1.058861e+01
  4.186256e-02  -3.548028e-06   1.950383e-08   1.624336e-11   1.624336e-01   6.392369e+01
  9.795014e-04   4.065415e-07   4.154417e-06   8.095531e-11   8.095531e-01   8.543138e+01
  1.042168e-03   7.116250e-07   4.124870e-06   8.552205e-11   8.552205e-01   8.548126e+01
           inf           -inf   0.000000e+00   1.000000e-22 -3.975128e+216            inf
  5.186052e-02  -4.757007e-06   7.185212e-08   7.413214e-11   7.413214e-01   1.069906e+01
  2.128779e-02   9.370959e-07   1.651348e+03   6.993576e-01   9.021415e-01   7.693901e+00
  2.166906e-02  -7.569161e-07   1.623718e+03   6.999722e-01   9.000129e-01   7.693940e+00
  5.167075e-02  -4.997227e-06   7.351540e-08   7.557066e-11   7.557066e-01   1.061419e+01
  4.271385e-02   2.536698e-05   1.949131e-08   1.656303e-11   1.656303e-01   6.313862e+01
  1.018946e-03   5.008543e-07   3.950326e-06   8.007820e-11   8.007820e-01   8.666141e+01
  1.073800e-03   1.185361e-06   3.910563e-06   8.353970e-11   8.353970e-01   8.554408e+01
  4.420153e-02   6.171163e-05   2.047072e-08   1.800117e-11   1.800117e-01   5.993393e+01
  5.153866e-02  -7.425845e-06   7.279508e-08   7.463892e-11   7.463892e-01   1.079552e+01
  2.129219e-02  -8.147404e-07   1.650459e+03   6.991255e-01   9.050790e-01   7.708993e+00
  2.166088e-02  -1.007728e-06   1.615767e+03   6.962815e-01   8.999276e-01   7.693172e+00
  5.174520e-02  -2.784445e-07   7.284852e-08   7.499305e-11   7.499305e-01   1.065554e+01
  4.311332e-02  -1.916881e-06   1.963550e-08   1.684161e-11   1.684161e-01   6.158083e+01
  9.949385e-04   3.841731e-07   4.266677e-06   8.445322e-11   8.445322e-01   8.634781e+01
  1.099376e-03   5.021104e-07   3.889247e-06   8.506325e-11   8.506325e-01   8.472711e+01
  4.352796e-02   5.506993e-05   2.018463e-08   1.747911e-11   1.747911e-01   6.461551e+01
  5.176578e-02  -1.593172e-05   7.275090e-08   7.492234e-11   7.492234e-01   1.083972e+01
  2.147575e-02   8.764378e-07   1.628765e+03   6.958841e-01   9.043572e-01   7.700519e+00
  2.170928e-02  -1.211216e-06   1.614198e+03   6.971595e-01   8.995671e-01   7.700565e+00
  5.159831e-02  -4.546650e-07   7.341906e-08   7.536581e-11   7.536581e-01   1.065657e+01
  4.287243e-02  -2.282165e-06   1.973812e-08   1.683503e-11   1.683503e-01   6.206090e+01
  1.015178e-03  -4.667318e-08   4.108000e-06   8.296650e-11   8.296650e-01   8.529104e+01
  1.102724e-03   5.378462e-07   3.605166e-06   7.909013e-11   7.909013e-01   8.430105e+01
  4.232851e-02   2.070880e-05   1.954294e-08   1.645709e-11   1.645709e-01   7.175679e+01
  5.188278e-02  -1.548635e-05   7.387148e-08   7.624830e-11   7.624830e-01   1.081729e+01
  2.161982e-02  -1.639260e-06   1.621138e+03   6.972720e-01   9.058924e-01   7.709235e+00
  2.170145e-02  -1.010699e-06   1.612679e+03   6.962524e-01   8.995559e-01   7.693851e+00
  5.157110e-02  -3.520828e-07   7.348594e-08   7.539470e-11   7.539470e-01   1.062981e+01
  4.301864e-02  -1.567475e-05   1.969029e-08   1.685151e-11   1.685151e-01   6.188144e+01
  9.765930e-04   4.260496e-07   4.322830e-06   8.398697e-11   8.398697e-01   8.606168e+01
  1.053551e-03   8.282595e-08   3.605715e-06   7.557482e-11   7.557482e-01   8.676174e+01
  4.133310e-02  -1.574032e-05   1.922907e-08   1.581199e-11   1.581199e-01   7.255044e+01
  5.183702e-02   3.731142e-06   7.429666e-08   7.661953e-11   7.661953e-01   1.066840e+01
  2.184700e-02  -6.186408e-07   1.606597e+03   6.982787e-01   9.018538e-01   7.700715e+00
  2.168042e-02   7.468030e-07   1.613492e+03   6.959287e-01   9.007590e-01   7.689910e+00
  5.167139e-02   2.468915e-06   7.351916e-08   7.557546e-11   7.557546e-01   1.067364e+01
  4.288293e-02  -1.222461e-05   1.971930e-08   1.682310e-11   1.682310e-01   6.277873e+01
  1.013416e-03   1.218452e-09   4.144985e-06   8.356819e-11   8.356819e-01   8.472440e+01
  1.047453e-03   3.212082e-07   3.741555e-06   7.796806e-11   7.796806e-01   8.783078e+01
  4.261090e-02  -1.418580e-05   1.920650e-08   1.628168e-11   1.628168e-01   7.020370e+01
  5.195813e-02  -4.583262e-06   7.304675e-08   7.550654e-11   7.550654e-01   1.071953e+01
  2.159933e-02  -1.390223e-06   1.628444e+03   6.997505e-01   9.021809e-01   7.696126e+00
  2.186945e-02   1.836698e-06   1.599844e+03   6.960585e-01   8.994990e-01   7.688868e+00
  5.161461e-02  -6.375321e-06   7.435967e-08   7.635549e-11   7.635549e-01   1.054768e+01
  4.199027e-02   1.290934e-05   1.918851e-08   1.602951e-11   1.602951e-01   6.451146e+01
  9.673802e-04   5.163202e-07   4.155776e-06   7.997964e-11   7.997964e-01   8.586268e+01
  1.047076e-03  -3.609314e-07   3.933530e-06   8.193907e-11   8.193907e-01   8.843705e+01
  4.118822e-02  -6.126606e-05   1.922242e-08   1.575112e-11   1.575112e-01   7.433772e+01
  5.163100e-02   1.453617e-05   7.424028e-08   7.625710e-11   7.625710e-01   1.069017e+01
  2.181916e-02  -1.123777e-07   1.613042e+03   7.001866e-01   9.036166e-01   7.684972e+00
  2.163010e-02   9.952007e-07   1.621129e+03   6.975996e-01   8.978297e-01   7.689330e+00
  5.160389e-02   2.281557e-06   7.313548e-08   7.508285e-11   7.508285e-01   1.052877e+01
  4.256609e-02  -1.302551e-05   2.030785e-08   1.719720e-11   1.719720e-01   5.537614e+01
  9.528730e-04   6.537240e-08   4.249791e-06   8.056246e-11   8.056246e-01   8.639351e+01
  9.392781e-04   7.729913e-07   4.499678e-06   8.408254e-11   8.408254e-01   8.730459e+01
  4.243163e-02  -4.112197e-05   1.979295e-08   1.670823e-11   1.670823e-01   6.408328e+01
  5.166954e-02   8.234847e-06   7.321697e-08   7.526214e-11   7.526214e-01   1.063801e+01
  2.162860e-02   7.362751e-07   1.629024e+03   7.009486e-01   9.023775e-01   7.689055e+00
  2.162448e-02   2.617576e-06   1.621446e+03   6.975549e-01   9.000538e-01   7.690295e+00
  5.157543e-02  -7.452145e-07   7.323482e-08   7.514337e-11   7.514337e-01   1.063243e+01
  4.344303e-02  -1.068560e-05   1.981746e-08   1.712767e-11   1.712767e-01   6.016470e+01
  9.898057e-04  -2.051749e-08   4.217800e-06   8.305506e-11   8.305506e-01   8.655688e+01
  1.020870e-03   5.832887e-09   4.025955e-06   8.176542e-11   8.176542e-01   8.771247e+01
  4.247248e-02   2.445544e-05   1.937393e-08   1.637026e-11   1.637026e-01   7.059783e+01
  5.119007e-02   4.108212e-06   7.440588e-08   7.577451e-11   7.577451e-01   1.068184e+01
  2.174268e-02   1.378610e-06   1.615482e+03   6.987879e-01   9.021862e-01   7.696156e+00
  2.158335e-02   1.201013e-06   1.626869e+03   6.985566e-01   9.020360e-01   7.683414e+00
  5.188574e-02   1.500243e-06   7.274001e-08   7.508471e-11   7.508471e-01   1.062466e+01
  4.270773e-02  -7.891419e-06   2.026741e-08   1.722007e-11   1.722007e-01   5.772427e+01
  1.000532e-03   6.177449e-07   4.322302e-06   8.603522e-11   8.603522e-01   8.561506e+01
  9.727120e-04   4.721990e-07   4.313615e-06   8.347489e-11   8.347489e-01   8.769073e+01
  4.247594e-02   3.734449e-05   1.935905e-08   1.635902e-11   1.635902e-01   6.641250e+01
  5.192362e-02  -6.332817e-06   7.307605e-08   7.548666e-11   7.548666e-01   1.066122e+01
  2.163921e-02   1.206533e-06   1.621197e+03   6.979225e-01   9.003025e-01   7.696496e+00
  2.163751e-02   2.323949e-06   1.621769e+03   6.981141e-01   9.005902e-01   7.687744e+00
  5.150968e-02  -1.804752e-06   7.356814e-08   7.538914e-11   7.538914e-01   1.063379e+01
  4.298372e-02   9.013337e-06   2.020379e-08   1.727695e-11   1.727695e-01   5.812529e+01
  9.924537e-04   8.499494e-08   4.137096e-06   8.168381e-11   8.168381e-01   8.466553e+01
  1.007234e-03  -1.362948e-06   4.149462e-06   8.314811e-11   8.314811e-01   8.706536e+01
  4.270468e-02  -4.280872e-05   1.960407e-08   1.665528e-11   1.665528e-01   6.639677e+01
  5.124240e-02   8.410251e-06   7.444618e-08   7.589304e-11   7.589304e-01   1.066134e+01
  2.173643e-02  -2.189490e-07   1.615810e+03   6.987287e-01   9.032664e-01   7.695130e+00
  2.160186e-02   5.588610e-07   1.623318e+03   6.976296e-01   9.001248e-01   7.686555e+00
  5.180379e-02  -2.971310e-06   7.293750e-08   7.516966e-11   7.516966e-01   1.063228e+01
  4.244521e-02   9.094018e-06   2.016669e-08   1.702917e-11   1.702917e-01   5.950911e+01
  9.991719e-04   8.106108e-07   4.111434e-06   8.172665e-11   8.172665e-01   8.620283e+01
  9.756912e-04  -4.604287e-07   4.074813e-06   7.909522e-11   7.909522e-01   8.716243e+01
  4.257875e-02  -2.559090e-05   1.917324e-08   1.624122e-11   1.624122e-01   6.749068e+01
  5.182415e-02   7.796700e-06   7.350699e-08   7.578634e-11   7.578634e-01   1.061960e+01
  2.174608e-02   2.207948e-06   1.615744e+03   6.990104e-01   8.996545e-01   7.693925e+00
  2.155043e-02   6.623598e-07   1.629932e+03   6.988042e-01   9.030041e-01   7.696864e+00
  5.161822e-02  -3.839780e-06   7.304832e-08   7.501418e-11   7.501418e-01   1.067309e+01
  4.333604e-02   1.041478e-05   2.023891e-08   1.744884e-11   1.744884e-01   5.754070e+01
  1.015010e-03  -6.263837e-07   4.163111e-06   8.406562e-11   8.406562e-01   8.488740e+01
  1.039776e-03  -3.916688e-07   4.071043e-06   8.421229e-11   8.421229e-01   8.849365e+01
  4.259712e-02   3.822815e-05   1.956546e-08   1.658061e-11   1.658061e-01   6.506396e+01
  5.158636e-02  -3.686613e-06   7.332645e-08   7.525332e-11   7.525332e-01   1.066413e+01
  2.164076e-02   2.303650e-07   1.622628e+03   6.985889e-01   9.003754e-01   7.693726e+00
  2.170006e-02  -4.271858e-07   1.617359e+03   6.982287e-01   9.017410e-01   7.698838e+00
  5.169438e-02  -5.584235e-06   7.372301e-08   7.581874e-11   7.581874e-01   1.063938e+01
  4.244561e-02   5.542045e-06   1.982431e-08   1.674021e-11   1.674021e-01   6.240345e+01
  1.011024e-03   1.123828e-07   4.035128e-06   8.116128e-11   8.116128e-01   8.514225e+01
  9.748686e-04   7.804176e-08   4.281371e-06   8.303459e-11   8.303459e-01   8.547741e+01
  4.297665e-02   2.801632e-05   1.974069e-08   1.687815e-11   1.687815e-01   6.322301e+01
  5.171501e-02  -1.003060e-05   7.339317e-08   7.550964e-11   7.550964e-01   1.069287e+01
  2.167228e-02   1.066647e-06   1.621677e+03   6.991960e-01   9.039998e-01   7.698990e+00
  2.154224e-02  -1.414729e-07   1.633933e+03   7.002533e-01   9.001333e-01   7.690902e+00
  5.161723e-02   1.614525e-07   7.307246e-08   7.503753e-11   7.503753e-01   1.061214e+01
  4.306019e-02  -3.869224e-06   2.026527e-08   1.736035e-11   1.736035e-01   5.721445e+01
  1.010657e-03  -6.235524e-07   4.070121e-06   8.183543e-11   8.183543e-01   8.566958e+01
  1.000878e-03  -1.047841e-06   4.171946e-06   8.307112e-11   8.307112e-01   8.755414e+01
  4.220199e-02  -3.509652e-05   1.945851e-08   1.633702e-11   1.633702e-01   6.684811e+01
  5.150987e-02   1.670739e-06   7.385854e-08   7.568700e-11   7.568700e-01   1.063623e+01
  2.173294e-02  -2.786090e-07   1.613742e+03   6.977223e-01   9.000042e-01   7.698431e+00
  2.161013e-02  -1.111530e-06   1.622030e+03   6.973427e-01   9.019364e-01   7.694610e+00
  5.174037e-02  -6.086141e-06   7.326154e-08   7.541118e-11   7.541118e-01   1.070673e+01
  4.310099e-02   2.958722e-05   1.980687e-08   1.698373e-11   1.698373e-01   6.334069e+01
  1.057750e-03  -2.949639e-07   3.904274e-06   8.215867e-11   8.215867e-01   8.530037e+01
  9.463429e-04  -2.165310e-07   4.555890e-06   8.577326e-11   8.577326e-01   8.501449e+01
  4.307758e-02  -5.170575e-05   2.044998e-08   1.752566e-11   1.752566e-01   5.942047e+01
  5.151700e-02   1.005522e-05   7.323520e-08   7.505863e-11   7.505863e-01   1.068668e+01
  2.159711e-02   9.126018e-07   1.625190e+03   6.982807e-01   9.017006e-01   7.697408e+00
  2.168183e-02  -1.136009e-06   1.625914e+03   7.013318e-01   9.031829e-01   7.692085e+00
  5.156391e-02  -1.928200e-06   7.349860e-08   7.539717e-11   7.539717e-01   1.063182e+01
  4.300813e-02   1.557703e-05   1.998693e-08   1.710121e-11   1.710121e-01   6.060529e+01
  1.000948e-03  -8.884061e-09   4.101382e-06   8.167180e-11   8.167180e-01   8.579391e+01
  1.032295e-03  -7.097525e-08   3.732733e-06   7.665861e-11   7.665861e-01   8.541422e+01
  4.221215e-02   5.425634e-05   1.851351e-08   1.554736e-11   1.554736e-01   7.378141e+01
  5.166613e-02  -1.620572e-05   7.438148e-08   7.645412e-11   7.645412e-01   1.066200e+01
  2.187613e-02   9.035669e-07   1.600639e+03   6.966172e-01   9.011213e-01   7.702063e+00
  2.160915e-02  -5.035147e-09   1.618633e+03   6.958507e-01   9.012253e-01   7.692283e+00
  5.172516e-02   1.395320e-06   7.313036e-08   7.525403e-11   7.525403e-01   1.075901e+01
  4.292283e-02  -3.133741e-05   1.981442e-08   1.691998e-11   1.691998e-01   6.565909e+01
  1.059272e-03  -8.276751e-07   3.907196e-06   8.233845e-11   8.233845e-01   8.571487e+01
  9.377101e-04   2.492324e-08   4.541935e-06   8.473047e-11   8.473047e-01   8.859181e+01
  4.374083e-02   2.920255e-05   1.931216e-08   1.680537e-11   1.680537e-01   5.874731e+01
  5.154731e-02  -1.920136e-07   7.318541e-08   7.505172e-11   7.505172e-01   1.052336e+01
  2.161313e-02  -6.162934e-08   1.625594e+03   6.989722e-01   8.978197e-01   7.681102e+00
  2.172684e-02  -1.147438e-06   1.621876e+03   7.010426e-01   9.036812e-01   7.689439e+00
  5.157983e-02   9.498400e-06   7.407620e-08   7.601316e-11   7.601316e-01   1.065720e+01
  4.262945e-02  -4.414194e-05   1.919874e-08   1.628219e-11   1.628219e-01   6.721975e+01
  1.004346e-03   2.695440e-07   4.121443e-06   8.234988e-11   8.234988e-01   8.565730e+01
  1.073765e-03  -1.176550e-07   3.999831e-06   8.544391e-11   8.544391e-01   8.343282e+01
  4.267841e-02   5.609475e-05   1.979194e-08   1.680454e-11   1.680454e-01   6.648406e+01
  5.206978e-02  -1.369162e-05   7.300559e-08   7.562615e-11   7.562615e-01   1.081545e+01
  2.163625e-02   1.444724e-07   1.621329e+03   6.978838e-01   9.053320e-01   7.706612e+00
  2.171492e-02   4.902695e-07   1.612685e+03   6.966873e-01   8.999457e-01   7.696682e+00
  5.165381e-02  -3.249974e-06   7.383985e-08   7.587929e-11   7.587929e-01   1.063130e+01
  4.276018e-02   3.777504e-05   1.947543e-08   1.656749e-11   1.656749e-01   6.493905e+01
  1.005843e-03  -3.886406e-07   4.005822e-06   8.015891e-11   8.015891e-01   8.591572e+01
  8.861468e-04  -7.106528e-07   4.320364e-06   7.616512e-11   7.616512e-01   8.791498e+01
  4.160198e-02   8.685941e-06   1.895681e-08   1.568952e-11   1.568952e-01   6.363319e+01
  5.153309e-02  -4.635855e-06   7.451604e-08   7.639520e-11   7.639520e-01   1.042249e+01
  2.191295e-02  -1.483107e-06   1.604558e+03   6.994979e-01   8.975088e-01   7.682380e+00
  2.169899e-02  -6.037430e-07   1.619301e+03   6.990320e-01   9.021025e-01   7.682349e+00
  5.170193e-02  -8.798331e-06   7.365846e-08   7.576342e-11   7.576342e-01   1.064693e+01
  4.272049e-02   5.037682e-05   1.922759e-08   1.634147e-11   1.634147e-01   6.672150e+01
  1.004454e-03   2.114855e-07   4.030137e-06   8.053415e-11   8.053415e-01   8.702054e+01
  1.047949e-03  -2.845845e-07   4.177015e-06   8.708361e-11   8.708361e-01   8.632849e+01
  4.504131e-02  -6.394878e-05   2.010079e-08   1.801168e-11   1.801168e-01   5.513630e+01
  5.181756e-02   1.405794e-05   7.171823e-08   7.393272e-11   7.393272e-01   1.069965e+01
  2.128336e-02  -7.381715e-07   1.654457e+03   7.005286e-01   9.006401e-01   7.687305e+00
  2.168442e-02   6.540438e-09   1.624156e+03   7.006574e-01   9.020269e-01   7.695345e+00
  5.179209e-02   2.878538e-06   7.344164e-08   7.567213e-11   7.567213e-01   1.063277e+01
  4.265073e-02  -1.787579e-05   1.955198e-08   1.659004e-11   1.659004e-01   6.421275e+01
  9.974029e-04  -6.992334e-07   4.193618e-06   8.321271e-11   8.321271e-01   8.665772e+01
  1.009000e-03   1.064419e-07   4.258388e-06   8.548038e-11   8.548038e-01   8.487952e+01
  4.279765e-02   8.990695e-06   1.934697e-08   1.647263e-11   1.647263e-01   6.833388e+01
  5.194036e-02   6.860642e-06   7.350943e-08   7.595882e-11   7.595882e-01   1.074954e+01
  2.183950e-02  -7.882134e-07   1.605854e+03   6.977161e-01   9.051793e-01   7.704544e+00
  2.168882e-02  -2.736517e-07   1.613299e+03   6.961148e-01   8.998846e-01   7.699715e+00
  5.168798e-02   9.374684e-07   7.362500e-08   7.570856e-11   7.570856e-01   1.063562e+01
  4.206935e-02  -2.571818e-05   1.988052e-08   1.663886e-11   1.663886e-01   6.390965e+01
  1.002455e-03  -2.535170e-07   4.020668e-06   8.018499e-11   8.018499e-01   8.657586e+01
  1.826970e-04   2.447776e-07   2.200332e-05   7.997420e-11   7.997420e-01   5.757654e+01
  4.098278e-02   2.340859e-05   5.344706e+02   4.357681e-01   2.910092e-01   3.712470e+00
  4.899853e-02  -4.746070e-07   7.238213e-08   7.055772e-11   7.055772e-01   8.417663e+00
  2.272493e-02   3.942193e-07   1.623706e+03   7.340743e-01   8.954580e-01   6.595193e+00
  2.269245e-02   2.085149e-07   1.625252e+03   7.337232e-01   8.926704e-01   6.584218e+00
  4.891507e-02  -2.638446e-06   7.200263e-08   7.006824e-11   7.006824e-01   8.384119e+00
  4.169884e-02   1.756154e-05   5.708380e+02   4.735513e-01   2.955786e-01   3.414385e+00
  1.609642e-04  -1.124328e-07   2.674139e-05   8.563347e-11   8.563347e-01   5.912880e+01
  1.919111e-04  -2.230763e-07   1.986177e-05   7.583124e-11   7.583124e-01   6.196424e+01
  4.220212e-02   1.829880e-05   2.937617e+02   2.466378e-01   2.676114e-01   5.204549e+00
  4.903416e-02  -6.619542e-06   7.284623e-08   7.106175e-11   7.106175e-01   8.370222e+00
  2.280893e-02  -1.545439e-07   1.611309e+03   7.311626e-01   8.932776e-01   6.587954e+00
  2.281188e-02  -3.667979e-07   1.607039e+03   7.293192e-01   8.932823e-01   6.588388e+00
  4.935840e-02  -2.484170e-06   7.202083e-08   7.072115e-11   7.072115e-01   8.448133e+00
  4.096381e-02  -1.350847e-06   5.003267e+02   4.077408e-01   2.900924e-01   3.979099e+00
  2.251996e-04  -1.464716e-07   1.813450e-05   8.124623e-11   8.124623e-01   5.833827e+01
  1.691731e-04   1.622927e-07   2.471930e-05   8.319507e-11   8.319507e-01   5.957933e+01
  4.205164e-02  -2.098258e-05   4.935920e+02   4.129344e-01   2.891543e-01   3.805768e+00
  4.876461e-02   3.260359e-06   7.306333e-08   7.088174e-11   7.088174e-01   8.388346e+00
  2.276904e-02  -5.010264e-07   1.624436e+03   7.358301e-01   8.924659e-01   6.585508e+00
  2.276097e-02  -4.218961e-07   1.623654e+03   7.352153e-01   8.955181e-01   6.580875e+00
  4.893343e-02   1.686503e-06   7.249924e-08   7.057799e-11   7.057799e-01   8.363052e+00
  4.120786e-02  -5.869950e-06   5.187659e+02   4.252865e-01   2.888230e-01   3.700589e+00
  1.625595e-04  -1.175450e-07   2.418821e-05   7.822511e-11   7.822511e-01   5.915916e+01
  2.000222e-04   8.369817e-08   1.958669e-05   7.794160e-11   7.794160e-01   5.921934e+01
  4.094650e-02  -6.685932e-06   3.986935e+02   3.247776e-01   2.830876e-01   4.735631e+00
  4.926959e-02   1.570101e-06   7.219548e-08   7.076509e-11   7.076509e-01   8.512462e+00
  2.273521e-02   1.057687e-08   1.616444e+03   7.311219e-01   8.968490e-01   6.598178e+00
  2.286323e-02  -3.925630e-07   1.603431e+03   7.293198e-01   8.914010e-01   6.589682e+00
  4.917355e-02   4.048596e-07   7.226176e-08   7.069199e-11   7.069199e-01   8.431737e+00
  4.130865e-02   9.920802e-06   4.660828e+02   3.830312e-01   2.878452e-01   4.096710e+00
  2.220470e-04   1.573490e-08   1.806095e-05   7.978397e-11   7.978397e-01   5.896249e+01
  1.633973e-04  -2.952529e-07   2.409296e-05   7.831863e-11   7.831863e-01   6.062523e+01
  4.155641e-02   2.172660e-05   3.847138e+02   3.180577e-01   2.727370e-01   4.413571e+00
  4.871637e-02  -7.906100e-06   7.387615e-08   7.159939e-11   7.159939e-01   8.308734e+00
  2.298916e-02  -5.372642e-07   1.604105e+03   7.336450e-01   8.919720e-01   6.582209e+00
  2.273836e-02   1.358181e-07   1.624406e+03   7.348247e-01   8.954831e-01   6.578684e+00
  4.894941e-02  -1.155717e-06   7.224932e-08   7.035766e-11   7.035766e-01   8.452566e+00
  4.109887e-02  -3.138600e-06   5.104512e+02   4.173633e-01   2.906450e-01   3.891205e+00
  1.792463e-04   3.097333e-09   2.280032e-05   8.130577e-11   8.130577e-01   5.892345e+01
  2.081231e-04   3.736172e-08   1.954342e-05   8.091910e-11   8.091910e-01   5.992353e+01
 2.284799e+185  -2.574828e+87  7.592488e-104   3.451138e+80   3.451138e+90   3.436350e+91
  4.926921e-02   4.734013e-06   7.200414e-08   7.057700e-11   7.057700e-01   8.456646e+00
  2.271114e-02  -4.655219e-07   1.619890e+03   7.319050e-01   8.943823e-01   6.590828e+00
  2.295043e-02  -1.501769e-08   1.600924e+03   7.309568e-01   8.925510e-01   6.598075e+00
  4.911577e-02   1.519507e-06   7.283823e-08   7.117221e-11   7.117221e-01   8.437520e+00
  4.128529e-02  -4.584789e-06   4.640224e+02   3.811223e-01   2.865527e-01   4.144523e+00
  2.084993e-04  -1.161373e-07   1.878670e-05   7.792652e-11   7.792652e-01   5.848507e+01
  1.872610e-04  -2.997388e-07   2.190746e-05   8.161491e-11   8.161491e-01   5.924934e+01
  4.162897e-02  -2.412569e-05   3.998762e+02   3.311703e-01   2.799564e-01   4.467049e+00
  4.867653e-02   4.192637e-06   7.373970e-08   7.140870e-11   7.140870e-01   8.413123e+00
  2.290568e-02  -8.363817e-07   1.608230e+03   7.328607e-01   8.931768e-01   6.593663e+00
  2.292327e-02   2.080235e-07   1.607015e+03   7.328697e-01   8.923556e-01   6.573039e+00
  4.902515e-02  -2.793011e-06   7.324452e-08   7.143717e-11   7.143717e-01   8.363169e+00
  4.034810e-02   1.371158e-05   3.687492e+02   2.959949e-01   2.761460e-01   4.759064e+00
  1.797445e-04   4.864194e-08   2.147505e-05   7.679270e-11   7.679270e-01   6.003645e+01
  2.011872e-04   1.575584e-07   1.961573e-05   7.851182e-11   7.851182e-01   5.922095e+01
  4.107845e-02  -8.958462e-06   4.570575e+02   3.735210e-01   2.875961e-01   4.222922e+00
  4.941798e-02   4.777048e-06   7.194529e-08   7.073226e-11   7.073226e-01   8.439491e+00
  2.278742e-02  -4.271475e-07   1.615848e+03   7.325305e-01   8.934635e-01   6.578513e+00
  2.291768e-02  -1.597793e-07   1.607339e+03   7.328386e-01   8.906509e-01   6.597094e+00
  4.903823e-02  -2.501046e-06   7.251672e-08   7.074619e-11   7.074619e-01   8.352336e+00
  4.093421e-02   2.816642e-06   4.385692e+02   3.571533e-01   2.815849e-01   4.166406e+00
  1.883219e-04  -3.742446e-08   2.139625e-05   8.016199e-11   8.016199e-01   6.009528e+01
  2.095171e-04  -2.787015e-09   1.903226e-05   7.933046e-11   7.933046e-01   5.980235e+01
  4.112053e-02   8.765022e-06   3.280528e+02   2.683691e-01   2.722834e-01   4.973854e+00
  4.882566e-02   8.753879e-07   7.353411e-08   7.142778e-11   7.142778e-01   8.408097e+00
  2.293776e-02   1.166911e-07   1.609903e+03   7.346507e-01   8.939220e-01   6.594003e+00
  2.276875e-02  -1.950091e-07   1.618521e+03   7.331411e-01   8.928643e-01   6.577580e+00
  4.902923e-02   3.429874e-06   7.245022e-08   7.066835e-11   7.066835e-01   8.419053e+00
  4.124956e-02  -1.773915e-05   4.646123e+02   3.812765e-01   2.866317e-01   4.109362e+00
  1.932209e-04   9.853680e-08   2.162022e-05   8.310827e-11   8.310827e-01   5.943586e+01
  1.938647e-04   4.622298e-07   2.143607e-05   8.267497e-11   8.267497e-01   5.948636e+01
 1.623321e+191   3.848088e+91  2.298725e-109   7.423719e+80   7.423719e+90   2.930395e+89
  4.931725e-02  -1.533415e-06   7.189025e-08   7.053408e-11   7.053408e-01   8.388370e+00
  2.283630e-02   6.445317e-07   1.615330e+03   7.338666e-01   8.930043e-01   6.580595e+00
  2.286267e-02   1.159125e-07   1.608930e+03   7.318032e-01   8.926612e-01   6.586627e+00
  4.903727e-02   3.357621e-06   7.235753e-08   7.058951e-11   7.058951e-01   8.411071e+00
  4.139819e-02   1.291593e-06   5.189119e+02   4.273710e-01   2.902439e-01   3.779181e+00
  1.902464e-04   5.674365e-08   2.164989e-05   8.194121e-11   8.194121e-01   5.874560e+01
  2.235806e-04   1.418150e-07   1.813547e-05   8.066644e-11   8.066644e-01   5.883574e+01
  4.263376e-02   2.525190e-05   4.214268e+02   3.574422e-01   2.834635e-01   4.259290e+00
  4.857504e-02  -1.085286e-05   7.413688e-08   7.164364e-11   7.164364e-01   8.414830e+00
  2.288043e-02  -6.358829e-07   1.611949e+03   7.337460e-01   8.941396e-01   6.581149e+00
  2.287960e-02  -5.181769e-07   1.616144e+03   7.356288e-01   8.947673e-01   6.590050e+00
  4.904009e-02   1.210261e-06   7.308729e-08   7.130554e-11   7.130554e-01   8.419330e+00
  4.114230e-02   6.104695e-06   4.452353e+02   3.644251e-01   2.855048e-01   4.228074e+00
  1.916416e-04   2.574108e-08   2.056278e-05   7.839741e-11   7.839741e-01   5.856317e+01
  1.898284e-04  -4.142575e-08   2.050949e-05   7.745445e-11   7.745445e-01   5.962525e+01
  4.093022e-02  -1.700484e-06   3.577006e+02   2.912687e-01   2.785065e-01   4.809255e+00
  4.937888e-02  -8.370956e-06   7.261406e-08   7.133326e-11   7.133326e-01   8.413544e+00
  2.296133e-02  -2.151227e-07   1.603166e+03   7.323281e-01   8.926250e-01   6.594561e+00
  2.287801e-02   7.613851e-08   1.614928e+03   7.350241e-01   8.937478e-01   6.577319e+00
  4.911763e-02  -2.836722e-06   7.252409e-08   7.086794e-11   7.086794e-01   8.387556e+00
  4.084102e-02   4.040544e-06   4.382853e+02   3.561096e-01   2.830806e-01   4.270097e+00
  1.828135e-04   5.439234e-08   2.215549e-05   8.057861e-11   8.057861e-01   5.951109e+01
  1.924032e-04  -3.328460e-08   2.123434e-05   8.127951e-11   8.127951e-01   5.985031e+01
  4.103373e-02  -2.532190e-05   3.763478e+02   3.072279e-01   2.809746e-01   4.658570e+00
  4.870717e-02  -2.494684e-06   7.352976e-08   7.125021e-11   7.125021e-01   8.464185e+00
  2.285986e-02   1.423393e-07   1.613744e+03   7.339024e-01   8.921749e-01   6.579507e+00
  2.280434e-02  -2.100976e-07   1.613833e+03   7.321605e-01   8.925559e-01   6.596298e+00
  4.916304e-02  -1.216087e-06   7.238269e-08   7.079516e-11   7.079516e-01   8.435720e+00
  4.143121e-02   3.786306e-06   4.876325e+02   4.019299e-01   2.904107e-01   3.931124e+00
  1.890265e-04  -3.025072e-08   2.080352e-05   7.823295e-11   7.823295e-01   5.832067e+01
  1.824669e-04  -1.602922e-07   2.321824e-05   8.428371e-11   8.428371e-01   5.833778e+01
  4.003885e-02  -3.841123e-05   4.602667e+02   3.666244e-01   2.894930e-01   4.400421e+00
  4.967688e-02   1.023582e-05   7.149471e-08   7.065751e-11   7.065751e-01   8.534011e+00
  2.270234e-02   6.690866e-07   1.617764e+03   7.306609e-01   8.932871e-01   6.589285e+00
  2.288288e-02  -2.544448e-07   1.607188e+03   7.316572e-01   8.926309e-01   6.593852e+00
  4.924340e-02  -1.095683e-06   7.226404e-08   7.079464e-11   7.079464e-01   8.434857e+00
  4.096638e-02  -1.245310e-06   3.496305e+02   2.849489e-01   2.768665e-01   4.924092e+00
  1.966772e-04  -3.995279e-09   2.112487e-05   8.265673e-11   8.265673e-01   6.021090e+01
  1.801258e-04   6.463163e-08   2.196677e-05   7.871768e-11   7.871768e-01   5.902763e+01
  4.052459e-02  -1.307774e-05   4.195691e+02   3.382612e-01   2.804903e-01   4.475249e+00
  4.874855e-02   8.365845e-06   7.357042e-08   7.135018e-11   7.135018e-01   8.382224e+00
  2.296224e-02   8.100442e-07   1.602135e+03   7.318861e-01   8.942678e-01   6.599004e+00
  2.275716e-02   4.692934e-07   1.614510e+03   7.309523e-01   8.930766e-01   6.583941e+00
  4.910441e-02   4.377507e-06   7.205212e-08   7.038780e-11   7.038780e-01   8.474958e+00
  4.194533e-02  -1.003716e-05   5.654755e+02   4.718756e-01   2.983654e-01   3.480178e+00
  1.863276e-04   4.806181e-08   2.161521e-05   8.012475e-11   8.012475e-01   5.747652e+01
  1.647562e-04  -1.145568e-07   2.417726e-05   7.924627e-11   7.924627e-01   5.984571e+01
  4.047379e-02   8.863168e-06   3.842524e+02   3.094002e-01   2.783602e-01   4.603686e+00
  4.946197e-02  -4.152377e-06   7.198026e-08   7.082964e-11   7.082964e-01   8.334890e+00
  2.286937e-02   1.599734e-07   1.606896e+03   7.310920e-01   8.913829e-01   6.583692e+00
  2.285534e-02   8.473661e-07   1.609642e+03   7.318921e-01   8.951370e-01   6.583272e+00
  4.913715e-02   4.442401e-06   7.303872e-08   7.139918e-11   7.139918e-01   8.516999e+00
  4.110571e-02  -4.519620e-06   2.276692e+02   1.861815e-01   2.692047e-01   5.908446e+00
  2.096249e-04   5.682834e-08   1.911235e-05   7.970527e-11   7.970527e-01   6.038064e+01
  1.790232e-04   2.216174e-07   2.285009e-05   8.138185e-11   8.138185e-01   6.017088e+01
  4.124135e-02   4.315404e-06   4.910953e+02   4.029293e-01   2.872860e-01   3.914694e+00
  4.889709e-02   5.282099e-06   7.191073e-08   6.995308e-11   6.995308e-01   8.376736e+00
  2.276744e-02   4.282864e-07   1.623171e+03   7.352053e-01   8.946835e-01   6.581793e+00
  2.282285e-02   5.324078e-08   1.611799e+03   7.318312e-01   8.927278e-01   6.588290e+00
  4.920518e-02  -5.161345e-06   7.243176e-08   7.090388e-11   7.090388e-01   8.392708e+00
  4.129241e-02   2.328763e-05   5.249736e+02   4.312587e-01   2.909843e-01   3.689998e+00
  1.691393e-04  -9.016022e-09   2.339748e-05   7.873064e-11   7.873064e-01   5.808798e+01
  1.737880e-04  -7.826333e-08   2.393488e-05   8.275253e-11   8.275253e-01   5.892259e+01
  4.227517e-02   2.192272e-05   4.697902e+02   3.951113e-01   2.865221e-01   4.035603e+00
  4.926582e-02  -5.609259e-06   7.169985e-08   7.027391e-11   7.027391e-01   8.433786e+00
  2.282571e-02   2.161793e-08   1.605212e+03   7.289318e-01   8.916473e-01   6.578899e+00
  2.291448e-02   4.011704e-07   1.603229e+03   7.308626e-01   8.947656e-01   6.601526e+00
  4.923217e-02  -1.940809e-06   7.315179e-08   7.164800e-11   7.164800e-01   8.512196e+00
  4.130964e-02   2.298521e-07   1.449335e+02   1.191106e-01   2.623447e-01   6.521199e+00
  2.233807e-04  -9.413985e-08   1.749351e-05   7.774149e-11   7.774149e-01   6.120891e+01
  1.916015e-04   1.310340e-07   2.077867e-05   7.920395e-11   7.920395e-01   5.908553e+01
  4.181307e-02   4.755482e-06   4.556560e+02   3.790350e-01   2.846783e-01   4.203070e+00
  4.911781e-02  -2.501485e-06   7.254882e-08   7.089237e-11   7.089237e-01   8.450776e+00
  2.280851e-02   3.187110e-07   1.616661e+03   7.335773e-01   8.955384e-01   6.587030e+00
  2.297118e-02  -2.602530e-07   1.607468e+03   7.346080e-01   8.914903e-01   6.576328e+00
  4.912300e-02  -9.584023e-07   7.270538e-08   7.105286e-11   7.105286e-01   8.308608e+00
  4.122529e-02  -9.017914e-06   4.681528e+02   3.839560e-01   2.821370e-01   3.917232e+00
  1.583680e-04  -4.346408e-08   2.553359e-05   8.044689e-11   8.044689e-01   5.949630e+01
  1.726218e-04  -1.226309e-07   2.238670e-05   7.688044e-11   7.688044e-01   5.929157e+01
  4.113511e-02  -2.034306e-06   3.676885e+02   3.009005e-01   2.784008e-01   4.721570e+00
  4.921876e-02   1.294861e-06   7.302346e-08   7.150283e-11   7.150283e-01   8.424387e+00
  2.294533e-02   5.264580e-07   1.594897e+03   7.280434e-01   8.903643e-01   6.588951e+00
  2.261076e-02   2.080551e-07   1.626355e+03   7.315781e-01   8.945080e-01   6.588029e+00
  4.929820e-02   1.369858e-06   7.275376e-08   7.135372e-11   7.135372e-01   8.501053e+00
  4.167624e-02  -4.971339e-06   2.329988e+02   1.931846e-01   2.699365e-01   5.765047e+00
  2.211730e-04  -1.981879e-08   1.809762e-05   7.963128e-11   7.963128e-01   6.106613e+01
  1.855266e-04   8.016205e-08   2.166356e-05   7.995877e-11   7.995877e-01   6.002859e+01
  4.058468e-02  -1.616215e-06   3.576223e+02   2.887466e-01   2.731480e-01   4.810545e+00
  4.944432e-02  -3.018698e-06   7.222756e-08   7.104761e-11   7.104761e-01   8.362460e+00
  2.283301e-02   1.011111e-06   1.615358e+03   7.337735e-01   8.940027e-01   6.591215e+00
  2.286156e-02  -4.281663e-07   1.611094e+03   7.327518e-01   8.888495e-01   6.569812e+00
  4.925473e-02   2.047268e-08   7.252613e-08   7.106775e-11   7.106775e-01   8.334122e+00
  4.111664e-02   2.242125e-06   4.597755e+02   3.760915e-01   2.820183e-01   3.996009e+00
  1.587908e-04   5.340140e-08   2.640199e-05   8.340502e-11   8.340502e-01   5.950308e+01
  1.832210e-04  -1.618598e-07   2.218000e-05   8.084758e-11   8.084758e-01   5.973153e+01
  4.201741e-02  -1.176020e-06   4.261570e+02   3.562288e-01   2.794203e-01   4.165223e+00
  4.904884e-02   2.409657e-06   7.263088e-08   7.087289e-11   7.087289e-01   8.331018e+00
  2.295510e-02  -3.683574e-07   1.600438e+03   7.308835e-01   8.906355e-01   6.582224e+00
  2.252451e-02   1.684260e-07   1.635325e+03   7.328071e-01   8.956497e-01   6.589381e+00
  4.936047e-02   1.137002e-06   7.214566e-08   7.084670e-11   7.084670e-01   8.497322e+00
  4.162081e-02  -1.451552e-07   4.033378e+02   3.339716e-01   2.841690e-01   4.566135e+00
  2.092708e-04   7.198743e-08   1.979172e-05   8.239910e-11   8.239910e-01   5.937123e+01
  1.996534e-04  -4.304423e-08   2.094515e-05   8.319368e-11   8.319368e-01   5.937606e+01
  4.133219e-02   4.039050e-06   3.996827e+02   3.286503e-01   2.800318e-01   4.480073e+00
  4.912277e-02  -6.388955e-07   7.276357e-08   7.110940e-11   7.110940e-01   8.385406e+00
  2.274285e-02  -2.747941e-07   1.624394e+03   7.349644e-01   8.937330e-01   6.575346e+00
  2.285507e-02   3.464320e-07   1.617128e+03   7.352874e-01   8.933715e-01   6.589447e+00
  4.913562e-02   1.253539e-06   7.270966e-08   7.107531e-11   7.107531e-01   8.370745e+00
  4.088430e-02  -6.014707e-06   4.597115e+02   3.739143e-01   2.840486e-01   4.063533e+00
  1.714436e-04   7.504830e-08   2.299490e-05   7.843015e-11   7.843015e-01   5.868005e+01
  1.852875e-04   4.269541e-08   2.201850e-05   8.116411e-11   8.116411e-01   5.853236e+01
  4.125319e-02  -5.316149e-06   5.309457e+02   4.357504e-01   2.919800e-01   3.650518e+00
  4.915845e-02   1.227863e-06   7.227254e-08   7.068083e-11   7.068083e-01   8.390255e+00
  2.283027e-02  -7.359937e-07   1.610826e+03   7.316273e-01   8.913908e-01   6.570334e+00
  2.262098e-02   3.965346e-07   1.632228e+03   7.345520e-01   8.923630e-01   6.591303e+00
  4.937112e-02  -1.902828e-06   7.204032e-08   7.075853e-11   7.075853e-01   8.436707e+00
  4.139238e-02   9.135715e-06   3.683285e+02   3.033094e-01   2.794780e-01   4.726352e+00
  2.017332e-04   5.125081e-08   2.049831e-05   8.226696e-11   8.226696e-01   6.046815e+01
  2.020118e-04  -9.059757e-08   2.023057e-05   8.130459e-11   8.130459e-01   5.855680e+01
  4.092413e-02   6.885606e-06   4.445511e+02   3.619356e-01   2.844509e-01   4.257984e+00
  4.929117e-02   1.066812e-07   7.233315e-08   7.093110e-11   7.093110e-01   8.433082e+00
  2.268475e-02  -3.683549e-07   1.626889e+03   7.342128e-01   8.942854e-01   6.574092e+00
  2.276581e-02   5.059341e-07   1.624910e+03   7.359402e-01   8.968480e-01   6.589611e+00
  4.904733e-02   1.420648e-06   7.246689e-08   7.071069e-11   7.071069e-01   8.456916e+00
  4.145153e-02  -4.449758e-07   5.612130e+02   4.628053e-01   2.967824e-01   3.574221e+00
  1.868990e-04  -2.583649e-08   2.257365e-05   8.393418e-11   8.393418e-01   5.762862e+01
  1.902790e-04   6.679833e-08   2.106003e-05   7.972234e-11   7.972234e-01   5.882696e+01
  4.206139e-02  -8.636919e-06   5.153546e+02   4.312409e-01   2.871899e-01   3.613678e+00
  4.902480e-02   1.357565e-06   7.226128e-08   7.047769e-11   7.047769e-01   8.352784e+00
  2.285192e-02   2.063788e-08   1.607290e+03   7.307132e-01   8.919187e-01   6.565430e+00
  2.285083e-02  -8.607349e-08   1.613118e+03   7.333280e-01   8.963028e-01   6.595883e+00
  4.939293e-02  -5.710743e-07   7.290048e-08   7.163501e-11   7.163501e-01   8.424226e+00
  4.038701e-02  -8.668338e-06   3.393941e+02   2.726943e-01   2.756698e-01   5.029636e+00
  2.050846e-04  -2.412728e-08   1.806823e-05   7.371890e-11   7.371890e-01   5.913524e+01
  2.060028e-04  -7.619551e-11   1.917581e-05   7.858813e-11   7.858813e-01   5.879657e+01
  4.218279e-02   5.235677e-06   4.101502e+02   3.441980e-01   2.840947e-01   4.315799e+00
  4.909906e-02   3.117551e-07   7.333062e-08   7.162897e-11   7.162897e-01   8.408544e+00
  2.273410e-02   1.576917e-07   1.626278e+03   7.355336e-01   8.939759e-01   6.569864e+00
  2.279176e-02  -6.084363e-07   1.624468e+03   7.365788e-01   8.897273e-01   6.576823e+00
  4.884050e-02  -1.169255e-06   7.251104e-08   7.045541e-11   7.045541e-01   8.306262e+00
  4.087500e-02  -5.660907e-06   3.983994e+02   3.239713e-01   2.778722e-01   4.315078e+00
  1.688435e-04   5.361564e-08   2.401843e-05   8.067873e-11   8.067873e-01   6.104068e+01
  1.984317e-04   2.293986e-08   2.026454e-05   7.999779e-11   7.999779e-01   5.983223e+01
  4.105227e-02   1.402595e-05   4.692882e+02   3.832719e-01   2.877478e-01   4.097099e+00
  4.925572e-02  -3.879128e-06   7.198328e-08   7.053724e-11   7.053724e-01   8.389624e+00
  2.277520e-02   8.863285e-08   1.613005e+03   7.308496e-01   8.914485e-01   6.583934e+00
  2.253992e-02  -4.548442e-07   1.634920e+03   7.331265e-01   8.949352e-01   6.595637e+00
  4.928952e-02   5.296473e-06   7.047941e-08   6.911097e-11   6.911097e-01   8.583338e+00
  4.212574e-02   5.745189e-06   5.818914e+02   4.876628e-01   3.023020e-01   3.528202e+00
  2.295915e-04   1.269443e-07   1.918597e-05   8.763343e-11   8.763343e-01   5.840531e+01
  2.120242e-04  -1.531047e-07   1.934399e-05   8.159465e-11   8.159465e-01   5.832094e+01
  4.150751e-02  -2.549337e-05   4.467690e+02   3.689264e-01   2.885250e-01   4.235017e+00
  4.924201e-02   5.402873e-06   7.267229e-08   7.119259e-11   7.119259e-01   8.495597e+00
  2.258108e-02  -2.725860e-07   1.630708e+03   7.325735e-01   8.932490e-01   6.578469e+00
  2.299367e-02   9.556874e-07   1.603687e+03   7.335979e-01   8.998326e-01   6.602672e+00
  4.883702e-02   3.624168e-06   7.348753e-08   7.139913e-11   7.139913e-01   8.508384e+00
  4.181407e-02  -1.965070e-07   4.670190e+02   3.884965e-01   2.880335e-01   4.253700e+00
  1.816665e-04  -4.536690e-08   2.176884e-05   7.867565e-11   7.867565e-01   5.777717e+01
  1.960137e-04   1.311121e-07   2.081261e-05   8.116017e-11   8.116017e-01   5.895615e+01
  3.993704e-02   2.409511e-05   4.527601e+02   3.597279e-01   2.869605e-01   4.420306e+00
  4.951716e-02  -1.813708e-06   7.155266e-08   7.048742e-11   7.048742e-01   8.463881e+00
  2.269379e-02   2.152987e-07   1.618982e+03   7.309355e-01   8.939428e-01   6.585617e+00
  2.307011e-02  -2.322880e-07   1.591815e+03   7.305875e-01   8.939544e-01   6.599304e+00
  4.937428e-02  -1.829488e-06   7.329719e-08   7.199764e-11   7.199764e-01   8.395024e+00
  3.996023e-02  -6.070111e-06   3.002785e+02   2.387164e-01   2.720473e-01   5.269669e+00
  2.092066e-04  -7.964396e-08   1.779329e-05   7.405625e-11   7.405625e-01   5.940067e+01
  1.993590e-04  -1.310042e-07   1.970650e-05   7.815836e-11   7.815836e-01   5.832835e+01
  4.108528e-02   6.488996e-06   4.638489e+02   3.791342e-01   2.844259e-01   4.100594e+00
  4.910562e-02   4.964316e-08   7.233075e-08   7.066174e-11   7.066174e-01   8.398191e+00
  2.272259e-02   1.468018e-08   1.620699e+03   7.326396e-01   8.935627e-01   6.585658e+00
  2.300917e-02  -2.463932e-07   1.600189e+03   7.324913e-01   8.902297e-01   6.585079e+00
  4.883517e-02  -1.920645e-06   7.379689e-08   7.169699e-11   7.169699e-01   8.295397e+00
  4.040669e-02  -8.560310e-06   3.300617e+02   2.653252e-01   2.713461e-01   4.917736e+00
  1.530886e-04  -7.439999e-09   2.469408e-05   7.520832e-11   7.520832e-01   6.113886e+01
  1.986123e-04  -7.217459e-08   2.055180e-05   8.120562e-11   8.120562e-01   6.093291e+01
  4.145228e-02  -3.212839e-05   3.716414e+02   3.064804e-01   2.780429e-01   4.774565e+00
  4.927260e-02   4.314615e-06   7.207555e-08   7.065186e-11   7.065186e-01   8.438180e+00
  2.265906e-02  -1.486832e-08   1.626585e+03   7.332445e-01   8.951723e-01   6.580165e+00
  2.290185e-02  -2.743163e-07   1.602853e+03   7.302884e-01   8.875572e-01   6.582711e+00
  4.932659e-02  -2.342631e-06   7.246916e-08   7.111553e-11   7.111553e-01   8.336632e+00
  4.069159e-02  -1.354474e-06   3.508105e+02   2.839928e-01   2.737363e-01   4.787437e+00
  2.087324e-04   8.222867e-08   2.018362e-05   8.381450e-11   8.381450e-01   6.109597e+01
  1.186752e-05   1.572944e-08   3.351813e-04   7.913524e-11   7.913524e-01   3.796809e+01
  3.259416e-02  -6.267358e-06   1.619755e+03   1.050314e+00   4.344849e-01   1.013801e+00
  4.901263e-02   2.367053e-06   9.044379e+01   8.818951e-02   6.595837e-01   6.596464e+00
  2.350550e-02  -7.942189e-07   1.654000e+03   7.734552e-01   8.944352e-01   5.617864e+00
  2.335692e-02   1.198441e-07   1.667049e+03   7.746294e-01   8.968800e-01   5.613883e+00
  4.890353e-02  -2.357840e-06   7.336957e+01   7.138161e-02   6.600732e-01   6.695861e+00
  3.289103e-02   8.263133e-06   1.609273e+03   1.053022e+00   4.336719e-01   1.003449e+00
  1.412719e-05  -2.644657e-08   2.936037e-04   8.251777e-11   8.251777e-01   3.825309e+01
  1.416323e-05   1.589205e-08   2.906953e-04   8.190878e-11   8.190878e-01   3.991507e+01
  3.245030e-02  -5.477062e-06   1.531742e+03   9.888591e-01   4.106638e-01   9.230151e-01
  4.862356e-02   4.233283e-06   7.153671e+01   6.919996e-02   6.639691e-01   6.699841e+00
  2.337018e-02   6.952814e-07   1.661479e+03   7.724795e-01   8.955210e-01   5.613892e+00
  2.343852e-02  -9.340901e-07   1.654680e+03   7.715684e-01   8.951708e-01   5.618950e+00
  4.886841e-02   1.422419e-06   7.065177e+01   6.868809e-02   6.644377e-01   6.653529e+00
  3.241500e-02  -9.244460e-06   1.575043e+03   1.015708e+00   4.175085e-01   9.589961e-01
  1.537686e-05  -4.894905e-08   2.627605e-04   8.038181e-11   8.038181e-01   3.910443e+01
  1.062143e-05  -6.397375e-09   4.235378e-04   8.949638e-11   8.949638e-01   3.832919e+01
  3.233505e-02   7.605317e-06   1.613243e+03   1.037775e+00   4.336821e-01   9.904836e-01
  4.902500e-02  -7.621497e-06   9.570133e+01   9.333956e-02   6.540102e-01   6.603106e+00
  2.342840e-02   1.236714e-06   1.660308e+03   7.738581e-01   8.935748e-01   5.607253e+00
  2.341164e-02   4.288514e-08   1.662908e+03   7.745156e-01   8.946256e-01   5.614645e+00
  4.884205e-02  -9.255907e-07   9.231364e+01   8.969947e-02   6.600631e-01   6.591069e+00
  3.280288e-02  -2.136878e-06   1.525290e+03   9.953926e-01   4.161165e-01   9.388870e-01
  1.851814e-05   6.238976e-09   2.322361e-04   8.555733e-11   8.555733e-01   3.943014e+01
  1.013383e-05  -2.090567e-08   3.934840e-04   7.932881e-11   7.932881e-01   3.787919e+01
  3.301842e-02   1.738016e-06   1.643197e+03   1.079384e+00   4.390111e-01   1.005786e+00
  4.886239e-02   2.524933e-06   5.687654e+01   5.528891e-02   6.579830e-01   6.755465e+00
  2.324935e-02  -3.286219e-07   1.671897e+03   7.733043e-01   8.978092e-01   5.623190e+00
  2.333008e-02   1.517437e-06   1.663163e+03   7.719359e-01   8.945152e-01   5.617909e+00
  4.884299e-02  -5.682125e-06   8.032139e+01   7.804832e-02   6.539305e-01   6.689776e+00
  3.283070e-02   5.408137e-06   1.604548e+03   1.048004e+00   4.360766e-01   9.948256e-01
  1.318906e-05  -3.696466e-08   3.282135e-04   8.611926e-11   8.611926e-01   3.825887e+01
  1.177837e-05  -3.263434e-09   3.418122e-04   8.009453e-11   8.009453e-01   4.014973e+01
  3.206985e-02  -8.224557e-06   1.508452e+03   9.624064e-01   3.989860e-01   9.268144e-01
  4.900589e-02   7.859454e-07   8.375824e+01   8.165936e-02   6.702687e-01   6.564155e+00
  2.363300e-02   6.919337e-07   1.646369e+03   7.740629e-01   8.954214e-01   5.619714e+00
  2.337462e-02   4.122238e-07   1.664364e+03   7.739679e-01   8.972010e-01   5.614093e+00
  4.884395e-02   1.509103e-06   6.853280e+01   6.659466e-02   6.594970e-01   6.697327e+00
  3.271105e-02  -1.688886e-06   1.609586e+03   1.047464e+00   4.301381e-01   9.842380e-01
  1.620306e-05   4.326364e-08   2.559382e-04   8.250156e-11   8.250156e-01   3.841248e+01
  1.218434e-05  -3.507712e-08   3.710519e-04   8.994289e-11   8.994289e-01   3.884875e+01
  3.219717e-02  -6.260828e-07   1.573220e+03   1.007714e+00   4.248568e-01   9.557306e-01
  4.909037e-02  -4.616384e-06   1.068089e+02   1.043119e-01   6.552271e-01   6.561054e+00
  2.327302e-02  -1.090396e-06   1.668385e+03   7.724656e-01   8.918275e-01   5.598620e+00
  2.348886e-02   2.653321e-07   1.658676e+03   7.750928e-01   8.968288e-01   5.616366e+00
  4.893857e-02   4.080414e-06   7.355812e+01   7.161632e-02   6.608876e-01   6.638619e+00
  3.259350e-02  -7.841214e-06   1.581838e+03   1.025707e+00   4.220870e-01   9.659118e-01
  1.573978e-05  -1.776458e-08   2.588432e-04   8.105233e-11   8.105233e-01   3.879398e+01
  8.482518e-06   4.496585e-09   5.111500e-04   8.625878e-11   8.625878e-01   3.762001e+01
  3.291561e-02   5.359323e-06   1.643942e+03   1.076511e+00   4.457879e-01   1.028107e+00
  4.894099e-02  -5.772834e-07   7.501186e+01   7.303529e-02   6.504093e-01   6.707197e+00
  2.321434e-02  -1.246983e-07   1.672346e+03   7.723473e-01   8.944326e-01   5.600268e+00
  2.350623e-02   5.010334e-08   1.654077e+03   7.735149e-01   8.950429e-01   5.623876e+00
  4.873463e-02   2.714890e-06   8.572425e+01   8.311349e-02   6.638958e-01   6.611394e+00
  3.260482e-02  -5.312967e-06   1.535822e+03   9.962142e-01   4.138973e-01   9.302805e-01
  1.995805e-05   2.398912e-08   2.084200e-04   8.275375e-11   8.275375e-01   3.940484e+01
  6.830366e-06  -2.118044e-08   5.955151e-04   8.092205e-11   8.092205e-01   3.808868e+01
  3.274108e-02  -2.002535e-06   1.606441e+03   1.046376e+00   4.319513e-01   9.984287e-01
  4.909606e-02   1.296096e-06   7.807440e+01   7.625800e-02   6.586051e-01   6.642101e+00
  2.334135e-02  -3.089497e-07   1.671243e+03   7.760606e-01   8.978885e-01   5.635692e+00
  2.349218e-02  -1.973222e-07   1.653464e+03   7.727666e-01   8.936414e-01   5.601640e+00
  4.892304e-02  -4.040383e-06   9.338323e+01   9.088924e-02   6.587189e-01   6.591849e+00
  3.227864e-02   4.103821e-06   1.585775e+03   1.018326e+00   4.245430e-01   9.576281e-01
  1.911453e-05   2.431986e-08   2.280279e-04   8.671252e-11   8.671252e-01   3.890003e+01
  8.851780e-06  -9.483272e-09   4.843613e-04   8.529630e-11   8.529630e-01   3.851407e+01
  3.299882e-02  -6.553030e-06   1.572332e+03   1.032222e+00   4.311285e-01   9.616195e-01
  4.885860e-02   4.709948e-06   8.721882e+01   8.477765e-02   6.560062e-01   6.642042e+00
  2.320289e-02  -5.176181e-07   1.679229e+03   7.751436e-01   8.945649e-01   5.594800e+00
  2.342562e-02  -5.178067e-08   1.660913e+03   7.740485e-01   8.955432e-01   5.623687e+00
  4.880175e-02  -2.703939e-06   8.285801e+01   8.044518e-02   6.545104e-01   6.643501e+00
  3.273291e-02   6.622965e-06   1.615133e+03   1.051775e+00   4.360814e-01   1.002797e+00
  1.979159e-05   5.174354e-08   2.129616e-04   8.385173e-11   8.385173e-01   3.811983e+01
  4.448006e-06  -4.905414e-09   9.174124e-04   8.118207e-11   8.118207e-01   3.733529e+01
  3.308772e-02   1.626952e-05   1.665638e+03   1.096422e+00   4.520072e-01   1.026861e+00
  4.902954e-02  -6.284399e-06   6.280448e+01   6.126023e-02   6.502516e-01   6.776562e+00
  2.317291e-02   3.049553e-07   1.677202e+03   7.732076e-01   8.977069e-01   5.619455e+00
  2.351328e-02   3.702428e-07   1.650877e+03   7.722501e-01   8.937480e-01   5.611436e+00
  4.878229e-02   9.709174e-07   8.743414e+01   8.485420e-02   6.583772e-01   6.615895e+00
  3.270101e-02  -1.380758e-06   1.580768e+03   1.028394e+00   4.272809e-01   9.773534e-01
  1.888964e-05   4.580082e-08   2.230295e-04   8.381392e-11   8.381392e-01   3.879299e+01
  8.097503e-06  -4.945370e-08   4.906809e-04   7.904610e-11   7.904610e-01   3.922745e+01
  3.248252e-02  -3.118926e-06   1.589560e+03   1.027204e+00   4.192260e-01   9.561746e-01
  4.906320e-02   4.802197e-07   4.565888e+01   4.456678e-02   6.644567e-01   6.783988e+00
  2.329783e-02   8.616286e-08   1.665610e+03   7.720032e-01   8.978011e-01   5.628200e+00
  2.339886e-02  -5.199757e-07   1.655944e+03   7.708511e-01   8.929489e-01   5.621956e+00
  4.875520e-02  -1.342623e-07   8.763260e+01   8.499958e-02   6.539874e-01   6.645167e+00
  3.272785e-02   2.247150e-06   1.625927e+03   1.058641e+00   4.403591e-01   1.021888e+00
  1.866470e-05   4.749557e-08   2.284932e-04   8.484461e-11   8.484461e-01   3.785764e+01
  8.274674e-06   6.042866e-08   4.839585e-04   7.966897e-11   7.966897e-01   3.929295e+01
  3.191215e-02  -6.009832e-06   1.596041e+03   1.013282e+00   4.156271e-01   9.358540e-01
  4.928904e-02   3.330651e-06   6.563807e+01   6.436301e-02   6.625726e-01   6.674636e+00
  2.352894e-02   1.361772e-07   1.654353e+03   7.743915e-01   8.970943e-01   5.629147e+00
  2.340303e-02   9.460147e-08   1.656207e+03   7.711111e-01   8.951599e-01   5.608043e+00
  4.870997e-02   3.422667e-06   7.107513e+01   6.887564e-02   6.577304e-01   6.693621e+00
  3.272388e-02   3.381684e-06   1.623867e+03   1.057171e+00   4.349414e-01   9.961604e-01
  1.629130e-05   2.520577e-08   2.495922e-04   8.089412e-11   8.089412e-01   3.804456e+01
  1.303165e-05   5.005466e-09   3.192222e-04   8.276041e-11   8.276041e-01   4.072165e+01
  3.238856e-02   4.902491e-06   1.482043e+03   9.549541e-01   3.991234e-01   9.115550e-01
  4.916109e-02  -3.916980e-06   7.163702e+01   7.006307e-02   6.654201e-01   6.637020e+00
  2.335109e-02  -1.752245e-06   1.668427e+03   7.750763e-01   8.982816e-01   5.604414e+00
  2.350300e-02   7.612636e-07   1.647237e+03   7.702108e-01   8.934500e-01   5.613563e+00
  4.878731e-02  -2.234289e-06   8.127391e+01   7.888387e-02   6.600485e-01   6.625160e+00
  3.246660e-02  -9.845104e-09   1.594683e+03   1.030009e+00   4.254224e-01   9.665938e-01
  1.974349e-05   3.714043e-08   2.083496e-04   8.183647e-11   8.183647e-01   3.873783e+01
  1.215543e-05   3.154190e-09   3.732213e-04   9.025407e-11   9.025407e-01   3.969313e+01
  3.267826e-02   3.835664e-06   1.538180e+03   9.999913e-01   4.193508e-01   9.326099e-01
  4.924985e-02  -6.536265e-06   9.035206e+01   8.852647e-02   6.510105e-01   6.587011e+00
  2.337505e-02  -9.925223e-08   1.663228e+03   7.734541e-01   8.932666e-01   5.590798e+00
  2.345008e-02   1.638182e-07   1.656520e+03   7.728073e-01   8.947265e-01   5.618670e+00
  4.881608e-02  -3.864813e-06   8.316352e+01   8.076552e-02   6.580950e-01   6.638834e+00
  3.256314e-02   1.634694e-06   1.596338e+03   1.034145e+00   4.284903e-01   9.695627e-01
  1.691709e-05  -6.236144e-09   2.448411e-04   8.240246e-11   8.240246e-01   3.858357e+01
  9.571298e-06  -2.553420e-09   4.468604e-04   8.508888e-11   8.508888e-01   3.834002e+01
  3.373564e-02   6.170735e-06   1.585196e+03   1.063903e+00   4.400026e-01   9.941028e-01
  4.895932e-02   2.981330e-06   6.302436e+01   6.138666e-02   6.483191e-01   6.741934e+00
  2.307322e-02   1.846308e-06   1.677857e+03   7.701822e-01   8.950489e-01   5.612762e+00
  2.352774e-02  -7.046162e-07   1.650346e+03   7.724766e-01   8.943366e-01   5.611119e+00
  4.883737e-02  -2.511836e-06   8.371157e+01   8.133321e-02   6.589782e-01   6.630828e+00
  3.255880e-02  -1.276702e-06   1.582635e+03   1.025131e+00   4.248946e-01   9.700896e-01
  1.757395e-05   1.706090e-08   2.416649e-04   8.449154e-11   8.449154e-01   3.890789e+01
  9.515072e-06  -2.460454e-08   4.329638e-04   8.195847e-11   8.195847e-01   3.909000e+01
  3.299535e-02   5.566748e-06   1.571448e+03   1.031533e+00   4.242047e-01   9.563283e-01
  4.908904e-02  -1.002559e-06   5.819643e+01   5.683437e-02   6.567461e-01   6.742801e+00
  2.338059e-02  -5.432143e-08   1.663561e+03   7.737922e-01   8.977623e-01   5.625271e+00
  2.341720e-02   2.158283e-06   1.651474e+03   7.693730e-01   8.924735e-01   5.611360e+00
  4.875787e-02   4.328441e-06   8.461677e+01   8.207885e-02   6.559086e-01   6.636795e+00
  3.280385e-02  -5.052342e-06   1.602663e+03   1.045917e+00   4.330353e-01   9.850367e-01
  1.620981e-05  -1.206201e-08   2.597138e-04   8.375352e-11   8.375352e-01   3.832301e+01
  9.173591e-06   7.456170e-09   4.478746e-04   8.173836e-11   8.173836e-01   3.874183e+01
  3.333391e-02   7.069519e-06   1.575842e+03   1.045031e+00   4.306242e-01   9.786764e-01
  4.898957e-02   8.523605e-07   5.900548e+01   5.750771e-02   6.550513e-01   6.754967e+00
  2.323187e-02   3.302487e-07   1.671156e+03   7.723805e-01   8.969491e-01   5.636467e+00
  2.350933e-02   2.368196e-07   1.650392e+03   7.718937e-01   8.945262e-01   5.621484e+00
  4.889486e-02   1.785105e-06   8.108456e+01   7.887356e-02   6.621410e-01   6.639498e+00
  3.264129e-02  -2.002877e-06   1.592057e+03   1.033847e+00   4.278818e-01   9.779927e-01
  1.533565e-05  -6.195703e-09   2.721460e-04   8.302983e-11   8.302983e-01   3.860850e+01
  1.095155e-05   1.012162e-08   3.593636e-04   7.829604e-11   7.829604e-01   3.944824e+01
  3.278034e-02  -9.514935e-06   1.550983e+03   1.011464e+00   4.159631e-01   9.621452e-01
  4.886746e-02   6.555437e-06   4.634039e+01   4.505154e-02   6.633212e-01   6.783634e+00
  2.338298e-02   1.074034e-07   1.660021e+03   7.722247e-01   8.984920e-01   5.650638e+00
  2.343307e-02  -2.005469e-07   1.651989e+03   7.701343e-01   8.928626e-01   5.606872e+00
  4.894863e-02   4.783095e-06   8.434883e+01   8.213907e-02   6.573634e-01   6.627512e+00
  3.232731e-02  -5.045150e-06   1.619173e+03   1.041341e+00   4.308080e-01   9.688905e-01
  1.509189e-05  -2.413734e-08   2.765172e-04   8.302252e-11   8.302252e-01   3.839336e+01
  1.345525e-05  -3.059885e-08   3.098027e-04   8.292911e-11   8.292911e-01   4.062490e+01
  3.247460e-02  -1.116370e-05   1.488970e+03   9.619662e-01   4.004375e-01   9.253183e-01
  4.896178e-02   2.465521e-06   7.276511e+01   7.087784e-02   6.658915e-01   6.649605e+00
  2.351370e-02   6.397184e-08   1.655692e+03   7.745163e-01   8.968279e-01   5.632299e+00
  2.341383e-02  -1.018343e-06   1.652615e+03   7.697939e-01   8.929682e-01   5.605081e+00
  4.892350e-02   7.205698e-07   8.129726e+01   7.912680e-02   6.581211e-01   6.644811e+00
  3.267355e-02   7.735138e-07   1.585624e+03   1.030687e+00   4.269895e-01   9.649351e-01
  1.511718e-05  -1.408592e-08   2.779377e-04   8.358884e-11   8.358884e-01   3.854137e+01
  1.630892e-05   4.419207e-09   2.607082e-04   8.458825e-11   8.458825e-01   3.957977e+01
  3.261458e-02  -6.602526e-06   1.541622e+03   1.000276e+00   4.152216e-01   9.331928e-01
  4.879525e-02   6.921738e-06   7.548585e+01   7.327794e-02   6.594183e-01   6.668300e+00
  2.336267e-02  -1.573455e-07   1.666453e+03   7.745434e-01   8.954377e-01   5.604631e+00
  2.344487e-02  -3.050603e-07   1.651179e+03   7.701446e-01   8.930596e-01   5.616148e+00
  4.895709e-02   8.353911e-07   8.282279e+01   8.066695e-02   6.553049e-01   6.636425e+00
  3.253443e-02   2.011184e-07   1.615001e+03   1.045313e+00   4.330455e-01   9.720591e-01
  1.458654e-05   1.505959e-08   2.891354e-04   8.390418e-11   8.390418e-01   3.842299e+01
  1.396967e-05  -3.339684e-08   3.040870e-04   8.451117e-11   8.451117e-01   4.015546e+01
  3.261298e-02  -7.471819e-06   1.522714e+03   9.879593e-01   4.099380e-01   9.145785e-01
  4.881917e-02   3.491515e-06   7.790010e+01   7.565865e-02   6.616995e-01   6.641245e+00
  2.348059e-02   3.772662e-07   1.654307e+03   7.727790e-01   8.954734e-01   5.605110e+00
  2.334685e-02   7.176022e-07   1.665279e+03   7.734738e-01   8.954609e-01   5.613136e+00
  4.898756e-02  -2.701585e-07   7.865804e+01   7.665828e-02   6.572811e-01   6.668202e+00
  3.288195e-02   2.909492e-06   1.598453e+03   1.045653e+00   4.323640e-01   9.827626e-01
  1.254175e-05  -1.965219e-08   3.330238e-04   8.309282e-11   8.309282e-01   3.831820e+01
  1.848578e-05  -2.132217e-09   2.351122e-04   8.646554e-11   8.646554e-01   3.915786e+01
  3.269879e-02   2.952894e-06   1.565600e+03   1.018457e+00   4.241130e-01   9.613024e-01
  4.894024e-02  -2.657359e-06   8.840370e+01   8.607294e-02   6.574384e-01   6.605662e+00
  2.333226e-02  -2.765905e-07   1.663717e+03   7.722650e-01   8.952490e-01   5.610243e+00
  2.344792e-02   3.363350e-07   1.663865e+03   7.761624e-01   8.971943e-01   5.620318e+00
  4.901834e-02  -5.022639e-06   7.629106e+01   7.439820e-02   6.579888e-01   6.669590e+00
  3.251683e-02   3.133959e-06   1.613435e+03   1.043734e+00   4.304688e-01   9.727460e-01
  1.411642e-05   3.984242e-08   2.916752e-04   8.191328e-11   8.191328e-01   3.844889e+01
  1.183640e-05  -4.185834e-09   3.679960e-04   8.665482e-11   8.665482e-01   3.864121e+01
  3.276060e-02   2.978834e-07   1.583720e+03   1.032191e+00   4.288072e-01   9.640744e-01
  4.877588e-02   1.666373e-06   7.633942e+01   7.407713e-02   6.558452e-01   6.679446e+00
  2.337902e-02  -5.410767e-07   1.660254e+03   7.722021e-01   8.955853e-01   5.628836e+00
  2.332274e-02   3.979251e-07   1.666217e+03   7.731100e-01   8.953320e-01   5.606750e+00
  4.892372e-02  -1.923936e-06   7.884856e+01   7.674382e-02   6.613508e-01   6.642326e+00
  3.283045e-02  -2.007826e-06   1.569935e+03   1.025389e+00   4.237509e-01   9.492227e-01
  1.330242e-05  -2.296714e-08   3.114423e-04   8.242110e-11   8.242110e-01   3.895391e+01
  1.611611e-05   5.114151e-08   2.520624e-04   8.081617e-11   8.081617e-01   3.793635e+01
  3.272868e-02   7.029549e-06   1.626372e+03   1.058957e+00   4.364003e-01   1.006036e+00
  4.897753e-02  -6.047361e-06   8.028947e+01   7.823222e-02   6.571376e-01   6.651391e+00
  2.336328e-02   2.579754e-07   1.665828e+03   7.742729e-01   8.944487e-01   5.626206e+00
  2.340285e-02  -4.250722e-07   1.659568e+03   7.726698e-01   8.948510e-01   5.609846e+00
  4.898900e-02  -5.905268e-06   7.979914e+01   7.777265e-02   6.576203e-01   6.654621e+00
  3.263700e-02   9.003501e-06   1.591308e+03   1.033224e+00   4.271963e-01   9.599241e-01
  1.471404e-05   5.176175e-08   2.831501e-04   8.288557e-11   8.288557e-01   3.883711e+01
  1.316925e-05   2.966396e-08   3.268629e-04   8.563607e-11   8.563607e-01   3.950214e+01
  3.282816e-02  -2.616799e-06   1.520039e+03   9.927310e-01   4.139542e-01   9.435905e-01
  4.875331e-02   7.212087e-07   7.519398e+01   7.293187e-02   6.601990e-01   6.667262e+00
  2.340742e-02  -2.220726e-07   1.659939e+03   7.729934e-01   8.937609e-01   5.622571e+00
  2.331144e-02   2.400189e-07   1.662664e+03   7.710877e-01   8.947336e-01   5.616358e+00
  4.894668e-02  -1.288564e-06   7.312281e+01   7.120431e-02   6.563772e-01   6.667001e+00
  3.265565e-02  -4.545190e-06   1.577234e+03   1.024672e+00   4.236939e-01   9.654544e-01
  1.247831e-05  -5.704674e-08   3.380179e-04   8.391231e-11   8.391231e-01   3.900997e+01
  1.723927e-05   1.450012e-08   2.401105e-04   8.234935e-11   8.234935e-01   3.710443e+01
  3.254651e-02   1.231351e-06   1.676050e+03   1.085229e+00   4.496174e-01   1.051034e+00
  4.885923e-02  -8.022936e-07   8.632210e+01   8.390711e-02   6.529590e-01   6.651202e+00
  2.338208e-02   1.365098e-06   1.663694e+03   7.739035e-01   8.940084e-01   5.608306e+00
  2.338378e-02  -1.256083e-07   1.663567e+03   7.739005e-01   8.958875e-01   5.620438e+00
  4.874913e-02   3.169072e-06   7.861822e+01   7.624655e-02   6.563077e-01   6.654802e+00
  3.261413e-02  -4.592933e-06   1.599329e+03   1.037705e+00   4.298750e-01   9.581809e-01
  1.618011e-05  -4.223531e-09   2.620973e-04   8.436730e-11   8.436730e-01   3.866941e+01
  1.173821e-05   1.552363e-08   3.334481e-04   7.786824e-11   7.786824e-01   4.039135e+01
  3.298276e-02   7.350378e-06   1.508292e+03   9.896976e-01   4.066510e-01   9.320794e-01
  4.883522e-02  -6.793334e-06   6.118555e+01   5.944457e-02   6.652482e-01   6.685142e+00
  2.344908e-02   4.201414e-08   1.653503e+03   7.713670e-01   8.967439e-01   5.622562e+00
  2.330551e-02   2.299976e-07   1.662547e+03   7.708370e-01   8.945784e-01   5.624435e+00
  4.895346e-02  -6.532320e-06   7.354503e+01   7.162537e-02   6.583277e-01   6.675116e+00
  3.287701e-02   1.580509e-05   1.588629e+03   1.039070e+00   4.283323e-01   9.580931e-01
  1.122656e-05  -6.426942e-08   3.676700e-04   8.211737e-11   8.211737e-01   3.874082e+01
  2.071902e-05  -2.425874e-08   2.151250e-04   8.867274e-11   8.867274e-01   3.885712e+01
  3.204273e-02  -5.253899e-06   1.576577e+03   1.005020e+00   4.215658e-01   9.742869e-01
  4.888106e-02  -6.206204e-07   1.062266e+02   1.033008e-01   6.605196e-01   6.548531e+00
  2.353222e-02   2.357336e-07   1.647971e+03   7.715118e-01   8.924259e-01   5.592098e+00
  2.313075e-02   5.377643e-07   1.687762e+03   7.766601e-01   8.974340e-01   5.624688e+00
  4.894678e-02  -3.982851e-06   7.498706e+01   7.301980e-02   6.589810e-01   6.662748e+00
  3.267765e-02   1.982192e-06   1.575938e+03   1.024519e+00   4.239996e-01   9.804926e-01
  1.567367e-05   4.687852e-08   2.645586e-04   8.249408e-11   8.249408e-01   3.901589e+01
  1.064546e-05   3.960616e-08   3.835079e-04   8.122107e-11   8.122107e-01   3.822594e+01
  3.291672e-02   6.861021e-06   1.626833e+03   1.065344e+00   4.386370e-01   9.913734e-01
  4.891528e-02  -2.219996e-06   6.796599e+01   6.614033e-02   6.545577e-01   6.699920e+00
  2.329177e-02   2.487145e-07   1.666113e+03   7.720351e-01   8.972896e-01   5.617100e+00
  2.340014e-02  -8.510524e-07   1.661178e+03   7.733300e-01   8.955149e-01   5.624926e+00
  4.877023e-02   1.122837e-05   7.588164e+01   7.362437e-02   6.575504e-01   6.669880e+00
  3.267199e-02  -2.025535e-05   1.582316e+03   1.028487e+00   4.249379e-01   9.640459e-01
  1.340106e-05   1.852817e-08   3.132970e-04   8.352673e-11   8.352673e-01   3.899687e+01
  1.941262e-05  -4.949226e-08   2.233740e-04   8.626746e-11   8.626746e-01   3.956914e+01
  3.261945e-02  -4.637700e-06   1.510508e+03   9.802343e-01   4.094046e-01   9.464123e-01
  4.867400e-02  -1.310776e-06   9.461555e+01   9.161987e-02   6.631963e-01   6.563498e+00
  2.359599e-02  -7.498813e-07   1.646132e+03   7.727395e-01   8.947606e-01   5.603667e+00
  2.331882e-02  -1.421925e-06   1.668616e+03   7.740927e-01   8.961967e-01   5.616881e+00
  4.879817e-02   6.637855e-06   7.535264e+01   7.315301e-02   6.579782e-01   6.660709e+00
  3.272494e-02  -5.061903e-06   1.574066e+03   1.024783e+00   4.229852e-01   9.453632e-01
  1.668530e-05  -5.374460e-08   2.505027e-04   8.315275e-11   8.315275e-01   3.899361e+01
  9.827280e-06   2.262246e-08   4.371556e-04   8.546722e-11   8.546722e-01   3.712891e+01
  3.236377e-02   3.654794e-08   1.690627e+03   1.088522e+00   4.540854e-01   1.075531e+00
  4.910138e-02   7.101150e-07   8.775756e+01   8.572517e-02   6.503589e-01   6.681679e+00
  2.324581e-02  -9.775049e-07   1.672982e+03   7.736885e-01   8.949505e-01   5.607334e+00
  2.347115e-02  -6.091900e-08   1.658952e+03   7.746369e-01   8.958995e-01   5.626975e+00
  4.875258e-02   2.905079e-06   8.150838e+01   7.905513e-02   6.583968e-01   6.640954e+00
  3.274777e-02   2.693508e-06   1.565489e+03   1.019910e+00   4.232375e-01   9.422637e-01
  1.517389e-05   6.579145e-09   2.760811e-04   8.334199e-11   8.334199e-01   3.897542e+01
  1.390860e-05   1.908544e-08   2.971585e-04   8.222462e-11   8.222462e-01   3.849667e+01
  3.295395e-02   1.805561e-06   1.580060e+03   1.035884e+00   4.250766e-01   9.706142e-01
  4.850853e-02   5.079220e-06   5.878612e+01   5.673135e-02   6.601551e-01   6.719623e+00
  2.342041e-02  -1.435206e-08   1.657903e+03   7.724741e-01   8.976840e-01   5.617649e+00
  2.333863e-02  -1.826949e-06   1.660079e+03   7.707868e-01   8.935346e-01   5.621041e+00
  4.881190e-02  -1.151467e-06   8.281039e+01   8.041567e-02   6.575806e-01   6.647825e+00
  3.296659e-02   9.440649e-06   1.571743e+03   1.030827e+00   4.281777e-01   9.562985e-01
  1.686864e-05  -4.227012e-08   2.525435e-04   8.475129e-11   8.475129e-01   3.888675e+01
  3.670794e-04  -6.856314e-08   1.178534e-05   8.606610e-11   8.606610e-01   2.403178e+01
  2.976669e-02  -8.638517e-07   1.691252e+03   1.001542e+00   5.454563e-01   2.035944e+00
  4.489218e-02  -2.493857e-06   3.101523e+02   2.769976e-01   6.666497e-01   5.208477e+00
  2.473224e-02   2.689032e-07   1.609047e+03   7.917032e-01   8.881451e-01   4.708404e+00
  2.478800e-02  -2.210836e-07   1.603544e+03   7.907742e-01   8.890819e-01   4.715235e+00
  4.488040e-02   8.511304e-07   3.091902e+02   2.760657e-01   6.676567e-01   5.203835e+00
  2.947301e-02  -2.229204e-06   1.686385e+03   9.888064e-01   5.323804e-01   1.938747e+00
  3.644751e-04   1.113450e-07   1.216335e-05   8.819647e-11   8.819647e-01   2.466797e+01
  3.356285e-04  -1.319867e-07   1.274873e-05   8.512474e-11   8.512474e-01   2.460397e+01
  2.970273e-02   2.594711e-06   1.694250e+03   1.001161e+00   5.347793e-01   1.940492e+00
  4.509048e-02   5.127150e-07   2.953822e+02   2.649716e-01   6.643450e-01   5.220159e+00
  2.471768e-02  -9.021507e-07   1.610419e+03   7.919116e-01   8.881985e-01   4.721336e+00
  2.477120e-02  -1.032533e-06   1.602257e+03   7.896041e-01   8.853710e-01   4.710111e+00
  4.504897e-02   3.056394e-06   3.157158e+02   2.829511e-01   6.639188e-01   5.190077e+00
  2.961272e-02  -8.752450e-07   1.692863e+03   9.973100e-01   5.482599e-01   2.080378e+00
  3.979259e-04   2.985940e-07   1.114637e-05   8.824004e-11   8.824004e-01   2.384930e+01
  3.721908e-04  -4.714947e-07   1.148880e-05   8.506879e-11   8.506879e-01   2.444851e+01
  2.977725e-02  -1.797341e-06   1.670736e+03   9.897433e-01   5.359454e-01   1.982704e+00
  4.476958e-02  -6.397161e-07   3.132795e+02   2.790263e-01   6.696074e-01   5.202663e+00
  2.480521e-02  -3.476915e-07   1.602525e+03   7.908206e-01   8.866959e-01   4.702230e+00
  2.468811e-02   6.043088e-08   1.612273e+03   7.918746e-01   8.856051e-01   4.715857e+00
  4.496439e-02  -7.538937e-08   3.037593e+02   2.717243e-01   6.665348e-01   5.230181e+00
  2.978119e-02   3.551914e-06   1.687973e+03   1.000087e+00   5.399995e-01   1.989415e+00
  3.536742e-04  -3.378910e-08   1.205085e-05   8.479131e-11   8.479131e-01   2.436901e+01
  3.510527e-04   4.629593e-07   1.254037e-05   8.758156e-11   8.758156e-01   2.512063e+01
  2.947757e-02  -4.841632e-06   1.688417e+03   9.901509e-01   5.246372e-01   1.874605e+00
  4.517625e-02   9.923277e-07   3.000589e+02   2.696788e-01   6.690322e-01   5.203785e+00
  2.473787e-02  -1.126788e-06   1.607656e+03   7.911989e-01   8.882055e-01   4.726611e+00
  2.480401e-02  -2.518384e-07   1.600193e+03   7.896313e-01   8.832105e-01   4.710544e+00
  4.497912e-02  -2.134013e-06   3.114149e+02   2.786637e-01   6.679304e-01   5.186432e+00
  2.961495e-02   2.386756e-06   1.683125e+03   9.916483e-01   5.374942e-01   2.008377e+00
  3.952981e-04  -5.692966e-08   1.097464e-05   8.630685e-11   8.630685e-01   2.438706e+01
  3.923274e-04  -3.640280e-07   1.178570e-05   9.198863e-11   9.198863e-01   2.435634e+01
  2.964684e-02  -9.333166e-06   1.658076e+03   9.779421e-01   5.320580e-01   1.991664e+00
  4.473305e-02   6.229457e-06   3.223097e+02   2.868349e-01   6.680804e-01   5.151376e+00
  2.478678e-02  -1.480319e-06   1.602971e+03   7.904526e-01   8.871366e-01   4.691748e+00
  2.464444e-02   6.893109e-08   1.617838e+03   7.932023e-01   8.857979e-01   4.708913e+00
  4.514832e-02   4.431681e-06   3.058075e+02   2.746754e-01   6.661831e-01   5.213090e+00
  2.961141e-02  -4.022717e-06   1.690233e+03   9.957166e-01   5.384175e-01   1.989055e+00
  3.573273e-04   6.596351e-08   1.224666e-05   8.705905e-11   8.705905e-01   2.443379e+01
  3.511178e-04   3.451970e-07   1.210830e-05   8.457973e-11   8.457973e-01   2.370176e+01
  2.983743e-02   1.267178e-05   1.695568e+03   1.006483e+00   5.525281e-01   2.085966e+00
  4.518891e-02  -6.522212e-06   3.061123e+02   2.751965e-01   6.636156e-01   5.234236e+00
  2.461630e-02   8.643951e-07   1.616124e+03   7.914574e-01   8.885410e-01   4.725781e+00
  2.473707e-02  -1.566178e-06   1.604996e+03   7.898639e-01   8.849327e-01   4.716107e+00
  4.484369e-02   3.481538e-06   3.119731e+02   2.783227e-01   6.660885e-01   5.190756e+00
  2.971029e-02  -3.639101e-06   1.682040e+03   9.941992e-01   5.396293e-01   2.014299e+00
  3.881618e-04   1.045858e-07   1.123687e-05   8.677373e-11   8.677373e-01   2.434232e+01
  3.964893e-04  -1.754211e-07   1.075693e-05   8.484962e-11   8.484962e-01   2.495714e+01
  2.971567e-02  -5.647411e-10   1.666436e+03   9.851543e-01   5.244466e-01   1.902902e+00
  4.487303e-02  -9.131158e-07   3.073067e+02   2.743390e-01   6.715011e-01   5.179954e+00
  2.476054e-02  -1.498196e-08   1.606857e+03   7.915300e-01   8.886469e-01   4.704491e+00
  2.463694e-02  -3.241812e-07   1.614570e+03   7.913594e-01   8.862358e-01   4.709594e+00
  4.503900e-02   1.435153e-06   3.072454e+02   2.752988e-01   6.656766e-01   5.199840e+00
  2.980994e-02  -4.413101e-07   1.680492e+03   9.966160e-01   5.399166e-01   2.007781e+00
  3.491730e-04   2.897307e-08   1.237794e-05   8.598429e-11   8.598429e-01   2.435357e+01
  3.683333e-04   1.017939e-07   1.267068e-05   9.284770e-11   9.284770e-01   2.440385e+01
  2.945731e-02  -3.418059e-06   1.667923e+03   9.774604e-01   5.332145e-01   2.003926e+00
  4.516872e-02  -1.219759e-06   3.226777e+02   2.899592e-01   6.664202e-01   5.158499e+00
  2.471046e-02  -1.184602e-06   1.610664e+03   7.918005e-01   8.865142e-01   4.713789e+00
  2.473085e-02   4.352087e-08   1.610788e+03   7.925150e-01   8.886866e-01   4.707972e+00
  4.485198e-02  -1.015474e-06   3.112335e+02   2.777142e-01   6.689641e-01   5.198972e+00
  2.981732e-02   2.064286e-06   1.671799e+03   9.917057e-01   5.372789e-01   1.996816e+00
  3.797428e-04   3.733339e-08   1.133955e-05   8.566740e-11   8.566740e-01   2.435178e+01
  3.943295e-04  -9.925898e-08   1.091062e-05   8.559314e-11   8.559314e-01   2.335700e+01
  3.006442e-02   8.829258e-06   1.686585e+03   1.008768e+00   5.614120e-01   2.155767e+00
  4.487148e-02  -4.481740e-06   3.110725e+02   2.776912e-01   6.631855e-01   5.223562e+00
  2.456619e-02   1.414057e-06   1.617033e+03   7.902909e-01   8.870494e-01   4.709859e+00
  2.473669e-02  -2.926886e-07   1.610032e+03   7.923301e-01   8.869111e-01   4.722529e+00
  4.506829e-02  -1.527460e-06   3.100738e+02   2.780138e-01   6.687778e-01   5.199497e+00
  2.964635e-02   3.993970e-07   1.677516e+03   9.893913e-01   5.338067e-01   1.966514e+00
  3.450444e-04   7.437287e-08   1.269477e-05   8.714251e-11   8.714251e-01   2.455912e+01
  3.558122e-04  -1.248551e-07   1.150580e-05   8.144561e-11   8.144561e-01   2.479399e+01
  2.967335e-02   1.249701e-06   1.697503e+03   1.002091e+00   5.343429e-01   1.948900e+00
  4.504031e-02  -2.073233e-06   2.989826e+02   2.679030e-01   6.712341e-01   5.215904e+00
  2.474367e-02   1.204578e-06   1.610994e+03   7.930274e-01   8.891593e-01   4.720346e+00
  2.474834e-02  -3.046222e-07   1.604246e+03   7.898547e-01   8.870745e-01   4.706380e+00
  4.487526e-02  -1.014354e-08   3.142236e+02   2.805278e-01   6.688875e-01   5.183625e+00
  2.964421e-02  -1.125950e-06   1.677892e+03   9.895414e-01   5.365895e-01   2.004816e+00
  3.727472e-04  -5.945007e-08   1.174767e-05   8.711567e-11   8.711567e-01   2.429218e+01
  4.141214e-04   3.733116e-07   1.092302e-05   8.999128e-11   8.999128e-01   2.483457e+01
  2.935147e-02  -1.012193e-05   1.669118e+03   9.746465e-01   5.214855e-01   1.918002e+00
  4.493078e-02   5.090254e-06   3.176745e+02   2.839595e-01   6.709364e-01   5.155100e+00
  2.477177e-02   1.037724e-06   1.609102e+03   7.929954e-01   8.879635e-01   4.702677e+00
  2.476840e-02   8.898356e-08   1.605097e+03   7.909143e-01   8.871303e-01   4.713687e+00
  4.498650e-02  -4.291665e-06   3.141447e+02   2.811526e-01   6.671328e-01   5.178622e+00
  2.965978e-02   1.929265e-06   1.669659e+03   9.852033e-01   5.335340e-01   1.977977e+00
  3.407550e-04  -1.637815e-08   1.303175e-05   8.834359e-11   8.834359e-01   2.453997e+01
  3.900159e-04   4.229839e-08   1.181344e-05   9.166191e-11   9.166191e-01   2.397029e+01
  2.986110e-02  -1.673385e-06   1.664223e+03   9.886613e-01   5.448606e-01   2.064325e+00
  4.491317e-02   1.610439e-06   3.199116e+02   2.858471e-01   6.647854e-01   5.197304e+00
  2.470500e-02   4.236094e-07   1.606564e+03   7.896108e-01   8.855760e-01   4.708275e+00
  2.476737e-02   2.244649e-07   1.609087e+03   7.928474e-01   8.870720e-01   4.709053e+00
  4.497052e-02   5.757101e-07   3.195368e+02   2.858768e-01   6.674514e-01   5.175071e+00
  2.964917e-02  -1.111149e-06   1.684298e+03   9.934858e-01   5.463948e-01   2.088930e+00
  3.604607e-04  -1.027247e-07   1.227789e-05   8.804641e-11   8.804641e-01   2.393052e+01
  3.835945e-04   5.904572e-07   1.106673e-05   8.445430e-11   8.445430e-01   2.350381e+01
  2.975750e-02   4.221263e-06   1.709406e+03   1.011980e+00   5.559082e-01   2.105618e+00
  4.479582e-02   3.494360e-06   3.067715e+02   2.733900e-01   6.650748e-01   5.240229e+00
  2.468440e-02  -1.107865e-06   1.611007e+03   7.911343e-01   8.878242e-01   4.723630e+00
  2.472407e-02  -5.359171e-08   1.613405e+03   7.935851e-01   8.897483e-01   4.707166e+00
  4.493756e-02   2.760334e-06   3.062756e+02   2.738117e-01   6.646840e-01   5.221875e+00
  2.974643e-02  -1.187611e-07   1.691517e+03   1.001017e+00   5.440072e-01   2.027642e+00
  3.258397e-04  -4.842267e-09   1.321070e-05   8.563673e-11   8.563673e-01   2.412995e+01
  3.838409e-04  -4.433390e-08   1.061761e-05   8.107895e-11   8.107895e-01   2.456090e+01
  2.964020e-02   4.466073e-06   1.699809e+03   1.002332e+00   5.341338e-01   1.942947e+00
  4.500414e-02  -1.997558e-06   2.985945e+02   2.673403e-01   6.707165e-01   5.222053e+00
  2.486111e-02   1.156837e-06   1.608037e+03   7.953290e-01   8.909988e-01   4.713646e+00
  2.472424e-02   3.467248e-07   1.604019e+03   7.889736e-01   8.868518e-01   4.715163e+00
  4.498123e-02  -4.453897e-07   3.088078e+02   2.763438e-01   6.669029e-01   5.204072e+00
  2.970384e-02   9.235171e-07   1.689325e+03   9.982885e-01   5.409072e-01   2.014243e+00
  3.580979e-04  -1.131592e-07   1.203520e-05   8.574037e-11   8.574037e-01   2.423222e+01
  4.001555e-04   3.758972e-07   1.117151e-05   8.893466e-11   8.893466e-01   2.521532e+01
  2.938987e-02   5.717136e-07   1.666270e+03   9.742565e-01   5.177629e-01   1.875230e+00
  4.489476e-02  -1.634877e-06   3.150315e+02   2.813713e-01   6.719165e-01   5.144865e+00
  2.482751e-02   2.032742e-06   1.600791e+03   7.906750e-01   8.870787e-01   4.704006e+00
  2.467607e-02  -1.710950e-08   1.614348e+03   7.925071e-01   8.879235e-01   4.716993e+00
  4.512851e-02   4.525024e-07   3.058870e+02   2.746263e-01   6.689800e-01   5.219512e+00
  2.969239e-02  -1.078435e-07   1.686944e+03   9.964968e-01   5.374393e-01   1.976428e+00
  3.265241e-04  -1.056219e-07   1.326435e-05   8.616507e-11   8.616507e-01   2.439219e+01
  3.975343e-04  -2.552696e-07   1.139380e-05   9.011011e-11   9.011011e-01   2.410741e+01
  2.939861e-02  -2.920848e-06   1.678373e+03   9.816248e-01   5.373674e-01   2.050583e+00
  4.497342e-02   1.838567e-06   3.239236e+02   2.898202e-01   6.679382e-01   5.150682e+00
  2.485067e-02   1.169646e-06   1.594091e+03   7.880999e-01   8.845708e-01   4.705429e+00
  2.469602e-02   9.641417e-07   1.619900e+03   7.958756e-01   8.901764e-01   4.702198e+00
  4.506612e-02   1.040043e-06   3.063206e+02   2.746354e-01   6.664433e-01   5.186203e+00
  2.974037e-02  -6.656753e-07   1.682912e+03   9.957214e-01   5.353020e-01   1.971624e+00
  3.599034e-04   1.403272e-08   1.210791e-05   8.669321e-11   8.669321e-01   2.456592e+01
  3.892062e-04   9.542256e-08   1.195527e-05   9.256978e-11   9.256978e-01   2.423791e+01
  2.936721e-02  -5.209078e-08   1.686330e+03   9.852249e-01   5.378482e-01   2.020268e+00
  4.499417e-02   9.489966e-08   3.206738e+02   2.870449e-01   6.662586e-01   5.159846e+00
  2.478745e-02  -2.589503e-06   1.600330e+03   7.891716e-01   8.852565e-01   4.718193e+00
  2.460346e-02  -3.632403e-07   1.620733e+03   7.933008e-01   8.896764e-01   4.703112e+00
  4.505422e-02   6.561898e-07   3.079215e+02   2.759978e-01   6.675239e-01   5.205335e+00
  2.981050e-02   1.048930e-07   1.673925e+03   9.927397e-01   5.359076e-01   1.976046e+00
  3.327285e-04  -7.042572e-08   1.315127e-05   8.705380e-11   8.705380e-01   2.443289e+01
  3.850513e-04  -3.997088e-08   1.117780e-05   8.562591e-11   8.562591e-01   2.266997e+01
  2.938580e-02  -1.953564e-06   1.728238e+03   1.010348e+00   5.710331e-01   2.286624e+00
  4.502350e-02   3.196165e-06   3.256971e+02   2.917315e-01   6.626755e-01   5.168340e+00
  2.469671e-02  -1.100312e-06   1.608183e+03   7.901412e-01   8.858829e-01   4.710808e+00
  2.466667e-02   1.072890e-06   1.611694e+03   7.909031e-01   8.874577e-01   4.718769e+00
  4.491235e-02  -7.771464e-07   3.039715e+02   2.715994e-01   6.658558e-01   5.194093e+00
  2.977542e-02  -4.362489e-07   1.678857e+03   9.944933e-01   5.340679e-01   1.956895e+00
  3.620886e-04  -2.217354e-08   1.204082e-05   8.673632e-11   8.673632e-01   2.467762e+01
  3.599243e-04   1.983414e-08   1.162594e-05   8.324719e-11   8.324719e-01   2.441231e+01
  2.969641e-02   1.873682e-07   1.701731e+03   1.005368e+00   5.411011e-01   1.981127e+00
  4.500125e-02   1.328934e-06   3.028491e+02   2.711321e-01   6.667201e-01   5.220757e+00
  2.472198e-02  -1.004009e-06   1.613756e+03   7.936905e-01   8.894468e-01   4.708246e+00
  2.459551e-02   1.406447e-06   1.611358e+03   7.884572e-01   8.855458e-01   4.717004e+00
  4.495249e-02  -8.007682e-07   3.138813e+02   2.807045e-01   6.691236e-01   5.196634e+00
  2.988586e-02   1.150192e-06   1.657137e+03   9.852677e-01   5.349722e-01   1.990772e+00
  3.453114e-04  -1.780844e-08   1.283857e-05   8.819776e-11   8.819776e-01   2.438041e+01
  4.016153e-04   1.500197e-07   1.097741e-05   8.770820e-11   8.770820e-01   2.359944e+01
  2.950531e-02   1.147662e-06   1.687387e+03   9.904784e-01   5.475926e-01   2.141379e+00
  4.485903e-02  -1.448566e-07   3.250086e+02   2.900513e-01   6.662458e-01   5.134401e+00
  2.474571e-02   7.565897e-07   1.605549e+03   7.904121e-01   8.862451e-01   4.700958e+00
  2.463311e-02  -7.775869e-09   1.619800e+03   7.937994e-01   8.880949e-01   4.719158e+00
  4.507993e-02  -2.087762e-06   3.054983e+02   2.739821e-01   6.638399e-01   5.207823e+00
  2.974231e-02   1.678181e-06   1.682343e+03   9.954499e-01   5.393736e-01   2.002938e+00
  3.519798e-04  -1.831090e-07   1.246690e-05   8.729843e-11   8.729843e-01   2.437336e+01
  3.427527e-04  -2.448012e-07   1.214094e-05   8.278720e-11   8.278720e-01   2.396175e+01
  2.987205e-02   1.280410e-06   1.692455e+03   1.005801e+00   5.470442e-01   2.043789e+00
  4.491301e-02   2.902318e-06   3.007595e+02   2.687334e-01   6.643099e-01   5.216304e+00
  2.475273e-02   1.030884e-06   1.608934e+03   7.923035e-01   8.887236e-01   4.711696e+00
  2.467625e-02   1.753541e-07   1.615651e+03   7.931530e-01   8.891261e-01   4.709698e+00
  4.493731e-02   4.599521e-07   3.093875e+02   2.765922e-01   6.685329e-01   5.217683e+00
  2.988610e-02   1.445257e-06   1.667056e+03   9.911734e-01   5.387646e-01   2.009529e+00
  3.478149e-04   4.464251e-08   1.241884e-05   8.593287e-11   8.593287e-01   2.414591e+01
  4.108064e-04   2.597142e-07   1.079086e-05   8.819084e-11   8.819084e-01   2.450263e+01
  2.963551e-02   1.936599e-06   1.663855e+03   9.809751e-01   5.311077e-01   1.966498e+00
  4.465399e-02   7.192414e-08   3.189196e+02   2.833164e-01   6.700299e-01   5.155524e+00
  2.479138e-02  -6.616483e-07   1.601594e+03   7.899204e-01   8.859751e-01   4.718406e+00
  2.473963e-02  -2.010285e-06   1.609919e+03   7.923685e-01   8.900070e-01   4.702411e+00
  4.512085e-02   6.860425e-07   3.007649e+02   2.699819e-01   6.679617e-01   5.211571e+00
  2.969725e-02  -1.585515e-06   1.688204e+03   9.974045e-01   5.332361e-01   1.930127e+00
  3.457746e-04  -2.180617e-07   1.242402e-05   8.546439e-11   8.546439e-01   2.482734e+01
  3.399984e-04  -4.440081e-07   1.265043e-05   8.556819e-11   8.556819e-01   2.370081e+01
  2.973072e-02   1.379981e-06   1.685639e+03   9.970114e-01   5.497167e-01   2.101442e+00
  4.501277e-02  -7.722865e-07   3.148218e+02   2.819231e-01   6.653826e-01   5.192021e+00
  2.476314e-02   7.163750e-07   1.607557e+03   7.919583e-01   8.880268e-01   4.718242e+00
  2.470753e-02  -1.393361e-07   1.612269e+03   7.924958e-01   8.877364e-01   4.697396e+00
  4.494947e-02  -7.868312e-07   3.110644e+02   2.781666e-01   6.705026e-01   5.193642e+00
  2.974678e-02  -1.203770e-06   1.661711e+03   9.833896e-01   5.300127e-01   1.962307e+00
  3.567315e-04   7.632579e-08   1.245579e-05   8.839810e-11   8.839810e-01   2.443458e+01
  3.965181e-04   2.112941e-07   1.104144e-05   8.710012e-11   8.710012e-01   2.477600e+01
  2.976074e-02  -2.237792e-06   1.667690e+03   9.873910e-01   5.286773e-01   1.913036e+00
  4.460813e-02  -2.308114e-07   3.102308e+02   2.753145e-01   6.707279e-01   5.208720e+00
  2.473496e-02  -9.728152e-07   1.606566e+03   7.905693e-01   8.869027e-01   4.724438e+00
  2.467754e-02   1.597419e-06   1.610430e+03   7.906312e-01   8.893784e-01   4.693181e+00
  4.520149e-02  -9.146980e-07   3.039769e+02   2.733528e-01   6.672752e-01   5.207522e+00
  2.970498e-02  -8.316686e-07   1.679871e+03   9.927396e-01   5.346491e-01   1.954193e+00
  3.506975e-04  -2.297984e-07   1.238588e-05   8.641514e-11   8.641514e-01   2.467565e+01
  3.415969e-04  -1.690512e-07   1.301758e-05   8.846558e-11   8.846558e-01   2.392809e+01
  2.949372e-02   7.791382e-07   1.689982e+03   9.916119e-01   5.445069e-01   2.072936e+00
  4.510796e-02   1.075907e-06   3.189494e+02   2.862234e-01   6.669724e-01   5.166669e+00
  2.477802e-02  -7.234625e-08   1.606296e+03   7.918125e-01   8.873406e-01   4.714799e+00
  2.472000e-02   2.052744e-07   1.612373e+03   7.929470e-01   8.893650e-01   4.701350e+00
  4.499044e-02  -1.784271e-06   3.124389e+02   2.796505e-01   6.684914e-01   5.196684e+00
  2.957752e-02  -5.839863e-07   1.680525e+03   9.888646e-01   5.337293e-01   1.965948e+00
  3.579310e-04  -2.737806e-08   1.244595e-05   8.862523e-11   8.862523e-01   2.444658e+01
  3.687658e-04  -1.071679e-07   1.145334e-05   8.402586e-11   8.402586e-01   2.432172e+01
  2.992054e-02   1.609119e-06   1.684835e+03   1.002898e+00   5.410229e-01   1.999037e+00
  4.478709e-02  -2.587366e-06   3.038165e+02   2.707038e-01   6.670542e-01   5.238486e+00
  2.470266e-02   2.270123e-07   1.608607e+03   7.905400e-01   8.884743e-01   4.716343e+00
  2.468060e-02  -2.838849e-07   1.614073e+03   7.925175e-01   8.870208e-01   4.712801e+00
  4.529640e-02  -1.560592e-06   3.046473e+02   2.745309e-01   6.638054e-01   5.203502e+00
  2.983822e-02   4.478857e-07   1.675197e+03   9.944179e-01   5.379805e-01   2.003592e+00
  3.637586e-04  -1.549620e-07   1.200586e-05   8.688342e-11   8.688342e-01   2.444195e+01
  3.490995e-04   2.669661e-07   1.258421e-05   8.739877e-11   8.739877e-01   2.483875e+01
  2.939910e-02  -6.632475e-06   1.677732e+03   9.812658e-01   5.230232e-01   1.917634e+00
  4.505119e-02   5.121570e-06   3.110995e+02   2.788276e-01   6.732398e-01   5.175918e+00
  2.477423e-02  -2.578000e-07   1.605464e+03   7.912814e-01   8.864467e-01   4.713958e+00
  2.468889e-02  -2.666696e-08   1.611560e+03   7.915500e-01   8.884123e-01   4.704075e+00
  4.483153e-02  -2.866224e-07   3.119110e+02   2.781919e-01   6.682144e-01   5.207414e+00
  2.965433e-02  -1.158501e-06   1.672113e+03   9.864696e-01   5.348565e-01   1.985631e+00
  3.625633e-04  -1.631657e-07   1.210204e-05   8.729165e-11   8.729165e-01   2.435652e+01
  3.699351e-04  -4.035133e-07   1.230699e-05   9.057479e-11   9.057479e-01   2.414541e+01
  2.961452e-02   4.503897e-07   1.668640e+03   9.830998e-01   5.383466e-01   2.030042e+00
  4.499536e-02  -2.596619e-06   3.223970e+02   2.885950e-01   6.663912e-01   5.155021e+00
  2.476772e-02   7.385007e-07   1.605813e+03   7.912453e-01   8.866913e-01   4.709665e+00
  2.490827e-02   1.262121e-06   1.599285e+03   7.925007e-01   8.901691e-01   4.709850e+00
  4.536424e-02   1.663269e-06   3.053035e+02   2.755343e-01   6.655108e-01   5.208330e+00
  2.949803e-02  -1.101599e-06   1.699809e+03   9.975237e-01   5.388309e-01   1.985666e+00
  3.834601e-04   1.332999e-07   1.147882e-05   8.756842e-11   8.756842e-01   2.428774e+01
  3.478801e-04   3.088231e-07   1.256266e-05   8.694436e-11   8.694436e-01   2.372220e+01
  2.979448e-02   2.758643e-06   1.689648e+03   1.001526e+00   5.500280e-01   2.093050e+00
  4.507600e-02  -3.736652e-06   3.095332e+02   2.775765e-01   6.653223e-01   5.216713e+00
  2.461184e-02  -1.531535e-08   1.614862e+03   7.906964e-01   8.877681e-01   4.710084e+00
  2.494099e-02   3.316014e-08   1.595990e+03   7.919064e-01   8.873055e-01   4.714462e+00
  4.490751e-02  -1.005249e-06   3.072299e+02   2.744812e-01   6.643617e-01   5.191262e+00
  2.961663e-02   8.991585e-07   1.695021e+03   9.987137e-01   5.401240e-01   1.999577e+00
  3.596113e-04   1.852961e-08   1.212695e-05   8.675914e-11   8.675914e-01   2.436421e+01
  3.466686e-04  -3.154068e-07   1.224875e-05   8.447661e-11   8.447661e-01   2.425723e+01
  2.947030e-02  -2.131552e-06   1.708668e+03   1.001780e+00   5.406770e-01   2.001215e+00
  4.511058e-02   1.967377e-06   3.035498e+02   2.724197e-01   6.661682e-01   5.198498e+00
  2.473019e-02   5.805449e-08   1.608916e+03   7.915733e-01   8.876860e-01   4.712019e+00
  2.474585e-02   1.147195e-06   1.607785e+03   7.915174e-01   8.856485e-01   4.714135e+00
  4.515102e-02   6.103190e-07   3.092482e+02   2.777825e-01   6.670100e-01   5.183943e+00
  2.992456e-02   5.216322e-07   1.663458e+03   9.903070e-01   5.351586e-01   1.996273e+00
  3.846197e-04   2.315322e-07   1.133174e-05   8.670783e-11   8.670783e-01   2.442264e+01
  3.674868e-04   4.816850e-08   1.182262e-05   8.643422e-11   8.643422e-01   2.439045e+01
  2.983316e-02   8.936663e-06   1.672405e+03   9.925920e-01   5.397948e-01   2.018396e+00
  4.504715e-02  -1.070042e-05   3.144185e+02   2.817770e-01   6.669424e-01   5.181160e+00
  2.467811e-02   4.001260e-07   1.611680e+03   7.912628e-01   8.869025e-01   4.709354e+00
  2.474707e-02  -5.986807e-07   1.609168e+03   7.922375e-01   8.882522e-01   4.709146e+00
  4.482827e-02  -4.741267e-07   3.114014e+02   2.777171e-01   6.672558e-01   5.186431e+00
  2.968743e-02   4.122510e-07   1.670030e+03   9.863408e-01   5.339594e-01   1.998309e+00
  3.624291e-04   2.466527e-08   1.218135e-05   8.783118e-11   8.783118e-01   2.435140e+01
  3.349619e-04  -1.401119e-07   1.319915e-05   8.795724e-11   8.795724e-01   2.429216e+01
  2.953549e-02  -6.903220e-06   1.701209e+03   9.996134e-01   5.412537e-01   2.008335e+00
  4.514735e-02   7.266521e-06   3.025571e+02   2.717501e-01   6.636595e-01   5.208970e+00
  2.470531e-02  -6.361902e-07   1.611580e+03   7.920861e-01   8.890313e-01   4.713710e+00
  2.476686e-02  -1.211467e-06   1.605582e+03   7.911040e-01   8.895343e-01   4.713345e+00
  4.501795e-02  -2.168913e-06   3.130744e+02   2.803905e-01   6.681389e-01   5.199609e+00
  2.984925e-02   3.359263e-06   1.669483e+03   9.913921e-01   5.419173e-01   2.039566e+00
  3.896941e-04   3.703229e-07   1.101820e-05   8.542101e-11   8.542101e-01   2.403975e+01
  1.349203e-03   2.534358e-07   3.302786e-06   8.865184e-11   8.865184e-01   1.553238e+01
  2.772142e-02   1.099523e-06   1.583616e+03   8.733645e-01   6.342082e-01   2.648931e+00
  3.987101e-02   2.013688e-07   5.410391e+02   4.291568e-01   6.962431e-01   4.089407e+00
  2.507148e-02  -4.218540e-07   1.624484e+03   8.102621e-01   8.911945e-01   3.911484e+00
  2.502696e-02   1.682326e-07   1.626208e+03   8.096816e-01   8.902461e-01   3.914764e+00
  3.995757e-02   6.127146e-07   5.459077e+02   4.339587e-01   6.969813e-01   4.083446e+00
  2.754271e-02  -1.368776e-06   1.590936e+03   8.717447e-01   6.401762e-01   2.701764e+00
  1.349614e-03  -2.958086e-07   3.320375e-06   8.915110e-11   8.915110e-01   1.518273e+01
  1.439968e-03  -2.939847e-09   3.138528e-06   8.991019e-11   8.991019e-01   1.503209e+01
  2.741892e-02  -2.121160e-06   1.594867e+03   8.699716e-01   6.420632e-01   2.736372e+00
  3.983335e-02   8.958392e-07   5.524621e+02   4.378037e-01   6.967190e-01   4.067346e+00
  2.504425e-02   1.009843e-06   1.626050e+03   8.101621e-01   8.904799e-01   3.908725e+00
  2.505521e-02  -7.889529e-07   1.625442e+03   8.102141e-01   8.897456e-01   3.913179e+00
  3.982524e-02  -4.242893e-07   5.483035e+02   4.344198e-01   6.973260e-01   4.071537e+00
  2.756701e-02   8.763905e-07   1.590439e+03   8.722415e-01   6.393056e-01   2.694633e+00
  1.361992e-03  -4.985089e-08   3.277790e-06   8.881493e-11   8.881493e-01   1.530316e+01
  1.344177e-03   2.710554e-07   3.290905e-06   8.800393e-11   8.800393e-01   1.510191e+01
  2.769114e-02   1.225899e-06   1.584207e+03   8.727364e-01   6.419155e-01   2.708617e+00
  3.998881e-02  -4.549592e-07   5.435466e+02   4.324196e-01   6.975007e-01   4.090042e+00
  2.508748e-02  -1.072360e-07   1.624933e+03   8.110032e-01   8.909212e-01   3.916315e+00
  2.503355e-02   2.624673e-07   1.628070e+03   8.108225e-01   8.898610e-01   3.915888e+00
  3.994189e-02  -1.575259e-06   5.497188e+02   4.368167e-01   6.977117e-01   4.078109e+00
  2.760721e-02  -5.796604e-07   1.583506e+03   8.697061e-01   6.420491e-01   2.722710e+00
  1.328744e-03  -6.462743e-07   3.370109e-06   8.908723e-11   8.908723e-01   1.506800e+01
  1.430420e-03   6.809758e-07   3.165704e-06   9.008742e-11   9.008742e-01   1.524019e+01
  2.739275e-02  -2.608577e-06   1.605245e+03   8.747965e-01   6.368439e-01   2.688107e+00
  3.987550e-02   2.782666e-06   5.433512e+02   4.310394e-01   6.967639e-01   4.071160e+00
  2.512980e-02   1.655388e-07   1.619642e+03   8.097260e-01   8.905222e-01   3.901909e+00
  2.505232e-02   1.847099e-07   1.627218e+03   8.110055e-01   8.907189e-01   3.909580e+00
  3.996779e-02   2.725164e-07   5.444757e+02   4.329311e-01   6.972293e-01   4.098023e+00
  2.755674e-02  -8.973020e-08   1.593800e+03   8.737594e-01   6.401506e-01   2.686340e+00
  1.342159e-03  -3.568636e-07   3.322323e-06   8.871068e-11   8.871068e-01   1.523971e+01
  1.325041e-03   2.828217e-07   3.371456e-06   8.887447e-11   8.887447e-01   1.487167e+01
  2.775378e-02   1.818706e-06   1.567755e+03   8.656266e-01   6.450197e-01   2.759467e+00
  4.002546e-02  -1.242207e-06   5.508621e+02   4.386412e-01   6.975893e-01   4.065131e+00
  2.521502e-02  -5.802495e-07   1.614994e+03   8.101408e-01   8.902753e-01   3.927131e+00
  2.498968e-02  -5.040132e-07   1.631552e+03   8.111322e-01   8.912207e-01   3.909386e+00
  3.997342e-02  -1.964869e-06   5.437837e+02   4.324418e-01   6.963822e-01   4.082041e+00
  2.755215e-02   1.066735e-06   1.595444e+03   8.745151e-01   6.409523e-01   2.700339e+00
  1.344688e-03  -3.275532e-07   3.322690e-06   8.888765e-11   8.888765e-01   1.518100e+01
  1.365956e-03   5.463765e-07   3.215587e-06   8.738299e-11   8.738299e-01   1.505776e+01
  2.766131e-02   1.886833e-06   1.584439e+03   8.719237e-01   6.459883e-01   2.726796e+00
  3.994934e-02  -7.820776e-07   5.470098e+02   4.347453e-01   6.977024e-01   4.095878e+00
  2.516414e-02  -4.345502e-07   1.618437e+03   8.102297e-01   8.900111e-01   3.895284e+00
  2.509470e-02  -4.727573e-08   1.623282e+03   8.104126e-01   8.905811e-01   3.925289e+00
  3.993529e-02  -6.927978e-07   5.428299e+02   4.312715e-01   6.966737e-01   4.092801e+00
  2.763849e-02  -2.918331e-07   1.587719e+03   8.730081e-01   6.380490e-01   2.679547e+00
  1.330019e-03  -3.871427e-07   3.348785e-06   8.860850e-11   8.860850e-01   1.531008e+01
  1.301330e-03   3.803939e-07   3.434920e-06   8.892712e-11   8.892712e-01   1.522278e+01
  2.752566e-02  -2.906462e-06   1.597184e+03   8.746266e-01   6.406293e-01   2.688386e+00
  4.011553e-02   3.906837e-06   5.410792e+02   4.318207e-01   6.964805e-01   4.088409e+00
  2.518792e-02  -1.422482e-06   1.615889e+03   8.097184e-01   8.888581e-01   3.919050e+00
  2.510860e-02   8.565283e-07   1.624609e+03   8.115240e-01   8.911838e-01   3.907049e+00
  3.990814e-02   2.893886e-07   5.457554e+02   4.333010e-01   6.975777e-01   4.082648e+00
  2.757301e-02  -2.891217e-07   1.590129e+03   8.722613e-01   6.384625e-01   2.690506e+00
  1.334513e-03  -3.387650e-07   3.337315e-06   8.860337e-11   8.860337e-01   1.527790e+01
  1.341197e-03   4.505633e-07   3.311496e-06   8.835820e-11   8.835820e-01   1.513245e+01
  2.765214e-02   3.437409e-06   1.585802e+03   8.723844e-01   6.429867e-01   2.708999e+00
  4.013080e-02  -2.503587e-06   5.425090e+02   4.331266e-01   6.964488e-01   4.097623e+00
  2.519940e-02  -2.307614e-08   1.614229e+03   8.092554e-01   8.899367e-01   3.915100e+00
  2.510505e-02  -4.806300e-07   1.621364e+03   8.097890e-01   8.886565e-01   3.914473e+00
  3.992656e-02  -2.465644e-07   5.440951e+02   4.321822e-01   6.973218e-01   4.092712e+00
  2.765238e-02  -7.807399e-07   1.583073e+03   8.708909e-01   6.368332e-01   2.675216e+00
  1.312953e-03  -5.403196e-07   3.398247e-06   8.876350e-11   8.876350e-01   1.532909e+01
  1.276497e-03   2.235269e-07   3.438100e-06   8.731088e-11   8.731088e-01   1.530802e+01
  2.766036e-02   2.497828e-06   1.588924e+03   8.743618e-01   6.418020e-01   2.693247e+00
  4.020296e-02  -1.423633e-06   5.397874e+02   4.317287e-01   6.979318e-01   4.101600e+00
  2.518528e-02   8.596084e-08   1.620315e+03   8.118510e-01   8.904669e-01   3.915984e+00
  2.516196e-02  -1.508743e-07   1.615481e+03   8.086797e-01   8.894947e-01   3.903060e+00
  3.992189e-02  -7.123033e-07   5.427668e+02   4.310767e-01   6.965676e-01   4.091578e+00
  2.752792e-02  -9.524165e-07   1.595811e+03   8.739467e-01   6.384824e-01   2.680060e+00
  1.321726e-03  -4.000106e-07   3.385368e-06   8.901792e-11   8.901792e-01   1.531119e+01
  1.330028e-03  -1.399695e-08   3.373600e-06   8.926567e-11   8.926567e-01   1.553326e+01
  2.750631e-02  -3.340929e-06   1.608206e+03   8.800438e-01   6.357002e-01   2.637850e+00
  4.025037e-02   1.810663e-06   5.320457e+02   4.260386e-01   6.956730e-01   4.105381e+00
  2.510339e-02   2.380534e-07   1.621805e+03   8.099555e-01   8.914126e-01   3.895632e+00
  2.516166e-02   9.122834e-07   1.618029e+03   8.099456e-01   8.887027e-01   3.930492e+00
  3.998283e-02  -1.633542e-06   5.439136e+02   4.326469e-01   6.977073e-01   4.092064e+00
  2.763934e-02  -1.246015e-07   1.585811e+03   8.719852e-01   6.375177e-01   2.677381e+00
  1.307762e-03  -3.863340e-07   3.413834e-06   8.881806e-11   8.881806e-01   1.531235e+01
  1.296080e-03   1.281104e-06   3.413051e-06   8.800449e-11   8.800449e-01   1.530886e+01
  2.758303e-02   2.334882e-06   1.602057e+03   8.791239e-01   6.401308e-01   2.685523e+00
  4.018858e-02   1.224963e-06   5.328735e+02   4.260464e-01   6.937707e-01   4.086282e+00
  2.512993e-02   1.573240e-06   1.619242e+03   8.095303e-01   8.886736e-01   3.933089e+00
  2.519055e-02   9.900917e-07   1.615287e+03   8.095014e-01   8.900082e-01   3.903099e+00
  3.996779e-02  -9.850003e-07   5.433659e+02   4.320486e-01   6.980721e-01   4.097261e+00
  2.756765e-02   6.621323e-07   1.591267e+03   8.727159e-01   6.370538e-01   2.668977e+00
  1.321715e-03  -1.891379e-07   3.361874e-06   8.839942e-11   8.839942e-01   1.534386e+01
  1.299449e-03  -1.975312e-07   3.428511e-06   8.863290e-11   8.863290e-01   1.558217e+01
  2.774180e-02   2.490875e-06   1.579424e+03   8.716928e-01   6.311285e-01   2.640445e+00
  4.022199e-02  -2.964867e-06   5.345659e+02   4.277549e-01   6.968753e-01   4.084381e+00
  2.502083e-02   5.842352e-07   1.623849e+03   8.083091e-01   8.893484e-01   3.902439e+00
  2.517548e-02   8.708178e-07   1.614494e+03   8.086199e-01   8.894838e-01   3.919102e+00
  4.002023e-02  -1.982245e-06   5.381424e+02   4.284568e-01   6.962477e-01   4.091633e+00
  2.758278e-02   2.063981e-06   1.590623e+03   8.728418e-01   6.335565e-01   2.648778e+00
  1.324257e-03  -4.681736e-08   3.399273e-06   8.955470e-11   8.955470e-01   1.549265e+01
  1.282096e-03  -8.905749e-08   3.517195e-06   8.971132e-11   8.971132e-01   1.531604e+01
  2.762648e-02  -8.018382e-07   1.587393e+03   8.724492e-01   6.393892e-01   2.690083e+00
  4.016748e-02   1.033809e-06   5.367524e+02   4.289225e-01   6.931670e-01   4.079472e+00
  2.508980e-02  -7.905726e-07   1.619725e+03   8.084789e-01   8.878219e-01   3.920868e+00
  2.515357e-02   1.148165e-07   1.615944e+03   8.086417e-01   8.883363e-01   3.909255e+00
  3.992927e-02  -1.125921e-06   5.456733e+02   4.334651e-01   6.974564e-01   4.085018e+00
  2.757096e-02   1.078222e-06   1.589359e+03   8.717746e-01   6.381257e-01   2.685524e+00
  1.335065e-03   6.248975e-08   3.364703e-06   8.936743e-11   8.936743e-01   1.529130e+01
  1.256958e-03  -7.788375e-07   3.494016e-06   8.737271e-11   8.737271e-01   1.519379e+01
  2.770759e-02  -3.158523e-06   1.591159e+03   8.770864e-01   6.423076e-01   2.690073e+00
  4.021062e-02   4.024915e-06   5.350417e+02   4.280146e-01   6.956775e-01   4.112194e+00
  2.501906e-02  -5.621451e-07   1.631500e+03   8.120599e-01   8.928872e-01   3.921487e+00
  2.517090e-02   1.903941e-07   1.614411e+03   8.084313e-01   8.892321e-01   3.918944e+00
  3.995200e-02   7.030299e-07   5.403357e+02   4.294696e-01   6.964891e-01   4.095878e+00
  2.758016e-02   6.004274e-07   1.592667e+03   8.738800e-01   6.366721e-01   2.667230e+00
  1.313381e-03   3.901036e-08   3.411441e-06   8.913717e-11   8.913717e-01   1.537177e+01
  1.283695e-03  -1.727298e-07   3.411521e-06   8.712446e-11   8.712446e-01   1.560260e+01
  2.757317e-02  -2.568255e-06   1.606918e+03   8.814758e-01   6.344778e-01   2.620119e+00
  4.018509e-02   2.980644e-06   5.309086e+02   4.244386e-01   6.959246e-01   4.096762e+00
  2.495740e-02   9.618034e-07   1.636694e+03   8.126380e-01   8.900301e-01   3.894226e+00
  2.513255e-02  -7.837854e-07   1.614992e+03   8.074897e-01   8.894325e-01   3.919166e+00
  3.994600e-02   1.421504e-07   5.428410e+02   4.313960e-01   6.965629e-01   4.086776e+00
  2.756766e-02   3.420215e-08   1.590947e+03   8.725409e-01   6.381704e-01   2.684326e+00
  1.343891e-03   1.122293e-07   3.335660e-06   8.918174e-11   8.918174e-01   1.526662e+01
  1.301594e-03  -5.717492e-07   3.448473e-06   8.929609e-11   8.929609e-01   1.565060e+01
  2.769817e-02   1.624389e-07   1.588944e+03   8.755676e-01   6.310542e-01   2.619253e+00
  4.007259e-02  -1.573638e-06   5.343271e+02   4.259757e-01   6.951509e-01   4.076329e+00
  2.496069e-02   8.967223e-07   1.626800e+03   8.078316e-01   8.892139e-01   3.892558e+00
  2.513555e-02  -6.263774e-07   1.616230e+03   8.082055e-01   8.885351e-01   3.912205e+00
  4.000552e-02   2.573579e-06   5.402958e+02   4.300130e-01   6.966127e-01   4.094875e+00
  2.761651e-02  -2.279140e-07   1.591874e+03   8.745962e-01   6.386688e-01   2.677802e+00
  1.305564e-03   1.102983e-07   3.412767e-06   8.864104e-11   8.864104e-01   1.531253e+01
  1.321145e-03  -2.925804e-07   3.353571e-06   8.814307e-11   8.814307e-01   1.551493e+01
  2.761494e-02   1.557325e-06   1.598141e+03   8.779895e-01   6.363795e-01   2.643515e+00
  4.013646e-02  -2.089995e-06   5.316058e+02   4.244817e-01   6.934732e-01   4.096089e+00
  2.494543e-02  -2.760087e-06   1.627906e+03   8.078868e-01   8.904174e-01   3.906704e+00
  2.509923e-02  -6.601964e-07   1.617452e+03   8.076479e-01   8.877302e-01   3.923533e+00
  3.992280e-02  -2.542127e-07   5.425918e+02   4.309475e-01   6.974353e-01   4.088701e+00
  2.765353e-02  -3.685312e-07   1.585950e+03   8.725096e-01   6.361325e-01   2.670513e+00
  1.335237e-03   2.536323e-08   3.342576e-06   8.879118e-11   8.879118e-01   1.534775e+01
  1.329258e-03  -4.564653e-07   3.340116e-06   8.832852e-11   8.832852e-01   1.580165e+01
  2.766512e-02   1.373404e-06   1.594582e+03   8.776258e-01   6.300407e-01   2.613208e+00
  3.998632e-02  -4.125452e-06   5.305404e+02   4.220463e-01   6.941514e-01   4.095704e+00
  2.506019e-02   2.921513e-07   1.627145e+03   8.112240e-01   8.908645e-01   3.906264e+00
  2.514989e-02  -1.064563e-06   1.616399e+03   8.087508e-01   8.895999e-01   3.915877e+00
  3.992042e-02   9.818656e-07   5.424225e+02   4.307873e-01   6.964811e-01   4.090193e+00
  2.757937e-02  -1.177719e-06   1.587562e+03   8.710545e-01   6.349932e-01   2.665014e+00
  1.319318e-03   4.361326e-07   3.421443e-06   8.980260e-11   8.980260e-01   1.538586e+01
  1.367300e-03   2.410876e-07   3.313821e-06   9.014113e-11   9.014113e-01   1.560740e+01
  2.757029e-02  -2.159559e-06   1.589251e+03   8.716939e-01   6.287906e-01   2.632112e+00
  3.997192e-02   8.702010e-07   5.376366e+02   4.275373e-01   6.964552e-01   4.077958e+00
  2.502615e-02  -3.053681e-09   1.628918e+03   8.110046e-01   8.885658e-01   3.896830e+00
  2.505082e-02  -4.733149e-07   1.625311e+03   8.100064e-01   8.910368e-01   3.904436e+00
  3.991491e-02  -1.216493e-06   5.452533e+02   4.329757e-01   6.972993e-01   4.091324e+00
  2.763126e-02  -1.869912e-07   1.588149e+03   8.730161e-01   6.407057e-01   2.699722e+00
  1.326450e-03  -3.155525e-08   3.335970e-06   8.803251e-11   8.803251e-01   1.520577e+01
  1.340531e-03  -2.610967e-07   3.341353e-06   8.911061e-11   8.911061e-01   1.542813e+01
  2.762739e-02   8.418046e-08   1.587526e+03   8.725512e-01   6.359658e-01   2.667681e+00
  3.994740e-02  -7.798185e-07   5.425895e+02   4.312113e-01   6.970236e-01   4.075250e+00
  2.512918e-02   3.357652e-07   1.616817e+03   8.082942e-01   8.905170e-01   3.887612e+00
  2.507495e-02   4.758218e-07   1.622057e+03   8.091639e-01   8.899049e-01   3.908339e+00
  3.998983e-02  -8.452953e-07   5.395736e+02   4.292699e-01   6.971852e-01   4.099764e+00
  2.758738e-02   7.072394e-07   1.590665e+03   8.730100e-01   6.326958e-01   2.636033e+00
  1.316768e-03   3.754755e-07   3.417416e-06   8.952352e-11   8.952352e-01   1.554020e+01
  1.374261e-03   2.749440e-07   3.312918e-06   9.057539e-11   9.057539e-01   1.550720e+01
  2.762203e-02  -3.606144e-08   1.585890e+03   8.714830e-01   6.327308e-01   2.654577e+00
  3.989897e-02  -2.367348e-07   5.427818e+02   4.308411e-01   6.966088e-01   4.070501e+00
  2.530177e-02   1.712906e-06   1.609787e+03   8.103065e-01   8.904696e-01   3.893829e+00
  2.513953e-02  -4.917674e-07   1.613393e+03   8.069142e-01   8.875135e-01   3.916610e+00
  3.993857e-02   4.973216e-07   5.483675e+02   4.357069e-01   6.981591e-01   4.087316e+00
  2.754317e-02  -1.820004e-08   1.591933e+03   8.723058e-01   6.411264e-01   2.706175e+00
  1.336348e-03  -4.282879e-08   3.361339e-06   8.936386e-11   8.936386e-01   1.517786e+01
  1.338884e-03  -3.080050e-07   3.367829e-06   8.970631e-11   8.970631e-01   1.501277e+01
  2.760336e-02  -1.048593e-06   1.581744e+03   8.686166e-01   6.418158e-01   2.730959e+00
  3.989138e-02   1.890271e-06   5.500676e+02   4.365413e-01   6.968895e-01   4.068232e+00
  2.513030e-02  -1.233041e-06   1.618383e+03   8.091130e-01   8.889595e-01   3.896773e+00
  2.504338e-02  -1.054040e-07   1.626218e+03   8.102178e-01   8.894610e-01   3.926588e+00
  4.006363e-02  -3.479768e-08   5.371500e+02   4.281304e-01   6.962254e-01   4.102641e+00
  2.758720e-02  -3.525450e-07   1.598284e+03   8.771859e-01   6.376634e-01   2.662562e+00
  1.292429e-03   1.184261e-07   3.426064e-06   8.809115e-11   8.809115e-01   1.540662e+01
  1.349624e-03  -2.715697e-07   3.270539e-06   8.781373e-11   8.781373e-01   1.520267e+01
  2.761729e-02   2.002834e-06   1.592556e+03   8.749956e-01   6.429337e-01   2.698004e+00
  4.005823e-02  -3.432126e-06   5.386250e+02   4.292481e-01   6.952379e-01   4.098992e+00
  2.503337e-02   8.005025e-07   1.626306e+03   8.099380e-01   8.911937e-01   3.901447e+00
  2.523393e-02   4.144382e-07   1.614596e+03   8.105484e-01   8.895214e-01   3.928262e+00
  3.986394e-02   2.301181e-06   5.459546e+02   4.329791e-01   6.972415e-01   4.080484e+00
  2.754033e-02  -7.952341e-07   1.593106e+03   8.728585e-01   6.374172e-01   2.677975e+00
  1.347399e-03   3.827733e-07   3.323004e-06   8.907532e-11   8.907532e-01   1.531004e+01
  1.376333e-03  -7.539699e-08   3.226279e-06   8.833966e-11   8.833966e-01   1.531015e+01
  2.756808e-02  -1.984095e-06   1.593625e+03   8.740228e-01   6.377383e-01   2.675967e+00
  3.987519e-02   2.917881e-06   5.419900e+02   4.299562e-01   6.960914e-01   4.089607e+00
  2.511249e-02  -3.085023e-07   1.619411e+03   8.090530e-01   8.905848e-01   3.904035e+00
  2.528150e-02   1.293071e-06   1.610601e+03   8.100669e-01   8.894288e-01   3.916328e+00
  4.006107e-02  -2.428077e-06   5.392053e+02   4.297411e-01   6.956388e-01   4.097501e+00
  2.767212e-02   1.929927e-06   1.588714e+03   8.746178e-01   6.383981e-01   2.676635e+00
  1.283205e-03  -2.966403e-07   3.480963e-06   8.886393e-11   8.886393e-01   1.533286e+01
  1.344836e-03  -9.196160e-07   3.254965e-06   8.708547e-11   8.708547e-01   1.531138e+01
  2.764579e-02  -4.072398e-08   1.592205e+03   8.757060e-01   6.420043e-01   2.685853e+00
  3.995447e-02  -2.110886e-07   5.406769e+02   4.297673e-01   6.952834e-01   4.090010e+00
  2.508973e-02   8.246374e-07   1.620357e+03   8.087920e-01   8.897110e-01   3.908199e+00
  2.490867e-02  -5.033772e-07   1.636089e+03   8.107514e-01   8.906680e-01   3.907998e+00
  3.996652e-02   2.456281e-06   5.367153e+02   4.267469e-01   6.954685e-01   4.104126e+00
  2.758502e-02   1.043463e-06   1.598525e+03   8.772487e-01   6.401558e-01   2.678620e+00
  1.356521e-03   8.429897e-07   3.239783e-06   8.743241e-11   8.743241e-01   1.526134e+01
  1.400204e-03   2.808275e-07   3.201384e-06   8.917832e-11   8.917832e-01   1.565373e+01
  2.744998e-02  -2.887573e-07   1.603009e+03   8.754032e-01   6.314394e-01   2.622876e+00
  3.981530e-02   1.649872e-06   5.410350e+02   4.285540e-01   6.984897e-01   4.095996e+00
  2.517667e-02  -1.168509e-06   1.612672e+03   8.077456e-01   8.902519e-01   3.910829e+00
  2.505591e-02  -2.871763e-07   1.625702e+03   8.103661e-01   8.897015e-01   3.906988e+00
  4.009518e-02  -2.225553e-06   5.352977e+02   4.269900e-01   6.968481e-01   4.096830e+00
  2.767616e-02  -1.681092e-06   1.591294e+03   8.761659e-01   6.320796e-01   2.621592e+00
  1.314453e-03  -6.520924e-08   3.360996e-06   8.789072e-11   8.789072e-01   1.568806e+01
  1.365742e-03  -9.463499e-07   3.378199e-06   9.178758e-11   9.178758e-01   1.538064e+01
  2.749139e-02  -3.798280e-06   1.591110e+03   8.702162e-01   6.309054e-01   2.667187e+00
  3.990377e-02   6.191142e-07   5.454034e+02   4.329741e-01   6.953258e-01   4.052118e+00
  2.510915e-02   3.386270e-07   1.619016e+03   8.087480e-01   8.895116e-01   3.907537e+00
  2.513666e-02   1.582086e-07   1.617893e+03   8.090725e-01   8.900793e-01   3.905842e+00
  3.992803e-02  -5.807167e-07   5.416897e+02   4.302874e-01   6.969926e-01   4.084652e+00
  2.752816e-02   2.115002e-06   1.592053e+03   8.718962e-01   6.319299e-01   2.642734e+00
  1.371569e-03   6.859550e-07   3.322724e-06   9.066554e-11   9.066554e-01   1.550108e+01
  1.394829e-03   5.969214e-07   3.194621e-06   8.864827e-11   8.864827e-01   1.489436e+01
  2.759617e-02   3.821532e-06   1.577111e+03   8.658469e-01   6.455322e-01   2.753197e+00
  3.976267e-02  -1.816742e-06   5.543242e+02   4.385000e-01   6.992629e-01   4.088333e+00
  2.514778e-02   4.166006e-07   1.617963e+03   8.094657e-01   8.891774e-01   3.909000e+00
  2.505641e-02  -2.473524e-07   1.626445e+03   8.107527e-01   8.898754e-01   3.908019e+00
  4.006122e-02   1.706934e-06   5.386449e+02   4.292960e-01   6.955961e-01   4.096064e+00
  2.766684e-02  -5.213490e-07   1.589077e+03   8.746507e-01   6.391454e-01   2.683748e+00
  1.339164e-03   1.803452e-07   3.332001e-06   8.877062e-11   8.877062e-01   1.530386e+01
  1.348518e-03  -8.854695e-07   3.281874e-06   8.804582e-11   8.804582e-01   1.541402e+01
  2.755231e-02  -1.298064e-06   1.597814e+03   8.758190e-01   6.389322e-01   2.672552e+00
  3.997620e-02  -5.785871e-07   5.394288e+02   4.290084e-01   6.956522e-01   4.096323e+00
  2.501347e-02   1.999025e-07   1.628085e+03   8.101790e-01   8.897992e-01   3.913925e+00
  2.505970e-02  -1.693515e-08   1.622356e+03   8.088208e-01   8.898429e-01   3.915778e+00
  3.986348e-02   1.648243e-06   5.389451e+02   4.274151e-01   6.964594e-01   4.095468e+00
  2.760144e-02  -4.814105e-07   1.596090e+03   8.764343e-01   6.356791e-01   2.654656e+00
  1.364825e-03   2.029742e-07   3.239259e-06   8.795344e-11   8.795344e-01   1.550786e+01
  1.399831e-03   2.044997e-07   3.141562e-06   8.748861e-11   8.748861e-01   1.504561e+01
  2.752502e-02   1.189186e-06   1.589920e+03   8.706288e-01   6.431754e-01   2.734619e+00
  3.980351e-02  -1.269735e-06   5.533323e+02   4.381648e-01   6.980499e-01   4.076989e+00
  2.516665e-02  -5.545509e-07   1.616333e+03   8.092570e-01   8.881059e-01   3.911631e+00
  2.502273e-02  -3.942403e-07   1.627769e+03   8.103218e-01   8.906190e-01   3.908119e+00
  3.991238e-02   2.483479e-06   5.420560e+02   4.304096e-01   6.970415e-01   4.079441e+00
  2.759678e-02  -8.467875e-07   1.589865e+03   8.728681e-01   6.344611e-01   2.661954e+00
  1.359627e-03   5.317852e-07   3.302375e-06   8.932566e-11   8.932566e-01   1.540701e+01
  1.352504e-03   3.331626e-07   3.373870e-06   9.078142e-11   9.078142e-01   1.550501e+01
  2.751999e-02   1.104284e-06   1.590084e+03   8.705594e-01   6.300237e-01   2.630850e+00
  4.005517e-02  -1.130848e-06   5.390855e+02   4.295823e-01   6.990165e-01   4.104950e+00
  2.502544e-02  -4.025940e-07   1.625151e+03   8.091062e-01   8.901552e-01   3.910777e+00
  2.501919e-02   6.212653e-07   1.626373e+03   8.095125e-01   8.891764e-01   3.919291e+00
  3.990544e-02   4.697576e-07   5.435119e+02   4.314905e-01   6.970816e-01   4.087769e+00
  2.756781e-02  -9.655089e-07   1.587338e+03   8.705665e-01   6.344228e-01   2.664225e+00
  1.365085e-03  -2.323867e-08   3.288302e-06   8.930205e-11   8.930205e-01   1.538861e+01
  1.437457e-03  -1.520591e-08   3.086189e-06   8.825667e-11   8.825667e-01   1.491413e+01
  2.740603e-02   1.138845e-07   1.602201e+03   8.735612e-01   6.487653e-01   2.758155e+00
  3.988362e-02  -1.445460e-07   5.489649e+02   4.355813e-01   6.962878e-01   4.071368e+00
  2.507111e-02   3.411115e-07   1.623449e+03   8.097342e-01   8.902852e-01   3.910525e+00
  2.500338e-02   1.263056e-07   1.628543e+03   8.100801e-01   8.900450e-01   3.909549e+00
  3.982397e-02   1.780829e-06   5.471056e+02   4.334569e-01   6.973655e-01   4.078472e+00
  2.755309e-02  -9.546167e-08   1.588404e+03   8.706856e-01   6.366457e-01   2.678850e+00
  1.372276e-03   3.514982e-07   3.287500e-06   8.975063e-11   8.975063e-01   1.533823e+01
  3.204432e-03   1.042813e-07   1.358326e-06   8.659350e-11   8.659350e-01   9.647887e+00
  2.650804e-02   3.486403e-07   1.500747e+03   7.914351e-01   7.212146e-01   2.751962e+00
  3.511014e-02  -4.067558e-07   7.927781e+02   5.537508e-01   7.403160e-01   3.253749e+00
  2.521859e-02  -3.047761e-07   1.630449e+03   8.180090e-01   8.904165e-01   3.189725e+00
  2.517061e-02  -2.092518e-07   1.633574e+03   8.180175e-01   8.914483e-01   3.187988e+00
  3.522188e-02  -2.689068e-07   7.851486e+02   5.501669e-01   7.383125e-01   3.245285e+00
  2.660317e-02   1.038695e-07   1.492345e+03   7.898287e-01   7.174258e-01   2.739525e+00
  3.008066e-03  -4.192344e-07   1.464670e-06   8.765109e-11   8.765109e-01   9.722171e+00
  3.241030e-03  -5.084249e-07   1.361274e-06   8.777258e-11   8.777258e-01   9.917223e+00
  2.655692e-02  -4.347660e-07   1.497102e+03   7.909685e-01   7.124032e-01   2.720844e+00
  3.516363e-02   1.961848e-06   7.847149e+02   5.489537e-01   7.389053e-01   3.242625e+00
  2.526016e-02  -4.873123e-07   1.630083e+03   8.191735e-01   8.902263e-01   3.192720e+00
  2.519029e-02  -9.686753e-07   1.632575e+03   8.181567e-01   8.908235e-01   3.196534e+00
  3.526412e-02   1.997753e-07   7.849802e+02   5.507086e-01   7.393811e-01   3.255337e+00
  2.667872e-02   1.120055e-06   1.489365e+03   7.904897e-01   7.172859e-01   2.732605e+00
  2.987213e-03   7.052801e-08   1.468076e-06   8.724586e-11   8.724586e-01   9.778981e+00
  3.294381e-03  -5.503762e-08   1.380899e-06   9.050360e-11   9.050360e-01   9.690882e+00
  2.645467e-02  -1.023249e-06   1.489412e+03   7.838759e-01   7.110313e-01   2.731024e+00
  3.491833e-02   4.908631e-07   7.995094e+02   5.554017e-01   7.412031e-01   3.222959e+00
  2.527245e-02   1.234347e-07   1.626201e+03   8.176201e-01   8.896457e-01   3.190060e+00
  2.518078e-02  -5.650553e-08   1.635737e+03   8.194318e-01   8.924766e-01   3.185964e+00
  3.525208e-02   1.038066e-06   7.766236e+02   5.446600e-01   7.372067e-01   3.247137e+00
  2.656143e-02  -6.342853e-07   1.493097e+03   7.889867e-01   7.073443e-01   2.693231e+00
  3.016983e-03  -4.115222e-08   1.483487e-06   8.904034e-11   8.904034e-01   1.004553e+01
  3.246546e-03  -3.499745e-08   1.352503e-06   8.735543e-11   8.735543e-01   9.478453e+00
  2.649509e-02  -5.850730e-07   1.495353e+03   7.882050e-01   7.221273e-01   2.771451e+00
  3.508631e-02   3.306730e-06   7.967290e+02   5.561328e-01   7.403822e-01   3.232277e+00
  2.525310e-02   2.279440e-08   1.627358e+03   8.175759e-01   8.909285e-01   3.189437e+00
  2.519716e-02  -1.655942e-06   1.633451e+03   8.188188e-01   8.899431e-01   3.191672e+00
  3.507138e-02   7.410728e-07   7.886773e+02   5.502783e-01   7.389537e-01   3.236718e+00
  2.657746e-02   3.218713e-08   1.488886e+03   7.872361e-01   7.114025e-01   2.715928e+00
  3.121333e-03   4.926479e-07   1.441386e-06   8.950568e-11   8.950568e-01   9.826827e+00
  3.234075e-03  -8.372647e-07   1.369916e-06   8.814019e-11   8.814019e-01   9.651365e+00
  2.653541e-02  -1.341774e-07   1.490776e+03   7.869884e-01   7.174642e-01   2.750116e+00
  3.486700e-02  -8.301565e-07   8.024300e+02   5.566111e-01   7.415175e-01   3.226752e+00
  2.527053e-02   6.033754e-07   1.627040e+03   8.179801e-01   8.907742e-01   3.187610e+00
  2.520640e-02  -3.987841e-07   1.633648e+03   8.192178e-01   8.927712e-01   3.197287e+00
  3.519508e-02   1.635993e-06   7.829597e+02   5.482158e-01   7.387683e-01   3.246416e+00
  2.654972e-02  -8.320938e-07   1.491716e+03   7.879094e-01   7.091434e-01   2.702949e+00
  3.048037e-03   4.484850e-08   1.471454e-06   8.922717e-11   8.922717e-01   9.951162e+00
  3.248350e-03   1.562750e-07   1.366343e-06   8.829838e-11   8.829838e-01   9.498672e+00
  2.642932e-02   1.325878e-06   1.498295e+03   7.877951e-01   7.219241e-01   2.765324e+00
  3.504647e-02  -1.545767e-06   7.997696e+02   5.576212e-01   7.409081e-01   3.240255e+00
  2.524945e-02   2.849523e-07   1.628533e+03   8.180476e-01   8.900818e-01   3.193596e+00
  2.522170e-02   1.339893e-07   1.635600e+03   8.206946e-01   8.924368e-01   3.188286e+00
  3.495480e-02   4.633684e-07   7.949738e+02   5.528277e-01   7.402192e-01   3.227929e+00
  2.650699e-02  -1.587796e-06   1.490502e+03   7.860008e-01   7.101930e-01   2.714494e+00
  3.207598e-03  -3.048129e-07   1.413311e-06   9.018777e-11   9.018777e-01   9.814215e+00
  3.164073e-03  -8.779754e-07   1.391479e-06   8.758975e-11   8.758975e-01   9.593393e+00
  2.651941e-02  -1.012724e-07   1.495961e+03   7.892494e-01   7.201842e-01   2.760943e+00
  3.496815e-02   2.961326e-07   7.988468e+02   5.557332e-01   7.411507e-01   3.232070e+00
  2.524523e-02   2.963998e-07   1.628029e+03   8.176581e-01   8.897767e-01   3.186758e+00
  2.518682e-02   4.078950e-07   1.633351e+03   8.184324e-01   8.913490e-01   3.189336e+00
  3.511016e-02  -7.100159e-07   7.911438e+02   5.526096e-01   7.396367e-01   3.239006e+00
  2.655790e-02  -2.780057e-07   1.491364e+03   7.879661e-01   7.146483e-01   2.730040e+00
  3.112838e-03  -6.008859e-07   1.440771e-06   8.922399e-11   8.922399e-01   9.729887e+00
  3.234407e-03   2.646231e-07   1.357373e-06   8.734216e-11   8.734216e-01   9.512262e+00
  2.648146e-02   8.800851e-07   1.496298e+03   7.882978e-01   7.226776e-01   2.765565e+00
  3.499302e-02  -1.180837e-06   8.018334e+02   5.582075e-01   7.414487e-01   3.235227e+00
  2.527743e-02  -5.029976e-07   1.627654e+03   8.185123e-01   8.910124e-01   3.191916e+00
  2.520168e-02   6.561130e-07   1.630048e+03   8.172598e-01   8.908608e-01   3.196584e+00
  3.496402e-02  -4.775243e-07   7.958940e+02   5.536136e-01   7.404484e-01   3.236122e+00
  2.646725e-02  -1.506223e-08   1.496520e+03   7.879914e-01   7.150256e-01   2.731717e+00
  3.217086e-03  -5.456295e-07   1.390665e-06   8.900519e-11   8.900519e-01   9.723050e+00
  3.117173e-03  -5.655672e-07   1.413462e-06   8.765473e-11   8.765473e-01   9.769078e+00
  2.645098e-02   4.904948e-07   1.504322e+03   7.916126e-01   7.183093e-01   2.738249e+00
  3.505491e-02  -1.134279e-07   7.911498e+02   5.517441e-01   7.398012e-01   3.254705e+00
  2.522187e-02  -5.697702e-07   1.633318e+03   8.195554e-01   8.926564e-01   3.196880e+00
  2.524592e-02   5.896588e-07   1.629909e+03   8.186244e-01   8.917306e-01   3.198091e+00
  3.505036e-02  -4.234163e-07   7.939427e+02   5.536200e-01   7.399444e-01   3.231668e+00
  2.652705e-02  -1.627730e-08   1.492902e+03   7.878624e-01   7.164781e-01   2.742563e+00
  3.158832e-03  -3.107609e-07   1.411866e-06   8.872588e-11   8.872588e-01   9.668736e+00
  3.298035e-03   2.177886e-07   1.380811e-06   9.059820e-11   9.059820e-01   9.743144e+00
  2.644666e-02  -1.243080e-06   1.496610e+03   7.874257e-01   7.114275e-01   2.726768e+00
  3.491211e-02   7.999443e-07   7.999595e+02   5.556154e-01   7.419081e-01   3.221662e+00
  2.522886e-02  -4.257177e-07   1.629870e+03   8.180518e-01   8.916593e-01   3.183524e+00
  2.516617e-02   5.402570e-07   1.637089e+03   8.196330e-01   8.915302e-01   3.192781e+00
  3.500913e-02   4.478413e-07   7.967414e+02   5.549181e-01   7.409364e-01   3.238523e+00
  2.646627e-02   1.759482e-07   1.495642e+03   7.875000e-01   7.166653e-01   2.739503e+00
  3.216166e-03   2.285100e-08   1.380192e-06   8.830963e-11   8.830963e-01   9.675650e+00
  3.170559e-03  -1.377581e-07   1.405393e-06   8.864694e-11   8.864694e-01   9.352824e+00
  2.649797e-02  -6.426287e-07   1.492468e+03   7.867699e-01   7.238141e-01   2.777316e+00
  3.497660e-02   1.622237e-07   8.061262e+02   5.609327e-01   7.424902e-01   3.224434e+00
  2.525151e-02  -1.439951e-06   1.626327e+03   8.170065e-01   8.908030e-01   3.200907e+00
  2.519846e-02   2.835484e-07   1.635254e+03   8.197647e-01   8.912431e-01   3.182770e+00
  3.504488e-02  -8.577387e-07   7.962097e+02   5.551140e-01   7.410508e-01   3.232973e+00
  2.651734e-02  -3.252376e-07   1.492330e+03   7.872726e-01   7.144171e-01   2.731465e+00
  3.204520e-03   2.684777e-08   1.395242e-06   8.894934e-11   8.894934e-01   9.720437e+00
  3.146844e-03  -1.827538e-07   1.395225e-06   8.734735e-11   8.734735e-01   9.618918e+00
  2.647621e-02   3.418193e-07   1.497553e+03   7.888023e-01   7.203218e-01   2.755258e+00
  3.503859e-02  -4.199854e-07   7.948320e+02   5.540540e-01   7.398330e-01   3.245547e+00
  2.509276e-02  -4.565024e-07   1.643729e+03   8.205572e-01   8.927940e-01   3.184730e+00
  2.517377e-02  -7.933145e-07   1.634266e+03   8.184671e-01   8.914428e-01   3.186498e+00
  3.496674e-02  -1.722307e-08   7.998377e+02   5.564001e-01   7.416980e-01   3.234147e+00
  2.642175e-02  -5.484394e-07   1.496880e+03   7.868263e-01   7.172531e-01   2.749039e+00
  3.230071e-03   1.071307e-07   1.392177e-06   8.946158e-11   8.946158e-01   9.593455e+00
  3.200731e-03   4.640314e-08   1.389394e-06   8.847179e-11   8.847179e-01   9.631514e+00
  2.642356e-02   6.638446e-07   1.501932e+03   7.895355e-01   7.195245e-01   2.751057e+00
  3.504676e-02  -7.746006e-07   7.966870e+02   5.554766e-01   7.412387e-01   3.240534e+00
  2.518742e-02  -6.595920e-07   1.635773e+03   8.196660e-01   8.919032e-01   3.190774e+00
  2.518916e-02  -5.747889e-07   1.633832e+03   8.187499e-01   8.922804e-01   3.187435e+00
  3.509218e-02  -5.967545e-07   7.956094e+02   5.554442e-01   7.401747e-01   3.233555e+00
  2.647251e-02   1.085643e-07   1.496464e+03   7.881184e-01   7.184228e-01   2.749138e+00
  3.208393e-03  -6.306562e-08   1.391837e-06   8.883950e-11   8.883950e-01   9.609041e+00
  3.178248e-03   3.678488e-07   1.399290e-06   8.847606e-11   8.847606e-01   9.647403e+00
  2.651286e-02   4.821352e-07   1.495232e+03   7.886699e-01   7.176325e-01   2.748272e+00
  3.499502e-02  -1.780316e-06   7.971212e+02   5.549588e-01   7.401148e-01   3.232688e+00
  2.511306e-02  -1.388966e-06   1.638417e+03   8.185670e-01   8.912278e-01   3.195431e+00
  2.511702e-02  -7.581568e-07   1.638118e+03   8.185468e-01   8.909976e-01   3.187154e+00
  3.503634e-02  -4.680798e-07   7.983255e+02   5.564535e-01   7.419404e-01   3.232992e+00
  2.647054e-02  -2.317022e-09   1.498598e+03   7.891838e-01   7.206990e-01   2.756608e+00
  3.225507e-03   3.056014e-07   1.377470e-06   8.839144e-11   8.839144e-01   9.550298e+00
  3.235751e-03   8.283698e-07   1.366809e-06   8.798587e-11   8.798587e-01   9.544116e+00
  2.644523e-02   5.000626e-07   1.500245e+03   7.892954e-01   7.213286e-01   2.764425e+00
  3.494513e-02  -2.190857e-07   8.010322e+02   5.568866e-01   7.417094e-01   3.232438e+00
  2.526380e-02   6.987848e-08   1.628218e+03   8.183543e-01   8.911634e-01   3.188897e+00
  2.518343e-02  -6.209548e-07   1.636207e+03   8.197536e-01   8.908329e-01   3.192944e+00
  3.503254e-02   5.149727e-07   7.969627e+02   5.554433e-01   7.400667e-01   3.236909e+00
  2.645643e-02   7.713641e-08   1.497769e+03   7.883267e-01   7.178733e-01   2.747679e+00
  3.207885e-03  -5.828949e-08   1.391956e-06   8.883304e-11   8.883304e-01   9.617348e+00
  3.157256e-03   6.380808e-07   1.406507e-06   8.834497e-11   8.834497e-01   9.608870e+00
  2.657470e-02  -1.865257e-07   1.488698e+03   7.870554e-01   7.164658e-01   2.748877e+00
  3.498857e-02   1.315793e-07   7.987693e+02   5.560037e-01   7.418465e-01   3.232957e+00
  2.513586e-02   9.421885e-07   1.638441e+03   8.193223e-01   8.914471e-01   3.193166e+00
  2.518069e-02   5.510215e-07   1.637370e+03   8.202472e-01   8.908364e-01   3.191071e+00
  3.504155e-02  -4.917688e-07   7.990281e+02   5.570260e-01   7.413803e-01   3.234660e+00
  2.646953e-02   1.420560e-07   1.499896e+03   7.898370e-01   7.223514e-01   2.766472e+00
  3.225147e-03   1.117986e-07   1.370009e-06   8.790291e-11   8.790291e-01   9.514428e+00
  3.233573e-03   8.789266e-07   1.377966e-06   8.864439e-11   8.864439e-01   9.634379e+00
  2.640223e-02   3.066771e-07   1.498838e+03   7.872733e-01   7.188326e-01   2.743141e+00
  3.497441e-02  -1.367011e-07   7.990225e+02   5.559548e-01   7.410829e-01   3.230608e+00
  2.521600e-02  -1.017872e-07   1.633583e+03   8.194971e-01   8.920994e-01   3.198318e+00
  2.516232e-02  -6.483711e-07   1.636889e+03   8.194076e-01   8.909731e-01   3.189032e+00
  3.503341e-02   4.429768e-07   7.930882e+02   5.527566e-01   7.393481e-01   3.235818e+00
  2.651427e-02  -4.828626e-07   1.497128e+03   7.897120e-01   7.187730e-01   2.747000e+00
  3.165066e-03   1.181799e-07   1.397378e-06   8.798867e-11   8.798867e-01   9.652873e+00
  3.173441e-03   8.520714e-07   1.425695e-06   9.000929e-11   9.000929e-01   9.667586e+00
  2.649166e-02  -6.180835e-07   1.490643e+03   7.856210e-01   7.145911e-01   2.736550e+00
  3.499455e-02   1.509490e-06   7.992356e+02   5.564234e-01   7.423680e-01   3.240044e+00
  2.525659e-02   1.018923e-07   1.628336e+03   8.181800e-01   8.907211e-01   3.188933e+00
  2.523437e-02   9.509290e-07   1.633582e+03   8.200938e-01   8.921048e-01   3.192764e+00
  3.503029e-02  -1.153568e-06   7.952190e+02   5.541925e-01   7.399210e-01   3.235418e+00
  2.647203e-02  -9.255423e-09   1.501212e+03   7.906048e-01   7.206169e-01   2.753504e+00
  3.218645e-03  -3.888477e-07   1.372610e-06   8.789223e-11   8.789223e-01   9.596750e+00
  3.234377e-03   1.374022e-07   1.384582e-06   8.909217e-11   8.909217e-01   9.586503e+00
  2.645550e-02  -5.399075e-07   1.495248e+03   7.869720e-01   7.159468e-01   2.750203e+00
  3.505428e-02   1.090901e-06   7.953293e+02   5.546490e-01   7.400183e-01   3.225821e+00
  2.510424e-02   1.125447e-06   1.640560e+03   8.193496e-01   8.915782e-01   3.175251e+00
  2.518500e-02   9.768607e-07   1.634932e+03   8.191656e-01   8.917830e-01   3.195599e+00
  3.510397e-02   6.996694e-07   7.916988e+02   5.528996e-01   7.396107e-01   3.243508e+00
  2.655460e-02   4.784282e-07   1.493144e+03   7.888086e-01   7.166518e-01   2.734141e+00
  3.153685e-03   1.214347e-07   1.411755e-06   8.857435e-11   8.857435e-01   9.695431e+00
  3.188088e-03   5.420156e-07   1.386613e-06   8.794594e-11   8.794594e-01   9.535099e+00
  2.643791e-02   7.234182e-07   1.499833e+03   7.888603e-01   7.243363e-01   2.762758e+00
  3.496713e-02   3.919268e-07   8.026139e+02   5.583375e-01   7.409456e-01   3.238139e+00
  2.526737e-02   6.787887e-07   1.629164e+03   8.189454e-01   8.917932e-01   3.179165e+00
  2.520549e-02   2.358951e-06   1.633171e+03   8.189492e-01   8.916231e-01   3.196423e+00
  3.503376e-02   6.955885e-08   7.956867e+02   5.545733e-01   7.402163e-01   3.235788e+00
  2.648208e-02  -6.601046e-07   1.496181e+03   7.882545e-01   7.175196e-01   2.745723e+00
  3.223754e-03  -7.165640e-08   1.378085e-06   8.838286e-11   8.838286e-01   9.641997e+00
  3.171297e-03  -4.713419e-07   1.410396e-06   8.898324e-11   8.898324e-01   9.714319e+00
  2.646897e-02  -7.389569e-08   1.500310e+03   7.900385e-01   7.160609e-01   2.737429e+00
  3.509165e-02   1.726754e-07   7.918392e+02   5.528036e-01   7.399324e-01   3.237627e+00
  2.512947e-02   9.477437e-07   1.637935e+03   8.188607e-01   8.900722e-01   3.187813e+00
  2.526882e-02  -3.293820e-07   1.628797e+03   8.188078e-01   8.915950e-01   3.193226e+00
  3.508722e-02  -4.172583e-07   7.962555e+02   5.558166e-01   7.425526e-01   3.239862e+00
  2.652464e-02   5.466933e-07   1.495938e+03   7.893932e-01   7.171424e-01   2.739356e+00
  3.166593e-03  -2.332650e-07   1.404629e-06   8.848793e-11   8.848793e-01   9.704535e+00
  3.216335e-03   1.674985e-07   1.371575e-06   8.776289e-11   8.776289e-01   9.534670e+00
  2.648020e-02   1.670063e-06   1.496402e+03   7.883151e-01   7.207857e-01   2.764905e+00
  3.502771e-02  -1.320569e-06   8.020346e+02   5.589012e-01   7.428908e-01   3.237423e+00
  2.528725e-02   7.037842e-07   1.626653e+03   8.183269e-01   8.919677e-01   3.192357e+00
  2.515678e-02   1.465966e-08   1.636380e+03   8.189726e-01   8.913271e-01   3.189980e+00
  3.504084e-02   6.389713e-07   7.951033e+02   5.542788e-01   7.408404e-01   3.228942e+00
  2.649951e-02   1.136355e-07   1.493615e+03   7.874200e-01   7.149598e-01   2.738261e+00
  3.238093e-03   3.945477e-07   1.391403e-06   8.963394e-11   8.963394e-01   9.667910e+00
  3.152086e-03   6.307277e-07   1.421439e-06   8.913668e-11   8.913668e-01   9.727510e+00
  2.650871e-02   8.516324e-07   1.494001e+03   7.878972e-01   7.155447e-01   2.731480e+00
  3.512402e-02   6.488353e-07   7.912823e+02   5.529244e-01   7.395377e-01   3.247112e+00
  2.516757e-02   5.348079e-07   1.639723e+03   8.209974e-01   8.927992e-01   3.196370e+00
  2.523156e-02   6.019001e-07   1.634173e+03   8.202992e-01   8.923078e-01   3.194970e+00
  3.503006e-02   8.537151e-07   7.992400e+02   5.569910e-01   7.396317e-01   3.243455e+00
  2.653329e-02   9.456591e-07   1.498297e+03   7.908955e-01   7.266026e-01   2.782541e+00
  3.177704e-03   2.773498e-07   1.359916e-06   8.597175e-11   8.597175e-01   9.456485e+00
  3.241579e-03  -6.926595e-07   1.361864e-06   8.782547e-11   8.782547e-01   9.617653e+00
  2.645515e-02  -4.204684e-07   1.497122e+03   7.879477e-01   7.179164e-01   2.750595e+00
  3.504069e-02  -1.069696e-06   7.978035e+02   5.561586e-01   7.408228e-01   3.234540e+00
  2.528114e-02   3.986209e-07   1.625710e+03   8.176545e-01   8.896195e-01   3.197959e+00
  2.492180e-02   3.638789e-07   1.650343e+03   8.182457e-01   8.909836e-01   3.192626e+00
  3.510239e-02   3.608226e-08   7.847020e+02   5.479888e-01   7.371199e-01   3.233283e+00
  2.654021e-02   1.721281e-07   1.491033e+03   7.872661e-01   7.062701e-01   2.694509e+00
  3.171172e-03   2.344032e-07   1.428102e-06   9.009675e-11   9.009675e-01   9.981963e+00
  3.174376e-03   1.940454e-07   1.407082e-06   8.886030e-11   8.886030e-01   9.701966e+00
  2.653594e-02   5.663663e-08   1.492386e+03   7.878543e-01   7.169829e-01   2.735658e+00
  3.503763e-02   8.311099e-08   7.952359e+02   5.543204e-01   7.408155e-01   3.236741e+00
  2.519316e-02  -4.400145e-07   1.635525e+03   8.197287e-01   8.922993e-01   3.193824e+00
  2.519878e-02   6.451190e-08   1.632665e+03   8.184771e-01   8.911081e-01   3.188003e+00
  3.487800e-02   9.849266e-07   8.106187e+02   5.624687e-01   7.429107e-01   3.222691e+00
  2.639095e-02   1.216636e-06   1.497070e+03   7.860084e-01   7.268560e-01   2.799517e+00
  3.274732e-03   1.116998e-06   1.356370e-06   8.836579e-11   8.836579e-01   9.249441e+00
  3.294554e-03  -5.589109e-07   1.341425e-06   8.792111e-11   8.792111e-01   9.684641e+00
  2.647775e-02  -2.084989e-06   1.500544e+03   7.904238e-01   7.196107e-01   2.743023e+00
  3.489856e-02   3.134743e-07   7.960094e+02   5.526572e-01   7.390830e-01   3.237731e+00
  2.525448e-02  -8.495483e-07   1.626345e+03   8.171115e-01   8.909529e-01   3.194417e+00
  2.522189e-02   1.469328e-07   1.634736e+03   8.202674e-01   8.919498e-01   3.191406e+00
  3.526856e-02  -6.540611e-07   7.802760e+02   5.474773e-01   7.398850e-01   3.252819e+00
  2.662300e-02  -3.620340e-07   1.495978e+03   7.923413e-01   7.159494e-01   2.723081e+00
  3.027864e-03  -9.252816e-07   1.438497e-06   8.665137e-11   8.665137e-01   9.887687e+00
  3.220747e-03  -1.946386e-07   1.411613e-06   9.044869e-11   9.044869e-01   9.742643e+00
  2.655041e-02  -2.208748e-06   1.488881e+03   7.864322e-01   7.115792e-01   2.722294e+00
  3.498974e-02  -9.394360e-09   7.949776e+02   5.533829e-01   7.409688e-01   3.222561e+00
  2.519447e-02   2.673170e-07   1.634176e+03   8.190949e-01   8.906967e-01   3.191453e+00
  2.517363e-02   1.403962e-06   1.635954e+03   8.193080e-01   8.918627e-01   3.191384e+00
  3.488222e-02   2.429137e-07   8.064775e+02   5.596629e-01   7.463475e-01   3.219758e+00
  2.634237e-02  -5.825451e-07   1.495985e+03   7.839930e-01   7.142656e-01   2.742913e+00
  3.319687e-03   7.361035e-07   1.370724e-06   9.052679e-11   9.052679e-01   9.571658e+00
  3.336639e-03  -6.588514e-07   1.339774e-06   8.893466e-11   8.893466e-01   9.364858e+00
  2.658720e-02   8.880936e-07   1.484548e+03   7.852300e-01   7.228299e-01   2.776922e+00
  3.480159e-02  -2.826833e-06   8.115429e+02   5.618763e-01   7.434255e-01   3.225158e+00
  2.521846e-02  -4.163236e-07   1.628805e+03   8.171804e-01   8.902373e-01   3.190949e+00
  2.532285e-02  -7.414045e-07   1.625442e+03   8.188686e-01   8.909072e-01   3.194153e+00
  3.504026e-02  -7.765974e-07   7.957657e+02   5.547313e-01   7.421009e-01   3.240309e+00
  2.655270e-02   4.743578e-07   1.493149e+03   7.887550e-01   7.210074e-01   2.755943e+00
  3.022470e-03  -2.053062e-07   1.459549e-06   8.776290e-11   8.776290e-01   9.589021e+00
  3.114434e-03  -4.342238e-07   1.382059e-06   8.563195e-11   8.563195e-01   9.690063e+00
  2.655939e-02   1.161963e-06   1.502183e+03   7.937266e-01   7.240347e-01   2.753174e+00
  3.511959e-02   3.524786e-07   7.891233e+02   5.513462e-01   7.388395e-01   3.254254e+00
  2.517180e-02  -3.552807e-07   1.635559e+03   8.190506e-01   8.911105e-01   3.193078e+00
  2.523428e-02  -7.980402e-07   1.628022e+03   8.172999e-01   8.904804e-01   3.191257e+00
  3.505809e-02  -1.752109e-06   7.952816e+02   5.546760e-01   7.421958e-01   3.237456e+00
  2.648690e-02   3.654982e-07   1.497244e+03   7.889583e-01   7.189139e-01   2.746915e+00
  3.186470e-03  -3.597534e-07   1.392074e-06   8.824751e-11   8.824751e-01   9.620291e+00
  3.358116e-03   1.798852e-07   1.341763e-06   8.963999e-11   8.963999e-01   9.882194e+00
  2.660717e-02  -1.537130e-06   1.488388e+03   7.878525e-01   7.116368e-01   2.710491e+00
  3.493589e-02   2.091413e-06   7.947923e+02   5.524025e-01   7.403026e-01   3.230725e+00
  2.519483e-02   1.990187e-07   1.635029e+03   8.195340e-01   8.929168e-01   3.192520e+00
  2.525338e-02  -4.825193e-07   1.628568e+03   8.181927e-01   8.911188e-01   3.190922e+00
  3.523877e-02   1.681730e-06   7.907094e+02   5.543293e-01   7.413388e-01   3.235609e+00
  2.653077e-02  -5.113273e-07   1.492376e+03   7.876954e-01   7.177274e-01   2.750137e+00
  3.033067e-03   6.689433e-07   1.466291e-06   8.847741e-11   8.847741e-01   9.615715e+00
  3.190860e-03   7.697081e-07   1.412065e-06   8.963812e-11   8.963812e-01   9.534404e+00
  2.646521e-02   3.425647e-07   1.493859e+03   7.865300e-01   7.188914e-01   2.753876e+00
  3.507471e-02  -7.943877e-07   8.010685e+02   5.589769e-01   7.417401e-01   3.230232e+00
  2.534226e-02  -1.030945e-07   1.623589e+03   8.185618e-01   8.897243e-01   3.193300e+00
  2.520047e-02  -6.922402e-07   1.633630e+03   8.190162e-01   8.912182e-01   3.191987e+00
  3.515434e-02  -1.386843e-06   7.919370e+02   5.538597e-01   7.400511e-01   3.236453e+00
  2.653549e-02  -7.282695e-07   1.490966e+03   7.870909e-01   7.178174e-01   2.747421e+00
  3.104835e-03  -3.126104e-07   1.428331e-06   8.822616e-11   8.822616e-01   9.630297e+00
  3.251569e-03  -7.906433e-07   1.363147e-06   8.817911e-11   8.817911e-01   9.628828e+00
  2.666190e-02   7.881037e-07   1.489045e+03   7.898217e-01   7.203278e-01   2.750704e+00
  3.518494e-02  -3.423192e-07   7.913858e+02   5.539559e-01   7.394539e-01   3.250844e+00
  2.521173e-02   1.196019e-06   1.632515e+03   8.188230e-01   8.904288e-01   3.193378e+00
  2.524503e-02  -3.172941e-07   1.627880e+03   8.175766e-01   8.903109e-01   3.194506e+00
  3.523682e-02  -2.255352e-07   7.920523e+02   5.552398e-01   7.409347e-01   3.244207e+00
  2.658564e-02   1.472058e-06   1.492763e+03   7.895293e-01   7.196536e-01   2.748932e+00
  2.987028e-03   3.442145e-08   1.475573e-06   8.768598e-11   8.768598e-01   9.648105e+00
  6.197357e-03  -1.586661e-06   7.170073e-07   8.840163e-11   8.840163e-01   6.072814e+00
  2.520238e-02  -1.489566e-06   1.546924e+03   7.756052e-01   7.828765e-01   2.401957e+00
  3.055702e-02  -5.206747e-07   1.083617e+03   6.587444e-01   7.920588e-01   2.542029e+00
  2.491656e-02  -2.596861e-07   1.672847e+03   8.292287e-01   8.962443e-01   2.551506e+00
  2.499548e-02   4.787086e-07   1.665046e+03   8.279762e-01   8.949213e-01   2.550368e+00
  3.056131e-02   1.378442e-07   1.087318e+03   6.610869e-01   7.929452e-01   2.549552e+00
  2.513522e-02   1.605233e-07   1.553991e+03   7.770720e-01   7.875515e-01   2.409285e+00
  6.185912e-03   5.451605e-07   7.083977e-07   8.717882e-11   8.717882e-01   6.002944e+00
  6.175379e-03   4.508655e-07   7.125213e-07   8.753699e-11   8.753699e-01   5.912488e+00
  2.512760e-02  -3.719186e-07   1.552547e+03   7.761149e-01   7.881268e-01   2.411467e+00
  3.050950e-02   2.935266e-07   1.092732e+03   6.632524e-01   7.940179e-01   2.545402e+00
  2.497129e-02   1.115156e-06   1.667864e+03   8.285749e-01   8.958530e-01   2.547651e+00
  2.493332e-02  -5.345386e-08   1.672475e+03   8.296024e-01   8.954436e-01   2.550635e+00
  3.054252e-02   4.371624e-07   1.088008e+03   6.611000e-01   7.932976e-01   2.541761e+00
  2.512571e-02   5.700614e-07   1.553731e+03   7.766478e-01   7.865962e-01   2.407893e+00
  6.209165e-03   1.150100e-06   7.109792e-07   8.782543e-11   8.782543e-01   5.957422e+00
  6.098750e-03  -1.439389e-06   7.092931e-07   8.605908e-11   8.605908e-01   6.036294e+00
  2.524542e-02  -6.140212e-07   1.548386e+03   7.776641e-01   7.886204e-01   2.412577e+00
  3.064546e-02  -2.039584e-07   1.081934e+03   6.596247e-01   7.920301e-01   2.553723e+00
  2.496837e-02  -8.912026e-07   1.669626e+03   8.293531e-01   8.962686e-01   2.550827e+00
  2.498958e-02  -2.690081e-08   1.667855e+03   8.291769e-01   8.953360e-01   2.548296e+00
  3.057622e-02   3.067495e-09   1.092143e+03   6.643447e-01   7.936622e-01   2.550210e+00
  2.508573e-02   5.303156e-07   1.560802e+03   7.789412e-01   7.933887e-01   2.421906e+00
  6.166129e-03   1.755877e-06   7.019551e-07   8.610969e-11   8.610969e-01   5.841007e+00
  6.058005e-03  -1.595273e-06   7.173554e-07   8.645580e-11   8.645580e-01   6.018341e+00
  2.520296e-02  -8.702253e-07   1.549116e+03   7.767221e-01   7.879844e-01   2.412249e+00
  3.058618e-02  -1.774518e-06   1.085343e+03   6.604235e-01   7.924718e-01   2.548532e+00
  2.498056e-02   1.131022e-06   1.668962e+03   8.294283e-01   8.963370e-01   2.550661e+00
  2.497022e-02  -6.550438e-10   1.668583e+03   8.288962e-01   8.952812e-01   2.550651e+00
  3.064662e-02  -3.101650e-08   1.081385e+03   6.593154e-01   7.928036e-01   2.554089e+00
  2.520183e-02   6.194362e-07   1.551561e+03   7.779130e-01   7.887696e-01   2.413640e+00
  6.014224e-03   3.049802e-07   7.191617e-07   8.604711e-11   8.604711e-01   6.018773e+00
  6.046730e-03   1.981196e-07   7.151232e-07   8.602637e-11   8.602637e-01   6.074623e+00
  2.525978e-02  -4.472262e-07   1.545868e+03   7.768411e-01   7.877026e-01   2.410182e+00
  3.062948e-02  -6.588269e-07   1.081556e+03   6.590507e-01   7.918803e-01   2.557047e+00
  2.497754e-02  -1.982339e-07   1.668574e+03   8.291351e-01   8.960195e-01   2.551149e+00
  2.499677e-02  -5.835549e-07   1.669035e+03   8.300024e-01   8.964427e-01   2.549283e+00
  3.064350e-02  -4.273402e-07   1.084566e+03   6.611872e-01   7.913230e-01   2.554954e+00
  2.514133e-02   4.242544e-07   1.557439e+03   7.789853e-01   7.929459e-01   2.423346e+00
  6.045865e-03   8.789524e-07   7.067592e-07   8.500804e-11   8.500804e-01   5.935609e+00
  5.962883e-03  -1.357991e-06   7.341583e-07   8.709157e-11   8.709157e-01   6.149379e+00
  2.524450e-02  -7.217638e-07   1.545293e+03   7.760824e-01   7.844456e-01   2.406368e+00
  3.066763e-02  -1.316193e-06   1.076544e+03   6.568137e-01   7.908728e-01   2.553554e+00
  2.496399e-02  -1.897353e-07   1.669409e+03   8.290997e-01   8.960505e-01   2.552840e+00
  2.503340e-02  -4.992398e-07   1.666603e+03   8.300076e-01   8.965048e-01   2.552447e+00
  3.076388e-02   4.107887e-07   1.070039e+03   6.548935e-01   7.906568e-01   2.561381e+00
  2.525811e-02   1.351106e-07   1.545459e+03   7.765839e-01   7.849563e-01   2.408061e+00
  5.882475e-03   4.445077e-07   7.299356e-07   8.542299e-11   8.542299e-01   6.210501e+00
  6.060166e-03   5.257347e-07   7.218448e-07   8.702791e-11   8.702791e-01   6.074914e+00
  2.522069e-02   3.110225e-07   1.547264e+03   7.763389e-01   7.858774e-01   2.405189e+00
  3.070477e-02   1.308918e-07   1.077730e+03   6.583336e-01   7.915661e-01   2.550464e+00
  2.497547e-02   2.232864e-07   1.669797e+03   8.296742e-01   8.963803e-01   2.550522e+00
  2.491052e-02   3.330883e-07   1.673900e+03   8.295498e-01   8.962868e-01   2.549746e+00
  3.063153e-02  -5.603705e-07   1.079463e+03   6.578190e-01   7.918511e-01   2.548992e+00
  2.520052e-02  -1.134162e-06   1.547499e+03   7.758363e-01   7.837302e-01   2.403436e+00
  6.058190e-03  -3.260323e-07   7.234571e-07   8.719384e-11   8.719384e-01   6.137194e+00
  5.937218e-03  -3.855449e-07   7.352028e-07   8.684009e-11   8.684009e-01   6.148323e+00
  2.525556e-02   5.289716e-07   1.543151e+03   7.753461e-01   7.841815e-01   2.405912e+00
  3.077800e-02  -3.724257e-07   1.073307e+03   6.571956e-01   7.910863e-01   2.554087e+00
  2.494289e-02  -6.565432e-08   1.669099e+03   8.282453e-01   8.955024e-01   2.550972e+00
  2.499890e-02  -1.037654e-07   1.666193e+03   8.286597e-01   8.957746e-01   2.550290e+00
  3.075781e-02   7.097481e-07   1.071855e+03   6.558761e-01   7.892979e-01   2.551879e+00
  2.521350e-02   1.739091e-07   1.545895e+03   7.754310e-01   7.833357e-01   2.399834e+00
  5.934114e-03   2.675462e-07   7.392802e-07   8.727605e-11   8.727605e-01   6.141970e+00
  6.028028e-03   8.997052e-07   7.270633e-07   8.719219e-11   8.719219e-01   6.125164e+00
  2.519926e-02  -1.147823e-07   1.547723e+03   7.759097e-01   7.841273e-01   2.405408e+00
  3.077697e-02  -3.247184e-07   1.072730e+03   6.568202e-01   7.908951e-01   2.554032e+00
  2.498138e-02  -1.151158e-06   1.668760e+03   8.293546e-01   8.961575e-01   2.551428e+00
  2.492480e-02  -1.386988e-07   1.672736e+03   8.294483e-01   8.962131e-01   2.552123e+00
  3.060313e-02  -1.420057e-08   1.080876e+03   6.580695e-01   7.919973e-01   2.550293e+00
  2.515688e-02  -1.441462e-06   1.550498e+03   7.759934e-01   7.840443e-01   2.403967e+00
  6.074423e-03  -8.066903e-07   7.240828e-07   8.750310e-11   8.750310e-01   6.091784e+00
  5.962443e-03   8.659560e-07   7.285519e-07   8.642012e-11   8.642012e-01   6.120260e+00
  2.523940e-02  -3.450110e-07   1.545490e+03   7.760245e-01   7.849841e-01   2.405758e+00
  3.076188e-02   2.042653e-06   1.071148e+03   6.555297e-01   7.899085e-01   2.551403e+00
  2.496583e-02   6.341390e-07   1.670397e+03   8.296518e-01   8.964913e-01   2.548597e+00
  2.494526e-02  -1.852097e-07   1.669911e+03   8.287271e-01   8.957650e-01   2.550191e+00
  3.073136e-02   3.250177e-07   1.075273e+03   6.574017e-01   7.919435e-01   2.550381e+00
  2.522011e-02   5.764789e-07   1.545335e+03   7.753534e-01   7.848293e-01   2.406049e+00
  5.971401e-03   4.935735e-07   7.319772e-07   8.695687e-11   8.695687e-01   6.078431e+00
  5.991009e-03  -1.884628e-06   7.267934e-07   8.662457e-11   8.662457e-01   6.155388e+00
  2.523917e-02   8.022652e-08   1.545502e+03   7.760233e-01   7.840520e-01   2.402378e+00
  3.073561e-02  -1.858759e-06   1.070250e+03   6.544212e-01   7.893389e-01   2.551640e+00
  2.497854e-02  -1.949325e-06   1.667524e+03   8.286465e-01   8.954844e-01   2.550284e+00
  2.495084e-02  -3.684786e-07   1.670681e+03   8.292946e-01   8.962057e-01   2.552221e+00
  3.060525e-02  -6.167440e-07   1.080042e+03   6.576075e-01   7.908271e-01   2.550597e+00
  2.513931e-02  -1.331574e-07   1.551425e+03   7.759154e-01   7.853025e-01   2.405958e+00
  6.054502e-03  -4.817690e-07   7.204742e-07   8.678146e-11   8.678146e-01   6.101603e+00
  5.982052e-03   3.436978e-07   7.333912e-07   8.728026e-11   8.728026e-01   6.137678e+00
  2.524608e-02  -1.075975e-06   1.543843e+03   7.754026e-01   7.829140e-01   2.401630e+00
  3.072544e-02   6.992214e-07   1.071510e+03   6.549744e-01   7.898466e-01   2.548024e+00
  2.497342e-02  -5.940102e-07   1.669309e+03   8.293634e-01   8.966897e-01   2.550063e+00
  2.493461e-02   5.369698e-07   1.671158e+03   8.289921e-01   8.960360e-01   2.551633e+00
  3.067495e-02  -2.053679e-07   1.076819e+03   6.571381e-01   7.897554e-01   2.550847e+00
  2.520122e-02  -2.369686e-07   1.547540e+03   7.758782e-01   7.848572e-01   2.402792e+00
  6.029382e-03   4.493962e-07   7.245065e-07   8.690509e-11   8.690509e-01   6.089599e+00
  6.017549e-03  -1.528403e-07   7.252625e-07   8.682504e-11   8.682504e-01   6.063450e+00
  2.520159e-02   4.098031e-07   1.547872e+03   7.760561e-01   7.858999e-01   2.402096e+00
  3.073399e-02   7.308399e-07   1.074749e+03   6.571373e-01   7.906002e-01   2.551826e+00
  2.499087e-02   5.568168e-07   1.667627e+03   8.291067e-01   8.952300e-01   2.550656e+00
  2.492732e-02  -7.862934e-07   1.672225e+03   8.292787e-01   8.961281e-01   2.552008e+00
  3.063546e-02   8.440924e-07   1.081257e+03   6.589972e-01   7.922430e-01   2.549322e+00
  2.520418e-02   1.113370e-06   1.548774e+03   7.765879e-01   7.857365e-01   2.406339e+00
  6.057551e-03   2.732458e-07   7.196239e-07   8.672270e-11   8.672270e-01   6.075667e+00
  5.930360e-03   2.103196e-07   7.330152e-07   8.648169e-11   8.648169e-01   6.169149e+00
  2.526604e-02  -4.688960e-07   1.543422e+03   7.758043e-01   7.840523e-01   2.403123e+00
  3.077896e-02  -5.168993e-07   1.069699e+03   6.550063e-01   7.900931e-01   2.557890e+00
  2.496115e-02   4.028615e-07   1.667779e+03   8.281964e-01   8.963829e-01   2.550405e+00
  2.496802e-02   2.645790e-07   1.668959e+03   8.290100e-01   8.959493e-01   2.550156e+00
  3.077970e-02  -3.523663e-07   1.071983e+03   6.564206e-01   7.906636e-01   2.550002e+00
  2.519727e-02  -5.989646e-08   1.548451e+03   7.762135e-01   7.847687e-01   2.405046e+00
  6.023806e-03   5.002335e-07   7.247109e-07   8.684922e-11   8.684922e-01   6.108046e+00
  5.999060e-03  -8.913088e-08   7.280653e-07   8.689278e-11   8.689278e-01   6.158648e+00
  2.519010e-02   5.211003e-07   1.547859e+03   7.756956e-01   7.831827e-01   2.404815e+00
  3.075786e-02   8.627535e-07   1.069843e+03   6.546458e-01   7.892209e-01   2.550062e+00
  2.501974e-02   1.387645e-06   1.664941e+03   8.287275e-01   8.952374e-01   2.550603e+00
  2.497450e-02   9.832549e-07   1.667968e+03   8.287329e-01   8.956520e-01   2.549168e+00
  3.063806e-02   1.353982e-07   1.080117e+03   6.583585e-01   7.937568e-01   2.551512e+00
  2.525405e-02  -7.920913e-08   1.546745e+03   7.771051e-01   7.864369e-01   2.409386e+00
  6.043008e-03   8.121291e-07   7.222981e-07   8.683599e-11   8.683599e-01   6.078167e+00
  5.976411e-03   6.985641e-08   7.282881e-07   8.659121e-11   8.659121e-01   6.108777e+00
  2.524356e-02   3.106184e-07   1.547046e+03   7.769336e-01   7.851273e-01   2.404992e+00
  3.074576e-02   3.098500e-07   1.071759e+03   6.555600e-01   7.905301e-01   2.551726e+00
  2.509165e-02  -1.590523e-06   1.660486e+03   8.288855e-01   8.956978e-01   2.549604e+00
  2.497506e-02  -9.976126e-07   1.670993e+03   8.302545e-01   8.970232e-01   2.550676e+00
  3.070969e-02   2.589054e-08   1.076758e+03   6.578451e-01   7.910824e-01   2.550891e+00
  2.522030e-02   3.700166e-07   1.546686e+03   7.760372e-01   7.850796e-01   2.404307e+00
  6.001914e-03  -5.380776e-07   7.293275e-07   8.708482e-11   8.708482e-01   6.102472e+00
  5.980596e-03   4.734636e-07   7.319296e-07   8.708511e-11   8.708511e-01   6.136030e+00
  2.523041e-02  -5.459751e-08   1.545224e+03   7.756144e-01   7.835149e-01   2.401270e+00
  3.071160e-02   1.084131e-07   1.072110e+03   6.550462e-01   7.891745e-01   2.548312e+00
  2.507432e-02  -4.563266e-07   1.661833e+03   8.289850e-01   8.968883e-01   2.552550e+00
  2.505316e-02   7.070337e-07   1.661769e+03   8.282534e-01   8.949677e-01   2.547602e+00
  3.059098e-02  -2.024786e-09   1.081566e+03   6.582279e-01   7.926727e-01   2.550988e+00
  2.520298e-02   4.086758e-08   1.550930e+03   7.776321e-01   7.878863e-01   2.410734e+00
  6.022608e-03   3.424276e-07   7.205148e-07   8.632918e-11   8.632918e-01   6.063913e+00
  6.005132e-03  -6.767923e-07   7.225379e-07   8.632039e-11   8.632039e-01   6.077219e+00
  2.523842e-02  -2.575501e-07   1.545306e+03   7.759017e-01   7.849950e-01   2.406439e+00
  3.069488e-02  -1.026583e-06   1.073739e+03   6.556847e-01   7.902302e-01   2.553933e+00
  2.509679e-02  -1.110185e-06   1.658403e+03   8.280154e-01   8.950249e-01   2.552543e+00
  2.494787e-02   3.784606e-07   1.670810e+03   8.292602e-01   8.969393e-01   2.554488e+00
  3.074717e-02   8.996520e-07   1.072602e+03   6.561059e-01   7.910048e-01   2.552899e+00
  2.523696e-02   1.686028e-08   1.543742e+03   7.750717e-01   7.833722e-01   2.402765e+00
  5.953770e-03   2.640246e-07   7.357687e-07   8.714922e-11   8.714922e-01   6.142750e+00
  5.958987e-03   3.273378e-07   7.322378e-07   8.680699e-11   8.680699e-01   6.111356e+00
  2.517401e-02  -4.092607e-07   1.547672e+03   7.751066e-01   7.835286e-01   2.404815e+00
  3.067565e-02   9.093715e-07   1.075150e+03   6.561349e-01   7.905183e-01   2.548707e+00
  2.491555e-02  -3.575353e-07   1.671513e+03   8.285341e-01   8.950104e-01   2.552749e+00
  2.502504e-02  -1.621190e-06   1.665981e+03   8.294210e-01   8.950042e-01   2.545115e+00
  3.066781e-02  -3.566368e-07   1.080252e+03   6.590800e-01   7.909075e-01   2.553803e+00
  2.517059e-02   8.222781e-07   1.552034e+03   7.771854e-01   7.873334e-01   2.409947e+00
  6.045956e-03   4.603672e-07   7.192582e-07   8.651272e-11   8.651272e-01   6.050883e+00
  5.996427e-03  -1.120047e-06   7.224286e-07   8.618221e-11   8.618221e-01   6.072358e+00
  2.523743e-02   1.078969e-07   1.546337e+03   7.763890e-01   7.864060e-01   2.409770e+00
  3.073494e-02  -1.994899e-06   1.077635e+03   6.589223e-01   7.914127e-01   2.551132e+00
  2.493176e-02   1.355517e-06   1.672509e+03   8.295673e-01   8.965899e-01   2.550503e+00
  2.506918e-02   8.605739e-07   1.664355e+03   8.300732e-01   8.985380e-01   2.549522e+00
  3.080098e-02   4.292265e-07   1.067503e+03   6.541293e-01   7.898427e-01   2.556842e+00
  2.524541e-02   1.293098e-07   1.547211e+03   7.770737e-01   7.843829e-01   2.403231e+00
  5.896100e-03   2.291015e-07   7.378579e-07   8.655012e-11   8.655012e-01   6.181543e+00
  5.890932e-03   7.840056e-07   7.434063e-07   8.712452e-11   8.712452e-01   6.159948e+00
  2.525542e-02  -1.190020e-06   1.540471e+03   7.739953e-01   7.816154e-01   2.403854e+00
  3.075903e-02   1.429596e-06   1.072122e+03   6.560650e-01   7.909033e-01   2.552070e+00
  2.494530e-02   2.020802e-06   1.675123e+03   8.313150e-01   8.984078e-01   2.549901e+00
  2.491332e-02  -3.886185e-07   1.672630e+03   8.290133e-01   8.940407e-01   2.553627e+00
  3.068453e-02   5.673394e-07   1.078542e+03   6.583950e-01   7.926640e-01   2.549358e+00
  2.522951e-02   6.894734e-07   1.547091e+03   7.765240e-01   7.847268e-01   2.399875e+00
  6.066628e-03   5.002018e-07   7.241415e-07   8.739789e-11   8.739789e-01   6.097922e+00
  6.052924e-03  -3.067130e-07   7.269447e-07   8.753802e-11   8.753802e-01   6.017170e+00
  2.519580e-02   7.006184e-07   1.545032e+03   7.744544e-01   7.852466e-01   2.403133e+00
  3.059307e-02  -1.511085e-07   1.085629e+03   6.607460e-01   7.933082e-01   2.548225e+00
  2.487725e-02   2.838326e-07   1.674526e+03   8.287517e-01   8.958986e-01   2.546015e+00
  2.499304e-02  -7.006141e-07   1.668276e+03   8.295017e-01   8.972157e-01   2.547442e+00
  3.081370e-02  -3.906146e-07   1.068743e+03   6.551600e-01   7.894911e-01   2.550049e+00
  2.521171e-02  -2.573371e-07   1.545819e+03   7.753379e-01   7.832247e-01   2.401563e+00
  5.917985e-03  -1.922358e-07   7.421089e-07   8.737188e-11   8.737188e-01   6.117662e+00
  5.806183e-03   1.013840e-06   7.387684e-07   8.533538e-11   8.533538e-01   6.138602e+00
  2.526353e-02   2.520722e-07   1.543180e+03   7.756055e-01   7.861494e-01   2.410740e+00
  3.078324e-02  -6.765512e-07   1.070445e+03   6.555549e-01   7.896418e-01   2.558741e+00
  2.490584e-02   1.118378e-06   1.675026e+03   8.299519e-01   8.959220e-01   2.548251e+00
  2.497205e-02  -1.471346e-07   1.669271e+03   8.292989e-01   8.964044e-01   2.547987e+00
  3.067882e-02  -1.895862e-07   1.076214e+03   6.568520e-01   7.895137e-01   2.549177e+00
  2.526053e-02  -1.586507e-07   1.543733e+03   7.757911e-01   7.857150e-01   2.406496e+00
  6.030075e-03  -6.188978e-07   7.239261e-07   8.684545e-11   8.684545e-01   6.052629e+00
  5.989698e-03  -3.460089e-07   7.383164e-07   8.797871e-11   8.797871e-01   6.214886e+00
  2.518838e-02   6.159344e-08   1.544263e+03   7.738411e-01   7.797553e-01   2.393485e+00
  3.054283e-02  -3.960187e-08   1.076622e+03   6.541881e-01   7.890490e-01   2.547201e+00
  2.493842e-02  -6.010582e-07   1.669193e+03   8.281436e-01   8.944929e-01   2.548283e+00
  2.500317e-02   3.087511e-08   1.665480e+03   8.284466e-01   8.955344e-01   2.553049e+00
  3.080945e-02   4.972119e-07   1.069087e+03   6.552803e-01   7.894886e-01   2.554826e+00
  2.523810e-02  -8.397645e-07   1.546778e+03   7.766308e-01   7.857648e-01   2.403862e+00
  5.860529e-03   8.390637e-07   7.397247e-07   8.624563e-11   8.624563e-01   6.103339e+00
  5.976354e-03   1.227194e-06   7.317884e-07   8.700656e-11   8.700656e-01   6.032668e+00
  2.517309e-02   6.910677e-07   1.548783e+03   7.756344e-01   7.859072e-01   2.409734e+00
  3.060399e-02  -1.723832e-06   1.083854e+03   6.599012e-01   7.921991e-01   2.551967e+00
  2.493177e-02  -2.727353e-07   1.670944e+03   8.287910e-01   8.951686e-01   2.548270e+00
  2.505105e-02   1.288125e-06   1.663060e+03   8.288274e-01   8.947746e-01   2.553939e+00
  3.073345e-02   1.090380e-07   1.071032e+03   6.548532e-01   7.903268e-01   2.559130e+00
  2.523675e-02   2.184699e-07   1.548936e+03   7.776732e-01   7.865645e-01   2.409679e+00
  5.954164e-03  -1.503759e-06   7.213484e-07   8.544683e-11   8.544683e-01   6.184937e+00
  5.936412e-03   1.065891e-06   7.385599e-07   8.722479e-11   8.722479e-01   6.168505e+00
  2.512452e-02   4.980919e-07   1.548179e+03   7.738364e-01   7.812886e-01   2.399754e+00
  3.064840e-02   1.652559e-06   1.073451e+03   6.545158e-01   7.900105e-01   2.553566e+00
  2.505249e-02   5.522595e-07   1.662444e+03   8.285679e-01   8.951560e-01   2.549070e+00
  2.493550e-02  -2.087038e-07   1.671545e+03   8.292135e-01   8.969331e-01   2.550015e+00
  3.072884e-02   6.105542e-07   1.065851e+03   6.515874e-01   7.895771e-01   2.549231e+00
  2.521503e-02  -3.416270e-07   1.544231e+03   7.746435e-01   7.785069e-01   2.391919e+00
  5.869541e-03   1.471283e-07   7.550585e-07   8.816880e-11   8.816880e-01   6.264595e+00
  6.073067e-03   8.466716e-07   7.104463e-07   8.583601e-11   8.583601e-01   5.990217e+00
  2.513008e-02   1.166026e-06   1.553840e+03   7.768375e-01   7.885826e-01   2.414111e+00
  3.062470e-02   4.227014e-07   1.083095e+03   6.598858e-01   7.927305e-01   2.546246e+00
  2.497362e-02  -1.015251e-06   1.668874e+03   8.291537e-01   8.956565e-01   2.550394e+00
  2.492495e-02  -2.134707e-08   1.674760e+03   8.304571e-01   8.981911e-01   2.549431e+00
  3.064714e-02   1.237565e-07   1.080858e+03   6.590051e-01   7.927113e-01   2.546029e+00
  2.514866e-02  -5.405527e-07   1.550962e+03   7.759719e-01   7.865033e-01   2.408489e+00
  6.113932e-03  -2.276941e-07   7.116917e-07   8.656506e-11   8.656506e-01   6.016901e+00
  5.888526e-03  -3.937402e-07   7.424943e-07   8.698209e-11   8.698209e-01   6.282118e+00
  2.521858e-02   1.938494e-07   1.545322e+03   7.753001e-01   7.818203e-01   2.398663e+00
  3.084186e-02  -3.106778e-06   1.070131e+03   6.566101e-01   7.918453e-01   2.553967e+00
  2.500997e-02   2.836327e-07   1.663416e+03   8.276454e-01   8.952242e-01   2.553540e+00
  2.481200e-02   1.985083e-06   1.678314e+03   8.284481e-01   8.947388e-01   2.550203e+00
  3.077389e-02  -1.730659e-06   1.065592e+03   6.523843e-01   7.891325e-01   2.559970e+00
  2.529364e-02  -4.068200e-07   1.543151e+03   7.765151e-01   7.826511e-01   2.399646e+00
  5.839212e-03  -2.756519e-06   7.410364e-07   8.608429e-11   8.608429e-01   6.292483e+00
  6.235079e-03  -2.531144e-07   7.212654e-07   8.946789e-11   8.946789e-01   6.059721e+00
  2.507012e-02   6.707665e-07   1.553389e+03   7.747595e-01   7.815909e-01   2.392063e+00
  3.062781e-02   1.385400e-06   1.082146e+03   6.593740e-01   7.928344e-01   2.540668e+00
  2.501688e-02   3.611044e-07   1.664329e+03   8.283284e-01   8.955802e-01   2.547514e+00
  2.485303e-02  -6.236197e-07   1.675408e+03   8.283810e-01   8.939597e-01   2.545273e+00
  3.052812e-02   2.054677e-06   1.079418e+03   6.555714e-01   7.907306e-01   2.540427e+00
  2.511879e-02  -4.405347e-07   1.548564e+03   7.738519e-01   7.789902e-01   2.389973e+00
  6.221185e-03   5.396439e-07   7.213578e-07   8.927997e-11   8.927997e-01   6.159355e+00
  6.079236e-03   1.876344e-06   7.199538e-07   8.707305e-11   8.707305e-01   5.954773e+00
  2.516894e-02   1.272534e-06   1.552981e+03   7.776089e-01   7.891266e-01   2.411597e+00
  3.065004e-02   3.709231e-06   1.082844e+03   6.602782e-01   7.924798e-01   2.553782e+00
  2.496238e-02  -9.113522e-07   1.667150e+03   8.279247e-01   8.950549e-01   2.547252e+00
  2.495023e-02  -1.002749e-06   1.672297e+03   8.300764e-01   8.964912e-01   2.545243e+00
  3.062935e-02  -1.165613e-06   1.083165e+03   6.600285e-01   7.921422e-01   2.546641e+00
  2.515474e-02  -9.107488e-07   1.550456e+03   7.759065e-01   7.875950e-01   2.411995e+00
  6.074414e-03  -1.158606e-06   7.175445e-07   8.671284e-11   8.671284e-01   5.963637e+00
  6.087378e-03  -9.586002e-07   7.051296e-07   8.539439e-11   8.539439e-01   6.130910e+00
  2.525993e-02   2.033303e-07   1.546654e+03   7.772406e-01   7.869378e-01   2.409946e+00
  3.075916e-02  -1.551095e-08   1.069961e+03   6.547456e-01   7.895377e-01   2.552364e+00
  2.494684e-02   8.822073e-07   1.670488e+03   8.290660e-01   8.958880e-01   2.550505e+00
  2.490505e-02   9.231713e-07   1.675120e+03   8.299722e-01   8.975126e-01   2.550762e+00
  3.062001e-02  -1.810186e-06   1.077441e+03   6.563398e-01   7.906223e-01   2.553442e+00
  2.523942e-02  -7.372435e-08   1.543880e+03   7.752166e-01   7.838524e-01   2.402105e+00
  6.120506e-03  -2.116713e-06   7.102714e-07   8.648520e-11   8.648520e-01   6.159520e+00
  6.102201e-03   1.321210e-06   7.222530e-07   8.768111e-11   8.768111e-01   6.138729e+00
  2.518517e-02   4.383534e-07   1.550151e+03   7.766925e-01   7.845491e-01   2.404907e+00
  3.053458e-02   1.587444e-06   1.083913e+03   6.584405e-01   7.920934e-01   2.545297e+00
  2.493531e-02  -6.979093e-07   1.670683e+03   8.287797e-01   8.957948e-01   2.549242e+00
  2.496750e-02  -3.151020e-07   1.670518e+03   8.297675e-01   8.969361e-01   2.551092e+00
  3.055911e-02  -4.757370e-07   1.085693e+03   6.600517e-01   7.927602e-01   2.542917e+00
  2.512136e-02   4.428061e-07   1.550882e+03   7.750899e-01   7.843098e-01   2.402857e+00
  6.214638e-03  -4.263298e-07   7.103715e-07   8.782771e-11   8.782771e-01   6.029893e+00
  8.461066e-03  -1.483497e-07   1.637472e+03   2.756316e-01   8.586396e-01   4.084042e+00
  2.406602e-02  -1.017291e-06   1.659857e+03   7.947035e-01   8.285766e-01   1.912325e+00
  2.764938e-02  -4.696709e-07   1.323273e+03   7.278886e-01   8.314411e-01   1.981323e+00
  2.474625e-02   1.330407e-07   1.704787e+03   8.392851e-01   9.016272e-01   1.989178e+00
  2.471095e-02   7.789987e-07   1.705070e+03   8.382274e-01   9.005289e-01   1.984001e+00
  2.770446e-02  -3.364805e-07   1.325985e+03   7.308335e-01   8.324762e-01   1.976994e+00
  2.411447e-02  -9.664748e-08   1.657191e+03   7.950246e-01   8.311544e-01   1.912610e+00
  8.864912e-03  -7.528602e-07   1.744706e+03   3.076995e-01   8.617844e-01   3.926345e+00
  8.706011e-03  -2.324350e-06   1.618536e+03   2.803313e-01   8.728829e-01   4.031100e+00
  2.407084e-02  -5.350249e-07   1.657629e+03   7.937958e-01   8.269350e-01   1.905485e+00
  2.766527e-02  -1.062468e-06   1.324642e+03   7.290606e-01   8.317725e-01   1.971998e+00
  2.456663e-02  -2.987582e-07   1.716661e+03   8.389966e-01   9.011709e-01   1.989125e+00
  2.460168e-02  -1.346344e-07   1.711934e+03   8.378804e-01   9.021592e-01   1.982806e+00
  2.781907e-02  -1.198699e-07   1.317886e+03   7.293745e-01   8.317808e-01   1.979486e+00
  2.415044e-02  -5.489654e-07   1.654113e+03   7.947312e-01   8.304810e-01   1.914509e+00
  8.610938e-03  -5.903405e-07   1.731117e+03   2.965562e-01   8.576282e-01   3.978187e+00
  8.708313e-03  -2.892368e-06   1.655414e+03   2.867945e-01   8.766735e-01   3.995057e+00
  2.405095e-02  -8.715893e-07   1.657343e+03   7.930029e-01   8.267883e-01   1.902904e+00
  2.758115e-02  -8.449712e-07   1.332527e+03   7.311702e-01   8.329274e-01   1.972010e+00
  2.470750e-02  -3.164571e-08   1.705976e+03   8.385553e-01   9.010123e-01   1.985240e+00
  2.464410e-02   5.794134e-07   1.710478e+03   8.386111e-01   8.998364e-01   1.983158e+00
  2.773604e-02  -1.440061e-06   1.319233e+03   7.279409e-01   8.309026e-01   1.975733e+00
  2.410179e-02  -1.017428e-06   1.657151e+03   7.945872e-01   8.298574e-01   1.913919e+00
  8.772148e-03  -3.369211e-06   1.671766e+03   2.917505e-01   8.577630e-01   3.973255e+00
  8.869755e-03  -7.683575e-07   1.704620e+03   3.007941e-01   8.802152e-01   3.957025e+00
  2.396534e-02  -3.162669e-07   1.666091e+03   7.943510e-01   8.286700e-01   1.903124e+00
  2.755973e-02  -1.057510e-06   1.335959e+03   7.324840e-01   8.340173e-01   1.970166e+00
  2.465731e-02   5.826972e-07   1.709843e+03   8.387487e-01   9.010278e-01   1.984355e+00
  2.460451e-02   8.983360e-08   1.713815e+03   8.388974e-01   9.032509e-01   1.981384e+00
  2.772437e-02  -6.932100e-07   1.320668e+03   7.284259e-01   8.311581e-01   1.973797e+00
  2.410135e-02  -5.846966e-07   1.655193e+03   7.936335e-01   8.286216e-01   1.908708e+00
  8.696343e-03  -1.435811e-06   1.685140e+03   2.915432e-01   8.650391e-01   3.980704e+00
  8.847163e-03  -1.741534e-06   1.748483e+03   3.077483e-01   8.730849e-01   3.928574e+00
  2.402800e-02  -4.134657e-07   1.663718e+03   7.952936e-01   8.304551e-01   1.907609e+00
  2.755214e-02  -7.423883e-07   1.336480e+03   7.325682e-01   8.337865e-01   1.973730e+00
  2.458429e-02  -2.556349e-08   1.715633e+03   8.390973e-01   9.015465e-01   1.985004e+00
  2.459515e-02   3.616865e-07   1.714792e+03   8.390560e-01   9.003508e-01   1.983441e+00
  2.771353e-02  -3.164677e-07   1.323961e+03   7.299566e-01   8.325310e-01   1.974367e+00
  2.406922e-02  -7.211665e-07   1.657571e+03   7.937146e-01   8.287441e-01   1.908663e+00
  8.828771e-03  -2.600309e-06   1.671835e+03   2.936458e-01   8.666118e-01   3.959082e+00
  8.860656e-03   4.609658e-07   1.770318e+03   3.120666e-01   8.721775e-01   3.917601e+00
  2.400334e-02   2.089815e-08   1.666633e+03   7.958692e-01   8.312753e-01   1.908940e+00
  2.756062e-02   5.419327e-07   1.338825e+03   7.340793e-01   8.343872e-01   1.972949e+00
  2.460623e-02   2.450041e-07   1.711822e+03   8.379803e-01   9.008501e-01   1.980832e+00
  2.462089e-02  -1.070625e-06   1.714270e+03   8.396788e-01   9.032875e-01   1.982555e+00
  2.768367e-02   3.257951e-07   1.324947e+03   7.297132e-01   8.312291e-01   1.971696e+00
  2.403211e-02   3.307035e-07   1.661754e+03   7.944903e-01   8.299545e-01   1.909535e+00
  8.783428e-03   2.089816e-07   1.735191e+03   3.032085e-01   8.667032e-01   3.926934e+00
  8.890555e-03   6.976220e-08   1.791423e+03   3.168524e-01   8.677917e-01   3.892460e+00
  2.404146e-02  -2.373338e-07   1.666953e+03   7.972867e-01   8.328413e-01   1.913281e+00
  2.761420e-02   1.588117e-06   1.335730e+03   7.338061e-01   8.342393e-01   1.974552e+00
  2.459329e-02   1.882186e-07   1.716168e+03   8.396663e-01   9.021132e-01   1.984810e+00
  2.457702e-02  -3.513333e-07   1.717527e+03   8.397750e-01   9.010039e-01   1.982316e+00
  2.766177e-02   1.209507e-06   1.329197e+03   7.314746e-01   8.340778e-01   1.976641e+00
  2.409732e-02  -3.478431e-07   1.659550e+03   7.955896e-01   8.311811e-01   1.912150e+00
  8.856725e-03   2.155842e-07   1.728057e+03   3.044817e-01   8.637495e-01   3.934350e+00
  8.816725e-03  -9.605107e-08   1.810608e+03   3.175863e-01   8.641048e-01   3.904721e+00
  2.403026e-02  -6.230920e-07   1.667359e+03   7.971093e-01   8.331465e-01   1.913899e+00
  2.758884e-02   3.184989e-07   1.337185e+03   7.339304e-01   8.345548e-01   1.976599e+00
  2.456931e-02  -3.891184e-07   1.719147e+03   8.403034e-01   9.024930e-01   1.981631e+00
  2.453933e-02   5.936673e-07   1.720237e+03   8.398104e-01   9.018426e-01   1.984548e+00
  2.767677e-02  -3.329776e-07   1.327957e+03   7.311891e-01   8.316866e-01   1.974150e+00
  2.406251e-02  -6.285052e-07   1.660020e+03   7.946657e-01   8.303508e-01   1.911368e+00
  8.824670e-03  -3.993387e-08   1.736291e+03   3.048253e-01   8.640598e-01   3.934261e+00
  8.855212e-03   3.509545e-08   1.752513e+03   3.087381e-01   8.658514e-01   3.927925e+00
  2.403715e-02   1.389054e-07   1.664999e+03   7.962090e-01   8.315746e-01   1.912836e+00
  2.765119e-02  -7.874040e-09   1.331043e+03   7.322106e-01   8.338530e-01   1.977146e+00
  2.462509e-02  -1.386427e-07   1.711108e+03   8.382728e-01   9.010617e-01   1.984284e+00
  2.459613e-02  -2.333085e-07   1.715154e+03   8.392671e-01   9.039816e-01   1.983224e+00
  2.762855e-02   6.513463e-07   1.330659e+03   7.313998e-01   8.335322e-01   1.974287e+00
  2.404493e-02  -2.111159e-07   1.663340e+03   7.956732e-01   8.313295e-01   1.910742e+00
  8.927958e-03   6.591159e-07   1.725685e+03   3.065093e-01   8.665183e-01   3.927800e+00
  8.861947e-03  -1.135551e-06   1.803677e+03   3.179934e-01   8.625038e-01   3.875886e+00
  2.403536e-02  -5.043632e-07   1.668230e+03   7.976949e-01   8.334080e-01   1.915389e+00
  2.755468e-02  -7.601179e-07   1.336746e+03   7.327812e-01   8.339073e-01   1.973077e+00
  2.459252e-02  -4.209320e-07   1.717851e+03   8.404631e-01   9.026073e-01   1.982174e+00
  2.457292e-02   4.038078e-07   1.717057e+03   8.394051e-01   9.020671e-01   1.981650e+00
  2.758197e-02  -8.066357e-07   1.335754e+03   7.329626e-01   8.346995e-01   1.975020e+00
  2.408985e-02  -8.491504e-07   1.660366e+03   7.957341e-01   8.311136e-01   1.912438e+00
  8.920449e-03  -3.496548e-07   1.741170e+03   3.089996e-01   8.649184e-01   3.921113e+00
  8.798993e-03   1.924772e-09   1.768946e+03   3.096547e-01   8.648261e-01   3.933775e+00
  2.403260e-02   1.709037e-07   1.663723e+03   7.954482e-01   8.316135e-01   1.910937e+00
  2.763829e-02  -1.265090e-07   1.334245e+03   7.336295e-01   8.346484e-01   1.976019e+00
  2.464614e-02  -1.873795e-06   1.712250e+03   8.395495e-01   9.021223e-01   1.983700e+00
  2.465316e-02  -9.909473e-07   1.713503e+03   8.404032e-01   9.000570e-01   1.985954e+00
  2.756260e-02  -4.182076e-07   1.335345e+03   7.322239e-01   8.322759e-01   1.971451e+00
  2.393955e-02  -1.046612e-07   1.668881e+03   7.948251e-01   8.309140e-01   1.910965e+00
  8.945554e-03   1.102215e-06   1.734001e+03   3.085934e-01   8.669683e-01   3.912225e+00
  8.884265e-03   1.824023e-07   1.751299e+03   3.095366e-01   8.651933e-01   3.932650e+00
  2.404035e-02  -3.946901e-07   1.665662e+03   7.966324e-01   8.320044e-01   1.915805e+00
  2.764695e-02   5.235824e-07   1.334060e+03   7.337577e-01   8.343863e-01   1.977929e+00
  2.460550e-02   5.977226e-07   1.713930e+03   8.389875e-01   9.017092e-01   1.983838e+00
  2.460390e-02  -8.141349e-07   1.713984e+03   8.389593e-01   8.995078e-01   1.978280e+00
  2.753877e-02   5.175851e-07   1.340530e+03   7.344314e-01   8.342971e-01   1.974036e+00
  2.402248e-02   9.897347e-07   1.667900e+03   7.971096e-01   8.327418e-01   1.911925e+00
  9.002938e-03   3.360447e-07   1.791651e+03   3.208986e-01   8.690900e-01   3.867174e+00
  8.843217e-03  -6.540414e-07   1.747125e+03   3.073720e-01   8.676421e-01   3.930205e+00
  2.406499e-02   3.890500e-07   1.662501e+03   7.959351e-01   8.312683e-01   1.911801e+00
  2.758328e-02   2.585920e-07   1.334627e+03   7.323790e-01   8.337656e-01   1.974616e+00
  2.464196e-02  -2.481379e-06   1.714065e+03   8.402967e-01   9.026474e-01   1.980970e+00
  2.459723e-02  -2.239605e-07   1.716859e+03   8.401387e-01   9.025601e-01   1.987494e+00
  2.760302e-02   5.870740e-07   1.338022e+03   7.347677e-01   8.359823e-01   1.973530e+00
  2.404663e-02  -1.529837e-08   1.666813e+03   7.973909e-01   8.333483e-01   1.914334e+00
  8.919116e-03   3.596363e-07   1.809970e+03   3.211614e-01   8.645850e-01   3.870094e+00
  8.893351e-03   1.374436e-07   1.775841e+03   3.141952e-01   8.668815e-01   3.899924e+00
  2.403624e-02  -2.607642e-07   1.666915e+03   7.970953e-01   8.325780e-01   1.911275e+00
  2.761680e-02  -3.895266e-08   1.334006e+03   7.329279e-01   8.339577e-01   1.972462e+00
  2.458855e-02   1.312127e-07   1.717726e+03   8.402664e-01   9.020702e-01   1.984635e+00
  2.450679e-02   6.243960e-07   1.722800e+03   8.399464e-01   9.037831e-01   1.979085e+00
  2.764181e-02  -2.188815e-07   1.336562e+03   7.349974e-01   8.357232e-01   1.974119e+00
  2.406142e-02   8.692157e-07   1.664135e+03   7.965995e-01   8.336872e-01   1.915341e+00
  8.913690e-03  -1.324293e-08   1.810654e+03   3.210874e-01   8.622342e-01   3.872852e+00
  8.833694e-03   1.114397e-06   1.777652e+03   3.124059e-01   8.664453e-01   3.910232e+00
  2.412577e-02   7.206620e-07   1.658445e+03   7.959987e-01   8.317925e-01   1.912395e+00
  2.765051e-02   7.933380e-07   1.333581e+03   7.335886e-01   8.341295e-01   1.975597e+00
  2.448803e-02   4.138122e-06   1.722807e+03   8.393063e-01   9.022128e-01   1.984477e+00
  2.454479e-02   1.772153e-07   1.718115e+03   8.389607e-01   9.035676e-01   1.980804e+00
  2.767876e-02   4.608364e-07   1.330974e+03   7.329026e-01   8.334007e-01   1.976454e+00
  2.411774e-02   8.557169e-07   1.661974e+03   7.974268e-01   8.340053e-01   1.918180e+00
  8.838171e-03  -3.005133e-07   1.803585e+03   3.171240e-01   8.559875e-01   3.890434e+00
  8.866473e-03   2.082339e-07   1.794486e+03   3.165346e-01   8.642790e-01   3.895962e+00
  2.402461e-02   8.034594e-07   1.664866e+03   7.957299e-01   8.321856e-01   1.913387e+00
  2.761672e-02  -3.384320e-07   1.333618e+03   7.327124e-01   8.335025e-01   1.975426e+00
  2.451343e-02  -9.185450e-07   1.721817e+03   8.396944e-01   9.015908e-01   1.982236e+00
  2.461258e-02   6.756175e-07   1.715036e+03   8.397702e-01   9.031402e-01   1.991057e+00
  2.767911e-02  -2.612417e-10   1.329337e+03   7.320108e-01   8.320245e-01   1.977275e+00
  2.406305e-02  -8.494638e-07   1.664747e+03   7.969462e-01   8.323059e-01   1.916026e+00
  8.811804e-03  -4.027373e-07   1.756660e+03   3.079518e-01   8.617182e-01   3.938208e+00
  8.795485e-03   9.583687e-07   1.768614e+03   3.094732e-01   8.588907e-01   3.930198e+00
  2.405505e-02   1.734187e-07   1.663883e+03   7.962682e-01   8.324052e-01   1.914566e+00
  2.761403e-02  -8.589450e-07   1.333674e+03   7.326722e-01   8.344016e-01   1.977239e+00
  2.458369e-02   3.739324e-07   1.715165e+03   8.388479e-01   9.016526e-01   1.982368e+00
  2.463631e-02  -7.120674e-07   1.713732e+03   8.399409e-01   9.030621e-01   1.977560e+00
  2.760799e-02  -1.339773e-07   1.332791e+03   7.320267e-01   8.327216e-01   1.973310e+00
  2.405545e-02  -6.138868e-07   1.661363e+03   7.950750e-01   8.303626e-01   1.911863e+00
  8.856524e-03  -7.060452e-07   1.756786e+03   3.095367e-01   8.658442e-01   3.914718e+00
  8.838129e-03  -5.514298e-07   1.727450e+03   3.037357e-01   8.686182e-01   3.942281e+00
  2.403690e-02   5.631476e-07   1.661952e+03   7.947438e-01   8.302412e-01   1.912201e+00
  2.767079e-02  -2.720039e-07   1.330513e+03   7.324380e-01   8.333971e-01   1.975089e+00
  2.457503e-02  -1.172764e-06   1.717927e+03   8.399024e-01   9.024631e-01   1.985476e+00
  2.458947e-02  -6.715038e-07   1.715982e+03   8.394447e-01   9.027648e-01   1.980808e+00
  2.764876e-02   8.896312e-07   1.330090e+03   7.316219e-01   8.314466e-01   1.975763e+00
  2.406561e-02  -2.129911e-07   1.665225e+03   7.972598e-01   8.336656e-01   1.914215e+00
  8.809602e-03   3.402033e-07   1.790717e+03   3.138438e-01   8.631257e-01   3.909032e+00
  8.876634e-03   6.239384e-08   1.799693e+03   3.178168e-01   8.639585e-01   3.891472e+00
  2.399834e-02  -3.726221e-07   1.671153e+03   7.978617e-01   8.333080e-01   1.914752e+00
  2.758930e-02   1.125449e-06   1.335724e+03   7.331411e-01   8.329198e-01   1.975820e+00
  2.491739e-02  -4.179603e-06   1.697584e+03   8.415189e-01   9.030089e-01   1.982076e+00
  2.465423e-02   1.023133e-06   1.712103e+03   8.397527e-01   9.012832e-01   1.987652e+00
  2.761708e-02  -5.950875e-07   1.332584e+03   7.321539e-01   8.338808e-01   1.976742e+00
  2.409267e-02  -8.581977e-08   1.658418e+03   7.948940e-01   8.305047e-01   1.911929e+00
  8.793151e-03  -6.742262e-07   1.737579e+03   3.039620e-01   8.617515e-01   3.940882e+00
  8.817374e-03  -1.091471e-06   1.722030e+03   3.020718e-01   8.663241e-01   3.956608e+00
  2.405974e-02  -4.933690e-07   1.662097e+03   7.955681e-01   8.312430e-01   1.911258e+00
  2.782819e-02   3.674592e-07   1.323814e+03   7.328958e-01   8.346481e-01   1.977123e+00
  2.466001e-02   1.213438e-06   1.711820e+03   8.398109e-01   9.020052e-01   1.984192e+00
  2.467960e-02  -5.866828e-07   1.708149e+03   8.386759e-01   9.018494e-01   1.984590e+00
  2.763197e-02   6.467551e-07   1.334082e+03   7.333721e-01   8.334343e-01   1.975995e+00
  2.404856e-02   1.114029e-06   1.664823e+03   7.965028e-01   8.324984e-01   1.911861e+00
  8.783693e-03   4.386912e-07   1.769982e+03   3.092973e-01   8.659140e-01   3.918772e+00
  8.944285e-03   1.040262e-07   1.785734e+03   3.177550e-01   8.673557e-01   3.886475e+00
  2.404569e-02  -3.645731e-07   1.666906e+03   7.974041e-01   8.324974e-01   1.913191e+00
  2.768814e-02  -1.319533e-06   1.330136e+03   7.326894e-01   8.346525e-01   1.972897e+00
  2.451882e-02   5.734848e-07   1.722881e+03   8.403979e-01   9.030103e-01   1.979717e+00
  2.449352e-02  -5.495312e-07   1.724079e+03   8.401144e-01   9.034405e-01   1.985028e+00
  2.765595e-02  -5.718470e-07   1.331898e+03   7.328074e-01   8.336577e-01   1.975938e+00
  2.411084e-02  -2.233431e-07   1.660828e+03   7.966495e-01   8.329357e-01   1.914049e+00
  8.768339e-03   1.631191e-07   1.762575e+03   3.074645e-01   8.600364e-01   3.930140e+00
  8.772423e-03  -1.477167e-06   1.767613e+03   3.084871e-01   8.645642e-01   3.929049e+00
  2.413101e-02   1.685756e-08   1.655201e+03   7.946141e-01   8.311193e-01   1.909114e+00
  2.766281e-02  -7.595867e-07   1.331930e+03   7.330064e-01   8.343699e-01   1.976691e+00
  2.462491e-02  -1.342442e-06   1.712106e+03   8.387559e-01   9.014761e-01   1.983570e+00
  2.461208e-02   5.586914e-07   1.713520e+03   8.390107e-01   9.011496e-01   1.986257e+00
  2.765293e-02  -6.508612e-07   1.327126e+03   7.301017e-01   8.325687e-01   1.971875e+00
  2.404093e-02  -3.309120e-07   1.660044e+03   7.939645e-01   8.290167e-01   1.910255e+00
  8.727988e-03  -2.083630e-07   1.725311e+03   2.995792e-01   8.650388e-01   3.953213e+00
  8.888521e-03  -7.973586e-07   1.761828e+03   3.115466e-01   8.575480e-01   3.915148e+00
  2.408940e-02   6.644621e-07   1.662636e+03   7.968071e-01   8.331550e-01   1.917744e+00
  2.767711e-02  -5.692243e-07   1.329131e+03   7.318445e-01   8.326856e-01   1.979459e+00
  2.453156e-02   1.684729e-06   1.720180e+03   8.395165e-01   9.024117e-01   1.976277e+00
  2.461237e-02  -1.099355e-06   1.714780e+03   8.396377e-01   9.007066e-01   1.983438e+00
  2.773042e-02  -9.608249e-07   1.329106e+03   7.332400e-01   8.340746e-01   1.979803e+00
  2.403096e-02   2.547180e-07   1.666657e+03   7.967963e-01   8.324795e-01   1.918758e+00
  8.833738e-03  -7.176284e-07   1.769970e+03   3.110574e-01   8.636033e-01   3.933860e+00
  8.752781e-03   1.617798e-06   1.695851e+03   2.953004e-01   8.705877e-01   3.980997e+00
  2.411064e-02   6.636814e-08   1.655142e+03   7.939152e-01   8.283045e-01   1.907158e+00
  2.765536e-02   9.753833e-07   1.325358e+03   7.291934e-01   8.305213e-01   1.975733e+00
  2.461780e-02  -2.170832e-07   1.712372e+03   8.386438e-01   9.004771e-01   1.985738e+00
  2.456726e-02   6.035922e-07   1.718138e+03   8.397399e-01   9.020063e-01   1.980752e+00
  2.766868e-02  -8.110519e-07   1.324159e+03   7.288846e-01   8.311829e-01   1.970255e+00
  2.405270e-02  -5.952194e-07   1.656375e+03   7.925972e-01   8.278766e-01   1.904268e+00
  8.740669e-03  -1.054097e-06   1.675621e+03   2.913739e-01   8.710098e-01   3.970681e+00
  8.944484e-03  -9.134687e-07   1.804547e+03   3.211098e-01   8.654507e-01   3.862516e+00
  2.404879e-02  -1.221006e-06   1.664883e+03   7.965392e-01   8.327675e-01   1.912719e+00
  2.750860e-02  -6.195590e-07   1.341082e+03   7.339289e-01   8.333610e-01   1.969257e+00
  2.454984e-02   1.773594e-06   1.719971e+03   8.400401e-01   9.018684e-01   1.979146e+00
  2.468756e-02  -4.896007e-07   1.709103e+03   8.394150e-01   9.033889e-01   1.981824e+00
  2.757330e-02  -6.985327e-07   1.342825e+03   7.366110e-01   8.356528e-01   1.975033e+00
  2.402615e-02   4.325832e-07   1.668348e+03   7.974453e-01   8.346867e-01   1.915888e+00
  8.954381e-03   9.309139e-07   1.850754e+03   3.296965e-01   8.671604e-01   3.843744e+00
  8.640734e-03   8.957841e-07   1.769950e+03   3.042579e-01   8.618766e-01   3.947907e+00
  2.413235e-02  -8.002841e-07   1.657293e+03   7.956627e-01   8.314599e-01   1.913033e+00
  2.774410e-02   7.399317e-07   1.326671e+03   7.322578e-01   8.331335e-01   1.979039e+00
  2.462233e-02   1.431958e-06   1.710585e+03   8.379226e-01   9.012499e-01   1.983209e+00
  2.458492e-02  -1.013953e-06   1.712682e+03   8.376752e-01   9.027644e-01   1.978260e+00
  2.778563e-02   1.208224e-06   1.316700e+03   7.278419e-01   8.310957e-01   1.978968e+00
  2.408888e-02  -1.899081e-07   1.657635e+03   7.943934e-01   8.287820e-01   1.906401e+00
  8.649268e-03   1.489061e-06   1.707316e+03   2.937808e-01   8.667597e-01   3.991493e+00
  8.830355e-03   4.160494e-07   1.776229e+03   3.120379e-01   8.651699e-01   3.887841e+00
  2.404476e-02   3.966959e-07   1.662196e+03   7.951203e-01   8.314441e-01   1.912051e+00
  2.760789e-02   1.349906e-06   1.331399e+03   7.312596e-01   8.325742e-01   1.974651e+00
  2.452942e-02  -2.357265e-07   1.723060e+03   8.408487e-01   9.017422e-01   1.984128e+00
  2.461540e-02   8.540003e-09   1.716226e+03   8.404491e-01   9.041229e-01   1.977678e+00
  2.755108e-02  -1.154252e-07   1.342179e+03   7.356635e-01   8.359200e-01   1.974375e+00
  2.401871e-02   5.458395e-07   1.669502e+03   7.977497e-01   8.343186e-01   1.919841e+00
  8.978028e-03   5.248465e-07   1.838805e+03   3.284330e-01   8.563471e-01   3.834779e+00
  8.542954e-03   3.405136e-06   1.840387e+03   3.127860e-01   8.550653e-01   3.927105e+00
  2.409048e-02   1.616386e-06   1.664022e+03   7.975073e-01   8.338378e-01   1.920107e+00
  2.763024e-02   2.495137e-07   1.333877e+03   7.332135e-01   8.337876e-01   1.981020e+00
  2.468683e-02   6.532793e-07   1.707664e+03   8.386832e-01   9.014178e-01   1.984015e+00
  2.475282e-02   4.055960e-07   1.703528e+03   8.388882e-01   9.025266e-01   1.985139e+00
  2.801890e-02  -7.314082e-07   1.308552e+03   7.294110e-01   8.329635e-01   1.980665e+00
  2.411248e-02   4.987233e-07   1.657207e+03   7.949664e-01   8.279555e-01   1.906844e+00
  8.537985e-03   1.215542e-06   1.694804e+03   2.878757e-01   8.727745e-01   4.020092e+00
  8.639628e-03   3.897116e-06   1.671946e+03   2.873740e-01   8.651589e-01   4.030619e+00
  2.407449e-02   6.560432e-07   1.658501e+03   7.943337e-01   8.285252e-01   1.913193e+00
  2.802357e-02   1.731604e-06   1.309681e+03   7.301619e-01   8.323545e-01   1.976846e+00
  2.452945e-02   2.110793e-07   1.720210e+03   8.394587e-01   9.025818e-01   1.983319e+00
  2.460894e-02   1.029285e-06   1.712014e+03   8.381668e-01   9.014645e-01   1.981217e+00
  2.758266e-02   1.088183e-06   1.339330e+03   7.349434e-01   8.356780e-01   1.975836e+00
  2.408583e-02   7.463995e-07   1.663325e+03   7.970194e-01   8.337293e-01   1.914624e+00
  9.068521e-03   3.227141e-06   1.840509e+03   3.320508e-01   8.642309e-01   3.825267e+00
  8.685918e-03  -1.172504e-06   1.787226e+03   3.088342e-01   8.732341e-01   3.892196e+00
  2.400441e-02   8.550057e-07   1.664768e+03   7.950144e-01   8.296046e-01   1.905462e+00
  2.759618e-02  -4.793414e-07   1.333724e+03   7.322258e-01   8.331451e-01   1.971335e+00
  2.469963e-02  -1.875681e-07   1.707407e+03   8.389920e-01   9.016396e-01   1.982803e+00
  2.468387e-02  -1.756606e-07   1.710942e+03   8.401923e-01   9.026457e-01   1.981953e+00
  2.779972e-02   6.521099e-07   1.316969e+03   7.283599e-01   8.317340e-01   1.986397e+00
  2.416038e-02   9.996338e-07   1.655401e+03   7.956773e-01   8.314210e-01   1.920060e+00
  8.409759e-03  -5.587335e-07   1.734593e+03   2.902093e-01   8.486553e-01   4.025695e+00
  8.565233e-03   4.608690e-07   1.844361e+03   3.142790e-01   8.653705e-01   3.897143e+00
  2.403206e-02   1.212200e-06   1.663930e+03   7.955295e-01   8.317052e-01   1.910903e+00
  2.770121e-02  -1.263933e-06   1.327281e+03   7.314619e-01   8.327922e-01   1.977964e+00
  2.467149e-02  -1.548961e-07   1.708743e+03   8.386915e-01   9.010301e-01   1.981873e+00
  2.464088e-02   6.845889e-07   1.712849e+03   8.396635e-01   9.020240e-01   1.983419e+00
  2.763713e-02   1.580354e-06   1.329916e+03   7.312188e-01   8.335291e-01   1.973924e+00
  2.411177e-02   5.782519e-07   1.655596e+03   7.941702e-01   8.279864e-01   1.906061e+00
  8.980545e-03   2.018772e-06   1.621350e+03   2.896741e-01   8.738545e-01   4.005943e+00
  8.498868e-03   1.647067e-06   1.797127e+03   3.038575e-01   8.476413e-01   3.960938e+00
  2.410423e-02   1.123763e-08   1.660087e+03   7.960754e-01   8.327979e-01   1.919940e+00
  2.778304e-02   1.056133e-06   1.320794e+03   7.300371e-01   8.316401e-01   1.985280e+00
  2.456768e-02   9.760948e-08   1.718054e+03   8.397134e-01   9.018680e-01   1.985158e+00
  2.458073e-02   5.131949e-07   1.715155e+03   8.387416e-01   9.018629e-01   1.986882e+00
  2.774987e-02   1.210506e-07   1.326149e+03   7.321218e-01   8.336313e-01   1.972718e+00
  2.408259e-02  -3.202382e-08   1.658260e+03   7.944856e-01   8.292027e-01   1.906593e+00
  8.694471e-03   6.098099e-07   1.762818e+03   3.049165e-01   8.756702e-01   3.931116e+00
  1.060903e-02   2.358524e-06   2.593101e+03   5.472997e-01   8.745301e-01   2.578983e+00
  2.307040e-02   2.470891e-07   1.793870e+03   8.233344e-01   8.634442e-01   1.452400e+00
  2.578283e-02   1.637252e-06   1.522217e+03   7.807956e-01   8.623105e-01   1.482134e+00
  2.422896e-02  -1.722124e-07   1.761789e+03   8.492172e-01   9.080721e-01   1.488822e+00
  2.417867e-02   2.398258e-07   1.768531e+03   8.506977e-01   9.087462e-01   1.487089e+00
  2.572911e-02   3.794907e-08   1.531835e+03   7.840919e-01   8.643449e-01   1.480957e+00
  2.308348e-02   1.132508e-06   1.790747e+03   8.223668e-01   8.625722e-01   1.451256e+00
  1.069926e-02   5.999988e-07   2.595777e+03   5.525239e-01   8.796682e-01   2.569894e+00
  1.062102e-02   3.646679e-06   2.628036e+03   5.553003e-01   8.792617e-01   2.565602e+00
  2.309641e-02   1.015888e-06   1.792189e+03   8.234900e-01   8.636825e-01   1.452167e+00
  2.573822e-02   2.189566e-06   1.530036e+03   7.834483e-01   8.640124e-01   1.482631e+00
  2.420344e-02  -3.993653e-07   1.764239e+03   8.495026e-01   9.081426e-01   1.487098e+00
  2.420833e-02   8.217376e-07   1.766933e+03   8.509718e-01   9.086543e-01   1.488581e+00
  2.568668e-02  -5.159936e-07   1.535053e+03   7.844433e-01   8.648321e-01   1.480020e+00
  2.308451e-02  -5.022829e-07   1.792005e+03   8.229817e-01   8.632125e-01   1.450021e+00
  1.071331e-02  -1.271538e-06   2.602986e+03   5.547864e-01   8.810313e-01   2.559077e+00
  1.070385e-02   4.533205e-07   2.568550e+03   5.469635e-01   8.841848e-01   2.607771e+00
  2.307511e-02  -2.855886e-08   1.791932e+03   8.226126e-01   8.620205e-01   1.447841e+00
  2.572472e-02   3.699717e-07   1.528333e+03   7.821656e-01   8.633185e-01   1.481415e+00
  2.426197e-02   3.467368e-07   1.761821e+03   8.503893e-01   9.084101e-01   1.489238e+00
  2.420013e-02  -1.019072e-08   1.766971e+03   8.507017e-01   9.086713e-01   1.487450e+00
  2.572607e-02   4.480847e-07   1.534186e+03   7.852027e-01   8.643723e-01   1.483239e+00
  2.311354e-02   6.411772e-07   1.789533e+03   8.228795e-01   8.635089e-01   1.451260e+00
  1.071050e-02   2.243856e-06   2.612144e+03   5.565918e-01   8.828095e-01   2.575990e+00
  1.078518e-02   1.136275e-06   2.591059e+03   5.559491e-01   8.812377e-01   2.562110e+00
  2.307712e-02   2.105485e-07   1.793645e+03   8.234711e-01   8.635376e-01   1.450317e+00
  2.569667e-02  -1.106089e-06   1.534748e+03   7.845926e-01   8.647170e-01   1.482095e+00
  2.426130e-02  -5.228775e-07   1.760537e+03   8.497463e-01   9.084580e-01   1.488906e+00
  2.421862e-02  -2.488494e-07   1.765193e+03   8.504949e-01   9.085458e-01   1.488509e+00
  2.575770e-02   1.506367e-07   1.529138e+03   7.835807e-01   8.653955e-01   1.482422e+00
  2.310994e-02   3.570532e-07   1.787433e+03   8.217857e-01   8.625247e-01   1.450514e+00
  1.070407e-02   8.378003e-07   2.590348e+03   5.516164e-01   8.795866e-01   2.577385e+00
  1.066163e-02  -9.119106e-07   2.584199e+03   5.481252e-01   8.817970e-01   2.598129e+00
  2.312687e-02  -2.642743e-07   1.788202e+03   8.227416e-01   8.623955e-01   1.450913e+00
  2.576160e-02  -4.198740e-07   1.528147e+03   7.831918e-01   8.639293e-01   1.480640e+00
  2.423046e-02  -3.177378e-07   1.762939e+03   8.498243e-01   9.074481e-01   1.489803e+00
  2.418522e-02   5.107010e-07   1.765837e+03   8.496319e-01   9.083328e-01   1.488599e+00
  2.574534e-02   2.202553e-07   1.531705e+03   7.845195e-01   8.625527e-01   1.482918e+00
  2.313076e-02   1.354978e-08   1.787974e+03   8.227752e-01   8.628914e-01   1.450571e+00
  1.074671e-02   8.767090e-07   2.601100e+03   5.561124e-01   8.824098e-01   2.575005e+00
  1.084965e-02  -2.444192e-07   2.568289e+03   5.543575e-01   8.819350e-01   2.559674e+00
  2.304944e-02  -7.992328e-08   1.794304e+03   8.227851e-01   8.631128e-01   1.450205e+00
  2.576449e-02   1.086332e-06   1.530390e+03   7.844293e-01   8.646519e-01   1.483002e+00
  2.423090e-02  -1.564478e-07   1.763727e+03   8.502193e-01   9.099113e-01   1.487774e+00
  2.417905e-02   6.051204e-07   1.766782e+03   8.498698e-01   9.081130e-01   1.488004e+00
  2.580759e-02  -1.647139e-07   1.524208e+03   7.825676e-01   8.658659e-01   1.483405e+00
  2.315231e-02   7.546193e-07   1.783609e+03   8.215315e-01   8.623900e-01   1.453288e+00
  1.074374e-02   7.701238e-07   2.557050e+03   5.465434e-01   8.756442e-01   2.587484e+00
  1.060378e-02   8.804437e-07   2.616941e+03   5.520579e-01   8.767663e-01   2.564558e+00
  2.308463e-02   1.649466e-07   1.791600e+03   8.227995e-01   8.628415e-01   1.451698e+00
  2.576501e-02  -1.642290e-07   1.528650e+03   7.835534e-01   8.640269e-01   1.481008e+00
  2.424138e-02  -3.409640e-07   1.762447e+03   8.499699e-01   9.062178e-01   1.491196e+00
  2.426780e-02  -1.713622e-06   1.761136e+03   8.502635e-01   9.087949e-01   1.488097e+00
  2.573640e-02   1.639614e-07   1.528915e+03   7.828189e-01   8.623968e-01   1.480911e+00
  2.307871e-02   1.287003e-07   1.789269e+03   8.215188e-01   8.622507e-01   1.451392e+00
  1.073693e-02  -1.200234e-07   2.570847e+03   5.491444e-01   8.776678e-01   2.570332e+00
  1.070518e-02  -3.762915e-07   2.575420e+03   5.484944e-01   8.728261e-01   2.571469e+00
  2.322227e-02   1.950245e-07   1.780452e+03   8.225550e-01   8.635998e-01   1.455635e+00
  2.584400e-02  -2.177206e-07   1.522088e+03   7.825813e-01   8.634561e-01   1.483548e+00
  2.419647e-02   6.196971e-07   1.765533e+03   8.498806e-01   9.101521e-01   1.485641e+00
  2.428817e-02   1.626686e-07   1.757878e+03   8.494028e-01   9.077966e-01   1.488160e+00
  2.566193e-02   2.032171e-06   1.533137e+03   7.827089e-01   8.625088e-01   1.480775e+00
  2.310380e-02  -5.448538e-07   1.789991e+03   8.227433e-01   8.630394e-01   1.450539e+00
  1.079602e-02   9.329708e-07   2.558747e+03   5.495677e-01   8.782104e-01   2.570929e+00
  1.057693e-02   1.207062e-06   2.583955e+03   5.437191e-01   8.747285e-01   2.593685e+00
  2.314678e-02   7.481526e-07   1.784507e+03   8.217483e-01   8.622325e-01   1.454471e+00
  2.573802e-02  -2.539688e-07   1.526698e+03   7.817332e-01   8.630165e-01   1.483440e+00
  2.429001e-02  -3.724678e-07   1.758496e+03   8.497657e-01   9.081352e-01   1.492884e+00
  2.426965e-02   1.111787e-06   1.759819e+03   8.496926e-01   9.085070e-01   1.489984e+00
  2.564591e-02  -5.391023e-07   1.534843e+03   7.830908e-01   8.652897e-01   1.481302e+00
  2.310643e-02   7.883451e-07   1.788223e+03   8.220243e-01   8.628616e-01   1.451323e+00
  1.075529e-02   7.791080e-07   2.576726e+03   5.513414e-01   8.775961e-01   2.562135e+00
  1.074888e-02  -3.842275e-07   2.546885e+03   5.446313e-01   8.779229e-01   2.589976e+00
  2.311543e-02   1.601093e-08   1.786158e+03   8.213949e-01   8.614305e-01   1.450760e+00
  2.565335e-02   3.729508e-08   1.533245e+03   7.825024e-01   8.634316e-01   1.478002e+00
  2.422900e-02   5.495367e-07   1.764812e+03   8.506758e-01   9.070847e-01   1.487849e+00
  2.424490e-02  -1.222990e-08   1.758371e+03   8.481274e-01   9.064608e-01   1.488697e+00
  2.567126e-02  -1.455000e-06   1.533082e+03   7.829655e-01   8.642839e-01   1.480680e+00
  2.311162e-02  -6.894693e-07   1.788723e+03   8.224387e-01   8.626655e-01   1.449746e+00
  1.079546e-02   2.324972e-07   2.560369e+03   5.498877e-01   8.785366e-01   2.570884e+00
  1.068668e-02   1.960543e-07   2.565775e+03   5.454960e-01   8.801829e-01   2.589280e+00
  2.311135e-02  -4.002236e-07   1.786131e+03   8.212376e-01   8.615950e-01   1.447812e+00
  2.581724e-02   5.948079e-07   1.523221e+03   7.823533e-01   8.633695e-01   1.480429e+00
  2.430419e-02  -2.219827e-07   1.757191e+03   8.496309e-01   9.088547e-01   1.486961e+00
  2.418464e-02   8.553425e-07   1.764069e+03   8.487611e-01   9.086336e-01   1.489707e+00
  2.565323e-02  -4.589570e-07   1.535440e+03   7.836194e-01   8.629513e-01   1.479121e+00
  2.316968e-02  -1.234749e-06   1.784880e+03   8.227338e-01   8.633593e-01   1.452448e+00
  1.076770e-02   6.827444e-07   2.577542e+03   5.521521e-01   8.780044e-01   2.562383e+00
  1.075618e-02   1.384724e-06   2.560627e+03   5.479422e-01   8.779008e-01   2.572898e+00
  2.312170e-02  -6.848287e-08   1.790077e+03   8.234201e-01   8.634680e-01   1.451115e+00
  2.573788e-02  -3.154032e-07   1.527776e+03   7.822810e-01   8.633126e-01   1.480439e+00
  2.424746e-02   4.834734e-07   1.761211e+03   8.495868e-01   9.099248e-01   1.489176e+00
  2.420610e-02   6.675004e-07   1.764512e+03   8.497273e-01   9.072416e-01   1.485658e+00
  2.579141e-02   2.048731e-07   1.529284e+03   7.846814e-01   8.637399e-01   1.481434e+00
  2.314724e-02   7.252870e-07   1.785624e+03   8.222794e-01   8.623608e-01   1.453326e+00
  1.068698e-02   6.482084e-09   2.591747e+03   5.510332e-01   8.763050e-01   2.561832e+00
  1.068639e-02  -3.777653e-07   2.579322e+03   5.483614e-01   8.802072e-01   2.585362e+00
  2.313647e-02   4.224143e-07   1.783939e+03   8.211213e-01   8.616663e-01   1.448395e+00
  2.575972e-02  -4.842325e-07   1.527437e+03   7.827710e-01   8.635957e-01   1.483312e+00
  2.421926e-02   2.488487e-07   1.762526e+03   8.492323e-01   9.077900e-01   1.489531e+00
  2.429835e-02  -2.836388e-07   1.758825e+03   8.502166e-01   9.085448e-01   1.490458e+00
  2.578702e-02   1.444574e-06   1.524318e+03   7.820003e-01   8.628122e-01   1.482127e+00
  2.310221e-02   1.088429e-07   1.790260e+03   8.228106e-01   8.639444e-01   1.452504e+00
  1.071757e-02  -8.297519e-07   2.583714e+03   5.508974e-01   8.770784e-01   2.567619e+00
  1.077153e-02   1.195743e-08   2.558962e+03   5.483670e-01   8.763637e-01   2.572564e+00
  2.310769e-02  -3.779275e-07   1.790286e+03   8.230173e-01   8.627817e-01   1.451742e+00
  2.573728e-02   1.101697e-06   1.528550e+03   7.826588e-01   8.635459e-01   1.483604e+00
  2.433579e-02  -2.627344e-06   1.755822e+03   8.500729e-01   9.065541e-01   1.488494e+00
  2.424241e-02  -6.899992e-07   1.762569e+03   8.500649e-01   9.093999e-01   1.488937e+00
  2.574937e-02  -6.605640e-07   1.529540e+03   7.835335e-01   8.645966e-01   1.481696e+00
  2.312420e-02   3.574688e-07   1.786322e+03   8.217820e-01   8.617923e-01   1.451758e+00
  1.068405e-02  -7.666720e-07   2.575479e+03   5.474244e-01   8.761307e-01   2.577070e+00
  1.065965e-02  -4.462138e-07   2.575624e+03   5.462049e-01   8.771263e-01   2.582365e+00
  2.317076e-02  -3.268187e-07   1.782147e+03   8.215120e-01   8.616528e-01   1.451345e+00
  2.573873e-02  -1.679612e-07   1.527629e+03   7.822310e-01   8.632535e-01   1.480300e+00
  2.417444e-02  -1.720508e-06   1.766491e+03   8.495675e-01   9.059850e-01   1.485934e+00
  2.426562e-02   6.817907e-07   1.760683e+03   8.499683e-01   9.079920e-01   1.487892e+00
  2.582767e-02  -8.597333e-07   1.522086e+03   7.820865e-01   8.636315e-01   1.484174e+00
  2.309820e-02  -4.876146e-07   1.788576e+03   8.218938e-01   8.625301e-01   1.451157e+00
  1.071737e-02  -7.950412e-07   2.568361e+03   5.476139e-01   8.774933e-01   2.581547e+00
  1.078186e-02  -4.977699e-07   2.559921e+03   5.490987e-01   8.779047e-01   2.568590e+00
  2.313542e-02  -7.601291e-07   1.784978e+03   8.215622e-01   8.618529e-01   1.450399e+00
  2.572086e-02  -8.361568e-07   1.530584e+03   7.832001e-01   8.638214e-01   1.483171e+00
  2.418595e-02  -7.312854e-08   1.765880e+03   8.496782e-01   9.067222e-01   1.486811e+00
  2.422709e-02  -6.377572e-07   1.760999e+03   8.487711e-01   9.067080e-01   1.488915e+00
  2.571563e-02  -1.375799e-06   1.529789e+03   7.826342e-01   8.636440e-01   1.479883e+00
  2.309428e-02   1.080714e-08   1.789411e+03   8.221381e-01   8.631019e-01   1.450553e+00
  1.072897e-02  -3.150057e-07   2.560956e+03   5.466262e-01   8.774941e-01   2.580473e+00
  1.064317e-02   9.173830e-08   2.585325e+03   5.474147e-01   8.751179e-01   2.572218e+00
  2.314905e-02   5.995443e-07   1.785210e+03   8.221528e-01   8.625856e-01   1.452134e+00
  2.576276e-02   1.805220e-06   1.526991e+03   7.826344e-01   8.635489e-01   1.483252e+00
  2.419433e-02   1.812969e-07   1.763569e+03   8.488602e-01   9.068815e-01   1.486225e+00
  2.415722e-02  -5.559110e-07   1.767589e+03   8.494903e-01   9.080438e-01   1.488650e+00
  2.581664e-02  -7.946926e-07   1.524438e+03   7.829598e-01   8.639109e-01   1.482857e+00
  2.310794e-02  -2.703137e-07   1.788368e+03   8.221447e-01   8.621904e-01   1.450627e+00
  1.075123e-02  -7.333077e-08   2.571572e+03   5.500305e-01   8.802056e-01   2.579722e+00
  1.073583e-02   4.049884e-07   2.559145e+03   5.465889e-01   8.775821e-01   2.582028e+00
  2.314550e-02  -5.686491e-07   1.784624e+03   8.217571e-01   8.620587e-01   1.453162e+00
  2.575929e-02  -5.797391e-07   1.528755e+03   7.834331e-01   8.640977e-01   1.478640e+00
  2.398530e-02   2.586593e-07   1.780944e+03   8.498173e-01   9.077555e-01   1.487458e+00
  2.424585e-02   1.861937e-06   1.763803e+03   8.507805e-01   9.098209e-01   1.487990e+00
  2.573761e-02   8.062834e-07   1.529046e+03   7.829228e-01   8.638985e-01   1.482080e+00
  2.310323e-02   5.346746e-07   1.788227e+03   8.219123e-01   8.617664e-01   1.450456e+00
  1.079877e-02  -3.687692e-07   2.551184e+03   5.480828e-01   8.768641e-01   2.570912e+00
  1.067331e-02   3.163594e-08   2.589236e+03   5.497950e-01   8.768622e-01   2.566853e+00
  2.306944e-02  -2.385984e-07   1.790286e+03   8.216554e-01   8.624124e-01   1.452098e+00
  2.580337e-02  -2.308568e-07   1.525478e+03   7.830915e-01   8.636217e-01   1.480441e+00
  2.425853e-02   2.287854e-06   1.764863e+03   8.517371e-01   9.093104e-01   1.489888e+00
  2.422483e-02   1.092044e-06   1.764243e+03   8.502551e-01   9.095866e-01   1.486327e+00
  2.572161e-02   6.327579e-08   1.530759e+03   7.833123e-01   8.639981e-01   1.482908e+00
  2.311671e-02   4.451762e-07   1.790218e+03   8.233074e-01   8.634355e-01   1.450988e+00
  1.074966e-02  -4.620992e-07   2.573863e+03   5.504403e-01   8.779515e-01   2.575559e+00
  1.070335e-02   5.025980e-07   2.573177e+03   5.479228e-01   8.771364e-01   2.581657e+00
  2.312017e-02   9.758253e-07   1.788553e+03   8.226652e-01   8.628325e-01   1.453130e+00
  2.576235e-02   1.434584e-07   1.525923e+03   7.820747e-01   8.632824e-01   1.485326e+00
  2.430591e-02  -1.146497e-06   1.758207e+03   8.501824e-01   9.084475e-01   1.490161e+00
  2.419408e-02  -1.967326e-06   1.766049e+03   8.500453e-01   9.090749e-01   1.486759e+00
  2.574387e-02  -5.271208e-07   1.528320e+03   7.827417e-01   8.635067e-01   1.481363e+00
  2.315052e-02   1.374457e-07   1.783442e+03   8.213911e-01   8.626433e-01   1.451877e+00
  1.078238e-02  -1.346237e-07   2.542700e+03   5.454312e-01   8.757490e-01   2.578668e+00
  1.072672e-02   9.263041e-07   2.563089e+03   5.469666e-01   8.791829e-01   2.579761e+00
  2.311833e-02   9.740739e-07   1.786088e+03   8.214657e-01   8.618415e-01   1.451999e+00
  2.574937e-02   6.625146e-07   1.527321e+03   7.823965e-01   8.630101e-01   1.482237e+00
  2.414350e-02  -8.650298e-08   1.768477e+03   8.494340e-01   9.080863e-01   1.488100e+00
  2.426656e-02  -2.217090e-06   1.759071e+03   8.492232e-01   9.082032e-01   1.487271e+00
  2.568552e-02   4.320533e-07   1.533111e+03   7.834153e-01   8.638757e-01   1.480847e+00
  2.308464e-02   1.481213e-07   1.790954e+03   8.225035e-01   8.636141e-01   1.448253e+00
  1.075533e-02  -8.055873e-07   2.576742e+03   5.513467e-01   8.784403e-01   2.562927e+00
  1.075884e-02  -9.876467e-07   2.588334e+03   5.540081e-01   8.796810e-01   2.558435e+00
  2.328417e-02   5.679451e-07   1.776362e+03   8.228530e-01   8.632387e-01   1.446898e+00
  2.579152e-02  -1.007517e-06   1.527785e+03   7.839154e-01   8.648283e-01   1.484025e+00
  2.425630e-02   1.221231e-06   1.759983e+03   8.493038e-01   9.078154e-01   1.486299e+00
  2.425212e-02   2.405502e-06   1.759173e+03   8.487672e-01   9.077021e-01   1.487074e+00
  2.575883e-02   1.221956e-06   1.528342e+03   7.832078e-01   8.638030e-01   1.481918e+00
  2.319474e-02  -9.105596e-07   1.780613e+03   8.216546e-01   8.629121e-01   1.452336e+00
  1.072944e-02   4.263085e-07   2.559857e+03   5.464155e-01   8.735925e-01   2.572044e+00
  1.077245e-02  -5.346268e-08   2.558837e+03   5.483874e-01   8.790258e-01   2.587782e+00
  2.314966e-02  -6.247878e-07   1.787046e+03   8.230201e-01   8.629999e-01   1.452364e+00
  2.579490e-02  -2.020837e-06   1.525141e+03   7.826617e-01   8.629920e-01   1.483042e+00
  2.420887e-02   7.857445e-07   1.763858e+03   8.495096e-01   9.082866e-01   1.486209e+00
  2.426897e-02  -1.455169e-07   1.758587e+03   8.490737e-01   9.077971e-01   1.490046e+00
  2.563749e-02   3.693583e-07   1.536629e+03   7.837448e-01   8.642138e-01   1.480956e+00
  2.312871e-02  -3.133865e-07   1.786861e+03   8.221904e-01   8.627147e-01   1.451457e+00
  1.069663e-02  -2.820734e-08   2.570924e+03   5.470996e-01   8.778569e-01   2.581669e+00
  1.081953e-02  -1.917688e-08   2.553399e+03   5.496132e-01   8.749159e-01   2.558879e+00
  2.303404e-02  -2.750019e-07   1.793094e+03   8.216811e-01   8.624572e-01   1.449887e+00
  2.575516e-02  -8.365366e-08   1.528040e+03   7.829408e-01   8.639420e-01   1.482723e+00
  2.429719e-02  -1.167769e-07   1.757761e+03   8.496616e-01   9.076749e-01   1.486165e+00
  2.427386e-02  -4.831428e-07   1.756438e+03   8.482070e-01   9.073007e-01   1.486239e+00
  2.575249e-02   1.463705e-06   1.527684e+03   7.826779e-01   8.635508e-01   1.479995e+00
  2.317757e-02   2.064953e-07   1.783539e+03   8.223956e-01   8.629147e-01   1.452000e+00
  1.071887e-02   2.051475e-06   2.566602e+03   5.473153e-01   8.753382e-01   2.579301e+00
  1.077671e-02  -1.478684e-06   2.559153e+03   5.486719e-01   8.751539e-01   2.576434e+00
  2.282601e-02  -6.192523e-07   1.811089e+03   8.224317e-01   8.628987e-01   1.452551e+00
  2.572344e-02  -3.424373e-07   1.530625e+03   7.832994e-01   8.642438e-01   1.483793e+00
  2.436283e-02   2.297421e-07   1.753765e+03   8.500202e-01   9.091320e-01   1.489099e+00
  2.425935e-02   1.371988e-06   1.760354e+03   8.495898e-01   9.080207e-01   1.491568e+00
  2.579748e-02   4.965059e-07   1.525444e+03   7.828952e-01   8.636854e-01   1.482067e+00
  2.321651e-02  -7.680353e-08   1.779270e+03   8.218052e-01   8.622044e-01   1.454188e+00
  1.066891e-02  -1.663127e-06   2.557465e+03   5.428250e-01   8.749246e-01   2.594890e+00
  1.089029e-02  -6.998273e-07   2.525136e+03   5.470842e-01   8.811994e-01   2.580722e+00
  2.298548e-02  -1.103220e-07   1.797992e+03   8.221885e-01   8.621001e-01   1.448372e+00
  2.572161e-02   1.180229e-06   1.526977e+03   7.813773e-01   8.623603e-01   1.479057e+00
  2.430275e-02  -4.342805e-07   1.753432e+03   8.477629e-01   9.061758e-01   1.487883e+00
  2.427398e-02  -1.909387e-06   1.757970e+03   8.489510e-01   9.078344e-01   1.488586e+00
  2.583462e-02  -9.078054e-08   1.520175e+03   7.813144e-01   8.627161e-01   1.481049e+00
  2.314629e-02  -5.102704e-08   1.782505e+03   8.208093e-01   8.613631e-01   1.451335e+00
  1.070999e-02   6.472131e-08   2.543519e+03   5.419441e-01   8.750476e-01   2.580198e+00
  1.092603e-02  -2.138245e-06   2.587309e+03   5.623942e-01   8.828638e-01   2.532827e+00
  2.313864e-02  -8.502187e-07   1.791863e+03   8.248460e-01   8.646455e-01   1.450764e+00
  2.562020e-02  -1.275114e-06   1.540842e+03   7.853635e-01   8.649982e-01   1.481442e+00
  2.418300e-02   5.128779e-07   1.765218e+03   8.492563e-01   9.081881e-01   1.486494e+00
  2.426400e-02   1.379109e-06   1.762635e+03   8.508535e-01   9.087205e-01   1.487584e+00
  2.557516e-02  -5.296734e-07   1.538493e+03   7.827876e-01   8.635611e-01   1.482180e+00
  2.315113e-02  -2.888416e-07   1.783974e+03   8.216574e-01   8.623912e-01   1.453122e+00
  1.068274e-02  -1.407954e-06   2.579849e+03   5.482860e-01   8.768298e-01   2.574783e+00
  1.079294e-02  -1.655372e-06   2.568778e+03   5.515650e-01   8.793848e-01   2.559564e+00
  2.314683e-02  -1.168086e-06   1.785406e+03   8.221643e-01   8.625540e-01   1.450305e+00
  2.570625e-02   8.214350e-07   1.532262e+03   7.836133e-01   8.644203e-01   1.480500e+00
  2.421504e-02   3.825187e-07   1.761358e+03   8.485218e-01   9.078485e-01   1.487433e+00
  2.429439e-02  -9.812005e-07   1.756352e+03   8.488826e-01   9.077128e-01   1.490720e+00
  2.575480e-02   2.427942e-07   1.522744e+03   7.802163e-01   8.620419e-01   1.482009e+00
  2.313861e-02   4.583817e-07   1.784555e+03   8.214809e-01   8.618078e-01   1.450924e+00
  1.074076e-02   3.721165e-07   2.533942e+03   5.414545e-01   8.757817e-01   2.597458e+00
  1.075850e-02   1.288493e-06   2.630443e+03   5.630033e-01   8.713940e-01   2.499838e+00
  2.309776e-02   3.253432e-07   1.791711e+03   8.233187e-01   8.646976e-01   1.453686e+00
  2.573742e-02   1.164939e-06   1.534329e+03   7.856219e-01   8.654602e-01   1.478605e+00
  2.417347e-02  -9.697823e-07   1.768253e+03   8.503812e-01   9.080967e-01   1.486378e+00
  2.411355e-02  -4.634313e-07   1.772113e+03   8.501248e-01   9.085483e-01   1.490629e+00
  2.570423e-02  -1.653252e-06   1.532719e+03   7.837859e-01   8.641916e-01   1.475521e+00
  2.314138e-02  -8.962425e-07   1.783008e+03   8.208668e-01   8.612741e-01   1.447176e+00
  1.077667e-02  -1.614000e-06   2.566869e+03   5.503238e-01   8.804800e-01   2.550059e+00
  1.049991e-02  -1.556552e-06   2.616510e+03   5.465604e-01   8.720727e-01   2.584127e+00
  2.317034e-02  -5.872042e-07   1.784818e+03   8.227284e-01   8.632339e-01   1.456581e+00
  2.577845e-02  -2.032473e-06   1.526178e+03   7.826943e-01   8.636133e-01   1.484429e+00
  2.422145e-02   1.741549e-06   1.763946e+03   8.499935e-01   9.080595e-01   1.489753e+00
  2.420665e-02   1.037183e-06   1.765983e+03   8.504550e-01   9.083879e-01   1.488973e+00
  2.584616e-02  -3.372573e-07   1.524125e+03   7.836942e-01   8.640842e-01   1.482230e+00
  2.309809e-02   2.429197e-08   1.788136e+03   8.216878e-01   8.627341e-01   1.451752e+00
  1.064205e-02  -9.391970e-07   2.624286e+03   5.556053e-01   8.798279e-01   2.556279e+00
  1.072823e-02  -2.067763e-06   2.600184e+03   5.549606e-01   8.821204e-01   2.553057e+00
  2.303130e-02  -1.070785e-07   1.796420e+03   8.231073e-01   8.630520e-01   1.450696e+00
  2.571098e-02  -8.671185e-07   1.531643e+03   7.834411e-01   8.639427e-01   1.477866e+00
  2.418813e-02  -3.954873e-07   1.766128e+03   8.498739e-01   9.085552e-01   1.488540e+00
  2.416036e-02  -1.849106e-06   1.768152e+03   8.498714e-01   9.083491e-01   1.485721e+00
  2.571531e-02   1.164337e-06   1.527923e+03   7.816701e-01   8.628947e-01   1.482227e+00
  2.310465e-02   1.529310e-07   1.786671e+03   8.212477e-01   8.623760e-01   1.453268e+00
  1.071684e-02   2.614489e-06   2.578933e+03   5.498406e-01   8.746741e-01   2.567321e+00
  1.056130e-02  -6.683579e-07   2.656259e+03   5.581078e-01   8.744901e-01   2.533701e+00
  2.306273e-02   1.007466e-06   1.796419e+03   8.242299e-01   8.647520e-01   1.454873e+00
  2.577434e-02  -3.866725e-07   1.529236e+03   7.841373e-01   8.642658e-01   1.482500e+00
  2.424216e-02   2.238460e-07   1.762239e+03   8.498969e-01   9.087716e-01   1.488548e+00
  2.419529e-02  -6.319880e-07   1.767537e+03   8.508039e-01   9.091113e-01   1.487241e+00
  2.569184e-02  -9.945886e-07   1.533086e+03   7.835955e-01   8.641125e-01   1.479737e+00
  2.308693e-02  -8.643159e-07   1.791998e+03   8.230642e-01   8.636312e-01   1.452981e+00
  1.067790e-02  -1.886301e-06   2.604030e+03   5.531744e-01   8.773336e-01   2.557478e+00
  1.206861e-02   1.068601e-06   2.887446e+03   6.932679e-01   8.888639e-01   1.682392e+00
  2.239891e-02  -1.913316e-07   1.898086e+03   8.458100e-01   8.838623e-01   1.044943e+00
  2.459418e-02   1.106444e-06   1.669223e+03   8.167269e-01   8.842857e-01   1.060085e+00
  2.392640e-02   5.738039e-07   1.804439e+03   8.589137e-01   9.135432e-01   1.065781e+00
  2.397062e-02   6.743877e-07   1.798695e+03   8.577626e-01   9.131235e-01   1.065184e+00
  2.456698e-02  -2.042701e-07   1.673868e+03   8.180936e-01   8.850004e-01   1.061458e+00
  2.242068e-02   2.098447e-07   1.898162e+03   8.466664e-01   8.846335e-01   1.047504e+00
  1.197148e-02   3.399478e-07   2.926917e+03   6.970892e-01   8.871235e-01   1.671192e+00
  1.209778e-02   1.956016e-06   2.890805e+03   6.957524e-01   8.859534e-01   1.658825e+00
  2.238777e-02   4.155709e-07   1.900813e+03   8.466040e-01   8.844577e-01   1.046793e+00
  2.456622e-02  -7.851688e-07   1.672232e+03   8.172692e-01   8.841010e-01   1.059762e+00
  2.393955e-02  -1.435873e-07   1.802349e+03   8.583909e-01   9.139803e-01   1.066008e+00
  2.393072e-02  -1.511559e-07   1.803003e+03   8.583855e-01   9.135082e-01   1.065890e+00
  2.457956e-02   2.898834e-07   1.670527e+03   8.168791e-01   8.839968e-01   1.060354e+00
  2.240771e-02   4.520041e-07   1.898511e+03   8.463319e-01   8.840587e-01   1.046796e+00
  1.199609e-02  -3.245817e-08   2.908503e+03   6.941278e-01   8.897045e-01   1.687624e+00
  1.205793e-02   1.840723e-06   2.889217e+03   6.930795e-01   8.892397e-01   1.678154e+00
  2.237111e-02   3.622551e-07   1.899733e+03   8.454935e-01   8.834568e-01   1.044020e+00
  2.451854e-02   5.119306e-07   1.674543e+03   8.168101e-01   8.847172e-01   1.059828e+00
  2.392245e-02   1.404198e-06   1.802311e+03   8.577597e-01   9.120870e-01   1.064996e+00
  2.395224e-02   1.941472e-07   1.800746e+03   8.580820e-01   9.133117e-01   1.066264e+00
  2.456405e-02  -3.479541e-07   1.673081e+03   8.176115e-01   8.851759e-01   1.059643e+00
  2.240219e-02  -4.296156e-07   1.900255e+03   8.469008e-01   8.846923e-01   1.046021e+00
  1.205005e-02  -1.410555e-06   2.905453e+03   6.965190e-01   8.886598e-01   1.669256e+00
  1.215432e-02  -8.839271e-07   2.898701e+03   7.009132e-01   8.883894e-01   1.649992e+00
  2.233720e-02   7.524372e-07   1.905939e+03   8.469696e-01   8.850887e-01   1.045785e+00
  2.448228e-02  -7.964251e-07   1.681452e+03   8.189670e-01   8.846948e-01   1.059095e+00
  2.394865e-02  -5.556443e-07   1.800615e+03   8.578910e-01   9.147196e-01   1.065431e+00
  2.394030e-02  -2.701876e-07   1.803461e+03   8.589471e-01   9.138821e-01   1.066369e+00
  2.461447e-02   8.853472e-08   1.667891e+03   8.167486e-01   8.830400e-01   1.060803e+00
  2.239227e-02  -5.389980e-09   1.897610e+03   8.453472e-01   8.835546e-01   1.045222e+00
  1.189676e-02  -1.111360e-07   2.931805e+03   6.938953e-01   8.882266e-01   1.680658e+00
  1.202455e-02   2.583459e-07   2.914665e+03   6.972484e-01   8.890028e-01   1.672268e+00
  2.240866e-02  -1.388323e-07   1.900866e+03   8.474176e-01   8.853162e-01   1.047167e+00
  2.456675e-02   1.069587e-06   1.672837e+03   8.175824e-01   8.854931e-01   1.059397e+00
  2.393261e-02  -5.127220e-07   1.802457e+03   8.581935e-01   9.118334e-01   1.066072e+00
  2.406674e-02  -1.175031e-07   1.791675e+03   8.578406e-01   9.131737e-01   1.064069e+00
  2.453203e-02   3.982670e-07   1.676155e+03   8.180462e-01   8.863611e-01   1.059848e+00
  2.238150e-02   5.964438e-07   1.901760e+03   8.467887e-01   8.847016e-01   1.045254e+00
  1.205695e-02   6.821065e-07   2.902030e+03   6.960969e-01   8.884370e-01   1.669724e+00
  1.230132e-02  -1.238859e-06   2.876490e+03   7.039549e-01   8.949697e-01   1.660347e+00
  2.240930e-02  -1.057842e-06   1.901095e+03   8.475438e-01   8.850913e-01   1.043102e+00
  2.445504e-02  -6.480027e-08   1.685090e+03   8.198258e-01   8.849221e-01   1.056883e+00
  2.390876e-02  -2.553180e-07   1.803604e+03   8.578840e-01   9.141175e-01   1.063567e+00
  2.388805e-02  -4.735530e-08   1.805566e+03   8.580729e-01   9.132996e-01   1.067718e+00
  2.455274e-02   1.525325e-07   1.673527e+03   8.174531e-01   8.836084e-01   1.059197e+00
  2.240902e-02  -3.052280e-07   1.897696e+03   8.460180e-01   8.838909e-01   1.044938e+00
  1.192788e-02  -6.354270e-07   2.933836e+03   6.961922e-01   8.905007e-01   1.680188e+00
  1.209498e-02  -1.069372e-06   2.931443e+03   7.053698e-01   8.917903e-01   1.652162e+00
  2.234411e-02   5.481337e-07   1.910942e+03   8.494555e-01   8.866599e-01   1.045085e+00
  2.452869e-02  -9.611743e-07   1.678999e+03   8.193224e-01   8.866775e-01   1.059241e+00
  2.394167e-02  -8.372606e-07   1.804005e+03   8.592554e-01   9.135702e-01   1.067370e+00
  2.384440e-02   8.697447e-07   1.812577e+03   8.598306e-01   9.145031e-01   1.065509e+00
  2.450464e-02   8.289959e-08   1.680251e+03   8.191296e-01   8.850436e-01   1.060690e+00
  2.234030e-02  -2.887921e-07   1.903948e+03   8.462021e-01   8.841653e-01   1.044394e+00
  1.206354e-02   5.789745e-07   2.910641e+03   6.985438e-01   8.910430e-01   1.671862e+00
  1.212932e-02  -1.501167e-07   2.909259e+03   7.020190e-01   8.896881e-01   1.663265e+00
  2.238931e-02   9.435959e-07   1.904148e+03   8.481480e-01   8.857576e-01   1.046370e+00
  2.449894e-02  -5.487876e-07   1.680650e+03   8.191337e-01   8.858247e-01   1.058645e+00
  2.389500e-02   7.889526e-07   1.804724e+03   8.579223e-01   9.134087e-01   1.063214e+00
  2.396886e-02   1.007101e-06   1.801975e+03   8.592635e-01   9.140096e-01   1.062020e+00
  2.448210e-02   1.790318e-07   1.678876e+03   8.177064e-01   8.858736e-01   1.058275e+00
  2.235596e-02  -1.275756e-07   1.906117e+03   8.477601e-01   8.851994e-01   1.046027e+00
  1.202177e-02   6.421585e-07   2.921482e+03   6.987177e-01   8.912339e-01   1.675449e+00
  1.204193e-02  -1.478047e-07   2.925554e+03   7.008651e-01   8.879278e-01   1.657814e+00
  2.238637e-02  -7.954972e-08   1.904364e+03   8.481327e-01   8.857191e-01   1.047835e+00
  2.453223e-02  -5.263309e-07   1.678940e+03   8.194119e-01   8.843366e-01   1.063393e+00
  2.380377e-02  -7.928832e-07   1.812119e+03   8.581489e-01   9.158809e-01   1.067005e+00
  2.394239e-02  -1.315499e-06   1.801295e+03   8.579904e-01   9.131035e-01   1.065755e+00
  2.440195e-02  -9.606490e-07   1.686875e+03   8.189124e-01   8.859164e-01   1.060026e+00
  2.235525e-02   5.962879e-07   1.904231e+03   8.468944e-01   8.846065e-01   1.042465e+00
  1.209915e-02   5.770441e-08   2.901217e+03   6.983371e-01   8.908091e-01   1.673996e+00
  1.202085e-02   1.399963e-06   2.925545e+03   6.996360e-01   8.881572e-01   1.666096e+00
  2.241981e-02  -1.206873e-07   1.901416e+03   8.480850e-01   8.856450e-01   1.047869e+00
  2.448498e-02   2.552140e-06   1.680352e+03   8.185216e-01   8.841907e-01   1.058538e+00
  2.388511e-02  -1.848788e-07   1.808364e+03   8.592970e-01   9.095799e-01   1.064757e+00
  2.388384e-02  -6.471820e-07   1.807771e+03   8.589697e-01   9.140812e-01   1.065121e+00
  2.448516e-02  -5.859680e-07   1.681615e+03   8.191428e-01   8.846957e-01   1.061503e+00
  2.234926e-02   5.278403e-07   1.905298e+03   8.471419e-01   8.848141e-01   1.047598e+00
  1.202472e-02   4.106909e-07   2.925302e+03   6.998029e-01   8.902550e-01   1.668609e+00
  1.206508e-02   5.558293e-07   2.916528e+03   7.000461e-01   8.915258e-01   1.673371e+00
  2.237466e-02   5.481084e-07   1.902911e+03   8.470421e-01   8.847768e-01   1.045741e+00
  2.449150e-02  -1.426358e-07   1.681671e+03   8.193826e-01   8.863949e-01   1.062104e+00
  2.394041e-02   2.284528e-07   1.800957e+03   8.577585e-01   9.103679e-01   1.066134e+00
  2.423709e-02  -1.391972e-06   1.780624e+03   8.585840e-01   9.138697e-01   1.064582e+00
  2.444384e-02   3.430526e-07   1.684784e+03   8.193016e-01   8.843460e-01   1.057701e+00
  2.232172e-02  -1.404254e-07   1.908592e+03   8.475606e-01   8.849460e-01   1.044816e+00
  1.210829e-02  -1.412659e-06   2.905822e+03   6.999740e-01   8.921815e-01   1.669379e+00
  1.202380e-02  -1.943732e-07   2.927547e+03   7.002863e-01   8.888503e-01   1.663052e+00
  2.242186e-02  -1.688380e-07   1.900723e+03   8.478531e-01   8.855842e-01   1.047387e+00
  2.448486e-02  -2.744836e-07   1.682846e+03   8.197325e-01   8.874256e-01   1.059202e+00
  2.397118e-02  -6.249928e-07   1.802881e+03   8.597789e-01   9.172682e-01   1.063352e+00
  2.386370e-02   1.442539e-06   1.807645e+03   8.581854e-01   9.133300e-01   1.066501e+00
  2.452536e-02   7.418203e-07   1.681349e+03   8.203580e-01   8.852743e-01   1.057818e+00
  2.238574e-02  -1.319913e-06   1.904872e+03   8.483352e-01   8.856465e-01   1.043478e+00
  1.208618e-02  -2.560620e-07   2.929818e+03   7.044659e-01   8.932314e-01   1.660972e+00
  1.194325e-02   2.081674e-07   2.934950e+03   6.973542e-01   8.896843e-01   1.675471e+00
  2.240062e-02  -4.292894e-07   1.900034e+03   8.467431e-01   8.845715e-01   1.045903e+00
  2.458654e-02  -1.422725e-07   1.672540e+03   8.180954e-01   8.861034e-01   1.057664e+00
  2.390818e-02   7.241758e-07   1.803594e+03   8.578580e-01   9.161129e-01   1.067885e+00
  2.383772e-02  -5.058703e-08   1.811762e+03   8.592035e-01   9.139066e-01   1.063318e+00
  2.457004e-02  -1.589890e-07   1.676093e+03   8.192835e-01   8.850562e-01   1.060622e+00
  2.242882e-02  -3.403923e-07   1.898630e+03   8.471826e-01   8.849937e-01   1.045681e+00
  1.202188e-02   4.400082e-07   2.932777e+03   7.014257e-01   8.902631e-01   1.666853e+00
  1.205281e-02   5.717394e-09   2.924947e+03   7.013529e-01   8.909049e-01   1.665685e+00
  2.238900e-02  -4.904766e-09   1.901584e+03   8.469942e-01   8.849151e-01   1.047181e+00
  2.453540e-02  -7.900535e-07   1.675928e+03   8.180479e-01   8.852225e-01   1.060246e+00
  2.388322e-02   2.143774e-07   1.809127e+03   8.595915e-01   9.144828e-01   1.069166e+00
  2.395657e-02  -1.215670e-06   1.801993e+03   8.588312e-01   9.138196e-01   1.064547e+00
  2.453741e-02   5.275111e-08   1.677562e+03   8.189123e-01   8.851527e-01   1.063959e+00
  2.239897e-02   8.221953e-07   1.901552e+03   8.473569e-01   8.850659e-01   1.047882e+00
  1.203800e-02   1.771515e-07   2.928248e+03   7.012817e-01   8.910017e-01   1.670785e+00
  1.193053e-02   1.131484e-06   2.948474e+03   6.998216e-01   8.919655e-01   1.673557e+00
  2.239348e-02  -1.306203e-07   1.900365e+03   8.466207e-01   8.844693e-01   1.045447e+00
  2.444594e-02   1.417536e-07   1.684495e+03   8.192313e-01   8.860698e-01   1.061426e+00
  2.394567e-02   2.030431e-06   1.803389e+03   8.591059e-01   9.125162e-01   1.062923e+00
  2.388151e-02   7.473519e-07   1.807829e+03   8.589133e-01   9.137711e-01   1.064010e+00
  2.453952e-02  -5.509712e-07   1.677852e+03   8.191242e-01   8.856004e-01   1.063204e+00
  2.241504e-02  -5.678930e-07   1.903341e+03   8.487630e-01   8.860041e-01   1.049821e+00
  1.201260e-02  -1.931881e-07   2.930676e+03   7.003821e-01   8.896552e-01   1.671540e+00
  1.205129e-02  -6.775556e-07   2.929046e+03   7.022467e-01   8.912630e-01   1.669011e+00
  2.236454e-02   1.524409e-08   1.906973e+03   8.484666e-01   8.857784e-01   1.045612e+00
  2.456890e-02  -7.831106e-07   1.676641e+03   8.195134e-01   8.854918e-01   1.060362e+00
  2.403689e-02  -1.326909e-07   1.793708e+03   8.577490e-01   9.117768e-01   1.067588e+00
  2.390794e-02  -2.437573e-06   1.805259e+03   8.586412e-01   9.139063e-01   1.064435e+00
  2.455939e-02   2.064275e-07   1.675376e+03   8.185779e-01   8.850169e-01   1.062223e+00
  2.239095e-02  -6.719072e-07   1.902355e+03   8.474114e-01   8.848561e-01   1.048040e+00
  1.199423e-02   4.724502e-08   2.923188e+03   6.975243e-01   8.907018e-01   1.679650e+00
  1.187126e-02  -1.530950e-07   2.953130e+03   6.974445e-01   8.902665e-01   1.680263e+00
  2.242272e-02  -8.442523e-07   1.898734e+03   8.469983e-01   8.846936e-01   1.047762e+00
  2.450771e-02   7.237973e-08   1.678422e+03   8.183405e-01   8.853134e-01   1.060957e+00
  2.388328e-02  -4.944373e-06   1.807547e+03   8.588428e-01   9.129697e-01   1.065111e+00
  2.393979e-02  -1.075675e-07   1.802122e+03   8.582912e-01   9.131503e-01   1.065753e+00
  2.453705e-02   5.633316e-07   1.678262e+03   8.192420e-01   8.861608e-01   1.060413e+00
  2.237136e-02  -2.529395e-07   1.904423e+03   8.475905e-01   8.851838e-01   1.046495e+00
  1.206289e-02   1.281184e-06   2.923996e+03   7.017109e-01   8.919959e-01   1.666341e+00
  1.207772e-02   5.374475e-08   2.912840e+03   6.998934e-01   8.922388e-01   1.674107e+00
  2.232444e-02  -4.627701e-07   1.907554e+03   8.472033e-01   8.847682e-01   1.044917e+00
  2.448959e-02   1.666599e-06   1.679975e+03   8.184922e-01   8.853187e-01   1.059641e+00
  2.407499e-02  -4.043104e-07   1.792328e+03   8.584477e-01   9.131688e-01   1.069498e+00
  2.395122e-02   7.600450e-07   1.799652e+03   8.575242e-01   9.132248e-01   1.064168e+00
  2.455192e-02  -1.234372e-06   1.675130e+03   8.182086e-01   8.843213e-01   1.061275e+00
  2.243280e-02   4.102596e-07   1.899465e+03   8.477053e-01   8.852122e-01   1.046945e+00
  1.196534e-02   4.116145e-08   2.933141e+03   6.982137e-01   8.892568e-01   1.675088e+00
  1.197688e-02  -1.185570e-06   2.942653e+03   7.011533e-01   8.911755e-01   1.670506e+00
  2.239672e-02   2.907636e-07   1.903454e+03   8.481192e-01   8.854771e-01   1.044984e+00
  2.433276e-02  -6.432843e-08   1.693425e+03   8.197611e-01   8.856463e-01   1.059314e+00
  2.420130e-02   4.672469e-06   1.782130e+03   8.580413e-01   9.134231e-01   1.069818e+00
  2.384692e-02   1.157683e-06   1.811804e+03   8.595548e-01   9.143107e-01   1.064380e+00
  2.454618e-02   7.508200e-07   1.675476e+03   8.181867e-01   8.854668e-01   1.059827e+00
  2.236099e-02   1.146765e-07   1.904614e+03   8.472827e-01   8.848525e-01   1.045601e+00
  1.200651e-02  -4.814507e-07   2.923109e+03   6.982194e-01   8.909588e-01   1.677902e+00
  1.195499e-02   4.241794e-07   2.941152e+03   6.995146e-01   8.937041e-01   1.678427e+00
  2.240209e-02  -4.271315e-07   1.900205e+03   8.468747e-01   8.844212e-01   1.044440e+00
  2.451722e-02  -6.082814e-07   1.677749e+03   8.183296e-01   8.849321e-01   1.058338e+00
  2.381710e-02  -6.521742e-07   1.813626e+03   8.593432e-01   9.139546e-01   1.066169e+00
  2.396693e-02   5.333081e-07   1.799831e+03   8.581718e-01   9.131174e-01   1.065901e+00
  2.454677e-02  -4.413939e-07   1.675690e+03   8.183103e-01   8.853769e-01   1.060329e+00
  2.239392e-02   4.663660e-07   1.901808e+03   8.472800e-01   8.849276e-01   1.046018e+00
  1.203160e-02   2.210441e-07   2.918630e+03   6.986060e-01   8.904660e-01   1.673551e+00
  1.201965e-02   7.868043e-07   2.937068e+03   7.023217e-01   8.905877e-01   1.663509e+00
  2.238840e-02   6.856642e-07   1.900984e+03   8.467043e-01   8.848150e-01   1.044858e+00
  2.455138e-02   8.529246e-07   1.677197e+03   8.192007e-01   8.858200e-01   1.060513e+00
  2.391559e-02  -2.531411e-06   1.806446e+03   8.594808e-01   9.145096e-01   1.062578e+00
  2.395463e-02   2.516526e-06   1.801863e+03   8.586999e-01   9.136250e-01   1.066124e+00
  2.458893e-02  -5.282802e-07   1.670791e+03   8.173196e-01   8.838819e-01   1.060423e+00
  2.237629e-02   3.166742e-07   1.901694e+03   8.465624e-01   8.843544e-01   1.045006e+00
  1.202535e-02  -4.551660e-07   2.917730e+03   6.980284e-01   8.909771e-01   1.681304e+00
  1.183996e-02   5.110004e-08   2.950875e+03   6.950742e-01   8.884713e-01   1.682890e+00
  2.238799e-02  -3.660809e-08   1.897944e+03   8.453349e-01   8.836649e-01   1.046858e+00
  2.453998e-02   9.317307e-07   1.675806e+03   8.181407e-01   8.852801e-01   1.060805e+00
  2.391701e-02   1.149886e-06   1.803183e+03   8.579794e-01   9.128787e-01   1.063078e+00
  2.369860e-02   1.367291e-06   1.819009e+03   8.576055e-01   9.131819e-01   1.065531e+00
  2.453989e-02  -1.460789e-07   1.673248e+03   8.168890e-01   8.839422e-01   1.057750e+00
  2.233497e-02   2.997685e-08   1.906384e+03   8.470830e-01   8.845478e-01   1.045007e+00
  1.210059e-02  -5.401595e-07   2.897502e+03   6.975259e-01   8.910397e-01   1.675331e+00
  1.204211e-02   2.565833e-07   2.918687e+03   6.992305e-01   8.899440e-01   1.676090e+00
  2.238345e-02  -7.094545e-07   1.903401e+03   8.475932e-01   8.852839e-01   1.046944e+00
  2.455832e-02  -1.375857e-07   1.673061e+03   8.174113e-01   8.848109e-01   1.061839e+00
  2.389785e-02   7.511913e-07   1.804808e+03   8.580647e-01   9.131736e-01   1.061395e+00
  2.366727e-02  -1.468803e-06   1.823308e+03   8.584961e-01   9.137404e-01   1.065243e+00
  2.447919e-02  -3.838063e-07   1.681253e+03   8.187668e-01   8.857595e-01   1.058750e+00
  2.238951e-02  -3.850269e-07   1.903126e+03   8.477001e-01   8.853362e-01   1.047144e+00
  1.207333e-02  -1.082201e-07   2.925795e+03   7.027505e-01   8.928816e-01   1.670210e+00
  1.192764e-02   9.713341e-07   2.919463e+03   6.927676e-01   8.912076e-01   1.691403e+00
  2.246086e-02  -6.229915e-07   1.891328e+03   8.451299e-01   8.831592e-01   1.045863e+00
  2.453625e-02  -4.693779e-07   1.676734e+03   8.184698e-01   8.854037e-01   1.058664e+00
  2.391372e-02   1.296250e-06   1.802281e+03   8.574323e-01   9.136710e-01   1.063898e+00
  2.395247e-02   1.321692e-06   1.798928e+03   8.572237e-01   9.129615e-01   1.067059e+00
  2.453293e-02   1.204832e-06   1.674510e+03   8.172731e-01   8.851315e-01   1.058296e+00
  2.235067e-02   2.775534e-07   1.902397e+03   8.459051e-01   8.838950e-01   1.043815e+00
  1.207479e-02  -2.740016e-07   2.899858e+03   6.966050e-01   8.888003e-01   1.666267e+00
  1.212036e-02   1.190750e-06   2.925213e+03   7.053475e-01   8.945545e-01   1.663601e+00
  2.235652e-02  -1.327503e-07   1.906808e+03   8.480887e-01   8.855126e-01   1.042890e+00
  2.451882e-02   6.285249e-08   1.679189e+03   8.190857e-01   8.855171e-01   1.059725e+00
  2.386517e-02   7.387801e-07   1.809272e+03   8.590107e-01   9.130030e-01   1.063369e+00
  2.388753e-02  -1.261560e-06   1.808848e+03   8.596139e-01   9.144183e-01   1.063859e+00
  2.451109e-02   4.813057e-07   1.681147e+03   8.197819e-01   8.864473e-01   1.061085e+00
  2.236206e-02  -1.304898e-07   1.907744e+03   8.487153e-01   8.862816e-01   1.047073e+00
  1.202252e-02   2.991831e-07   2.944437e+03   7.042516e-01   8.920469e-01   1.667117e+00
  1.188928e-02   1.494234e-06   2.934368e+03   6.940648e-01   8.865233e-01   1.685181e+00
  2.247976e-02   1.642154e-06   1.890817e+03   8.456122e-01   8.839850e-01   1.046442e+00
  2.459397e-02  -1.414832e-07   1.672602e+03   8.183734e-01   8.851538e-01   1.061200e+00
  2.394191e-02  -2.204324e-07   1.802589e+03   8.585897e-01   9.131673e-01   1.065220e+00
  2.397460e-02   8.918115e-07   1.799240e+03   8.581643e-01   9.134122e-01   1.065953e+00
  2.450528e-02  -2.559509e-07   1.676023e+03   8.170898e-01   8.846099e-01   1.059732e+00
  2.240717e-02  -3.890882e-07   1.898479e+03   8.462971e-01   8.841488e-01   1.045409e+00
  1.201122e-02  -2.317551e-07   2.904648e+03   6.940818e-01   8.871940e-01   1.675433e+00
  1.204417e-02  -1.732344e-06   2.920207e+03   6.997139e-01   8.912722e-01   1.674557e+00
  2.233249e-02   9.996669e-07   1.905120e+03   8.464276e-01   8.844217e-01   1.045475e+00
  2.453968e-02  -7.244186e-07   1.675508e+03   8.179855e-01   8.848997e-01   1.059669e+00
  2.393314e-02  -5.666967e-07   1.802888e+03   8.584173e-01   9.144080e-01   1.065212e+00
  2.417107e-02   5.886890e-07   1.785673e+03   8.586729e-01   9.137375e-01   1.066526e+00
  2.448936e-02  -2.664692e-07   1.684335e+03   8.206084e-01   8.866275e-01   1.059972e+00
  2.237830e-02   2.003202e-07   1.906363e+03   8.487169e-01   8.858210e-01   1.047294e+00
  1.203968e-02   1.077559e-07   2.938970e+03   7.039474e-01   8.930306e-01   1.668965e+00
  1.213778e-02  -2.112883e-06   2.889607e+03   6.977636e-01   8.906998e-01   1.685158e+00
  2.242342e-02   3.748147e-07   1.899980e+03   8.475804e-01   8.850170e-01   1.045839e+00
  2.447912e-02   2.082355e-07   1.681495e+03   8.188822e-01   8.854669e-01   1.061622e+00
  2.386575e-02   1.445843e-08   1.808069e+03   8.584603e-01   9.143118e-01   1.065665e+00
  2.394552e-02  -1.702524e-06   1.801591e+03   8.582437e-01   9.134597e-01   1.066762e+00
  2.459222e-02   3.244548e-07   1.669626e+03   8.168592e-01   8.841948e-01   1.060187e+00
  2.240307e-02   6.866353e-07   1.898986e+03   8.463684e-01   8.844165e-01   1.045900e+00
  1.203399e-02   1.608677e-06   2.900437e+03   6.943898e-01   8.885058e-01   1.677450e+00
  1.203162e-02  -3.241954e-06   2.901554e+03   6.945203e-01   8.897888e-01   1.681853e+00
  2.252512e-02  -7.719749e-08   1.887013e+03   8.456139e-01   8.836278e-01   1.045980e+00
  2.453986e-02   2.159873e-07   1.674933e+03   8.177106e-01   8.846944e-01   1.059111e+00
  2.393672e-02  -2.105532e-07   1.802232e+03   8.582337e-01   9.134600e-01   1.066330e+00
  2.394671e-02  -2.016531e-06   1.801805e+03   8.583883e-01   9.135038e-01   1.063766e+00
  2.448157e-02   6.970843e-07   1.682788e+03   8.195943e-01   8.858322e-01   1.059966e+00
  2.237411e-02  -8.682034e-08   1.905340e+03   8.481027e-01   8.856109e-01   1.045429e+00
  1.202306e-02  -2.055540e-07   2.940859e+03   7.034275e-01   8.924292e-01   1.667576e+00
  1.210276e-02  -2.294815e-06   2.907349e+03   7.000220e-01   8.911987e-01   1.664307e+00
  2.236148e-02  -1.192504e-06   1.905401e+03   8.476508e-01   8.852655e-01   1.043673e+00
  2.435460e-02  -9.299776e-07   1.690445e+03   8.190535e-01   8.854477e-01   1.059564e+00
  2.409901e-02  -1.526030e-06   1.789781e+03   8.580828e-01   9.130386e-01   1.065743e+00
  2.391195e-02  -2.598405e-07   1.802513e+03   8.574791e-01   9.129056e-01   1.065530e+00
  2.461340e-02  -6.552122e-07   1.669209e+03   8.173581e-01   8.845301e-01   1.062509e+00
  2.245072e-02  -6.962737e-07   1.893731e+03   8.458212e-01   8.837528e-01   1.047182e+00
  1.203215e-02  -1.118659e-06   2.897793e+03   6.936509e-01   8.883939e-01   1.690175e+00
  1.204130e-02   2.412370e-07   2.916052e+03   6.985520e-01   8.903013e-01   1.678046e+00
  2.242457e-02  -6.964422e-07   1.897720e+03   8.466156e-01   8.842903e-01   1.044428e+00
  2.456242e-02  -1.331831e-06   1.674898e+03   8.184454e-01   8.851489e-01   1.059685e+00
  2.393848e-02  -6.912371e-07   1.802343e+03   8.583495e-01   9.131689e-01   1.065138e+00
  2.390670e-02   9.805867e-07   1.803524e+03   8.577718e-01   9.131159e-01   1.064399e+00
  2.449098e-02   8.273735e-08   1.679884e+03   8.184942e-01   8.852412e-01   1.058794e+00
  2.238008e-02   5.881818e-07   1.902132e+03   8.469003e-01   8.844153e-01   1.045873e+00
  1.203978e-02   4.772752e-07   2.914598e+03   6.981157e-01   8.901705e-01   1.664982e+00
  1.205516e-02   1.157190e-06   2.901417e+03   6.958462e-01   8.883684e-01   1.682754e+00
  2.241097e-02  -4.039229e-08   1.899695e+03   8.469831e-01   8.848939e-01   1.047198e+00
  2.462600e-02   8.335920e-07   1.669666e+03   8.180008e-01   8.848181e-01   1.063629e+00
  2.390610e-02   1.229530e-06   1.805549e+03   8.587134e-01   9.135812e-01   1.065235e+00
  2.391248e-02  -5.954792e-07   1.805285e+03   8.588167e-01   9.137763e-01   1.064987e+00
  2.456211e-02   7.800642e-08   1.675157e+03   8.185616e-01   8.852173e-01   1.059692e+00
  2.245733e-02  -1.605825e-07   1.896086e+03   8.471225e-01   8.846347e-01   1.045092e+00
  1.206078e-02   5.057472e-08   2.912656e+03   6.988672e-01   8.907979e-01   1.670507e+00
  1.304857e-02   1.801702e-06   3.049510e+03   7.916314e-01   8.970291e-01   1.040004e+00
  2.183568e-02   1.260226e-06   1.998234e+03   8.680471e-01   9.009880e-01   7.044816e-01
  2.373057e-02   1.755236e-07   1.785698e+03   8.430364e-01   9.000208e-01   7.108415e-01
  2.364913e-02   5.385215e-07   1.840317e+03   8.658403e-01   9.180987e-01   7.136363e-01
  2.366637e-02   1.617455e-07   1.839458e+03   8.660674e-01   9.181896e-01   7.126983e-01
  2.373518e-02  -3.574639e-07   1.786341e+03   8.435037e-01   9.004397e-01   7.094242e-01
  2.182727e-02  -7.219399e-07   1.999156e+03   8.681129e-01   9.005202e-01   7.022830e-01
  1.297815e-02  -3.923082e-07   3.074486e+03   7.938076e-01   9.003515e-01   1.043208e+00
  1.315091e-02   2.363853e-06   3.038147e+03   7.948678e-01   8.984135e-01   1.032546e+00
  2.184186e-02   1.139433e-06   2.000906e+03   8.694535e-01   9.018822e-01   7.032862e-01
  2.364787e-02   8.033897e-07   1.796382e+03   8.451250e-01   9.013049e-01   7.104463e-01
  2.365587e-02  -3.162836e-08   1.841353e+03   8.665751e-01   9.185830e-01   7.146220e-01
  2.361458e-02   1.153984e-07   1.845736e+03   8.671216e-01   9.185409e-01   7.125861e-01
  2.369680e-02   7.671119e-08   1.790750e+03   8.442182e-01   9.003804e-01   7.093729e-01
  2.182741e-02  -4.266081e-07   1.999489e+03   8.682633e-01   9.015052e-01   7.035732e-01
  1.304612e-02   8.865428e-07   3.059516e+03   7.940800e-01   8.992443e-01   1.038902e+00
  1.292975e-02  -5.393369e-07   3.066824e+03   7.888767e-01   8.956439e-01   1.040876e+00
  2.190937e-02   5.653158e-07   1.989752e+03   8.672793e-01   9.005051e-01   7.052864e-01
  2.377003e-02  -9.327041e-07   1.782616e+03   8.429804e-01   8.999270e-01   7.104367e-01
  2.363521e-02   3.840278e-07   1.843170e+03   8.666725e-01   9.186252e-01   7.142240e-01
  2.366972e-02   3.080149e-07   1.838903e+03   8.659286e-01   9.183570e-01   7.132781e-01
  2.372730e-02  -3.810369e-07   1.786823e+03   8.434512e-01   9.009718e-01   7.102805e-01
  2.183172e-02  -3.090973e-07   1.997931e+03   8.677578e-01   9.005337e-01   7.034232e-01
  1.300908e-02  -1.244284e-06   3.063789e+03   7.929314e-01   8.999443e-01   1.046298e+00
  1.302635e-02  -7.840118e-07   3.060508e+03   7.931337e-01   8.993207e-01   1.039926e+00
  2.181917e-02  -8.718939e-07   1.999997e+03   8.681557e-01   9.009638e-01   7.031375e-01
  2.372328e-02  -2.211589e-08   1.788199e+03   8.439578e-01   9.008770e-01   7.100862e-01
  2.362975e-02  -3.569849e-07   1.844266e+03   8.669876e-01   9.188427e-01   7.145968e-01
  2.363795e-02   4.064376e-07   1.843098e+03   8.667393e-01   9.174597e-01   7.126329e-01
  2.368592e-02  -2.877028e-07   1.792297e+03   8.445598e-01   8.996941e-01   7.089810e-01
  2.181679e-02   2.368633e-07   2.001106e+03   8.685425e-01   9.006698e-01   7.018532e-01
  1.315562e-02   3.059107e-07   3.037448e+03   7.949694e-01   9.016685e-01   1.040963e+00
  1.300341e-02   2.729359e-06   3.055265e+03   7.903804e-01   8.977168e-01   1.043774e+00
  2.186229e-02   5.169166e-07   1.994453e+03   8.674600e-01   9.004890e-01   7.041795e-01
  2.373338e-02   1.030357e-06   1.785565e+03   8.430735e-01   8.994157e-01   7.099293e-01
  2.369013e-02   2.447934e-08   1.836910e+03   8.657362e-01   9.180629e-01   7.148622e-01
  2.367362e-02   2.037718e-07   1.837733e+03   8.655203e-01   9.198500e-01   7.132141e-01
  2.373130e-02   3.301951e-08   1.787845e+03   8.440760e-01   9.021447e-01   7.103487e-01
  2.196480e-02   4.791826e-07   1.985438e+03   8.675884e-01   9.008937e-01   7.033334e-01
  1.301518e-02   8.073634e-07   3.065892e+03   7.938475e-01   8.986792e-01   1.040312e+00
  1.299702e-02   9.693857e-08   3.069275e+03   7.936148e-01   8.995207e-01   1.037992e+00
  2.184520e-02  -1.886015e-07   1.998122e+03   8.683769e-01   9.011194e-01   7.033572e-01
  2.368019e-02   3.012935e-07   1.792625e+03   8.445097e-01   9.021077e-01   7.091762e-01
  2.362184e-02  -2.444531e-07   1.844412e+03   8.667660e-01   9.187379e-01   7.131019e-01
  2.363054e-02  -1.796867e-06   1.843843e+03   8.668174e-01   9.162821e-01   7.126705e-01
  2.371031e-02  -2.802450e-07   1.788481e+03   8.436294e-01   8.998211e-01   7.099339e-01
  2.181915e-02  -2.680291e-08   1.999776e+03   8.680592e-01   9.012771e-01   7.038038e-01
  1.302139e-02   2.268397e-07   3.055060e+03   7.914206e-01   8.980972e-01   1.041612e+00
  1.301920e-02  -1.932584e-06   3.055588e+03   7.914237e-01   8.988705e-01   1.046034e+00
  2.186197e-02  -1.751581e-06   1.994684e+03   8.675482e-01   9.004781e-01   7.033197e-01
  2.373734e-02  -5.052791e-07   1.787220e+03   8.439957e-01   8.993958e-01   7.095216e-01
  2.372275e-02  -4.012809e-07   1.834148e+03   8.656247e-01   9.180053e-01   7.137102e-01
  2.368247e-02  -8.408670e-07   1.838489e+03   8.662001e-01   9.191207e-01   7.141707e-01
  2.368793e-02  -9.600135e-07   1.790905e+03   8.439754e-01   8.993585e-01   7.098434e-01
  2.178815e-02  -8.708392e-08   2.003431e+03   8.684102e-01   9.014283e-01   7.025222e-01
  1.307145e-02   1.468339e-06   3.052114e+03   7.936970e-01   9.001151e-01   1.040966e+00
  1.295484e-02  -8.350898e-07   3.072616e+03   7.919003e-01   8.987182e-01   1.045193e+00
  2.183206e-02   5.873043e-07   1.999205e+03   8.683251e-01   9.010470e-01   7.039823e-01
  2.376430e-02  -6.294284e-07   1.783195e+03   8.430514e-01   8.997642e-01   7.103806e-01
  2.370277e-02  -9.802285e-08   1.835390e+03   8.654814e-01   9.178392e-01   7.149254e-01
  2.358983e-02   2.068941e-06   1.845877e+03   8.662790e-01   9.203853e-01   7.112035e-01
  2.366407e-02   4.392443e-07   1.793704e+03   8.444432e-01   9.012963e-01   7.087540e-01
  2.187302e-02   8.749553e-07   1.993668e+03   8.675443e-01   9.008287e-01   7.033106e-01
  1.309173e-02   1.027255e-06   3.041837e+03   7.922517e-01   8.975647e-01   1.037014e+00
  1.299589e-02  -1.365339e-06   3.060992e+03   7.914044e-01   8.991534e-01   1.046427e+00
  2.181750e-02  -9.569549e-07   1.999871e+03   8.680351e-01   9.009569e-01   7.034875e-01
  2.373757e-02  -1.765775e-06   1.785881e+03   8.433715e-01   9.027569e-01   7.099908e-01
  2.366158e-02  -1.056833e-06   1.840787e+03   8.665180e-01   9.184283e-01   7.148077e-01
  2.341017e-02  -1.632747e-06   1.858670e+03   8.656391e-01   9.171807e-01   7.144867e-01
  2.371850e-02  -2.654795e-07   1.788182e+03   8.437795e-01   9.018919e-01   7.112858e-01
  2.183893e-02   8.416732e-07   1.998530e+03   8.683046e-01   9.011534e-01   7.032417e-01
  1.300121e-02  -3.165206e-07   3.064627e+03   7.926682e-01   8.993880e-01   1.042009e+00
  1.305602e-02   5.377886e-07   3.050794e+03   7.924173e-01   8.992431e-01   1.042667e+00
  2.182375e-02  -9.988974e-08   1.999510e+03   8.681268e-01   9.008323e-01   7.024770e-01
  2.371528e-02   1.346142e-07   1.786257e+03   8.427569e-01   8.979615e-01   7.092660e-01
  2.369085e-02   1.318824e-06   1.837280e+03   8.659367e-01   9.184101e-01   7.142976e-01
  2.356062e-02   5.857449e-07   1.848682e+03   8.665208e-01   9.160624e-01   7.117434e-01
  2.364494e-02  -2.992064e-07   1.795209e+03   8.444683e-01   9.020931e-01   7.083946e-01
  2.187438e-02  -1.190001e-06   1.993643e+03   8.675874e-01   9.006687e-01   7.044545e-01
  1.305294e-02   3.262718e-07   3.051850e+03   7.925045e-01   8.984452e-01   1.038018e+00
  1.298179e-02   4.671298e-07   3.061749e+03   7.907414e-01   8.982580e-01   1.044679e+00
  2.182993e-02   8.530262e-08   1.998848e+03   8.680850e-01   9.008161e-01   7.030977e-01
  2.362459e-02  -7.502795e-08   1.793841e+03   8.430986e-01   8.989657e-01   7.087582e-01
  2.364094e-02   2.218139e-07   1.842525e+03   8.665791e-01   9.187327e-01   7.125719e-01
  2.343358e-02   1.178038e-06   1.858602e+03   8.664736e-01   9.163493e-01   7.124644e-01
  2.372715e-02   1.595971e-06   1.789086e+03   8.445144e-01   9.015238e-01   7.086959e-01
  2.180796e-02   5.798407e-07   1.999636e+03   8.675531e-01   9.004745e-01   7.021627e-01
  1.293599e-02   1.375492e-06   3.083603e+03   7.935757e-01   9.006272e-01   1.041193e+00
  1.300337e-02  -1.512308e-06   3.067671e+03   7.935876e-01   9.003362e-01   1.043611e+00
  2.181898e-02  -9.114481e-07   1.998894e+03   8.676695e-01   9.006237e-01   7.022176e-01
  2.370492e-02  -9.388861e-08   1.789678e+03   8.440021e-01   9.005739e-01   7.087462e-01
  2.366246e-02   1.136274e-06   1.840443e+03   8.663880e-01   9.184876e-01   7.127464e-01
  2.377395e-02  -1.630021e-06   1.829129e+03   8.651191e-01   9.165539e-01   7.145811e-01
  2.375070e-02   1.791373e-06   1.784734e+03   8.432960e-01   9.003843e-01   7.097031e-01
  2.180220e-02   1.282998e-06   2.005212e+03   8.697425e-01   9.019845e-01   7.039982e-01
  1.308589e-02  -1.256169e-06   3.050520e+03   7.941583e-01   8.994716e-01   1.038212e+00
  1.301652e-02   4.855499e-07   3.057644e+03   7.917935e-01   8.985883e-01   1.041588e+00
  2.183649e-02   4.388620e-07   1.997896e+03   8.679323e-01   9.007337e-01   7.027333e-01
  2.373344e-02   1.719718e-06   1.786348e+03   8.434452e-01   8.991897e-01   7.092959e-01
  2.365757e-02   1.566131e-06   1.838912e+03   8.654880e-01   9.179125e-01   7.121030e-01
  2.361398e-02   1.392778e-06   1.844480e+03   8.665096e-01   9.181466e-01   7.148192e-01
  2.370934e-02   6.008431e-07   1.788278e+03   8.434992e-01   9.003482e-01   7.112817e-01
  2.187155e-02  -3.823154e-07   1.995397e+03   8.682383e-01   9.009756e-01   7.025024e-01
  1.297368e-02  -1.093396e-06   3.069173e+03   7.921634e-01   8.993228e-01   1.045849e+00
  1.299995e-02  -1.305770e-06   3.064621e+03   7.925899e-01   8.997483e-01   1.044163e+00
  2.184202e-02  -1.530904e-06   1.996753e+03   8.676556e-01   9.005109e-01   7.027780e-01
  2.371062e-02  -1.634245e-06   1.789231e+03   8.439940e-01   8.988580e-01   7.092675e-01
  2.362958e-02  -1.387362e-06   1.844147e+03   8.669251e-01   9.188726e-01   7.145034e-01
  2.369637e-02  -1.982603e-07   1.838453e+03   8.666911e-01   9.184299e-01   7.145437e-01
  2.376543e-02  -1.049902e-06   1.785152e+03   8.440166e-01   9.006467e-01   7.112418e-01
  2.188630e-02  -7.361608e-07   1.992222e+03   8.674416e-01   9.004651e-01   7.048940e-01
  1.297412e-02  -4.763289e-07   3.063700e+03   7.907776e-01   8.980679e-01   1.043719e+00
  1.301519e-02  -1.256339e-08   3.055341e+03   7.911164e-01   8.976623e-01   1.040944e+00
  2.190810e-02   4.078800e-08   1.991748e+03   8.680990e-01   9.008726e-01   7.037946e-01
  2.375506e-02   6.319711e-07   1.783071e+03   8.426650e-01   8.984602e-01   7.094351e-01
  2.362854e-02   1.345117e-06   1.840748e+03   8.652893e-01   9.178610e-01   7.121322e-01
  2.368725e-02  -4.398488e-07   1.837505e+03   8.659108e-01   9.184500e-01   7.140985e-01
  2.375570e-02   1.419702e-07   1.783617e+03   8.429459e-01   8.999820e-01   7.112192e-01
  2.182095e-02  -1.082143e-06   1.997555e+03   8.671665e-01   9.002777e-01   7.040261e-01
  1.293659e-02  -5.892641e-07   3.071197e+03   7.904194e-01   8.985883e-01   1.048431e+00
  1.290906e-02  -1.029984e-07   3.082437e+03   7.916242e-01   8.993622e-01   1.045812e+00
  2.187274e-02   2.189366e-07   1.992711e+03   8.671170e-01   9.002000e-01   7.037027e-01
  2.370417e-02   1.010165e-06   1.789740e+03   8.440045e-01   8.998611e-01   7.092650e-01
  2.355370e-02  -3.230065e-06   1.847414e+03   8.656723e-01   9.179624e-01   7.132631e-01
  2.367174e-02   1.626846e-07   1.840402e+03   8.667082e-01   9.181146e-01   7.137413e-01
  2.373096e-02  -2.770153e-07   1.787256e+03   8.437860e-01   9.004952e-01   7.102577e-01
  2.179264e-02   2.075257e-07   2.001783e+03   8.678747e-01   9.007283e-01   7.014694e-01
  1.304944e-02  -1.805552e-08   3.051123e+03   7.921032e-01   8.995456e-01   1.044513e+00
  1.302881e-02  -6.979097e-07   3.058708e+03   7.928167e-01   8.991179e-01   1.041531e+00
  2.182675e-02  -3.724727e-07   2.001698e+03   8.691961e-01   9.015901e-01   7.036145e-01
  2.372740e-02   1.250918e-07   1.785987e+03   8.430605e-01   8.999201e-01   7.098041e-01
  2.356088e-02   2.261578e-07   1.851169e+03   8.676963e-01   9.193869e-01   7.144879e-01
  2.369723e-02   9.041665e-07   1.837141e+03   8.661040e-01   9.189017e-01   7.130271e-01
  2.368795e-02  -8.764957e-07   1.790656e+03   8.438587e-01   9.005259e-01   7.093320e-01
  2.186312e-02  -1.927788e-07   1.994127e+03   8.673517e-01   9.004346e-01   7.019414e-01
  1.298802e-02  -2.302520e-07   3.063413e+03   7.915505e-01   8.986048e-01   1.044821e+00
  1.284432e-02   1.341366e-06   3.093901e+03   7.905834e-01   8.986857e-01   1.048211e+00
  2.188845e-02   1.083754e-06   1.990472e+03   8.667646e-01   9.000435e-01   7.040463e-01
  2.369216e-02  -5.392126e-07   1.790049e+03   8.437226e-01   9.000365e-01   7.087795e-01
  2.380701e-02   8.811547e-07   1.828474e+03   8.660120e-01   9.180467e-01   7.112890e-01
  2.383296e-02  -1.535859e-06   1.824499e+03   8.650711e-01   9.175996e-01   7.133647e-01
  2.371178e-02   4.853100e-08   1.788486e+03   8.436842e-01   9.004549e-01   7.102732e-01
  2.180312e-02  -4.522263e-07   2.000915e+03   8.679158e-01   9.007427e-01   7.021021e-01
  1.295025e-02  -5.979077e-07   3.069136e+03   7.907233e-01   8.981218e-01   1.045078e+00
  1.297584e-02  -1.001717e-06   3.074814e+03   7.937513e-01   8.997396e-01   1.040920e+00
  2.177124e-02  -3.306225e-07   2.005434e+03   8.686034e-01   9.012144e-01   7.026417e-01
  2.373358e-02  -1.381936e-06   1.786713e+03   8.436226e-01   9.007432e-01   7.098861e-01
  2.370960e-02  -5.215030e-06   1.835991e+03   8.660140e-01   9.187434e-01   7.124511e-01
  2.367321e-02   5.048161e-07   1.838746e+03   8.659821e-01   9.175628e-01   7.125037e-01
  2.368414e-02  -6.142630e-07   1.790988e+03   8.438794e-01   9.005039e-01   7.086524e-01
  2.187515e-02   1.136430e-06   1.993861e+03   8.677128e-01   9.006619e-01   7.038872e-01
  1.298406e-02   8.987515e-07   3.065763e+03   7.919160e-01   8.993468e-01   1.047488e+00
  1.300322e-02   1.648354e-06   3.059252e+03   7.914001e-01   8.996452e-01   1.048858e+00
  2.182605e-02   9.910735e-07   2.000255e+03   8.685420e-01   9.010355e-01   7.032595e-01
  2.373145e-02   2.040915e-06   1.785012e+03   8.427438e-01   8.997206e-01   7.103138e-01
  2.393199e-02  -7.162829e-07   1.818471e+03   8.657959e-01   9.174595e-01   7.161489e-01
  2.372275e-02   3.205782e-06   1.832668e+03   8.649260e-01   9.178691e-01   7.133618e-01
  2.372551e-02   1.056090e-07   1.787347e+03   8.436348e-01   9.003818e-01   7.110841e-01
  2.186313e-02   6.862648e-07   1.991854e+03   8.663633e-01   8.997641e-01   7.039174e-01
  1.299307e-02   1.788885e-07   3.058311e+03   7.905396e-01   8.987523e-01   1.046488e+00
  1.304837e-02  -9.208344e-07   3.057283e+03   7.936374e-01   9.006538e-01   1.040323e+00
  2.178895e-02  -2.348922e-07   2.002869e+03   8.681981e-01   9.008993e-01   7.013377e-01
  2.374789e-02  -6.425770e-07   1.784132e+03   8.429118e-01   8.996308e-01   7.092859e-01
  2.370368e-02   1.793398e-06   1.837772e+03   8.666378e-01   9.187740e-01   7.174396e-01
  2.364169e-02  -4.225547e-06   1.840304e+03   8.655623e-01   9.182662e-01   7.107446e-01
  2.373356e-02   1.925830e-06   1.785636e+03   8.431136e-01   9.001205e-01   7.090415e-01
  2.183452e-02   4.293386e-08   1.998251e+03   8.680085e-01   9.008395e-01   7.033249e-01
  1.293817e-02   5.796216e-07   3.082215e+03   7.933522e-01   9.000183e-01   1.042826e+00
  1.299871e-02   1.469216e-07   3.067405e+03   7.932343e-01   8.994938e-01   1.041622e+00
  2.182286e-02  -4.884874e-07   1.999982e+03   8.682964e-01   9.010249e-01   7.010483e-01
  2.374489e-02  -9.400116e-07   1.783996e+03   8.427409e-01   8.999583e-01   7.098811e-01
  2.371773e-02   1.717137e-06   1.835864e+03   8.662513e-01   9.188689e-01   7.161669e-01
  2.333246e-02   5.628315e-07   1.866585e+03   8.664399e-01   9.191936e-01   7.115230e-01
  2.371531e-02  -1.611960e-06   1.786514e+03   8.428795e-01   8.999431e-01   7.089876e-01
  2.189775e-02   1.863410e-07   1.989478e+03   8.667001e-01   9.000458e-01   7.039855e-01
  1.301951e-02   4.319589e-07   3.050605e+03   7.901523e-01   8.982735e-01   1.049058e+00
  1.301002e-02   1.352490e-06   3.058220e+03   7.915471e-01   8.987140e-01   1.045823e+00
  2.188128e-02   1.045627e-06   1.991989e+03   8.671414e-01   9.003550e-01   7.033278e-01
  2.373828e-02   8.647107e-07   1.784052e+03   8.425328e-01   9.000801e-01   7.099037e-01
  2.365963e-02   1.053836e-06   1.840995e+03   8.665440e-01   9.183776e-01   7.146919e-01
  2.366359e-02   2.205107e-06   1.839959e+03   8.662016e-01   9.185033e-01   7.131017e-01
  2.376328e-02   8.293547e-07   1.782817e+03   8.428365e-01   8.998864e-01   7.097721e-01
  2.184388e-02   1.978056e-07   1.996232e+03   8.675029e-01   9.004480e-01   7.032388e-01
  1.296089e-02  -6.862800e-07   3.071973e+03   7.921045e-01   9.000624e-01   1.047047e+00
  1.300828e-02   5.048363e-07   3.059728e+03   7.918317e-01   8.989298e-01   1.043149e+00
  2.183954e-02   7.960308e-07   1.995517e+03   8.670199e-01   9.002343e-01   7.019203e-01
  2.374000e-02   3.223015e-07   1.784147e+03   8.426387e-01   9.000679e-01   7.094916e-01
  2.365752e-02  -1.218916e-07   1.840156e+03   8.660721e-01   9.176360e-01   7.135898e-01
  2.362650e-02  -1.675039e-06   1.842589e+03   8.660798e-01   9.181518e-01   7.129898e-01
  2.375439e-02   6.497207e-07   1.783560e+03   8.428724e-01   8.998969e-01   7.109167e-01
  2.186288e-02  -4.022677e-07   1.991854e+03   8.663533e-01   8.997865e-01   7.031698e-01
  1.302011e-02   4.513039e-07   3.053557e+03   7.909533e-01   8.990409e-01   1.048613e+00
  1.302220e-02  -1.538696e-06   3.056213e+03   7.917682e-01   8.986161e-01   1.044353e+00
  2.169831e-02  -1.076013e-06   2.011434e+03   8.682842e-01   9.009895e-01   7.045081e-01
  2.371791e-02   5.682381e-07   1.786941e+03   8.431730e-01   9.002690e-01   7.107246e-01
  2.368445e-02   2.014874e-06   1.836664e+03   8.654126e-01   9.173444e-01   7.135160e-01
  2.366879e-02   2.125035e-06   1.839626e+03   8.662351e-01   9.184710e-01   7.138314e-01
  2.376727e-02  -1.514956e-06   1.783440e+03   8.432724e-01   9.001898e-01   7.113833e-01
  2.187144e-02  -1.333333e-06   1.992282e+03   8.668789e-01   9.001260e-01   7.042677e-01
  1.292113e-02  -2.436870e-06   3.072443e+03   7.897954e-01   8.979876e-01   1.049009e+00
  1.302532e-02  -1.343009e-06   3.056984e+03   7.921579e-01   9.002183e-01   1.043961e+00
  2.181471e-02  -4.076912e-07   1.996826e+03   8.666024e-01   8.998689e-01   7.019832e-01
  2.371698e-02  -1.961881e-07   1.785873e+03   8.426360e-01   8.998254e-01   7.089385e-01
  2.368422e-02  -3.137654e-07   1.836080e+03   8.651288e-01   9.173413e-01   7.125249e-01
  2.346205e-02  -7.604804e-07   1.854089e+03   8.654196e-01   9.181950e-01   7.140698e-01
  2.369824e-02   5.560457e-07   1.789075e+03   8.434797e-01   9.003363e-01   7.086484e-01
  2.186480e-02   9.325201e-07   1.990288e+03   8.657484e-01   8.993574e-01   7.023613e-01
  1.296497e-02   1.219083e-07   3.061460e+03   7.896418e-01   8.987534e-01   1.047033e+00
  1.306003e-02   3.170308e-06   3.064372e+03   7.961883e-01   9.002531e-01   1.034253e+00
  2.179335e-02  -1.549976e-06   2.004217e+03   8.689580e-01   9.015611e-01   7.034180e-01
  2.363254e-02  -4.319337e-07   1.798007e+03   8.453410e-01   9.014446e-01   7.089202e-01
  2.369160e-02  -7.161468e-08   1.836315e+03   8.655091e-01   9.178180e-01   7.141427e-01
  2.367787e-02  -3.305820e-07   1.838021e+03   8.658117e-01   9.182889e-01   7.137123e-01
  2.369449e-02   2.123332e-07   1.791770e+03   8.446172e-01   9.009923e-01   7.094568e-01
  2.185663e-02  -2.582237e-07   1.995076e+03   8.675063e-01   9.004570e-01   7.029799e-01
  1.303865e-02   5.329654e-07   3.054568e+03   7.923420e-01   8.995765e-01   1.043264e+00
  1.303883e-02   2.271606e-07   3.053696e+03   7.921266e-01   9.002393e-01   1.045940e+00
  2.180193e-02   8.887200e-07   2.001563e+03   8.681491e-01   9.008147e-01   7.018273e-01
  2.374373e-02  -2.029817e-07   1.786326e+03   8.438003e-01   9.004763e-01   7.114310e-01
  2.366983e-02   9.229200e-07   1.836967e+03   8.650210e-01   9.175514e-01   7.129626e-01
  2.364065e-02  -3.786269e-07   1.840703e+03   8.657118e-01   9.184222e-01   7.122597e-01
  2.373246e-02   3.828538e-07   1.785424e+03   8.429744e-01   8.999958e-01   7.095665e-01
  2.187478e-02  -3.365160e-07   1.991544e+03   8.666899e-01   8.999623e-01   7.033919e-01
  1.299197e-02  -3.895760e-07   3.055372e+03   7.897132e-01   8.981859e-01   1.045346e+00
  1.313322e-02  -1.748849e-06   3.058354e+03   7.990779e-01   9.010566e-01   1.032039e+00
  2.176174e-02   9.309377e-07   2.009930e+03   8.701713e-01   9.023700e-01   7.037471e-01
  2.372604e-02   1.016665e-06   1.788920e+03   8.443961e-01   9.008860e-01   7.093058e-01
  2.364551e-02  -2.912097e-07   1.839022e+03   8.650988e-01   9.175970e-01   7.129159e-01
  2.355927e-02  -1.053016e-06   1.853029e+03   8.685090e-01   9.195463e-01   7.139212e-01
  2.366951e-02  -8.322773e-07   1.793012e+03   8.443111e-01   9.007764e-01   7.081331e-01
  2.181322e-02   4.621216e-07   1.999620e+03   8.677555e-01   9.006478e-01   7.021996e-01
  1.305887e-02  -2.773717e-07   3.054538e+03   7.935626e-01   9.000037e-01   1.037668e+00
  1.312930e-02  -1.071581e-06   3.034389e+03   7.925796e-01   8.997970e-01   1.046759e+00
  2.179477e-02  -1.112722e-06   2.005070e+03   8.693847e-01   9.016648e-01   7.041346e-01
  2.363789e-02  -1.012407e-06   1.795081e+03   8.441562e-01   9.007467e-01   7.078035e-01
  2.362989e-02   7.330098e-07   1.842734e+03   8.662726e-01   9.183949e-01   7.143157e-01
  2.373078e-02   2.927102e-07   1.834905e+03   8.662748e-01   9.186251e-01   7.150060e-01
  2.374822e-02   1.281116e-07   1.785450e+03   8.435459e-01   9.003367e-01   7.097271e-01
  2.184159e-02  -6.145109e-07   1.997734e+03   8.680647e-01   9.009401e-01   7.032925e-01
  1.301457e-02   1.533726e-07   3.062773e+03   7.930032e-01   8.991553e-01   1.042571e+00
  1.341494e-02  -2.530390e-07   2.994595e+03   7.992025e-01   9.037350e-01   1.028856e+00
  2.175926e-02   1.391441e-06   2.009867e+03   8.700448e-01   9.020234e-01   6.996633e-01
  2.357704e-02  -3.950697e-07   1.804144e+03   8.462344e-01   9.019082e-01   7.066766e-01
  2.366772e-02  -2.133484e-06   1.838981e+03   8.658919e-01   9.181758e-01   7.117946e-01
  2.367407e-02  -4.575818e-07   1.838010e+03   8.656670e-01   9.180829e-01   7.130150e-01
  2.364018e-02   4.568341e-07   1.793927e+03   8.436951e-01   9.004101e-01   7.088567e-01
  2.184115e-02   6.246441e-07   1.996953e+03   8.677076e-01   9.005443e-01   7.029211e-01
  1.299599e-02   1.612211e-06   3.065772e+03   7.926464e-01   8.995384e-01   1.044329e+00
  1.310503e-02   9.152519e-08   3.052608e+03   7.958646e-01   8.979019e-01   1.031013e+00
  2.182633e-02  -8.614040e-08   2.005031e+03   8.706266e-01   9.027508e-01   7.047761e-01
  2.375609e-02   6.714670e-07   1.788077e+03   8.450676e-01   9.012449e-01   7.121401e-01
  2.371340e-02  -1.991866e-07   1.834704e+03   8.655458e-01   9.179598e-01   7.130406e-01
  2.363454e-02   5.609966e-07   1.843184e+03   8.666545e-01   9.185935e-01   7.126223e-01
  2.369003e-02  -3.737955e-07   1.792151e+03   8.446375e-01   9.009354e-01   7.092487e-01
  2.182987e-02  -2.337954e-07   2.000461e+03   8.687830e-01   9.015511e-01   7.041505e-01
  1.300754e-02  -1.368665e-06   3.069471e+03   7.943081e-01   8.997992e-01   1.038892e+00
  1.369335e-02   1.555514e-06   3.114431e+03   8.484350e-01   9.049312e-01   6.033387e-01
  2.145395e-02   4.516232e-07   2.068682e+03   8.829399e-01   9.113958e-01   4.266070e-01
  2.319364e-02  -6.638171e-07   1.865232e+03   8.606609e-01   9.106815e-01   4.289757e-01
  2.345552e-02  -3.813192e-07   1.868444e+03   8.718775e-01   9.221391e-01   4.311906e-01
  2.347066e-02  -8.177150e-08   1.867008e+03   8.717696e-01   9.212980e-01   4.314670e-01
  2.317602e-02   1.036326e-07   1.868939e+03   8.617157e-01   9.113302e-01   4.298546e-01
  2.144292e-02   1.969967e-07   2.072400e+03   8.840717e-01   9.116267e-01   4.272028e-01
  1.374574e-02   9.878920e-07   3.105742e+03   8.493048e-01   9.048541e-01   6.025509e-01
  1.363763e-02  -1.936752e-07   3.126132e+03   8.481571e-01   9.029986e-01   5.991022e-01
  2.147973e-02  -5.540626e-07   2.066709e+03   8.831574e-01   9.115756e-01   4.278024e-01
  2.320639e-02   1.214758e-07   1.866306e+03   8.616295e-01   9.112041e-01   4.306634e-01
  2.346646e-02  -1.976671e-07   1.868064e+03   8.721063e-01   9.213027e-01   4.315565e-01
  2.346335e-02   6.540257e-07   1.868495e+03   8.721922e-01   9.217661e-01   4.317922e-01
  2.320205e-02   3.856853e-07   1.864522e+03   8.606448e-01   9.106503e-01   4.294943e-01
  2.146415e-02   6.730846e-07   2.068435e+03   8.832540e-01   9.113158e-01   4.277456e-01
  1.365354e-02   1.277909e-06   3.120028e+03   8.474890e-01   9.039223e-01   6.019776e-01
  1.346507e-02  -1.595932e-06   3.162542e+03   8.471786e-01   9.042032e-01   6.049163e-01
  2.143453e-02  -9.179212e-07   2.070589e+03   8.829539e-01   9.113975e-01   4.270995e-01
  2.323819e-02   8.697307e-07   1.859510e+03   8.596685e-01   9.101248e-01   4.292932e-01
  2.349830e-02   1.214606e-06   1.863336e+03   8.710795e-01   9.226050e-01   4.317485e-01
  2.347060e-02   1.351082e-06   1.867088e+03   8.718046e-01   9.220954e-01   4.318830e-01
  2.318066e-02  -1.597179e-07   1.867553e+03   8.612494e-01   9.111171e-01   4.292434e-01
  2.148722e-02   2.268885e-07   2.065227e+03   8.828321e-01   9.112652e-01   4.271298e-01
  1.369762e-02   6.436846e-07   3.115028e+03   8.488623e-01   9.046025e-01   6.025775e-01
  1.382678e-02   5.814063e-07   3.096914e+03   8.518839e-01   9.068448e-01   6.003655e-01
  2.139172e-02   1.479586e-06   2.078615e+03   8.846063e-01   9.123892e-01   4.261283e-01
  2.315060e-02   3.535548e-07   1.871467e+03   8.619348e-01   9.114024e-01   4.290561e-01
  2.344804e-02  -8.605998e-08   1.869088e+03   8.718993e-01   9.207333e-01   4.307608e-01
  2.341778e-02   2.318433e-07   1.870476e+03   8.714210e-01   9.207127e-01   4.302693e-01
  2.320659e-02  -1.189996e-07   1.864314e+03   8.607172e-01   9.103769e-01   4.295649e-01
  2.147199e-02   1.049691e-07   2.066750e+03   8.828569e-01   9.112999e-01   4.276926e-01
  1.370947e-02   3.307837e-07   3.108699e+03   8.478705e-01   9.042213e-01   6.016841e-01
  1.363684e-02  -1.610747e-06   3.129666e+03   8.490670e-01   9.054183e-01   6.047986e-01
  2.144486e-02   5.744952e-07   2.070751e+03   8.834485e-01   9.116597e-01   4.272821e-01
  2.318554e-02  -5.244273e-07   1.866732e+03   8.610520e-01   9.108929e-01   4.290812e-01
  2.340004e-02  -2.244473e-06   1.874056e+03   8.724274e-01   9.217295e-01   4.314966e-01
  2.345592e-02   5.988371e-08   1.869175e+03   8.722329e-01   9.231684e-01   4.334997e-01
  2.317730e-02   1.734987e-07   1.867177e+03   8.609508e-01   9.117033e-01   4.287957e-01
  2.145084e-02  -2.096091e-07   2.070598e+03   8.836295e-01   9.118410e-01   4.271727e-01
  1.368517e-02  -1.951206e-06   3.120657e+03   8.496234e-01   9.054419e-01   6.021416e-01
  1.376483e-02   9.079041e-08   3.111952e+03   8.521851e-01   9.066995e-01   5.973944e-01
  2.133415e-02  -2.037203e-07   2.084848e+03   8.848706e-01   9.125174e-01   4.247833e-01
  2.315648e-02  -3.139419e-07   1.869634e+03   8.613096e-01   9.110486e-01   4.283257e-01
  2.345060e-02   1.297363e-07   1.868727e+03   8.718259e-01   9.229374e-01   4.310488e-01
  2.336253e-02  -1.296986e-06   1.877052e+03   8.724213e-01   9.225024e-01   4.297088e-01
  2.316600e-02  -4.815288e-07   1.868662e+03   8.612158e-01   9.094894e-01   4.285949e-01
  2.144789e-02  -1.652465e-06   2.069466e+03   8.830248e-01   9.113977e-01   4.265242e-01
  1.372228e-02   1.372450e-07   3.110252e+03   8.490866e-01   9.047198e-01   6.008586e-01
  1.373024e-02  -4.217607e-07   3.117457e+03   8.515471e-01   9.058153e-01   6.012880e-01
  2.144432e-02   2.334693e-07   2.073117e+03   8.844355e-01   9.123164e-01   4.268980e-01
  2.314377e-02  -3.476456e-08   1.872978e+03   8.623764e-01   9.117597e-01   4.293228e-01
  2.345963e-02  -1.014517e-07   1.868137e+03   8.718865e-01   9.232267e-01   4.314343e-01
  2.348757e-02   1.017682e-06   1.864711e+03   8.713243e-01   9.181936e-01   4.312809e-01
  2.317619e-02   1.617433e-06   1.867890e+03   8.612389e-01   9.122556e-01   4.294271e-01
  2.144343e-02   6.497317e-07   2.072352e+03   8.840726e-01   9.122347e-01   4.270709e-01
  1.367522e-02   9.719371e-07   3.125200e+03   8.502414e-01   9.049175e-01   5.997357e-01
  1.370318e-02  -1.626312e-06   3.118038e+03   8.500275e-01   9.050457e-01   6.025950e-01
  2.148438e-02  -9.752308e-07   2.067743e+03   8.837911e-01   9.119322e-01   4.279107e-01
  2.313119e-02  -1.150464e-06   1.874147e+03   8.624454e-01   9.117760e-01   4.290140e-01
  2.344347e-02  -1.264966e-06   1.870928e+03   8.725881e-01   9.229497e-01   4.313011e-01
  2.354313e-02  -4.405433e-07   1.861498e+03   8.718805e-01   9.232294e-01   4.328687e-01
  2.320889e-02   3.526496e-07   1.862670e+03   8.600435e-01   9.109215e-01   4.296433e-01
  2.145149e-02   1.660135e-06   2.069690e+03   8.832689e-01   9.114541e-01   4.268847e-01
  1.365607e-02  -7.689759e-07   3.123328e+03   8.485421e-01   9.037121e-01   6.013713e-01
  1.370874e-02   1.662565e-06   3.119341e+03   8.507280e-01   9.057307e-01   6.018849e-01
  2.142647e-02   6.042388e-08   2.074147e+03   8.841387e-01   9.121085e-01   4.276591e-01
  2.318524e-02  -4.987061e-08   1.867307e+03   8.613057e-01   9.110407e-01   4.287802e-01
  2.350231e-02  -9.685285e-07   1.863449e+03   8.712808e-01   9.215881e-01   4.317219e-01
  2.346717e-02  -1.505272e-06   1.867907e+03   8.720596e-01   9.268235e-01   4.334076e-01
  2.320037e-02  -2.193329e-06   1.865411e+03   8.609927e-01   9.092516e-01   4.293478e-01
  2.141863e-02  -3.205727e-07   2.073898e+03   8.837090e-01   9.123128e-01   4.265370e-01
  1.364716e-02  -4.564151e-07   3.127003e+03   8.489863e-01   9.051148e-01   6.039990e-01
  1.372258e-02   3.161105e-07   3.115223e+03   8.504621e-01   9.055112e-01   6.027438e-01
  2.147770e-02   6.590221e-07   2.068885e+03   8.840042e-01   9.120647e-01   4.282699e-01
  2.316787e-02   5.148902e-08   1.868363e+03   8.611476e-01   9.109523e-01   4.291490e-01
  2.349441e-02  -2.030493e-06   1.865305e+03   8.718554e-01   9.217669e-01   4.321777e-01
  2.352283e-02   1.380740e-07   1.862876e+03   8.717737e-01   9.258029e-01   4.328216e-01
  2.316546e-02  -8.706091e-07   1.869411e+03   8.615408e-01   9.107304e-01   4.294461e-01
  2.142896e-02   6.049928e-07   2.075018e+03   8.846125e-01   9.114940e-01   4.270643e-01
  1.375858e-02  -1.079963e-06   3.109059e+03   8.510066e-01   9.060043e-01   6.009248e-01
  1.367993e-02  -1.006107e-06   3.120785e+03   8.493327e-01   9.046911e-01   6.010101e-01
  2.147445e-02   4.348971e-07   2.066958e+03   8.830472e-01   9.114922e-01   4.273139e-01
  2.316905e-02   4.501931e-07   1.868379e+03   8.611986e-01   9.109613e-01   4.288802e-01
  2.344686e-02   4.452070e-07   1.869594e+03   8.720915e-01   9.219254e-01   4.316650e-01
  2.370776e-02   3.257660e-06   1.848360e+03   8.717805e-01   9.239117e-01   4.320995e-01
  2.315626e-02   1.665301e-06   1.869276e+03   8.611366e-01   9.085527e-01   4.291637e-01
  2.147168e-02  -5.845365e-07   2.065996e+03   8.825220e-01   9.118775e-01   4.267540e-01
  1.367410e-02   8.346513e-07   3.121512e+03   8.491685e-01   9.048114e-01   6.028345e-01
  1.371833e-02   4.810015e-07   3.116442e+03   8.505318e-01   9.057168e-01   6.029601e-01
  2.144287e-02  -6.851719e-07   2.073215e+03   8.844174e-01   9.122886e-01   4.274920e-01
  2.318273e-02   6.289351e-07   1.867937e+03   8.615032e-01   9.111661e-01   4.295308e-01
  2.349331e-02   1.515846e-06   1.866155e+03   8.722123e-01   9.221063e-01   4.327290e-01
  2.348148e-02   8.701659e-07   1.865791e+03   8.716026e-01   9.223022e-01   4.317820e-01
  2.313577e-02   1.040923e-06   1.874637e+03   8.628420e-01   9.130530e-01   4.291488e-01
  2.143983e-02  -9.528921e-07   2.071275e+03   8.834648e-01   9.120347e-01   4.267003e-01
  1.372636e-02   1.617684e-06   3.117738e+03   8.513834e-01   9.064014e-01   5.998332e-01
  1.373142e-02   8.510190e-07   3.107000e+03   8.487636e-01   9.042685e-01   6.009951e-01
  2.148173e-02  -5.214400e-07   2.065633e+03   8.827802e-01   9.113378e-01   4.274565e-01
  2.317421e-02  -4.085102e-07   1.867272e+03   8.608804e-01   9.108005e-01   4.289426e-01
  2.339112e-02  -4.073737e-07   1.875181e+03   8.726184e-01   9.222435e-01   4.306082e-01
  2.347221e-02  -2.737921e-06   1.866200e+03   8.714494e-01   9.217450e-01   4.324632e-01
  2.316298e-02  -1.014104e-06   1.869860e+03   8.616554e-01   9.117916e-01   4.295850e-01
  2.144047e-02   6.861503e-07   2.072007e+03   8.838037e-01   9.111470e-01   4.267769e-01
  1.368793e-02  -1.318443e-06   3.120121e+03   8.496490e-01   9.046647e-01   6.027230e-01
  1.371347e-02   4.147661e-07   3.121485e+03   8.516061e-01   9.067410e-01   6.014404e-01
  2.145285e-02   1.722306e-07   2.069575e+03   8.832756e-01   9.115723e-01   4.267851e-01
  2.315601e-02   4.280583e-07   1.871285e+03   8.620527e-01   9.115228e-01   4.292164e-01
  2.360334e-02   7.168240e-07   1.853362e+03   8.702898e-01   9.208482e-01   4.338757e-01
  2.341562e-02   2.258979e-07   1.872885e+03   8.724626e-01   9.223055e-01   4.310357e-01
  2.318902e-02  -3.455320e-07   1.866793e+03   8.612093e-01   9.096740e-01   4.293379e-01
  2.145203e-02  -4.743254e-07   2.072342e+03   8.844231e-01   9.113686e-01   4.275086e-01
  1.375607e-02  -4.939053e-07   3.107933e+03   8.505430e-01   9.050678e-01   6.008923e-01
  1.387801e-02  -5.633247e-07   3.081653e+03   8.508265e-01   9.052046e-01   5.970182e-01
  2.140966e-02  -1.024973e-06   2.077636e+03   8.849308e-01   9.126168e-01   4.264345e-01
  2.316348e-02  -8.971387e-07   1.869043e+03   8.612979e-01   9.110600e-01   4.292419e-01
  2.348421e-02   7.697703e-08   1.866956e+03   8.722481e-01   9.221553e-01   4.311092e-01
  2.346887e-02  -3.186165e-06   1.866330e+03   8.713864e-01   9.215879e-01   4.308748e-01
  2.316858e-02  -1.536622e-07   1.869336e+03   8.616221e-01   9.097600e-01   4.296502e-01
  2.144734e-02  -1.163820e-06   2.071480e+03   8.838617e-01   9.113645e-01   4.272456e-01
  1.368834e-02   7.585762e-07   3.120038e+03   8.496514e-01   9.052369e-01   6.026391e-01
  1.371621e-02  -3.142376e-07   3.114234e+03   8.497972e-01   9.046915e-01   6.003238e-01
  2.141350e-02  -1.026013e-06   2.075636e+03   8.842377e-01   9.122241e-01   4.263649e-01
  2.322404e-02  -1.097111e-06   1.864509e+03   8.614548e-01   9.110771e-01   4.297429e-01
  2.339211e-02  -2.274458e-06   1.874780e+03   8.724686e-01   9.222452e-01   4.300894e-01
  2.354551e-02  -2.717507e-06   1.860028e+03   8.712803e-01   9.215362e-01   4.327529e-01
  2.315754e-02  -1.128069e-06   1.868998e+03   8.610561e-01   9.100865e-01   4.281402e-01
  2.141969e-02   9.863277e-07   2.074559e+03   8.840341e-01   9.116755e-01   4.266826e-01
  1.373251e-02   5.730188e-07   3.107820e+03   8.490550e-01   9.052945e-01   6.009793e-01
  1.386645e-02  -8.083530e-07   3.080154e+03   8.497046e-01   9.047571e-01   5.996137e-01
  2.140657e-02  -1.436188e-06   2.079382e+03   8.855468e-01   9.129680e-01   4.275800e-01
  2.316027e-02   1.282326e-06   1.868956e+03   8.611385e-01   9.111331e-01   4.291663e-01
  2.350183e-02  -6.744948e-07   1.865607e+03   8.722718e-01   9.221084e-01   4.310947e-01
  2.347527e-02  -2.260576e-06   1.868468e+03   8.726226e-01   9.223168e-01   4.333417e-01
  2.317017e-02   3.798878e-07   1.870189e+03   8.620748e-01   9.111832e-01   4.295508e-01
  2.146272e-02   1.358640e-06   2.070693e+03   8.841598e-01   9.122685e-01   4.275572e-01
  1.376032e-02  -1.132820e-06   3.108679e+03   8.510095e-01   9.059487e-01   6.005483e-01
  1.379179e-02  -1.741141e-06   3.096837e+03   8.497067e-01   9.042477e-01   5.975300e-01
  2.144745e-02  -4.393041e-08   2.071732e+03   8.839739e-01   9.120533e-01   4.272811e-01
  2.318138e-02   1.797371e-06   1.866736e+03   8.608994e-01   9.103883e-01   4.289226e-01
  2.338771e-02   2.718484e-06   1.876941e+03   8.733099e-01   9.227178e-01   4.306388e-01
  2.345408e-02  -2.757890e-06   1.869112e+03   8.721356e-01   9.220831e-01   4.318363e-01
  2.318505e-02  -1.025393e-06   1.867619e+03   8.614429e-01   9.110907e-01   4.289661e-01
  2.146290e-02   2.062018e-06   2.067273e+03   8.827066e-01   9.106812e-01   4.267722e-01
  1.373994e-02  -7.210789e-07   3.104653e+03   8.486491e-01   9.046223e-01   6.025371e-01
  1.379691e-02   2.132177e-06   3.098011e+03   8.503444e-01   9.053840e-01   5.977767e-01
  2.144016e-02   1.142252e-06   2.072890e+03   8.841673e-01   9.122416e-01   4.265117e-01
  2.317162e-02   4.538784e-07   1.870600e+03   8.623181e-01   9.120327e-01   4.294217e-01
  2.342262e-02   1.777573e-06   1.873753e+03   8.731282e-01   9.226395e-01   4.314053e-01
  2.340406e-02   6.002728e-06   1.873733e+03   8.724266e-01   9.222537e-01   4.303480e-01
  2.321262e-02   3.755633e-06   1.863758e+03   8.606841e-01   9.105744e-01   4.291525e-01
  2.141343e-02   1.271766e-07   2.074963e+03   8.839482e-01   9.130325e-01   4.269188e-01
  1.367582e-02  -3.289580e-07   3.118852e+03   8.485516e-01   9.042461e-01   6.011102e-01
  1.382980e-02   2.191439e-06   3.084134e+03   8.485536e-01   9.030329e-01   5.979186e-01
  2.144179e-02   5.006996e-08   2.071173e+03   8.835022e-01   9.117677e-01   4.265802e-01
  2.322348e-02   1.171092e-06   1.861323e+03   8.599617e-01   9.103452e-01   4.303533e-01
  2.349794e-02  -2.450935e-07   1.865295e+03   8.719822e-01   9.216871e-01   4.321707e-01
  2.334358e-02  -5.511126e-07   1.881222e+03   8.736503e-01   9.228454e-01   4.313706e-01
  2.321576e-02   1.508639e-06   1.863587e+03   8.607215e-01   9.108215e-01   4.290506e-01
  2.150337e-02  -4.670089e-07   2.062749e+03   8.824355e-01   9.100864e-01   4.279451e-01
  1.364490e-02  -1.330094e-06   3.129795e+03   8.496037e-01   9.046906e-01   6.008667e-01
  1.366770e-02  -4.540205e-07   3.122868e+03   8.491402e-01   9.043565e-01   5.998424e-01
  2.145591e-02   1.142863e-06   2.071950e+03   8.844155e-01   9.124110e-01   4.279242e-01
  2.315184e-02   1.972864e-07   1.871383e+03   8.619424e-01   9.111026e-01   4.292021e-01
  2.377388e-02  -8.090939e-07   1.842276e+03   8.713347e-01   9.222870e-01   4.316996e-01
  2.359075e-02  -6.403439e-07   1.859186e+03   8.725589e-01   9.223084e-01   4.332792e-01
  2.316011e-02  -2.381768e-06   1.868385e+03   8.608692e-01   9.106832e-01   4.294394e-01
  2.141722e-02  -3.954267e-07   2.074157e+03   8.837608e-01   9.120553e-01   4.266925e-01
  1.365463e-02   1.329412e-06   3.126153e+03   8.492200e-01   9.045873e-01   6.018674e-01
  1.367786e-02  -2.485602e-07   3.117147e+03   8.482142e-01   9.040191e-01   6.007980e-01
  2.149276e-02   1.290076e-06   2.064994e+03   8.829601e-01   9.112933e-01   4.281639e-01
  2.318498e-02  -1.189568e-06   1.866742e+03   8.610355e-01   9.104468e-01   4.292587e-01
  2.343271e-02   2.632153e-07   1.872336e+03   8.728435e-01   9.212357e-01   4.311325e-01
  2.350041e-02   5.652677e-06   1.862664e+03   8.708434e-01   9.212819e-01   4.313110e-01
  2.316562e-02   1.041344e-06   1.870328e+03   8.619693e-01   9.115912e-01   4.290395e-01
  2.144664e-02  -1.552470e-06   2.069062e+03   8.828012e-01   9.116902e-01   4.268366e-01
  1.362768e-02   7.795261e-07   3.127470e+03   8.479012e-01   9.046819e-01   6.026831e-01
  1.365776e-02  -1.581412e-07   3.122799e+03   8.485034e-01   9.036484e-01   6.018895e-01
  2.141286e-02  -7.354199e-09   2.075598e+03   8.841949e-01   9.121404e-01   4.271163e-01
  2.322541e-02   3.239180e-07   1.863288e+03   8.609412e-01   9.106712e-01   4.306929e-01
  2.346917e-02   1.076137e-07   1.866299e+03   8.713829e-01   9.226978e-01   4.306945e-01
  2.337704e-02   1.633139e-06   1.876089e+03   8.725154e-01   9.222928e-01   4.313354e-01
  2.316676e-02  -5.056577e-07   1.868216e+03   8.610383e-01   9.103551e-01   4.289036e-01
  2.144576e-02  -2.955300e-07   2.071263e+03   8.837037e-01   9.125281e-01   4.265429e-01
  1.372183e-02   6.439822e-07   3.119455e+03   8.515712e-01   9.069718e-01   6.016895e-01
  1.366163e-02   4.673102e-07   3.120932e+03   8.482364e-01   9.044536e-01   6.026163e-01
  2.145582e-02  -3.026783e-08   2.069142e+03   8.832131e-01   9.117445e-01   4.278992e-01
  2.317781e-02  -8.601825e-07   1.867734e+03   8.612267e-01   9.109326e-01   4.287034e-01
  2.344611e-02   7.993923e-07   1.869030e+03   8.718004e-01   9.221730e-01   4.304598e-01
  2.348933e-02   3.627158e-06   1.865685e+03   8.718446e-01   9.215024e-01   4.309243e-01
  2.315924e-02   1.010954e-06   1.869965e+03   8.615650e-01   9.118708e-01   4.294597e-01
  2.143594e-02  -9.184733e-07   2.073011e+03   8.840447e-01   9.130968e-01   4.268732e-01
  1.368376e-02  -3.772114e-07   3.116148e+03   8.483080e-01   9.040182e-01   6.010350e-01
  1.372580e-02   7.745190e-09   3.120669e+03   8.521489e-01   9.057186e-01   5.975665e-01
  2.156927e-02  -3.076789e-07   2.060592e+03   8.842143e-01   9.123393e-01   4.255712e-01
  2.317317e-02  -3.995035e-07   1.867510e+03   8.609512e-01   9.107276e-01   4.288290e-01
  2.351591e-02   5.853972e-07   1.865386e+03   8.726912e-01   9.212505e-01   4.323026e-01
  2.367785e-02   3.705577e-07   1.851737e+03   8.722716e-01   9.229574e-01   4.318505e-01
  2.314930e-02  -2.079657e-06   1.870686e+03   8.615269e-01   9.104526e-01   4.285637e-01
  2.144858e-02  -1.097333e-06   2.071195e+03   8.837910e-01   9.124878e-01   4.275635e-01
  1.362281e-02  -1.755705e-06   3.138772e+03   8.506611e-01   9.060214e-01   6.037885e-01
  1.364935e-02   6.077171e-07   3.122234e+03   8.478278e-01   9.045585e-01   6.062046e-01
  2.143229e-02   1.019088e-06   2.072315e+03   8.835973e-01   9.119222e-01   4.264889e-01
  2.316031e-02   1.151893e-06   1.869045e+03   8.611804e-01   9.109645e-01   4.291576e-01
  2.349095e-02  -9.383239e-08   1.862542e+03   8.704358e-01   9.197045e-01   4.292149e-01
  2.345391e-02  -2.065172e-06   1.869624e+03   8.723676e-01   9.207609e-01   4.310430e-01
  2.316169e-02  -9.949505e-07   1.868721e+03   8.610829e-01   9.105676e-01   4.287833e-01
  2.143327e-02   2.383161e-07   2.070596e+03   8.829050e-01   9.116723e-01   4.258417e-01
  1.382809e-02   1.452291e-06   3.085416e+03   8.488011e-01   9.052445e-01   6.030539e-01
  1.378685e-02   4.393267e-07   3.101351e+03   8.506406e-01   9.052559e-01   5.991812e-01
  2.147825e-02   4.418943e-07   2.069695e+03   8.843730e-01   9.122464e-01   4.276217e-01
  2.312465e-02  -2.273075e-07   1.873004e+03   8.616757e-01   9.111693e-01   4.286745e-01
  2.329097e-02   7.880791e-08   1.880111e+03   8.711665e-01   9.205925e-01   4.315079e-01
  2.349219e-02  -1.079967e-06   1.863247e+03   8.708114e-01   9.227202e-01   4.312308e-01
  2.315500e-02   9.700454e-08   1.870987e+03   8.618775e-01   9.121502e-01   4.291202e-01
  2.141382e-02   9.879948e-07   2.078132e+03   8.853142e-01   9.129492e-01   4.272590e-01
  1.369293e-02   1.286800e-06   3.127495e+03   8.519679e-01   9.063044e-01   5.999271e-01
  1.352118e-02   8.256189e-07   3.146629e+03   8.464285e-01   9.027421e-01   6.047432e-01
  2.155430e-02   1.026170e-06   2.054132e+03   8.808307e-01   9.101350e-01   4.289779e-01
  2.324073e-02   1.486374e-06   1.860029e+03   8.600023e-01   9.102872e-01   4.311813e-01
  2.347343e-02  -1.018537e-06   1.868493e+03   8.725655e-01   9.220963e-01   4.320465e-01
  2.346762e-02  -5.333286e-06   1.867648e+03   8.719554e-01   9.215034e-01   4.311473e-01
  2.320921e-02  -9.678903e-07   1.863180e+03   8.602908e-01   9.111545e-01   4.297391e-01
  2.147185e-02  -5.564679e-07   2.066520e+03   8.827530e-01   9.116332e-01   4.272814e-01
  1.374101e-02   1.473357e-06   3.102876e+03   8.482294e-01   9.039485e-01   6.012880e-01
  1.366522e-02  -6.801902e-07   3.125293e+03   8.496449e-01   9.056846e-01   6.028713e-01
  2.143957e-02  -4.975057e-07   2.069564e+03   8.827243e-01   9.112482e-01   4.264672e-01
  2.315325e-02  -1.303822e-06   1.868921e+03   8.608611e-01   9.107940e-01   4.279438e-01
  2.338884e-02   4.117365e-08   1.874590e+03   8.722584e-01   9.220688e-01   4.305425e-01
  2.348269e-02  -1.541998e-06   1.865797e+03   8.716505e-01   9.212298e-01   4.316905e-01
  2.317532e-02   6.141278e-07   1.868399e+03   8.614413e-01   9.115933e-01   4.292184e-01
  2.141206e-02   9.148195e-08   2.076542e+03   8.845640e-01   9.119536e-01   4.267483e-01
  1.374142e-02   4.878527e-07   3.113107e+03   8.510516e-01   9.056160e-01   5.990630e-01
  1.377610e-02   3.726735e-06   3.100962e+03   8.498710e-01   9.056242e-01   6.008993e-01
  2.140682e-02   1.859099e-07   2.075968e+03   8.841034e-01   9.120752e-01   4.257898e-01
  2.314035e-02  -1.599141e-06   1.872197e+03   8.618897e-01   9.113391e-01   4.292751e-01
  2.347592e-02  -3.665997e-08   1.866401e+03   8.716812e-01   9.217302e-01   4.298370e-01
  2.348388e-02   3.081891e-06   1.865634e+03   8.716186e-01   9.206841e-01   4.318883e-01
  2.319070e-02  -1.036034e-07   1.865368e+03   8.606142e-01   9.107144e-01   4.293212e-01
  2.147681e-02   3.627908e-07   2.067509e+03   8.833794e-01   9.121187e-01   4.278199e-01
  1.373732e-02  -2.374239e-06   3.103888e+03   8.482781e-01   9.040959e-01   6.032223e-01
  1.370207e-02   6.642580e-07   3.118316e+03   8.500345e-01   9.053247e-01   6.021874e-01
  2.145566e-02   2.167385e-07   2.070413e+03   8.837491e-01   9.119118e-01   4.272096e-01
  2.326014e-02   9.329657e-07   1.860291e+03   8.608417e-01   9.107661e-01   4.306261e-01
  2.341840e-02   1.263432e-06   1.871281e+03   8.718194e-01   9.218626e-01   4.305261e-01
  2.345667e-02  -6.442843e-07   1.869446e+03   8.723875e-01   9.207593e-01   4.314785e-01
  2.320648e-02   8.332533e-08   1.866197e+03   8.615824e-01   9.112114e-01   4.291594e-01
  2.141189e-02  -2.686255e-07   2.076056e+03   8.843500e-01   9.124295e-01   4.267102e-01
  1.373814e-02  -1.000429e-06   3.108572e+03   8.496087e-01   9.044856e-01   5.981726e-01
  1.369627e-02  -5.569715e-06   3.116697e+03   8.492333e-01   9.045909e-01   6.016293e-01
  2.145265e-02  -2.367000e-06   2.070884e+03   8.838265e-01   9.119576e-01   4.277323e-01
  2.320207e-02  -9.783340e-07   1.864755e+03   8.607530e-01   9.107416e-01   4.305517e-01
  2.347914e-02   1.100072e-06   1.865897e+03   8.715655e-01   9.216049e-01   4.309236e-01
  2.347061e-02   6.902368e-07   1.868579e+03   8.725013e-01   9.211966e-01   4.319292e-01
  2.317580e-02   7.021888e-07   1.868542e+03   8.615246e-01   9.112113e-01   4.294038e-01
  2.148538e-02  -1.206910e-07   2.067781e+03   8.838484e-01   9.115420e-01   4.276977e-01
  1.370217e-02  -4.935069e-07   3.114510e+03   8.490030e-01   9.047777e-01   6.021275e-01
  1.419826e-02  -5.518068e-07   3.134635e+03   8.854259e-01   9.094536e-01   2.984148e-01
  2.115112e-02   3.360845e-07   2.129153e+03   8.959222e-01   9.199796e-01   2.185502e-01
  2.284063e-02  -1.799004e-07   1.920956e+03   8.728823e-01   9.180074e-01   2.194012e-01
  2.334205e-02   7.898403e-07   1.886957e+03   8.762561e-01   9.243184e-01   2.202003e-01
  2.331351e-02   9.033796e-07   1.889230e+03   8.762389e-01   9.240881e-01   2.205555e-01
  2.280935e-02  -4.435054e-08   1.923780e+03   8.729685e-01   9.180510e-01   2.190041e-01
  2.116123e-02  -5.287811e-07   2.124619e+03   8.944417e-01   9.187637e-01   2.182620e-01
  1.431374e-02  -8.333690e-07   3.108678e+03   8.852358e-01   9.090636e-01   2.968304e-01
  1.417813e-02  -2.129928e-06   3.138754e+03   8.853327e-01   9.091271e-01   2.979906e-01
  2.115685e-02  -1.238528e-06   2.128007e+03   8.956829e-01   9.198098e-01   2.187373e-01
  2.281375e-02  -6.353943e-07   1.924823e+03   8.736103e-01   9.184420e-01   2.192871e-01
  2.333800e-02  -1.293208e-07   1.887965e+03   8.765721e-01   9.243085e-01   2.207319e-01
  2.337583e-02   1.537890e-07   1.883643e+03   8.759835e-01   9.240589e-01   2.209248e-01
  2.284598e-02  -1.897248e-07   1.920008e+03   8.726560e-01   9.178259e-01   2.193262e-01
  2.118474e-02   3.762155e-07   2.123089e+03   8.947909e-01   9.195593e-01   2.192501e-01
  1.411369e-02   3.147856e-08   3.152779e+03   8.852469e-01   9.090085e-01   2.969913e-01
  1.415480e-02   1.956374e-06   3.139688e+03   8.841386e-01   9.089988e-01   3.002562e-01
  2.114295e-02  -7.507404e-07   2.128629e+03   8.953562e-01   9.196079e-01   2.186047e-01
  2.282404e-02  -2.743203e-07   1.923253e+03   8.732910e-01   9.182897e-01   2.196256e-01
  2.333625e-02   1.125042e-06   1.887411e+03   8.762490e-01   9.254736e-01   2.205357e-01
  2.328975e-02  -4.337189e-07   1.889743e+03   8.755837e-01   9.228940e-01   2.199767e-01
  2.282720e-02   3.088999e-07   1.922874e+03   8.732401e-01   9.182174e-01   2.192268e-01
  2.116511e-02  -2.089663e-07   2.125323e+03   8.949023e-01   9.191430e-01   2.187823e-01
  1.416822e-02   2.307414e-07   3.138884e+03   8.847500e-01   9.089912e-01   2.973973e-01
  1.415489e-02   2.134080e-06   3.139737e+03   8.841579e-01   9.083372e-01   2.977243e-01
  2.122018e-02   9.433550e-07   2.120235e+03   8.950825e-01   9.195075e-01   2.198391e-01
  2.283468e-02   4.233040e-07   1.922211e+03   8.732247e-01   9.181827e-01   2.195694e-01
  2.330143e-02  -1.155624e-07   1.890414e+03   8.763336e-01   9.230013e-01   2.205615e-01
  2.332520e-02   2.271101e-08   1.889766e+03   8.769273e-01   9.264761e-01   2.214555e-01
  2.281432e-02  -7.342716e-07   1.925248e+03   8.738247e-01   9.186753e-01   2.194756e-01
  2.117005e-02  -6.032817e-07   2.124560e+03   8.947902e-01   9.192163e-01   2.189913e-01
  1.421173e-02  -7.172028e-07   3.130602e+03   8.851258e-01   9.090840e-01   2.965732e-01
  1.409473e-02   1.175976e-07   3.152531e+03   8.839876e-01   9.089864e-01   3.002786e-01
  2.118129e-02  -3.732555e-07   2.123323e+03   8.947436e-01   9.193130e-01   2.186081e-01
  2.292092e-02   4.978472e-07   1.914847e+03   8.731646e-01   9.182421e-01   2.193323e-01
  2.335684e-02  -2.352064e-06   1.885997e+03   8.763656e-01   9.251868e-01   2.208419e-01
  2.323044e-02  -9.590540e-07   1.895058e+03   8.758101e-01   9.270039e-01   2.190466e-01
  2.278706e-02  -1.387851e-07   1.925878e+03   8.730663e-01   9.181297e-01   2.187556e-01
  2.122507e-02   2.931674e-07   2.118440e+03   8.945311e-01   9.187482e-01   2.192915e-01
  1.416913e-02   5.928240e-07   3.139676e+03   8.850306e-01   9.091840e-01   2.984899e-01
  1.437557e-02   9.901901e-07   3.096933e+03   8.857010e-01   9.097880e-01   2.978332e-01
  2.110695e-02   1.125950e-06   2.131609e+03   8.950830e-01   9.194464e-01   2.180223e-01
  2.278277e-02   1.444994e-07   1.929424e+03   8.745089e-01   9.190489e-01   2.188741e-01
  2.329193e-02   1.233098e-06   1.890695e+03   8.761070e-01   9.260014e-01   2.199934e-01
  2.320488e-02  -3.921882e-07   1.897069e+03   8.757751e-01   9.234127e-01   2.211030e-01
  2.282911e-02  -9.202986e-07   1.922232e+03   8.730216e-01   9.184823e-01   2.196787e-01
  2.116784e-02  -6.471621e-08   2.126794e+03   8.956372e-01   9.194042e-01   2.191070e-01
  1.424317e-02  -4.740997e-07   3.122728e+03   8.848526e-01   9.089399e-01   2.973643e-01
  1.410127e-02  -1.843439e-06   3.153208e+03   8.845876e-01   9.083615e-01   2.976622e-01
  2.119400e-02   9.777692e-07   2.119948e+03   8.938574e-01   9.187284e-01   2.188926e-01
  2.284938e-02  -1.601800e-06   1.918835e+03   8.722525e-01   9.176030e-01   2.194494e-01
  2.332139e-02  -6.977744e-07   1.889374e+03   8.766024e-01   9.255725e-01   2.212160e-01
  2.344135e-02   2.581471e-06   1.877417e+03   8.755349e-01   9.276272e-01   2.217741e-01
  2.284139e-02   6.681220e-07   1.920172e+03   8.725551e-01   9.167100e-01   2.194188e-01
  2.119630e-02   8.485328e-07   2.120268e+03   8.940892e-01   9.196595e-01   2.190983e-01
  1.416413e-02  -3.326929e-07   3.139077e+03   8.845492e-01   9.090053e-01   2.977851e-01
  1.421323e-02  -9.533941e-07   3.130623e+03   8.852251e-01   9.100257e-01   2.967722e-01
  2.118538e-02  -4.545463e-07   2.123247e+03   8.948840e-01   9.192888e-01   2.187393e-01
  2.282177e-02   4.676745e-08   1.923427e+03   8.732835e-01   9.183992e-01   2.190141e-01
  2.328238e-02  -6.158266e-07   1.891636e+03   8.761837e-01   9.249088e-01   2.201756e-01
  2.333319e-02   3.877003e-07   1.889441e+03   8.770765e-01   9.237778e-01   2.215779e-01
  2.281665e-02   3.705734e-06   1.924586e+03   8.736136e-01   9.202153e-01   2.199430e-01
  2.116295e-02  -3.330265e-07   2.127150e+03   8.955802e-01   9.205129e-01   2.189962e-01
  1.422464e-02   7.120848e-07   3.129214e+03   8.855370e-01   9.094737e-01   2.973439e-01
  1.428276e-02   3.593607e-07   3.110352e+03   8.837953e-01   9.077659e-01   2.973741e-01
  2.118967e-02   7.403015e-07   2.122911e+03   8.949237e-01   9.193926e-01   2.189763e-01
  2.279952e-02   4.200405e-07   1.925107e+03   8.731938e-01   9.177938e-01   2.186930e-01
  2.334648e-02  -1.975927e-07   1.885916e+03   8.759393e-01   9.243456e-01   2.204909e-01
  2.338847e-02  -1.071006e-07   1.882825e+03   8.760762e-01   9.214475e-01   2.209208e-01
  2.280368e-02  -5.063036e-07   1.925778e+03   8.736575e-01   9.176105e-01   2.188442e-01
  2.115774e-02  -1.307771e-06   2.124517e+03   8.942515e-01   9.200080e-01   2.182664e-01
  1.421033e-02   7.600661e-07   3.126541e+03   8.838905e-01   9.085014e-01   2.972455e-01
  1.418191e-02   1.853042e-07   3.136630e+03   8.849689e-01   9.090054e-01   2.968407e-01
  2.115199e-02   5.423089e-07   2.126872e+03   8.949996e-01   9.194728e-01   2.188122e-01
  2.284295e-02   2.844244e-07   1.920200e+03   8.726272e-01   9.189790e-01   2.193895e-01
  2.342490e-02  -2.543801e-07   1.881086e+03   8.766302e-01   9.256568e-01   2.211413e-01
  2.335065e-02   3.950968e-07   1.884982e+03   8.756616e-01   9.224659e-01   2.209390e-01
  2.281416e-02  -1.073161e-06   1.922718e+03   8.726701e-01   9.155869e-01   2.188343e-01
  2.111211e-02   5.746122e-07   2.132155e+03   8.955311e-01   9.186640e-01   2.196527e-01
  1.421244e-02   3.015739e-07   3.133066e+03   8.858669e-01   9.096932e-01   2.971938e-01
  1.421421e-02   3.995403e-07   3.127438e+03   8.843858e-01   9.081777e-01   2.967285e-01
  2.113777e-02  -1.318507e-06   2.129030e+03   8.953050e-01   9.195249e-01   2.184585e-01
  2.285677e-02   8.886560e-07   1.919647e+03   8.729036e-01   9.160826e-01   2.188925e-01
  2.331386e-02   1.520829e-06   1.890136e+03   8.766727e-01   9.224558e-01   2.209038e-01
  2.330896e-02  -5.044888e-07   1.890485e+03   8.766500e-01   9.242498e-01   2.196192e-01
  2.293911e-02  -8.651776e-07   1.914440e+03   8.736721e-01   9.184368e-01   2.207296e-01
  2.107628e-02   3.858129e-07   2.135004e+03   8.952053e-01   9.200442e-01   2.176869e-01
  1.426628e-02   7.182919e-08   3.119702e+03   8.854295e-01   9.092062e-01   2.966330e-01
  1.427269e-02  -9.722840e-08   3.115294e+03   8.845757e-01   9.080374e-01   2.963034e-01
  2.120310e-02   1.759395e-07   2.121338e+03   8.948279e-01   9.194370e-01   2.188743e-01
  2.280957e-02  -3.816118e-07   1.925361e+03   8.736941e-01   9.194585e-01   2.188390e-01
  2.335826e-02   5.685938e-08   1.884562e+03   8.757516e-01   9.291416e-01   2.205346e-01
  2.328626e-02  -4.202995e-07   1.892652e+03   8.768003e-01   9.246757e-01   2.200930e-01
  2.281858e-02  -1.434488e-07   1.925188e+03   8.739606e-01   9.163811e-01   2.190655e-01
  2.120062e-02   6.969524e-08   2.122093e+03   8.950413e-01   9.204014e-01   2.199877e-01
  1.417449e-02   2.752947e-07   3.135621e+03   8.842217e-01   9.087669e-01   2.967267e-01
  1.416736e-02  -3.357637e-07   3.136363e+03   8.839863e-01   9.079695e-01   2.966933e-01
  2.118885e-02   5.639844e-08   2.123416e+03   8.951025e-01   9.195993e-01   2.187612e-01
  2.281353e-02  -6.776206e-08   1.923231e+03   8.728792e-01   9.197528e-01   2.189117e-01
  2.333283e-02   9.982975e-06   1.887027e+03   8.759427e-01   9.198742e-01   2.193194e-01
  2.333210e-02  -2.607049e-07   1.889241e+03   8.769428e-01   9.251090e-01   2.204724e-01
  2.269155e-02  -7.591633e-08   1.935500e+03   8.737502e-01   9.189722e-01   2.184855e-01
  2.126613e-02  -2.694835e-07   2.115018e+03   8.948137e-01   9.200539e-01   2.195644e-01
  1.413374e-02   4.555435e-07   3.144596e+03   8.842028e-01   9.082839e-01   2.989096e-01
  1.419130e-02   1.272625e-07   3.132409e+03   8.843637e-01   9.083761e-01   2.970561e-01
  2.115179e-02  -6.809370e-07   2.128335e+03   8.956066e-01   9.198470e-01   2.191335e-01
  2.282141e-02  -1.945024e-07   1.922189e+03   8.727073e-01   9.189189e-01   2.192085e-01
  2.338902e-02   1.437919e-06   1.882996e+03   8.761765e-01   9.227224e-01   2.208234e-01
  2.331429e-02   1.058985e-06   1.888907e+03   8.761188e-01   9.243191e-01   2.202516e-01
  2.283227e-02  -8.183032e-07   1.922108e+03   8.730858e-01   9.205259e-01   2.187981e-01
  2.115425e-02  -1.199500e-06   2.128708e+03   8.958675e-01   9.202748e-01   2.197488e-01
  1.416595e-02  -6.380758e-07   3.139326e+03   8.847331e-01   9.090640e-01   2.976402e-01
  1.420709e-02   4.088490e-07   3.126990e+03   8.838161e-01   9.085682e-01   2.983644e-01
  2.118124e-02  -3.422078e-07   2.124555e+03   8.952609e-01   9.195747e-01   2.188750e-01
  2.286994e-02   2.119200e-06   1.917393e+03   8.723809e-01   9.182041e-01   2.188342e-01
  2.332202e-02  -1.061170e-05   1.890691e+03   8.772370e-01   9.264175e-01   2.196143e-01
  2.336482e-02   9.069583e-07   1.883342e+03   8.754306e-01   9.243289e-01   2.205800e-01
  2.281725e-02  -2.065859e-09   1.923006e+03   8.729192e-01   9.182166e-01   2.185769e-01
  2.124797e-02  -6.364796e-07   2.115736e+03   8.943533e-01   9.190514e-01   2.193246e-01
  1.407550e-02  -6.656758e-07   3.157433e+03   8.841543e-01   9.095655e-01   2.998388e-01
  1.426342e-02   6.093233e-07   3.119446e+03   8.851794e-01   9.090689e-01   2.966158e-01
  2.106945e-02  -7.279385e-07   2.137867e+03   8.961159e-01   9.200912e-01   2.185132e-01
  2.285117e-02   1.045641e-06   1.920709e+03   8.731726e-01   9.182008e-01   2.190769e-01
  2.326141e-02  -1.865291e-06   1.895742e+03   8.772945e-01   9.264101e-01   2.192909e-01
  2.337869e-02  -1.689098e-06   1.884368e+03   8.764277e-01   9.236943e-01   2.202463e-01
  2.282035e-02  -3.068613e-07   1.925328e+03   8.740920e-01   9.195347e-01   2.187483e-01
  2.119232e-02   3.874639e-06   2.122307e+03   8.947812e-01   9.193351e-01   2.188166e-01
  1.416818e-02   1.124605e-06   3.140341e+03   8.851583e-01   9.098023e-01   2.974986e-01
  1.422245e-02  -5.515604e-07   3.120014e+03   8.827975e-01   9.078794e-01   2.986982e-01
  2.116008e-02   3.112270e-06   2.126465e+03   8.951700e-01   9.195182e-01   2.186432e-01
  2.279022e-02   3.618404e-06   1.924977e+03   8.727787e-01   9.182150e-01   2.193369e-01
  2.332681e-02   8.143351e-09   1.888354e+03   8.763323e-01   9.249935e-01   2.193094e-01
  2.339269e-02   6.511547e-07   1.881138e+03   8.754492e-01   9.255958e-01   2.204358e-01
  2.282852e-02  -9.025706e-07   1.922543e+03   8.731400e-01   9.192629e-01   2.184591e-01
  2.111066e-02   8.690500e-08   2.131381e+03   8.951444e-01   9.195083e-01   2.183064e-01
  1.408886e-02   9.963470e-07   3.159655e+03   8.856165e-01   9.099621e-01   2.984322e-01
  1.433848e-02  -4.437345e-07   3.098560e+03   8.838796e-01   9.085953e-01   2.975907e-01
  2.115923e-02   1.185342e-06   2.126947e+03   8.953371e-01   9.195784e-01   2.190926e-01
  2.275106e-02   5.086542e-07   1.930065e+03   8.735820e-01   9.183396e-01   2.182693e-01
  2.331626e-02  -1.045256e-06   1.887378e+03   8.754833e-01   9.242345e-01   2.202105e-01
  2.323924e-02  -8.507748e-06   1.897245e+03   8.771532e-01   9.244167e-01   2.198983e-01
  2.283619e-02  -5.559560e-07   1.922988e+03   8.736354e-01   9.190455e-01   2.191771e-01
  2.113959e-02  -1.985520e-06   2.129191e+03   8.954500e-01   9.197092e-01   2.187154e-01
  1.414122e-02  -1.070725e-06   3.151011e+03   8.864760e-01   9.100391e-01   2.967588e-01
  1.431201e-02   1.610409e-06   3.101654e+03   8.831289e-01   9.076431e-01   2.967420e-01
  2.121375e-02  -1.632307e-06   2.120178e+03   8.947876e-01   9.193073e-01   2.191822e-01
  2.282599e-02  -3.693375e-06   1.924939e+03   8.741314e-01   9.185029e-01   2.200704e-01
  2.331876e-02   1.873517e-06   1.888520e+03   8.761070e-01   9.245720e-01   2.201831e-01
  2.315175e-02  -2.719878e-06   1.904776e+03   8.773197e-01   9.234421e-01   2.207332e-01
  2.274195e-02  -4.309233e-06   1.928593e+03   8.725660e-01   9.179375e-01   2.187092e-01
  2.119531e-02   1.482505e-06   2.125902e+03   8.964234e-01   9.202716e-01   2.197567e-01
  1.413380e-02  -1.093536e-06   3.149316e+03   8.855339e-01   9.094965e-01   2.980455e-01
  1.416718e-02  -6.711439e-07   3.129702e+03   8.820978e-01   9.073637e-01   2.981181e-01
  2.122053e-02   5.231908e-07   2.116626e+03   8.935739e-01   9.185704e-01   2.184045e-01
  2.284863e-02  -1.904452e-06   1.920732e+03   8.730864e-01   9.179804e-01   2.194155e-01
  2.335998e-02   6.535410e-07   1.882666e+03   8.749353e-01   9.237068e-01   2.201037e-01
  2.340841e-02   1.618318e-05   1.880858e+03   8.759071e-01   9.238832e-01   2.210438e-01
  2.271708e-02   2.810860e-07   1.932129e+03   8.732101e-01   9.181867e-01   2.182227e-01
  2.117781e-02  -2.730950e-06   2.124202e+03   8.949671e-01   9.193658e-01   2.181587e-01
  1.429213e-02  -1.050028e-06   3.113818e+03   8.853609e-01   9.097135e-01   2.985014e-01
  1.424766e-02  -3.228969e-06   3.115142e+03   8.829810e-01   9.077953e-01   2.965543e-01
  2.116633e-02  -1.349796e-06   2.123857e+03   8.943364e-01   9.189993e-01   2.182752e-01
  2.286811e-02  -1.511303e-06   1.920448e+03   8.737010e-01   9.184770e-01   2.192507e-01
  2.309899e-02  -1.553434e-06   1.903749e+03   8.748482e-01   9.236467e-01   2.196477e-01
  2.349152e-02  -5.961179e-06   1.873257e+03   8.754646e-01   9.231146e-01   2.205681e-01
  2.285033e-02   4.707458e-06   1.922048e+03   8.737490e-01   9.184927e-01   2.192511e-01
  2.113997e-02   1.274340e-06   2.131437e+03   8.964107e-01   9.202107e-01   2.182994e-01
  1.431599e-02  -9.395115e-07   3.105644e+03   8.845106e-01   9.085608e-01   2.963753e-01
  1.416623e-02   3.291602e-07   3.131984e+03   8.826813e-01   9.078140e-01   2.978465e-01
  2.117573e-02   4.454833e-07   2.123993e+03   8.947911e-01   9.192619e-01   2.188422e-01
  2.278116e-02   4.388658e-07   1.929237e+03   8.743624e-01   9.189372e-01   2.187668e-01
  2.329493e-02  -4.477879e-06   1.888706e+03   8.752979e-01   9.239545e-01   2.198878e-01
  2.330499e-02  -7.625314e-06   1.886959e+03   8.748660e-01   9.240139e-01   2.189862e-01
  2.286239e-02   1.708096e-09   1.919405e+03   8.730084e-01   9.180921e-01   2.199598e-01
  2.116725e-02   4.074496e-06   2.127439e+03   8.958836e-01   9.199228e-01   2.193424e-01
  1.414236e-02   8.170629e-07   3.140419e+03   8.835673e-01   9.082946e-01   2.988241e-01
  1.423648e-02   9.294985e-07   3.119347e+03   8.834795e-01   9.082240e-01   2.993966e-01
  2.117379e-02   2.940508e-07   2.125191e+03   8.952139e-01   9.196519e-01   2.191294e-01
  2.277977e-02  -9.449298e-07   1.926781e+03   8.731962e-01   9.181876e-01   2.191736e-01
  2.334173e-02  -7.390814e-08   1.887247e+03   8.763788e-01   9.246229e-01   2.207308e-01
  2.327241e-02   4.705031e-06   1.893348e+03   8.766010e-01   9.254891e-01   2.196207e-01
  2.281436e-02   1.770785e-06   1.922776e+03   8.727042e-01   9.179120e-01   2.193667e-01
  2.115929e-02  -1.063069e-06   2.127041e+03   8.953791e-01   9.195782e-01   2.191910e-01
  1.416540e-02   7.847305e-07   3.139867e+03   8.848512e-01   9.088986e-01   2.961949e-01
  1.419094e-02   6.766392e-07   3.129890e+03   8.836300e-01   9.086742e-01   2.975388e-01
  2.101412e-02  -1.521855e-06   2.139211e+03   8.943242e-01   9.186145e-01   2.188706e-01
  2.279114e-02   2.401740e-07   1.926984e+03   8.737241e-01   9.185428e-01   2.187188e-01
  2.336170e-02   5.673795e-06   1.884393e+03   8.758023e-01   9.242725e-01   2.212122e-01
  2.309349e-02   7.973166e-07   1.907317e+03   8.762794e-01   9.249814e-01   2.201950e-01
  2.279368e-02  -1.164722e-06   1.926116e+03   8.734281e-01   9.183186e-01   2.193146e-01
  2.115490e-02  -3.258612e-06   2.128442e+03   8.957834e-01   9.198974e-01   2.194207e-01
  1.413035e-02  -8.791802e-07   3.144187e+03   8.838765e-01   9.084219e-01   2.991964e-01
  1.414069e-02  -4.048410e-07   3.145840e+03   8.849879e-01   9.091265e-01   2.982731e-01
  2.116687e-02   4.543095e-07   2.126071e+03   8.952917e-01   9.201593e-01   2.196115e-01
  2.283667e-02   4.409106e-07   1.921319e+03   8.728960e-01   9.179652e-01   2.192880e-01
  2.334116e-02  -6.489489e-07   1.886912e+03   8.762022e-01   9.245363e-01   2.204724e-01
  2.298984e-02   9.131164e-07   1.916457e+03   8.765264e-01   9.248092e-01   2.197793e-01
  2.289708e-02   5.994972e-08   1.917629e+03   8.735241e-01   9.184429e-01   2.196370e-01
  2.119283e-02   1.103244e-06   2.120844e+03   8.941857e-01   9.188929e-01   2.189580e-01
  1.421482e-02   1.412181e-06   3.126500e+03   8.841584e-01   9.091228e-01   2.985783e-01
  1.417169e-02   2.629978e-07   3.135106e+03   8.839020e-01   9.083955e-01   2.971112e-01
  2.119022e-02  -1.271641e-06   2.120532e+03   8.939442e-01   9.185713e-01   2.188672e-01
  2.279092e-02   3.747343e-07   1.926085e+03   8.733081e-01   9.182802e-01   2.184772e-01
  2.332270e-02   3.482927e-06   1.888481e+03   8.762371e-01   9.245205e-01   2.201023e-01
  2.305904e-02   1.204030e-06   1.910242e+03   8.763142e-01   9.246123e-01   2.210598e-01
  2.285825e-02   2.325604e-06   1.920099e+03   8.731657e-01   9.182255e-01   2.188364e-01
  2.114247e-02  -7.335570e-09   2.126765e+03   8.945513e-01   9.191624e-01   2.185194e-01
  1.423086e-02   1.321627e-06   3.125410e+03   8.848469e-01   9.089390e-01   2.972486e-01
  1.422592e-02  -4.790251e-07   3.131779e+03   8.863428e-01   9.095679e-01   2.965845e-01
  2.112575e-02   1.930194e-06   2.132442e+03   8.962302e-01   9.195826e-01   2.187691e-01
  2.281667e-02   3.060668e-06   1.925008e+03   8.738055e-01   9.186214e-01   2.192326e-01
  2.306195e-02  -1.180144e-06   1.910662e+03   8.766172e-01   9.246937e-01   2.205141e-01
  2.315822e-02   2.664049e-07   1.904234e+03   8.773153e-01   9.252228e-01   2.199229e-01
  2.280585e-02   5.752388e-07   1.925592e+03   8.736567e-01   9.184561e-01   2.194433e-01
  2.118427e-02  -1.959668e-06   2.123222e+03   8.948272e-01   9.194387e-01   2.186204e-01
  1.423905e-02  -1.593830e-06   3.124759e+03   8.851720e-01   9.093881e-01   2.965403e-01
  1.412891e-02  -2.991744e-06   3.148140e+03   8.848970e-01   9.089786e-01   2.975810e-01
  2.117342e-02   3.840824e-07   2.125897e+03   8.954953e-01   9.194569e-01   2.190884e-01
  2.278583e-02  -2.735475e-07   1.926511e+03   8.733060e-01   9.183102e-01   2.181528e-01
  2.333319e-02  -4.566516e-06   1.886187e+03   8.755663e-01   9.242845e-01   2.210682e-01
  2.324412e-02  -1.847067e-06   1.892378e+03   8.750867e-01   9.238644e-01   2.200122e-01
  2.287018e-02  -3.936849e-07   1.917723e+03   8.725407e-01   9.178463e-01   2.194085e-01
  2.121342e-02   1.800158e-06   2.120204e+03   8.947847e-01   9.189813e-01   2.191121e-01
  1.412095e-02   1.139148e-07   3.147435e+03   8.842008e-01   9.083599e-01   2.966180e-01
  1.418026e-02   3.296868e-06   3.146973e+03   8.877843e-01   9.107058e-01   2.964704e-01
  2.121710e-02  -1.745123e-06   2.123363e+03   8.962731e-01   9.200521e-01   2.193265e-01
  2.277327e-02  -1.293567e-06   1.929621e+03   8.742338e-01   9.188057e-01   2.193883e-01
  2.317784e-02   1.772467e-06   1.901890e+03   8.769776e-01   9.246630e-01   2.190477e-01
  2.346922e-02  -1.752714e-07   1.875831e+03   8.758356e-01   9.240048e-01   2.226493e-01
  2.282163e-02  -1.195739e-06   1.920833e+03   8.721003e-01   9.174565e-01   2.191268e-01
  2.120405e-02  -7.177579e-08   2.120334e+03   8.944441e-01   9.196138e-01   2.191630e-01
  1.412607e-02  -6.077439e-08   3.147157e+03   8.844431e-01   9.090594e-01   2.974975e-01
  1.420544e-02   1.419581e-06   3.130642e+03   8.847452e-01   9.089779e-01   2.971710e-01
  2.118104e-02   6.608194e-07   2.124344e+03   8.951635e-01   9.194286e-01   2.190172e-01
  2.286109e-02   1.829743e-06   1.918517e+03   8.725551e-01   9.178115e-01   2.197274e-01
  2.335345e-02   2.691350e-07   1.886887e+03   8.766514e-01   9.253302e-01   2.214093e-01
  2.343204e-02  -2.370213e-07   1.880555e+03   8.766503e-01   9.252059e-01   2.227302e-01
  2.278957e-02  -6.390258e-09   1.926598e+03   8.734889e-01   9.184105e-01   2.188086e-01
  2.116077e-02  -6.598533e-07   2.125664e+03   8.948624e-01   9.190461e-01   2.187084e-01
  1.412533e-02   2.332361e-07   3.150370e+03   8.852997e-01   9.098749e-01   2.980975e-01
  1.415132e-02  -1.681429e-06   3.150189e+03   8.868778e-01   9.100566e-01   2.945771e-01
  2.110316e-02  -3.963134e-07   2.133639e+03   8.957743e-01   9.198237e-01   2.176410e-01
  2.276012e-02  -1.472309e-06   1.929707e+03   8.737678e-01   9.185218e-01   2.184245e-01
  2.337585e-02   2.653956e-07   1.883425e+03   8.758823e-01   9.241065e-01   2.211622e-01
  2.337206e-02   1.778176e-07   1.886353e+03   8.771024e-01   9.253084e-01   2.220379e-01
  2.280526e-02  -5.610244e-08   1.925732e+03   8.736972e-01   9.185559e-01   2.186600e-01
  2.116885e-02   5.720632e-07   2.125096e+03   8.949649e-01   9.188016e-01   2.183133e-01
  1.421642e-02   2.075591e-07   3.128954e+03   8.849515e-01   9.093516e-01   2.970516e-01
  1.423342e-02   5.626671e-07   3.128783e+03   8.859612e-01   9.095899e-01   2.988880e-01
  2.117014e-02  -8.577978e-08   2.127982e+03   8.962350e-01   9.201426e-01   2.190750e-01
  2.283879e-02  -1.938585e-06   1.923067e+03   8.737709e-01   9.185342e-01   2.195923e-01
  2.331588e-02   2.954428e-07   1.889536e+03   8.764705e-01   9.241427e-01   2.211483e-01
  2.330684e-02   5.413883e-07   1.890727e+03   8.766826e-01   9.240346e-01   2.203742e-01
  2.281174e-02  -2.299554e-08   1.924772e+03   8.735097e-01   9.183997e-01   2.191374e-01
  2.117221e-02   8.692499e-08   2.124917e+03   8.950315e-01   9.191540e-01   2.185679e-01
  1.426081e-02  -1.025664e-07   3.121276e+03   8.855364e-01   9.097843e-01   2.981800e-01
  1.448504e-02  -2.810367e-07   3.135416e+03   9.035348e-01   9.107322e-01   1.060699e-01
  2.101079e-02  -2.840777e-07   2.157229e+03   9.017142e-01   9.239191e-01   7.973285e-02
  2.262561e-02  -9.471252e-08   1.956406e+03   8.806219e-01   9.226633e-01   7.931176e-02
  2.322729e-02   1.469357e-07   1.903071e+03   8.793944e-01   9.264403e-01   7.974813e-02
  2.324219e-02  -6.231122e-07   1.900635e+03   8.788321e-01   9.257462e-01   7.961163e-02
  2.261519e-02  -3.270940e-07   1.956668e+03   8.803341e-01   9.220552e-01   7.900449e-02
  2.099995e-02   2.830935e-07   2.159735e+03   9.022955e-01   9.241012e-01   7.983420e-02
  1.448359e-02  -2.073503e-06   3.138549e+03   9.043477e-01   9.112236e-01   1.067064e-01
  1.452387e-02  -7.747977e-07   3.129171e+03   9.041530e-01   9.111991e-01   1.073486e-01
  2.101336e-02   9.326832e-07   2.158338e+03   9.022876e-01   9.241402e-01   7.991058e-02
  2.254370e-02  -7.409037e-07   1.962654e+03   8.802358e-01   9.223981e-01   7.879560e-02
  2.322222e-02  -4.483922e-06   1.902553e+03   8.789629e-01   9.266408e-01   7.947706e-02
  2.325009e-02  -6.024879e-07   1.900089e+03   8.788780e-01   9.258784e-01   7.978053e-02
  2.261879e-02  -3.332419e-07   1.956327e+03   8.803207e-01   9.221649e-01   7.893304e-02
  2.102069e-02  -1.185379e-06   2.156388e+03   9.017869e-01   9.238004e-01   7.987772e-02
  1.449375e-02  -1.355460e-06   3.134431e+03   9.037948e-01   9.109266e-01   1.067598e-01
  1.449075e-02  -6.111689e-07   3.134662e+03   9.036742e-01   9.109468e-01   1.064196e-01
  2.104257e-02   2.566010e-07   2.153082e+03   9.013418e-01   9.235600e-01   7.962283e-02
  2.264532e-02   1.635592e-07   1.951929e+03   8.793719e-01   9.218344e-01   7.976354e-02
  2.324585e-02   4.843946e-07   1.901046e+03   8.791606e-01   9.250679e-01   7.971381e-02
  2.325243e-02   5.311767e-07   1.899173e+03   8.785431e-01   9.259237e-01   7.967478e-02
  2.262902e-02   2.904009e-07   1.955702e+03   8.804374e-01   9.224671e-01   7.892619e-02
  2.100967e-02   3.487383e-07   2.157812e+03   9.019094e-01   9.238745e-01   7.977029e-02
  1.443520e-02   1.838785e-06   3.149095e+03   9.043544e-01   9.112653e-01   1.063579e-01
  1.453868e-02  -2.299097e-07   3.127023e+03   9.044537e-01   9.112723e-01   1.058454e-01
  2.102049e-02  -1.377070e-06   2.158814e+03   9.027932e-01   9.244299e-01   7.941995e-02
  2.269277e-02   3.157482e-07   1.951358e+03   8.809566e-01   9.229530e-01   7.941866e-02
  2.313980e-02   3.479575e-06   1.910307e+03   8.794131e-01   9.282915e-01   7.902311e-02
  2.323108e-02  -4.368476e-07   1.901722e+03   8.789145e-01   9.261320e-01   7.984551e-02
  2.261108e-02  -6.253431e-07   1.957364e+03   8.804873e-01   9.225604e-01   7.871085e-02
  2.093034e-02   9.218267e-07   2.165917e+03   9.018790e-01   9.239037e-01   7.980441e-02
  1.450006e-02   1.861592e-07   3.135728e+03   9.045620e-01   9.114255e-01   1.066724e-01
  1.450351e-02   1.985406e-06   3.131768e+03   9.036345e-01   9.108333e-01   1.066792e-01
  2.100764e-02  -7.093932e-07   2.158674e+03   9.021828e-01   9.240676e-01   7.971373e-02
  2.262598e-02   2.691819e-07   1.955462e+03   8.802112e-01   9.224784e-01   7.917293e-02
  2.326119e-02  -1.040889e-06   1.897507e+03   8.781031e-01   9.269613e-01   8.009026e-02
  2.324181e-02  -1.146608e-07   1.900472e+03   8.787423e-01   9.260595e-01   7.951570e-02
  2.261348e-02  -2.000888e-07   1.957549e+03   8.806638e-01   9.226991e-01   7.887432e-02
  2.100095e-02  -3.383284e-07   2.158620e+03   9.018724e-01   9.237269e-01   7.960610e-02
  1.452110e-02  -4.760020e-07   3.131289e+03   9.045918e-01   9.112956e-01   1.062485e-01
  1.446793e-02   1.292307e-07   3.144242e+03   9.050081e-01   9.116571e-01   1.056602e-01
  2.095842e-02   2.464796e-07   2.163021e+03   9.018815e-01   9.238408e-01   7.931275e-02
  2.269347e-02   1.141248e-06   1.950305e+03   8.805084e-01   9.226143e-01   7.885091e-02
  2.328600e-02   1.085600e-06   1.897978e+03   8.792577e-01   9.268395e-01   7.992240e-02
  2.325789e-02   1.099803e-06   1.900053e+03   8.791564e-01   9.263674e-01   7.941535e-02
  2.259512e-02   1.150390e-06   1.958049e+03   8.801735e-01   9.222967e-01   7.863587e-02
  2.100944e-02   5.121926e-07   2.158977e+03   9.023866e-01   9.246331e-01   7.966493e-02
  1.448879e-02  -2.726685e-07   3.138831e+03   9.047532e-01   9.117616e-01   1.061531e-01
  1.445800e-02  -2.498228e-06   3.143800e+03   9.042600e-01   9.109928e-01   1.063702e-01
  2.099621e-02   1.153070e-06   2.161160e+03   9.027302e-01   9.244111e-01   7.968395e-02
  2.262631e-02   5.308900e-07   1.956591e+03   8.807321e-01   9.227326e-01   7.905572e-02
  2.324830e-02  -3.051861e-07   1.899273e+03   8.784328e-01   9.259889e-01   7.998036e-02
  2.335772e-02  -1.363832e-07   1.892688e+03   8.795078e-01   9.265920e-01   7.954643e-02
  2.273293e-02   4.032995e-07   1.946644e+03   8.803838e-01   9.226275e-01   7.963733e-02
  2.094497e-02  -1.891174e-07   2.165968e+03   9.025308e-01   9.236014e-01   7.944685e-02
  1.452534e-02   2.106285e-07   3.129547e+03   9.043528e-01   9.109685e-01   1.061968e-01
  1.451151e-02   2.022712e-06   3.133623e+03   9.046686e-01   9.119915e-01   1.071501e-01
  2.102005e-02   4.771896e-07   2.157053e+03   9.020378e-01   9.239379e-01   7.995813e-02
  2.260437e-02  -2.533424e-06   1.958514e+03   8.807431e-01   9.227538e-01   7.865438e-02
  2.323867e-02   7.960516e-07   1.901884e+03   8.792763e-01   9.264398e-01   7.981348e-02
  2.320637e-02   3.343395e-07   1.904681e+03   8.793458e-01   9.264494e-01   7.958472e-02
  2.260251e-02  -8.096917e-07   1.957470e+03   8.802011e-01   9.224624e-01   7.824546e-02
  2.099521e-02  -6.233235e-07   2.158256e+03   9.014743e-01   9.231756e-01   8.022297e-02
  1.447340e-02   4.861858e-07   3.138825e+03   9.037906e-01   9.100385e-01   1.069866e-01
  1.453834e-02   2.873938e-07   3.129539e+03   9.051599e-01   9.110388e-01   1.064344e-01
  2.097193e-02  -3.307699e-07   2.161432e+03   9.017996e-01   9.238553e-01   7.959767e-02
  2.256804e-02  -8.295305e-07   1.961748e+03   8.807796e-01   9.227189e-01   7.882614e-02
  2.323871e-02   1.904821e-06   1.900491e+03   8.786341e-01   9.260527e-01   7.983791e-02
  2.322334e-02   4.592286e-07   1.902061e+03   8.787781e-01   9.260966e-01   7.964973e-02
  2.260949e-02  -1.807371e-06   1.956023e+03   8.798223e-01   9.221704e-01   7.894097e-02
  2.107128e-02   2.623650e-07   2.150866e+03   9.016427e-01   9.236019e-01   8.013468e-02
  1.442396e-02  -8.594445e-08   3.147934e+03   9.033174e-01   9.112280e-01   1.063189e-01
  1.445721e-02  -2.110054e-06   3.146275e+03   9.049225e-01   9.111955e-01   1.061308e-01
  2.101808e-02  -9.202144e-07   2.159635e+03   9.030327e-01   9.245837e-01   7.994043e-02
  2.253225e-02   1.152006e-06   1.965529e+03   8.810774e-01   9.229004e-01   7.909025e-02
  2.323147e-02  -2.950620e-06   1.902109e+03   8.791078e-01   9.261620e-01   7.954126e-02
  2.324342e-02  -1.126962e-06   1.900118e+03   8.786398e-01   9.260322e-01   7.983423e-02
  2.264836e-02   2.082054e-06   1.955854e+03   8.812583e-01   9.231255e-01   7.816111e-02
  2.100553e-02  -1.421284e-06   2.158864e+03   9.021714e-01   9.236977e-01   7.973811e-02
  1.449462e-02   3.275299e-07   3.136331e+03   9.043966e-01   9.117835e-01   1.069210e-01
  1.444183e-02   6.838747e-07   3.147251e+03   9.042398e-01   9.104661e-01   1.065876e-01
  2.101547e-02   3.850124e-06   2.158346e+03   9.023819e-01   9.242295e-01   7.977586e-02
  2.263316e-02  -6.031989e-07   1.954627e+03   8.801145e-01   9.223952e-01   7.904977e-02
  2.323911e-02  -1.474012e-06   1.901102e+03   8.789315e-01   9.270262e-01   8.004319e-02
  2.324044e-02   1.487998e-06   1.899810e+03   8.783845e-01   9.258310e-01   7.958537e-02
  2.249968e-02   1.498359e-06   1.967762e+03   8.808036e-01   9.226408e-01   7.842821e-02
  2.102715e-02   7.608112e-07   2.155043e+03   9.015019e-01   9.245738e-01   7.979955e-02
  1.452054e-02  -6.749772e-07   3.128566e+03   9.037706e-01   9.112467e-01   1.068104e-01
  1.446317e-02  -6.159971e-07   3.141897e+03   9.040356e-01   9.117619e-01   1.069841e-01
  2.100175e-02   3.054461e-07   2.156235e+03   9.009105e-01   9.232441e-01   7.978737e-02
  2.263080e-02  -3.533372e-07   1.955854e+03   8.805754e-01   9.225596e-01   7.926174e-02
  2.331935e-02   5.526214e-07   1.894098e+03   8.787168e-01   9.234946e-01   8.027892e-02
  2.323794e-02   2.153746e-06   1.901728e+03   8.791766e-01   9.264416e-01   7.981211e-02
  2.261050e-02  -3.159499e-06   1.956483e+03   8.800683e-01   9.224267e-01   7.877212e-02
  2.099909e-02   1.822175e-06   2.161013e+03   9.027928e-01   9.231161e-01   7.976563e-02
  1.447626e-02  -1.244268e-06   3.143309e+03   9.052603e-01   9.115335e-01   1.064908e-01
  1.450617e-02  -5.367644e-07   3.133318e+03   9.042474e-01   9.117498e-01   1.063592e-01
  2.096157e-02  -4.130637e-06   2.163673e+03   9.022889e-01   9.240423e-01   7.994324e-02
  2.262684e-02  -3.784894e-08   1.956938e+03   8.809089e-01   9.230807e-01   7.891077e-02
  2.312408e-02   3.554946e-07   1.909189e+03   8.783011e-01   9.294630e-01   7.959645e-02
  2.323655e-02  -3.448791e-06   1.900439e+03   8.785280e-01   9.258446e-01   7.961116e-02
  2.258962e-02  -4.167557e-07   1.959853e+03   8.807701e-01   9.228271e-01   7.897307e-02
  2.101051e-02  -1.118045e-06   2.159896e+03   9.028167e-01   9.234507e-01   7.984222e-02
  1.446343e-02  -4.115180e-07   3.141783e+03   9.040187e-01   9.114643e-01   1.065578e-01
  1.450772e-02   2.335300e-06   3.134390e+03   9.046536e-01   9.116165e-01   1.062179e-01
  2.107659e-02  -1.828851e-07   2.146976e+03   9.002387e-01   9.228775e-01   7.987066e-02
  2.265569e-02   2.716189e-06   1.953028e+03   8.802698e-01   9.221542e-01   7.871435e-02
  2.311112e-02  -2.298424e-07   1.910827e+03   8.785624e-01   9.285384e-01   7.972992e-02
  2.318207e-02  -3.832063e-07   1.907166e+03   8.795706e-01   9.264828e-01   7.993050e-02
  2.264649e-02   1.497949e-07   1.952657e+03   8.797457e-01   9.221552e-01   7.895465e-02
  2.104377e-02  -1.226699e-06   2.155188e+03   9.022748e-01   9.238862e-01   7.982514e-02
  1.438526e-02  -1.013143e-06   3.160800e+03   9.045755e-01   9.107597e-01   1.069440e-01
  1.451352e-02   5.039899e-07   3.131129e+03   9.040740e-01   9.110642e-01   1.064316e-01
  2.108157e-02  -3.468732e-07   2.150356e+03   9.018687e-01   9.239185e-01   7.914612e-02
  2.250328e-02   3.031493e-07   1.967379e+03   8.807731e-01   9.232768e-01   7.848864e-02
  2.341908e-02  -3.057600e-06   1.887090e+03   8.792101e-01   9.272329e-01   7.984169e-02
  2.326414e-02   1.054494e-06   1.898987e+03   8.788994e-01   9.261987e-01   7.974655e-02
  2.260653e-02  -9.138321e-07   1.957846e+03   8.805268e-01   9.226140e-01   7.837316e-02
  2.105347e-02  -9.467106e-08   2.152816e+03   9.016972e-01   9.237579e-01   7.974909e-02
  1.451286e-02  -1.953567e-07   3.130250e+03   9.037790e-01   9.104747e-01   1.070849e-01
  1.446438e-02   1.464361e-06   3.137499e+03   9.028462e-01   9.104168e-01   1.069546e-01
  2.102389e-02  -1.281029e-06   2.155552e+03   9.015750e-01   9.237236e-01   7.969722e-02
  2.251632e-02  -7.264580e-06   1.967171e+03   8.811901e-01   9.233681e-01   7.942660e-02
  2.333447e-02  -2.204525e-06   1.892812e+03   8.786900e-01   9.262612e-01   7.957107e-02
  2.321871e-02   7.596548e-07   1.903327e+03   8.791878e-01   9.263875e-01   7.969356e-02
  2.258147e-02  -7.914374e-07   1.960310e+03   8.806579e-01   9.226586e-01   7.884522e-02
  2.097652e-02  -3.759404e-06   2.160837e+03   9.017489e-01   9.238066e-01   7.973444e-02
  1.453862e-02   8.049602e-07   3.127128e+03   9.044802e-01   9.111052e-01   1.068145e-01
  1.448415e-02   5.868887e-07   3.139830e+03   9.047516e-01   9.114605e-01   1.060500e-01
  2.095894e-02   1.277238e-07   2.165106e+03   9.027729e-01   9.244134e-01   7.995948e-02
  2.272965e-02   2.017550e-06   1.943488e+03   8.788296e-01   9.217110e-01   7.947988e-02
  2.318473e-02   6.106688e-07   1.907280e+03   8.797244e-01   9.267150e-01   8.002193e-02
  2.315688e-02  -1.221871e-05   1.908617e+03   8.792835e-01   9.264045e-01   7.979020e-02
  2.265690e-02   3.781277e-07   1.953847e+03   8.806862e-01   9.226985e-01   7.921839e-02
  2.102065e-02  -1.424071e-07   2.155636e+03   9.014709e-01   9.236009e-01   7.971609e-02
  1.443999e-02  -1.978382e-06   3.147544e+03   9.042091e-01   9.110884e-01   1.065131e-01
  1.447453e-02  -1.717507e-06   3.138583e+03   9.037918e-01   9.109023e-01   1.062398e-01
  2.097162e-02   5.918887e-06   2.161644e+03   9.018748e-01   9.238473e-01   7.965911e-02
  2.255734e-02  -8.937691e-08   1.961848e+03   8.804067e-01   9.226596e-01   7.820013e-02
  2.323012e-02   2.682483e-06   1.902560e+03   8.792652e-01   9.264040e-01   7.973452e-02
  2.341994e-02  -3.333547e-06   1.885197e+03   8.783605e-01   9.258860e-01   8.016350e-02
  2.267883e-02  -6.457782e-06   1.950200e+03   8.798934e-01   9.222503e-01   7.865245e-02
  2.092680e-02   3.135470e-06   2.169768e+03   9.033296e-01   9.246985e-01   7.886324e-02
  1.437009e-02   1.345363e-06   3.168139e+03   9.057196e-01   9.121354e-01   1.068949e-01
  1.443505e-02  -7.659243e-07   3.154209e+03   9.058137e-01   9.121449e-01   1.067143e-01
  2.100887e-02   1.850418e-07   2.159970e+03   9.027771e-01   9.243951e-01   8.007673e-02
  2.257618e-02  -3.088837e-06   1.962144e+03   8.812751e-01   9.226344e-01   7.877554e-02
  2.320779e-02   2.906146e-06   1.904174e+03   8.791655e-01   9.263724e-01   7.975008e-02
  2.343256e-02   2.341308e-05   1.884169e+03   8.783541e-01   9.259409e-01   7.985696e-02
  2.257959e-02   5.630671e-07   1.959895e+03   8.803978e-01   9.225019e-01   7.872101e-02
  2.097755e-02  -9.703285e-07   2.162058e+03   9.023028e-01   9.241270e-01   7.976587e-02
  1.449924e-02   4.479833e-06   3.132228e+03   9.035017e-01   9.108279e-01   1.066860e-01
  1.445716e-02   2.261166e-07   3.147290e+03   9.052109e-01   9.117170e-01   1.066115e-01
  2.102830e-02  -4.646918e-06   2.156481e+03   9.021527e-01   9.240594e-01   7.996357e-02
  2.262633e-02   5.145270e-06   1.959215e+03   8.819141e-01   9.240243e-01   7.970999e-02
  2.329066e-02   6.291873e-07   1.898524e+03   8.796868e-01   9.266772e-01   7.999705e-02
  2.306624e-02   1.149131e-05   1.914286e+03   8.784434e-01   9.259269e-01   7.918005e-02
  2.257288e-02   8.823808e-06   1.961922e+03   8.810468e-01   9.229057e-01   7.908867e-02
  2.103550e-02   2.514876e-08   2.158731e+03   9.034028e-01   9.247692e-01   8.031515e-02
  1.449872e-02   8.853501e-07   3.136738e+03   9.047696e-01   9.115173e-01   1.065600e-01
  1.446465e-02  -7.120752e-07   3.142513e+03   9.043053e-01   9.113407e-01   1.067128e-01
  2.100971e-02   2.784617e-07   2.158326e+03   9.021262e-01   9.240100e-01   7.968652e-02
  2.262770e-02   6.418932e-08   1.956016e+03   8.805274e-01   9.228764e-01   7.922038e-02
  2.328336e-02   1.476464e-06   1.896435e+03   8.784436e-01   9.259043e-01   7.956515e-02
  2.317199e-02  -1.149720e-05   1.908989e+03   8.800289e-01   9.268384e-01   7.953317e-02
  2.266098e-02  -2.157836e-06   1.951452e+03   8.797649e-01   9.221632e-01   7.891740e-02
  2.102202e-02   4.899652e-07   2.155083e+03   9.012984e-01   9.235383e-01   7.956163e-02
  1.452400e-02  -2.830338e-06   3.128349e+03   9.039231e-01   9.110685e-01   1.067047e-01
  1.448798e-02   6.529919e-07   3.138526e+03   9.046146e-01   9.112218e-01   1.062273e-01
  2.099642e-02   4.422177e-07   2.159683e+03   9.021221e-01   9.240705e-01   7.984534e-02
  2.263959e-02  -8.738823e-07   1.956084e+03   8.810210e-01   9.234420e-01   7.883288e-02
  2.294632e-02  -3.726156e-07   1.929110e+03   8.806440e-01   9.272234e-01   7.956896e-02
  2.331371e-02  -1.075258e-05   1.897502e+03   8.800834e-01   9.269104e-01   7.985024e-02
  2.262317e-02  -5.326877e-08   1.955751e+03   8.802321e-01   9.224451e-01   7.851692e-02
  2.094347e-02   8.408791e-08   2.167158e+03   9.029615e-01   9.245272e-01   7.943924e-02
  1.451182e-02  -3.114601e-06   3.135037e+03   9.050961e-01   9.116497e-01   1.060564e-01
  1.446184e-02   1.028826e-07   3.144826e+03   9.047951e-01   9.115942e-01   1.066526e-01
  2.118137e-02  -3.837275e-07   2.140372e+03   9.019311e-01   9.238889e-01   7.987827e-02
  2.264962e-02   6.506371e-07   1.953997e+03   8.804709e-01   9.220669e-01   7.893004e-02
  2.332835e-02  -2.132681e-06   1.892906e+03   8.785030e-01   9.260317e-01   7.994555e-02
  2.324210e-02  -4.739221e-07   1.899448e+03   8.782796e-01   9.258604e-01   7.977437e-02
  2.251172e-02   2.742216e-06   1.966346e+03   8.806407e-01   9.226036e-01   7.857260e-02
  2.099325e-02   2.532767e-06   2.159325e+03   9.018366e-01   9.238088e-01   7.959062e-02
  1.459735e-02   3.016202e-07   3.114084e+03   9.043457e-01   9.113405e-01   1.064489e-01
  1.446920e-02  -1.986894e-06   3.141957e+03   9.044300e-01   9.118647e-01   1.054805e-01
  2.105175e-02  -9.364223e-07   2.152874e+03   9.016479e-01   9.236445e-01   7.965712e-02
  2.259298e-02   4.582657e-07   1.959317e+03   8.806600e-01   9.222971e-01   7.865416e-02
  2.320022e-02  -1.280022e-07   1.904678e+03   8.791114e-01   9.263689e-01   7.915659e-02
  2.337846e-02  -4.085434e-07   1.892048e+03   8.799910e-01   9.268581e-01   7.910340e-02
  2.269691e-02   6.910649e-06   1.949395e+03   8.802314e-01   9.224240e-01   7.904053e-02
  2.110975e-02   8.172093e-07   2.146945e+03   9.016421e-01   9.237965e-01   7.978648e-02
  1.449656e-02   1.413558e-06   3.135532e+03   9.042869e-01   9.109582e-01   1.058409e-01
  1.447907e-02  -1.531124e-07   3.141845e+03   9.050143e-01   9.119773e-01   1.065679e-01
  2.096490e-02  -1.215524e-07   2.163981e+03   9.025606e-01   9.242494e-01   7.936503e-02
  2.259132e-02  -7.298333e-07   1.958633e+03   8.802881e-01   9.223131e-01   7.891548e-02
  2.329891e-02   3.837558e-07   1.895296e+03   8.785020e-01   9.259731e-01   7.965789e-02
  2.323176e-02  -1.281563e-06   1.902993e+03   8.795275e-01   9.265582e-01   7.975407e-02
  2.263602e-02  -9.851572e-07   1.953846e+03   8.798740e-01   9.222594e-01   7.842408e-02
  2.097664e-02   7.871073e-07   2.161393e+03   9.019863e-01   9.235240e-01   7.975711e-02
  1.439317e-02   5.587706e-07   3.159707e+03   9.047601e-01   9.112904e-01   1.058625e-01
  1.453416e-02   7.513101e-07   3.123537e+03   9.031643e-01   9.106485e-01   1.066391e-01
  2.104592e-02   1.199253e-06   2.152505e+03   9.012438e-01   9.234644e-01   7.973189e-02
  2.258991e-02   1.989868e-07   1.959549e+03   8.806448e-01   9.226391e-01   7.881758e-02
  2.321920e-02   4.264303e-07   1.904671e+03   8.798272e-01   9.268172e-01   7.889424e-02
  2.325237e-02  -8.061735e-07   1.900326e+03   8.790740e-01   9.263051e-01   7.949115e-02
  2.251597e-02  -6.794927e-06   1.966196e+03   8.807396e-01   9.226235e-01   7.875409e-02
  2.097089e-02   4.988335e-07   2.161635e+03   9.018400e-01   9.246163e-01   7.969938e-02
  1.448329e-02   8.905562e-07   3.137467e+03   9.040171e-01   9.110635e-01   1.061267e-01
  1.445620e-02  -4.039633e-07   3.149367e+03   9.057480e-01   9.120793e-01   1.064457e-01
  2.101785e-02  -4.338749e-07   2.159094e+03   9.027966e-01   9.244532e-01   7.950864e-02
  2.259422e-02  -4.858259e-07   1.957004e+03   8.796687e-01   9.220507e-01   7.888526e-02
  2.340455e-02  -4.619219e-07   1.886214e+03   8.782567e-01   9.257894e-01   7.941402e-02
  2.324183e-02   8.873713e-07   1.901418e+03   8.791802e-01   9.263670e-01   7.981757e-02
  2.262115e-02  -3.203579e-07   1.956571e+03   8.805223e-01   9.226354e-01   7.867479e-02
  2.102484e-02  -2.260472e-06   2.157184e+03   9.022981e-01   9.236959e-01   7.953848e-02
  1.450735e-02  -6.495922e-07   3.135069e+03   9.048266e-01   9.114636e-01   1.062190e-01
  1.453068e-02   9.161680e-08   3.123190e+03   9.028478e-01   9.104099e-01   1.072857e-01
  2.099120e-02  -3.567899e-06   2.158568e+03   9.014324e-01   9.235615e-01   7.981902e-02
  2.260532e-02   5.689708e-07   1.957514e+03   8.803302e-01   9.224832e-01   7.909394e-02
  2.323639e-02   2.191041e-06   1.900110e+03   8.783704e-01   9.258086e-01   7.930461e-02
  2.324769e-02   2.947873e-06   1.899626e+03   8.785733e-01   9.259961e-01   7.943102e-02
  2.259216e-02   5.656980e-07   1.957989e+03   8.800315e-01   9.223262e-01   7.910376e-02
  2.101919e-02  -7.870680e-07   2.157668e+03   9.022582e-01   9.237372e-01   7.982788e-02
  1.448739e-02  -1.284719e-06   3.137095e+03   9.041655e-01   9.110570e-01   1.065712e-01
  1.448943e-02   1.357506e-06   3.139545e+03   9.049990e-01   9.116856e-01   1.059189e-01
  2.101539e-02   1.467611e-07   2.156759e+03   9.017149e-01   9.239265e-01   7.981975e-02
  2.264981e-02   2.231593e-06   1.952525e+03   8.798149e-01   9.221636e-01   7.908990e-02
  2.322226e-02  -1.043053e-06   1.901938e+03   8.786803e-01   9.260508e-01   7.946855e-02
  2.317827e-02   3.125674e-06   1.906716e+03   8.792193e-01   9.263619e-01   7.955009e-02
  2.261587e-02   2.251266e-06   1.957674e+03   8.808132e-01   9.227773e-01   7.897226e-02
  2.103481e-02  -5.617566e-07   2.157512e+03   9.028633e-01   9.242901e-01   7.957444e-02
  1.455481e-02  -2.514864e-07   3.125198e+03   9.049287e-01   9.117841e-01   1.062647e-01
  1.446815e-02   1.175728e-06   3.140662e+03   9.039917e-01   9.109453e-01   1.062197e-01
  2.101523e-02   3.372819e-06   2.157504e+03   9.020196e-01   9.234816e-01   7.947480e-02
  2.257881e-02   1.146153e-06   1.960076e+03   8.804488e-01   9.225926e-01   7.894250e-02
  2.322695e-02   1.225999e-06   1.902171e+03   8.789658e-01   9.262245e-01   7.933292e-02
  2.332921e-02  -1.825200e-06   1.894077e+03   8.790787e-01   9.263327e-01   7.986364e-02
  2.261345e-02  -1.253335e-06   1.957339e+03   8.805681e-01   9.226457e-01   7.907234e-02
  2.099772e-02   5.780399e-08   2.158232e+03   9.015718e-01   9.236536e-01   7.969645e-02
  1.450246e-02   5.798422e-07   3.132249e+03   9.037081e-01   9.104888e-01   1.066452e-01
  1.449563e-02   4.563243e-07   3.135464e+03   9.042094e-01   9.112312e-01   1.062824e-01
  2.100560e-02   7.456107e-07   2.158035e+03   9.018283e-01   9.244864e-01   7.983144e-02
  2.260941e-02  -3.432492e-07   1.957564e+03   8.805119e-01   9.225197e-01   7.904906e-02
  2.322383e-02   1.226671e-06   1.902747e+03   8.791136e-01   9.263225e-01   7.983925e-02
  2.326059e-02  -1.056138e-06   1.899529e+03   8.790160e-01   9.261717e-01   7.968771e-02
  2.261230e-02  -1.006694e-06   1.958149e+03   8.808880e-01   9.227301e-01   7.904527e-02
  2.097446e-02   2.260630e-07   2.163598e+03   9.028123e-01   9.244388e-01   7.961685e-02
  1.450225e-02   2.232544e-06   3.136049e+03   9.047914e-01   9.112091e-01   1.062661e-01
  1.451160e-02  -1.411459e-06   3.130659e+03   9.038182e-01   9.110272e-01   1.066394e-01
  2.101489e-02   1.621771e-08   2.156985e+03   9.017880e-01   9.242808e-01   7.973466e-02
  2.261381e-02  -9.602273e-07   1.957112e+03   8.804799e-01   9.225198e-01   7.919234e-02
  2.325528e-02  -2.701458e-06   1.900977e+03   8.794855e-01   9.265691e-01   7.976614e-02
  2.322709e-02   7.781758e-07   1.901768e+03   8.787849e-01   9.264157e-01   7.965132e-02
  2.260836e-02   5.992491e-07   1.957811e+03   8.805822e-01   9.229459e-01   7.903392e-02
  2.099819e-02   1.148161e-06   2.159595e+03   9.021618e-01   9.240519e-01   7.984754e-02
  1.448789e-02   1.361358e-06   3.136362e+03   9.039851e-01   9.109261e-01   1.066031e-01
  1.463277e-02   8.254422e-09   3.139902e+03   9.140563e-01   9.128073e-01   1.380183e-02
  2.089096e-02   2.593113e-07   2.179227e+03   9.057139e-01   9.264094e-01   1.002271e-02
  2.249294e-02  -8.319502e-07   1.975965e+03   8.842107e-01   9.247842e-01   9.037350e-03
  2.316517e-02  -3.890453e-07   1.911260e+03   8.808163e-01   9.273565e-01   9.161697e-03
  2.319318e-02   1.676728e-07   1.907870e+03   8.803174e-01   9.276617e-01   9.196168e-03
  2.250546e-02   2.006563e-08   1.974341e+03   8.839755e-01   9.246711e-01   8.823239e-03
  2.092029e-02   7.912787e-09   2.175724e+03   9.055277e-01   9.262488e-01   1.005307e-02
  1.459388e-02  -1.515653e-07   3.144921e+03   9.130839e-01   9.122455e-01   1.380415e-02
  1.464690e-02  -3.930304e-07   3.135090e+03   9.135362e-01   9.124834e-01   1.393232e-02
  2.092120e-02  -4.798353e-07   2.175807e+03   9.056013e-01   9.262560e-01   1.008655e-02
  2.255549e-02   2.294985e-09   1.970666e+03   8.842917e-01   9.248833e-01   9.000382e-03
  2.321491e-02  -1.890164e-07   1.907425e+03   8.809369e-01   9.274423e-01   9.316941e-03
  2.315828e-02   1.314113e-07   1.910819e+03   8.803510e-01   9.272054e-01   9.326673e-03
  2.249493e-02  -2.708433e-07   1.976231e+03   8.844075e-01   9.249268e-01   8.940805e-03
  2.093323e-02  -1.073511e-07   2.174265e+03   9.054801e-01   9.261627e-01   1.019946e-02
  1.464393e-02  -6.888400e-07   3.136280e+03   9.136978e-01   9.124872e-01   1.393217e-02
  1.466242e-02   5.792193e-07   3.129412e+03   9.128479e-01   9.120796e-01   1.388550e-02
  2.093580e-02   3.567066e-07   2.174730e+03   9.057850e-01   9.263204e-01   1.016494e-02
  2.249728e-02   2.489902e-06   1.974411e+03   8.836855e-01   9.244749e-01   8.922574e-03
  2.316156e-02  -9.094799e-07   1.910846e+03   8.804884e-01   9.271633e-01   9.195638e-03
  2.316981e-02   6.062246e-07   1.909246e+03   8.800647e-01   9.269062e-01   9.302906e-03
  2.251007e-02  -3.258611e-07   1.975124e+03   8.845072e-01   9.250052e-01   8.920177e-03
  2.093305e-02   1.713136e-07   2.173200e+03   9.050289e-01   9.259068e-01   1.014783e-02
  1.461478e-02  -1.248118e-07   3.141940e+03   9.135244e-01   9.123306e-01   1.380204e-02
  1.464900e-02   4.444060e-07   3.133676e+03   9.132556e-01   9.123392e-01   1.396815e-02
  2.094520e-02  -4.363879e-07   2.171719e+03   9.049370e-01   9.258296e-01   1.019401e-02
  2.250531e-02  -1.900728e-07   1.974545e+03   8.840611e-01   9.247214e-01   8.966639e-03
  2.312334e-02   4.242836e-07   1.912846e+03   8.799553e-01   9.268082e-01   9.563510e-03
  2.319193e-02   1.040919e-07   1.908050e+03   8.803530e-01   9.270924e-01   9.285877e-03
  2.250608e-02   5.384004e-07   1.975512e+03   8.845239e-01   9.249732e-01   8.918627e-03
  2.091007e-02  -9.042134e-08   2.177233e+03   9.057127e-01   9.262973e-01   1.014611e-02
  1.462051e-02   4.297818e-07   3.143301e+03   9.142786e-01   9.129223e-01   1.370479e-02
  1.464667e-02  -6.231931e-07   3.133966e+03   9.131942e-01   9.121902e-01   1.363451e-02
  2.092637e-02  -2.525573e-06   2.172846e+03   9.045926e-01   9.256301e-01   1.007593e-02
  2.250544e-02  -1.443719e-06   1.975755e+03   8.846081e-01   9.250641e-01   8.889331e-03
  2.326922e-02   9.040605e-07   1.901667e+03   8.803317e-01   9.271101e-01   9.368960e-03
  2.324543e-02   9.916721e-08   1.903608e+03   8.803294e-01   9.270899e-01   9.249311e-03
  2.250921e-02   2.593769e-07   1.973290e+03   8.836523e-01   9.247743e-01   8.914720e-03
  2.093804e-02  -5.767188e-08   2.174290e+03   9.056982e-01   9.263160e-01   1.015676e-02
  1.462879e-02   1.579050e-07   3.139342e+03   9.136442e-01   9.124287e-01   1.378249e-02
  1.455706e-02  -4.343922e-07   3.156192e+03   9.140441e-01   9.132655e-01   1.358111e-02
  2.104670e-02   2.341109e-06   2.164455e+03   9.062807e-01   9.266730e-01   1.014693e-02
  2.252745e-02   2.963626e-07   1.973296e+03   8.843708e-01   9.249139e-01   8.857348e-03
  2.317532e-02   7.730190e-07   1.909937e+03   8.805920e-01   9.272327e-01   9.252464e-03
  2.315908e-02  -6.745303e-07   1.912279e+03   8.810540e-01   9.275872e-01   9.281614e-03
  2.249522e-02   1.015588e-06   1.975251e+03   8.839804e-01   9.230961e-01   8.871345e-03
  2.091073e-02  -6.052204e-07   2.177606e+03   9.058966e-01   9.263370e-01   1.005883e-02
  1.463137e-02   4.719917e-07   3.140495e+03   9.141409e-01   9.128136e-01   1.369926e-02
  1.459421e-02   4.188301e-08   3.145683e+03   9.133255e-01   9.124927e-01   1.377427e-02
  2.093872e-02   1.499212e-06   2.173059e+03   9.052155e-01   9.260122e-01   9.808613e-03
  2.253569e-02  -9.792842e-07   1.971392e+03   8.838407e-01   9.246011e-01   8.888986e-03
  2.303709e-02  -9.764034e-08   1.920935e+03   8.803802e-01   9.270753e-01   9.279414e-03
  2.316672e-02  -6.548837e-07   1.909373e+03   8.800056e-01   9.268755e-01   9.345469e-03
  2.250379e-02  -1.319022e-08   1.974180e+03   8.838378e-01   9.242607e-01   8.960394e-03
  2.093901e-02  -2.467312e-07   2.173550e+03   9.054323e-01   9.261165e-01   1.011243e-02
  1.461236e-02  -3.172134e-07   3.142617e+03   9.135701e-01   9.125080e-01   1.379679e-02
  1.467237e-02   7.418089e-07   3.130601e+03   9.138145e-01   9.124405e-01   1.357235e-02
  2.082246e-02  -2.785806e-06   2.185102e+03   9.051780e-01   9.259414e-01   1.003479e-02
  2.250234e-02   1.503918e-07   1.975693e+03   8.844579e-01   9.249573e-01   8.851380e-03
  2.322318e-02  -1.451383e-07   1.906080e+03   8.806286e-01   9.272866e-01   9.295477e-03
  2.325034e-02   4.890255e-07   1.902780e+03   8.801324e-01   9.269952e-01   9.226002e-03
  2.251462e-02  -8.815894e-07   1.973123e+03   8.837895e-01   9.245148e-01   8.873593e-03
  2.093948e-02   1.339204e-06   2.173890e+03   9.055943e-01   9.262105e-01   1.003493e-02
  1.462867e-02  -1.311787e-06   3.138505e+03   9.133937e-01   9.124090e-01   1.377306e-02
  1.460943e-02  -1.532370e-06   3.141603e+03   9.130925e-01   9.132160e-01   1.368549e-02
  2.094601e-02   6.320881e-07   2.173856e+03   9.058624e-01   9.262954e-01   1.005725e-02
  2.252086e-02   3.252684e-08   1.973046e+03   8.840001e-01   9.246803e-01   8.845167e-03
  2.302675e-02   9.965915e-07   1.922415e+03   8.806636e-01   9.272079e-01   9.165250e-03
  2.320934e-02   3.933735e-07   1.906604e+03   8.803459e-01   9.270931e-01   9.181534e-03
  2.256216e-02   4.533154e-07   1.970863e+03   8.846417e-01   9.250889e-01   8.861524e-03
  2.090991e-02   1.565315e-07   2.177173e+03   9.056808e-01   9.263171e-01   1.011775e-02
  1.462591e-02   9.533530e-07   3.140559e+03   9.138185e-01   9.126499e-01   1.378262e-02
  1.464913e-02  -2.283126e-07   3.135686e+03   9.138491e-01   9.128950e-01   1.391266e-02
  2.090954e-02   1.703236e-06   2.177873e+03   9.059561e-01   9.264236e-01   1.009481e-02
  2.249724e-02  -3.008894e-08   1.976107e+03   8.844430e-01   9.249464e-01   8.912912e-03
  2.319487e-02  -8.906326e-07   1.907347e+03   8.801400e-01   9.270396e-01   9.837588e-03
  2.326087e-02  -1.019170e-06   1.903635e+03   8.809268e-01   9.274228e-01   9.231845e-03
  2.251956e-02  -1.648795e-06   1.973248e+03   8.840393e-01   9.247420e-01   8.787891e-03
  2.091339e-02   2.832731e-07   2.177984e+03   9.061694e-01   9.262085e-01   1.010603e-02
  1.464431e-02   1.504926e-06   3.138699e+03   9.144263e-01   9.129986e-01   1.371457e-02
  1.465259e-02   1.616950e-06   3.133243e+03   9.133531e-01   9.124170e-01   1.362759e-02
  2.088916e-02  -4.444838e-07   2.178088e+03   9.051624e-01   9.259710e-01   1.005703e-02
  2.254625e-02   8.843267e-07   1.970690e+03   8.839400e-01   9.246345e-01   8.859785e-03
  2.334888e-02  -5.994213e-07   1.897857e+03   8.815756e-01   9.269145e-01   9.288214e-03
  2.317768e-02   3.220003e-07   1.910343e+03   8.808692e-01   9.274451e-01   9.297370e-03
  2.236770e-02   7.264691e-08   1.986380e+03   8.839219e-01   9.244276e-01   8.879515e-03
  2.090701e-02   2.118414e-07   2.177314e+03   9.056141e-01   9.280769e-01   9.930949e-03
  1.464912e-02  -3.732398e-07   3.134715e+03   9.135654e-01   9.126364e-01   1.351239e-02
  1.460061e-02   1.086687e-06   3.149395e+03   9.148044e-01   9.132375e-01   1.388232e-02
  2.086178e-02  -1.585883e-06   2.184876e+03   9.067932e-01   9.269326e-01   1.001708e-02
  2.261075e-02  -1.365520e-07   1.965042e+03   8.839283e-01   9.248117e-01   8.744493e-03
  2.320550e-02  -3.423359e-06   1.907350e+03   8.805447e-01   9.323385e-01   9.212580e-03
  2.296197e-02   6.224617e-07   1.926042e+03   8.798426e-01   9.265313e-01   9.188735e-03
  2.251613e-02  -1.665752e-07   1.973534e+03   8.840330e-01   9.246555e-01   8.888253e-03
  2.095983e-02  -8.631879e-07   2.173492e+03   9.063080e-01   9.270349e-01   1.010797e-02
  1.467872e-02  -1.010326e-08   3.127378e+03   9.132690e-01   9.123599e-01   1.381655e-02
  1.460653e-02   1.041774e-07   3.141000e+03   9.127359e-01   9.120292e-01   1.400884e-02
  2.096369e-02   5.056888e-06   2.170744e+03   9.053294e-01   9.260858e-01   1.013885e-02
  2.238091e-02   1.344041e-07   1.988267e+03   8.852836e-01   9.254571e-01   8.718715e-03
  2.324519e-02   1.656286e-06   1.903211e+03   8.801368e-01   9.279906e-01   9.144463e-03
  2.323317e-02  -1.297628e-06   1.903274e+03   8.797110e-01   9.266800e-01   9.888008e-03
  2.256632e-02   1.272571e-07   1.968121e+03   8.835737e-01   9.244391e-01   8.802531e-03
  2.093835e-02  -1.275016e-06   2.174171e+03   9.056622e-01   9.262921e-01   1.004615e-02
  1.465498e-02  -6.130454e-07   3.132134e+03   9.131788e-01   9.122845e-01   1.374522e-02
  1.463990e-02   3.206548e-07   3.133256e+03   9.125660e-01   9.119298e-01   1.402113e-02
  2.090573e-02   4.366885e-06   2.178678e+03   9.061260e-01   9.265415e-01   1.017676e-02
  2.230257e-02  -9.010076e-06   1.993085e+03   8.843229e-01   9.247953e-01   9.048400e-03
  2.318585e-02   1.552804e-05   1.909469e+03   8.807769e-01   9.274430e-01   9.227301e-03
  2.339269e-02   7.220925e-06   1.891751e+03   8.803885e-01   9.272093e-01   9.320371e-03
  2.250840e-02  -4.214746e-07   1.975404e+03   8.845671e-01   9.250386e-01   8.821424e-03
  2.087900e-02  -4.479678e-07   2.180592e+03   9.057625e-01   9.263450e-01   1.015551e-02
  1.462190e-02  -5.033620e-07   3.143305e+03   9.143664e-01   9.129893e-01   1.373116e-02
  1.455938e-02  -1.782097e-07   3.152299e+03   9.130621e-01   9.121848e-01   1.384386e-02
  2.095820e-02  -5.279581e-06   2.168728e+03   9.042516e-01   9.254435e-01   1.005591e-02
  2.254968e-02  -1.012758e-06   1.968266e+03   8.829870e-01   9.240818e-01   8.912307e-03
  2.329445e-02  -1.223886e-06   1.898247e+03   8.797014e-01   9.267362e-01   9.194423e-03
  2.317646e-02   5.241490e-07   1.910201e+03   8.807577e-01   9.273492e-01   9.276556e-03
  2.253222e-02  -5.073975e-08   1.971662e+03   8.838259e-01   9.245654e-01   8.812522e-03
  2.092453e-02   1.912089e-07   2.175136e+03   9.054663e-01   9.261412e-01   1.002618e-02
  1.469875e-02   9.464121e-07   3.123891e+03   9.134956e-01   9.124943e-01   1.357442e-02
  1.463499e-02  -1.681990e-06   3.134690e+03   9.126769e-01   9.119698e-01   1.394404e-02
  2.108653e-02  -5.209606e-06   2.159377e+03   9.058657e-01   9.264524e-01   1.019335e-02
  2.257820e-02   1.499116e-05   1.969746e+03   8.847688e-01   9.251812e-01   8.940711e-03
  2.335238e-02  -1.431615e-05   1.896603e+03   8.811251e-01   9.273875e-01   9.098959e-03
  2.316011e-02  -7.433802e-06   1.912433e+03   8.811647e-01   9.276477e-01   9.242802e-03
  2.254679e-02   1.759943e-06   1.971757e+03   8.844401e-01   9.251201e-01   8.789658e-03
  2.093829e-02  -4.133651e-08   2.177051e+03   9.068593e-01   9.270010e-01   1.014341e-02
  1.465170e-02   5.628308e-07   3.137670e+03   9.145879e-01   9.131158e-01   1.339682e-02
  1.444114e-02  -7.355156e-08   3.180970e+03   9.138841e-01   9.126797e-01   1.417414e-02
  2.092577e-02   5.000421e-07   2.170934e+03   9.037706e-01   9.251596e-01   1.017547e-02
  2.242601e-02  -2.868978e-07   1.980216e+03   8.834761e-01   9.243802e-01   8.888577e-03
  2.320307e-02  -8.404215e-07   1.905504e+03   8.796008e-01   9.278635e-01   9.064212e-03
  2.322693e-02   1.303869e-05   1.907757e+03   8.815461e-01   9.273455e-01   9.514227e-03
  2.243068e-02  -1.388983e-06   1.980105e+03   8.836102e-01   9.236238e-01   8.843882e-03
  2.095648e-02  -4.937734e-06   2.170758e+03   9.050237e-01   9.258708e-01   9.957899e-03
  1.465728e-02  -1.116678e-06   3.131771e+03   9.132162e-01   9.122871e-01   1.345743e-02
  1.466774e-02  -2.102376e-06   3.133829e+03   9.144681e-01   9.130234e-01   1.349848e-02
  2.083388e-02   2.488112e-06   2.184503e+03   9.054260e-01   9.261271e-01   1.013632e-02
  2.255911e-02  -5.274961e-06   1.971423e+03   8.847730e-01   9.251764e-01   9.035331e-03
  2.304240e-02   2.136946e-06   1.922318e+03   8.812174e-01   9.277362e-01   9.261225e-03
  2.340931e-02  -1.135813e-06   1.890428e+03   8.803977e-01   9.297827e-01   9.224597e-03
  2.252679e-02  -7.636507e-06   1.970312e+03   8.830075e-01   9.239553e-01   9.184166e-03
  2.089202e-02   4.710813e-07   2.181677e+03   9.067780e-01   9.268751e-01   1.013535e-02
  1.477042e-02   2.210765e-06   3.107367e+03   9.130942e-01   9.121853e-01   1.345358e-02
  1.453507e-02   2.713541e-07   3.163696e+03   9.148331e-01   9.132508e-01   1.404484e-02
  2.076488e-02  -5.898747e-07   2.190807e+03   9.050315e-01   9.259281e-01   1.006347e-02
  2.273586e-02   9.320810e-07   1.953921e+03   8.837890e-01   9.246611e-01   8.986830e-03
  2.306362e-02   6.758962e-07   1.920132e+03   8.810259e-01   9.274339e-01   9.113002e-03
  2.297452e-02  -1.561644e-05   1.929344e+03   8.818330e-01   9.285507e-01   9.215980e-03
  2.272137e-02  -1.844557e-06   1.951644e+03   8.821964e-01   9.236714e-01   8.956755e-03
  2.097015e-02   5.016480e-06   2.171271e+03   9.058279e-01   9.263605e-01   1.025719e-02
  1.459840e-02   1.537525e-06   3.146477e+03   9.138186e-01   9.126606e-01   1.392443e-02
  1.457086e-02   2.609669e-06   3.149105e+03   9.128565e-01   9.120794e-01   1.393356e-02
  2.097102e-02  -1.731009e-07   2.168875e+03   9.048655e-01   9.258225e-01   1.016369e-02
  2.249362e-02  -4.324236e-07   1.973645e+03   8.831991e-01   9.242020e-01   8.789621e-03
  2.326838e-02   1.415000e-06   1.899769e+03   8.794214e-01   9.265138e-01   9.206736e-03
  2.288916e-02   3.368799e-06   1.935236e+03   8.812394e-01   9.275847e-01   9.095212e-03
  2.245901e-02   9.343106e-06   1.975498e+03   8.826679e-01   9.238513e-01   8.548848e-03
  2.097814e-02  -3.877892e-07   2.166268e+03   9.040849e-01   9.250992e-01   9.980533e-03
  1.465861e-02  -2.459146e-06   3.131727e+03   9.132862e-01   9.122459e-01   1.358590e-02
  1.463004e-02  -5.210354e-07   3.135534e+03   9.126139e-01   9.119599e-01   1.391258e-02
  2.114254e-02  -7.929739e-07   2.150706e+03   9.046248e-01   9.256663e-01   1.002818e-02
  2.245284e-02  -2.333519e-06   1.978816e+03   8.839075e-01   9.246120e-01   8.748059e-03
  2.298564e-02  -1.075646e-06   1.923649e+03   8.796552e-01   9.266628e-01   8.942601e-03
  2.307245e-02   1.369134e-06   1.922584e+03   8.824884e-01   9.283542e-01   9.405423e-03
  2.249949e-02   1.047728e-06   1.973226e+03   8.832419e-01   9.241016e-01   8.921431e-03
  2.084347e-02  -1.086894e-07   2.181269e+03   9.045014e-01   9.264364e-01   9.937468e-03
  1.463651e-02  -1.431835e-06   3.138610e+03   9.139132e-01   9.130417e-01   1.383849e-02
  1.466875e-02  -4.727100e-07   3.128899e+03   9.130925e-01   9.122122e-01   1.341494e-02
  2.090684e-02   6.839836e-07   2.178300e+03   9.060166e-01   9.264764e-01   1.001674e-02
  2.251564e-02  -1.119752e-07   1.971912e+03   8.832870e-01   9.242403e-01   8.709700e-03
  2.337229e-02  -9.036105e-08   1.891901e+03   8.796905e-01   9.266561e-01   9.344482e-03
  2.354023e-02   1.638494e-07   1.881048e+03   8.809289e-01   9.275069e-01   9.393186e-03
  2.250331e-02  -8.128094e-06   1.975497e+03   8.844084e-01   9.249147e-01   8.829402e-03
  2.096685e-02   2.260949e-06   2.169831e+03   9.050846e-01   9.261410e-01   1.018522e-02
  1.463045e-02   1.876392e-06   3.141507e+03   9.143784e-01   9.130290e-01   1.389603e-02
  1.450187e-02  -1.047489e-06   3.163798e+03   9.127733e-01   9.120110e-01   1.405252e-02
  2.094234e-02   1.386494e-06   2.172509e+03   9.051425e-01   9.258018e-01   1.023477e-02
  2.248304e-02   1.470243e-06   1.975871e+03   8.837795e-01   9.245689e-01   8.892131e-03
  2.349357e-02  -8.600516e-07   1.881814e+03   8.795409e-01   9.265797e-01   9.189311e-03
  2.316774e-02   1.080954e-06   1.906524e+03   8.787311e-01   9.260497e-01   9.263698e-03
  2.242606e-02   8.137990e-06   1.982150e+03   8.843409e-01   9.248568e-01   9.135975e-03
  2.088383e-02  -3.396092e-07   2.180602e+03   9.059757e-01   9.265139e-01   9.955567e-03
  1.471494e-02  -4.101403e-07   3.121792e+03   9.138872e-01   9.127182e-01   1.371907e-02
  1.466495e-02  -1.365418e-07   3.128617e+03   9.127739e-01   9.121174e-01   1.362183e-02
  2.092731e-02  -3.981059e-07   2.175574e+03   9.057689e-01   9.272655e-01   1.006573e-02
  2.251716e-02  -1.735386e-06   1.972758e+03   8.837259e-01   9.244325e-01   8.819687e-03
  2.325955e-02   1.208620e-06   1.904198e+03   8.811373e-01   9.275852e-01   9.250889e-03
  2.325773e-02   7.565980e-07   1.902380e+03   8.802271e-01   9.270591e-01   9.553370e-03
  2.250977e-02  -1.380272e-06   1.972497e+03   8.833191e-01   9.242658e-01   8.971849e-03
  2.087143e-02  -6.223368e-06   2.179894e+03   9.051443e-01   9.259282e-01   1.009550e-02
  1.464938e-02  -2.089764e-06   3.137459e+03   9.143815e-01   9.129675e-01   1.354471e-02
  1.456907e-02   1.177022e-06   3.152969e+03   9.138646e-01   9.126871e-01   1.379162e-02
  2.097035e-02   7.508794e-07   2.171885e+03   9.060929e-01   9.267139e-01   1.017473e-02
  2.251729e-02   3.615122e-07   1.973044e+03   8.838593e-01   9.246503e-01   8.861581e-03
  2.316828e-02   3.191098e-07   1.910161e+03   8.804279e-01   9.271322e-01   9.028677e-03
  2.330732e-02   3.122197e-07   1.897582e+03   8.798792e-01   9.268489e-01   9.207282e-03
  2.258607e-02  -7.678999e-06   1.968957e+03   8.847224e-01   9.251836e-01   8.885015e-03
  2.092135e-02   1.625540e-06   2.176459e+03   9.058793e-01   9.264232e-01   1.010330e-02
  1.456301e-02   6.501577e-07   3.152198e+03   9.132607e-01   9.123075e-01   1.368186e-02
  1.462059e-02   2.558267e-07   3.139181e+03   9.130852e-01   9.122443e-01   1.358036e-02
  2.093890e-02  -2.415961e-07   2.173465e+03   9.053921e-01   9.264691e-01   9.852779e-03
  2.250870e-02   1.103157e-06   1.971839e+03   8.829825e-01   9.233925e-01   8.837492e-03
  2.333273e-02  -1.789377e-06   1.897174e+03   8.806490e-01   9.272637e-01   9.302549e-03
  2.312547e-02  -1.734740e-06   1.913989e+03   8.805625e-01   9.272140e-01   9.198761e-03
  2.257594e-02   8.564681e-06   1.969713e+03   8.846652e-01   9.250901e-01   8.683330e-03
  2.097759e-02   4.759759e-06   2.166465e+03   9.041437e-01   9.254817e-01   1.022613e-02
  1.463517e-02   3.041842e-07   3.137292e+03   9.134461e-01   9.124321e-01   1.361562e-02
  1.462665e-02   7.101770e-07   3.141792e+03   9.142238e-01   9.127425e-01   1.372814e-02
  2.073740e-02  -2.127627e-07   2.197812e+03   9.067235e-01   9.251599e-01   1.007472e-02
  2.251418e-02   3.144293e-06   1.973838e+03   8.840928e-01   9.280145e-01   8.862260e-03
  2.346280e-02  -1.626289e-06   1.886699e+03   8.806688e-01   9.271503e-01   9.246610e-03
  2.323319e-02  -2.269604e-07   1.905179e+03   8.805920e-01   9.272659e-01   9.184906e-03
  2.233258e-02   1.712520e-06   1.990840e+03   8.845157e-01   9.250675e-01   8.978016e-03
  2.093013e-02  -2.165589e-07   2.173719e+03   9.051185e-01   9.250059e-01   1.007630e-02
  1.460598e-02   5.494017e-07   3.143607e+03   9.134593e-01   9.123542e-01   1.382741e-02
  1.461227e-02  -4.544011e-07   3.141508e+03   9.132425e-01   9.122816e-01   1.375963e-02
  2.096386e-02  -4.829667e-07   2.169251e+03   9.047139e-01   9.253642e-01   1.010909e-02
  2.254225e-02   7.341910e-07   1.971110e+03   8.839715e-01   9.253333e-01   8.832475e-03
  2.313709e-02  -7.581245e-07   1.913518e+03   8.807883e-01   9.273123e-01   9.240676e-03
  2.323458e-02   4.411230e-07   1.904530e+03   8.803446e-01   9.271083e-01   9.211458e-03
  2.246489e-02  -7.462893e-07   1.978665e+03   8.843145e-01   9.248615e-01   8.863375e-03
  2.089014e-02  -1.244225e-06   2.179171e+03   9.056547e-01   9.260495e-01   1.015055e-02
  1.467331e-02   2.792951e-07   3.127130e+03   9.128600e-01   9.120753e-01   1.379229e-02
  1.465339e-02  -1.322838e-07   3.136713e+03   9.144143e-01   9.130037e-01   1.362264e-02
  2.093439e-02  -3.801335e-07   2.177229e+03   9.067646e-01   9.269169e-01   9.995257e-03
  2.253668e-02  -2.546378e-06   1.972581e+03   8.844129e-01   9.250199e-01   8.841492e-03
  2.314186e-02   2.587503e-06   1.911415e+03   8.800014e-01   9.268279e-01   9.261427e-03
  2.313191e-02   8.489621e-08   1.914097e+03   8.808575e-01   9.273875e-01   9.225547e-03
  2.248281e-02  -5.376163e-07   1.976699e+03   8.841406e-01   9.247544e-01   8.978518e-03
  2.095979e-02  -3.312304e-07   2.171625e+03   9.055280e-01   9.261800e-01   1.028334e-02
  1.462444e-02  -2.993185e-08   3.139322e+03   9.133672e-01   9.123784e-01   1.376545e-02
  1.462502e-02   3.645967e-07   3.139561e+03   9.134728e-01   9.124430e-01   1.375261e-02
  2.092033e-02   1.622337e-07   2.176075e+03   9.056752e-01   9.262839e-01   1.005662e-02
  2.246947e-02   2.127976e-07   1.977270e+03   8.838711e-01   9.245779e-01   8.688973e-03
  2.320309e-02   1.074134e-07   1.907129e+03   8.803515e-01   9.271004e-01   9.408634e-03
  2.319295e-02  -1.101483e-06   1.906810e+03   8.798196e-01   9.267430e-01   9.237086e-03
  2.255451e-02   1.687272e-07   1.968738e+03   8.833877e-01   9.243228e-01   8.908957e-03
  2.094494e-02   7.283831e-07   2.173831e+03   9.058060e-01   9.263868e-01   1.009199e-02
  1.459279e-02  -5.472141e-07   3.148420e+03   9.140315e-01   9.128021e-01   1.383992e-02
  1.461653e-02  -3.978767e-07   3.145756e+03   9.147441e-01   9.131852e-01   1.366070e-02
  2.087806e-02  -2.129983e-07   2.181815e+03   9.062298e-01   9.264981e-01   9.956357e-03
  2.245371e-02  -1.444072e-08   1.978742e+03   8.839086e-01   9.245941e-01   8.849603e-03
  2.319315e-02   4.980004e-07   1.908326e+03   8.805266e-01   9.272008e-01   9.221610e-03
  2.321179e-02  -1.319743e-07   1.906542e+03   8.804103e-01   9.271414e-01   9.196020e-03
  2.250789e-02  -5.847666e-08   1.972826e+03   8.833921e-01   9.243053e-01   8.777308e-03
  2.092648e-02   1.488617e-07   2.174621e+03   9.053360e-01   9.260146e-01   1.004827e-02
  1.465055e-02  -2.364836e-07   3.134785e+03   9.136751e-01   9.125724e-01   1.365724e-02
  1.460411e-02   6.885301e-08   3.147612e+03   9.145057e-01   9.131039e-01   1.391884e-02
  2.090897e-02   3.285944e-08   2.177895e+03   9.059403e-01   9.270085e-01   1.009330e-02
  2.247310e-02  -5.241030e-07   1.977631e+03   8.841752e-01   9.247166e-01   8.881865e-03
  2.320851e-02  -2.801158e-08   1.907355e+03   8.806611e-01   9.272921e-01   9.322288e-03
  2.322799e-02  -1.979448e-07   1.904253e+03   8.799672e-01   9.267435e-01   9.256384e-03
  2.252176e-02  -1.240190e-07   1.972646e+03   8.838562e-01   9.245694e-01   8.874148e-03
  2.092759e-02   2.097345e-07   2.175654e+03   9.058143e-01   9.266644e-01   1.007126e-02
  1.454345e-02  -2.808928e-08   3.159363e+03   9.141071e-01   9.128437e-01   1.380882e-02
  1.462793e-02   1.797261e-07   3.136990e+03   9.129059e-01   9.121022e-01   1.373114e-02
  2.094444e-02   8.542476e-08   2.172602e+03   9.052718e-01   9.259042e-01   1.008484e-02
  2.250800e-02   5.482990e-07   1.974374e+03   8.840902e-01   9.247489e-01   8.814991e-03
  2.320406e-02  -2.391048e-08   1.907019e+03   8.803376e-01   9.270858e-01   9.278871e-03
  2.319709e-02   1.039892e-06   1.907616e+03   8.803483e-01   9.271003e-01   9.200260e-03
  2.250315e-02  -4.357831e-07   1.974846e+03   8.841106e-01   9.244565e-01   8.856499e-03
  2.092349e-02   2.993347e-07   2.175296e+03   9.054879e-01   9.261522e-01   1.007106e-02
  1.461764e-02   3.107316e-08   3.141249e+03   9.135024e-01   9.124710e-01   1.375499e-02
  1.459864e-02   1.119745e-07   3.144052e+03   9.131294e-01   9.122538e-01   1.363949e-02
  2.092068e-02   6.001731e-08   2.175593e+03   9.054898e-01   9.261754e-01   1.008351e-02
  2.251874e-02  -3.403617e-07   1.974075e+03   8.843777e-01   9.249283e-01   8.804341e-03
  2.319064e-02  -1.625114e-06   1.908645e+03   8.805782e-01   9.272213e-01   9.331766e-03
  2.319702e-02  -1.839374e-06   1.907281e+03   8.801911e-01   9.269946e-01   9.188206e-03
  2.251955e-02  -6.034557e-07   1.973290e+03   8.840579e-01   9.247816e-01   8.886307e-03
  2.093334e-02  -1.323241e-07   2.174002e+03   9.053752e-01   9.260963e-01   1.005957e-02
  1.464415e-02  -5.356945e-07   3.135127e+03   9.133758e-01   9.123984e-01   1.373664e-02
  1.456016e-02   1.971380e-07   3.149873e+03   9.124089e-01   9.118246e-01   1.392217e-02
  2.097239e-02  -7.421365e-07   2.168077e+03   9.045920e-01   9.256373e-01   1.015318e-02
  2.249397e-02  -7.774692e-08   1.975417e+03   8.840057e-01   9.246856e-01   8.875912e-03
  2.320867e-02  -5.507014e-07   1.906715e+03   8.803720e-01   9.270945e-01   9.335670e-03
  2.319417e-02  -1.164175e-06   1.907549e+03   8.802065e-01   9.270569e-01   9.267130e-03
  2.252452e-02   5.753304e-07   1.973160e+03   8.841948e-01   9.248073e-01   8.897389e-03
  2.093622e-02   4.642899e-07   2.173580e+03   9.053241e-01   9.260700e-01   1.013452e-02
  1.462760e-02   9.593487e-07   3.139516e+03   9.136206e-01   9.125488e-01   1.383305e-02
  1.464905e-02  -1.532226e-07   3.130715e+03   9.123954e-01   9.118045e-01   1.376377e-02
  2.083470e-02   1.311895e-08   2.183212e+03   9.049264e-01   9.257578e-01   1.011542e-02
  2.250682e-02   6.893985e-07   1.974384e+03   8.840483e-01   9.247226e-01   8.796831e-03
  2.321838e-02   2.579813e-06   1.906469e+03   8.806266e-01   9.272458e-01   9.330063e-03
  2.317648e-02   3.691184e-06   1.909785e+03   8.805664e-01   9.277366e-01   9.186223e-03
  2.249699e-02   5.952973e-07   1.975799e+03   8.842952e-01   9.248722e-01   8.949452e-03
  2.081958e-02   8.357127e-07   2.186447e+03   9.056097e-01   9.262162e-01   1.007492e-02
  1.465820e-02   4.620706e-07   3.132236e+03   9.134088e-01   9.124170e-01   1.381088e-02
  1.460802e-02  -8.117576e-07   3.140807e+03   9.127726e-01   9.120471e-01   1.396668e-02
  2.104125e-02   3.020448e-06   2.164707e+03   9.061515e-01   9.264557e-01   9.820586e-03
  2.258493e-02   1.647207e-06   1.966324e+03   8.834949e-01   9.244455e-01   8.935938e-03
  2.317173e-02   3.237635e-07   1.909226e+03   8.801283e-01   9.268360e-01   9.233409e-03
  2.318418e-02  -1.049593e-06   1.907305e+03   8.797153e-01   9.292709e-01   9.299913e-03
  2.250448e-02  -6.026132e-07   1.974359e+03   8.839451e-01   9.247478e-01   8.880852e-03
  2.093803e-02  -4.004557e-07   2.173678e+03   9.054428e-01   9.261350e-01   1.009207e-02
  1.462611e-02  -1.167739e-07   3.140303e+03   9.137563e-01   9.126222e-01   1.376232e-02
  1.454940e-02  -1.856659e-07   3.153544e+03   9.127969e-01   9.119754e-01   1.399754e-02
  2.104092e-02  -2.508461e-07   2.160861e+03   9.045274e-01   9.247098e-01   1.068681e-02
  2.251795e-02  -8.336902e-07   1.972522e+03   8.836511e-01   9.248641e-01   8.928984e-03
  2.321666e-02  -1.169871e-06   1.904570e+03   8.796844e-01   9.266545e-01   9.216067e-03
  2.325106e-02  -1.278696e-06   1.903157e+03   8.803342e-01   9.265885e-01   9.264686e-03
  2.249538e-02   2.582293e-07   1.974548e+03   8.836719e-01   9.247654e-01   8.873410e-03
  2.091694e-02   5.562259e-07   2.177032e+03   9.059267e-01   9.264231e-01   1.012000e-02
  1.465361e-02  -4.461808e-07   3.132641e+03   9.132409e-01   9.123164e-01   1.379076e-02
  1.468717e-02   1.799463e-07   3.124782e+03   9.130364e-01   9.121730e-01   1.380384e-02
  2.079731e-02  -3.045958e-06   2.188339e+03   9.054237e-01   9.263167e-01   9.933571e-03
  2.249769e-02  -2.538379e-06   1.975897e+03   8.843664e-01   9.264486e-01   8.938495e-03
  2.319951e-02   8.025366e-08   1.907510e+03   8.803911e-01   9.270358e-01   9.196904e-03
  2.322800e-02   6.837972e-06   1.906521e+03   8.810157e-01   9.274991e-01   9.316061e-03
  2.241417e-02   5.227717e-07   1.982182e+03   8.838862e-01   9.261496e-01   8.784696e-03
  2.093097e-02  -4.518862e-07   2.175137e+03   9.057455e-01   9.263957e-01   9.963239e-03
  1.464397e-02   1.944302e-07   3.135285e+03   9.134107e-01   9.124156e-01   1.365825e-02
  1.461533e-02   1.078547e-07   3.143278e+03   9.139484e-01   9.124942e-01   1.383904e-02
  2.094115e-02  -4.801580e-08   2.173505e+03   9.055060e-01   9.261595e-01   1.011156e-02
  2.250398e-02   1.919771e-07   1.974989e+03   8.842077e-01   9.244546e-01   8.944431e-03
  2.313498e-02  -8.420897e-07   1.913332e+03   8.806220e-01   9.272563e-01   9.184503e-03
  2.314069e-02  -2.839052e-07   1.912877e+03   8.806299e-01   9.272415e-01   9.256852e-03
  2.241325e-02   2.376742e-07   1.982890e+03   8.841654e-01   9.244490e-01   8.768667e-03
  2.093249e-02  -8.367390e-07   2.175284e+03   9.058723e-01   9.263747e-01   1.007215e-02
  1.466914e-02   2.859716e-07   3.130112e+03   9.134709e-01   9.124574e-01   1.370255e-02
  1.466952e-02   2.288754e-07   3.127884e+03   9.128442e-01   9.108564e-01   1.372547e-02
  2.089160e-02   1.275006e-06   2.179441e+03   9.058303e-01   9.264365e-01   1.008522e-02
  2.245380e-02   3.159863e-07   1.978902e+03   8.839834e-01   9.243527e-01   8.829861e-03
  2.319551e-02   2.199452e-07   1.907301e+03   8.801434e-01   9.269647e-01   9.173048e-03
  2.321398e-02  -6.530390e-06   1.905538e+03   8.800300e-01   9.269027e-01   9.229223e-03
  2.250232e-02  -1.639121e-07   1.974310e+03   8.838384e-01   9.246060e-01   8.787250e-03
  2.090884e-02   2.621244e-07   2.175816e+03   9.050702e-01   9.258968e-01   1.000673e-02
  1.467321e-02   7.641395e-07   3.126669e+03   9.127192e-01   9.120213e-01   1.390514e-02
  1.470891e-02   6.775700e-07   3.124194e+03   9.142154e-01   9.121045e-01   1.367476e-02
  2.095375e-02   7.245661e-07   2.175273e+03   9.067878e-01   9.269367e-01   9.971016e-03
  2.249501e-02   6.031400e-08   1.977035e+03   8.847704e-01   9.235754e-01   8.761186e-03
  2.304967e-02   2.788936e-06   1.921039e+03   8.809092e-01   9.274432e-01   9.001971e-03
  2.315860e-02  -1.048496e-06   1.912443e+03   8.811116e-01   9.276384e-01   9.243741e-03
  2.262406e-02   7.233161e-07   1.966384e+03   8.850524e-01   9.253577e-01   8.776248e-03
  2.091313e-02  -1.198002e-06   2.177569e+03   9.059851e-01   9.264620e-01   1.000753e-02
  1.458377e-02  -2.071647e-07   3.147920e+03   9.133213e-01   9.123342e-01   1.376892e-02
  1.460800e-02   1.419024e-07   3.145468e+03   9.141261e-01   9.130178e-01   1.367573e-02
  2.096946e-02   5.206766e-07   2.168900e+03   9.048092e-01   9.257958e-01   1.007776e-02
  2.257600e-02   3.856725e-07   1.967414e+03   8.836352e-01   9.247724e-01   8.852795e-03
  2.321534e-02   5.178671e-07   1.904590e+03   8.796437e-01   9.266269e-01   8.663546e-03
  2.308178e-02  -2.111584e-06   1.916918e+03   8.802441e-01   9.280006e-01   9.155177e-03
  2.256790e-02   5.611025e-07   1.967757e+03   8.834721e-01   9.244195e-01   8.943892e-03
  2.095766e-02   3.452952e-06   2.170047e+03   9.047780e-01   9.257205e-01   1.011696e-02
  1.464400e-02  -9.377991e-07   3.129444e+03   9.117108e-01   9.114077e-01   1.371879e-02
  1.454139e-02  -3.784521e-07   3.157139e+03   9.133346e-01   9.123511e-01   1.375421e-02
  2.096733e-02  -2.835836e-07   2.169634e+03   9.050234e-01   9.261071e-01   1.018208e-02
  2.248415e-02  -9.213644e-06   1.978603e+03   8.850449e-01   9.252797e-01   8.969662e-03
  2.344155e-02  -1.312037e-06   1.887128e+03   8.800712e-01   9.268832e-01   9.359169e-03
  2.325992e-02   8.123681e-06   1.902422e+03   8.803291e-01   9.322386e-01   9.162993e-03
  2.246153e-02   6.806183e-07   1.979360e+03   8.844924e-01   9.251256e-01   8.904495e-03
  2.093629e-02   7.926285e-07   2.174960e+03   9.059017e-01   9.264231e-01   1.011271e-02
  1.464456e-02   5.581927e-07   3.134195e+03   9.131294e-01   9.122465e-01   1.389120e-02
  1.452159e-02   7.486060e-07   3.164383e+03   9.141834e-01   9.129683e-01   1.412208e-02
  2.090527e-02  -1.047100e-06   2.175584e+03   9.048190e-01   9.267011e-01   1.028062e-02
  2.243453e-02  -7.372208e-06   1.982216e+03   8.847043e-01   9.250268e-01   8.857637e-03
  2.325840e-02  -1.685397e-06   1.900662e+03   8.794578e-01   9.265444e-01   9.236865e-03
  2.331908e-02   5.010289e-06   1.897612e+03   8.803369e-01   9.260927e-01   9.363422e-03
  2.253927e-02  -6.444369e-07   1.969509e+03   8.831369e-01   9.241667e-01   8.844341e-03
  2.097050e-02  -2.998729e-06   2.169239e+03   9.049957e-01   9.258813e-01   1.001765e-02
  1.466057e-02  -8.469819e-07   3.127375e+03   9.121386e-01   9.116452e-01   1.369941e-02
  1.456757e-02  -1.694517e-06   3.153343e+03   9.138788e-01   9.126685e-01   1.375987e-02
  2.081872e-02  -1.371947e-07   2.186133e+03   9.054423e-01   9.258878e-01   1.000315e-02
  2.260449e-02   1.670606e-05   1.964643e+03   8.835040e-01   9.244072e-01   8.651690e-03
  2.311497e-02   6.310176e-07   1.910652e+03   8.786281e-01   9.257265e-01   9.314252e-03
  2.306962e-02  -8.469533e-06   1.919664e+03   8.810401e-01   9.275425e-01   9.184268e-03
  2.254773e-02  -1.444769e-06   1.969793e+03   8.835955e-01   9.247556e-01   8.896210e-03
  2.095740e-02  -1.092466e-07   2.171642e+03   9.054320e-01   9.261546e-01   1.004121e-02
  1.464791e-02   4.083928e-07   3.133687e+03   9.131902e-01   9.122876e-01   1.381858e-02
  1.448515e-02  -3.875578e-07   3.170691e+03   9.137070e-01   9.125840e-01   1.384217e-02
  2.093926e-02   5.791941e-06   2.170798e+03   9.042965e-01   9.255202e-01   1.016259e-02
  2.264777e-02   8.080853e-06   1.958225e+03   8.823039e-01   9.236757e-01   9.076818e-03
  2.310711e-02   1.563709e-06   1.913622e+03   8.796944e-01   9.253241e-01   9.417004e-03
  2.311729e-02  -2.048687e-06   1.913806e+03   8.801670e-01   9.269099e-01   9.104991e-03
  2.251908e-02   3.547234e-07   1.971567e+03   8.832677e-01   9.258012e-01   8.958918e-03
  2.095402e-02   1.170046e-07   2.171365e+03   9.051705e-01   9.260742e-01   1.019145e-02
  1.460900e-02   4.973352e-07   3.142709e+03   9.133867e-01   9.124087e-01   1.367923e-02
  1.458176e-02  -2.955836e-07   3.146703e+03   9.128426e-01   9.120918e-01   1.399785e-02
  2.101261e-02  -5.011074e-06   2.165994e+03   9.054560e-01   9.261824e-01   1.020466e-02
  2.250430e-02  -1.140168e-05   1.974250e+03   8.838892e-01   9.246186e-01   8.990973e-03
  2.329059e-02  -1.547169e-05   1.899648e+03   8.802051e-01   9.272753e-01   9.069567e-03
  2.338218e-02   5.990883e-07   1.889660e+03   8.790199e-01   9.263561e-01   9.102359e-03
  2.250739e-02   1.387715e-06   1.974931e+03   8.843155e-01   9.245771e-01   8.924894e-03
  2.084424e-02  -8.916289e-07   2.183978e+03   9.056587e-01   9.263160e-01   1.014336e-02
  1.456511e-02  -8.704654e-07   3.152070e+03   9.133553e-01   9.124002e-01   1.377591e-02
  1.450158e-02  -9.024183e-07   3.161923e+03   9.122144e-01   9.117007e-01   1.412778e-02
  2.093851e-02  -5.424252e-06   2.172097e+03   9.048054e-01   9.257539e-01   1.012440e-02
  2.239021e-02   6.893346e-06   1.986519e+03   8.848734e-01   9.251592e-01   8.924758e-03
  2.330957e-02  -1.254055e-05   1.895221e+03   8.788694e-01   9.261396e-01   9.119614e-03
  2.323838e-02  -1.853024e-06   1.901198e+03   8.789481e-01   9.262515e-01   9.394380e-03
  2.251196e-02   1.705814e-07   1.972611e+03   8.834557e-01   9.243152e-01   8.956782e-03
  2.092834e-02   4.577440e-07   2.172258e+03   9.044329e-01   9.255878e-01   1.003194e-02
  1.455998e-02  -1.748080e-06   3.154815e+03   9.138287e-01   9.126877e-01   1.388877e-02
  1.459332e-02  -8.791260e-07   3.146649e+03   9.135504e-01   9.124836e-01   1.381850e-02
  2.087471e-02   8.008540e-06   2.179231e+03   9.050109e-01   9.258508e-01   9.976651e-03
  2.238929e-02   1.066735e-05   1.983175e+03   8.833476e-01   9.242239e-01   8.873294e-03
  2.313315e-02   5.293769e-06   1.913567e+03   8.806605e-01   9.272489e-01   9.233373e-03
  2.301672e-02  -1.930885e-06   1.924301e+03   8.811434e-01   9.275505e-01   9.436157e-03
  2.252496e-02  -1.114886e-06   1.971197e+03   8.833327e-01   9.239194e-01   8.768698e-03
  2.103241e-02  -1.362265e-06   2.158760e+03   9.032824e-01   9.248740e-01   1.028136e-02
  1.462163e-02   1.813207e-07   3.137447e+03   9.126460e-01   9.120041e-01   1.382003e-02
  1.461627e-02   3.250748e-08   3.143348e+03   9.140274e-01   9.127167e-01   1.393707e-02
  2.093350e-02   3.516789e-07   2.173842e+03   9.053155e-01   9.260976e-01   1.005699e-02
  2.260493e-02  -8.863051e-06   1.963676e+03   8.830861e-01   9.241480e-01   8.865322e-03
  2.319681e-02   1.431954e-05   1.906207e+03   8.796875e-01   9.266635e-01   9.071981e-03
  2.309615e-02   2.622868e-06   1.918048e+03   8.813108e-01   9.279521e-01   9.074601e-03
  2.260340e-02  -2.255182e-07   1.964558e+03   8.834233e-01   9.244517e-01   9.065896e-03
  2.086497e-02  -2.042457e-06   2.179721e+03   9.047917e-01   9.257124e-01   1.016975e-02
  1.461410e-02   2.563493e-06   3.137854e+03   9.122946e-01   9.118412e-01   1.389678e-02
  1.457314e-02   4.939937e-06   3.154962e+03   9.146974e-01   9.127863e-01   1.379925e-02
  2.107149e-02  -2.873340e-06   2.162423e+03   9.064963e-01   9.268533e-01   1.010542e-02
  2.245850e-02  -6.901540e-06   1.976855e+03   8.832543e-01   9.241486e-01   8.913809e-03
  2.328258e-02   1.018978e-05   1.900956e+03   8.805080e-01   9.271858e-01   9.164778e-03
  2.323708e-02   3.417040e-06   1.904744e+03   8.805388e-01   9.285264e-01   9.209509e-03
  2.235971e-02  -1.596785e-07   1.989730e+03   8.850962e-01   9.253620e-01   8.908222e-03
  2.092145e-02   8.591056e-07   2.175464e+03   9.054697e-01   9.261372e-01   9.957856e-03
  1.468965e-02   7.133044e-07   3.123002e+03   9.126702e-01   9.119325e-01   1.359261e-02
  1.457823e-02   5.868841e-07   3.149824e+03   9.135267e-01   9.130792e-01   1.383728e-02
  2.096815e-02  -2.349097e-08   2.169361e+03   9.049449e-01   9.257767e-01   1.057900e-02
  2.248738e-02   1.539524e-06   1.975415e+03   8.837461e-01   9.243707e-01   8.502231e-03
  2.319178e-02  -3.133229e-06   1.910885e+03   8.816554e-01   9.279353e-01   9.362330e-03
  2.315362e-02   1.078364e-06   1.910504e+03   8.800289e-01   9.265875e-01   9.171034e-03
  2.241679e-02  -2.350018e-06   1.983457e+03   8.845582e-01   9.249819e-01   8.819063e-03
  2.099681e-02   1.765172e-06   2.166756e+03   9.050937e-01   9.259580e-01   1.009359e-02
  1.461483e-02  -4.201151e-07   3.139287e+03   9.127567e-01   9.120250e-01   1.399042e-02
  1.471545e-02  -2.227561e-06   3.118336e+03   9.129074e-01   9.119824e-01   1.362821e-02
  2.083742e-02  -4.365383e-07   2.182644e+03   9.048094e-01   9.256751e-01   1.006602e-02
  2.261609e-02  -3.557618e-06   1.966963e+03   8.850010e-01   9.245800e-01   8.985391e-03
  2.316966e-02  -1.579624e-06   1.911113e+03   8.809196e-01   9.274633e-01   9.219730e-03
  2.316877e-02  -2.800241e-06   1.909661e+03   8.802165e-01   9.270499e-01   9.191057e-03
  2.265427e-02  -1.338962e-06   1.960416e+03   8.835445e-01   9.244627e-01   8.837933e-03
  2.093896e-02   1.897545e-06   2.175615e+03   9.062906e-01   9.266287e-01   1.007028e-02
  1.466254e-02  -9.187499e-07   3.133451e+03   9.140337e-01   9.127917e-01   1.371552e-02
  1.467467e-02   4.444512e-07   3.128108e+03   9.132303e-01   9.123243e-01   1.385584e-02
  2.092700e-02  -4.057400e-07   2.174955e+03   9.054978e-01   9.261641e-01   1.020622e-02
  2.255918e-02   1.531716e-07   1.971626e+03   8.848671e-01   9.253815e-01   8.863193e-03
  2.320229e-02  -1.577942e-07   1.910051e+03   8.816697e-01   9.279423e-01   9.256403e-03
  2.327384e-02  -4.682545e-07   1.900397e+03   8.799188e-01   9.268459e-01   9.301670e-03
  2.252722e-02   7.470671e-06   1.973482e+03   8.844451e-01   9.249743e-01   9.061645e-03
  2.092728e-02  -2.847029e-07   2.175839e+03   9.058780e-01   9.262912e-01   1.021050e-02
  1.460374e-02  -2.163874e-06   3.142774e+03   9.130768e-01   9.121733e-01   1.376274e-02
  1.472099e-02  -1.581840e-06   3.118928e+03   9.134241e-01   9.124176e-01   1.365210e-02
  2.085828e-02  -1.144403e-07   2.183679e+03   9.061443e-01   9.265137e-01   1.006294e-02
  2.252645e-02   4.247200e-06   1.972200e+03   8.838404e-01   9.245746e-01   8.885238e-03
  2.290721e-02  -6.435192e-07   1.930883e+03   8.799504e-01   9.268369e-01   9.397759e-03
  2.320431e-02   2.608996e-06   1.908723e+03   8.811333e-01   9.275487e-01   9.179471e-03
  2.245996e-02   9.762932e-06   1.977274e+03   8.834990e-01   9.243766e-01   8.907507e-03
  2.095466e-02   2.408496e-07   2.174454e+03   9.064859e-01   9.263175e-01   1.007593e-02
  1.463450e-02  -1.304397e-06   3.136315e+03   9.131196e-01   9.122152e-01   1.384062e-02
  1.467890e-02  -1.113599e-06   3.126936e+03   9.131515e-01   9.122417e-01   1.342185e-02
  2.093468e-02  -3.760038e-07   2.172519e+03   9.048159e-01   9.257493e-01   1.002338e-02
  2.237521e-02  -7.205448e-07   1.988631e+03   8.852209e-01   9.254299e-01   8.800566e-03
  2.315919e-02  -1.455397e-07   1.911344e+03   8.806278e-01   9.273583e-01   9.339655e-03
  2.326585e-02  -1.070103e-06   1.901413e+03   8.800866e-01   9.269376e-01   9.184285e-03
  2.256280e-02  -6.163491e-06   1.968718e+03   8.837038e-01   9.245010e-01   8.957028e-03
  2.083103e-02  -6.768713e-07   2.187055e+03   9.063595e-01   9.267468e-01   1.005585e-02
  1.469098e-02   1.582296e-06   3.127449e+03   9.140528e-01   9.127854e-01   1.365415e-02
  1.471055e-02   1.723493e-06   3.121694e+03   9.135858e-01   9.125291e-01   1.370818e-02
  2.086437e-02  -6.420302e-07   2.181672e+03   9.055761e-01   9.261797e-01   1.005443e-02
  2.254419e-02  -1.761440e-07   1.969644e+03   8.833904e-01   9.243358e-01   8.863449e-03
  2.347629e-02   9.055430e-07   1.885310e+03   8.805263e-01   9.282566e-01   9.303019e-03
  2.295412e-02  -4.373419e-07   1.928942e+03   8.808662e-01   9.273757e-01   9.366651e-03
  2.248733e-02  -9.710298e-06   1.975597e+03   8.838252e-01   9.245576e-01   8.939029e-03
  2.088218e-02  -2.644869e-07   2.179600e+03   9.054886e-01   9.261363e-01   9.991599e-03
  1.466432e-02   1.203293e-06   3.131330e+03   9.135257e-01   9.124650e-01   1.363700e-02
  1.471835e-02  -3.925526e-07   3.119907e+03   9.135472e-01   9.125024e-01   1.380569e-02
  2.100904e-02   2.469233e-07   2.168095e+03   9.061807e-01   9.265940e-01   9.758839e-03
  2.252328e-02  -4.336825e-07   1.972850e+03   8.840071e-01   9.248247e-01   8.897002e-03
  2.319889e-02   1.098290e-06   1.907330e+03   8.802846e-01   9.322859e-01   9.322176e-03
  2.313984e-02  -5.996485e-07   1.913673e+03   8.809641e-01   9.272901e-01   9.131492e-03
  2.246862e-02  -2.885483e-06   1.978804e+03   8.845235e-01   9.249762e-01   8.863295e-03
  2.090550e-02   9.623314e-08   2.179133e+03   9.063051e-01   9.266722e-01   1.010910e-02
  1.463040e-02   5.323554e-08   3.140446e+03   9.140661e-01   9.127858e-01   1.357675e-02
  1.456260e-02   8.491680e-08   3.153306e+03   9.135558e-01   9.124981e-01   1.376502e-02
  2.099902e-02   2.380233e-07   2.168744e+03   9.060192e-01   9.265186e-01   1.011146e-02
  2.234810e-02   3.935102e-07   1.988196e+03   8.839545e-01   9.246386e-01   8.876021e-03
  2.294361e-02  -4.694417e-07   1.928479e+03   8.802514e-01   9.270162e-01   9.263208e-03
  2.320731e-02  -1.496649e-07   1.906197e+03   8.800811e-01   9.269232e-01   9.259066e-03
  2.250652e-02   2.283797e-07   1.974326e+03   8.840102e-01   9.246683e-01   8.826662e-03
  2.091880e-02   2.794404e-07   2.175370e+03   9.053155e-01   9.262422e-01   1.011719e-02
  1.462726e-02  -4.072348e-07   3.139334e+03   9.135462e-01   9.125060e-01   1.375811e-02
  1.463268e-02   2.258846e-07   3.139415e+03   9.139087e-01   9.127172e-01   1.372745e-02
  2.094154e-02  -7.495346e-07   2.173430e+03   9.054915e-01   9.261536e-01   1.007046e-02
  2.253706e-02   1.070636e-06   1.970900e+03   8.836735e-01   9.246259e-01   8.782038e-03
  2.317766e-02   3.017255e-07   1.909243e+03   8.803613e-01   9.323138e-01   9.224233e-03
  2.316622e-02   1.093593e-06   1.910300e+03   8.804142e-01   9.269522e-01   9.197346e-03
  2.252880e-02   4.331702e-06   1.972974e+03   8.842797e-01   9.247797e-01   8.877929e-03
  2.091498e-02   4.401773e-07   2.177752e+03   9.061416e-01   9.275008e-01   1.008300e-02
  1.463205e-02  -4.390595e-07   3.138623e+03   9.136384e-01   9.125107e-01   1.370509e-02
  1.459647e-02   1.590904e-07   3.145621e+03   9.134492e-01   9.124099e-01   1.377930e-02
  2.094531e-02   8.843339e-07   2.172788e+03   9.053868e-01   9.259301e-01   1.012853e-02
  2.252677e-02  -7.379714e-07   1.971715e+03   8.836358e-01   9.244503e-01   8.851776e-03
  2.318580e-02   1.698230e-06   1.909578e+03   8.808250e-01   9.263556e-01   9.286934e-03
  2.320363e-02   6.948620e-08   1.906856e+03   8.802459e-01   9.270604e-01   9.255375e-03
  2.251078e-02   8.439107e-07   1.974225e+03   8.841326e-01   9.247766e-01   8.970807e-03
  2.092589e-02  -4.510497e-07   2.175487e+03   9.056711e-01   9.261269e-01   1.006944e-02
  1.463458e-02   8.283224e-07   3.137811e+03   9.135604e-01   9.120360e-01   1.373127e-02
  1.467507e-02   6.453196e-07   3.129076e+03   9.135379e-01   9.124134e-01   1.361121e-02
  2.091587e-02   5.497347e-07   2.176300e+03   9.055758e-01   9.253892e-01   1.010433e-02
  2.250605e-02  -6.282661e-07   1.974490e+03   8.840653e-01   9.247871e-01   8.829200e-03
  2.318954e-02  -2.197749e-07   1.908111e+03   8.802903e-01   9.271550e-01   9.207479e-03
  2.315027e-02  -7.643084e-07   1.911311e+03   8.802732e-01   9.270273e-01   9.205060e-03
  2.248836e-02  -5.215538e-07   1.975635e+03   8.838828e-01   9.245857e-01   8.853934e-03
  2.091019e-02  -5.013592e-07   2.177964e+03   9.060223e-01   9.264760e-01   1.006186e-02
  1.464134e-02   2.963747e-08   3.136371e+03   9.135630e-01   9.128612e-01   1.376766e-02
  1.462470e-02  -4.108551e-07   3.138191e+03   9.130540e-01   9.122688e-01   1.373315e-02
  2.091656e-02  -1.450154e-07   2.175712e+03   9.053611e-01   9.268470e-01   1.009809e-02
  2.251034e-02   2.205475e-07   1.973600e+03   8.838353e-01   9.245144e-01   8.805037e-03
  2.322831e-02  -9.893969e-07   1.904822e+03   8.802420e-01   9.270152e-01   9.286169e-03
  2.319990e-02  -2.271320e-07   1.906883e+03   8.801167e-01   9.269457e-01   9.185200e-03
  2.250651e-02  -3.731506e-07   1.974221e+03   8.839628e-01   9.245968e-01   8.867015e-03
  2.092127e-02  -2.246261e-07   2.175445e+03   9.054540e-01   9.261388e-01   1.004753e-02
  1.462605e-02   4.835523e-08   3.138873e+03   9.133367e-01   9.122970e-01   1.369517e-02
  1.447018e-02   4.283019e-07   3.143654e+03   9.049796e-01   9.116286e-01   1.065672e-01
  2.100435e-02  -3.499987e-07   2.158824e+03   9.021037e-01   9.239258e-01   7.994542e-02
  2.259640e-02  -1.732765e-08   1.959368e+03   8.808163e-01   9.227943e-01   7.889621e-02
  2.324570e-02   5.015375e-08   1.900941e+03   8.791065e-01   9.261864e-01   7.991363e-02
  2.327775e-02  -6.512462e-08   1.897466e+03   8.787093e-01   9.260906e-01   7.972266e-02
  2.261334e-02   7.142583e-07   1.956975e+03   8.803999e-01   9.225282e-01   7.907583e-02
  2.100545e-02   1.957625e-07   2.158612e+03   9.020627e-01   9.239857e-01   7.969691e-02
  1.447314e-02   7.188034e-07   3.140873e+03   9.043639e-01   9.112292e-01   1.066399e-01
  1.444563e-02  -4.988102e-07   3.145722e+03   9.040383e-01   9.110633e-01   1.067685e-01
  2.103082e-02  -8.427563e-08   2.155692e+03   9.019304e-01   9.235657e-01   7.979230e-02
  2.260201e-02  -3.576892e-07   1.957937e+03   8.803919e-01   9.225431e-01   7.880198e-02
  2.323065e-02  -3.498233e-07   1.902336e+03   8.791818e-01   9.263010e-01   7.944359e-02
  2.323705e-02  -6.768694e-08   1.902097e+03   8.793138e-01   9.264726e-01   7.986231e-02
  2.261872e-02   2.916209e-07   1.957308e+03   8.807597e-01   9.227475e-01   7.882411e-02
  2.098354e-02   1.861533e-08   2.161640e+03   9.023855e-01   9.241809e-01   7.949912e-02
  1.451150e-02   2.271367e-07   3.135511e+03   9.052129e-01   9.117556e-01   1.063151e-01
  1.448079e-02   1.230894e-06   3.141801e+03   9.051096e-01   9.117349e-01   1.064116e-01
  2.099933e-02  -1.026030e-06   2.160891e+03   9.027521e-01   9.246789e-01   8.000485e-02
  2.257468e-02   2.046233e-06   1.960197e+03   8.803421e-01   9.224356e-01   7.878035e-02
  2.326339e-02  -4.111406e-07   1.899380e+03   8.790526e-01   9.258942e-01   7.957663e-02
  2.340410e-02   1.922900e-07   1.886973e+03   8.785933e-01   9.260718e-01   8.030936e-02
  2.263231e-02  -1.145534e-06   1.954531e+03   8.800384e-01   9.223035e-01   7.918184e-02
  2.097578e-02  -4.242697e-07   2.161596e+03   9.020339e-01   9.239732e-01   7.963290e-02
  1.447392e-02  -3.159669e-07   3.141326e+03   9.045428e-01   9.114010e-01   1.069430e-01
  1.440386e-02   1.557753e-06   3.156876e+03   9.046207e-01   9.114911e-01   1.070175e-01
  2.111403e-02   6.001033e-07   2.147535e+03   9.020728e-01   9.241036e-01   8.030056e-02
  2.260940e-02   2.693060e-06   1.957688e+03   8.805675e-01   9.226011e-01   7.866113e-02
  2.320400e-02  -1.702850e-07   1.904041e+03   8.789603e-01   9.248944e-01   7.953380e-02
  2.327073e-02   7.021135e-07   1.895860e+03   8.777009e-01   9.254421e-01   8.061771e-02
  2.256543e-02  -3.284947e-07   1.962302e+03   8.809263e-01   9.228191e-01   7.900063e-02
  2.098635e-02   2.970540e-08   2.163303e+03   9.032012e-01   9.246617e-01   7.954673e-02
  1.448573e-02  -3.868597e-08   3.141500e+03   9.053314e-01   9.118056e-01   1.064079e-01
  1.449404e-02  -1.664396e-06   3.136017e+03   9.042699e-01   9.111156e-01   1.070791e-01
  2.101767e-02   4.910389e-07   2.155317e+03   9.012099e-01   9.238907e-01   8.065303e-02
  2.264365e-02  -4.869456e-06   1.953593e+03   8.800566e-01   9.222300e-01   7.903603e-02
  2.321034e-02   6.222504e-08   1.904150e+03   8.792507e-01   9.245811e-01   7.955850e-02
  2.311599e-02   4.796868e-06   1.909914e+03   8.783272e-01   9.258401e-01   7.888870e-02
  2.259020e-02   6.644700e-07   1.959976e+03   8.808479e-01   9.227791e-01   7.893774e-02
  2.101132e-02  -2.700803e-07   2.158945e+03   9.024540e-01   9.242049e-01   7.958185e-02
  1.450824e-02   3.564736e-07   3.136400e+03   9.052663e-01   9.118078e-01   1.066371e-01
  1.451132e-02  -1.011085e-06   3.133575e+03   9.046427e-01   9.111643e-01   1.060527e-01
  2.088452e-02  -1.620816e-06   2.170699e+03   9.018915e-01   9.243613e-01   7.909873e-02
  2.262263e-02  -1.499516e-06   1.956626e+03   8.806047e-01   9.226403e-01   7.884735e-02
  2.324635e-02  -7.989756e-08   1.900640e+03   8.789917e-01   9.275487e-01   7.951921e-02
  2.327416e-02  -8.691655e-08   1.898430e+03   8.790197e-01   9.262644e-01   8.023070e-02
  2.257968e-02   1.987988e-07   1.960607e+03   8.807210e-01   9.227128e-01   7.883256e-02
  2.098455e-02  -9.392144e-08   2.161427e+03   9.023404e-01   9.241389e-01   7.964970e-02
  1.447661e-02   5.747801e-07   3.143207e+03   9.052530e-01   9.118493e-01   1.071085e-01
  1.446932e-02  -8.602829e-07   3.141590e+03   9.043319e-01   9.108371e-01   1.067347e-01
  2.101288e-02  -1.295264e-06   2.158368e+03   9.022797e-01   9.232407e-01   7.988675e-02
  2.262000e-02   1.383692e-06   1.957825e+03   8.810419e-01   9.229965e-01   7.898602e-02
  2.321794e-02  -3.801078e-07   1.901918e+03   8.785079e-01   9.255446e-01   7.920154e-02
  2.314514e-02  -6.208742e-06   1.910608e+03   8.797549e-01   9.266781e-01   7.972334e-02
  2.259898e-02  -2.371011e-07   1.958027e+03   8.803142e-01   9.224840e-01   7.859117e-02
  2.100745e-02   4.621259e-07   2.160626e+03   9.029900e-01   9.244083e-01   7.953812e-02
  1.444581e-02  -2.203893e-07   3.149563e+03   9.051533e-01   9.117563e-01   1.064488e-01
  1.450845e-02   8.227296e-07   3.134617e+03   9.047644e-01   9.116710e-01   1.060945e-01
  2.098739e-02  -3.194297e-07   2.163057e+03   9.031429e-01   9.242345e-01   7.974176e-02
  2.262018e-02  -2.227919e-06   1.955999e+03   8.802272e-01   9.224571e-01   7.909074e-02
  2.322163e-02   6.846309e-07   1.903530e+03   8.793920e-01   9.266946e-01   7.979033e-02
  2.318003e-02  -2.561565e-08   1.904578e+03   8.783001e-01   9.257755e-01   7.945425e-02
  2.256167e-02   2.313624e-07   1.960885e+03   8.801434e-01   9.224054e-01   7.899664e-02
  2.102824e-02   4.273472e-07   2.154722e+03   9.014143e-01   9.231398e-01   7.987226e-02
  1.443542e-02   4.934511e-08   3.148525e+03   9.042046e-01   9.111161e-01   1.067951e-01
  1.449242e-02   3.985406e-07   3.137863e+03   9.047008e-01   9.114581e-01   1.065064e-01
  2.098272e-02   2.955408e-06   2.162329e+03   9.026382e-01   9.252427e-01   7.983411e-02
  2.259356e-02   7.350257e-07   1.960827e+03   8.813618e-01   9.230428e-01   7.910596e-02
  2.329787e-02   1.880194e-07   1.897057e+03   8.792791e-01   9.268564e-01   7.975651e-02
  2.325877e-02   4.265193e-07   1.899460e+03   8.789155e-01   9.262223e-01   7.946017e-02
  2.257210e-02   6.073191e-07   1.962438e+03   8.812477e-01   9.230730e-01   7.864331e-02
  2.098589e-02  -5.333328e-07   2.162399e+03   9.028036e-01   9.237649e-01   7.950232e-02
  1.446554e-02  -1.771421e-06   3.144229e+03   9.048551e-01   9.114774e-01   1.060030e-01
  1.449089e-02  -1.916606e-06   3.140496e+03   9.053646e-01   9.118629e-01   1.062806e-01
  2.096631e-02   2.664847e-06   2.164470e+03   9.028253e-01   9.249649e-01   7.966926e-02
  2.258948e-02   5.026145e-07   1.959012e+03   8.803867e-01   9.225045e-01   7.912665e-02
  2.322060e-02   5.416172e-07   1.903883e+03   8.795162e-01   9.278518e-01   7.971982e-02
  2.331509e-02   7.438357e-07   1.893398e+03   8.782315e-01   9.257721e-01   7.972368e-02
  2.263379e-02   4.098367e-07   1.953412e+03   8.795919e-01   9.219621e-01   7.895288e-02
  2.105597e-02  -4.504857e-07   2.151160e+03   9.011105e-01   9.238809e-01   7.977633e-02
  1.444750e-02   8.773984e-07   3.145442e+03   9.040749e-01   9.111957e-01   1.069300e-01
  1.446249e-02  -1.766337e-06   3.144182e+03   9.046504e-01   9.113526e-01   1.061006e-01
  2.100866e-02  -3.340190e-07   2.157214e+03   9.016165e-01   9.232831e-01   7.974285e-02
  2.258235e-02  -1.324559e-06   1.959999e+03   8.805522e-01   9.227284e-01   7.893580e-02
  2.323043e-02   8.435460e-06   1.900936e+03   8.785268e-01   9.277526e-01   7.942455e-02
  2.328664e-02   5.235858e-06   1.897597e+03   8.791057e-01   9.262970e-01   7.991966e-02
  2.268198e-02  -1.602786e-07   1.950441e+03   8.801243e-01   9.221502e-01   7.930797e-02
  2.098804e-02   1.708029e-06   2.158286e+03   9.011788e-01   9.232674e-01   8.001121e-02
  1.443866e-02   2.125150e-06   3.147731e+03   9.041796e-01   9.110739e-01   1.066180e-01
  1.448722e-02   1.335395e-06   3.141374e+03   9.053885e-01   9.119012e-01   1.062865e-01
  2.104528e-02  -5.192409e-06   2.153454e+03   9.016136e-01   9.238719e-01   7.962150e-02
  2.261364e-02   9.984764e-07   1.956947e+03   8.803993e-01   9.226050e-01   7.869983e-02
  2.317161e-02  -5.404093e-06   1.905617e+03   8.784600e-01   9.245713e-01   7.917669e-02
  2.314111e-02  -1.482207e-06   1.910885e+03   8.797287e-01   9.268199e-01   7.982024e-02
  2.262920e-02   8.811142e-07   1.957315e+03   8.811705e-01   9.221818e-01   7.879530e-02
  2.101634e-02   3.039142e-06   2.157880e+03   9.022245e-01   9.240399e-01   7.965213e-02
  1.448075e-02  -7.157472e-07   3.139630e+03   9.044811e-01   9.112770e-01   1.054946e-01
  1.444050e-02   1.370111e-06   3.150846e+03   9.051896e-01   9.117945e-01   1.065277e-01
  2.102229e-02  -3.371808e-06   2.156889e+03   9.020654e-01   9.239628e-01   7.988110e-02
  2.279201e-02   1.650875e-06   1.939154e+03   8.792760e-01   9.220774e-01   7.922526e-02
  2.323543e-02  -6.597949e-06   1.902291e+03   8.793421e-01   9.268906e-01   7.921552e-02
  2.316535e-02  -5.660138e-06   1.906920e+03   8.788231e-01   9.265467e-01   7.921592e-02
  2.259261e-02   1.517696e-06   1.957909e+03   8.800127e-01   9.211865e-01   7.897393e-02
  2.105008e-02  -1.557173e-06   2.152908e+03   9.015908e-01   9.236979e-01   8.021750e-02
  1.451615e-02  -9.153199e-07   3.127616e+03   9.032234e-01   9.106407e-01   1.070176e-01
  1.444208e-02  -1.095945e-06   3.147820e+03   9.044192e-01   9.112408e-01   1.064598e-01
  2.102038e-02   5.107206e-06   2.157541e+03   9.022561e-01   9.240928e-01   7.963431e-02
  2.260357e-02  -1.260563e-06   1.957270e+03   8.801524e-01   9.222436e-01   7.936830e-02
  2.331614e-02   7.317810e-06   1.896599e+03   8.797560e-01   9.266394e-01   8.040659e-02
  2.333537e-02   1.127986e-06   1.891821e+03   8.782637e-01   9.271077e-01   7.944775e-02
  2.260333e-02  -5.746926e-07   1.957266e+03   8.801410e-01   9.232115e-01   7.890444e-02
  2.098466e-02  -2.089578e-06   2.161414e+03   9.023399e-01   9.241667e-01   7.967261e-02
  1.453360e-02  -5.216326e-07   3.128494e+03   9.045627e-01   9.113401e-01   1.066000e-01
  1.446954e-02   6.314031e-07   3.138883e+03   9.035659e-01   9.107228e-01   1.070143e-01
  2.094110e-02   3.664096e-06   2.165525e+03   9.021792e-01   9.239644e-01   7.991629e-02
  2.246559e-02  -6.554663e-07   1.969760e+03   8.803619e-01   9.224685e-01   7.881284e-02
  2.323549e-02   2.260793e-06   1.901451e+03   8.789559e-01   9.261624e-01   7.981860e-02
  2.329335e-02   1.040809e-06   1.895326e+03   8.783064e-01   9.276864e-01   7.986078e-02
  2.263572e-02  -1.157867e-06   1.954729e+03   8.802602e-01   9.222602e-01   7.916272e-02
  2.102989e-02   1.548996e-06   2.155078e+03   9.016335e-01   9.237338e-01   7.988114e-02
  1.446509e-02   7.201233e-07   3.138543e+03   9.031906e-01   9.105686e-01   1.066153e-01
  1.445853e-02   2.672058e-07   3.143811e+03   9.042961e-01   9.112865e-01   1.064006e-01
  2.095307e-02  -5.189236e-06   2.167316e+03   9.034412e-01   9.245929e-01   7.984735e-02
  2.262710e-02  -6.319111e-06   1.957090e+03   8.809874e-01   9.229577e-01   7.889061e-02
  2.323506e-02  -1.954673e-06   1.904768e+03   8.804729e-01   9.272549e-01   8.003190e-02
  2.322161e-02  -1.499096e-07   1.903802e+03   8.795172e-01   9.252763e-01   7.963698e-02
  2.260460e-02  -7.199306e-07   1.959944e+03   8.813950e-01   9.231460e-01   7.900358e-02
  2.098722e-02   1.748508e-06   2.162760e+03   9.030116e-01   9.245504e-01   7.973705e-02
  1.449205e-02   3.916086e-07   3.138061e+03   9.047350e-01   9.114167e-01   1.058415e-01
  1.450719e-02   5.400108e-07   3.129179e+03   9.031168e-01   9.105486e-01   1.074230e-01
  2.119118e-02  -4.283322e-06   2.142383e+03   9.031969e-01   9.243730e-01   8.026756e-02
  2.272768e-02  -5.719379e-06   1.947649e+03   8.806352e-01   9.227340e-01   7.954237e-02
  2.355195e-02  -4.276815e-06   1.875110e+03   8.785853e-01   9.261272e-01   8.022692e-02
  2.326220e-02   2.637897e-06   1.897240e+03   8.780173e-01   9.260887e-01   7.967121e-02
  2.255273e-02  -3.703943e-07   1.964133e+03   8.812523e-01   9.230349e-01   7.902933e-02
  2.103014e-02  -6.852873e-07   2.153125e+03   9.008275e-01   9.232588e-01   7.981764e-02
  1.454882e-02   4.713109e-07   3.118365e+03   9.025784e-01   9.101834e-01   1.063824e-01
  1.448370e-02  -5.220313e-08   3.140120e+03   9.048067e-01   9.114088e-01   1.061271e-01
  2.098393e-02   3.603388e-06   2.161997e+03   9.025519e-01   9.244110e-01   8.023986e-02
  2.247043e-02   6.675722e-06   1.972970e+03   8.819868e-01   9.233560e-01   7.956213e-02
  2.355720e-02  -2.908259e-06   1.872524e+03   8.775689e-01   9.254494e-01   8.131728e-02
  2.326844e-02   5.228159e-07   1.900913e+03   8.799534e-01   9.267860e-01   7.955619e-02
  2.253391e-02  -1.866627e-06   1.969054e+03   8.827225e-01   9.239547e-01   7.829147e-02
  2.102421e-02  -2.792230e-06   2.159776e+03   9.033554e-01   9.248071e-01   7.964785e-02
  1.456199e-02   1.893991e-07   3.122565e+03   9.046123e-01   9.113777e-01   1.058105e-01
  1.458954e-02  -1.259005e-06   3.115574e+03   9.042945e-01   9.111606e-01   1.058398e-01
  2.093672e-02   3.994076e-06   2.165388e+03   9.019336e-01   9.237663e-01   7.937901e-02
  2.250731e-02   4.828412e-06   1.966075e+03   8.803470e-01   9.224679e-01   7.808132e-02
  2.308614e-02  -9.996428e-07   1.913735e+03   8.789481e-01   9.262998e-01   8.005114e-02
  2.332037e-02  -3.191690e-06   1.891058e+03   8.773450e-01   9.252203e-01   7.945739e-02
  2.263157e-02   7.998996e-07   1.955325e+03   8.803670e-01   9.225009e-01   7.856367e-02
  2.102020e-02  -3.925841e-07   2.155632e+03   9.014497e-01   9.236565e-01   7.967663e-02
  1.437885e-02   6.777626e-07   3.161054e+03   9.042450e-01   9.112279e-01   1.065729e-01
  1.444871e-02  -2.893054e-08   3.148321e+03   9.049786e-01   9.116941e-01   1.064725e-01
  2.102684e-02   4.241595e-07   2.157054e+03   9.023295e-01   9.241715e-01   8.021945e-02
  2.266958e-02  -1.191428e-07   1.950603e+03   8.797161e-01   9.221424e-01   7.904276e-02
  2.307489e-02   3.776626e-06   1.916669e+03   8.798666e-01   9.269634e-01   8.038013e-02
  2.319429e-02  -1.491030e-06   1.903263e+03   8.782334e-01   9.257472e-01   7.994876e-02
  2.265516e-02   1.530613e-06   1.951615e+03   8.796126e-01   9.220695e-01   7.920295e-02
  2.108355e-02   9.325471e-07   2.148460e+03   9.011583e-01   9.234469e-01   8.028144e-02
  1.454477e-02  -1.166757e-06   3.127075e+03   9.048473e-01   9.114700e-01   1.060618e-01
  1.444236e-02   1.678521e-06   3.144859e+03   9.035860e-01   9.107251e-01   1.062955e-01
  2.093998e-02  -1.578385e-06   2.165712e+03   9.022093e-01   9.240247e-01   7.995049e-02
  2.259344e-02   1.614398e-06   1.959090e+03   8.805759e-01   9.225950e-01   7.889620e-02
  2.314388e-02   1.455920e-06   1.909015e+03   8.789734e-01   9.258059e-01   7.998390e-02
  2.323738e-02   1.362148e-06   1.898851e+03   8.778254e-01   9.255281e-01   7.981054e-02
  2.264857e-02  -6.752805e-08   1.954389e+03   8.806065e-01   9.226566e-01   7.915756e-02
  2.109481e-02  -3.036006e-07   2.147988e+03   9.014419e-01   9.237002e-01   8.070423e-02
  1.448908e-02  -6.599717e-07   3.132553e+03   9.029621e-01   9.105873e-01   1.072688e-01
  1.449320e-02   1.457502e-06   3.138618e+03   9.049673e-01   9.116642e-01   1.060917e-01
  2.098105e-02  -2.128075e-08   2.160352e+03   9.017410e-01   9.238090e-01   7.963931e-02
  2.263684e-02   2.074987e-06   1.955086e+03   8.804646e-01   9.224217e-01   7.889990e-02
  2.327523e-02  -1.085929e-06   1.896737e+03   8.782763e-01   9.233324e-01   7.983372e-02
  2.325218e-02   9.168752e-06   1.900563e+03   8.791766e-01   9.264517e-01   7.961834e-02
  2.265381e-02  -1.522453e-06   1.951552e+03   8.795316e-01   9.219661e-01   7.902224e-02
  2.111798e-02  -1.930538e-06   2.146435e+03   9.017792e-01   9.240027e-01   8.068090e-02
  1.443034e-02   2.077764e-07   3.149593e+03   9.041930e-01   9.111730e-01   1.067989e-01
  1.440924e-02  -6.522257e-07   3.152825e+03   9.037975e-01   9.110535e-01   1.067316e-01
  2.103441e-02   4.684047e-07   2.154148e+03   9.014383e-01   9.235509e-01   7.991539e-02
  2.265016e-02   2.270120e-07   1.954644e+03   8.807833e-01   9.223686e-01   7.876850e-02
  2.320278e-02  -1.912983e-07   1.902570e+03   8.782353e-01   9.272810e-01   7.954926e-02
  2.322682e-02  -9.205743e-07   1.900703e+03   8.782823e-01   9.257547e-01   7.910697e-02
  2.265202e-02  -6.484999e-07   1.953135e+03   8.801756e-01   9.223587e-01   7.915822e-02
  2.106686e-02   8.060362e-07   2.151386e+03   9.016711e-01   9.240591e-01   8.067769e-02
  1.452929e-02  -4.586910e-07   3.120466e+03   9.019738e-01   9.098560e-01   1.073488e-01
  1.443088e-02  -2.789593e-07   3.148920e+03   9.040337e-01   9.110730e-01   1.070421e-01
  2.101521e-02   2.296642e-06   2.156587e+03   9.016353e-01   9.233438e-01   8.000722e-02
  2.263296e-02   3.265352e-07   1.955555e+03   8.805243e-01   9.210183e-01   7.943561e-02
  2.321964e-02  -3.927890e-07   1.899912e+03   8.776453e-01   9.250117e-01   7.980089e-02
  2.317313e-02  -1.089377e-05   1.907583e+03   8.794240e-01   9.266966e-01   7.926799e-02
  2.243255e-02  -7.254985e-07   1.974226e+03   8.810601e-01   9.228252e-01   7.904400e-02
  2.088546e-02  -4.120530e-06   2.175344e+03   9.038622e-01   9.249412e-01   7.995414e-02
  1.451467e-02  -1.885795e-07   3.137187e+03   9.058945e-01   9.121147e-01   1.062259e-01
  1.455873e-02   1.813676e-06   3.120979e+03   9.039502e-01   9.109577e-01   1.077148e-01
  2.099418e-02   3.687640e-07   2.159565e+03   9.019768e-01   9.228187e-01   7.967995e-02
  2.258261e-02   5.842523e-07   1.960327e+03   8.807099e-01   9.205896e-01   7.899276e-02
  2.323312e-02   5.778564e-07   1.901349e+03   8.788195e-01   9.262865e-01   7.992535e-02
  2.326361e-02   3.302358e-07   1.898794e+03   8.787901e-01   9.269623e-01   7.929494e-02
  2.251848e-02  -1.198374e-06   1.963888e+03   8.798041e-01   9.221250e-01   7.823359e-02
  2.082128e-02  -3.468359e-07   2.177106e+03   9.018143e-01   9.243401e-01   7.934999e-02
  1.454759e-02  -1.008892e-06   3.121558e+03   9.034262e-01   9.108907e-01   1.057347e-01
  1.440471e-02  -8.216413e-08   3.157136e+03   9.047487e-01   9.113769e-01   1.068157e-01
  2.097667e-02  -2.012069e-06   2.164206e+03   9.031612e-01   9.231134e-01   7.956576e-02
  2.261284e-02  -1.002907e-06   1.955670e+03   8.797937e-01   9.239746e-01   7.895290e-02
  2.321868e-02  -1.009593e-07   1.904082e+03   8.795356e-01   9.262538e-01   7.936867e-02
  2.329057e-02   2.075911e-06   1.896818e+03   8.788927e-01   9.288741e-01   7.990437e-02
  2.269807e-02   1.985549e-06   1.949356e+03   8.802582e-01   9.224891e-01   7.894788e-02
  2.095264e-02   5.033445e-06   2.166087e+03   9.029106e-01   9.251039e-01   7.971637e-02
  1.444970e-02   1.770005e-07   3.152606e+03   9.062723e-01   9.129299e-01   1.061062e-01
  1.447898e-02  -2.209643e-06   3.141302e+03   9.048523e-01   9.114876e-01   1.060380e-01
  2.100258e-02   5.285542e-07   2.159333e+03   9.022407e-01   9.241063e-01   7.963882e-02
  2.258743e-02  -4.697537e-07   1.961582e+03   8.814619e-01   9.231400e-01   7.898712e-02
  2.321783e-02  -6.118001e-07   1.903802e+03   8.793740e-01   9.256683e-01   7.940128e-02
  2.300138e-02   7.250799e-07   1.922011e+03   8.795083e-01   9.302014e-01   7.971530e-02
  2.265625e-02   4.506302e-07   1.952902e+03   8.802348e-01   9.225976e-01   7.840037e-02
  2.099691e-02  -4.154936e-07   2.161193e+03   9.027742e-01   9.238801e-01   7.974273e-02
  1.453323e-02   1.098876e-06   3.126913e+03   9.040827e-01   9.117127e-01   1.056806e-01
  1.448082e-02  -3.746585e-07   3.141938e+03   9.051506e-01   9.115954e-01   1.065238e-01
  2.100223e-02  -1.704701e-07   2.159513e+03   9.023009e-01   9.226165e-01   7.972169e-02
  2.277695e-02  -2.009624e-07   1.942066e+03   8.800142e-01   9.240735e-01   7.887356e-02
  2.322763e-02  -1.273335e-07   1.903940e+03   8.798086e-01   9.246471e-01   7.946332e-02
  2.325685e-02  -3.475049e-07   1.899061e+03   8.786581e-01   9.234800e-01   7.931808e-02
  2.268742e-02   5.917685e-07   1.950486e+03   8.803558e-01   9.224395e-01   7.897297e-02
  2.100383e-02   1.108133e-07   2.159299e+03   9.022801e-01   9.242940e-01   7.954616e-02
  1.449345e-02   4.415394e-07   3.140233e+03   9.054487e-01   9.114937e-01   1.064391e-01
  1.447463e-02  -1.491939e-08   3.142601e+03   9.049546e-01   9.117123e-01   1.061302e-01
  2.099508e-02  -3.185089e-07   2.160805e+03   9.025330e-01   9.255325e-01   7.966374e-02
  2.259143e-02  -1.140305e-07   1.959717e+03   8.807796e-01   9.247948e-01   7.904795e-02
  2.324911e-02   8.008998e-07   1.899416e+03   8.785300e-01   9.238233e-01   7.951190e-02
  2.325220e-02  -5.340783e-07   1.900221e+03   8.790192e-01   9.271427e-01   7.981256e-02
  2.261357e-02   3.087071e-07   1.957638e+03   8.807073e-01   9.227340e-01   7.902690e-02
  2.103715e-02   2.949842e-07   2.156160e+03   9.023977e-01   9.241208e-01   7.980789e-02
  1.448829e-02   1.665207e-07   3.137640e+03   9.043788e-01   9.117026e-01   1.061610e-01
  1.448791e-02   3.690075e-07   3.139765e+03   9.049678e-01   9.116780e-01   1.065008e-01
  2.100216e-02   1.383334e-07   2.158638e+03   9.019321e-01   9.240121e-01   7.976528e-02
  2.260959e-02  -5.123312e-08   1.957756e+03   8.806055e-01   9.211796e-01   7.895616e-02
  2.322643e-02   6.779871e-08   1.903799e+03   8.796979e-01   9.316536e-01   7.961412e-02
  2.321899e-02   2.212560e-07   1.901781e+03   8.784841e-01   9.256017e-01   7.937596e-02
  2.261189e-02  -4.387860e-07   1.956583e+03   8.801675e-01   9.223690e-01   7.902166e-02
  2.101456e-02  -2.298225e-08   2.157226e+03   9.018744e-01   9.238569e-01   7.983974e-02
  1.447628e-02  -1.874045e-07   3.140369e+03   9.044151e-01   9.116081e-01   1.067951e-01
  1.441755e-02   3.387188e-07   3.154230e+03   9.047212e-01   9.115731e-01   1.065152e-01
  2.101257e-02   7.438387e-08   2.157376e+03   9.018519e-01   9.245871e-01   7.992156e-02
  2.261012e-02   7.170338e-08   1.958313e+03   8.808768e-01   9.231874e-01   7.897108e-02
  2.325079e-02  -3.914029e-07   1.899578e+03   8.786682e-01   9.235799e-01   7.985671e-02
  2.324340e-02  -1.541883e-07   1.901568e+03   8.793094e-01   9.265619e-01   7.944209e-02
  2.261461e-02  -9.298035e-08   1.956884e+03   8.804087e-01   9.225319e-01   7.909616e-02
  2.100524e-02  -8.473854e-08   2.158909e+03   9.021775e-01   9.240738e-01   7.981841e-02
  1.448535e-02  -9.876214e-07   3.137621e+03   9.041897e-01   9.108915e-01   1.066832e-01
  1.445572e-02  -4.668065e-07   3.144171e+03   9.042241e-01   9.111126e-01   1.065318e-01
  2.102540e-02  -2.058325e-07   2.155273e+03   9.015225e-01   9.231024e-01   7.971013e-02
  2.259973e-02  -2.697817e-07   1.958995e+03   8.807787e-01   9.227265e-01   7.898801e-02
  2.322484e-02   1.699555e-07   1.903222e+03   8.793716e-01   9.271622e-01   7.946812e-02
  2.326993e-02   2.118492e-08   1.898955e+03   8.791033e-01   9.263105e-01   7.979105e-02
  2.261305e-02   6.128789e-08   1.957532e+03   8.806398e-01   9.226726e-01   7.885703e-02
  2.100177e-02   1.622887e-07   2.159659e+03   9.023423e-01   9.241536e-01   7.976156e-02
  1.448753e-02  -3.230730e-07   3.139111e+03   9.047554e-01   9.115849e-01   1.064935e-01
  1.420311e-02  -9.192419e-08   3.131643e+03   8.848832e-01   9.091399e-01   2.975591e-01
  2.117728e-02   1.853865e-07   2.124569e+03   8.950992e-01   9.194118e-01   2.187686e-01
  2.280381e-02   5.657950e-07   1.925225e+03   8.734115e-01   9.183152e-01   2.186332e-01
  2.333348e-02   1.741422e-08   1.888165e+03   8.764954e-01   9.246987e-01   2.206008e-01
  2.332191e-02  -4.906248e-08   1.888598e+03   8.762615e-01   9.248588e-01   2.201364e-01
  2.280630e-02   5.881557e-08   1.925069e+03   8.734364e-01   9.183831e-01   2.186210e-01
  2.116623e-02   1.114626e-07   2.125616e+03   8.950728e-01   9.193903e-01   2.187152e-01
  1.418069e-02   3.061913e-07   3.136191e+03   8.847689e-01   9.090695e-01   2.974313e-01
  1.417666e-02   3.105989e-07   3.138403e+03   8.851415e-01   9.094846e-01   2.991671e-01
  2.119352e-02  -1.759664e-07   2.122010e+03   8.947065e-01   9.190703e-01   2.191784e-01
  2.277431e-02   7.740725e-08   1.926781e+03   8.729865e-01   9.180416e-01   2.180518e-01
  2.334229e-02   1.140172e-07   1.887126e+03   8.763438e-01   9.246104e-01   2.208351e-01
  2.332609e-02   2.083832e-07   1.888023e+03   8.761519e-01   9.246253e-01   2.201652e-01
  2.279113e-02  -4.620537e-07   1.926432e+03   8.734733e-01   9.183699e-01   2.189419e-01
  2.118362e-02  -5.876158e-08   2.122865e+03   8.946493e-01   9.192125e-01   2.187502e-01
  1.418949e-02  -3.485545e-07   3.134448e+03   8.848261e-01   9.090637e-01   2.977958e-01
  1.419209e-02  -2.661490e-07   3.131267e+03   8.840905e-01   9.088151e-01   2.984841e-01
  2.118213e-02   6.798275e-08   2.123424e+03   8.948217e-01   9.190266e-01   2.186967e-01
  2.277460e-02   2.971004e-07   1.924916e+03   8.721532e-01   9.175156e-01   2.171477e-01
  2.337832e-02  -1.217286e-06   1.884017e+03   8.762501e-01   9.245706e-01   2.207358e-01
  2.331747e-02  -3.591690e-07   1.888642e+03   8.761154e-01   9.241881e-01   2.203136e-01
  2.281560e-02  -1.331347e-06   1.925215e+03   8.738589e-01   9.186249e-01   2.189164e-01
  2.118633e-02  -5.735680e-08   2.123056e+03   8.948440e-01   9.193157e-01   2.189835e-01
  1.418097e-02  -7.731703e-07   3.135915e+03   8.847087e-01   9.090223e-01   2.983805e-01
  1.406545e-02  -1.164288e-06   3.162175e+03   8.848502e-01   9.094438e-01   2.984162e-01
  2.122006e-02   3.594111e-08   2.118321e+03   8.942700e-01   9.188589e-01   2.187430e-01
  2.268781e-02   1.495046e-06   1.933391e+03   8.726547e-01   9.178226e-01   2.156646e-01
  2.339091e-02  -1.346277e-07   1.880856e+03   8.752514e-01   9.239168e-01   2.211238e-01
  2.335234e-02  -1.814723e-06   1.886929e+03   8.766296e-01   9.249866e-01   2.202784e-01
  2.286311e-02   9.686458e-07   1.919806e+03   8.732180e-01   9.182239e-01   2.194997e-01
  2.118695e-02  -9.136824e-08   2.122822e+03   8.947716e-01   9.192726e-01   2.188727e-01
  1.419866e-02  -1.989773e-07   3.132154e+03   8.847501e-01   9.089799e-01   2.976030e-01
  1.412285e-02   5.569923e-07   3.140942e+03   8.824955e-01   9.080064e-01   2.995031e-01
  2.120885e-02  -1.131128e-06   2.117213e+03   8.933297e-01   9.186701e-01   2.198974e-01
  2.261400e-02   2.229992e-06   1.942241e+03   8.737969e-01   9.185782e-01   2.159940e-01
  2.333771e-02   9.026187e-07   1.886213e+03   8.757479e-01   9.241174e-01   2.209390e-01
  2.330329e-02  -5.020971e-07   1.891120e+03   8.767313e-01   9.247819e-01   2.209548e-01
  2.280994e-02   8.738392e-07   1.923985e+03   8.730842e-01   9.181139e-01   2.185611e-01
  2.118808e-02  -3.004348e-07   2.122589e+03   8.947210e-01   9.192432e-01   2.191000e-01
  1.418489e-02  -1.943831e-07   3.136132e+03   8.850147e-01   9.092160e-01   2.976770e-01
  1.413154e-02   7.478045e-07   3.143373e+03   8.837216e-01   9.087774e-01   3.011146e-01
  2.128300e-02  -4.418621e-07   2.113089e+03   8.947071e-01   9.191042e-01   2.204407e-01
  2.294084e-02  -2.541629e-06   1.914003e+03   8.735385e-01   9.185177e-01   2.182750e-01
  2.329188e-02  -7.372189e-07   1.891747e+03   8.765923e-01   9.244223e-01   2.200712e-01
  2.325734e-02  -1.294677e-06   1.894186e+03   8.764214e-01   9.246675e-01   2.201017e-01
  2.280619e-02  -2.450152e-07   1.925667e+03   8.737037e-01   9.185203e-01   2.188295e-01
  2.117883e-02   5.114290e-07   2.123816e+03   8.948472e-01   9.193303e-01   2.188938e-01
  1.415877e-02  -1.095075e-06   3.141455e+03   8.848840e-01   9.091163e-01   2.973528e-01
  1.414773e-02   2.183709e-07   3.141547e+03   8.842200e-01   9.088948e-01   2.990077e-01
  2.121856e-02   2.450769e-07   2.120901e+03   8.952956e-01   9.196305e-01   2.207033e-01
  2.287612e-02  -1.756639e-06   1.916719e+03   8.723102e-01   9.175994e-01   2.178121e-01
  2.323864e-02   6.090887e-08   1.896906e+03   8.769738e-01   9.240854e-01   2.198758e-01
  2.337580e-02   1.066455e-06   1.884535e+03   8.763969e-01   9.247033e-01   2.204644e-01
  2.282736e-02   9.008080e-07   1.922405e+03   8.730331e-01   9.180952e-01   2.188600e-01
  2.119559e-02   1.213514e-06   2.121160e+03   8.944360e-01   9.190618e-01   2.192182e-01
  1.418331e-02  -1.867413e-07   3.133824e+03   8.842645e-01   9.087198e-01   2.981128e-01
  1.422860e-02   7.810820e-07   3.125547e+03   8.847453e-01   9.089759e-01   2.970742e-01
  2.118876e-02  -1.381984e-06   2.124060e+03   8.953698e-01   9.196062e-01   2.195594e-01
  2.285071e-02   3.242630e-07   1.919388e+03   8.725544e-01   9.178349e-01   2.169147e-01
  2.329391e-02   3.475592e-06   1.889482e+03   8.756196e-01   9.226367e-01   2.198096e-01
  2.338750e-02   2.237176e-06   1.880638e+03   8.750224e-01   9.238144e-01   2.204634e-01
  2.279846e-02  -1.080043e-06   1.925466e+03   8.733163e-01   9.182738e-01   2.188012e-01
  2.115410e-02   1.597223e-08   2.126864e+03   8.950853e-01   9.194781e-01   2.186762e-01
  1.418596e-02  -8.070013e-08   3.137216e+03   8.853872e-01   9.093900e-01   2.979631e-01
  1.410806e-02  -4.134202e-07   3.153817e+03   8.851846e-01   9.087571e-01   2.970345e-01
  2.123087e-02   3.757443e-07   2.121407e+03   8.960288e-01   9.200501e-01   2.217061e-01
  2.305497e-02  -6.242564e-07   1.904404e+03   8.734816e-01   9.184088e-01   2.207466e-01
  2.330106e-02  -6.887088e-07   1.890137e+03   8.761918e-01   9.238907e-01   2.206942e-01
  2.328823e-02   1.547188e-06   1.892987e+03   8.770297e-01   9.250540e-01   2.200936e-01
  2.281589e-02   3.550833e-06   1.922793e+03   8.727703e-01   9.179434e-01   2.185105e-01
  2.114923e-02  -6.522260e-07   2.126594e+03   8.947658e-01   9.192693e-01   2.189305e-01
  1.417367e-02   2.300908e-07   3.136644e+03   8.844590e-01   9.088376e-01   2.975291e-01
  1.425572e-02  -9.600197e-07   3.119867e+03   8.848207e-01   9.087605e-01   2.951987e-01
  2.104797e-02   3.451185e-06   2.138240e+03   8.953580e-01   9.195476e-01   2.180785e-01
  2.277041e-02  -1.122114e-07   1.926567e+03   8.727406e-01   9.178960e-01   2.167691e-01
  2.334579e-02  -2.466635e-06   1.890537e+03   8.780592e-01   9.272282e-01   2.207413e-01
  2.336607e-02   8.954099e-07   1.883332e+03   8.754729e-01   9.240304e-01   2.198522e-01
  2.278984e-02   2.592528e-06   1.927526e+03   8.739201e-01   9.186593e-01   2.182275e-01
  2.116517e-02  -2.074752e-06   2.127016e+03   8.956176e-01   9.197986e-01   2.186355e-01
  1.416403e-02   1.835327e-06   3.141169e+03   8.851322e-01   9.092365e-01   2.955368e-01
  1.431534e-02   9.857477e-07   3.108932e+03   8.854073e-01   9.093649e-01   2.954323e-01
  2.104966e-02   2.685207e-06   2.138531e+03   8.955518e-01   9.197517e-01   2.183980e-01
  2.284822e-02  -6.034181e-07   1.921976e+03   8.736360e-01   9.185239e-01   2.179940e-01
  2.327425e-02  -3.965223e-07   1.892559e+03   8.763050e-01   9.236026e-01   2.206111e-01
  2.332207e-02  -2.999795e-06   1.887547e+03   8.757798e-01   9.243010e-01   2.205833e-01
  2.286405e-02  -2.903119e-06   1.918052e+03   8.724562e-01   9.177625e-01   2.193161e-01
  2.125459e-02  -1.228037e-06   2.113725e+03   8.937816e-01   9.186789e-01   2.194037e-01
  1.414455e-02   3.657788e-07   3.136463e+03   8.825911e-01   9.079380e-01   2.987474e-01
  1.415399e-02   3.314263e-07   3.137940e+03   8.835959e-01   9.082871e-01   2.977271e-01
  2.114234e-02  -1.773868e-06   2.128289e+03   8.951870e-01   9.195427e-01   2.195709e-01
  2.289028e-02   2.478063e-07   1.917487e+03   8.732000e-01   9.181943e-01   2.202906e-01
  2.327313e-02   4.535608e-07   1.893421e+03   8.766620e-01   9.251466e-01   2.200801e-01
  2.329349e-02   6.097403e-07   1.891768e+03   8.766630e-01   9.249523e-01   2.206355e-01
  2.279507e-02  -2.567772e-06   1.925297e+03   8.731098e-01   9.181492e-01   2.193447e-01
  2.116437e-02   3.736410e-06   2.125051e+03   8.947565e-01   9.192524e-01   2.195603e-01
  1.418185e-02   3.321244e-06   3.133789e+03   8.841638e-01   9.085379e-01   3.001951e-01
  1.424614e-02  -1.319940e-06   3.118865e+03   8.839422e-01   9.080410e-01   2.955882e-01
  2.121877e-02  -1.934304e-06   2.118304e+03   8.942082e-01   9.189478e-01   2.189547e-01
  2.282053e-02  -1.580110e-06   1.922991e+03   8.730381e-01   9.178642e-01   2.183480e-01
  2.343233e-02   1.461432e-06   1.879304e+03   8.760779e-01   9.244100e-01   2.206036e-01
  2.333927e-02   1.508360e-06   1.886150e+03   8.757775e-01   9.247313e-01   2.194922e-01
  2.280514e-02  -2.086462e-07   1.925725e+03   8.736896e-01   9.185245e-01   2.181894e-01
  2.111200e-02   1.085365e-06   2.129923e+03   8.945888e-01   9.191637e-01   2.175934e-01
  1.414584e-02   7.641335e-07   3.142129e+03   8.842656e-01   9.086840e-01   2.973894e-01
  1.431643e-02  -4.983994e-07   3.104707e+03   8.842712e-01   9.088969e-01   2.971938e-01
  2.119888e-02  -2.485091e-06   2.121500e+03   8.947179e-01   9.191938e-01   2.196990e-01
  2.285442e-02   3.927738e-07   1.922632e+03   8.741710e-01   9.182729e-01   2.192875e-01
  2.329846e-02   1.466046e-07   1.888930e+03   8.755343e-01   9.240429e-01   2.198999e-01
  2.338725e-02  -3.592127e-07   1.883417e+03   8.763061e-01   9.253673e-01   2.198814e-01
  2.281179e-02   1.369219e-06   1.924395e+03   8.733408e-01   9.183294e-01   2.191186e-01
  2.120407e-02  -1.283626e-06   2.119485e+03   8.940868e-01   9.188773e-01   2.189149e-01
  1.417461e-02  -2.549063e-06   3.134883e+03   8.840212e-01   9.088234e-01   2.985984e-01
  1.420110e-02   1.012042e-06   3.129205e+03   8.840692e-01   9.088211e-01   2.989886e-01
  2.113625e-02   2.921373e-06   2.128625e+03   8.950707e-01   9.193639e-01   2.189496e-01
  2.282360e-02   2.401332e-06   1.924100e+03   8.736591e-01   9.175718e-01   2.186850e-01
  2.332026e-02  -6.469776e-07   1.886470e+03   8.752122e-01   9.239033e-01   2.195708e-01
  2.332358e-02  -7.368319e-07   1.888992e+03   8.765070e-01   9.250698e-01   2.208338e-01
  2.279922e-02  -7.785954e-08   1.927099e+03   8.740860e-01   9.187645e-01   2.186087e-01
  2.113189e-02  -4.583099e-09   2.129430e+03   8.952243e-01   9.195848e-01   2.182340e-01
  1.414645e-02  -3.612672e-07   3.147557e+03   8.858318e-01   9.096043e-01   2.971704e-01
  1.421309e-02   5.419133e-07   3.123685e+03   8.832545e-01   9.080482e-01   2.987149e-01
  2.117824e-02   2.400426e-06   2.122587e+03   8.943045e-01   9.190106e-01   2.186654e-01
  2.300463e-02  -3.439647e-07   1.908349e+03   8.733800e-01   9.179948e-01   2.197089e-01
  2.318234e-02  -1.129229e-06   1.902129e+03   8.772582e-01   9.252191e-01   2.187682e-01
  2.335761e-02  -8.695926e-07   1.884506e+03   8.757016e-01   9.234457e-01   2.202982e-01
  2.284781e-02  -1.068942e-06   1.922876e+03   8.740291e-01   9.187163e-01   2.193356e-01
  2.118263e-02  -3.484753e-07   2.122950e+03   8.946432e-01   9.193625e-01   2.188296e-01
  1.414616e-02   9.612750e-07   3.142308e+03   8.843362e-01   9.090387e-01   2.985824e-01
  1.416608e-02  -1.059046e-06   3.141076e+03   8.852346e-01   9.093573e-01   2.983600e-01
  2.119941e-02  -6.145537e-06   2.121663e+03   8.948091e-01   9.193802e-01   2.186403e-01
  2.290773e-02   2.772075e-07   1.913983e+03   8.722691e-01   9.186176e-01   2.201527e-01
  2.335712e-02  -6.081449e-06   1.887121e+03   8.768982e-01   9.249795e-01   2.196869e-01
  2.333446e-02   5.942519e-07   1.888397e+03   8.766396e-01   9.252641e-01   2.203665e-01
  2.287046e-02   1.863836e-06   1.917132e+03   8.722825e-01   9.176135e-01   2.189675e-01
  2.113700e-02   2.769160e-06   2.130091e+03   8.957188e-01   9.201154e-01   2.188275e-01
  1.413583e-02   8.850280e-07   3.147192e+03   8.850640e-01   9.093149e-01   2.981294e-01
  1.422734e-02   1.092744e-07   3.130259e+03   8.860009e-01   9.098908e-01   2.966002e-01
  2.117588e-02  -1.286400e-06   2.124501e+03   8.950115e-01   9.193734e-01   2.188157e-01
  2.286283e-02   7.711045e-07   1.918560e+03   8.726408e-01   9.172760e-01   2.198322e-01
  2.342313e-02  -3.173139e-06   1.882430e+03   8.771905e-01   9.252163e-01   2.223302e-01
  2.332791e-02  -2.327594e-06   1.887980e+03   8.761998e-01   9.243547e-01   2.205751e-01
  2.282820e-02  -5.294103e-06   1.922265e+03   8.730018e-01   9.180277e-01   2.190098e-01
  2.117828e-02   6.166805e-08   2.124452e+03   8.950923e-01   9.195946e-01   2.186803e-01
  1.413853e-02  -4.090502e-06   3.143362e+03   8.841555e-01   9.088235e-01   2.967078e-01
  1.420589e-02   4.889406e-07   3.129678e+03   8.845009e-01   9.090188e-01   2.989180e-01
  2.112300e-02   2.262389e-06   2.130642e+03   8.953569e-01   9.196313e-01   2.189537e-01
  2.280981e-02  -1.646814e-06   1.923576e+03   8.728934e-01   9.181893e-01   2.193951e-01
  2.348761e-02   4.796705e-06   1.873592e+03   8.754752e-01   9.240778e-01   2.211217e-01
  2.333625e-02   5.319856e-07   1.887402e+03   8.762448e-01   9.246007e-01   2.200594e-01
  2.276955e-02  -7.065342e-07   1.927490e+03   8.731255e-01   9.181579e-01   2.181864e-01
  2.113525e-02  -1.061011e-06   2.128331e+03   8.949044e-01   9.190465e-01   2.186725e-01
  1.413046e-02  -6.469575e-07   3.146358e+03   8.844936e-01   9.089513e-01   2.985296e-01
  1.419509e-02   8.456685e-08   3.134599e+03   8.852179e-01   9.089534e-01   2.965825e-01
  2.113214e-02  -1.588466e-06   2.130698e+03   8.957681e-01   9.199745e-01   2.187085e-01
  2.282911e-02   1.146046e-06   1.920936e+03   8.724328e-01   9.176234e-01   2.193842e-01
  2.334814e-02   2.010477e-06   1.887043e+03   8.765249e-01   9.246963e-01   2.212782e-01
  2.335034e-02   1.562026e-06   1.883336e+03   8.748852e-01   9.236948e-01   2.204135e-01
  2.282198e-02   6.879377e-06   1.920947e+03   8.721652e-01   9.175840e-01   2.186780e-01
  2.119229e-02  -4.488793e-07   2.119201e+03   8.934702e-01   9.186618e-01   2.187103e-01
  1.406252e-02   4.931720e-06   3.165297e+03   8.855389e-01   9.094516e-01   2.964773e-01
  1.419472e-02   7.001463e-07   3.130427e+03   8.840169e-01   9.086525e-01   2.974604e-01
  2.119933e-02   9.942895e-07   2.121465e+03   8.947221e-01   9.195596e-01   2.188943e-01
  2.276701e-02   1.668563e-06   1.926704e+03   8.726721e-01   9.178340e-01   2.186410e-01
  2.319630e-02   2.597023e-06   1.898902e+03   8.762972e-01   9.245606e-01   2.185419e-01
  2.335333e-02   2.931783e-06   1.886145e+03   8.763026e-01   9.245321e-01   2.200856e-01
  2.285528e-02  -1.905196e-06   1.920940e+03   8.734346e-01   9.183820e-01   2.196713e-01
  2.122018e-02  -1.860355e-06   2.117995e+03   8.941372e-01   9.188618e-01   2.188798e-01
  1.429741e-02  -4.472289e-07   3.103572e+03   8.827736e-01   9.078894e-01   2.994358e-01
  1.422419e-02  -4.308286e-07   3.132431e+03   8.864190e-01   9.099248e-01   2.970503e-01
  2.116685e-02   3.236296e-06   2.126924e+03   8.956500e-01   9.203746e-01   2.187123e-01
  2.277883e-02  -4.490720e-07   1.926126e+03   8.728633e-01   9.180205e-01   2.189460e-01
  2.330555e-02  -3.167200e-06   1.891817e+03   8.771394e-01   9.251503e-01   2.214242e-01
  2.320957e-02   6.882039e-08   1.902397e+03   8.784124e-01   9.256647e-01   2.200551e-01
  2.285955e-02   2.092826e-07   1.919989e+03   8.731652e-01   9.181714e-01   2.191725e-01
  2.120334e-02  -3.058208e-06   2.122904e+03   8.954981e-01   9.197467e-01   2.194230e-01
  1.417457e-02  -3.378401e-07   3.143527e+03   8.864563e-01   9.101096e-01   2.986215e-01
  1.417034e-02  -2.717396e-07   3.138952e+03   8.849020e-01   9.091133e-01   2.985493e-01
  2.119391e-02  -9.699888e-07   2.122373e+03   8.948761e-01   9.195800e-01   2.191482e-01
  2.287464e-02  -5.554515e-07   1.917858e+03   8.727720e-01   9.183152e-01   2.193902e-01
  2.329754e-02  -1.091829e-06   1.890261e+03   8.761167e-01   9.244732e-01   2.203320e-01
  2.318945e-02  -2.726024e-06   1.900477e+03   8.767651e-01   9.241581e-01   2.193014e-01
  2.285126e-02  -5.961611e-06   1.921100e+03   8.733538e-01   9.182638e-01   2.193620e-01
  2.106971e-02  -3.104093e-06   2.132388e+03   8.938298e-01   9.187337e-01   2.190495e-01
  1.417140e-02  -5.659101e-07   3.129292e+03   8.822444e-01   9.070810e-01   2.978706e-01
  1.430351e-02   8.427243e-07   3.110246e+03   8.850491e-01   9.090153e-01   2.974831e-01
  2.114838e-02   3.757136e-07   2.127345e+03   8.950456e-01   9.189192e-01   2.188504e-01
  2.279380e-02   8.457228e-07   1.927422e+03   8.740247e-01   9.198329e-01   2.186280e-01
  2.308407e-02   3.642019e-06   1.906727e+03   8.756513e-01   9.241717e-01   2.202583e-01
  2.366332e-02  -5.610815e-07   1.859647e+03   8.754600e-01   9.223460e-01   2.200401e-01
  2.300362e-02   1.166963e-06   1.908313e+03   8.733252e-01   9.181329e-01   2.199342e-01
  2.116719e-02   2.289966e-06   2.128085e+03   8.961532e-01   9.201558e-01   2.185776e-01
  1.419067e-02  -1.039878e-06   3.132254e+03   8.842805e-01   9.078928e-01   2.977048e-01
  1.417399e-02  -2.867428e-06   3.140199e+03   8.854810e-01   9.096806e-01   2.972160e-01
  2.114073e-02  -1.914841e-06   2.129142e+03   8.954777e-01   9.200904e-01   2.182927e-01
  2.279561e-02  -3.949702e-07   1.925468e+03   8.732077e-01   9.200470e-01   2.184075e-01
  2.331598e-02   3.660796e-07   1.889430e+03   8.764247e-01   9.246387e-01   2.202254e-01
  2.338437e-02  -4.124900e-08   1.884773e+03   8.768290e-01   9.218856e-01   2.206290e-01
  2.282223e-02   5.725133e-06   1.923417e+03   8.732963e-01   9.177772e-01   2.191224e-01
  2.129946e-02   2.856941e-06   2.111803e+03   8.948536e-01   9.193732e-01   2.189704e-01
  1.425068e-02   9.267697e-07   3.119608e+03   8.844344e-01   9.083447e-01   2.963689e-01
  1.406895e-02  -6.754276e-07   3.161198e+03   8.847965e-01   9.090062e-01   2.962757e-01
  2.119606e-02  -4.823374e-07   2.120724e+03   8.942717e-01   9.189177e-01   2.188960e-01
  2.284332e-02  -2.520136e-06   1.921491e+03   8.732281e-01   9.190705e-01   2.192008e-01
  2.337126e-02  -1.310825e-07   1.883980e+03   8.759684e-01   9.244135e-01   2.208049e-01
  2.331996e-02   8.934269e-07   1.888977e+03   8.763641e-01   9.233321e-01   2.200255e-01
  2.281473e-02  -2.044226e-06   1.921349e+03   8.720706e-01   9.163187e-01   2.192408e-01
  2.113042e-02   1.997717e-06   2.131268e+03   8.959346e-01   9.198509e-01   2.186370e-01
  1.427004e-02  -5.592764e-07   3.121795e+03   8.862573e-01   9.105658e-01   2.968038e-01
  1.421513e-02   1.539194e-06   3.127999e+03   8.846010e-01   9.090120e-01   2.984446e-01
  2.118340e-02   2.220121e-06   2.123144e+03   8.947574e-01   9.191937e-01   2.187877e-01
  2.283654e-02   7.604282e-08   1.921576e+03   8.730072e-01   9.162057e-01   2.190595e-01
  2.332049e-02   3.039909e-07   1.888671e+03   8.762419e-01   9.245287e-01   2.202087e-01
  2.330120e-02  -5.901234e-07   1.889441e+03   8.758741e-01   9.274981e-01   2.199363e-01
  2.277366e-02  -1.883148e-07   1.929024e+03   8.739782e-01   9.168854e-01   2.186668e-01
  2.125094e-02   2.324871e-07   2.117803e+03   8.953522e-01   9.196398e-01   2.188935e-01
  1.425283e-02  -2.795043e-07   3.121148e+03   8.850045e-01   9.090199e-01   2.973847e-01
  1.414897e-02   1.052909e-07   3.142770e+03   8.846418e-01   9.091367e-01   2.979207e-01
  2.117590e-02  -1.836406e-07   2.124481e+03   8.950038e-01   9.194357e-01   2.190684e-01
  2.283265e-02   7.284964e-07   1.922059e+03   8.730781e-01   9.192428e-01   2.192597e-01
  2.332868e-02   1.595715e-08   1.888687e+03   8.765572e-01   9.247787e-01   2.203218e-01
  2.334742e-02   4.640640e-07   1.886613e+03   8.762983e-01   9.228090e-01   2.203606e-01
  2.297728e-02  -1.135441e-06   1.909415e+03   8.728289e-01   9.171275e-01   2.192238e-01
  2.115689e-02  -1.060378e-06   2.125112e+03   8.944660e-01   9.191978e-01   2.187264e-01
  1.413690e-02  -1.005149e-06   3.146900e+03   8.850487e-01   9.096353e-01   2.978829e-01
  1.422185e-02   7.506088e-07   3.124414e+03   8.840048e-01   9.085424e-01   2.975355e-01
  2.117005e-02  -4.444840e-08   2.124149e+03   8.946167e-01   9.191576e-01   2.187562e-01
  2.282098e-02   7.948460e-08   1.922720e+03   8.729322e-01   9.176456e-01   2.189516e-01
  2.333482e-02  -3.090602e-08   1.886563e+03   8.758018e-01   9.242915e-01   2.204801e-01
  2.334926e-02  -8.404842e-09   1.886844e+03   8.764744e-01   9.252573e-01   2.206494e-01
  2.281070e-02  -2.078050e-07   1.924279e+03   8.732464e-01   9.201143e-01   2.189873e-01
  2.117132e-02   2.190273e-07   2.125012e+03   8.950341e-01   9.197454e-01   2.190211e-01
  1.418805e-02  -1.503481e-07   3.132661e+03   8.842323e-01   9.090955e-01   2.976161e-01
  1.417981e-02  -5.726711e-07   3.138302e+03   8.853101e-01   9.092742e-01   2.984354e-01
  2.117943e-02   1.640288e-07   2.124282e+03   8.950693e-01   9.194543e-01   2.187570e-01
  2.281782e-02  -3.663132e-07   1.924048e+03   8.734141e-01   9.184262e-01   2.190065e-01
  2.316436e-02   1.765010e-06   1.901928e+03   8.764850e-01   9.246748e-01   2.203109e-01
  2.331810e-02  -1.596117e-07   1.888619e+03   8.761281e-01   9.243755e-01   2.199618e-01
  2.283481e-02   9.832162e-07   1.921270e+03   8.728022e-01   9.168256e-01   2.192588e-01
  2.118351e-02  -1.704010e-07   2.123252e+03   8.948073e-01   9.193441e-01   2.189051e-01
  1.414224e-02   4.696453e-07   3.145078e+03   8.848705e-01   9.093779e-01   2.977680e-01
  1.418796e-02   4.850071e-08   3.134378e+03   8.847108e-01   9.090177e-01   2.968035e-01
  2.117570e-02   1.648513e-07   2.124058e+03   8.948172e-01   9.192958e-01   2.186521e-01
  2.281190e-02  -4.505005e-07   1.924042e+03   8.731849e-01   9.181680e-01   2.187408e-01
  2.333233e-02  -3.412243e-07   1.887551e+03   8.761670e-01   9.244889e-01   2.202297e-01
  2.333567e-02  -1.701752e-07   1.887371e+03   8.762088e-01   9.246114e-01   2.203485e-01
  2.281721e-02   5.128257e-07   1.923916e+03   8.733305e-01   9.187033e-01   2.190808e-01
  2.117920e-02  -1.952215e-07   2.123450e+03   8.947087e-01   9.189839e-01   2.188565e-01
  1.417258e-02   1.299148e-07   3.136279e+03   8.842882e-01   9.083823e-01   2.974818e-01
  1.416219e-02   4.523027e-07   3.141532e+03   8.851197e-01   9.092768e-01   2.982953e-01
  2.118650e-02   1.243065e-07   2.122747e+03   8.947207e-01   9.192236e-01   2.189589e-01
  2.281314e-02   2.936296e-07   1.924283e+03   8.733416e-01   9.182855e-01   2.188878e-01
  2.333412e-02  -7.129736e-07   1.887202e+03   8.760726e-01   9.244529e-01   2.203855e-01
  2.331390e-02   4.363341e-07   1.889588e+03   8.764201e-01   9.248279e-01   2.201283e-01
  2.280101e-02  -2.642040e-07   1.925256e+03   8.733184e-01   9.181425e-01   2.188604e-01
  2.117678e-02  -1.531355e-08   2.123850e+03   8.947754e-01   9.194262e-01   2.186838e-01
  1.422627e-02  -2.373481e-07   3.126563e+03   8.848880e-01   9.091685e-01   2.981402e-01
  1.369254e-02  -6.130677e-07   3.122664e+03   8.506275e-01   9.057678e-01   6.020879e-01
  2.145365e-02  -5.117269e-07   2.070193e+03   8.835728e-01   9.120019e-01   4.272637e-01
  2.316987e-02  -4.288587e-07   1.867852e+03   8.609860e-01   9.104952e-01   4.287801e-01
  2.347798e-02  -6.285280e-07   1.866073e+03   8.716045e-01   9.213133e-01   4.315623e-01
  2.348491e-02  -1.069214e-07   1.865501e+03   8.715946e-01   9.221981e-01   4.315443e-01
  2.319996e-02   6.059719e-07   1.866006e+03   8.612525e-01   9.110433e-01   4.300054e-01
  2.144238e-02  -6.446717e-08   2.071152e+03   8.835175e-01   9.118300e-01   4.267042e-01
  1.371484e-02  -1.417312e-07   3.109495e+03   8.484198e-01   9.045950e-01   6.009698e-01
  1.369994e-02  -4.456543e-07   3.114193e+03   8.487785e-01   9.045044e-01   6.017166e-01
  2.145170e-02  -2.606181e-07   2.069984e+03   8.834029e-01   9.114955e-01   4.267071e-01
  2.316637e-02  -1.329945e-06   1.867182e+03   8.605476e-01   9.104695e-01   4.286167e-01
  2.345015e-02   2.876886e-07   1.868484e+03   8.716962e-01   9.218236e-01   4.308953e-01
  2.345286e-02  -1.014394e-07   1.867910e+03   8.715290e-01   9.226807e-01   4.313445e-01
  2.314419e-02  -4.394645e-07   1.871232e+03   8.615884e-01   9.112625e-01   4.292963e-01
  2.137476e-02   3.053240e-07   2.079398e+03   8.842379e-01   9.121623e-01   4.265859e-01
  1.372551e-02   9.820458e-07   3.112841e+03   8.499932e-01   9.052016e-01   6.007235e-01
  1.369517e-02  -4.780620e-07   3.119838e+03   8.500211e-01   9.050592e-01   6.013534e-01
  2.146887e-02   3.934007e-07   2.068082e+03   8.832975e-01   9.116059e-01   4.275977e-01
  2.316765e-02  -5.546644e-07   1.867830e+03   8.608940e-01   9.106139e-01   4.289220e-01
  2.349904e-02   4.755355e-07   1.864623e+03   8.717088e-01   9.217221e-01   4.322396e-01
  2.348575e-02   5.367869e-08   1.865388e+03   8.715728e-01   9.223151e-01   4.313570e-01
  2.319555e-02   8.588835e-07   1.865870e+03   8.610257e-01   9.109114e-01   4.296258e-01
  2.142543e-02  -3.404114e-08   2.073407e+03   8.837803e-01   9.119409e-01   4.262432e-01
  1.372301e-02   1.562738e-07   3.110491e+03   8.491971e-01   9.045130e-01   6.013307e-01
  1.370033e-02  -2.670143e-08   3.111937e+03   8.481879e-01   9.041520e-01   6.033128e-01
  2.144507e-02   1.589983e-07   2.071707e+03   8.838650e-01   9.120214e-01   4.272457e-01
  2.320656e-02  -2.021210e-06   1.864828e+03   8.609536e-01   9.102484e-01   4.288921e-01
  2.349667e-02  -1.974572e-06   1.865633e+03   8.720930e-01   9.220389e-01   4.323379e-01
  2.344406e-02  -3.409435e-07   1.871500e+03   8.728765e-01   9.216818e-01   4.318346e-01
  2.310158e-02   4.391498e-07   1.874550e+03   8.615269e-01   9.111428e-01   4.296242e-01
  2.141072e-02  -2.776709e-07   2.076954e+03   8.846844e-01   9.125210e-01   4.266104e-01
  1.372775e-02  -3.709025e-08   3.114808e+03   8.506691e-01   9.049783e-01   6.002586e-01
  1.375713e-02   2.974697e-06   3.109060e+03   8.509166e-01   9.052504e-01   5.999556e-01
  2.143519e-02   3.413664e-07   2.074094e+03   8.844754e-01   9.123442e-01   4.267678e-01
  2.316351e-02   1.313098e-06   1.868421e+03   8.610120e-01   9.111079e-01   4.295792e-01
  2.340858e-02  -1.998995e-06   1.873858e+03   8.726534e-01   9.223069e-01   4.302482e-01
  2.341143e-02   6.011071e-07   1.874210e+03   8.729236e-01   9.224551e-01   4.315814e-01
  2.307855e-02  -4.325443e-07   1.875314e+03   8.610191e-01   9.108371e-01   4.286493e-01
  2.147291e-02   9.313319e-07   2.068058e+03   8.834539e-01   9.117137e-01   4.274268e-01
  1.373748e-02  -9.500102e-07   3.109711e+03   8.498796e-01   9.047797e-01   5.980119e-01
  1.373363e-02  -1.245634e-07   3.115336e+03   8.511783e-01   9.062063e-01   6.002647e-01
  2.144483e-02   8.804906e-08   2.070488e+03   8.833352e-01   9.116934e-01   4.267486e-01
  2.319182e-02   7.009715e-06   1.866336e+03   8.611022e-01   9.112501e-01   4.291423e-01
  2.347760e-02  -1.736734e-06   1.864156e+03   8.706951e-01   9.210753e-01   4.306859e-01
  2.350968e-02   3.338349e-06   1.862826e+03   8.712628e-01   9.218401e-01   4.315800e-01
  2.319873e-02   6.110353e-07   1.864050e+03   8.603039e-01   9.104250e-01   4.292801e-01
  2.150296e-02   2.237067e-07   2.063741e+03   8.828434e-01   9.113625e-01   4.276777e-01
  1.372072e-02   1.056560e-06   3.107079e+03   8.481239e-01   9.030605e-01   5.972313e-01
  1.362692e-02  -1.131054e-06   3.136144e+03   8.502052e-01   9.053921e-01   6.017383e-01
  2.146818e-02  -5.573333e-07   2.069116e+03   8.837109e-01   9.118754e-01   4.276207e-01
  2.319622e-02  -5.654648e-07   1.866117e+03   8.611650e-01   9.106093e-01   4.294741e-01
  2.346893e-02  -8.682988e-07   1.867665e+03   8.720120e-01   9.219734e-01   4.311960e-01
  2.348403e-02   7.390101e-09   1.863616e+03   8.706811e-01   9.208783e-01   4.309064e-01
  2.311457e-02  -1.050753e-06   1.873473e+03   8.615163e-01   9.111519e-01   4.282690e-01
  2.142195e-02  -9.835211e-07   2.074834e+03   8.842448e-01   9.121974e-01   4.264300e-01
  1.384716e-02   4.126206e-07   3.085159e+03   8.499015e-01   9.045238e-01   5.954679e-01
  1.372245e-02  -6.759235e-08   3.113883e+03   8.500885e-01   9.050000e-01   6.005465e-01
  2.143849e-02  -5.805836e-07   2.073213e+03   8.842361e-01   9.122483e-01   4.288397e-01
  2.318124e-02   1.676008e-06   1.868015e+03   8.614835e-01   9.113751e-01   4.289163e-01
  2.348037e-02   2.560023e-06   1.865318e+03   8.713404e-01   9.214910e-01   4.320551e-01
  2.343379e-02  -2.215563e-06   1.867522e+03   8.706394e-01   9.212822e-01   4.305582e-01
  2.318152e-02   4.112132e-08   1.867986e+03   8.614808e-01   9.111822e-01   4.292455e-01
  2.146209e-02   5.923934e-07   2.069008e+03   8.834141e-01   9.117363e-01   4.261871e-01
  1.377920e-02  -9.497970e-07   3.095577e+03   8.485856e-01   9.044054e-01   6.000446e-01
  1.359419e-02  -1.243203e-07   3.139465e+03   8.490612e-01   9.044609e-01   6.032265e-01
  2.152069e-02  -1.168419e-06   2.060523e+03   8.821932e-01   9.109689e-01   4.282238e-01
  2.318822e-02  -1.503108e-06   1.867333e+03   8.614285e-01   9.110573e-01   4.295828e-01
  2.348874e-02   2.406954e-06   1.863390e+03   8.707504e-01   9.211553e-01   4.310887e-01
  2.351166e-02  -5.744632e-08   1.862283e+03   8.710825e-01   9.216588e-01   4.299696e-01
  2.322843e-02  -1.049925e-06   1.863188e+03   8.610069e-01   9.108599e-01   4.283915e-01
  2.135886e-02  -7.297532e-07   2.082575e+03   8.849302e-01   9.126182e-01   4.253620e-01
  1.386061e-02  -2.683243e-06   3.081917e+03   8.498325e-01   9.049090e-01   5.978948e-01
  1.371883e-02   1.146569e-06   3.110138e+03   8.488421e-01   9.038157e-01   5.978316e-01
  2.147077e-02  -6.129267e-07   2.068410e+03   8.835159e-01   9.117342e-01   4.262473e-01
  2.317717e-02  -2.759255e-06   1.867918e+03   8.612882e-01   9.110380e-01   4.290113e-01
  2.349468e-02  -1.224240e-06   1.865354e+03   8.718886e-01   9.218852e-01   4.322296e-01
  2.335740e-02  -8.342773e-08   1.877095e+03   8.722501e-01   9.227266e-01   4.294932e-01
  2.316405e-02   1.089033e-06   1.868966e+03   8.612833e-01   9.110703e-01   4.290711e-01
  2.146024e-02   1.299116e-06   2.067066e+03   8.825091e-01   9.111201e-01   4.266530e-01
  1.374705e-02   1.930152e-06   3.102557e+03   8.485145e-01   9.051914e-01   6.062056e-01
  1.376432e-02  -2.625561e-07   3.108886e+03   8.513136e-01   9.065057e-01   6.006146e-01
  2.131376e-02   1.819234e-06   2.085585e+03   8.843373e-01   9.121986e-01   4.247070e-01
  2.316945e-02   1.056255e-06   1.869422e+03   8.616942e-01   9.112416e-01   4.300904e-01
  2.351695e-02   1.182939e-06   1.862544e+03   8.714005e-01   9.216000e-01   4.318493e-01
  2.345100e-02   6.061922e-09   1.869588e+03   8.722427e-01   9.226868e-01   4.315737e-01
  2.316858e-02   2.372389e-06   1.868674e+03   8.613173e-01   9.111190e-01   4.290461e-01
  2.150003e-02   1.577326e-06   2.066601e+03   8.839459e-01   9.120460e-01   4.283114e-01
  1.375698e-02   5.030176e-06   3.104170e+03   8.495695e-01   9.054761e-01   6.055811e-01
  1.370135e-02  -8.736119e-07   3.117334e+03   8.497219e-01   9.050075e-01   6.008062e-01
  2.139405e-02   4.227078e-07   2.077245e+03   8.841195e-01   9.121232e-01   4.271827e-01
  2.315066e-02   5.323306e-07   1.870381e+03   8.614371e-01   9.109728e-01   4.287099e-01
  2.345910e-02   1.406141e-06   1.868930e+03   8.722371e-01   9.223569e-01   4.311786e-01
  2.356733e-02  -1.459760e-06   1.857834e+03   8.710591e-01   9.211104e-01   4.332648e-01
  2.314515e-02   4.144061e-08   1.870900e+03   8.614712e-01   9.111964e-01   4.278963e-01
  2.141386e-02  -1.667311e-06   2.074403e+03   8.837274e-01   9.117713e-01   4.253551e-01
  1.376210e-02  -3.239179e-06   3.106372e+03   8.504881e-01   9.070274e-01   6.054952e-01
  1.371067e-02   2.709334e-06   3.112746e+03   8.490483e-01   9.046871e-01   6.018654e-01
  2.148697e-02   4.634019e-07   2.064916e+03   8.826889e-01   9.112632e-01   4.272368e-01
  2.317525e-02   7.078472e-07   1.868667e+03   8.615616e-01   9.108290e-01   4.291139e-01
  2.344957e-02  -2.296921e-06   1.869104e+03   8.719640e-01   9.226497e-01   4.314411e-01
  2.358434e-02  -8.348486e-08   1.856278e+03   8.709573e-01   9.206974e-01   4.302520e-01
  2.325873e-02  -2.118346e-07   1.859900e+03   8.606087e-01   9.106352e-01   4.310630e-01
  2.145433e-02  -3.737467e-07   2.070409e+03   8.836924e-01   9.118580e-01   4.282707e-01
  1.344635e-02  -1.461659e-06   3.165769e+03   8.468642e-01   9.035799e-01   6.049350e-01
  1.368407e-02   1.063913e-07   3.114868e+03   8.479788e-01   9.036453e-01   6.020777e-01
  2.151033e-02   4.643946e-07   2.063772e+03   8.831594e-01   9.115193e-01   4.269219e-01
  2.318227e-02  -1.783765e-06   1.866112e+03   8.606444e-01   9.098988e-01   4.292105e-01
  2.346482e-02   1.449865e-08   1.867901e+03   8.719693e-01   9.232367e-01   4.314550e-01
  2.353313e-02   2.372132e-07   1.861606e+03   8.715606e-01   9.222683e-01   4.325442e-01
  2.317190e-02   1.643146e-07   1.868072e+03   8.611629e-01   9.109498e-01   4.289991e-01
  2.144151e-02  -6.786912e-07   2.072020e+03   8.838516e-01   9.119826e-01   4.271414e-01
  1.360817e-02  -4.600298e-07   3.140615e+03   8.502458e-01   9.049669e-01   6.009877e-01
  1.381920e-02  -6.728797e-07   3.095554e+03   8.510429e-01   9.054693e-01   5.984022e-01
  2.142313e-02  -1.224547e-06   2.076693e+03   8.850859e-01   9.126561e-01   4.271407e-01
  2.316546e-02   1.334171e-07   1.868019e+03   8.608993e-01   9.101266e-01   4.291178e-01
  2.346209e-02   9.235474e-07   1.870574e+03   8.731158e-01   9.239750e-01   4.321212e-01
  2.349821e-02   4.514424e-07   1.863922e+03   8.713501e-01   9.211205e-01   4.310964e-01
  2.320243e-02  -1.171623e-06   1.864372e+03   8.605897e-01   9.106047e-01   4.292645e-01
  2.151813e-02   3.929755e-08   2.062909e+03   8.831099e-01   9.114590e-01   4.273480e-01
  1.356711e-02   2.954182e-08   3.140737e+03   8.477133e-01   9.047364e-01   6.056970e-01
  1.363875e-02  -5.032089e-07   3.128673e+03   8.489166e-01   9.044855e-01   6.027960e-01
  2.140939e-02  -7.261676e-07   2.075400e+03   8.839673e-01   9.120311e-01   4.267973e-01
  2.317323e-02  -1.158087e-06   1.868830e+03   8.615619e-01   9.114989e-01   4.292560e-01
  2.341790e-02  -1.610522e-06   1.874799e+03   8.734396e-01   9.228180e-01   4.319453e-01
  2.349760e-02  -5.300245e-07   1.865426e+03   8.720307e-01   9.221105e-01   4.324605e-01
  2.315994e-02   1.456107e-06   1.869870e+03   8.615471e-01   9.111803e-01   4.284760e-01
  2.145143e-02   3.489592e-07   2.070197e+03   8.834827e-01   9.117455e-01   4.273624e-01
  1.364088e-02   1.213269e-06   3.129565e+03   8.492910e-01   9.041860e-01   5.993936e-01
  1.377487e-02  -2.235073e-06   3.099912e+03   8.495074e-01   9.036715e-01   5.977147e-01
  2.154137e-02   4.207035e-07   2.065070e+03   8.849898e-01   9.128158e-01   4.273952e-01
  2.319830e-02  -1.565850e-06   1.865513e+03   8.609631e-01   9.115407e-01   4.302231e-01
  2.344707e-02   1.435616e-06   1.872392e+03   8.734045e-01   9.224952e-01   4.312172e-01
  2.347670e-02  -1.894066e-07   1.867089e+03   8.720318e-01   9.219192e-01   4.319421e-01
  2.314743e-02  -1.095139e-06   1.869480e+03   8.609019e-01   9.108333e-01   4.284473e-01
  2.144985e-02  -1.149877e-06   2.068586e+03   8.827301e-01   9.112466e-01   4.265136e-01
  1.366645e-02  -1.141378e-06   3.123320e+03   8.491848e-01   9.048175e-01   6.033476e-01
  1.379270e-02   1.200015e-06   3.107430e+03   8.526696e-01   9.067184e-01   5.982476e-01
  2.145908e-02   9.239793e-10   2.072219e+03   8.846609e-01   9.124424e-01   4.276031e-01
  2.322049e-02   1.769795e-07   1.867628e+03   8.627635e-01   9.112830e-01   4.310661e-01
  2.344885e-02   1.671424e-06   1.873020e+03   8.737640e-01   9.251959e-01   4.322137e-01
  2.345103e-02   1.377978e-06   1.870018e+03   8.724443e-01   9.220522e-01   4.323156e-01
  2.323521e-02  -1.684330e-06   1.862279e+03   8.608378e-01   9.107914e-01   4.299335e-01
  2.149561e-02   1.434929e-06   2.063836e+03   8.825818e-01   9.111883e-01   4.264591e-01
  1.358386e-02  -1.158392e-06   3.142995e+03   8.493704e-01   9.044212e-01   6.006683e-01
  1.377685e-02  -7.102253e-07   3.103747e+03   8.506802e-01   9.055530e-01   5.983249e-01
  2.143797e-02  -5.046869e-07   2.072163e+03   8.837667e-01   9.118945e-01   4.277895e-01
  2.300433e-02  -6.450988e-07   1.882586e+03   8.615776e-01   9.115746e-01   4.312133e-01
  2.329777e-02  -4.942181e-07   1.881539e+03   8.720828e-01   9.210981e-01   4.317989e-01
  2.353069e-02   3.781688e-07   1.859939e+03   8.706898e-01   9.208489e-01   4.317976e-01
  2.321886e-02   1.035160e-06   1.864330e+03   8.611796e-01   9.109569e-01   4.303025e-01
  2.137822e-02  -6.371911e-07   2.075916e+03   8.828998e-01   9.112988e-01   4.242109e-01
  1.392071e-02  -1.554478e-06   3.063208e+03   8.483364e-01   9.051926e-01   6.047479e-01
  1.362511e-02  -7.431363e-07   3.141340e+03   8.515007e-01   9.059466e-01   5.996184e-01
  2.145721e-02   1.237196e-07   2.068374e+03   8.829426e-01   9.114505e-01   4.272896e-01
  2.330636e-02  -4.198423e-06   1.857303e+03   8.611669e-01   9.107299e-01   4.310965e-01
  2.345396e-02  -6.663613e-07   1.867654e+03   8.714507e-01   9.206936e-01   4.321788e-01
  2.347092e-02  -1.618180e-07   1.867122e+03   8.718324e-01   9.211710e-01   4.311672e-01
  2.312962e-02   1.814214e-06   1.871964e+03   8.613827e-01   9.111045e-01   4.292992e-01
  2.144141e-02   1.946228e-06   2.074070e+03   8.847222e-01   9.124503e-01   4.277433e-01
  1.371655e-02   2.652963e-06   3.117899e+03   8.508187e-01   9.071110e-01   6.059116e-01
  1.378169e-02   1.777496e-06   3.095677e+03   8.487667e-01   9.045367e-01   6.008093e-01
  2.146149e-02   3.455411e-07   2.069968e+03   8.837991e-01   9.119143e-01   4.280602e-01
  2.316758e-02  -1.314388e-06   1.869347e+03   8.615901e-01   9.112424e-01   4.287221e-01
  2.347959e-02  -4.777848e-07   1.864489e+03   8.709244e-01   9.203282e-01   4.316798e-01
  2.344752e-02  -6.927210e-07   1.867573e+03   8.711734e-01   9.203529e-01   4.306462e-01
  2.321457e-02   7.017575e-07   1.863319e+03   8.605534e-01   9.106064e-01   4.304620e-01
  2.146824e-02   1.101974e-07   2.066941e+03   8.827844e-01   9.112715e-01   4.276305e-01
  1.355635e-02   3.462060e-06   3.138760e+03   8.465076e-01   9.029772e-01   6.036714e-01
  1.367207e-02   2.625811e-07   3.128775e+03   8.510180e-01   9.063410e-01   6.023870e-01
  2.140080e-02  -3.642245e-07   2.076273e+03   8.839844e-01   9.120161e-01   4.262975e-01
  2.304394e-02   4.579363e-06   1.879821e+03   8.617937e-01   9.116212e-01   4.259644e-01
  2.345812e-02   1.955396e-06   1.867838e+03   8.716911e-01   9.196931e-01   4.314183e-01
  2.342270e-02   2.725596e-06   1.874793e+03   8.736154e-01   9.223541e-01   4.329799e-01
  2.317355e-02  -2.334680e-06   1.867296e+03   8.608667e-01   9.107725e-01   4.296222e-01
  2.147865e-02  -2.487659e-06   2.068124e+03   8.837179e-01   9.116915e-01   4.274608e-01
  1.368934e-02  -2.154011e-06   3.118987e+03   8.494273e-01   9.048706e-01   6.038780e-01
  1.371514e-02   1.202762e-06   3.106139e+03   8.475224e-01   9.038426e-01   6.029974e-01
  2.147383e-02   5.060329e-07   2.066443e+03   8.828016e-01   9.113720e-01   4.273850e-01
  2.316733e-02   4.822106e-06   1.868116e+03   8.610133e-01   9.116723e-01   4.316816e-01
  2.348168e-02   2.354915e-07   1.866797e+03   8.720800e-01   9.207095e-01   4.325596e-01
  2.344110e-02   2.229775e-06   1.869309e+03   8.717445e-01   9.236171e-01   4.301344e-01
  2.326804e-02  -2.667076e-07   1.857455e+03   8.598214e-01   9.102932e-01   4.294572e-01
  2.156090e-02   2.299144e-06   2.056777e+03   8.822349e-01   9.105910e-01   4.288271e-01
  1.343398e-02  -3.058307e-07   3.164625e+03   8.457793e-01   9.019881e-01   6.060826e-01
  1.364376e-02  -7.852653e-07   3.130212e+03   8.496459e-01   9.046311e-01   6.033705e-01
  2.143680e-02   1.145817e-06   2.072949e+03   8.840540e-01   9.121909e-01   4.276557e-01
  2.311828e-02  -9.576913e-07   1.872183e+03   8.610611e-01   9.124656e-01   4.276944e-01
  2.350780e-02   6.757960e-07   1.863649e+03   8.715779e-01   9.241900e-01   4.323334e-01
  2.349031e-02  -2.203151e-06   1.866343e+03   8.721886e-01   9.256474e-01   4.321773e-01
  2.324041e-02  -3.706499e-06   1.861525e+03   8.606823e-01   9.107553e-01   4.306874e-01
  2.138847e-02  -1.313937e-06   2.080937e+03   8.854598e-01   9.126359e-01   4.259803e-01
  1.393792e-02   1.352090e-06   3.073117e+03   8.521325e-01   9.043360e-01   5.934140e-01
  1.368787e-02  -2.481948e-06   3.117212e+03   8.488531e-01   9.036118e-01   6.004403e-01
  2.146368e-02  -7.562377e-07   2.070055e+03   8.839265e-01   9.121294e-01   4.272373e-01
  2.311553e-02  -1.634347e-06   1.873057e+03   8.613606e-01   9.125560e-01   4.289996e-01
  2.344426e-02   1.667236e-06   1.869213e+03   8.718172e-01   9.243385e-01   4.301043e-01
  2.349941e-02  -3.202226e-06   1.862248e+03   8.706123e-01   9.219609e-01   4.316914e-01
  2.300139e-02  -7.783447e-07   1.882609e+03   8.614785e-01   9.111460e-01   4.284526e-01
  2.143833e-02   1.393550e-07   2.070792e+03   8.831971e-01   9.118607e-01   4.273484e-01
  1.363947e-02  -6.063462e-07   3.131409e+03   8.497037e-01   9.055941e-01   6.050117e-01
  1.388642e-02   2.615811e-06   3.081178e+03   8.512107e-01   9.055442e-01   6.000809e-01
  2.143698e-02   9.938772e-07   2.073672e+03   8.843695e-01   9.123013e-01   4.265304e-01
  2.310757e-02   8.592143e-07   1.876727e+03   8.627510e-01   9.112223e-01   4.288279e-01
  2.347943e-02  -2.374699e-06   1.867584e+03   8.723643e-01   9.149505e-01   4.319335e-01
  2.369703e-02  -5.955280e-07   1.850721e+03   8.724995e-01   9.223793e-01   4.317508e-01
  2.331561e-02   5.913699e-07   1.857803e+03   8.617406e-01   9.112878e-01   4.302795e-01
  2.146444e-02   2.499215e-07   2.071928e+03   8.847575e-01   9.132312e-01   4.267077e-01
  1.373986e-02  -3.887919e-08   3.108721e+03   8.497561e-01   9.040650e-01   5.980531e-01
  1.369034e-02  -1.739908e-07   3.123108e+03   8.506119e-01   9.057646e-01   5.995553e-01
  2.141638e-02  -4.881459e-08   2.074959e+03   8.840681e-01   9.119891e-01   4.265584e-01
  2.336653e-02  -4.295292e-07   1.853387e+03   8.615698e-01   9.096514e-01   4.305455e-01
  2.348533e-02  -1.507775e-06   1.865922e+03   8.718067e-01   9.162721e-01   4.316986e-01
  2.322827e-02   4.323812e-07   1.886931e+03   8.719730e-01   9.194941e-01   4.319429e-01
  2.300782e-02  -2.524804e-07   1.881412e+03   8.611710e-01   9.108559e-01   4.281964e-01
  2.144742e-02  -4.691043e-07   2.069503e+03   8.830218e-01   9.114060e-01   4.269439e-01
  1.364651e-02  -1.099902e-06   3.128549e+03   8.493657e-01   9.058640e-01   6.031483e-01
  1.377668e-02  -5.619685e-07   3.102599e+03   8.503551e-01   9.053007e-01   5.992093e-01
  2.139607e-02   2.271637e-07   2.077620e+03   8.843624e-01   9.123035e-01   4.262196e-01
  2.316755e-02   2.193847e-07   1.868598e+03   8.612439e-01   9.125580e-01   4.278399e-01
  2.345857e-02   4.867489e-07   1.868315e+03   8.719305e-01   9.223059e-01   4.321234e-01
  2.369123e-02  -1.462113e-07   1.850236e+03   8.720567e-01   9.245656e-01   4.310416e-01
  2.315420e-02   2.483829e-06   1.871094e+03   8.618972e-01   9.114030e-01   4.294853e-01
  2.144192e-02   4.651816e-07   2.072339e+03   8.840048e-01   9.127615e-01   4.271286e-01
  1.372469e-02  -2.515163e-08   3.108164e+03   8.486656e-01   9.037638e-01   6.006837e-01
  1.366819e-02   3.702453e-07   3.130302e+03   8.511915e-01   9.060245e-01   6.019102e-01
  2.142245e-02   1.352202e-07   2.073322e+03   8.836213e-01   9.117381e-01   4.266691e-01
  2.318630e-02   7.814135e-08   1.869770e+03   8.624812e-01   9.110162e-01   4.304012e-01
  2.349097e-02   4.295083e-08   1.865928e+03   8.720190e-01   9.239178e-01   4.321754e-01
  2.348481e-02   3.492273e-07   1.867033e+03   8.723067e-01   9.206945e-01   4.327772e-01
  2.319799e-02   6.743194e-07   1.863935e+03   8.602233e-01   9.103977e-01   4.288905e-01
  2.144879e-02  -6.256874e-07   2.071062e+03   8.837432e-01   9.116833e-01   4.270006e-01
  1.371458e-02   6.495440e-08   3.114326e+03   8.497221e-01   9.047647e-01   6.017582e-01
  1.371708e-02  -1.069143e-06   3.111887e+03   8.492110e-01   9.046340e-01   6.001421e-01
  2.146872e-02  -8.185070e-07   2.069173e+03   8.837577e-01   9.117814e-01   4.277170e-01
  2.318886e-02  -4.902120e-07   1.867572e+03   8.615627e-01   9.115011e-01   4.296939e-01
  2.345429e-02   6.579746e-08   1.869120e+03   8.721469e-01   9.222549e-01   4.312218e-01
  2.344606e-02   3.770015e-07   1.869750e+03   8.721346e-01   9.224608e-01   4.311433e-01
  2.317940e-02  -1.419272e-07   1.867811e+03   8.613211e-01   9.111170e-01   4.299175e-01
  2.144532e-02  -1.375984e-07   2.071408e+03   8.837478e-01   9.114876e-01   4.270605e-01
  1.370537e-02  -7.670761e-07   3.113228e+03   8.488514e-01   9.048044e-01   6.009188e-01
  1.368395e-02  -1.478554e-07   3.125987e+03   8.509985e-01   9.060442e-01   6.017627e-01
  2.145485e-02   3.343474e-07   2.068919e+03   8.830783e-01   9.114288e-01   4.264962e-01
  2.317910e-02   5.259671e-07   1.868844e+03   8.617867e-01   9.110896e-01   4.301178e-01
  2.334628e-02  -9.127085e-08   1.878289e+03   8.723891e-01   9.208854e-01   4.313172e-01
  2.348132e-02  -1.781096e-07   1.866519e+03   8.719369e-01   9.217891e-01   4.321530e-01
  2.319373e-02   7.825539e-08   1.865226e+03   8.606613e-01   9.106055e-01   4.295379e-01
  2.146249e-02  -1.784268e-08   2.069535e+03   8.836557e-01   9.122789e-01   4.274213e-01
  1.372596e-02   7.695102e-07   3.108809e+03   8.489201e-01   9.048055e-01   6.025102e-01
  1.369613e-02  -1.082322e-07   3.116128e+03   8.490693e-01   9.048923e-01   6.020326e-01
  2.148529e-02  -2.685767e-07   2.067355e+03   8.836628e-01   9.119809e-01   4.274061e-01
  2.321890e-02  -3.845307e-07   1.863506e+03   8.608008e-01   9.105006e-01   4.297361e-01
  2.345502e-02   4.583706e-07   1.868495e+03   8.718822e-01   9.227699e-01   4.313450e-01
  2.347449e-02  -2.167597e-07   1.866447e+03   8.716496e-01   9.218193e-01   4.317228e-01
  2.316963e-02  -4.271488e-07   1.868283e+03   8.611761e-01   9.110054e-01   4.293467e-01
  2.143132e-02  -2.979330e-07   2.074035e+03   8.842905e-01   9.119898e-01   4.269676e-01
  1.371469e-02  -3.425860e-07   3.112567e+03   8.492483e-01   9.045718e-01   6.003121e-01
  1.298436e-02  -4.451041e-07   3.064260e+03   7.915464e-01   8.984993e-01   1.041826e+00
  2.183352e-02   3.977946e-07   1.997876e+03   8.678055e-01   9.003752e-01   7.025393e-01
  2.371516e-02  -4.128763e-07   1.788645e+03   8.438790e-01   9.004034e-01   7.103035e-01
  2.366446e-02  -4.422581e-07   1.841008e+03   8.667271e-01   9.187931e-01   7.142745e-01
  2.365235e-02  -1.456446e-06   1.839937e+03   8.657798e-01   9.182152e-01   7.124482e-01
  2.368904e-02  -1.508646e-06   1.792294e+03   8.446695e-01   9.010702e-01   7.098446e-01
  2.184119e-02  -2.300945e-08   1.997421e+03   8.679129e-01   9.004418e-01   7.028488e-01
  1.309133e-02   7.204846e-07   3.042987e+03   7.925270e-01   8.995655e-01   1.042437e+00
  1.305987e-02   3.955254e-07   3.046882e+03   7.916341e-01   8.981894e-01   1.040713e+00
  2.181825e-02  -4.965711e-08   1.999182e+03   8.677655e-01   9.007156e-01   7.026380e-01
  2.374770e-02  -6.546933e-07   1.786079e+03   8.438248e-01   9.005323e-01   7.120036e-01
  2.367348e-02   1.269458e-06   1.839774e+03   8.664763e-01   9.185339e-01   7.136824e-01
  2.363977e-02   3.428253e-07   1.841742e+03   8.661682e-01   9.183038e-01   7.128695e-01
  2.371341e-02   1.205873e-08   1.788942e+03   8.439570e-01   9.005495e-01   7.095235e-01
  2.183813e-02  -3.880813e-08   1.997530e+03   8.678385e-01   9.008736e-01   7.032756e-01
  1.300327e-02  -5.218294e-07   3.064048e+03   7.926441e-01   8.995842e-01   1.044936e+00
  1.304998e-02   4.105904e-07   3.051172e+03   7.921490e-01   8.996211e-01   1.043125e+00
  2.185107e-02  -5.067706e-07   1.996375e+03   8.678504e-01   9.006786e-01   7.009701e-01
  2.378615e-02   7.258591e-07   1.784172e+03   8.442888e-01   9.009739e-01   7.121868e-01
  2.364054e-02   4.264088e-08   1.841172e+03   8.659282e-01   9.179930e-01   7.125225e-01
  2.366890e-02  -1.580272e-06   1.839475e+03   8.661681e-01   9.183613e-01   7.128712e-01
  2.372902e-02  -3.435886e-07   1.787696e+03   8.439247e-01   9.005312e-01   7.099635e-01
  2.184520e-02   4.292663e-07   1.997042e+03   8.679073e-01   9.007285e-01   7.040713e-01
  1.301887e-02  -3.834245e-07   3.056780e+03   7.917128e-01   8.982880e-01   1.040508e+00
  1.311223e-02  -3.405088e-08   3.033433e+03   7.913002e-01   8.995812e-01   1.045250e+00
  2.180377e-02   1.650189e-07   2.000238e+03   8.676478e-01   9.003590e-01   7.022576e-01
  2.366945e-02   3.558874e-07   1.791191e+03   8.434519e-01   9.001499e-01   7.118135e-01
  2.367085e-02  -3.281962e-06   1.837279e+03   8.652054e-01   9.178548e-01   7.134643e-01
  2.364674e-02  -9.051403e-07   1.840509e+03   8.658433e-01   9.181206e-01   7.129552e-01
  2.365857e-02  -1.139151e-06   1.794388e+03   8.445687e-01   9.008670e-01   7.090325e-01
  2.185018e-02   7.894652e-07   1.997149e+03   8.681515e-01   9.009319e-01   7.037036e-01
  1.302003e-02  -9.566528e-07   3.062620e+03   7.932963e-01   8.998742e-01   1.043449e+00
  1.296934e-02   2.198059e-08   3.060715e+03   7.897158e-01   8.986096e-01   1.050365e+00
  2.180608e-02   3.727932e-07   2.000568e+03   8.678828e-01   9.003062e-01   7.041927e-01
  2.385469e-02   1.723709e-06   1.772910e+03   8.413768e-01   8.990563e-01   7.118512e-01
  2.374684e-02   1.466358e-06   1.832562e+03   8.657543e-01   9.180549e-01   7.146542e-01
  2.372441e-02   5.567307e-06   1.833227e+03   8.652501e-01   9.177870e-01   7.133989e-01
  2.368891e-02   1.516326e-06   1.790708e+03   8.439178e-01   9.003839e-01   7.085247e-01
  2.184834e-02   1.273684e-06   1.998336e+03   8.685945e-01   9.012236e-01   7.038897e-01
  1.299821e-02  -6.444092e-07   3.064419e+03   7.924319e-01   8.987962e-01   1.041997e+00
  1.291438e-02  -7.101066e-07   3.074454e+03   7.898991e-01   8.968360e-01   1.045158e+00
  2.188633e-02   3.064031e-07   1.992620e+03   8.676161e-01   9.006840e-01   7.041209e-01
  2.374899e-02  -4.960496e-07   1.786646e+03   8.441390e-01   9.006528e-01   7.083721e-01
  2.367719e-02   1.818969e-06   1.839297e+03   8.663872e-01   9.185319e-01   7.136253e-01
  2.365779e-02   1.889614e-07   1.840396e+03   8.661946e-01   9.183454e-01   7.134565e-01
  2.366972e-02  -1.573147e-06   1.792556e+03   8.441040e-01   9.003578e-01   7.081138e-01
  2.173752e-02  -4.373921e-07   2.010624e+03   8.695027e-01   9.017109e-01   7.022400e-01
  1.311515e-02   1.040092e-06   3.046453e+03   7.948729e-01   9.011397e-01   1.041696e+00
  1.305990e-02   1.411367e-07   3.048296e+03   7.920036e-01   8.985871e-01   1.043436e+00
  2.184541e-02  -6.170475e-07   1.998019e+03   8.683404e-01   9.012323e-01   7.013631e-01
  2.358258e-02  -6.452722e-07   1.801493e+03   8.451897e-01   9.013628e-01   7.091279e-01
  2.367725e-02  -1.921604e-07   1.837263e+03   8.654312e-01   9.178377e-01   7.140434e-01
  2.356369e-02  -2.010813e-06   1.850715e+03   8.675869e-01   9.191597e-01   7.135731e-01
  2.377768e-02   1.647074e-06   1.781598e+03   8.427709e-01   8.995031e-01   7.101794e-01
  2.184590e-02  -1.123383e-06   1.996602e+03   8.677437e-01   9.006708e-01   7.040411e-01
  1.291060e-02   9.860337e-07   3.079543e+03   7.909748e-01   8.979931e-01   1.045876e+00
  1.307422e-02  -4.205224e-07   3.050304e+03   7.933940e-01   8.995493e-01   1.039924e+00
  2.186342e-02  -1.526171e-07   1.996215e+03   8.682715e-01   9.011327e-01   7.046992e-01
  2.367562e-02  -1.971842e-07   1.790588e+03   8.433877e-01   9.001672e-01   7.112779e-01
  2.359440e-02   8.422669e-07   1.847137e+03   8.670382e-01   9.188153e-01   7.127575e-01
  2.361625e-02   2.685074e-07   1.842691e+03   8.657523e-01   9.180434e-01   7.119358e-01
  2.372269e-02   8.586534e-07   1.788348e+03   8.440070e-01   9.004906e-01   7.095444e-01
  2.184692e-02  -1.845143e-07   1.998799e+03   8.687391e-01   9.013148e-01   7.035524e-01
  1.312095e-02   2.628121e-06   3.041651e+03   7.939710e-01   8.991678e-01   1.039916e+00
  1.302763e-02  -1.001727e-06   3.058620e+03   7.927226e-01   8.988503e-01   1.040427e+00
  2.185314e-02   1.012726e-06   1.997179e+03   8.682823e-01   9.008640e-01   7.031577e-01
  2.363343e-02  -1.384322e-06   1.795185e+03   8.440460e-01   9.006571e-01   7.064376e-01
  2.357183e-02  -5.295129e-07   1.846465e+03   8.658938e-01   9.181579e-01   7.120364e-01
  2.371188e-02  -9.449213e-07   1.834894e+03   8.655798e-01   9.179335e-01   7.124820e-01
  2.368337e-02   1.763948e-06   1.792330e+03   8.444845e-01   9.012429e-01   7.096756e-01
  2.181823e-02  -8.440623e-07   2.000127e+03   8.681749e-01   9.008167e-01   7.015997e-01
  1.294254e-02   1.328910e-06   3.078307e+03   7.926140e-01   9.013624e-01   1.048200e+00
  1.304770e-02   1.784246e-06   3.056774e+03   7.934646e-01   8.996311e-01   1.040619e+00
  2.183967e-02  -6.371373e-07   1.998579e+03   8.683554e-01   9.013288e-01   7.035181e-01
  2.372418e-02   4.796352e-07   1.786747e+03   8.433046e-01   9.001722e-01   7.102074e-01
  2.372008e-02  -1.070803e-06   1.831729e+03   8.643855e-01   9.172624e-01   7.133804e-01
  2.366465e-02  -8.701682e-07   1.840131e+03   8.663210e-01   9.183678e-01   7.123005e-01
  2.364650e-02   7.141960e-07   1.795291e+03   8.445627e-01   9.011160e-01   7.074660e-01
  2.181327e-02   5.288907e-07   1.999638e+03   8.677653e-01   9.004352e-01   7.002299e-01
  1.326190e-02   9.252602e-07   3.008790e+03   7.938304e-01   9.030380e-01   1.045108e+00
  1.306993e-02   2.151620e-07   3.052092e+03   7.935987e-01   9.003133e-01   1.040870e+00
  2.180340e-02  -1.027498e-06   2.000908e+03   8.679238e-01   9.008544e-01   7.023088e-01
  2.374148e-02  -2.063103e-07   1.786118e+03   8.436221e-01   9.003134e-01   7.085574e-01
  2.375275e-02  -2.207914e-06   1.830938e+03   8.652026e-01   9.177186e-01   7.153782e-01
  2.362271e-02   1.002299e-06   1.842021e+03   8.656739e-01   9.180395e-01   7.118528e-01
  2.372184e-02  -5.765984e-07   1.784969e+03   8.423825e-01   8.993156e-01   7.111675e-01
  2.185158e-02  -1.243527e-07   1.993644e+03   8.666837e-01   8.998209e-01   7.053477e-01
  1.281127e-02  -1.379269e-06   3.086962e+03   7.867803e-01   8.984763e-01   1.065128e+00
  1.296910e-02  -4.278648e-07   3.069250e+03   7.919039e-01   8.996641e-01   1.047714e+00
  2.183940e-02   5.112442e-07   1.998420e+03   8.682754e-01   9.014765e-01   7.040100e-01
  2.373775e-02   6.893565e-07   1.786999e+03   8.439058e-01   9.005237e-01   7.098900e-01
  2.365148e-02  -1.984239e-06   1.842324e+03   8.668711e-01   9.187698e-01   7.128838e-01
  2.371879e-02   1.845031e-06   1.833820e+03   8.653255e-01   9.178051e-01   7.139581e-01
  2.378840e-02   1.726274e-06   1.783060e+03   8.438423e-01   9.008075e-01   7.126061e-01
  2.184644e-02  -1.336609e-06   1.998655e+03   8.686581e-01   9.015019e-01   7.053892e-01
  1.280108e-02  -5.105723e-06   3.106847e+03   7.912187e-01   8.947693e-01   1.037510e+00
  1.307406e-02  -4.682154e-07   3.054520e+03   7.944814e-01   9.009857e-01   1.040174e+00
  2.179442e-02   1.510912e-06   2.003725e+03   8.687875e-01   9.018693e-01   7.034209e-01
  2.365348e-02  -5.046269e-07   1.793784e+03   8.441028e-01   9.005949e-01   7.067027e-01
  2.362052e-02   2.060949e-06   1.843937e+03   8.664941e-01   9.185284e-01   7.129707e-01
  2.376117e-02   4.514208e-07   1.831766e+03   8.659006e-01   9.181503e-01   7.123512e-01
  2.376916e-02  -1.673363e-06   1.785898e+03   8.445016e-01   9.007505e-01   7.091484e-01
  2.178285e-02  -1.188219e-07   2.002008e+03   8.675823e-01   9.003960e-01   6.998977e-01
  1.297571e-02  -2.628165e-06   3.077162e+03   7.943493e-01   9.023985e-01   1.048052e+00
  1.284253e-02   1.323002e-06   3.091777e+03   7.899304e-01   8.994913e-01   1.053249e+00
  2.193417e-02  -7.494081e-07   1.986007e+03   8.666267e-01   9.003837e-01   7.051442e-01
  2.374630e-02  -5.856281e-08   1.784551e+03   8.430535e-01   9.000117e-01   7.097418e-01
  2.368977e-02   8.268775e-07   1.836267e+03   8.654200e-01   9.178541e-01   7.143642e-01
  2.365952e-02   6.257480e-07   1.841217e+03   8.666450e-01   9.186046e-01   7.120122e-01
  2.364290e-02  -3.460742e-07   1.794134e+03   8.438899e-01   9.006021e-01   7.107447e-01
  2.184887e-02   1.501215e-07   1.996603e+03   8.678626e-01   9.007632e-01   7.031389e-01
  1.288434e-02   7.987198e-08   3.089637e+03   7.919539e-01   8.989853e-01   1.044163e+00
  1.303806e-02  -4.174917e-08   3.054060e+03   7.921743e-01   8.984735e-01   1.043963e+00
  2.179667e-02  -1.269951e-06   2.004799e+03   8.693429e-01   9.017567e-01   7.061051e-01
  2.360844e-02   7.021351e-07   1.797746e+03   8.443561e-01   9.007782e-01   7.098123e-01
  2.362359e-02  -1.267720e-06   1.845161e+03   8.671819e-01   9.189311e-01   7.127429e-01
  2.364594e-02  -9.434849e-07   1.843192e+03   8.670760e-01   9.189120e-01   7.139171e-01
  2.378364e-02  -1.598587e-06   1.780893e+03   8.426480e-01   8.997168e-01   7.104232e-01
  2.182279e-02   5.018811e-07   2.000349e+03   8.684526e-01   9.011040e-01   7.029487e-01
  1.304519e-02   2.824879e-07   3.059169e+03   7.939334e-01   8.999189e-01   1.040928e+00
  1.282812e-02  -2.388142e-07   3.097767e+03   7.905729e-01   8.984978e-01   1.050777e+00
  2.195092e-02   8.267787e-07   1.984206e+03   8.665020e-01   8.998782e-01   7.046263e-01
  2.376255e-02   8.745100e-07   1.783088e+03   8.429387e-01   8.999774e-01   7.092758e-01
  2.363867e-02   1.602241e-07   1.840903e+03   8.657333e-01   9.180505e-01   7.125959e-01
  2.364190e-02  -1.537910e-06   1.842780e+03   8.667343e-01   9.186518e-01   7.132343e-01
  2.379765e-02  -2.135192e-07   1.779758e+03   8.426069e-01   8.997660e-01   7.099723e-01
  2.182357e-02   2.026117e-07   1.999423e+03   8.680818e-01   9.007924e-01   7.031860e-01
  1.293448e-02   9.649157e-07   3.076447e+03   7.916411e-01   8.996261e-01   1.049451e+00
  1.306823e-02   1.308348e-06   3.052295e+03   7.935484e-01   8.982445e-01   1.035149e+00
  2.185130e-02  -1.029352e-06   1.999952e+03   8.694145e-01   9.019117e-01   7.017526e-01
  2.366542e-02   2.299650e-06   1.792377e+03   8.438665e-01   9.005657e-01   7.083927e-01
  2.366988e-02  -1.534796e-06   1.837465e+03   8.652576e-01   9.177335e-01   7.125521e-01
  2.366550e-02   1.832232e-06   1.839020e+03   8.658294e-01   9.181177e-01   7.131377e-01
  2.365287e-02   9.385008e-07   1.793480e+03   8.439380e-01   9.005589e-01   7.104634e-01
  2.182868e-02   1.626159e-06   1.998512e+03   8.678896e-01   9.008797e-01   7.030289e-01
  1.298996e-02   6.589851e-07   3.060021e+03   7.907925e-01   8.965558e-01   1.040753e+00
  1.305269e-02  -5.068928e-07   3.053762e+03   7.929860e-01   9.005168e-01   1.041316e+00
  2.173704e-02  -2.359105e-06   2.007482e+03   8.681246e-01   9.004237e-01   7.010751e-01
  2.371798e-02  -2.204457e-06   1.788954e+03   8.441254e-01   9.009047e-01   7.090045e-01
  2.371659e-02  -3.138389e-06   1.833541e+03   8.651130e-01   9.176841e-01   7.129231e-01
  2.365700e-02   6.869330e-07   1.838226e+03   8.651450e-01   9.176683e-01   7.116202e-01
  2.373197e-02   1.046022e-06   1.786242e+03   8.433430e-01   9.001894e-01   7.104143e-01
  2.181843e-02  -1.145820e-07   1.999884e+03   8.680773e-01   9.009161e-01   7.016062e-01
  1.303909e-02   1.669046e-06   3.057590e+03   7.931524e-01   8.993138e-01   1.042181e+00
  1.298620e-02  -2.221520e-06   3.054299e+03   7.890848e-01   8.959436e-01   1.040359e+00
  2.185119e-02   3.667626e-07   1.995187e+03   8.673392e-01   9.013770e-01   7.056090e-01
  2.371837e-02  -6.440755e-07   1.789745e+03   8.445124e-01   9.012995e-01   7.136128e-01
  2.364587e-02   1.642939e-06   1.842010e+03   8.665179e-01   9.185467e-01   7.129379e-01
  2.366064e-02   1.053708e-07   1.838016e+03   8.651788e-01   9.176858e-01   7.113717e-01
  2.368339e-02  -1.819863e-07   1.790466e+03   8.436066e-01   9.003452e-01   7.076196e-01
  2.181900e-02  -8.095188e-07   2.001131e+03   8.686412e-01   9.012061e-01   7.010093e-01
  1.303059e-02   1.960253e-06   3.057031e+03   7.924903e-01   8.994434e-01   1.042072e+00
  1.310879e-02   8.220280e-07   3.044095e+03   7.938730e-01   8.992667e-01   1.036376e+00
  2.181814e-02   1.231213e-06   1.998301e+03   8.673787e-01   9.004714e-01   7.015939e-01
  2.370170e-02  -1.714507e-06   1.790937e+03   8.444808e-01   9.018547e-01   7.162877e-01
  2.364779e-02   3.762924e-07   1.840959e+03   8.660935e-01   9.182208e-01   7.124272e-01
  2.368782e-02   3.796234e-07   1.835618e+03   8.650425e-01   9.176787e-01   7.130182e-01
  2.361905e-02   9.682970e-07   1.796466e+03   8.441344e-01   9.007007e-01   7.083457e-01
  2.174838e-02  -8.100322e-08   2.008279e+03   8.689225e-01   9.012645e-01   7.010741e-01
  1.322097e-02  -2.624018e-06   3.021759e+03   7.947919e-01   9.019811e-01   1.041373e+00
  1.304392e-02   9.482714e-07   3.055320e+03   7.928569e-01   9.003332e-01   1.043931e+00
  2.181883e-02   1.617747e-08   1.999035e+03   8.677248e-01   9.013334e-01   7.041454e-01
  2.388322e-02  -2.077498e-06   1.770858e+03   8.414080e-01   9.006541e-01   7.138156e-01
  2.367882e-02   1.370969e-06   1.838389e+03   8.660190e-01   9.181528e-01   7.132458e-01
  2.370048e-02  -2.165045e-06   1.837150e+03   8.662277e-01   9.185061e-01   7.137309e-01
  2.377657e-02  -1.175880e-06   1.780252e+03   8.420944e-01   8.994945e-01   7.094403e-01
  2.179800e-02  -1.445116e-06   2.000477e+03   8.675214e-01   9.004601e-01   7.034561e-01
  1.287513e-02   5.809108e-07   3.080327e+03   7.890030e-01   8.981578e-01   1.052383e+00
  1.298518e-02  -9.945046e-07   3.069988e+03   7.930761e-01   8.993036e-01   1.041044e+00
  2.184213e-02   8.150532e-07   1.997022e+03   8.677766e-01   9.008471e-01   7.038564e-01
  2.377069e-02  -2.087730e-06   1.782518e+03   8.429581e-01   9.023506e-01   7.059254e-01
  2.360167e-02  -2.363902e-07   1.846143e+03   8.668387e-01   9.185652e-01   7.119298e-01
  2.364095e-02  -9.653167e-07   1.842384e+03   8.665132e-01   9.189594e-01   7.136291e-01
  2.378124e-02  -2.064277e-07   1.782815e+03   8.434725e-01   9.002926e-01   7.111958e-01
  2.189304e-02   8.197849e-07   1.992755e+03   8.679408e-01   9.009072e-01   7.052295e-01
  1.293911e-02  -7.255773e-09   3.082157e+03   7.933946e-01   8.983537e-01   1.038298e+00
  1.301605e-02  -6.214299e-07   3.051642e+03   7.902110e-01   8.976835e-01   1.044510e+00
  2.185203e-02   1.855039e-07   1.995333e+03   8.674359e-01   9.001692e-01   7.035050e-01
  2.367461e-02  -1.006819e-06   1.795457e+03   8.456451e-01   9.029252e-01   7.087285e-01
  2.367825e-02  -7.597006e-07   1.835111e+03   8.644542e-01   9.171736e-01   7.114071e-01
  2.366396e-02   9.703992e-07   1.839230e+03   8.658717e-01   9.192795e-01   7.117724e-01
  2.371664e-02   2.117681e-06   1.787675e+03   8.434741e-01   9.004032e-01   7.088218e-01
  2.178541e-02  -2.388907e-07   2.002430e+03   8.678672e-01   9.004906e-01   7.021501e-01
  1.298292e-02   6.220116e-07   3.060447e+03   7.904736e-01   8.992216e-01   1.046754e+00
  1.301173e-02  -1.254395e-06   3.066060e+03   7.936810e-01   8.991992e-01   1.040205e+00
  2.182371e-02   1.200783e-06   1.999579e+03   8.681551e-01   9.006646e-01   7.027865e-01
  2.338094e-02   3.498923e-06   1.816993e+03   8.451724e-01   8.992145e-01   7.090284e-01
  2.370305e-02   4.038700e-07   1.836068e+03   8.658109e-01   9.181733e-01   7.122146e-01
  2.367425e-02  -6.140989e-07   1.840976e+03   8.670708e-01   9.210065e-01   7.148353e-01
  2.376300e-02  -1.031617e-06   1.784441e+03   8.435943e-01   9.005247e-01   7.105611e-01
  2.186322e-02  -1.677427e-07   1.998195e+03   8.691251e-01   9.012671e-01   7.034642e-01
  1.299706e-02   1.146500e-06   3.067875e+03   7.932551e-01   8.994130e-01   1.040525e+00
  1.309187e-02   1.879921e-06   3.045138e+03   7.931198e-01   9.005571e-01   1.043710e+00
  2.184866e-02   5.815140e-07   1.996014e+03   8.675980e-01   9.006270e-01   7.023941e-01
  2.361923e-02   8.297387e-07   1.795885e+03   8.438678e-01   8.973416e-01   7.093846e-01
  2.365154e-02   1.796345e-06   1.840333e+03   8.659361e-01   9.182345e-01   7.132925e-01
  2.368419e-02  -5.056435e-07   1.836567e+03   8.653574e-01   9.202034e-01   7.135212e-01
  2.364345e-02  -2.567876e-06   1.794706e+03   8.441788e-01   9.008425e-01   7.095967e-01
  2.176408e-02  -1.910992e-07   2.003439e+03   8.674540e-01   8.998660e-01   7.028952e-01
  1.300967e-02  -8.907688e-07   3.059003e+03   7.917290e-01   8.992229e-01   1.042742e+00
  1.309598e-02  -2.993073e-07   3.039542e+03   7.919109e-01   8.999158e-01   1.045764e+00
  2.182782e-02  -9.363536e-07   1.998315e+03   8.677696e-01   8.998636e-01   7.032370e-01
  2.365163e-02   2.083270e-06   1.792539e+03   8.434506e-01   9.010465e-01   7.083175e-01
  2.360256e-02   4.654245e-07   1.845862e+03   8.667391e-01   9.186369e-01   7.140136e-01
  2.368347e-02   3.420689e-07   1.838536e+03   8.662587e-01   9.190254e-01   7.132253e-01
  2.358953e-02  -1.832934e-06   1.796451e+03   8.430721e-01   9.000931e-01   7.091456e-01
  2.184160e-02  -2.082009e-09   1.996949e+03   8.677237e-01   8.999383e-01   7.027521e-01
  1.299335e-02  -1.017547e-07   3.066540e+03   7.926839e-01   8.992780e-01   1.041859e+00
  1.289887e-02  -2.064004e-08   3.078726e+03   7.900465e-01   8.978137e-01   1.047532e+00
  2.187261e-02  -7.784628e-07   1.992922e+03   8.672034e-01   9.001548e-01   7.037737e-01
  2.371517e-02   6.127003e-07   1.788475e+03   8.437994e-01   9.019813e-01   7.112187e-01
  2.369595e-02  -4.476514e-07   1.835474e+03   8.652715e-01   9.177347e-01   7.131454e-01
  2.368590e-02  -1.479281e-07   1.836372e+03   8.653276e-01   9.157246e-01   7.128482e-01
  2.374130e-02   1.702813e-07   1.784857e+03   8.430203e-01   8.999842e-01   7.103632e-01
  2.185759e-02   1.029945e-06   1.995827e+03   8.678712e-01   9.004475e-01   7.040140e-01
  1.300997e-02  -3.982885e-07   3.058859e+03   7.917094e-01   8.982020e-01   1.044146e+00
  1.306616e-02  -3.921407e-07   3.052189e+03   7.933953e-01   8.995345e-01   1.042908e+00
  2.183433e-02  -3.989993e-07   1.998592e+03   8.681489e-01   9.007370e-01   7.026900e-01
  2.369634e-02   3.577494e-07   1.788794e+03   8.432798e-01   9.000257e-01   7.085801e-01
  2.368316e-02   6.857578e-07   1.837610e+03   8.658112e-01   9.181177e-01   7.117256e-01
  2.364788e-02   9.206999e-08   1.841769e+03   8.664778e-01   9.178585e-01   7.132486e-01
  2.370656e-02   1.120309e-06   1.789597e+03   8.440225e-01   9.005328e-01   7.090020e-01
  2.175958e-02   6.134597e-08   2.003822e+03   8.674408e-01   9.009365e-01   7.024975e-01
  1.302094e-02   4.672270e-07   3.055289e+03   7.914524e-01   8.984016e-01   1.042533e+00
  1.293564e-02  -3.342075e-07   3.072753e+03   7.907615e-01   8.990157e-01   1.046901e+00
  2.184789e-02   4.898252e-07   1.996735e+03   8.678808e-01   9.010261e-01   7.036490e-01
  2.373015e-02  -2.413930e-07   1.786903e+03   8.435902e-01   8.993239e-01   7.104373e-01
  2.369649e-02   1.397148e-07   1.837742e+03   8.663608e-01   9.183682e-01   7.146451e-01
  2.391727e-02  -5.252653e-07   1.820146e+03   8.660599e-01   9.207301e-01   7.139724e-01
  2.367287e-02   1.027991e-06   1.791290e+03   8.436205e-01   9.003874e-01   7.085050e-01
  2.183034e-02   2.949023e-07   1.999636e+03   8.684433e-01   9.016193e-01   7.036185e-01
  1.299897e-02  -6.941225e-07   3.061474e+03   7.917165e-01   8.991927e-01   1.044347e+00
  1.303386e-02   5.845117e-08   3.059073e+03   7.932191e-01   8.986406e-01   1.039970e+00
  2.183696e-02   2.223046e-07   1.999853e+03   8.688011e-01   9.015548e-01   7.035612e-01
  2.365139e-02  -8.181837e-07   1.792894e+03   8.436095e-01   9.015200e-01   7.094076e-01
  2.366666e-02   2.272462e-06   1.839511e+03   8.661031e-01   9.181656e-01   7.122007e-01
  2.362394e-02  -2.496103e-07   1.843400e+03   8.663673e-01   9.163792e-01   7.125617e-01
  2.369945e-02  -4.534699e-07   1.788857e+03   8.434205e-01   9.002580e-01   7.096407e-01
  2.185175e-02   3.131023e-07   1.995958e+03   8.676965e-01   9.002051e-01   7.033304e-01
  1.302872e-02   1.174696e-06   3.054101e+03   7.916174e-01   8.977738e-01   1.041222e+00
  1.299698e-02   2.393781e-07   3.064128e+03   7.922814e-01   8.994792e-01   1.042814e+00
  2.182480e-02   2.987488e-07   1.999485e+03   8.681575e-01   9.003688e-01   7.026488e-01
  2.370569e-02   2.274442e-07   1.788524e+03   8.434851e-01   8.998779e-01   7.089133e-01
  2.367397e-02  -1.141243e-06   1.839650e+03   8.664359e-01   9.183540e-01   7.138554e-01
  2.365405e-02   3.629801e-07   1.840590e+03   8.661496e-01   9.194022e-01   7.133344e-01
  2.372791e-02   4.300784e-07   1.787470e+03   8.437787e-01   9.005003e-01   7.102877e-01
  2.183403e-02  -2.534403e-07   1.998736e+03   8.681991e-01   9.008186e-01   7.033408e-01
  1.304473e-02  -1.217085e-07   3.054579e+03   7.927140e-01   8.993040e-01   1.042628e+00
  1.303993e-02   8.929718e-07   3.052909e+03   7.919890e-01   8.983142e-01   1.039692e+00
  2.182291e-02   5.853206e-09   2.000428e+03   8.684920e-01   9.014498e-01   7.034163e-01
  2.373065e-02  -1.305373e-07   1.787169e+03   8.437338e-01   9.007276e-01   7.101497e-01
  2.363505e-02   5.871302e-07   1.844583e+03   8.673307e-01   9.190011e-01   7.136894e-01
  2.364462e-02   3.710622e-07   1.841750e+03   8.663493e-01   9.180185e-01   7.128953e-01
  2.372291e-02   3.555815e-07   1.787695e+03   8.437070e-01   9.003555e-01   7.084347e-01
  2.182844e-02  -5.016302e-07   1.999623e+03   8.683622e-01   9.015089e-01   7.031679e-01
  1.299862e-02  -7.329223e-07   3.067582e+03   7.932750e-01   8.989942e-01   1.041877e+00
  1.205442e-02   3.006341e-07   2.930373e+03   7.027474e-01   8.907060e-01   1.662562e+00
  2.235648e-02  -7.713528e-08   1.909136e+03   8.491230e-01   8.861250e-01   1.047151e+00
  2.448621e-02   1.833376e-07   1.682424e+03   8.195722e-01   8.860360e-01   1.061012e+00
  2.389460e-02  -5.625786e-07   1.807416e+03   8.591876e-01   9.127034e-01   1.063555e+00
  2.387164e-02   8.582768e-09   1.807895e+03   8.585898e-01   9.137901e-01   1.068803e+00
  2.459723e-02   1.605402e-06   1.671222e+03   8.178062e-01   8.848364e-01   1.060580e+00
  2.240314e-02  -1.154110e-07   1.899914e+03   8.467849e-01   8.843329e-01   1.045518e+00
  1.199858e-02  -1.992637e-07   2.916573e+03   6.961981e-01   8.898021e-01   1.677907e+00
  1.198043e-02   5.733311e-07   2.931554e+03   6.987154e-01   8.914445e-01   1.672603e+00
  2.233732e-02   3.141303e-07   1.905316e+03   8.466975e-01   8.845081e-01   1.044973e+00
  2.448013e-02   2.463990e-07   1.681920e+03   8.191231e-01   8.854930e-01   1.059401e+00
  2.398218e-02  -8.610192e-07   1.799728e+03   8.586687e-01   9.142290e-01   1.062090e+00
  2.406665e-02   1.575231e-06   1.792005e+03   8.579956e-01   9.133533e-01   1.070710e+00
  2.455917e-02   2.030836e-07   1.673359e+03   8.175850e-01   8.846104e-01   1.060961e+00
  2.238412e-02  -1.601256e-07   1.905045e+03   8.483508e-01   8.857740e-01   1.046616e+00
  1.204489e-02  -4.934561e-07   2.911093e+03   6.975724e-01   8.873962e-01   1.668322e+00
  1.209110e-02   6.517190e-07   2.908144e+03   6.995389e-01   8.893118e-01   1.668023e+00
  2.242434e-02   2.145237e-07   1.899709e+03   8.474946e-01   8.851418e-01   1.048572e+00
  2.450298e-02  -1.448082e-06   1.680194e+03   8.190463e-01   8.855111e-01   1.058557e+00
  2.373749e-02   1.017426e-07   1.819010e+03   8.590137e-01   9.137690e-01   1.065571e+00
  2.389283e-02   2.318854e-07   1.807212e+03   8.590272e-01   9.137188e-01   1.068067e+00
  2.453025e-02  -1.258845e-06   1.676419e+03   8.181155e-01   8.848960e-01   1.062082e+00
  2.237048e-02  -4.245764e-07   1.905944e+03   8.482339e-01   8.855212e-01   1.044837e+00
  1.207100e-02   2.744855e-07   2.911637e+03   6.992150e-01   8.895483e-01   1.671572e+00
  1.198913e-02   9.298391e-07   2.930222e+03   6.989051e-01   8.898713e-01   1.674776e+00
  2.242402e-02  -1.228097e-06   1.901597e+03   8.483246e-01   8.855753e-01   1.045760e+00
  2.450460e-02  -7.086710e-07   1.679584e+03   8.188033e-01   8.853924e-01   1.059323e+00
  2.402100e-02   9.822948e-07   1.793686e+03   8.571716e-01   9.127879e-01   1.068647e+00
  2.394835e-02   1.530151e-06   1.801218e+03   8.581675e-01   9.134523e-01   1.063229e+00
  2.462564e-02  -1.600166e-07   1.671672e+03   8.189715e-01   8.854277e-01   1.062147e+00
  2.235448e-02  -1.872097e-07   1.908615e+03   8.488146e-01   8.860867e-01   1.047099e+00
  1.204994e-02  -4.476227e-07   2.926062e+03   7.014528e-01   8.893680e-01   1.663064e+00
  1.207793e-02  -7.134469e-07   2.926896e+03   7.032826e-01   8.915093e-01   1.661470e+00
  2.231327e-02   1.022839e-07   1.911368e+03   8.484723e-01   8.858086e-01   1.043863e+00
  2.456318e-02   2.157479e-06   1.675698e+03   8.188615e-01   8.853807e-01   1.062498e+00
  2.403897e-02  -1.247927e-06   1.797403e+03   8.595903e-01   9.141695e-01   1.063189e+00
  2.394424e-02   1.034931e-06   1.803814e+03   8.592569e-01   9.140704e-01   1.059228e+00
  2.447216e-02   1.607003e-06   1.685543e+03   8.206202e-01   8.864572e-01   1.057501e+00
  2.233775e-02  -3.569658e-08   1.907725e+03   8.477844e-01   8.853092e-01   1.046149e+00
  1.213635e-02   9.543392e-07   2.910856e+03   7.028115e-01   8.917334e-01   1.661140e+00
  1.201716e-02  -3.017170e-07   2.931067e+03   7.007415e-01   8.920632e-01   1.668786e+00
  2.234802e-02   8.141109e-07   1.904487e+03   8.467345e-01   8.845895e-01   1.045112e+00
  2.452964e-02  -7.556738e-07   1.677269e+03   8.185103e-01   8.851761e-01   1.058470e+00
  2.380180e-02  -2.142224e-06   1.814564e+03   8.592354e-01   9.140316e-01   1.061379e+00
  2.360763e-02  -3.354335e-06   1.831186e+03   8.600328e-01   9.145121e-01   1.065151e+00
  2.444233e-02   1.656941e-06   1.684471e+03   8.190988e-01   8.855854e-01   1.058616e+00
  2.236219e-02  -9.849602e-07   1.903826e+03   8.469769e-01   8.845785e-01   1.044954e+00
  1.216118e-02  -9.026727e-07   2.899941e+03   7.016089e-01   8.939891e-01   1.672281e+00
  1.207912e-02   4.054022e-07   2.908203e+03   6.988601e-01   8.891380e-01   1.664328e+00
  2.237643e-02  -5.719276e-08   1.904328e+03   8.477400e-01   8.852647e-01   1.047419e+00
  2.456071e-02  -7.253894e-07   1.673445e+03   8.176781e-01   8.846785e-01   1.059187e+00
  2.394292e-02  -2.037850e-06   1.800538e+03   8.576491e-01   9.130965e-01   1.065224e+00
  2.391479e-02  -2.338738e-06   1.801850e+03   8.572656e-01   9.127333e-01   1.067180e+00
  2.443983e-02  -6.482297e-07   1.684996e+03   8.192703e-01   8.856745e-01   1.059167e+00
  2.233333e-02   1.536805e-06   1.907007e+03   8.472978e-01   8.846732e-01   1.042694e+00
  1.209488e-02   6.806760e-07   2.911717e+03   7.006171e-01   8.949151e-01   1.679995e+00
  1.198544e-02  -7.534975e-09   2.929178e+03   6.984415e-01   8.898897e-01   1.674275e+00
  2.239823e-02   7.606197e-08   1.900003e+03   8.466389e-01   8.845782e-01   1.046313e+00
  2.449909e-02  -1.289692e-07   1.680493e+03   8.190620e-01   8.855285e-01   1.060342e+00
  2.387663e-02  -1.469788e-06   1.806487e+03   8.581002e-01   9.132911e-01   1.063755e+00
  2.383305e-02   3.995793e-06   1.812523e+03   8.593960e-01   9.142626e-01   1.062141e+00
  2.454149e-02  -2.286134e-06   1.675159e+03   8.178752e-01   8.848256e-01   1.060205e+00
  2.234361e-02   2.446042e-07   1.903890e+03   8.463019e-01   8.839590e-01   1.044780e+00
  1.205168e-02  -5.406816e-07   2.909589e+03   6.976049e-01   8.936233e-01   1.684070e+00
  1.207363e-02   5.399600e-07   2.913603e+03   6.998394e-01   8.891289e-01   1.663255e+00
  2.239451e-02   5.854734e-07   1.902318e+03   8.475294e-01   8.852735e-01   1.045279e+00
  2.456619e-02   6.359754e-07   1.673247e+03   8.177637e-01   8.846960e-01   1.060861e+00
  2.396332e-02   3.774228e-06   1.802621e+03   8.593725e-01   9.141598e-01   1.065375e+00
  2.389881e-02  -2.095543e-07   1.804493e+03   8.579494e-01   9.133432e-01   1.071012e+00
  2.448687e-02   1.795699e-07   1.679515e+03   8.181771e-01   8.849981e-01   1.059716e+00
  2.244520e-02   1.362737e-07   1.893862e+03   8.456720e-01   8.835826e-01   1.045789e+00
  1.187903e-02   3.378416e-07   2.941328e+03   6.951114e-01   8.916959e-01   1.688783e+00
  1.211281e-02   4.051335e-07   2.903135e+03   6.995881e-01   8.908408e-01   1.666654e+00
  2.235037e-02  -2.276704e-07   1.905029e+03   8.470643e-01   8.848150e-01   1.045179e+00
  2.448898e-02   2.516681e-06   1.681513e+03   8.192207e-01   8.855914e-01   1.058908e+00
  2.392250e-02   2.292362e-06   1.806237e+03   8.596299e-01   9.142977e-01   1.065405e+00
  2.393677e-02  -3.166470e-06   1.800027e+03   8.571853e-01   9.131291e-01   1.061461e+00
  2.450783e-02   1.368179e-06   1.675790e+03   8.170611e-01   8.843183e-01   1.060967e+00
  2.242222e-02   2.897503e-07   1.898059e+03   8.466781e-01   8.845079e-01   1.047290e+00
  1.188015e-02   2.691212e-07   2.936423e+03   6.940176e-01   8.880162e-01   1.686376e+00
  1.203339e-02  -7.452451e-07   2.922259e+03   6.995790e-01   8.907306e-01   1.672673e+00
  2.237706e-02  -1.688339e-07   1.902418e+03   8.469135e-01   8.848787e-01   1.046444e+00
  2.457519e-02   1.507238e-07   1.673637e+03   8.182543e-01   8.850338e-01   1.060913e+00
  2.384984e-02  -1.405716e-06   1.806898e+03   8.573321e-01   9.128559e-01   1.065360e+00
  2.402001e-02   6.419184e-07   1.796756e+03   8.586029e-01   9.146143e-01   1.065579e+00
  2.468828e-02  -3.911804e-08   1.664249e+03   8.174088e-01   8.845442e-01   1.061707e+00
  2.240915e-02  -1.613439e-06   1.898684e+03   8.464634e-01   8.846223e-01   1.048176e+00
  1.176531e-02  -3.784484e-06   2.971601e+03   6.955431e-01   8.864367e-01   1.676827e+00
  1.207627e-02  -1.319110e-07   2.906063e+03   6.981807e-01   8.896594e-01   1.670591e+00
  2.245460e-02   1.834976e-07   1.896555e+03   8.472291e-01   8.852089e-01   1.045549e+00
  2.447204e-02  -2.059790e-06   1.683678e+03   8.197082e-01   8.858873e-01   1.058534e+00
  2.398588e-02   7.310885e-07   1.796751e+03   8.573807e-01   9.130801e-01   1.065146e+00
  2.400530e-02   8.400258e-08   1.799258e+03   8.592722e-01   9.152170e-01   1.066825e+00
  2.443914e-02   3.076606e-07   1.686653e+03   8.200529e-01   8.861473e-01   1.055925e+00
  2.239363e-02  -1.028199e-06   1.901337e+03   8.470593e-01   8.848321e-01   1.045473e+00
  1.191664e-02   7.726032e-08   2.944714e+03   6.981153e-01   8.893454e-01   1.665275e+00
  1.205048e-02  -8.885361e-07   2.920814e+03   7.002259e-01   8.909497e-01   1.670308e+00
  2.234540e-02  -3.442477e-07   1.907732e+03   8.480776e-01   8.858669e-01   1.045595e+00
  2.451590e-02  -7.824449e-07   1.677735e+03   8.182790e-01   8.849797e-01   1.060082e+00
  2.409635e-02   5.794372e-07   1.791114e+03   8.586274e-01   9.141193e-01   1.067410e+00
  2.385677e-02  -9.508975e-07   1.808276e+03   8.582353e-01   9.141329e-01   1.062817e+00
  2.445420e-02  -1.819650e-06   1.681612e+03   8.181057e-01   8.850462e-01   1.059166e+00
  2.242969e-02  -6.392874e-08   1.896789e+03   8.463934e-01   8.842237e-01   1.045682e+00
  1.201363e-02  -8.323024e-07   2.907454e+03   6.948918e-01   8.892509e-01   1.682702e+00
  1.208382e-02  -7.536603e-07   2.906822e+03   6.988000e-01   8.897939e-01   1.668199e+00
  2.237864e-02  -2.599794e-07   1.901127e+03   8.463990e-01   8.846848e-01   1.045529e+00
  2.449689e-02   8.217089e-07   1.679641e+03   8.185734e-01   8.851977e-01   1.058839e+00
  2.385033e-02   1.142910e-06   1.812205e+03   8.598679e-01   9.152926e-01   1.065804e+00
  2.398023e-02  -1.306205e-06   1.802585e+03   8.599621e-01   9.139988e-01   1.066641e+00
  2.451160e-02  -2.194175e-07   1.677198e+03   8.178733e-01   8.847461e-01   1.060669e+00
  2.238494e-02   1.076096e-06   1.902669e+03   8.473235e-01   8.850903e-01   1.046285e+00
  1.209431e-02   5.794894e-07   2.907851e+03   6.996539e-01   8.886103e-01   1.662768e+00
  1.203738e-02  -8.415751e-07   2.922174e+03   6.997905e-01   8.906358e-01   1.670168e+00
  2.237579e-02   5.044462e-08   1.903946e+03   8.475460e-01   8.849438e-01   1.046792e+00
  2.451416e-02  -1.658021e-08   1.678495e+03   8.185917e-01   8.852996e-01   1.058943e+00
  2.388202e-02   9.619427e-07   1.805102e+03   8.576359e-01   9.142500e-01   1.063216e+00
  2.380025e-02   1.218761e-06   1.814750e+03   8.592674e-01   9.130264e-01   1.067515e+00
  2.455272e-02   2.451432e-06   1.675177e+03   8.182582e-01   8.850007e-01   1.062356e+00
  2.242900e-02  -6.888945e-08   1.898001e+03   8.469082e-01   8.846085e-01   1.046009e+00
  1.209517e-02   1.970981e-06   2.895694e+03   6.967787e-01   8.898847e-01   1.677720e+00
  1.204317e-02  -5.931195e-07   2.912201e+03   6.977381e-01   8.881777e-01   1.667304e+00
  2.243462e-02   7.283953e-07   1.896051e+03   8.462505e-01   8.840659e-01   1.046211e+00
  2.455399e-02   2.578096e-08   1.676154e+03   8.187777e-01   8.854774e-01   1.056632e+00
  2.394459e-02  -4.695508e-07   1.802880e+03   8.588244e-01   9.145495e-01   1.067410e+00
  2.392112e-02   1.528176e-07   1.802127e+03   8.576242e-01   9.134034e-01   1.066038e+00
  2.453936e-02  -1.991425e-06   1.677073e+03   8.187385e-01   8.853263e-01   1.058309e+00
  2.238337e-02  -3.864883e-07   1.904663e+03   8.481522e-01   8.854602e-01   1.045561e+00
  1.208199e-02  -6.524466e-07   2.915434e+03   7.007642e-01   8.908536e-01   1.664292e+00
  1.207649e-02   6.269987e-07   2.915198e+03   7.003885e-01   8.901980e-01   1.667522e+00
  2.242671e-02  -1.014929e-06   1.898407e+03   8.470030e-01   8.850640e-01   1.045725e+00
  2.437266e-02  -3.167776e-07   1.689059e+03   8.189887e-01   8.856189e-01   1.054180e+00
  2.386856e-02   1.113149e-06   1.808688e+03   8.588555e-01   9.133085e-01   1.065593e+00
  2.401746e-02   5.844722e-07   1.798080e+03   8.591446e-01   9.145764e-01   1.063528e+00
  2.457990e-02  -2.255140e-06   1.671783e+03   8.175044e-01   8.846057e-01   1.058011e+00
  2.237288e-02   3.435199e-07   1.901990e+03   8.465646e-01   8.843291e-01   1.044306e+00
  1.208615e-02   9.814116e-07   2.895550e+03   6.962244e-01   8.897441e-01   1.676915e+00
  1.206801e-02   4.141294e-07   2.918176e+03   7.006117e-01   8.905073e-01   1.665274e+00
  2.240679e-02  -2.507217e-07   1.899120e+03   8.465686e-01   8.848829e-01   1.047596e+00
  2.452358e-02   7.722845e-07   1.678187e+03   8.187560e-01   8.858204e-01   1.054450e+00
  2.394407e-02   3.848831e-07   1.801006e+03   8.579129e-01   9.123017e-01   1.067426e+00
  2.386107e-02   6.435901e-07   1.811881e+03   8.601016e-01   9.132594e-01   1.063840e+00
  2.452667e-02  -1.428109e-06   1.679333e+03   8.194179e-01   8.857107e-01   1.062233e+00
  2.236020e-02   8.589391e-07   1.904862e+03   8.473630e-01   8.849938e-01   1.045736e+00
  1.207042e-02   8.143831e-07   2.916864e+03   7.004366e-01   8.914168e-01   1.671315e+00
  1.208852e-02   1.797879e-06   2.908064e+03   6.993705e-01   8.910980e-01   1.673259e+00
  2.245629e-02   1.023227e-06   1.896156e+03   8.471147e-01   8.844213e-01   1.045576e+00
  2.443006e-02   5.559268e-08   1.685981e+03   8.194213e-01   8.866399e-01   1.058374e+00
  2.394419e-02  -8.426650e-08   1.801315e+03   8.580648e-01   9.136932e-01   1.065876e+00
  2.395198e-02  -5.672308e-07   1.801005e+03   8.581963e-01   9.137321e-01   1.069221e+00
  2.454283e-02  -1.016645e-06   1.674596e+03   8.176452e-01   8.846342e-01   1.058066e+00
  2.239458e-02  -2.107982e-07   1.899480e+03   8.462677e-01   8.841148e-01   1.044596e+00
  1.202257e-02   1.286853e-06   2.911162e+03   6.962960e-01   8.900531e-01   1.675449e+00
  1.218165e-02   1.807248e-06   2.895756e+03   7.017755e-01   8.921110e-01   1.663082e+00
  2.234868e-02  -1.097444e-07   1.906963e+03   8.478602e-01   8.856720e-01   1.044612e+00
  2.450222e-02   6.651063e-07   1.681482e+03   8.196485e-01   8.864711e-01   1.059300e+00
  2.387851e-02  -7.134609e-07   1.808434e+03   8.590926e-01   9.146272e-01   1.066097e+00
  2.385240e-02   9.051666e-07   1.809157e+03   8.584962e-01   9.125011e-01   1.059888e+00
  2.458155e-02   2.599145e-06   1.674492e+03   8.188843e-01   8.854329e-01   1.062222e+00
  2.239614e-02   1.334729e-07   1.901694e+03   8.473134e-01   8.848019e-01   1.046508e+00
  1.199230e-02   9.878118e-07   2.927815e+03   6.985158e-01   8.911474e-01   1.677262e+00
  1.200477e-02   4.659045e-07   2.909489e+03   6.948656e-01   8.884895e-01   1.678801e+00
  2.238893e-02  -2.682869e-07   1.899939e+03   8.462586e-01   8.840299e-01   1.046734e+00
  2.452095e-02   1.990762e-06   1.676020e+03   8.176110e-01   8.845568e-01   1.060931e+00
  2.403659e-02  -1.445203e-06   1.793086e+03   8.574407e-01   9.115477e-01   1.065772e+00
  2.392295e-02   4.566096e-07   1.803174e+03   8.581883e-01   9.133129e-01   1.069455e+00
  2.441665e-02   1.761446e-06   1.683792e+03   8.179081e-01   8.848307e-01   1.058391e+00
  2.239927e-02   3.338599e-07   1.898209e+03   8.458788e-01   8.837253e-01   1.044872e+00
  1.204909e-02  -1.675455e-06   2.900225e+03   6.952102e-01   8.895451e-01   1.678731e+00
  1.208920e-02  -1.413654e-06   2.912030e+03   7.003637e-01   8.898965e-01   1.667742e+00
  2.237338e-02   1.682864e-07   1.905783e+03   8.482721e-01   8.857917e-01   1.046878e+00
  2.451275e-02   8.548172e-07   1.679298e+03   8.189358e-01   8.854611e-01   1.060589e+00
  2.389261e-02   5.370852e-07   1.808995e+03   8.598670e-01   9.147654e-01   1.065079e+00
  2.397745e-02  -4.963677e-07   1.798824e+03   8.580681e-01   9.134471e-01   1.064835e+00
  2.459584e-02  -9.884757e-07   1.670568e+03   8.174402e-01   8.846110e-01   1.062111e+00
  2.249370e-02   7.360639e-07   1.891953e+03   8.466453e-01   8.842864e-01   1.046229e+00
  1.196251e-02  -5.114824e-07   2.926173e+03   6.963896e-01   8.890047e-01   1.680735e+00
  1.201565e-02  -8.083151e-07   2.916343e+03   6.971336e-01   8.895637e-01   1.678418e+00
  2.239946e-02  -4.455917e-07   1.901698e+03   8.474407e-01   8.851754e-01   1.046850e+00
  2.463204e-02  -2.725600e-06   1.669907e+03   8.183192e-01   8.863091e-01   1.064635e+00
  2.387951e-02   1.024929e-06   1.805665e+03   8.578131e-01   9.117946e-01   1.064957e+00
  2.392039e-02  -1.423521e-07   1.804719e+03   8.588315e-01   9.143284e-01   1.066343e+00
  2.463978e-02   1.841652e-06   1.670635e+03   8.189335e-01   8.854758e-01   1.060848e+00
  2.242023e-02   6.602661e-07   1.898520e+03   8.468090e-01   8.844945e-01   1.045544e+00
  1.200397e-02   9.428408e-07   2.917572e+03   6.967496e-01   8.878403e-01   1.672299e+00
  1.208762e-02   1.941455e-07   2.914067e+03   7.007621e-01   8.880488e-01   1.661204e+00
  2.238223e-02   6.389530e-07   1.905664e+03   8.485547e-01   8.864352e-01   1.046040e+00
  2.455745e-02  -1.899557e-06   1.676169e+03   8.189006e-01   8.871863e-01   1.055488e+00
  2.397438e-02  -8.947347e-07   1.799696e+03   8.583741e-01   9.130394e-01   1.066808e+00
  2.389401e-02  -8.501092e-07   1.806048e+03   8.585159e-01   9.133732e-01   1.066126e+00
  2.436791e-02  -5.768648e-07   1.691110e+03   8.198235e-01   8.859547e-01   1.058776e+00
  2.237488e-02  -9.303721e-07   1.902659e+03   8.469381e-01   8.846830e-01   1.045599e+00
  1.210082e-02   2.339176e-08   2.910251e+03   7.006082e-01   8.922321e-01   1.670082e+00
  1.212169e-02   5.102487e-07   2.911603e+03   7.021428e-01   8.908437e-01   1.660398e+00
  2.236037e-02  -6.059191e-08   1.905473e+03   8.476411e-01   8.857109e-01   1.046082e+00
  2.454546e-02   6.664927e-07   1.680285e+03   8.205108e-01   8.865831e-01   1.064334e+00
  2.390039e-02  -1.559757e-06   1.807200e+03   8.592934e-01   9.148174e-01   1.066238e+00
  2.393959e-02  -2.532730e-07   1.801308e+03   8.578965e-01   9.127702e-01   1.064892e+00
  2.451785e-02  -1.550462e-06   1.674247e+03   8.166427e-01   8.839748e-01   1.059438e+00
  2.242632e-02  -1.465092e-07   1.896272e+03   8.460360e-01   8.845943e-01   1.045770e+00
  1.203730e-02   4.705567e-08   2.900270e+03   6.945406e-01   8.889430e-01   1.681475e+00
  1.204029e-02  -5.317231e-07   2.929689e+03   7.017600e-01   8.907142e-01   1.660590e+00
  2.235301e-02  -5.219762e-07   1.905085e+03   8.471892e-01   8.852429e-01   1.046276e+00
  2.450561e-02   5.081907e-07   1.678340e+03   8.182306e-01   8.849508e-01   1.055429e+00
  2.388732e-02   2.781037e-08   1.807563e+03   8.589958e-01   9.162784e-01   1.063957e+00
  2.368638e-02   1.101635e-07   1.824087e+03   8.595567e-01   9.146858e-01   1.066246e+00
  2.458771e-02   1.446068e-06   1.672430e+03   8.180806e-01   8.848676e-01   1.062572e+00
  2.241353e-02  -1.554437e-07   1.899799e+03   8.471262e-01   8.854873e-01   1.046768e+00
  1.197251e-02   2.880146e-07   2.933010e+03   6.986005e-01   8.899753e-01   1.676194e+00
  1.214548e-02  -1.232576e-06   2.899188e+03   7.005212e-01   8.906743e-01   1.663722e+00
  2.240362e-02   4.353196e-07   1.900360e+03   8.470013e-01   8.845786e-01   1.046558e+00
  2.452228e-02   2.441608e-08   1.681298e+03   8.202302e-01   8.849458e-01   1.061121e+00
  2.386407e-02   6.584460e-07   1.806288e+03   8.575541e-01   9.140959e-01   1.064577e+00
  2.395256e-02   4.784265e-07   1.803224e+03   8.592741e-01   9.136660e-01   1.065364e+00
  2.459145e-02  -8.923568e-07   1.671981e+03   8.179855e-01   8.849161e-01   1.060118e+00
  2.238025e-02  -2.039088e-07   1.904011e+03   8.477434e-01   8.847526e-01   1.045083e+00
  1.205183e-02  -5.470924e-08   2.907683e+03   6.971566e-01   8.902732e-01   1.675707e+00
  1.204507e-02   1.396283e-07   2.920864e+03   6.999237e-01   8.908564e-01   1.674240e+00
  2.240058e-02  -1.989968e-07   1.901423e+03   8.473601e-01   8.846922e-01   1.045394e+00
  2.453400e-02   1.121786e-06   1.676988e+03   8.185181e-01   8.857800e-01   1.059633e+00
  2.417072e-02   4.503605e-07   1.785278e+03   8.584710e-01   9.107586e-01   1.065421e+00
  2.414249e-02  -7.282415e-07   1.788476e+03   8.590040e-01   9.143864e-01   1.065809e+00
  2.457781e-02  -9.655272e-09   1.674643e+03   8.188336e-01   8.854929e-01   1.061047e+00
  2.238332e-02  -2.430063e-07   1.902656e+03   8.472565e-01   8.841986e-01   1.046441e+00
  1.199405e-02  -4.099353e-07   2.924810e+03   6.979007e-01   8.905840e-01   1.675626e+00
  1.214821e-02  -3.702820e-07   2.906926e+03   7.025486e-01   8.914274e-01   1.662275e+00
  2.235485e-02   2.097804e-07   1.905648e+03   8.475097e-01   8.854117e-01   1.044760e+00
  2.448544e-02   3.642007e-08   1.682533e+03   8.195998e-01   8.866297e-01   1.059655e+00
  2.399555e-02   3.291566e-07   1.798474e+03   8.585488e-01   9.130466e-01   1.066182e+00
  2.390641e-02  -5.133665e-07   1.806189e+03   8.590286e-01   9.139455e-01   1.067078e+00
  2.442495e-02  -1.538932e-08   1.684811e+03   8.186815e-01   8.852085e-01   1.058290e+00
  2.239029e-02   3.006630e-07   1.902369e+03   8.473928e-01   8.855228e-01   1.045220e+00
  1.202988e-02  -2.460359e-07   2.915379e+03   6.977287e-01   8.898448e-01   1.672479e+00
  1.204626e-02  -3.879253e-07   2.918052e+03   6.993191e-01   8.920220e-01   1.678100e+00
  2.240973e-02  -1.167484e-07   1.899342e+03   8.467787e-01   8.847327e-01   1.046530e+00
  2.455830e-02  -1.248478e-06   1.674897e+03   8.183076e-01   8.837782e-01   1.058915e+00
  2.373485e-02   9.424175e-08   1.819076e+03   8.589490e-01   9.176423e-01   1.063265e+00
  2.392620e-02   6.463246e-07   1.803802e+03   8.586034e-01   9.136205e-01   1.066890e+00
  2.453651e-02   5.124984e-07   1.675343e+03   8.177992e-01   8.847949e-01   1.061331e+00
  2.237040e-02   4.202609e-07   1.902910e+03   8.468803e-01   8.845483e-01   1.045859e+00
  1.204686e-02   6.747028e-07   2.905856e+03   6.964309e-01   8.895663e-01   1.675152e+00
  1.213509e-02   3.033769e-07   2.912794e+03   7.032067e-01   8.924541e-01   1.665026e+00
  2.233713e-02  -1.799981e-07   1.909424e+03   8.485157e-01   8.853949e-01   1.045732e+00
  2.447134e-02   1.054214e-07   1.682680e+03   8.191989e-01   8.865563e-01   1.059233e+00
  2.389226e-02  -2.098578e-07   1.805882e+03   8.583743e-01   9.094253e-01   1.064569e+00
  2.399721e-02   3.277809e-07   1.798787e+03   8.587577e-01   9.138605e-01   1.066373e+00
  2.457438e-02   5.401981e-08   1.673281e+03   8.180534e-01   8.849366e-01   1.061298e+00
  2.243173e-02  -4.363749e-07   1.898176e+03   8.470898e-01   8.845404e-01   1.047368e+00
  1.194379e-02  -6.322773e-07   2.928259e+03   6.957957e-01   8.881519e-01   1.674399e+00
  1.200261e-02  -3.367160e-07   2.921038e+03   6.974984e-01   8.909974e-01   1.681376e+00
  2.241300e-02  -1.723720e-08   1.898436e+03   8.464985e-01   8.846229e-01   1.046513e+00
  2.454933e-02  -7.371612e-07   1.675851e+03   8.184748e-01   8.847145e-01   1.059851e+00
  2.379948e-02  -7.578577e-08   1.812569e+03   8.582069e-01   9.160351e-01   1.062517e+00
  2.396293e-02   2.670044e-07   1.799405e+03   8.578256e-01   9.129366e-01   1.066553e+00
  2.452903e-02  -4.357727e-07   1.675940e+03   8.178412e-01   8.847377e-01   1.059634e+00
  2.238454e-02   3.134919e-07   1.902018e+03   8.470184e-01   8.850210e-01   1.045050e+00
  1.206949e-02   2.314595e-07   2.905611e+03   6.976802e-01   8.889302e-01   1.667804e+00
  1.076523e-02  -1.007549e-06   2.563773e+03   5.490766e-01   8.799482e-01   2.578144e+00
  2.308016e-02  -3.805413e-07   1.790005e+03   8.219078e-01   8.623883e-01   1.449909e+00
  2.576182e-02  -1.526061e-06   1.527410e+03   7.828204e-01   8.635976e-01   1.480575e+00
  2.419220e-02   1.387577e-06   1.764664e+03   8.493126e-01   9.076480e-01   1.490590e+00
  2.423242e-02   3.363023e-06   1.763091e+03   8.499660e-01   9.083490e-01   1.487765e+00
  2.579503e-02   7.332923e-07   1.525329e+03   7.827618e-01   8.635862e-01   1.481280e+00
  2.311361e-02   5.509701e-08   1.786969e+03   8.217031e-01   8.621196e-01   1.451446e+00
  1.073491e-02   3.628792e-07   2.565822e+03   5.479677e-01   8.768868e-01   2.575319e+00
  1.077326e-02   1.111178e-06   2.558299e+03   5.483131e-01   8.777989e-01   2.574939e+00
  2.312071e-02   1.282759e-06   1.785646e+03   8.213470e-01   8.620082e-01   1.450327e+00
  2.574162e-02  -9.736403e-07   1.527429e+03   7.822170e-01   8.632262e-01   1.481150e+00
  2.426781e-02  -3.210312e-06   1.761299e+03   8.503425e-01   9.085246e-01   1.490842e+00
  2.422864e-02   6.178115e-07   1.762445e+03   8.495223e-01   9.080364e-01   1.487989e+00
  2.573043e-02  -1.904253e-06   1.530357e+03   7.833753e-01   8.639427e-01   1.479999e+00
  2.308547e-02   1.202922e-07   1.791535e+03   8.227999e-01   8.632542e-01   1.451238e+00
  1.073730e-02   5.783993e-07   2.585547e+03   5.523031e-01   8.799354e-01   2.573283e+00
  1.073246e-02  -2.151616e-07   2.568826e+03   5.484842e-01   8.802315e-01   2.579368e+00
  2.308470e-02   4.277522e-07   1.788485e+03   8.213714e-01   8.617602e-01   1.448912e+00
  2.581094e-02   4.492193e-07   1.523789e+03   7.824541e-01   8.634682e-01   1.482010e+00
  2.426194e-02   3.087524e-06   1.761706e+03   8.503331e-01   9.087147e-01   1.486184e+00
  2.406703e-02  -5.327287e-06   1.774492e+03   8.496238e-01   9.080847e-01   1.488227e+00
  2.574842e-02   3.527868e-06   1.525478e+03   7.814238e-01   8.628385e-01   1.479208e+00
  2.313089e-02  -9.703877e-07   1.784742e+03   8.212927e-01   8.618280e-01   1.451651e+00
  1.073892e-02  -3.136640e-07   2.562099e+03   5.473771e-01   8.773091e-01   2.579691e+00
  1.066613e-02  -2.672885e-07   2.567044e+03   5.447164e-01   8.774381e-01   2.584744e+00
  2.311495e-02  -8.243866e-07   1.784147e+03   8.204529e-01   8.612623e-01   1.451936e+00
  2.582170e-02   4.325361e-06   1.522459e+03   7.820969e-01   8.632330e-01   1.481744e+00
  2.415203e-02   3.102477e-06   1.766169e+03   8.486257e-01   9.076737e-01   1.483658e+00
  2.420144e-02   2.725321e-06   1.765652e+03   8.501125e-01   9.083420e-01   1.488971e+00
  2.580910e-02  -1.897035e-07   1.525374e+03   7.832120e-01   8.638746e-01   1.483389e+00
  2.307418e-02   3.494793e-07   1.792757e+03   8.229582e-01   8.631557e-01   1.452148e+00
  1.072562e-02  -4.387885e-07   2.588317e+03   5.522933e-01   8.805647e-01   2.580072e+00
  1.066042e-02  -3.127810e-07   2.562436e+03   5.434475e-01   8.739090e-01   2.588141e+00
  2.322950e-02  -1.074490e-06   1.778424e+03   8.218741e-01   8.622355e-01   1.453906e+00
  2.581078e-02  -1.319420e-06   1.523453e+03   7.822764e-01   8.633503e-01   1.482211e+00
  2.411907e-02  -6.797279e-06   1.767705e+03   8.482044e-01   9.072369e-01   1.486997e+00
  2.422619e-02   8.767257e-07   1.765199e+03   8.507633e-01   9.088207e-01   1.488371e+00
  2.580587e-02  -5.177221e-06   1.525343e+03   7.830979e-01   8.637991e-01   1.481912e+00
  2.312736e-02  -1.206700e-06   1.787688e+03   8.225228e-01   8.627876e-01   1.451408e+00
  1.070007e-02   3.668763e-07   2.578814e+03   5.489552e-01   8.782181e-01   2.578739e+00
  1.068096e-02  -3.842996e-09   2.584479e+03   5.491781e-01   8.768771e-01   2.578568e+00
  2.314931e-02   1.611226e-06   1.786735e+03   8.228642e-01   8.630392e-01   1.450241e+00
  2.574770e-02  -1.089698e-06   1.529317e+03   7.833685e-01   8.639935e-01   1.481750e+00
  2.433486e-02  -1.115725e-06   1.754718e+03   8.495055e-01   9.084847e-01   1.490320e+00
  2.418751e-02  -2.178235e-06   1.767463e+03   8.504945e-01   9.087074e-01   1.488352e+00
  2.572591e-02  -1.784174e-06   1.531817e+03   7.839850e-01   8.643229e-01   1.479005e+00
  2.310198e-02  -6.055527e-07   1.791356e+03   8.233059e-01   8.634152e-01   1.452725e+00
  1.070654e-02  -5.853324e-07   2.592969e+03   5.523020e-01   8.788583e-01   2.567029e+00
  1.070878e-02   1.424093e-06   2.580403e+03   5.497406e-01   8.760969e-01   2.565053e+00
  2.311040e-02   2.441953e-07   1.787622e+03   8.218896e-01   8.622772e-01   1.449982e+00
  2.574428e-02  -1.242372e-07   1.528469e+03   7.828301e-01   8.637152e-01   1.482432e+00
  2.433851e-02   5.100504e-06   1.754502e+03   8.495288e-01   9.090399e-01   1.491776e+00
  2.438264e-02   1.292024e-06   1.751055e+03   8.493970e-01   9.081518e-01   1.489027e+00
  2.572522e-02   2.618014e-06   1.528978e+03   7.825114e-01   8.634869e-01   1.481083e+00
  2.311626e-02  -3.132641e-07   1.788744e+03   8.226139e-01   8.629034e-01   1.452681e+00
  1.069303e-02  -1.549854e-06   2.575663e+03   5.479238e-01   8.758439e-01   2.572392e+00
  1.072933e-02  -1.994719e-07   2.580740e+03   5.508673e-01   8.789734e-01   2.568038e+00
  2.311274e-02   6.443992e-07   1.789062e+03   8.226349e-01   8.625034e-01   1.449445e+00
  2.573347e-02   3.805939e-07   1.529371e+03   7.829631e-01   8.638127e-01   1.481095e+00
  2.431264e-02   4.733830e-07   1.754342e+03   8.485482e-01   9.082163e-01   1.489449e+00
  2.427826e-02  -2.291870e-07   1.761320e+03   8.507187e-01   9.091058e-01   1.488536e+00
  2.570661e-02   4.957926e-07   1.532441e+03   7.837157e-01   8.641625e-01   1.481942e+00
  2.307105e-02   3.436799e-07   1.794199e+03   8.235088e-01   8.637057e-01   1.452728e+00
  1.074254e-02  -1.944488e-06   2.589780e+03   5.534775e-01   8.774133e-01   2.559162e+00
  1.076675e-02   1.252360e-06   2.560026e+03   5.483517e-01   8.774336e-01   2.575162e+00
  2.308141e-02   5.628998e-07   1.790628e+03   8.222386e-01   8.622223e-01   1.450498e+00
  2.577541e-02   1.154679e-06   1.526064e+03   7.825436e-01   8.635694e-01   1.482611e+00
  2.432516e-02   5.694170e-07   1.756198e+03   8.498835e-01   9.093505e-01   1.487529e+00
  2.417765e-02  -2.734901e-07   1.764913e+03   8.489215e-01   9.083364e-01   1.486694e+00
  2.581169e-02  -1.234711e-06   1.526012e+03   7.836184e-01   8.641933e-01   1.481247e+00
  2.312084e-02   7.549600e-07   1.787546e+03   8.222257e-01   8.625397e-01   1.450748e+00
  1.070734e-02  -2.433216e-06   2.587453e+03   5.511684e-01   8.800326e-01   2.565604e+00
  1.071793e-02   5.209004e-07   2.579186e+03   5.499507e-01   8.785042e-01   2.574071e+00
  2.310659e-02  -9.511022e-07   1.788078e+03   8.219635e-01   8.623799e-01   1.450844e+00
  2.576717e-02   6.299454e-07   1.528095e+03   7.833343e-01   8.639306e-01   1.480614e+00
  2.415340e-02  -2.358699e-06   1.769512e+03   8.502799e-01   9.083711e-01   1.489331e+00
  2.422784e-02   1.045171e-06   1.760600e+03   8.486047e-01   9.085472e-01   1.488756e+00
  2.571406e-02   1.440599e-06   1.529342e+03   7.823576e-01   8.634367e-01   1.482678e+00
  2.312079e-02  -1.009423e-07   1.788573e+03   8.226964e-01   8.629176e-01   1.452529e+00
  1.073459e-02  -2.904573e-07   2.562616e+03   5.472667e-01   8.759673e-01   2.571192e+00
  1.071507e-02   6.260803e-08   2.568608e+03   5.475489e-01   8.777441e-01   2.578100e+00
  2.314363e-02   1.464107e-06   1.785859e+03   8.222594e-01   8.627228e-01   1.450942e+00
  2.566879e-02  -3.097302e-07   1.532283e+03   7.824824e-01   8.633453e-01   1.481214e+00
  2.423968e-02  -2.185835e-06   1.762010e+03   8.496994e-01   9.070853e-01   1.493765e+00
  2.422857e-02   1.442598e-06   1.762311e+03   8.494554e-01   9.089647e-01   1.486920e+00
  2.582312e-02   9.472421e-07   1.522799e+03   7.823146e-01   8.632992e-01   1.485324e+00
  2.314134e-02   9.537113e-07   1.781935e+03   8.203715e-01   8.618091e-01   1.455274e+00
  1.062366e-02  -1.609053e-08   2.577176e+03   5.446884e-01   8.716059e-01   2.583325e+00
  1.071081e-02  -4.690620e-08   2.574632e+03   5.486152e-01   8.765237e-01   2.574108e+00
  2.311760e-02   2.187165e-07   1.787664e+03   8.221646e-01   8.625237e-01   1.451424e+00
  2.573832e-02  -9.568949e-07   1.529060e+03   7.829512e-01   8.636955e-01   1.480913e+00
  2.422662e-02   3.236756e-06   1.764434e+03   8.504104e-01   9.078338e-01   1.485707e+00
  2.423014e-02  -3.116306e-06   1.763451e+03   8.500598e-01   9.084070e-01   1.486859e+00
  2.571500e-02   6.215470e-07   1.533027e+03   7.842719e-01   8.644204e-01   1.482074e+00
  2.308392e-02  -1.954656e-07   1.793210e+03   8.235140e-01   8.640998e-01   1.450667e+00
  1.082239e-02   1.641063e-06   2.583176e+03   5.561698e-01   8.755977e-01   2.546076e+00
  1.070999e-02  -4.634730e-07   2.580893e+03   5.499069e-01   8.784253e-01   2.569764e+00
  2.309912e-02  -7.257643e-07   1.789205e+03   8.222158e-01   8.618832e-01   1.449823e+00
  2.575673e-02  -1.264024e-08   1.528110e+03   7.830247e-01   8.639197e-01   1.480532e+00
  2.419653e-02   1.522476e-07   1.765263e+03   8.497530e-01   9.083646e-01   1.491039e+00
  2.417344e-02   5.428017e-09   1.766980e+03   8.497678e-01   9.071877e-01   1.487083e+00
  2.575206e-02  -8.641577e-07   1.529793e+03   7.837452e-01   8.641032e-01   1.477538e+00
  2.316515e-02   9.419598e-07   1.783229e+03   8.218116e-01   8.624486e-01   1.451019e+00
  1.074753e-02   1.860578e-06   2.585660e+03   5.528535e-01   8.799883e-01   2.562005e+00
  1.071471e-02   9.997728e-10   2.558309e+03   5.453353e-01   8.746119e-01   2.580969e+00
  2.315627e-02  -6.905188e-07   1.786247e+03   8.228869e-01   8.626614e-01   1.452532e+00
  2.576032e-02  -6.659727e-07   1.526893e+03   7.825104e-01   8.634981e-01   1.481965e+00
  2.421160e-02  -2.683124e-06   1.765205e+03   8.502543e-01   9.074907e-01   1.485985e+00
  2.422482e-02   2.969265e-07   1.762740e+03   8.495305e-01   9.073604e-01   1.490504e+00
  2.575663e-02   2.711689e-07   1.531468e+03   7.847424e-01   8.648034e-01   1.478083e+00
  2.309030e-02   1.151979e-06   1.791767e+03   8.230783e-01   8.632198e-01   1.448992e+00
  1.087539e-02   1.422959e-06   2.561367e+03   5.541746e-01   8.807528e-01   2.558150e+00
  1.073850e-02  -5.941095e-07   2.585738e+03   5.524060e-01   8.769507e-01   2.570164e+00
  2.313201e-02   5.623944e-07   1.789067e+03   8.233228e-01   8.639598e-01   1.454894e+00
  2.576459e-02   9.463782e-07   1.527958e+03   7.831857e-01   8.637924e-01   1.483157e+00
  2.422918e-02  -1.070912e-07   1.762798e+03   8.497113e-01   9.063186e-01   1.488893e+00
  2.423412e-02  -1.380548e-06   1.763288e+03   8.501208e-01   9.086874e-01   1.487032e+00
  2.567150e-02   9.934997e-07   1.532611e+03   7.827326e-01   8.636301e-01   1.480435e+00
  2.311298e-02   2.404324e-07   1.787004e+03   8.216971e-01   8.621624e-01   1.451835e+00
  1.075479e-02  -2.191557e-07   2.556626e+03   5.470151e-01   8.779326e-01   2.581913e+00
  1.075681e-02   4.775272e-07   2.573550e+03   5.507396e-01   8.754048e-01   2.563492e+00
  2.310175e-02   2.722499e-07   1.789752e+03   8.225608e-01   8.630868e-01   1.450755e+00
  2.573646e-02  -2.410470e-07   1.528618e+03   7.826683e-01   8.637440e-01   1.481246e+00
  2.423385e-02  -5.689647e-07   1.762199e+03   8.495862e-01   9.091111e-01   1.489645e+00
  2.423522e-02   2.670939e-06   1.762892e+03   8.499684e-01   9.073276e-01   1.489569e+00
  2.572581e-02   1.901197e-06   1.530410e+03   7.832620e-01   8.637855e-01   1.483500e+00
  2.312115e-02  -2.344887e-07   1.788561e+03   8.227037e-01   8.634522e-01   1.454918e+00
  1.075185e-02   1.070077e-07   2.573820e+03   5.505434e-01   8.734655e-01   2.561547e+00
  1.078888e-02   8.043245e-07   2.591232e+03   5.561769e-01   8.797686e-01   2.546346e+00
  2.307558e-02  -4.191102e-07   1.794027e+03   8.235912e-01   8.641859e-01   1.449050e+00
  2.575614e-02   3.090512e-07   1.527964e+03   7.829317e-01   8.640188e-01   1.479042e+00
  2.425523e-02  -3.535310e-07   1.758704e+03   8.486491e-01   9.077128e-01   1.487927e+00
  2.422726e-02   8.439245e-07   1.762848e+03   8.496678e-01   9.062152e-01   1.490407e+00
  2.568521e-02  -5.550487e-07   1.533028e+03   7.833634e-01   8.638292e-01   1.479278e+00
  2.310309e-02   4.960692e-07   1.788832e+03   8.221854e-01   8.627047e-01   1.451129e+00
  1.080415e-02  -3.018086e-07   2.567605e+03   5.518855e-01   8.773086e-01   2.556687e+00
  1.080390e-02   2.930903e-07   2.554101e+03   5.489701e-01   8.803924e-01   2.569631e+00
  2.309924e-02   2.599957e-07   1.786917e+03   8.211685e-01   8.613725e-01   1.448343e+00
  2.573380e-02  -7.452691e-08   1.527408e+03   7.819685e-01   8.638084e-01   1.478183e+00
  2.424117e-02   3.418187e-07   1.762419e+03   8.499491e-01   9.090444e-01   1.486753e+00
  2.423031e-02  -7.036804e-07   1.762325e+03   8.495231e-01   9.088478e-01   1.487403e+00
  2.573101e-02  -1.469249e-06   1.527463e+03   7.819119e-01   8.630677e-01   1.481923e+00
  2.310679e-02   3.331511e-09   1.788144e+03   8.220008e-01   8.625455e-01   1.451615e+00
  1.079117e-02  -1.002425e-06   2.564060e+03   5.504614e-01   8.777578e-01   2.562843e+00
  1.075690e-02  -7.100706e-07   2.557783e+03   5.473697e-01   8.774811e-01   2.577042e+00
  2.308066e-02  -1.133304e-06   1.790426e+03   8.221190e-01   8.626364e-01   1.451959e+00
  2.577660e-02  -6.089699e-07   1.525180e+03   7.821266e-01   8.636732e-01   1.480822e+00
  2.426232e-02   1.438036e-07   1.760546e+03   8.497864e-01   9.071739e-01   1.489271e+00
  2.424297e-02  -4.253532e-07   1.761440e+03   8.495401e-01   9.079002e-01   1.489577e+00
  2.576177e-02   2.264335e-07   1.525551e+03   7.818666e-01   8.629986e-01   1.478445e+00
  2.312457e-02  -2.615621e-07   1.787027e+03   8.221192e-01   8.624572e-01   1.451594e+00
  1.076093e-02   3.088902e-08   2.570331e+03   5.502616e-01   8.782423e-01   2.569493e+00
  1.072174e-02  -9.556471e-07   2.571490e+03   5.485048e-01   8.799232e-01   2.582985e+00
  2.312965e-02  -4.533875e-07   1.784520e+03   8.211466e-01   8.623122e-01   1.449434e+00
  2.578042e-02  -2.261054e-07   1.527240e+03   7.832984e-01   8.639119e-01   1.480790e+00
  2.413747e-02   8.925626e-07   1.768750e+03   8.493533e-01   9.079471e-01   1.487210e+00
  2.424766e-02  -4.404278e-07   1.762482e+03   8.502072e-01   9.086708e-01   1.487189e+00
  2.587873e-02  -6.981331e-08   1.520247e+03   7.826855e-01   8.636396e-01   1.482890e+00
  2.311260e-02  -6.787203e-07   1.787435e+03   8.218813e-01   8.622106e-01   1.451979e+00
  1.077271e-02  -6.854001e-07   2.552576e+03   5.470583e-01   8.772278e-01   2.575640e+00
  1.064363e-02   2.062766e-07   2.574294e+03   5.451026e-01   8.777160e-01   2.600603e+00
  2.314920e-02   5.897203e-08   1.784395e+03   8.217829e-01   8.617626e-01   1.453174e+00
  2.581720e-02  -4.127363e-07   1.523947e+03   7.827247e-01   8.631849e-01   1.483426e+00
  2.419855e-02   1.826636e-06   1.764238e+03   8.493305e-01   9.089456e-01   1.490629e+00
  2.422723e-02  -3.041159e-07   1.764538e+03   8.504815e-01   9.071159e-01   1.487904e+00
  2.578895e-02  -1.237597e-06   1.526447e+03   7.831513e-01   8.637391e-01   1.483603e+00
  2.316758e-02  -7.069632e-07   1.782680e+03   8.216452e-01   8.622018e-01   1.453539e+00
  1.065192e-02   5.673924e-08   2.572051e+03   5.450517e-01   8.740396e-01   2.586683e+00
  1.060149e-02  -6.348971e-08   2.612091e+03   5.509157e-01   8.767022e-01   2.569072e+00
  2.311435e-02   1.038684e-07   1.788922e+03   8.226276e-01   8.629332e-01   1.451723e+00
  2.578037e-02   5.256481e-07   1.528387e+03   7.838854e-01   8.639983e-01   1.481695e+00
  2.428308e-02  -1.271413e-06   1.760631e+03   8.505550e-01   9.076496e-01   1.489570e+00
  2.414996e-02   7.888264e-07   1.768881e+03   8.498554e-01   9.082545e-01   1.488201e+00
  2.569977e-02   4.296047e-07   1.532131e+03   7.833491e-01   8.639659e-01   1.476888e+00
  2.313947e-02   2.485931e-07   1.787592e+03   8.229093e-01   8.629854e-01   1.451521e+00
  1.082094e-02  -2.300220e-07   2.573481e+03   5.540082e-01   8.784492e-01   2.554002e+00
  1.067561e-02  -1.476116e-06   2.581809e+03   5.483365e-01   8.782352e-01   2.570983e+00
  2.312704e-02  -5.317499e-08   1.785444e+03   8.214787e-01   8.609887e-01   1.450430e+00
  2.569399e-02   1.708035e-09   1.532175e+03   7.831954e-01   8.645879e-01   1.479786e+00
  2.414872e-02  -7.229613e-07   1.770472e+03   8.505764e-01   9.093382e-01   1.487060e+00
  2.423829e-02  -1.328550e-06   1.760747e+03   8.490418e-01   9.090424e-01   1.487739e+00
  2.575447e-02  -4.459799e-08   1.528272e+03   7.830387e-01   8.639710e-01   1.482600e+00
  2.311100e-02  -5.743951e-07   1.786556e+03   8.214206e-01   8.613056e-01   1.450013e+00
  1.071995e-02   7.628840e-07   2.557146e+03   5.453538e-01   8.789237e-01   2.589161e+00
  1.065009e-02   5.008277e-07   2.598819e+03   5.506297e-01   8.790012e-01   2.571634e+00
  2.315000e-02   5.294738e-07   1.784944e+03   8.220641e-01   8.620744e-01   1.452613e+00
  2.577171e-02   1.477150e-06   1.526321e+03   7.825627e-01   8.635670e-01   1.481555e+00
  2.418802e-02  -3.868833e-07   1.765382e+03   8.495115e-01   9.076904e-01   1.488832e+00
  2.424016e-02  -4.264395e-08   1.762914e+03   8.501523e-01   9.076287e-01   1.489965e+00
  2.569299e-02  -9.206486e-07   1.533078e+03   7.836262e-01   8.641201e-01   1.481684e+00
  2.311209e-02   3.715015e-07   1.788028e+03   8.221363e-01   8.624548e-01   1.452518e+00
  1.074532e-02   1.126186e-06   2.571381e+03   5.496876e-01   8.754136e-01   2.572363e+00
  1.071465e-02   1.399774e-07   2.569523e+03   5.477225e-01   8.771716e-01   2.570962e+00
  2.309161e-02  -4.639221e-07   1.788505e+03   8.216269e-01   8.625439e-01   1.450247e+00
  2.575202e-02   8.264303e-08   1.528250e+03   7.829535e-01   8.630872e-01   1.480546e+00
  2.420421e-02   1.488573e-06   1.764335e+03   8.495759e-01   9.082162e-01   1.488770e+00
  2.421281e-02   7.687537e-07   1.764748e+03   8.500767e-01   9.086614e-01   1.487924e+00
  2.576700e-02   1.533441e-07   1.526397e+03   7.824588e-01   8.634188e-01   1.481249e+00
  2.313368e-02  -4.537753e-08   1.784781e+03   8.214095e-01   8.619015e-01   1.450084e+00
  1.072425e-02   2.666646e-07   2.578828e+03   5.501983e-01   8.799600e-01   2.571926e+00
  1.066204e-02   4.678140e-07   2.575189e+03   5.462351e-01   8.763920e-01   2.584765e+00
  2.312918e-02   1.012784e-06   1.785258e+03   8.214693e-01   8.624442e-01   1.452721e+00
  2.573732e-02   4.020994e-07   1.527206e+03   7.819716e-01   8.636820e-01   1.482292e+00
  2.424023e-02  -5.312960e-07   1.762310e+03   8.498631e-01   9.081847e-01   1.488314e+00
  2.450614e-02   8.140621e-07   1.743303e+03   8.499197e-01   9.079966e-01   1.488570e+00
  2.576934e-02   1.008934e-06   1.526265e+03   7.824624e-01   8.633571e-01   1.481294e+00
  2.302798e-02  -5.346387e-07   1.794729e+03   8.222144e-01   8.626820e-01   1.451089e+00
  1.072428e-02   8.555377e-08   2.561956e+03   5.466002e-01   8.773315e-01   2.580805e+00
  1.070499e-02   1.484007e-06   2.574030e+03   5.481884e-01   8.736060e-01   2.566428e+00
  2.315438e-02   5.171342e-07   1.786018e+03   8.227143e-01   8.629590e-01   1.452828e+00
  2.580665e-02   1.623916e-06   1.525567e+03   7.832366e-01   8.634721e-01   1.483146e+00
  2.425662e-02  -7.731180e-07   1.761000e+03   8.498058e-01   9.082388e-01   1.488600e+00
  2.442401e-02  -1.490577e-06   1.748665e+03   8.496767e-01   9.088205e-01   1.487985e+00
  2.574863e-02   4.354361e-07   1.528193e+03   7.828211e-01   8.636229e-01   1.481716e+00
  2.313362e-02  -1.538374e-08   1.785821e+03   8.218863e-01   8.624975e-01   1.452395e+00
  1.069438e-02  -2.348249e-07   2.577334e+03   5.483484e-01   8.769066e-01   2.579677e+00
  1.077572e-02  -8.639878e-07   2.569668e+03   5.508757e-01   8.794672e-01   2.571166e+00
  2.310667e-02  -8.648850e-07   1.789100e+03   8.224362e-01   8.632783e-01   1.450921e+00
  2.574783e-02  -8.200272e-07   1.530001e+03   7.837226e-01   8.643443e-01   1.480889e+00
  2.424197e-02   2.063420e-06   1.761391e+03   8.494812e-01   9.080428e-01   1.488089e+00
  2.417828e-02  -9.674778e-07   1.764881e+03   8.489286e-01   9.070762e-01   1.488173e+00
  2.577230e-02  -2.523485e-06   1.525866e+03   7.823478e-01   8.633483e-01   1.481854e+00
  2.314637e-02  -4.174255e-07   1.786299e+03   8.225591e-01   8.624702e-01   1.450913e+00
  1.071275e-02  -5.817522e-07   2.576152e+03   5.490386e-01   8.769517e-01   2.571908e+00
  1.071254e-02   1.680103e-07   2.563291e+03   5.462865e-01   8.744242e-01   2.577874e+00
  2.315450e-02  -9.476182e-08   1.786237e+03   8.228197e-01   8.626062e-01   1.453475e+00
  2.564908e-02   4.250223e-07   1.534125e+03   7.828215e-01   8.636411e-01   1.482768e+00
  2.425290e-02  -1.021988e-06   1.761707e+03   8.500165e-01   9.083357e-01   1.489106e+00
  2.434248e-02   3.207071e-07   1.753650e+03   8.492547e-01   9.083226e-01   1.489557e+00
  2.572585e-02   4.507208e-07   1.530620e+03   7.833705e-01   8.639749e-01   1.481420e+00
  2.312487e-02   2.377624e-07   1.788833e+03   8.229610e-01   8.631015e-01   1.451716e+00
  1.071742e-02   4.567831e-07   2.572947e+03   5.485943e-01   8.766736e-01   2.571877e+00
  1.080944e-02  -5.430524e-07   2.578836e+03   5.545709e-01   8.776192e-01   2.554389e+00
  2.310581e-02  -1.085864e-06   1.790883e+03   8.232251e-01   8.632799e-01   1.451625e+00
  2.572524e-02  -1.299527e-06   1.531233e+03   7.836661e-01   8.642085e-01   1.482506e+00
  2.422457e-02  -3.553753e-07   1.763969e+03   8.501141e-01   9.083064e-01   1.488121e+00
  2.427029e-02  -3.956302e-07   1.761005e+03   8.502871e-01   9.083339e-01   1.487306e+00
  2.574921e-02   1.708176e-06   1.526707e+03   7.820773e-01   8.630782e-01   1.480148e+00
  2.308271e-02  -2.682060e-07   1.791071e+03   8.224881e-01   8.632748e-01   1.451963e+00
  1.075371e-02  -3.365760e-08   2.567646e+03   5.493178e-01   8.765789e-01   2.569820e+00
  1.074884e-02  -7.592846e-07   2.564421e+03   5.483792e-01   8.784632e-01   2.572738e+00
  2.310363e-02   5.068239e-07   1.788942e+03   8.222551e-01   8.632071e-01   1.451169e+00
  2.572492e-02  -6.724056e-07   1.531017e+03   7.835453e-01   8.639511e-01   1.481273e+00
  2.414077e-02  -1.771263e-06   1.769717e+03   8.499337e-01   9.081031e-01   1.488606e+00
  2.414633e-02   1.622220e-06   1.767558e+03   8.490925e-01   9.078805e-01   1.487294e+00
  2.574120e-02  -9.722968e-07   1.529547e+03   7.832885e-01   8.640365e-01   1.481629e+00
  2.313158e-02   4.134871e-07   1.787794e+03   8.227217e-01   8.625772e-01   1.452688e+00
  1.072562e-02   9.074971e-07   2.570847e+03   5.485657e-01   8.771608e-01   2.580579e+00
  1.078468e-02  -4.310541e-07   2.568680e+03   5.511214e-01   8.773041e-01   2.563868e+00
  2.311819e-02  -1.060751e-06   1.789057e+03   8.228266e-01   8.626673e-01   1.452088e+00
  2.576369e-02  -1.391162e-06   1.527943e+03   7.831510e-01   8.638672e-01   1.480528e+00
  2.424683e-02   2.369666e-06   1.761411e+03   8.496613e-01   9.079391e-01   1.489377e+00
  2.424528e-02  -8.716522e-07   1.761211e+03   8.495108e-01   9.080482e-01   1.489544e+00
  2.571164e-02   9.763916e-07   1.530393e+03   7.828214e-01   8.635627e-01   1.481712e+00
  2.308571e-02   4.423034e-07   1.791973e+03   8.230091e-01   8.634044e-01   1.450959e+00
  1.074128e-02   8.443114e-07   2.582536e+03   5.518648e-01   8.777328e-01   2.564079e+00
  8.905653e-03  -8.108294e-07   1.806249e+03   3.200174e-01   8.644058e-01   3.876418e+00
  2.408210e-02   3.185574e-07   1.662730e+03   7.966109e-01   8.329582e-01   1.911785e+00
  2.764742e-02  -1.224496e-06   1.333177e+03   7.332844e-01   8.339476e-01   1.974666e+00
  2.459904e-02   1.057609e-07   1.713241e+03   8.384298e-01   9.012825e-01   1.980251e+00
  2.471937e-02  -9.597200e-07   1.710780e+03   8.413212e-01   9.031208e-01   1.988881e+00
  2.761519e-02   6.789813e-07   1.328658e+03   7.299473e-01   8.321039e-01   1.974321e+00
  2.405638e-02   3.788192e-08   1.661367e+03   7.951079e-01   8.302519e-01   1.910038e+00
  8.688952e-03   3.265429e-07   1.723071e+03   2.978522e-01   8.650761e-01   3.970621e+00
  8.883490e-03   3.420546e-07   1.732369e+03   3.061640e-01   8.689295e-01   3.924763e+00
  2.404870e-02   9.511109e-07   1.661817e+03   7.950692e-01   8.304776e-01   1.909557e+00
  2.765446e-02   1.896525e-06   1.329577e+03   7.314905e-01   8.330619e-01   1.973520e+00
  2.458644e-02  -6.605683e-07   1.714080e+03   8.384107e-01   9.016124e-01   1.986684e+00
  2.450210e-02  -2.128061e-06   1.725299e+03   8.410039e-01   9.028787e-01   1.986741e+00
  2.776544e-02   2.751247e-07   1.319812e+03   7.290323e-01   8.315376e-01   1.974713e+00
  2.411160e-02   2.033980e-08   1.657108e+03   7.948897e-01   8.304515e-01   1.913965e+00
  8.703343e-03  -6.618219e-07   1.726701e+03   2.989740e-01   8.572387e-01   3.952124e+00
  8.841953e-03  -1.051926e-06   1.748524e+03   3.075742e-01   8.621003e-01   3.935007e+00
  2.405503e-02  -4.081798e-07   1.664217e+03   7.964268e-01   8.317957e-01   1.915862e+00
  2.777770e-02  -4.575291e-07   1.327064e+03   7.333620e-01   8.342354e-01   1.978011e+00
  2.466797e-02  -3.735734e-06   1.709834e+03   8.391072e-01   9.013636e-01   1.981646e+00
  2.464399e-02   1.919414e-08   1.711829e+03   8.392698e-01   9.019101e-01   1.985217e+00
  2.768798e-02   2.536980e-07   1.327531e+03   7.312502e-01   8.328028e-01   1.975901e+00
  2.410821e-02   3.806430e-07   1.659834e+03   7.960854e-01   8.321075e-01   1.915168e+00
  8.724598e-03   4.649818e-07   1.771970e+03   3.075615e-01   8.597276e-01   3.924872e+00
  8.864039e-03   4.706900e-07   1.764208e+03   3.111082e-01   8.627320e-01   3.924293e+00
  2.403447e-02   7.513448e-07   1.665703e+03   7.964567e-01   8.323388e-01   1.912117e+00
  2.764195e-02  -1.110961e-06   1.333014e+03   7.330499e-01   8.339287e-01   1.973640e+00
  2.455262e-02  -9.365591e-07   1.718758e+03   8.395423e-01   9.021262e-01   1.981645e+00
  2.463745e-02   1.862448e-06   1.711535e+03   8.389029e-01   9.016319e-01   1.982982e+00
  2.761458e-02   4.567833e-07   1.330776e+03   7.310947e-01   8.326759e-01   1.974101e+00
  2.414432e-02   7.583248e-07   1.654196e+03   7.945698e-01   8.306654e-01   1.915547e+00
  8.773189e-03  -1.858472e-06   1.766460e+03   3.083127e-01   8.618948e-01   3.903412e+00
  8.871992e-03   4.255161e-07   1.793800e+03   3.166105e-01   8.640367e-01   3.892025e+00
  2.403523e-02   7.023058e-07   1.666515e+03   7.968703e-01   8.328324e-01   1.911525e+00
  2.755785e-02   2.989518e-07   1.335369e+03   7.321106e-01   8.332750e-01   1.976047e+00
  2.457783e-02   4.937273e-06   1.714858e+03   8.384973e-01   9.013336e-01   1.979599e+00
  2.451419e-02  -5.774709e-07   1.722988e+03   8.402915e-01   9.024234e-01   1.981717e+00
  2.775130e-02  -5.018192e-07   1.323191e+03   7.305267e-01   8.323779e-01   1.974167e+00
  2.411719e-02  -1.323265e-07   1.654102e+03   7.936319e-01   8.296023e-01   1.913927e+00
  8.825531e-03  -1.800076e-07   1.739443e+03   3.054085e-01   8.666652e-01   3.931033e+00
  8.903804e-03  -1.223180e-07   1.774972e+03   3.144106e-01   8.679095e-01   3.882311e+00
  2.404827e-02  -9.347637e-07   1.663427e+03   7.958254e-01   8.317090e-01   1.908981e+00
  2.752892e-02  -2.155599e-07   1.339249e+03   7.334672e-01   8.341672e-01   1.969601e+00
  2.475581e-02   3.000727e-06   1.703699e+03   8.390737e-01   9.018390e-01   1.986356e+00
  2.472285e-02   9.007220e-07   1.708367e+03   8.402525e-01   9.024990e-01   1.983599e+00
  2.776254e-02  -6.099750e-07   1.324788e+03   7.317046e-01   8.331642e-01   1.977350e+00
  2.410691e-02  -8.669282e-07   1.658719e+03   7.955077e-01   8.309580e-01   1.912657e+00
  8.773787e-03  -6.825854e-07   1.729456e+03   3.018747e-01   8.627752e-01   3.952066e+00
  8.895227e-03   7.352168e-07   1.702625e+03   3.013049e-01   8.656594e-01   3.951513e+00
  2.399936e-02  -8.744619e-07   1.665347e+03   7.951237e-01   8.302080e-01   1.911679e+00
  2.754803e-02   9.055029e-10   1.335320e+03   7.318228e-01   8.333275e-01   1.972734e+00
  2.462037e-02  -3.077702e-06   1.715746e+03   8.403840e-01   9.024147e-01   1.981201e+00
  2.459166e-02   3.204247e-07   1.715193e+03   8.391335e-01   9.018000e-01   1.986390e+00
  2.779200e-02  -3.835701e-07   1.324894e+03   7.325398e-01   8.336886e-01   1.975311e+00
  2.410073e-02   1.192441e-06   1.659127e+03   7.954994e-01   8.315639e-01   1.914550e+00
  8.836167e-03   1.684028e-06   1.759657e+03   3.093300e-01   8.627439e-01   3.923863e+00
  8.782664e-03  -1.086401e-07   1.774572e+03   3.100631e-01   8.581150e-01   3.910551e+00
  2.408326e-02   3.330120e-08   1.660750e+03   7.957005e-01   8.320984e-01   1.914629e+00
  2.766836e-02   1.491034e-06   1.329066e+03   7.315771e-01   8.329991e-01   1.974478e+00
  2.461187e-02  -2.476681e-06   1.713477e+03   8.389830e-01   9.016688e-01   1.981999e+00
  2.456137e-02  -2.157444e-06   1.714054e+03   8.375433e-01   9.006874e-01   1.981509e+00
  2.769505e-02   6.442637e-07   1.330325e+03   7.329762e-01   8.339514e-01   1.977045e+00
  2.412732e-02  -3.006630e-07   1.656591e+03   7.951598e-01   8.308997e-01   1.914241e+00
  8.818613e-03   3.852812e-08   1.738251e+03   3.049600e-01   8.665058e-01   3.944700e+00
  8.930884e-03   6.532313e-07   1.740603e+03   3.092604e-01   8.665095e-01   3.906411e+00
  2.402993e-02  -1.028206e-07   1.664132e+03   7.955551e-01   8.309952e-01   1.909113e+00
  2.763557e-02   3.902376e-07   1.331111e+03   7.318347e-01   8.332795e-01   1.972749e+00
  2.457962e-02  -1.600947e-06   1.715477e+03   8.388615e-01   9.016087e-01   1.982804e+00
  2.455354e-02  -6.807152e-07   1.719999e+03   8.401801e-01   9.024628e-01   1.981744e+00
  2.766249e-02  -2.249739e-07   1.329120e+03   7.314518e-01   8.327304e-01   1.977051e+00
  2.408434e-02   8.563810e-08   1.660364e+03   7.955512e-01   8.309228e-01   1.908375e+00
  8.852903e-03  -8.310879e-09   1.751071e+03   3.084037e-01   8.692053e-01   3.931461e+00
  8.797045e-03  -9.391935e-07   1.712058e+03   2.996302e-01   8.681314e-01   3.969303e+00
  2.410472e-02  -3.742814e-07   1.658189e+03   7.951812e-01   8.301138e-01   1.910620e+00
  2.766706e-02  -7.157026e-07   1.326951e+03   7.303786e-01   8.324361e-01   1.979186e+00
  2.455459e-02  -3.092738e-07   1.718973e+03   8.397149e-01   9.021204e-01   1.983484e+00
  2.458810e-02  -9.663147e-07   1.715693e+03   8.392564e-01   9.017722e-01   1.991817e+00
  2.761875e-02  -7.107974e-07   1.332795e+03   7.323142e-01   8.333062e-01   1.973050e+00
  2.406226e-02  -6.631166e-07   1.661159e+03   7.952028e-01   8.303418e-01   1.912173e+00
  8.848738e-03  -4.035067e-07   1.717223e+03   3.023000e-01   8.675345e-01   3.952915e+00
  8.838496e-03  -2.669575e-07   1.759658e+03   3.094117e-01   8.593245e-01   3.917400e+00
  2.407144e-02  -1.304297e-08   1.663028e+03   7.964008e-01   8.323325e-01   1.912635e+00
  2.763587e-02  -8.357247e-07   1.331929e+03   7.322921e-01   8.334186e-01   1.977448e+00
  2.464177e-02   1.505787e-06   1.712580e+03   8.395621e-01   9.020795e-01   1.983266e+00
  2.454735e-02  -5.332138e-08   1.716832e+03   8.384219e-01   9.012606e-01   1.973256e+00
  2.765753e-02  -3.515376e-07   1.330556e+03   7.321107e-01   8.332006e-01   1.976942e+00
  2.406352e-02  -5.417186e-07   1.663171e+03   7.962072e-01   8.313861e-01   1.913415e+00
  8.776825e-03  -3.019094e-08   1.752430e+03   3.059907e-01   8.626152e-01   3.932760e+00
  8.780904e-03  -4.329722e-07   1.750496e+03   3.057951e-01   8.665343e-01   3.940702e+00
  2.405953e-02  -4.539625e-07   1.661021e+03   7.950461e-01   8.307599e-01   1.911769e+00
  2.772311e-02   3.012429e-07   1.325142e+03   7.308604e-01   8.326140e-01   1.973362e+00
  2.462500e-02   8.578219e-07   1.714058e+03   8.397149e-01   9.020857e-01   1.981986e+00
  2.457024e-02  -7.442577e-07   1.717559e+03   8.395592e-01   9.020545e-01   1.988920e+00
  2.752967e-02   3.920720e-07   1.336192e+03   7.318129e-01   8.331208e-01   1.971634e+00
  2.403349e-02   1.209046e-06   1.661784e+03   7.945507e-01   8.300661e-01   1.909160e+00
  8.912386e-03   1.243538e-06   1.734971e+03   3.076212e-01   8.669256e-01   3.921299e+00
  8.816300e-03  -5.378101e-07   1.766322e+03   3.098035e-01   8.638053e-01   3.915794e+00
  2.403135e-02   6.349004e-07   1.665279e+03   7.961507e-01   8.318436e-01   1.912622e+00
  2.766129e-02   5.889705e-08   1.332609e+03   7.333402e-01   8.342093e-01   1.976423e+00
  2.457332e-02   3.282164e-07   1.715933e+03   8.388692e-01   9.015425e-01   1.981668e+00
  2.462729e-02  -4.304673e-07   1.711924e+03   8.387476e-01   9.014975e-01   1.980812e+00
  2.772887e-02   1.359883e-06   1.324656e+03   7.307447e-01   8.329155e-01   1.978786e+00
  2.408414e-02   2.632501e-07   1.660050e+03   7.953941e-01   8.301572e-01   1.912853e+00
  8.721663e-03  -4.618452e-07   1.724082e+03   2.991489e-01   8.644527e-01   3.963638e+00
  8.812185e-03   5.957409e-07   1.742158e+03   3.054228e-01   8.656257e-01   3.937180e+00
  2.406213e-02   6.438160e-07   1.660028e+03   7.946569e-01   8.304082e-01   1.908454e+00
  2.769978e-02   1.235485e-06   1.327613e+03   7.316073e-01   8.330899e-01   1.976807e+00
  2.459270e-02   1.722676e-06   1.713710e+03   8.384434e-01   9.013571e-01   1.981649e+00
  2.458357e-02   4.903168e-07   1.718305e+03   8.403796e-01   9.026039e-01   1.983220e+00
  2.767027e-02  -1.509789e-06   1.330360e+03   7.323399e-01   8.337956e-01   1.974460e+00
  2.404519e-02  -3.886296e-07   1.663864e+03   7.959324e-01   8.316764e-01   1.912000e+00
  8.837454e-03   1.855221e-07   1.758722e+03   3.092107e-01   8.635952e-01   3.928556e+00
  8.804939e-03  -6.364761e-07   1.768785e+03   3.098358e-01   8.669684e-01   3.919719e+00
  2.406814e-02  -8.384094e-07   1.662425e+03   7.960031e-01   8.316228e-01   1.908987e+00
  2.765251e-02   3.527902e-07   1.332374e+03   7.329780e-01   8.339690e-01   1.973715e+00
  2.466897e-02   1.698509e-08   1.710286e+03   8.393632e-01   9.018929e-01   1.981901e+00
  2.464469e-02   1.176298e-06   1.711218e+03   8.389940e-01   9.018563e-01   1.983612e+00
  2.768854e-02  -1.921892e-08   1.327178e+03   7.310705e-01   8.326596e-01   1.977107e+00
  2.409495e-02   3.583075e-07   1.660168e+03   7.958076e-01   8.311609e-01   1.909632e+00
  8.687870e-03  -1.585613e-07   1.755917e+03   3.034921e-01   8.656782e-01   3.947913e+00
  8.853566e-03   1.688706e-07   1.721193e+03   3.031642e-01   8.699227e-01   3.951145e+00
  2.405123e-02  -4.284012e-08   1.661950e+03   7.952165e-01   8.302513e-01   1.909322e+00
  2.765285e-02   5.876243e-07   1.329572e+03   7.314452e-01   8.331532e-01   1.977037e+00
  2.458866e-02   4.130267e-08   1.714920e+03   8.388975e-01   9.016057e-01   1.981451e+00
  2.461701e-02   5.912756e-07   1.715726e+03   8.402593e-01   9.027604e-01   1.982113e+00
  2.759351e-02  -4.711050e-07   1.334863e+03   7.327804e-01   8.333588e-01   1.973389e+00
  2.404490e-02   5.849380e-08   1.664565e+03   7.962583e-01   8.325596e-01   1.913612e+00
  8.838290e-03   4.154673e-07   1.782786e+03   3.134712e-01   8.623009e-01   3.891192e+00
  8.750964e-03   7.889198e-07   1.744233e+03   3.036621e-01   8.663155e-01   3.955913e+00
  2.409876e-02   2.886770e-07   1.659909e+03   7.958099e-01   8.310132e-01   1.912543e+00
  2.762515e-02   6.535533e-07   1.331941e+03   7.320144e-01   8.336167e-01   1.975483e+00
  2.464108e-02   1.671023e-07   1.709685e+03   8.381199e-01   9.011078e-01   1.983523e+00
  2.458784e-02   6.357415e-07   1.716012e+03   8.394036e-01   9.024040e-01   1.983891e+00
  2.771024e-02  -1.259416e-07   1.324470e+03   7.301511e-01   8.323285e-01   1.977718e+00
  2.409827e-02   1.376533e-07   1.658539e+03   7.951366e-01   8.300886e-01   1.913006e+00
  8.721577e-03   1.583586e-06   1.725467e+03   2.993863e-01   8.671351e-01   3.975741e+00
  8.790882e-03   4.857420e-07   1.751084e+03   3.062454e-01   8.612908e-01   3.941052e+00
  2.405805e-02  -5.008176e-07   1.661707e+03   7.953257e-01   8.313475e-01   1.915274e+00
  2.768957e-02  -1.921699e-07   1.327870e+03   7.314790e-01   8.333834e-01   1.976601e+00
  2.459010e-02  -1.943305e-07   1.715669e+03   8.393129e-01   9.018325e-01   1.985047e+00
  2.455997e-02   8.878229e-07   1.717730e+03   8.392915e-01   9.023376e-01   1.982351e+00
  2.759767e-02   1.832864e-07   1.336974e+03   7.340499e-01   8.344929e-01   1.975160e+00
  2.402264e-02   7.925588e-07   1.667479e+03   7.969140e-01   8.325803e-01   1.912679e+00
  8.820238e-03   6.289498e-07   1.801399e+03   3.160970e-01   8.635321e-01   3.888069e+00
  8.727156e-03   3.159846e-07   1.791865e+03   3.111059e-01   8.643238e-01   3.923648e+00
  2.409267e-02   1.295837e-08   1.660534e+03   7.959082e-01   8.319234e-01   1.912252e+00
  2.762126e-02   3.668430e-08   1.334887e+03   7.335303e-01   8.348406e-01   1.976443e+00
  2.462044e-02  -6.362484e-07   1.711793e+03   8.384502e-01   9.012656e-01   1.981142e+00
  2.462964e-02  -2.110017e-07   1.713419e+03   8.395602e-01   9.022859e-01   1.984217e+00
  2.771296e-02   1.403228e-06   1.324227e+03   7.300886e-01   8.315747e-01   1.973621e+00
  2.408475e-02  -2.242728e-07   1.656638e+03   7.937794e-01   8.293983e-01   1.910356e+00
  8.778559e-03   5.595351e-07   1.700444e+03   2.969722e-01   8.645956e-01   3.956318e+00
  8.842191e-03  -1.519623e-07   1.785712e+03   3.141243e-01   8.688715e-01   3.883043e+00
  2.405802e-02   1.325430e-07   1.662476e+03   7.956925e-01   8.315214e-01   1.910788e+00
  2.761789e-02   3.073167e-07   1.333766e+03   7.328249e-01   8.343804e-01   1.971555e+00
  2.463571e-02  -1.241343e-06   1.713118e+03   8.396195e-01   9.020652e-01   1.981571e+00
  2.459181e-02   2.495979e-07   1.715479e+03   8.392786e-01   9.015430e-01   1.983133e+00
  2.763597e-02   3.369046e-07   1.333280e+03   7.330376e-01   8.341311e-01   1.977480e+00
  2.402566e-02  -3.166822e-07   1.667403e+03   7.969776e-01   8.324869e-01   1.914557e+00
  8.802236e-03  -6.535686e-07   1.770510e+03   3.100427e-01   8.663613e-01   3.931740e+00
  8.748019e-03  -2.627894e-06   1.699132e+03   2.957106e-01   8.678535e-01   3.976972e+00
  2.412550e-02  -3.624481e-07   1.656229e+03   7.949265e-01   8.295699e-01   1.914930e+00
  2.765207e-02  -7.832863e-07   1.328948e+03   7.310814e-01   8.331864e-01   1.975201e+00
  2.460238e-02   2.534442e-07   1.713856e+03   8.388446e-01   9.016016e-01   1.982483e+00
  2.464413e-02  -1.143188e-06   1.710797e+03   8.387686e-01   9.011467e-01   1.985115e+00
  2.766768e-02  -4.790422e-07   1.327496e+03   7.306949e-01   8.325981e-01   1.974128e+00
  2.408730e-02  -6.065315e-08   1.657185e+03   7.941256e-01   8.293778e-01   1.910032e+00
  8.773425e-03  -2.302735e-07   1.715432e+03   2.994145e-01   8.635153e-01   3.947907e+00
  8.767835e-03  -8.945234e-07   1.776382e+03   3.098552e-01   8.568049e-01   3.924895e+00
  2.411367e-02  -1.063044e-08   1.659651e+03   7.961785e-01   8.324344e-01   1.920071e+00
  2.767637e-02  -1.178185e-06   1.330237e+03   7.324337e-01   8.332123e-01   1.976678e+00
  2.458527e-02   7.608498e-07   1.715532e+03   8.390810e-01   9.017348e-01   1.982639e+00
  2.463429e-02  -5.850666e-07   1.713371e+03   8.396951e-01   9.022170e-01   1.985188e+00
  2.767183e-02  -2.242589e-07   1.329578e+03   7.319509e-01   8.336110e-01   1.977234e+00
  2.404239e-02  -3.084351e-08   1.664648e+03   7.962147e-01   8.319987e-01   1.911806e+00
  8.793127e-03   2.937630e-07   1.754895e+03   3.069902e-01   8.653823e-01   3.936906e+00
  8.773936e-03   5.295592e-07   1.786844e+03   3.118970e-01   8.612897e-01   3.910224e+00
  2.411640e-02  -1.279435e-08   1.658612e+03   7.957698e-01   8.319365e-01   1.912628e+00
  2.766905e-02   1.729587e-07   1.330834e+03   7.325684e-01   8.331528e-01   1.976480e+00
  2.460528e-02  -4.846739e-07   1.713434e+03   8.387370e-01   9.015500e-01   1.978771e+00
  2.459688e-02   4.837514e-07   1.713968e+03   8.387123e-01   9.018755e-01   1.984226e+00
  2.766855e-02  -4.556231e-07   1.328773e+03   7.314211e-01   8.329449e-01   1.973469e+00
  2.407408e-02  -8.824841e-07   1.657895e+03   7.940299e-01   8.294724e-01   1.908773e+00
  8.782142e-03  -9.827261e-07   1.732706e+03   3.027301e-01   8.671699e-01   3.934849e+00
  8.880062e-03  -1.357689e-07   1.789773e+03   3.161871e-01   8.663844e-01   3.896540e+00
  2.407622e-02   5.594205e-07   1.662141e+03   7.961340e-01   8.321630e-01   1.913881e+00
  2.767084e-02  -5.674485e-07   1.331756e+03   7.331236e-01   8.341511e-01   1.974037e+00
  2.462320e-02  -1.401769e-07   1.712992e+03   8.391314e-01   9.019480e-01   1.980845e+00
  2.460930e-02   2.258034e-07   1.715943e+03   8.401024e-01   9.020324e-01   1.983687e+00
  2.766149e-02  -1.170748e-07   1.327866e+03   7.307349e-01   8.323642e-01   1.976551e+00
  2.408356e-02  -1.573108e-07   1.658568e+03   7.946651e-01   8.301168e-01   1.910559e+00
  8.771729e-03  -5.477207e-07   1.714475e+03   2.991896e-01   8.674804e-01   3.963229e+00
  8.819719e-03   5.332928e-07   1.780250e+03   3.123675e-01   8.678272e-01   3.901963e+00
  2.405492e-02   2.128849e-07   1.662918e+03   7.958016e-01   8.314593e-01   1.909717e+00
  2.758810e-02   7.061909e-09   1.335797e+03   7.331495e-01   8.345372e-01   1.975894e+00
  2.460442e-02   6.714960e-07   1.712516e+03   8.382587e-01   9.014507e-01   1.978616e+00
  2.451865e-02   2.757928e-07   1.722121e+03   8.400214e-01   9.020816e-01   1.982688e+00
  2.773469e-02  -7.703329e-08   1.323690e+03   7.303650e-01   8.325122e-01   1.977042e+00
  2.406214e-02   2.112303e-07   1.660729e+03   7.949926e-01   8.304368e-01   1.912462e+00
  8.711210e-03  -5.913225e-07   1.723614e+03   2.987093e-01   8.642869e-01   3.969565e+00
  8.889990e-03   2.273452e-07   1.737713e+03   3.073331e-01   8.715030e-01   3.935825e+00
  2.409957e-02   1.509939e-07   1.658681e+03   7.952474e-01   8.304743e-01   1.911026e+00
  2.765651e-02   1.758892e-07   1.331977e+03   7.328655e-01   8.335790e-01   1.975773e+00
  2.457806e-02   6.709527e-07   1.716145e+03   8.391348e-01   9.020973e-01   1.981896e+00
  2.457603e-02  -1.068859e-07   1.715721e+03   8.388580e-01   9.020437e-01   1.984594e+00
  2.771304e-02   1.220656e-06   1.326387e+03   7.312813e-01   8.330711e-01   1.976609e+00
  2.411231e-02  -3.477325e-07   1.658885e+03   7.957657e-01   8.312569e-01   1.912741e+00
  8.740820e-03  -1.438608e-07   1.746719e+03   3.037424e-01   8.649432e-01   3.955486e+00
  8.784495e-03   1.570048e-06   1.735525e+03   3.033038e-01   8.636344e-01   3.953661e+00
  2.394854e-02   3.332317e-07   1.669630e+03   7.954803e-01   8.309048e-01   1.914872e+00
  2.762154e-02   2.691248e-07   1.333636e+03   7.328505e-01   8.337367e-01   1.975688e+00
  2.477833e-02   9.715552e-07   1.703251e+03   8.396160e-01   9.023126e-01   1.984652e+00
  2.454793e-02  -4.267640e-07   1.718456e+03   8.392348e-01   9.013430e-01   1.983432e+00
  2.766894e-02  -3.002666e-07   1.328255e+03   7.311460e-01   8.325467e-01   1.976063e+00
  2.408813e-02   2.684819e-07   1.660501e+03   7.957422e-01   8.310243e-01   1.910834e+00
  8.699160e-03  -6.852209e-07   1.761581e+03   3.048668e-01   8.653278e-01   3.937217e+00
  8.793543e-03   1.875207e-07   1.776622e+03   3.108058e-01   8.612996e-01   3.921264e+00
  2.408505e-02  -1.896554e-08   1.659963e+03   7.953828e-01   8.317733e-01   1.914261e+00
  2.760230e-02  -1.530361e-06   1.333411e+03   7.322166e-01   8.339899e-01   1.978773e+00
  2.462700e-02   4.421860e-07   1.713238e+03   8.393815e-01   9.016649e-01   1.983775e+00
  2.473139e-02   1.678460e-06   1.706058e+03   8.394070e-01   9.022583e-01   1.986402e+00
  2.764673e-02  -5.969719e-07   1.330795e+03   7.319562e-01   8.336614e-01   1.976465e+00
  2.409131e-02   1.974206e-07   1.658595e+03   7.949336e-01   8.304509e-01   1.911636e+00
  8.765004e-03   1.333129e-07   1.741654e+03   3.036995e-01   8.641991e-01   3.938329e+00
  8.861389e-03   2.907619e-07   1.781781e+03   3.141132e-01   8.691368e-01   3.908185e+00
  2.399445e-02   8.493330e-08   1.669574e+03   7.969782e-01   8.323872e-01   1.910028e+00
  2.754376e-02   4.923012e-07   1.336465e+03   7.323368e-01   8.329008e-01   1.975313e+00
  2.453512e-02  -1.404942e-07   1.719455e+03   8.392845e-01   9.015940e-01   1.980925e+00
  2.434391e-02   1.487528e-06   1.733068e+03   8.393363e-01   9.016475e-01   1.981946e+00
  2.773190e-02   6.719370e-08   1.326348e+03   7.317574e-01   8.330109e-01   1.974181e+00
  2.409124e-02  -8.249254e-07   1.658673e+03   7.949689e-01   8.306354e-01   1.912102e+00
  8.710908e-03  -1.957031e-07   1.759259e+03   3.048760e-01   8.662675e-01   3.931752e+00
  8.750424e-03  -2.895936e-07   1.758752e+03   3.061709e-01   8.593965e-01   3.929035e+00
  2.410095e-02  -4.579943e-07   1.659732e+03   7.957967e-01   8.318064e-01   1.917127e+00
  2.771841e-02  -1.566415e-06   1.326794e+03   7.316474e-01   8.334708e-01   1.976569e+00
  2.463105e-02  -1.777175e-07   1.712833e+03   8.393210e-01   9.019599e-01   1.982321e+00
  2.463037e-02   5.930871e-07   1.708190e+03   8.370228e-01   9.005063e-01   1.983057e+00
  2.769749e-02  -1.470111e-07   1.325990e+03   7.306522e-01   8.326459e-01   1.973657e+00
  2.409981e-02   2.456651e-07   1.656528e+03   7.942229e-01   8.297001e-01   1.909262e+00
  8.758973e-03   1.443847e-06   1.710922e+03   2.981354e-01   8.658665e-01   3.953407e+00
  8.886333e-03   9.247826e-08   1.808839e+03   3.197810e-01   8.639705e-01   3.881595e+00
  2.404271e-02   1.563884e-08   1.665165e+03   7.964728e-01   8.327184e-01   1.911323e+00
  2.758998e-02   5.679810e-07   1.334836e+03   7.326715e-01   8.334687e-01   1.972832e+00
  2.462065e-02   7.158033e-07   1.715547e+03   8.402957e-01   9.027807e-01   1.984542e+00
  2.463917e-02   7.221874e-08   1.711580e+03   8.389834e-01   9.016447e-01   1.986790e+00
  2.765700e-02  -8.428159e-07   1.326890e+03   7.300796e-01   8.322132e-01   1.974991e+00
  2.406925e-02  -2.749903e-07   1.656938e+03   7.934121e-01   8.288769e-01   1.908259e+00
  8.702922e-03  -1.087548e-06   1.721821e+03   2.981147e-01   8.663550e-01   3.962072e+00
  8.800704e-03   5.997451e-07   1.752218e+03   3.067861e-01   8.609156e-01   3.922098e+00
  2.404078e-02  -4.340984e-07   1.663682e+03   7.956996e-01   8.314151e-01   1.916832e+00
  2.772400e-02   1.076138e-06   1.322276e+03   7.293031e-01   8.317215e-01   1.973712e+00
  2.467393e-02  -1.354734e-06   1.706448e+03   8.376480e-01   9.006003e-01   1.982828e+00
  2.456493e-02  -7.720131e-07   1.719547e+03   8.403488e-01   9.024882e-01   1.986763e+00
  2.775467e-02   8.766411e-07   1.321629e+03   7.297529e-01   8.320488e-01   1.975862e+00
  2.411059e-02  -2.149039e-07   1.653751e+03   7.932465e-01   8.286756e-01   1.908594e+00
  8.731628e-03   5.784735e-07   1.706731e+03   2.964766e-01   8.649492e-01   3.967303e+00
  5.987092e-03   3.453669e-07   7.328148e-07   8.728513e-11   8.728513e-01   6.094567e+00
  2.523694e-02   3.567473e-07   1.545471e+03   7.759395e-01   7.852502e-01   2.406051e+00
  3.058702e-02   1.283561e-07   1.083773e+03   6.594860e-01   7.924090e-01   2.551661e+00
  2.502460e-02  -8.284784e-07   1.665730e+03   8.292811e-01   8.962156e-01   2.551712e+00
  2.497183e-02  -1.072683e-06   1.669204e+03   8.292583e-01   8.961379e-01   2.551976e+00
  3.082446e-02   2.040723e-07   1.068265e+03   6.550955e-01   7.897716e-01   2.553446e+00
  2.524003e-02  -1.319923e-07   1.545520e+03   7.760586e-01   7.835676e-01   2.401596e+00
  5.891813e-03  -1.842283e-07   7.404436e-07   8.679027e-11   8.679027e-01   6.177668e+00
  6.024597e-03   1.057198e-08   7.257602e-07   8.698639e-11   8.698639e-01   6.114887e+00
  2.515134e-02  -8.131394e-07   1.550209e+03   7.756781e-01   7.841842e-01   2.402433e+00
  3.068227e-02   1.461872e-06   1.075272e+03   6.563506e-01   7.905736e-01   2.545371e+00
  2.497447e-02  -7.534773e-08   1.667363e+03   8.284316e-01   8.957162e-01   2.550898e+00
  2.498627e-02  -2.375251e-07   1.667453e+03   8.288675e-01   8.961959e-01   2.554237e+00
  3.062957e-02   7.359925e-07   1.081952e+03   6.592939e-01   7.923183e-01   2.547614e+00
  2.519588e-02   7.339407e-07   1.550357e+03   7.771258e-01   7.875321e-01   2.411178e+00
  6.089436e-03   1.697268e-06   7.123432e-07   8.629716e-11   8.629716e-01   6.027999e+00
  5.957506e-03  -5.352972e-07   7.374773e-07   8.740642e-11   8.740642e-01   6.090319e+00
  2.523256e-02  -1.649549e-07   1.544404e+03   7.752689e-01   7.845707e-01   2.404744e+00
  3.054177e-02  -4.378082e-07   1.085151e+03   6.593481e-01   7.923774e-01   2.555318e+00
  2.498979e-02   7.037236e-07   1.666041e+03   8.282825e-01   8.955128e-01   2.553905e+00
  2.502804e-02   1.204487e-06   1.666943e+03   8.299990e-01   8.962563e-01   2.553305e+00
  3.080103e-02   2.834785e-07   1.068293e+03   6.546146e-01   7.895647e-01   2.554172e+00
  2.520505e-02   2.262925e-07   1.548177e+03   7.763157e-01   7.843055e-01   2.404274e+00
  5.933943e-03   7.558170e-07   7.323444e-07   8.645475e-11   8.645475e-01   6.156799e+00
  6.046745e-03  -6.607928e-07   7.236014e-07   8.704648e-11   8.704648e-01   6.120030e+00
  2.518644e-02  -6.385956e-07   1.544560e+03   7.739302e-01   7.823552e-01   2.402416e+00
  3.060564e-02  -2.393176e-06   1.077313e+03   6.559539e-01   7.902125e-01   2.545758e+00
  2.500646e-02  -2.592747e-07   1.667886e+03   8.297528e-01   8.965006e-01   2.553498e+00
  2.498768e-02  -3.546211e-07   1.668057e+03   8.292147e-01   8.961999e-01   2.553252e+00
  3.067936e-02   3.512796e-06   1.080487e+03   6.594712e-01   7.920852e-01   2.554280e+00
  2.520793e-02   4.412850e-07   1.551690e+03   7.781661e-01   7.899319e-01   2.414597e+00
  6.061721e-03   2.252567e-06   7.115429e-07   8.580787e-11   8.580787e-01   5.997574e+00
  5.881681e-03  -1.041878e-06   7.364148e-07   8.616961e-11   8.616961e-01   6.177648e+00
  2.523482e-02   6.460891e-07   1.544834e+03   7.755540e-01   7.837933e-01   2.407517e+00
  3.071057e-02  -1.900458e-06   1.073055e+03   6.556019e-01   7.901666e-01   2.555398e+00
  2.495634e-02   5.580878e-07   1.670349e+03   8.293124e-01   8.961635e-01   2.549660e+00
  2.498766e-02   1.668765e-06   1.667290e+03   8.288328e-01   8.959361e-01   2.551973e+00
  3.062636e-02  -6.129462e-08   1.079114e+03   6.574959e-01   7.909150e-01   2.553804e+00
  2.514445e-02  -7.526102e-07   1.551262e+03   7.759926e-01   7.858069e-01   2.407080e+00
  6.066301e-03   6.130620e-07   7.213867e-07   8.706071e-11   8.706071e-01   6.024496e+00
  6.003041e-03   7.080839e-07   7.207598e-07   8.607798e-11   8.607798e-01   6.051152e+00
  2.520043e-02   1.201004e-06   1.548641e+03   7.764060e-01   7.866283e-01   2.409653e+00
  3.066922e-02  -4.913846e-07   1.076795e+03   6.570007e-01   7.905424e-01   2.547516e+00
  2.486385e-02   5.279913e-07   1.675737e+03   8.289044e-01   8.958152e-01   2.548079e+00
  2.501083e-02   3.788088e-07   1.666060e+03   8.289889e-01   8.957223e-01   2.551070e+00
  3.063603e-02  -5.511556e-07   1.081991e+03   6.594570e-01   7.921215e-01   2.546935e+00
  2.519977e-02  -9.818608e-07   1.549719e+03   7.769260e-01   7.862998e-01   2.408295e+00
  6.084148e-03  -4.067744e-07   7.226650e-07   8.747158e-11   8.747158e-01   6.033559e+00
  5.930489e-03  -6.425598e-07   7.410499e-07   8.743153e-11   8.743153e-01   6.119432e+00
  2.522551e-02  -2.989780e-07   1.545336e+03   7.755199e-01   7.834325e-01   2.400008e+00
  3.081819e-02   6.588945e-07   1.069809e+03   6.559088e-01   7.903179e-01   2.551343e+00
  2.487374e-02  -1.345133e-07   1.673085e+03   8.279214e-01   8.954416e-01   2.552200e+00
  2.492237e-02  -1.621899e-06   1.673350e+03   8.296715e-01   8.964499e-01   2.549492e+00
  3.065163e-02  -4.561590e-07   1.077239e+03   6.568947e-01   7.909787e-01   2.547303e+00
  2.517966e-02  -5.984066e-07   1.548314e+03   7.756021e-01   7.833577e-01   2.401391e+00
  6.088309e-03  -2.916701e-07   7.214500e-07   8.738424e-11   8.738424e-01   6.134213e+00
  5.982803e-03   1.105642e-06   7.302622e-07   8.691879e-11   8.691879e-01   6.108296e+00
  2.526128e-02   7.817205e-07   1.546227e+03   7.770676e-01   7.851076e-01   2.405121e+00
  3.072365e-02   2.680371e-06   1.073614e+03   6.562228e-01   7.905308e-01   2.552252e+00
  2.492974e-02  -3.182545e-07   1.674163e+03   8.303205e-01   8.967098e-01   2.552069e+00
  2.497334e-02  -3.963227e-07   1.669179e+03   8.292960e-01   8.962052e-01   2.553134e+00
  3.077305e-02  -3.057199e-06   1.074138e+03   6.575985e-01   7.911744e-01   2.552291e+00
  2.518800e-02  -7.120924e-07   1.547158e+03   7.752798e-01   7.852104e-01   2.408193e+00
  5.974982e-03  -1.566235e-06   7.265966e-07   8.636945e-11   8.636945e-01   6.115345e+00
  5.950701e-03   1.826059e-06   7.334313e-07   8.682757e-11   8.682757e-01   6.148476e+00
  2.518861e-02  -1.369319e-07   1.547265e+03   7.753521e-01   7.834910e-01   2.404468e+00
  3.077439e-02   4.703830e-07   1.069229e+03   6.546215e-01   7.895594e-01   2.555773e+00
  2.498241e-02  -7.596980e-07   1.670295e+03   8.301524e-01   8.967012e-01   2.548901e+00
  2.498551e-02  -6.580960e-07   1.667817e+03   8.290231e-01   8.960354e-01   2.555402e+00
  3.056982e-02  -1.334681e-06   1.084148e+03   6.593434e-01   7.920804e-01   2.547462e+00
  2.520614e-02  -5.394056e-08   1.545551e+03   7.750324e-01   7.853057e-01   2.407724e+00
  6.105290e-03  -1.867147e-06   7.157759e-07   8.693878e-11   8.693878e-01   6.057402e+00
  5.943583e-03  -1.032027e-06   7.326758e-07   8.663439e-11   8.663439e-01   6.092080e+00
  2.524194e-02  -5.863698e-07   1.545379e+03   7.760467e-01   7.858378e-01   2.405401e+00
  3.074358e-02  -7.230336e-07   1.075048e+03   6.575251e-01   7.910762e-01   2.552368e+00
  2.499740e-02   6.592560e-08   1.666939e+03   8.289814e-01   8.959507e-01   2.547172e+00
  2.497529e-02  -1.357623e-07   1.666228e+03   8.278948e-01   8.952536e-01   2.558773e+00
  3.072240e-02  -8.697615e-07   1.074997e+03   6.570410e-01   7.910724e-01   2.551601e+00
  2.525740e-02  -1.563928e-06   1.544801e+03   7.762313e-01   7.844488e-01   2.404684e+00
  5.993139e-03  -2.088493e-06   7.280878e-07   8.680970e-11   8.680970e-01   6.125190e+00
  6.019430e-03   1.031111e-06   7.298592e-07   8.740265e-11   8.740265e-01   6.113810e+00
  2.520713e-02   5.311000e-07   1.547943e+03   7.762622e-01   7.842727e-01   2.403341e+00
  3.071080e-02   8.498613e-07   1.075694e+03   6.572187e-01   7.911421e-01   2.553205e+00
  2.502760e-02   2.088130e-07   1.665209e+03   8.291214e-01   8.961390e-01   2.551360e+00
  2.497670e-02   1.145194e-06   1.669410e+03   8.295223e-01   8.963124e-01   2.556370e+00
  3.061135e-02  -4.096565e-07   1.085001e+03   6.607587e-01   7.930650e-01   2.551684e+00
  2.523473e-02   2.551153e-07   1.546516e+03   7.763962e-01   7.861885e-01   2.405689e+00
  6.089300e-03  -6.100463e-07   7.155428e-07   8.668283e-11   8.668283e-01   6.065454e+00
  5.941759e-03  -1.116657e-06   7.326973e-07   8.661034e-11   8.661034e-01   6.118920e+00
  2.523551e-02  -6.213343e-07   1.545652e+03   7.759860e-01   7.850133e-01   2.404893e+00
  3.073509e-02  -8.691987e-08   1.075674e+03   6.577262e-01   7.913620e-01   2.549069e+00
  2.496126e-02   9.011398e-08   1.670712e+03   8.296564e-01   8.964111e-01   2.551674e+00
  2.497980e-02  -4.299750e-08   1.670362e+03   8.300985e-01   8.967032e-01   2.559497e+00
  3.069016e-02   1.717636e-06   1.076730e+03   6.574100e-01   7.910850e-01   2.551946e+00
  2.520527e-02   1.664779e-08   1.547993e+03   7.762301e-01   7.848878e-01   2.401397e+00
  6.025617e-03   1.891343e-07   7.269655e-07   8.714560e-11   8.714560e-01   6.096127e+00
  6.057245e-03   3.092301e-07   7.191399e-07   8.666000e-11   8.666000e-01   6.052161e+00
  2.521145e-02   1.686686e-07   1.548169e+03   7.765084e-01   7.859109e-01   2.405733e+00
  3.062195e-02  -2.726006e-08   1.081824e+03   6.590518e-01   7.920757e-01   2.548456e+00
  2.498882e-02  -8.519507e-08   1.668754e+03   8.295989e-01   8.963622e-01   2.550912e+00
  2.499119e-02   6.583363e-07   1.665735e+03   8.281766e-01   8.953778e-01   2.555991e+00
  3.058524e-02   1.327257e-06   1.080537e+03   6.574786e-01   7.910388e-01   2.553971e+00
  2.520609e-02   4.233279e-07   1.550435e+03   7.774799e-01   7.873657e-01   2.409008e+00
  6.062097e-03   1.128726e-09   7.169049e-07   8.645987e-11   8.645987e-01   6.064068e+00
  5.968672e-03  -5.505302e-07   7.311777e-07   8.682219e-11   8.682219e-01   6.157925e+00
  2.523027e-02   1.676571e-07   1.546759e+03   7.763803e-01   7.841170e-01   2.405428e+00
  3.074980e-02   2.137633e-08   1.071358e+03   6.554009e-01   7.902132e-01   2.553573e+00
  2.497764e-02   2.081055e-07   1.668945e+03   8.293228e-01   8.962815e-01   2.549639e+00
  2.500320e-02   5.592052e-08   1.665656e+03   8.285355e-01   8.957080e-01   2.546673e+00
  3.051141e-02  -5.114296e-07   1.084454e+03   6.582691e-01   7.912909e-01   2.548733e+00
  2.517013e-02   1.635662e-06   1.549495e+03   7.758997e-01   7.856681e-01   2.406344e+00
  6.076858e-03   4.548297e-07   7.201620e-07   8.706416e-11   8.706416e-01   6.046690e+00
  6.005967e-03   3.440797e-07   7.225235e-07   8.633066e-11   8.633066e-01   6.050029e+00
  2.520277e-02   3.300370e-07   1.548216e+03   7.762649e-01   7.872632e-01   2.407145e+00
  3.062323e-02   2.403899e-07   1.082712e+03   6.596201e-01   7.923640e-01   2.554833e+00
  2.492427e-02   3.041821e-07   1.671371e+03   8.287536e-01   8.958798e-01   2.551341e+00
  2.499903e-02  -1.343480e-08   1.669160e+03   8.301396e-01   8.968145e-01   2.549554e+00
  3.067466e-02  -6.397024e-07   1.077356e+03   6.574595e-01   7.911218e-01   2.547056e+00
  2.520157e-02   5.168161e-07   1.546455e+03   7.753452e-01   7.841975e-01   2.403556e+00
  6.060324e-03  -1.400135e-06   7.224126e-07   8.709863e-11   8.709863e-01   6.100773e+00
  6.064933e-03  -8.199365e-07   7.244138e-07   8.740632e-11   8.740632e-01   6.058884e+00
  2.520113e-02  -9.890872e-08   1.546023e+03   7.751151e-01   7.842799e-01   2.402644e+00
  3.063373e-02  -1.764298e-06   1.077864e+03   6.568917e-01   7.908456e-01   2.546333e+00
  2.495815e-02   1.355232e-08   1.668769e+03   8.285884e-01   8.957617e-01   2.550315e+00
  2.496437e-02  -1.053728e-07   1.670680e+03   8.297440e-01   8.967049e-01   2.547183e+00
  3.057665e-02   1.343427e-06   1.080181e+03   6.570775e-01   7.908857e-01   2.549407e+00
  2.513677e-02   2.808614e-07   1.551221e+03   7.757347e-01   7.847411e-01   2.406376e+00
  6.053945e-03   1.897570e-06   7.239029e-07   8.718645e-11   8.718645e-01   6.067123e+00
  5.997550e-03  -1.226697e-06   7.318370e-07   8.732093e-11   8.732093e-01   6.109662e+00
  2.520168e-02  -9.620839e-07   1.545837e+03   7.750388e-01   7.835028e-01   2.400821e+00
  3.060021e-02  -7.062442e-08   1.080105e+03   6.575376e-01   7.915207e-01   2.548457e+00
  2.495165e-02  -2.004035e-07   1.671028e+03   8.294940e-01   8.962346e-01   2.551453e+00
  2.501196e-02  -2.668859e-07   1.667380e+03   8.296835e-01   8.968702e-01   2.553132e+00
  3.077650e-02  -1.032370e-06   1.069770e+03   6.549976e-01   7.897327e-01   2.547030e+00
  2.521916e-02  -9.261005e-07   1.543989e+03   7.746489e-01   7.822356e-01   2.402356e+00
  6.027355e-03  -5.556606e-07   7.300183e-07   8.753680e-11   8.753680e-01   6.137575e+00
  6.037038e-03  -2.855743e-07   7.274507e-07   8.736906e-11   8.736906e-01   6.131693e+00
  2.519016e-02  -4.523201e-07   1.546409e+03   7.749709e-01   7.829263e-01   2.402094e+00
  3.070429e-02  -4.540456e-07   1.072575e+03   6.551742e-01   7.900377e-01   2.549725e+00
  2.494104e-02  -3.633319e-07   1.671338e+03   8.292948e-01   8.960374e-01   2.551954e+00
  2.491696e-02   2.174605e-07   1.670616e+03   8.281365e-01   8.958940e-01   2.551693e+00
  3.073248e-02  -1.727137e-07   1.074030e+03   6.566653e-01   7.910620e-01   2.550243e+00
  2.521078e-02   3.563206e-07   1.546693e+03   7.757478e-01   7.832839e-01   2.401754e+00
  5.946165e-03  -4.803895e-07   7.346053e-07   8.690027e-11   8.690027e-01   6.180914e+00
  5.936070e-03  -1.308162e-06   7.391919e-07   8.729441e-11   8.729441e-01   6.210485e+00
  2.524634e-02   2.391770e-07   1.543113e+03   7.750440e-01   7.821509e-01   2.400224e+00
  3.071660e-02  -3.692939e-07   1.073984e+03   6.562981e-01   7.908358e-01   2.552978e+00
  2.495581e-02   6.272074e-07   1.670986e+03   8.296112e-01   8.963513e-01   2.553770e+00
  2.487172e-02   4.526247e-07   1.675736e+03   8.291661e-01   8.963950e-01   2.548571e+00
  3.074766e-02   1.019322e-06   1.071516e+03   6.554522e-01   7.900316e-01   2.553134e+00
  2.520292e-02  -8.364560e-07   1.548434e+03   7.763788e-01   7.848754e-01   2.407310e+00
  5.984032e-03   1.130323e-06   7.244749e-07   8.624767e-11   8.624767e-01   6.114286e+00
  5.975866e-03   4.249134e-07   7.214237e-07   8.576723e-11   8.576723e-01   6.150649e+00
  2.523900e-02   2.944381e-07   1.548763e+03   7.776553e-01   7.866436e-01   2.410646e+00
  3.079281e-02   9.618920e-07   1.070685e+03   6.559050e-01   7.900555e-01   2.557604e+00
  2.493712e-02   4.103674e-08   1.671400e+03   8.291956e-01   8.962192e-01   2.551255e+00
  2.492199e-02  -6.469591e-08   1.671879e+03   8.289297e-01   8.957937e-01   2.551666e+00
  3.074586e-02  -7.385842e-07   1.073302e+03   6.565057e-01   7.905907e-01   2.552214e+00
  2.524002e-02   3.539380e-09   1.543748e+03   7.751686e-01   7.837999e-01   2.402087e+00
  5.916122e-03  -6.875119e-07   7.384920e-07   8.691867e-11   8.691867e-01   6.143194e+00
  5.932437e-03  -1.989931e-08   7.308521e-07   8.625669e-11   8.625669e-01   6.069625e+00
  2.524379e-02   2.892680e-07   1.546460e+03   7.766467e-01   7.875272e-01   2.409339e+00
  3.070878e-02  -4.525411e-07   1.078458e+03   6.588639e-01   7.916040e-01   2.558527e+00
  2.500755e-02  -3.062317e-07   1.664528e+03   8.281180e-01   8.954784e-01   2.549044e+00
  2.488908e-02   1.031843e-07   1.675500e+03   8.296280e-01   8.958537e-01   2.550539e+00
  3.068718e-02   1.574040e-07   1.076954e+03   6.574824e-01   7.909879e-01   2.554313e+00
  2.522660e-02   2.733032e-07   1.546249e+03   7.760117e-01   7.849473e-01   2.407136e+00
  6.004845e-03   4.331596e-07   7.256153e-07   8.668388e-11   8.668388e-01   6.094496e+00
  6.138543e-03   2.327930e-07   7.176324e-07   8.763901e-11   8.763901e-01   5.991898e+00
  2.518003e-02  -2.454525e-07   1.548884e+03   7.758989e-01   7.862960e-01   2.405962e+00
  3.062712e-02   6.338067e-07   1.083888e+03   6.604209e-01   7.928348e-01   2.548183e+00
  2.497042e-02   2.052422e-07   1.669542e+03   8.293796e-01   8.960611e-01   2.549861e+00
  2.493393e-02  -1.222864e-07   1.672185e+03   8.294788e-01   8.959704e-01   2.552526e+00
  3.076905e-02   4.196598e-07   1.073307e+03   6.570041e-01   7.906478e-01   2.551481e+00
  2.523161e-02   2.241398e-08   1.543655e+03   7.748640e-01   7.829674e-01   2.399948e+00
  5.923703e-03  -3.018646e-07   7.433875e-07   8.760698e-11   8.760698e-01   6.150700e+00
  5.989664e-03   1.087363e-06   7.321256e-07   8.724051e-11   8.724051e-01   6.137483e+00
  2.521986e-02   3.102459e-07   1.545891e+03   7.756246e-01   7.830566e-01   2.400383e+00
  3.062665e-02   4.941125e-07   1.078913e+03   6.573791e-01   7.915849e-01   2.551227e+00
  2.495766e-02  -3.018117e-07   1.669882e+03   8.291248e-01   8.960724e-01   2.550981e+00
  2.495437e-02  -2.423458e-07   1.670757e+03   8.294495e-01   8.964184e-01   2.545440e+00
  3.068800e-02  -7.001539e-07   1.077180e+03   6.576378e-01   7.910297e-01   2.551950e+00
  2.522865e-02   3.334164e-07   1.545912e+03   7.759056e-01   7.845992e-01   2.404259e+00
  5.994824e-03   5.655293e-07   7.276883e-07   8.678645e-11   8.678645e-01   6.129903e+00
  6.076690e-03   3.539910e-07   7.118915e-07   8.606192e-11   8.606192e-01   6.057534e+00
  2.518421e-02  -5.360100e-07   1.549218e+03   7.761952e-01   7.864655e-01   2.410045e+00
  3.064586e-02   2.355297e-07   1.079124e+03   6.579202e-01   7.909531e-01   2.553321e+00
  2.500915e-02   1.274613e-07   1.666851e+03   8.293270e-01   8.962899e-01   2.551799e+00
  2.493570e-02  -2.177264e-08   1.670906e+03   8.289030e-01   8.957875e-01   2.552151e+00
  3.070425e-02  -5.070891e-07   1.075221e+03   6.567894e-01   7.906682e-01   2.550204e+00
  2.527840e-02   1.442603e-07   1.542061e+03   7.754993e-01   7.847859e-01   2.405317e+00
  5.952208e-03  -4.224422e-07   7.316416e-07   8.663765e-11   8.663765e-01   6.099628e+00
  5.987979e-03   5.006879e-07   7.324362e-07   8.725297e-11   8.725297e-01   6.110098e+00
  2.515555e-02   3.038940e-07   1.549891e+03   7.756488e-01   7.838551e-01   2.399008e+00
  3.066897e-02   9.637579e-08   1.076394e+03   6.567512e-01   7.907925e-01   2.551953e+00
  2.495667e-02   1.546279e-07   1.669470e+03   8.288869e-01   8.958291e-01   2.550267e+00
  2.498839e-02   1.348271e-07   1.667528e+03   8.289753e-01   8.953523e-01   2.548365e+00
  3.062795e-02   2.405936e-07   1.079901e+03   6.580092e-01   7.918130e-01   2.545204e+00
  2.522272e-02  -4.007724e-08   1.546232e+03   7.758840e-01   7.850626e-01   2.405922e+00
  6.027695e-03   3.185093e-07   7.234718e-07   8.675670e-11   8.675670e-01   6.074802e+00
  6.050551e-03  -3.178098e-07   7.244153e-07   8.719924e-11   8.719924e-01   6.109488e+00
  2.520701e-02  -6.993531e-07   1.546468e+03   7.755192e-01   7.841184e-01   2.403427e+00
  3.071373e-02  -8.167779e-07   1.074570e+03   6.565949e-01   7.907761e-01   2.550959e+00
  2.495203e-02  -1.052291e-06   1.670977e+03   8.294814e-01   8.964123e-01   2.548846e+00
  2.493858e-02  -1.508235e-06   1.671496e+03   8.292915e-01   8.963507e-01   2.552010e+00
  3.072381e-02  -4.787998e-07   1.072791e+03   6.557230e-01   7.903935e-01   2.548790e+00
  2.520167e-02   2.456892e-07   1.546685e+03   7.754635e-01   7.838934e-01   2.403762e+00
  5.949986e-03  -9.983527e-07   7.308753e-07   8.651460e-11   8.651460e-01   6.137915e+00
  5.954507e-03  -6.077007e-07   7.322695e-07   8.674548e-11   8.674548e-01   6.155480e+00
  2.518111e-02  -1.141940e-06   1.548478e+03   7.757288e-01   7.835140e-01   2.402157e+00
  3.068464e-02  -2.634516e-07   1.074365e+03   6.558475e-01   7.899675e-01   2.549220e+00
  2.495270e-02   2.263550e-07   1.670800e+03   8.294156e-01   8.962811e-01   2.550422e+00
  2.496391e-02   6.476243e-07   1.669306e+03   8.290459e-01   8.966094e-01   2.549385e+00
  3.063986e-02  -9.881876e-08   1.078692e+03   6.575285e-01   7.906819e-01   2.553927e+00
  2.525584e-02   4.929728e-07   1.544940e+03   7.762535e-01   7.859240e-01   2.408255e+00
  6.007206e-03  -8.886724e-08   7.241687e-07   8.654508e-11   8.654508e-01   6.083898e+00
  6.000121e-03   5.211857e-07   7.239503e-07   8.641695e-11   8.641695e-01   6.112445e+00
  2.525481e-02   2.023354e-07   1.544744e+03   7.761235e-01   7.853134e-01   2.409081e+00
  3.078425e-02  -1.480219e-06   1.072459e+03   6.568097e-01   7.910783e-01   2.553245e+00
  2.490683e-02  -7.243622e-07   1.672853e+03   8.289079e-01   8.960629e-01   2.551399e+00
  2.500458e-02   6.225051e-07   1.666474e+03   8.289882e-01   8.956171e-01   2.550089e+00
  3.071060e-02  -7.764568e-08   1.075067e+03   6.568313e-01   7.907002e-01   2.552000e+00
  2.521242e-02  -3.874248e-07   1.544472e+03   7.746840e-01   7.833154e-01   2.402043e+00
  6.023489e-03  -4.404272e-07   7.290834e-07   8.736861e-11   8.736861e-01   6.103415e+00
  5.954959e-03  -6.174433e-07   7.318941e-07   8.670760e-11   8.670760e-01   6.124741e+00
  2.521142e-02   1.598836e-07   1.548001e+03   7.764234e-01   7.851222e-01   2.404322e+00
  3.070417e-02   4.726049e-07   1.075929e+03   6.572204e-01   7.908446e-01   2.555081e+00
  2.503680e-02   1.569247e-07   1.665220e+03   8.294314e-01   8.962766e-01   2.548761e+00
  2.490162e-02  -7.285247e-07   1.674370e+03   8.294862e-01   8.965844e-01   2.550819e+00
  3.067021e-02   1.159124e-06   1.075931e+03   6.564952e-01   7.909426e-01   2.546708e+00
  2.528264e-02   4.404692e-07   1.542325e+03   7.757619e-01   7.839513e-01   2.404327e+00
  5.997971e-03   4.008141e-07   7.286829e-07   8.695070e-11   8.695070e-01   6.099554e+00
  6.017894e-03   6.991744e-07   7.262984e-07   8.695403e-11   8.695403e-01   6.055384e+00
  2.523095e-02   1.206333e-06   1.546290e+03   7.761663e-01   7.858727e-01   2.406043e+00
  3.074641e-02   6.232605e-09   1.074385e+03   6.571804e-01   7.907689e-01   2.552101e+00
  2.496770e-02   1.057845e-06   1.669496e+03   8.292662e-01   8.961846e-01   2.551135e+00
  2.496427e-02   8.663994e-07   1.670630e+03   8.297154e-01   8.961436e-01   2.550743e+00
  3.068144e-02  -1.761124e-07   1.071646e+03   6.541195e-01   7.890876e-01   2.551430e+00
  2.521074e-02  -4.931715e-07   1.547149e+03   7.759755e-01   7.835452e-01   2.403190e+00
  6.029589e-03   3.361735e-07   7.230923e-07   8.673843e-11   8.673843e-01   6.168995e+00
  6.015037e-03   5.714782e-07   7.346535e-07   8.791257e-11   8.791257e-01   6.128257e+00
  2.522061e-02  -6.413250e-07   1.546350e+03   7.758780e-01   7.832451e-01   2.400464e+00
  3.063235e-02   1.121702e-07   1.079907e+03   6.581072e-01   7.917096e-01   2.547234e+00
  2.495493e-02  -3.243444e-07   1.670224e+03   8.292036e-01   8.960126e-01   2.550848e+00
  2.491479e-02  -1.404789e-06   1.674084e+03   8.297835e-01   8.967480e-01   2.548334e+00
  3.082528e-02   3.442891e-07   1.073318e+03   6.582117e-01   7.915172e-01   2.554973e+00
  2.527303e-02   3.811471e-07   1.543371e+03   7.759931e-01   7.859063e-01   2.409314e+00
  5.906391e-03   7.419061e-07   7.335358e-07   8.619333e-11   8.619333e-01   6.099793e+00
  5.994340e-03   7.316463e-07   7.277511e-07   8.678694e-11   8.678694e-01   6.140845e+00
  2.521746e-02   8.376806e-07   1.548209e+03   7.767139e-01   7.849302e-01   2.406869e+00
  3.073310e-02   2.215098e-06   1.073772e+03   6.565213e-01   7.907600e-01   2.552026e+00
  2.497401e-02   4.589593e-07   1.669760e+03   8.296074e-01   8.963502e-01   2.552083e+00
  2.497958e-02   8.477732e-07   1.665994e+03   8.279208e-01   8.951191e-01   2.549964e+00
  3.061786e-02  -5.995158e-07   1.080065e+03   6.578922e-01   7.914866e-01   2.547190e+00
  2.517812e-02   2.486491e-07   1.550326e+03   7.765627e-01   7.854295e-01   2.406724e+00
  6.109551e-03   6.196973e-07   7.157761e-07   8.699948e-11   8.699948e-01   6.042980e+00
  3.163591e-03  -7.862624e-07   1.397978e-06   8.798544e-11   8.798544e-01   9.656812e+00
  2.652575e-02  -2.995482e-07   1.494615e+03   7.887278e-01   7.186430e-01   2.747363e+00
  3.513670e-02  -1.802150e-06   7.933380e+02   5.545611e-01   7.400824e-01   3.236355e+00
  2.521950e-02  -8.633317e-08   1.629243e+03   8.174335e-01   8.901536e-01   3.193509e+00
  2.521300e-02  -4.315798e-07   1.626816e+03   8.160058e-01   8.898773e-01   3.188281e+00
  3.518194e-02  -1.916955e-08   7.879363e+02   5.514943e-01   7.386622e-01   3.233015e+00
  2.655543e-02   2.006781e-07   1.487266e+03   7.857279e-01   7.139563e-01   2.731972e+00
  3.145985e-03  -3.721451e-09   1.426041e-06   8.925221e-11   8.925221e-01   9.700987e+00
  3.175765e-03  -4.988982e-07   1.398434e-06   8.835283e-11   8.835283e-01   9.692634e+00
  2.653403e-02  -4.612880e-07   1.491984e+03   7.875854e-01   7.158641e-01   2.735545e+00
  3.510321e-02  -3.093341e-08   7.932827e+02   5.539938e-01   7.405235e-01   3.234216e+00
  2.534789e-02  -1.087542e-06   1.618511e+03   8.161834e-01   8.897143e-01   3.188012e+00
  2.534396e-02   1.543292e-07   1.620346e+03   8.169819e-01   8.901284e-01   3.184695e+00
  3.524800e-02   6.498000e-07   7.794656e+02   5.465899e-01   7.368479e-01   3.236730e+00
  2.654250e-02  -1.239223e-06   1.492245e+03   7.879744e-01   7.103643e-01   2.712877e+00
  3.052061e-03  -6.503537e-08   1.468701e-06   8.917780e-11   8.917780e-01   9.861367e+00
  3.166877e-03  -8.634619e-07   1.388027e-06   8.744989e-11   8.744989e-01   9.656726e+00
  2.659144e-02  -4.450674e-07   1.491896e+03   7.892428e-01   7.195318e-01   2.746345e+00
  3.499939e-02  -1.955931e-06   7.947502e+02   5.533772e-01   7.397064e-01   3.244520e+00
  2.527326e-02  -5.148661e-07   1.624764e+03   8.169243e-01   8.901036e-01   3.192573e+00
  2.524803e-02   6.951892e-07   1.630628e+03   8.190540e-01   8.916688e-01   3.185564e+00
  3.527418e-02  -1.377374e-07   7.845511e+02   5.505646e-01   7.385362e-01   3.242843e+00
  2.651717e-02  -6.087151e-07   1.490937e+03   7.865321e-01   7.127062e-01   2.729602e+00
  3.079880e-03   2.079018e-08   1.453742e-06   8.907406e-11   8.907406e-01   9.773995e+00
  3.212400e-03  -2.715378e-07   1.378571e-06   8.810260e-11   8.810260e-01   9.491917e+00
  2.655966e-02  -9.582201e-07   1.491388e+03   7.880311e-01   7.214450e-01   2.757526e+00
  3.510042e-02   1.920005e-06   7.966391e+02   5.562936e-01   7.408796e-01   3.243746e+00
  2.528800e-02  -1.296899e-06   1.623317e+03   8.166727e-01   8.897111e-01   3.187804e+00
  2.530643e-02   2.210580e-07   1.625846e+03   8.185413e-01   8.912222e-01   3.193686e+00
  3.530434e-02  -1.495178e-06   7.812199e+02   5.486957e-01   7.381744e-01   3.236020e+00
  2.648220e-02   1.996967e-07   1.493699e+03   7.869505e-01   7.098618e-01   2.713342e+00
  3.019208e-03   5.298427e-08   1.479250e-06   8.885152e-11   8.885152e-01   9.914040e+00
  3.226018e-03  -2.310196e-07   1.399572e-06   8.982397e-11   8.982397e-01   9.563888e+00
  2.654968e-02   2.494464e-07   1.487954e+03   7.859210e-01   7.164625e-01   2.746342e+00
  3.492712e-02   1.774446e-06   8.001878e+02   5.560129e-01   7.410275e-01   3.229721e+00
  2.534777e-02  -5.616756e-07   1.621287e+03   8.175789e-01   8.906662e-01   3.189772e+00
  2.522932e-02  -2.276248e-07   1.626881e+03   8.165662e-01   8.898297e-01   3.199957e+00
  3.522891e-02  -9.665019e-07   7.871188e+02   5.516576e-01   7.395258e-01   3.249245e+00
  2.655811e-02   5.576608e-07   1.492584e+03   7.886168e-01   7.160098e-01   2.734687e+00
  2.996595e-03  -1.892895e-07   1.468277e-06   8.753188e-11   8.753188e-01   9.779804e+00
  3.292680e-03   1.096398e-06   1.363533e-06   8.931931e-11   8.931931e-01   9.703941e+00
  2.649172e-02  -5.243163e-07   1.493794e+03   7.872831e-01   7.137131e-01   2.732858e+00
  3.513760e-02   3.898710e-06   7.902465e+02   5.524141e-01   7.399573e-01   3.224661e+00
  2.525144e-02   1.252307e-06   1.625604e+03   8.166408e-01   8.897995e-01   3.192876e+00
  2.517032e-02   2.218575e-07   1.630709e+03   8.165735e-01   8.897213e-01   3.192052e+00
  3.528135e-02  -5.285330e-08   7.860392e+02   5.517211e-01   7.386283e-01   3.238530e+00
  2.659895e-02   7.075438e-07   1.490667e+03   7.888154e-01   7.187942e-01   2.742052e+00
  3.010827e-03  -9.136632e-08   1.465608e-06   8.778771e-11   8.778771e-01   9.652853e+00
  3.193761e-03   5.881682e-07   1.403207e-06   8.915677e-11   8.915677e-01   9.708042e+00
  2.652412e-02   6.512003e-07   1.493872e+03   7.882875e-01   7.151270e-01   2.728601e+00
  3.521246e-02   9.992017e-07   7.878958e+02   5.519443e-01   7.393877e-01   3.236929e+00
  2.529314e-02  -3.544570e-07   1.623440e+03   8.169007e-01   8.902650e-01   3.191750e+00
  2.525121e-02  -1.135225e-06   1.628925e+03   8.183015e-01   8.910417e-01   3.185820e+00
  3.524236e-02   8.687774e-07   7.876597e+02   5.522475e-01   7.390896e-01   3.240437e+00
  2.658378e-02  -1.838905e-07   1.491216e+03   7.886558e-01   7.179444e-01   2.744916e+00
  3.040280e-03  -3.725836e-07   1.454731e-06   8.798858e-11   8.798858e-01   9.683590e+00
  3.289198e-03   9.863323e-07   1.377275e-06   9.012411e-11   9.012411e-01   9.783217e+00
  2.645396e-02   1.150758e-07   1.495678e+03   7.871525e-01   7.113217e-01   2.719937e+00
  3.511561e-02  -3.505500e-07   7.876494e+02   5.502541e-01   7.381117e-01   3.231908e+00
  2.526173e-02   1.958766e-07   1.627772e+03   8.180633e-01   8.909530e-01   3.192693e+00
  2.512079e-02   2.507677e-07   1.636645e+03   8.179334e-01   8.906940e-01   3.187790e+00
  3.523291e-02  -1.290869e-06   7.937587e+02   5.563744e-01   7.407616e-01   3.241170e+00
  2.667674e-02   8.698077e-07   1.485666e+03   7.884681e-01   7.225216e-01   2.763907e+00
  3.059867e-03   2.008945e-07   1.421559e-06   8.653616e-11   8.653616e-01   9.557906e+00
  3.084977e-03  -2.433003e-07   1.429968e-06   8.776235e-11   8.776235e-01   9.960880e+00
  2.653213e-02  -7.437727e-07   1.498368e+03   7.908983e-01   7.120315e-01   2.708301e+00
  3.527141e-02  -1.107147e-06   7.806817e+02   5.478062e-01   7.374763e-01   3.252120e+00
  2.524534e-02   6.054577e-08   1.628990e+03   8.181444e-01   8.912776e-01   3.191538e+00
  2.526501e-02  -1.093036e-07   1.623620e+03   8.160822e-01   8.895216e-01   3.185151e+00
  3.519857e-02  -1.309992e-06   7.974583e+02   5.584228e-01   7.411945e-01   3.231331e+00
  2.659940e-02   1.063235e-06   1.486072e+03   7.863972e-01   7.230856e-01   2.775262e+00
  3.125183e-03   1.114662e-07   1.415209e-06   8.798857e-11   8.798857e-01   9.412978e+00
  3.121255e-03   3.365687e-07   1.402930e-06   8.711549e-11   8.711549e-01   9.570452e+00
  2.657438e-02   1.637693e-06   1.490662e+03   7.880841e-01   7.207316e-01   2.757238e+00
  3.520087e-02  -6.276848e-07   7.889085e+02   5.524719e-01   7.377728e-01   3.240008e+00
  2.525116e-02   5.299405e-07   1.630595e+03   8.191387e-01   8.918909e-01   3.189852e+00
  2.520858e-02  -2.342687e-07   1.625873e+03   8.153893e-01   8.890636e-01   3.188962e+00
  3.503619e-02  -9.271002e-08   7.998924e+02   5.575433e-01   7.415609e-01   3.225801e+00
  2.656906e-02  -3.833536e-07   1.484888e+03   7.848741e-01   7.164968e-01   2.750759e+00
  3.209107e-03   3.823534e-07   1.406226e-06   8.977791e-11   8.977791e-01   9.549650e+00
  3.123498e-03  -1.766449e-08   1.427650e-06   8.871420e-11   8.871420e-01   9.743848e+00
  2.652711e-02  -4.212767e-07   1.492830e+03   7.878261e-01   7.139235e-01   2.731646e+00
  3.526912e-02  -1.966331e-06   7.855093e+02   5.511580e-01   7.391645e-01   3.237599e+00
  2.521632e-02   3.010517e-07   1.631150e+03   8.182873e-01   8.916711e-01   3.190545e+00
  2.524892e-02   9.362654e-08   1.629873e+03   8.187036e-01   8.910933e-01   3.195392e+00
  3.512235e-02   6.730807e-08   7.937636e+02   5.546320e-01   7.402866e-01   3.231245e+00
  2.661313e-02   2.450528e-07   1.484049e+03   7.857320e-01   7.150474e-01   2.738947e+00
  3.203601e-03   2.122464e-07   1.405055e-06   8.954925e-11   8.954925e-01   9.648386e+00
  3.080502e-03  -2.387692e-07   1.428971e-06   8.757399e-11   8.757399e-01   9.597162e+00
  2.656905e-02   4.121473e-07   1.491422e+03   7.883276e-01   7.195015e-01   2.755682e+00
  3.521608e-02  -1.156281e-06   7.900595e+02   5.535170e-01   7.402930e-01   3.238710e+00
  2.524689e-02  -2.110730e-06   1.627595e+03   8.174934e-01   8.909745e-01   3.191053e+00
  2.526022e-02  -4.633163e-07   1.626762e+03   8.175067e-01   8.905472e-01   3.184740e+00
  3.503177e-02  -2.293435e-07   7.937992e+02   5.532263e-01   7.401345e-01   3.231815e+00
  2.653591e-02   1.979449e-07   1.489813e+03   7.864949e-01   7.134238e-01   2.728546e+00
  3.244778e-03   1.591238e-07   1.379599e-06   8.905698e-11   8.905698e-01   9.751187e+00
  3.183223e-03   2.333481e-10   1.406228e-06   8.905388e-11   8.905388e-01   9.638791e+00
  2.649168e-02  -9.713028e-07   1.496324e+03   7.886156e-01   7.165791e-01   2.741912e+00
  3.521444e-02   1.597088e-06   7.895689e+02   5.531476e-01   7.395488e-01   3.232491e+00
  2.522468e-02   1.682505e-07   1.629200e+03   8.175797e-01   8.907081e-01   3.190545e+00
  2.525814e-02   3.219748e-07   1.625448e+03   8.167787e-01   8.902929e-01   3.200072e+00
  3.512510e-02  -2.593702e-06   7.902175e+02   5.521974e-01   7.394570e-01   3.235911e+00
  2.667528e-02  -3.994778e-08   1.486148e+03   7.886803e-01   7.172825e-01   2.742096e+00
  3.166423e-03  -1.133428e-07   1.381816e-06   8.704612e-11   8.704612e-01   9.720152e+00
  3.084629e-03  -3.053924e-07   1.436866e-06   8.817575e-11   8.817575e-01   9.706717e+00
  2.652770e-02  -6.697864e-07   1.492306e+03   7.875673e-01   7.161484e-01   2.739696e+00
  3.523375e-02  -2.848542e-07   7.900165e+02   5.537646e-01   7.396832e-01   3.239855e+00
  2.525463e-02   4.935314e-07   1.628255e+03   8.180758e-01   8.907786e-01   3.192518e+00
  2.531699e-02   2.197105e-07   1.623158e+03   8.175289e-01   8.908720e-01   3.185785e+00
  3.512187e-02   1.656358e-06   7.909968e+02   5.526911e-01   7.385997e-01   3.242800e+00
  2.646281e-02  -2.663495e-07   1.501616e+03   7.905420e-01   7.225965e-01   2.758926e+00
  3.233104e-03   4.589088e-09   1.359379e-06   8.743606e-11   8.743606e-01   9.547635e+00
  3.202038e-03   5.328328e-07   1.373518e-06   8.749652e-11   8.749652e-01   9.603635e+00
  2.654895e-02   1.765927e-06   1.492051e+03   7.880633e-01   7.199450e-01   2.753548e+00
  3.513914e-02  -3.846756e-07   7.927347e+02   5.541778e-01   7.394674e-01   3.234862e+00
  2.520787e-02  -3.952339e-07   1.631579e+03   8.182279e-01   8.905515e-01   3.190069e+00
  2.528431e-02  -3.530319e-07   1.626480e+03   8.181443e-01   8.916015e-01   3.192211e+00
  3.511659e-02   4.544912e-07   7.966868e+02   5.565832e-01   7.409546e-01   3.231808e+00
  2.654329e-02  -3.764686e-07   1.485280e+03   7.843202e-01   7.154438e-01   2.746012e+00
  3.170270e-03   5.834651e-08   1.426772e-06   8.998723e-11   8.998723e-01   9.584750e+00
  3.090107e-03  -5.623497e-08   1.425493e-06   8.763323e-11   8.763323e-01   9.615530e+00
  2.657015e-02   1.531652e-07   1.493422e+03   7.894175e-01   7.202913e-01   2.750474e+00
  3.522164e-02  -5.018517e-07   7.894727e+02   5.531931e-01   7.392504e-01   3.241304e+00
  2.522243e-02   1.394948e-06   1.628136e+03   8.169730e-01   8.901499e-01   3.190420e+00
  2.532938e-02  -3.888680e-07   1.622326e+03   8.175097e-01   8.913810e-01   3.189596e+00
  3.505961e-02   7.457493e-07   7.900800e+02   5.510720e-01   7.393394e-01   3.232657e+00
  2.640376e-02  -1.547674e-06   1.501905e+03   7.889300e-01   7.129698e-01   2.722824e+00
  3.291026e-03  -4.602137e-07   1.359557e-06   8.901413e-11   8.901413e-01   9.809499e+00
  3.256487e-03   1.460682e-07   1.361339e-06   8.819541e-11   8.819541e-01   9.517883e+00
  2.649241e-02  -3.091445e-07   1.493929e+03   7.873750e-01   7.198517e-01   2.759416e+00
  3.512423e-02   1.791312e-06   7.976617e+02   5.573856e-01   7.414136e-01   3.231610e+00
  2.528505e-02  -3.575046e-07   1.626031e+03   8.179425e-01   8.909683e-01   3.189413e+00
  2.514763e-02  -9.973572e-08   1.635017e+03   8.179926e-01   8.914419e-01   3.196983e+00
  3.524742e-02   1.427365e-06   7.895270e+02   5.536362e-01   7.397497e-01   3.250496e+00
  2.658200e-02   7.193850e-07   1.493154e+03   7.896278e-01   7.220261e-01   2.756301e+00
  3.053479e-03  -6.042200e-08   1.420732e-06   8.630528e-11   8.630528e-01   9.607561e+00
  3.136279e-03   2.124542e-07   1.414508e-06   8.825722e-11   8.825722e-01   9.640699e+00
  2.653699e-02  -1.115112e-07   1.493279e+03   7.883568e-01   7.181907e-01   2.740151e+00
  3.521092e-02   9.793284e-08   7.884262e+02   5.522917e-01   7.390767e-01   3.242569e+00
  2.521440e-02  -5.542107e-07   1.631155e+03   8.182276e-01   8.910476e-01   3.186696e+00
  2.542870e-02  -8.429264e-07   1.614018e+03   8.165119e-01   8.895774e-01   3.186454e+00
  3.495882e-02  -1.479424e-06   8.025070e+02   5.581305e-01   7.411091e-01   3.219508e+00
  2.647010e-02  -1.038614e-07   1.490881e+03   7.851071e-01   7.181983e-01   2.760225e+00
  3.343630e-03  -1.968018e-07   1.348390e-06   8.969411e-11   8.969411e-01   9.470070e+00
  3.280565e-03   1.208246e-07   1.363160e-06   8.896630e-11   8.896630e-01   9.466941e+00
  2.654210e-02   3.833578e-07   1.488503e+03   7.859868e-01   7.212762e-01   2.763287e+00
  3.499339e-02  -6.176036e-07   8.042785e+02   5.599156e-01   7.414396e-01   3.229351e+00
  2.531498e-02  -1.012387e-07   1.619296e+03   8.155185e-01   8.892400e-01   3.185057e+00
  2.524580e-02   7.592501e-07   1.630271e+03   8.188024e-01   8.903386e-01   3.193629e+00
  3.521338e-02   1.112828e-06   7.818844e+02   5.477474e-01   7.378790e-01   3.237929e+00
  2.651031e-02  -6.838223e-07   1.496426e+03   7.892240e-01   7.105632e-01   2.709261e+00
  3.100466e-03   3.249789e-09   1.436396e-06   8.859948e-11   8.859948e-01   9.927165e+00
  3.216567e-03   1.094571e-07   1.411397e-06   9.031754e-11   9.031754e-01   9.768088e+00
  2.649835e-02  -3.821106e-07   1.489205e+03   7.850611e-01   7.111149e-01   2.720903e+00
  3.510388e-02  -6.008996e-07   7.910853e+02   5.524699e-01   7.402791e-01   3.229886e+00
  2.523314e-02   3.008874e-07   1.628500e+03   8.175029e-01   8.907882e-01   3.187849e+00
  2.526060e-02   8.684982e-08   1.626719e+03   8.174973e-01   8.892476e-01   3.193783e+00
  3.510302e-02  -2.096437e-07   7.969400e+02   5.565450e-01   7.402442e-01   3.239783e+00
  2.650949e-02   8.520341e-07   1.496036e+03   7.889935e-01   7.241574e-01   2.771705e+00
  3.238364e-03  -5.863619e-09   1.352152e-06   8.711264e-11   8.711264e-01   9.462280e+00
  3.241549e-03   1.474702e-07   1.363283e-06   8.791614e-11   8.791614e-01   9.700652e+00
  2.658805e-02   7.177148e-07   1.488425e+03   7.873060e-01   7.171879e-01   2.743915e+00
  3.502887e-02  -1.049289e-06   7.975243e+02   5.557766e-01   7.407591e-01   3.241374e+00
  2.525156e-02   9.535100e-07   1.626135e+03   8.169115e-01   8.898331e-01   3.186326e+00
  2.524025e-02  -2.537805e-07   1.629241e+03   8.181054e-01   8.908166e-01   3.188497e+00
  3.511619e-02   6.246075e-07   7.884397e+02   5.508153e-01   7.385809e-01   3.229071e+00
  2.656843e-02  -6.012191e-07   1.488570e+03   7.868016e-01   7.124672e-01   2.724471e+00
  3.151222e-03   1.183284e-07   1.424850e-06   8.932612e-11   8.932612e-01   9.755405e+00
  3.196958e-03  -4.999069e-07   1.393314e-06   8.861679e-11   8.861679e-01   9.606620e+00
  2.651050e-02   5.284483e-07   1.491684e+03   7.867285e-01   7.177127e-01   2.748041e+00
  3.507179e-02  -1.229003e-06   7.953073e+02   5.549106e-01   7.408666e-01   3.233145e+00
  2.527723e-02  -8.174931e-07   1.626893e+03   8.181232e-01   8.903218e-01   3.190718e+00
  2.524411e-02   8.026885e-07   1.629090e+03   8.181542e-01   8.915867e-01   3.194226e+00
  3.516540e-02  -4.675314e-07   7.908743e+02   5.532905e-01   7.392791e-01   3.236541e+00
  2.653135e-02   1.264950e-06   1.493806e+03   7.884673e-01   7.186728e-01   2.750502e+00
  3.204292e-03  -2.501567e-08   1.385324e-06   8.831079e-11   8.831079e-01   9.640108e+00
  3.251087e-03  -6.924387e-07   1.369325e-06   8.856568e-11   8.856568e-01   9.662550e+00
  2.656985e-02  -1.052223e-06   1.488964e+03   7.870518e-01   7.159091e-01   2.739977e+00
  3.500370e-02  -1.218852e-06   7.969850e+02   5.550016e-01   7.405153e-01   3.234162e+00
  2.523582e-02   5.869666e-07   1.628152e+03   8.174148e-01   8.908277e-01   3.192820e+00
  2.522340e-02   2.505221e-07   1.628700e+03   8.172876e-01   8.903462e-01   3.189170e+00
  3.510210e-02  -2.150198e-06   7.909786e+02   5.523674e-01   7.394741e-01   3.234750e+00
  2.657898e-02   7.369666e-07   1.487470e+03   7.865326e-01   7.131093e-01   2.725969e+00
  3.165197e-03  -5.010268e-07   1.417285e-06   8.924587e-11   8.924587e-01   9.774362e+00
  3.154158e-03  -4.773577e-07   1.412041e-06   8.860556e-11   8.860556e-01   9.625161e+00
  2.647497e-02  -2.042358e-06   1.496656e+03   7.882927e-01   7.178578e-01   2.745686e+00
  3.509767e-02   1.663975e-06   7.931237e+02   5.537954e-01   7.399239e-01   3.236165e+00
  2.529607e-02  -9.696393e-08   1.622481e+03   8.165127e-01   8.892735e-01   3.192917e+00
  2.524283e-02   5.656356e-07   1.628050e+03   8.175907e-01   8.901965e-01   3.193956e+00
  3.518816e-02  -4.848924e-07   7.904430e+02   5.533466e-01   7.397952e-01   3.237302e+00
  2.659589e-02   4.370731e-07   1.490178e+03   7.884658e-01   7.169136e-01   2.740518e+00
  3.168230e-03  -2.688380e-07   1.397444e-06   8.808080e-11   8.808080e-01   9.701248e+00
  3.234413e-03   4.052576e-07   1.374138e-06   8.842112e-11   8.842112e-01   9.668408e+00
  2.654950e-02   2.568215e-07   1.493051e+03   7.886081e-01   7.176863e-01   2.744187e+00
  3.503297e-02   1.923391e-06   7.941719e+02   5.535051e-01   7.397275e-01   3.240049e+00
  2.521212e-02  -9.426830e-07   1.627804e+03   8.164725e-01   8.899202e-01   3.191588e+00
  2.526473e-02   2.467165e-09   1.626032e+03   8.172857e-01   8.908144e-01   3.194611e+00
  3.507594e-02   6.668539e-07   7.939835e+02   5.540526e-01   7.404273e-01   3.237685e+00
  2.656175e-02  -9.085767e-07   1.491864e+03   7.883447e-01   7.170707e-01   2.739602e+00
  3.173794e-03  -2.816313e-07   1.393601e-06   8.799285e-11   8.799285e-01   9.689902e+00
  3.121544e-03  -2.612686e-07   1.418720e-06   8.810410e-11   8.810410e-01   9.589650e+00
  2.650156e-02   6.844625e-07   1.492717e+03   7.870078e-01   7.189444e-01   2.752589e+00
  3.513164e-02  -5.606440e-07   7.948837e+02   5.555614e-01   7.404968e-01   3.237880e+00
  2.526340e-02   3.704272e-08   1.627276e+03   8.178678e-01   8.901046e-01   3.187646e+00
  2.524476e-02  -6.296123e-08   1.629347e+03   8.183045e-01   8.906950e-01   3.194109e+00
  3.521206e-02   1.646730e-06   7.923915e+02   5.550874e-01   7.403340e-01   3.237958e+00
  2.661777e-02  -8.858256e-07   1.489550e+03   7.887818e-01   7.208509e-01   2.757899e+00
  3.148448e-03  -5.188931e-08   1.399973e-06   8.768921e-11   8.768921e-01   9.562519e+00
  3.269658e-03   6.578180e-07   1.363195e-06   8.867282e-11   8.867282e-01   9.607745e+00
  2.653186e-02   7.334989e-07   1.490643e+03   7.868130e-01   7.172873e-01   2.747512e+00
  3.499808e-02   1.844904e-06   7.971890e+02   5.550546e-01   7.405805e-01   3.232589e+00
  2.529891e-02   3.587681e-08   1.627198e+03   8.189779e-01   8.917690e-01   3.190699e+00
  2.545012e-02   1.219593e-06   1.615329e+03   8.178635e-01   8.899852e-01   3.191027e+00
  3.496934e-02   1.287805e-06   7.995971e+02   5.562741e-01   7.408308e-01   3.234201e+00
  2.650047e-02   5.691099e-07   1.490829e+03   7.859799e-01   7.178997e-01   2.752965e+00
  3.233514e-03   1.210512e-06   1.385159e-06   8.910549e-11   8.910549e-01   9.570732e+00
  3.116954e-03  -3.343745e-09   1.418083e-06   8.793506e-11   8.793506e-01   9.639860e+00
  2.654335e-02   6.565866e-07   1.495542e+03   7.897404e-01   7.191934e-01   2.747542e+00
  3.514723e-02  -7.055307e-07   7.891874e+02   5.518250e-01   7.385735e-01   3.241770e+00
  2.524584e-02   7.780052e-08   1.626770e+03   8.170449e-01   8.901289e-01   3.192663e+00
  2.527582e-02  -1.490705e-07   1.623445e+03   8.163436e-01   8.909369e-01   3.192774e+00
  3.513230e-02  -1.315042e-06   7.939460e+02   5.549166e-01   7.406793e-01   3.233726e+00
  2.661056e-02   1.242157e-06   1.484662e+03   7.859802e-01   7.145115e-01   2.733273e+00
  3.186083e-03   1.825712e-08   1.408635e-06   8.928650e-11   8.928650e-01   9.683350e+00
  3.261036e-03   4.742049e-07   1.363926e-06   8.848644e-11   8.848644e-01   9.509894e+00
  2.648355e-02   4.005614e-07   1.494594e+03   7.874621e-01   7.205814e-01   2.765852e+00
  3.512196e-02   7.813556e-07   7.959421e+02   5.561480e-01   7.402444e-01   3.227522e+00
  2.531585e-02   1.172656e-07   1.623794e+03   8.178122e-01   8.905040e-01   3.187273e+00
  2.528882e-02  -4.645293e-07   1.624438e+03   8.172628e-01   8.892471e-01   3.195043e+00
  3.496603e-02   4.055681e-07   7.967648e+02   5.542512e-01   7.403739e-01   3.230745e+00
  2.650687e-02  -9.231637e-07   1.489930e+03   7.856961e-01   7.135880e-01   2.730220e+00
  3.228475e-03   4.684591e-08   1.392203e-06   8.941904e-11   8.941904e-01   9.690116e+00
  3.150975e-03   2.802818e-07   1.424557e-06   8.930069e-11   8.930069e-01   9.729816e+00
  2.647660e-02   1.011787e-06   1.494856e+03   7.873935e-01   7.140002e-01   2.729480e+00
  3.508410e-02  -7.862019e-07   7.906055e+02   5.518237e-01   7.393876e-01   3.239671e+00
  2.534371e-02   1.096813e-06   1.621159e+03   8.173839e-01   8.906690e-01   3.190979e+00
  2.532672e-02  -3.231721e-08   1.621872e+03   8.171949e-01   8.907081e-01   3.196202e+00
  3.510883e-02   1.317319e-06   7.878600e+02   5.502949e-01   7.388296e-01   3.234441e+00
  2.655380e-02  -7.939542e-07   1.491052e+03   7.876799e-01   7.122870e-01   2.721540e+00
  3.152393e-03   2.001865e-07   1.416109e-06   8.881112e-11   8.881112e-01   9.810266e+00
  3.216958e-03  -2.224802e-07   1.381558e-06   8.841878e-11   8.841878e-01   9.603851e+00
  2.650609e-02  -9.415700e-07   1.493827e+03   7.877278e-01   7.183699e-01   2.755052e+00
  3.513151e-02  -6.174318e-07   7.943479e+02   5.551851e-01   7.401688e-01   3.230291e+00
  2.521221e-02   1.091037e-06   1.627844e+03   8.164954e-01   8.895950e-01   3.193183e+00
  2.522145e-02  -2.624834e-07   1.628852e+03   8.173007e-01   8.905067e-01   3.193660e+00
  3.514300e-02   2.609740e-07   7.890132e+02   5.516369e-01   7.393262e-01   3.237610e+00
  2.660475e-02   2.262197e-07   1.487581e+03   7.873539e-01   7.143899e-01   2.730732e+00
  3.175791e-03  -2.364493e-07   1.401051e-06   8.851887e-11   8.851887e-01   9.761902e+00
  3.164996e-03  -3.708232e-07   1.408044e-06   8.865832e-11   8.865832e-01   9.771700e+00
  2.649740e-02  -5.638139e-08   1.496958e+03   7.891201e-01   7.143385e-01   2.727019e+00
  3.507657e-02  -7.459847e-07   7.900705e+02   5.513319e-01   7.392259e-01   3.236759e+00
  2.526593e-02   5.845517e-07   1.624549e+03   8.165792e-01   8.901185e-01   3.188571e+00
  2.534221e-02  -3.497641e-07   1.618796e+03   8.161438e-01   8.893598e-01   3.195161e+00
  3.522080e-02   1.102653e-06   7.824681e+02   5.482718e-01   7.373221e-01   3.245723e+00
  2.652795e-02  -5.486283e-07   1.494360e+03   7.886583e-01   7.139667e-01   2.722359e+00
  3.077617e-03   1.319790e-07   1.446343e-06   8.855561e-11   8.855561e-01   9.769868e+00
  1.406416e-03   8.513880e-07   3.173351e-06   8.878961e-11   8.878961e-01   1.486626e+01
  2.749009e-02   2.642473e-06   1.589358e+03   8.692163e-01   6.476510e-01   2.765821e+00
  3.989730e-02   6.780740e-07   5.559026e+02   4.412374e-01   6.986686e-01   4.073246e+00
  2.512740e-02   2.465320e-07   1.618968e+03   8.093121e-01   8.899266e-01   3.912114e+00
  2.508650e-02   6.835822e-07   1.626357e+03   8.116826e-01   8.904611e-01   3.911400e+00
  4.008272e-02   8.912201e-07   5.393627e+02   4.300988e-01   6.964620e-01   4.103160e+00
  2.767004e-02  -3.849424e-07   1.592834e+03   8.768202e-01   6.402348e-01   2.677843e+00
  1.291878e-03  -6.184625e-07   3.402898e-06   8.745821e-11   8.745821e-01   1.532701e+01
  1.321859e-03   2.438686e-07   3.403749e-06   8.951024e-11   8.951024e-01   1.537482e+01
  2.763724e-02   9.721962e-07   1.585305e+03   8.716407e-01   6.351622e-01   2.661367e+00
  4.000191e-02  -3.245121e-06   5.411619e+02   4.306636e-01   6.971166e-01   4.092935e+00
  2.504063e-02   1.021728e-07   1.625505e+03   8.097738e-01   8.899252e-01   3.914467e+00
  2.514209e-02   4.817480e-07   1.618088e+03   8.093450e-01   8.898388e-01   3.911114e+00
  3.996675e-02   1.264254e-06   5.433686e+02   4.320395e-01   6.978633e-01   4.083896e+00
  2.752148e-02  -1.706466e-06   1.594710e+03   8.731399e-01   6.336593e-01   2.652809e+00
  1.309085e-03   2.648731e-07   3.459067e-06   9.008590e-11   9.008590e-01   1.541525e+01
  1.407566e-03   5.743010e-07   3.195654e-06   8.948671e-11   8.948671e-01   1.495803e+01
  2.759799e-02   1.184369e-06   1.577540e+03   8.661397e-01   6.438475e-01   2.753183e+00
  3.983986e-02  -5.737355e-07   5.561446e+02   4.407940e-01   6.984725e-01   4.063586e+00
  2.512627e-02   4.720787e-07   1.615164e+03   8.073741e-01   8.878814e-01   3.907649e+00
  2.508206e-02   4.873038e-07   1.626701e+03   8.117102e-01   8.913046e-01   3.911732e+00
  4.004070e-02  -4.168827e-07   5.353048e+02   4.264154e-01   6.965195e-01   4.106311e+00
  2.769465e-02  -2.237471e-06   1.595705e+03   8.791816e-01   6.367858e-01   2.648473e+00
  1.294935e-03  -2.292858e-07   3.402428e-06   8.765303e-11   8.765303e-01   1.550378e+01
  1.375527e-03   4.201102e-07   3.327887e-06   9.106844e-11   9.106844e-01   1.572131e+01
  2.765419e-02  -3.741556e-08   1.577765e+03   8.680276e-01   6.241915e-01   2.612079e+00
  3.991240e-02  -2.577067e-06   5.412501e+02   4.297699e-01   6.979666e-01   4.064059e+00
  2.508172e-02   8.257083e-07   1.620841e+03   8.087752e-01   8.886224e-01   3.920626e+00
  2.507943e-02  -7.916149e-07   1.621549e+03   8.090549e-01   8.883342e-01   3.908630e+00
  4.002765e-02   1.186158e-06   5.433339e+02   4.326703e-01   6.959443e-01   4.100015e+00
  2.752705e-02   1.272663e-06   1.598166e+03   8.752089e-01   6.438762e-01   2.710205e+00
  1.292210e-03   1.236052e-07   3.463757e-06   8.904521e-11   8.904521e-01   1.509460e+01
  1.394281e-03   3.101255e-07   3.167410e-06   8.785869e-11   8.785869e-01   1.548901e+01
  2.758780e-02  -4.107348e-07   1.599162e+03   8.776869e-01   6.359127e-01   2.664456e+00
  3.991083e-02   6.920492e-07   5.382824e+02   4.273966e-01   6.963285e-01   4.082648e+00
  2.508929e-02  -7.324179e-08   1.622001e+03   8.095985e-01   8.912769e-01   3.913800e+00
  2.512490e-02  -1.723595e-06   1.618908e+03   8.092015e-01   8.883248e-01   3.911665e+00
  4.003048e-02  -2.281528e-06   5.404150e+02   4.303763e-01   6.967709e-01   4.093164e+00
  2.764093e-02   2.881464e-06   1.583918e+03   8.709947e-01   6.327465e-01   2.646037e+00
  1.319947e-03   1.359997e-07   3.426746e-06   8.998470e-11   8.998470e-01   1.551089e+01
  1.364393e-03  -2.007834e-07   3.256353e-06   8.838959e-11   8.838959e-01   1.560455e+01
           inf           -inf            nan            nan            inf            nan
  4.008583e-02   4.234382e-06   5.307098e+02   4.232317e-01   6.954097e-01   4.102039e+00
  2.506772e-02   4.337328e-07   1.624955e+03   8.103752e-01   8.905384e-01   3.917557e+00
  2.511037e-02  -1.330402e-07   1.617131e+03   8.078457e-01   8.885892e-01   3.914174e+00
  3.988517e-02   4.635791e-07   5.455326e+02   4.328748e-01   6.974442e-01   4.089388e+00
  2.762681e-02   1.114760e-06   1.592126e+03   8.750609e-01   6.400452e-01   2.694610e+00
  1.296593e-03   1.450841e-07   3.410557e-06   8.797498e-11   8.797498e-01   1.526093e+01
  1.335016e-03  -6.077170e-07   3.305705e-06   8.779722e-11   8.779722e-01   1.535879e+01
  2.754191e-02  -5.166230e-07   1.605016e+03   8.794345e-01   6.404362e-01   2.672101e+00
  4.005888e-02   4.470189e-07   5.353434e+02   4.266398e-01   6.951324e-01   4.109589e+00
  2.499437e-02  -3.602508e-08   1.628626e+03   8.098298e-01   8.895160e-01   3.909757e+00
  2.512732e-02  -1.567412e-06   1.616832e+03   8.082414e-01   8.886149e-01   3.914987e+00
  4.002085e-02  -1.122193e-07   5.423813e+02   4.318383e-01   6.977504e-01   4.091517e+00
  2.757201e-02   1.403175e-06   1.592981e+03   8.737942e-01   6.374648e-01   2.674331e+00
  1.335432e-03   8.402562e-07   3.347604e-06   8.893770e-11   8.893770e-01   1.537024e+01
  1.346317e-03  -6.236006e-07   3.328662e-06   8.915527e-11   8.915527e-01   1.539043e+01
  2.754564e-02  -1.195779e-06   1.598562e+03   8.760171e-01   6.369516e-01   2.662002e+00
  4.010000e-02   1.590323e-07   5.372410e+02   4.285916e-01   6.957936e-01   4.100410e+00
  2.510313e-02  -1.076224e-07   1.621780e+03   8.099344e-01   8.904845e-01   3.911875e+00
  2.512422e-02  -6.481535e-07   1.617718e+03   8.085847e-01   8.890753e-01   3.913351e+00
  3.988995e-02   1.623645e-06   5.442077e+02   4.318752e-01   6.968659e-01   4.096620e+00
  2.769272e-02   6.901539e-07   1.584576e+03   8.729889e-01   6.393320e-01   2.689626e+00
  1.317216e-03  -4.179272e-08   3.389304e-06   8.881731e-11   8.881731e-01   1.525346e+01
  1.290293e-03  -9.554892e-07   3.452038e-06   8.861235e-11   8.861235e-01   1.540860e+01
  2.757625e-02  -3.633764e-07   1.595884e+03   8.755211e-01   6.378172e-01   2.666987e+00
  4.006920e-02  -5.581188e-06   5.407739e+02   4.310787e-01   6.967698e-01   4.097509e+00
  2.503090e-02  -3.922803e-08   1.627059e+03   8.102332e-01   8.905280e-01   3.915039e+00
  2.507926e-02   1.946647e-06   1.621322e+03   8.089362e-01   8.908866e-01   3.912609e+00
  4.007151e-02   4.448528e-07   5.428339e+02   4.327458e-01   6.970300e-01   4.081255e+00
  2.746655e-02   8.611752e-07   1.595446e+03   8.717992e-01   6.365170e-01   2.676823e+00
  1.341631e-03   1.068685e-06   3.381400e-06   9.025259e-11   9.025259e-01   1.530673e+01
  1.331697e-03  -9.138075e-08   3.326062e-06   8.811826e-11   8.811826e-01   1.526271e+01
           inf            inf            nan            nan            inf            nan
  4.014069e-02   1.528396e-06   5.393279e+02   4.306930e-01   6.963694e-01   4.103693e+00
  2.509742e-02  -1.334952e-06   1.622496e+03   8.101078e-01   8.894159e-01   3.912851e+00
  2.515026e-02  -1.838755e-07   1.618297e+03   8.097124e-01   8.894034e-01   3.913140e+00
  3.984641e-02  -5.025606e-07   5.434796e+02   4.308266e-01   6.992812e-01   4.098024e+00
  2.765727e-02   4.996324e-07   1.585636e+03   8.724545e-01   6.326976e-01   2.640761e+00
  1.331948e-03   1.184739e-07   3.354243e-06   8.888164e-11   8.888164e-01   1.551341e+01
  1.314962e-03  -2.470554e-07   3.397396e-06   8.887702e-11   8.887702e-01   1.512048e+01
  2.759786e-02  -3.307973e-07   1.585859e+03   8.707031e-01   6.415125e-01   2.706033e+00
  3.996966e-02   1.514758e-06   5.480912e+02   4.358263e-01   6.981348e-01   4.094323e+00
  2.505729e-02  -2.677005e-07   1.623977e+03   8.095508e-01   8.904752e-01   3.907810e+00
  2.505693e-02  -5.922958e-07   1.625598e+03   8.103470e-01   8.902200e-01   3.911727e+00
  4.003992e-02   2.326520e-07   5.400090e+02   4.301544e-01   6.951224e-01   4.099764e+00
  2.753644e-02   5.364053e-07   1.601561e+03   8.773673e-01   6.434629e-01   2.704773e+00
  1.325249e-03   5.253243e-07   3.325549e-06   8.767806e-11   8.767806e-01   1.516434e+01
  1.344191e-03   9.135654e-08   3.391009e-06   9.068180e-11   9.068180e-01   1.529530e+01
  2.773732e-02  -1.232608e-06   1.571447e+03   8.671504e-01   6.344171e-01   2.681904e+00
  4.015593e-02  -1.190257e-06   5.449238e+02   4.353270e-01   6.985076e-01   4.067904e+00
  2.513652e-02   1.040589e-07   1.618078e+03   8.091606e-01   8.887284e-01   3.918440e+00
  2.508974e-02  -2.427207e-07   1.623858e+03   8.105397e-01   8.899203e-01   3.909310e+00
  3.995166e-02  -2.532253e-06   5.453380e+02   4.334417e-01   6.982122e-01   4.092589e+00
  2.759726e-02   9.027009e-07   1.584935e+03   8.701772e-01   6.364892e-01   2.669039e+00
  1.346659e-03   1.512702e-08   3.352285e-06   8.981080e-11   8.981080e-01   1.531945e+01
  1.362490e-03   2.889118e-07   3.303618e-06   8.954744e-11   8.954744e-01   1.557569e+01
  2.750815e-02  -1.123241e-06   1.600150e+03   8.756936e-01   6.314344e-01   2.638859e+00
  3.978003e-02   1.220079e-06   5.424736e+02   4.293129e-01   6.979785e-01   4.080318e+00
  2.514903e-02  -7.489554e-08   1.619092e+03   8.100709e-01   8.905124e-01   3.912482e+00
  2.506778e-02   2.367151e-06   1.623712e+03   8.097576e-01   8.910263e-01   3.910300e+00
  3.995663e-02   2.443212e-06   5.427412e+02   4.314314e-01   6.962561e-01   4.082364e+00
  2.762661e-02  -2.511114e-06   1.588609e+03   8.731218e-01   6.384672e-01   2.693674e+00
  1.324876e-03   4.948994e-08   3.372146e-06   8.888156e-11   8.888156e-01   1.524213e+01
  1.350854e-03   2.941203e-08   3.256988e-06   8.752956e-11   8.752956e-01   1.540099e+01
  2.763730e-02   2.679277e-06   1.598075e+03   8.786639e-01   6.389703e-01   2.656014e+00
  4.019944e-02  -1.660903e-06   5.350282e+02   4.278847e-01   6.961006e-01   4.115640e+00
  2.505138e-02  -6.039569e-07   1.624933e+03   8.098366e-01   8.898700e-01   3.914739e+00
  2.510556e-02   5.776616e-07   1.619223e+03   8.087359e-01   8.900422e-01   3.915921e+00
  4.001930e-02   3.863721e-07   5.391667e+02   4.292622e-01   6.963417e-01   4.087042e+00
  2.748469e-02  -2.195264e-06   1.601286e+03   8.755680e-01   6.356403e-01   2.661491e+00
  1.361044e-03   4.665744e-08   3.304219e-06   8.946872e-11   8.946872e-01   1.543053e+01
  1.354526e-03   9.677471e-08   3.316156e-06   8.936189e-11   8.936189e-01   1.510557e+01
  2.760825e-02   1.012655e-07   1.584364e+03   8.702102e-01   6.410666e-01   2.701868e+00
  3.981427e-02   1.245814e-06   5.483374e+02   4.343269e-01   6.974712e-01   4.093864e+00
  2.513729e-02  -4.590707e-09   1.617439e+03   8.088656e-01   8.892712e-01   3.910877e+00
  2.507069e-02  -8.242620e-07   1.624871e+03   8.104294e-01   8.907415e-01   3.912417e+00
  3.999731e-02   1.429043e-06   5.404430e+02   4.300420e-01   6.963715e-01   4.096185e+00
  2.758181e-02   4.605629e-07   1.591478e+03   8.732799e-01   6.373092e-01   2.672706e+00
  1.312813e-03  -6.953997e-08   3.417810e-06   8.926493e-11   8.926493e-01   1.535182e+01
  1.331871e-03   2.992934e-07   3.410666e-06   9.037147e-11   9.037147e-01   1.545694e+01
  2.765208e-02  -1.053834e-06   1.585186e+03   8.720436e-01   6.332285e-01   2.660858e+00
  4.009756e-02   1.098215e-06   5.391540e+02   4.300915e-01   6.968109e-01   4.080886e+00
  2.508194e-02   9.157102e-07   1.622233e+03   8.094770e-01   8.895190e-01   3.911308e+00
  2.507602e-02   3.889203e-07   1.620425e+03   8.083841e-01   8.909620e-01   3.912383e+00
  4.003307e-02  -2.176821e-06   5.397159e+02   4.298473e-01   6.965593e-01   4.084161e+00
  2.752749e-02   1.052171e-06   1.593213e+03   8.725105e-01   6.331456e-01   2.655101e+00
  1.359695e-03  -7.307557e-08   3.324027e-06   8.991584e-11   8.991584e-01   1.547761e+01
  1.362881e-03   2.296686e-07   3.311518e-06   8.978737e-11   8.978737e-01   1.552309e+01
  2.751398e-02   6.087220e-07   1.595150e+03   8.731427e-01   6.318502e-01   2.639928e+00
  3.986186e-02   2.458987e-06   5.435946e+02   4.310850e-01   6.985720e-01   4.090876e+00
  2.511201e-02  -1.116910e-07   1.618497e+03   8.085810e-01   8.891194e-01   3.914370e+00
  2.507799e-02  -1.087075e-06   1.623224e+03   8.098441e-01   8.921946e-01   3.912213e+00
  4.003849e-02  -8.298572e-07   5.369863e+02   4.277313e-01   6.972045e-01   4.102969e+00
  2.765684e-02   1.924761e-06   1.591909e+03   8.758930e-01   6.342097e-01   2.634547e+00
  1.310696e-03  -3.742415e-08   3.381039e-06   8.816216e-11   8.816216e-01   1.555854e+01
  1.311004e-03   3.198707e-07   3.340626e-06   8.712888e-11   8.712888e-01   1.553335e+01
  2.766534e-02   2.074067e-06   1.596592e+03   8.787393e-01   6.364981e-01   2.648786e+00
  4.007611e-02  -1.342158e-06   5.334001e+02   4.252740e-01   6.956310e-01   4.109725e+00
  2.506588e-02   2.082361e-07   1.622794e+03   8.092383e-01   8.898062e-01   3.910465e+00
  2.510180e-02   2.195222e-07   1.620580e+03   8.092924e-01   8.900871e-01   3.915571e+00
  4.001566e-02   1.810559e-06   5.412097e+02   4.308496e-01   6.962721e-01   4.089583e+00
  2.755604e-02  -1.539548e-06   1.592833e+03   8.732068e-01   6.383982e-01   2.687741e+00
  1.326639e-03   2.708723e-07   3.378024e-06   8.915496e-11   8.915496e-01   1.524492e+01
  1.341719e-03  -1.599715e-08   3.266720e-06   8.719741e-11   8.719741e-01   1.516859e+01
  2.766120e-02   6.720704e-07   1.589650e+03   8.747880e-01   6.436759e-01   2.712252e+00
  3.989794e-02   8.836826e-07   5.439884e+02   4.317877e-01   6.970678e-01   4.097460e+00
  2.509888e-02  -2.854216e-08   1.618455e+03   8.081370e-01   8.887712e-01   3.910410e+00
  2.508471e-02  -2.281519e-07   1.625591e+03   8.112423e-01   8.918008e-01   3.912865e+00
  4.009077e-02   7.674523e-07   5.350096e+02   4.267132e-01   6.967986e-01   4.102751e+00
  2.759756e-02  -1.811495e-06   1.595994e+03   8.762586e-01   6.306398e-01   2.614170e+00
  1.316771e-03  -5.160421e-07   3.424200e-06   8.970148e-11   8.970148e-01   1.566804e+01
  1.307169e-03   9.651934e-08   3.366386e-06   8.754387e-11   8.754387e-01   1.523109e+01
  2.751473e-02   1.468083e-06   1.605399e+03   8.787763e-01   6.435650e-01   2.700517e+00
  4.012357e-02  -1.600395e-06   5.365032e+02   4.282546e-01   6.937595e-01   4.100570e+00
  2.511825e-02  -8.358650e-07   1.620379e+03   8.097225e-01   8.899274e-01   3.910330e+00
  2.511520e-02   4.455672e-09   1.620180e+03   8.095245e-01   8.880631e-01   3.913629e+00
  4.006293e-02  -9.467116e-07   5.402370e+02   4.305832e-01   6.968269e-01   4.097188e+00
  2.759474e-02   1.418042e-06   1.590347e+03   8.730688e-01   6.383350e-01   2.680546e+00
  1.300713e-03   1.465465e-07   3.405597e-06   8.812614e-11   8.812614e-01   1.530293e+01
  1.343784e-03  -5.499088e-07   3.302934e-06   8.829973e-11   8.829973e-01   1.492562e+01
  2.770314e-02   1.290520e-06   1.578658e+03   8.700558e-01   6.476436e-01   2.750021e+00
  3.994311e-02  -3.152958e-06   5.517637e+02   4.384551e-01   6.981066e-01   4.089909e+00
  2.510069e-02   5.043931e-07   1.620395e+03   8.091641e-01   8.890603e-01   3.906346e+00
  2.505666e-02  -3.483278e-07   1.627605e+03   8.113392e-01   8.906318e-01   3.913156e+00
  4.006133e-02   9.813595e-07   5.351412e+02   4.265048e-01   6.962090e-01   4.102789e+00
  2.764839e-02  -1.400475e-07   1.597630e+03   8.787719e-01   6.361379e-01   2.652215e+00
  1.316081e-03  -4.400006e-08   3.341193e-06   8.748114e-11   8.748114e-01   1.548012e+01
  1.316754e-03   6.819942e-08   3.473976e-06   9.100421e-11   9.100421e-01   1.513457e+01
  2.746543e-02  -3.683123e-07   1.590456e+03   8.690371e-01   6.391788e-01   2.713322e+00
  4.004799e-02   1.003640e-06   5.483000e+02   4.368468e-01   6.966293e-01   4.066071e+00
  2.516090e-02  -2.688633e-07   1.615058e+03   8.084339e-01   8.885145e-01   3.914919e+00
  2.507703e-02  -3.090182e-07   1.623425e+03   8.099134e-01   8.903958e-01   3.908819e+00
  4.010028e-02   6.038234e-07   5.393632e+02   4.302876e-01   6.946733e-01   4.106001e+00
  2.762088e-02   7.668442e-07   1.598966e+03   8.786318e-01   6.497263e-01   2.737435e+00
  1.285890e-03  -1.802152e-08   3.382540e-06   8.653205e-11   8.653205e-01   1.501707e+01
  1.384767e-03  -4.775689e-07   3.323256e-06   9.155259e-11   9.155259e-01   1.549360e+01
  2.751211e-02  -2.725977e-06   1.584096e+03   8.670329e-01   6.287572e-01   2.642794e+00
  3.986441e-02   2.902505e-07   5.493930e+02   4.357111e-01   7.000461e-01   4.071034e+00
  2.516590e-02  -1.271576e-07   1.618302e+03   8.102182e-01   8.897310e-01   3.918237e+00
  2.507646e-02  -3.715293e-07   1.622751e+03   8.095587e-01   8.906655e-01   3.908952e+00
  4.006256e-02  -1.577471e-06   5.465371e+02   4.356007e-01   6.961711e-01   4.078368e+00
  2.757981e-02   2.035179e-06   1.585663e+03   8.700263e-01   6.422515e-01   2.720453e+00
  1.332623e-03   2.593981e-08   3.415235e-06   9.054367e-11   9.054367e-01   1.510850e+01
  1.323019e-03  -5.086495e-08   3.378219e-06   8.891688e-11   8.891688e-01   1.560596e+01
  2.752136e-02  -1.378787e-06   1.598454e+03   8.751857e-01   6.309810e-01   2.632106e+00
  4.000285e-02   1.970566e-06   5.380645e+02   4.282087e-01   6.975567e-01   4.083032e+00
  2.512439e-02  -3.906251e-07   1.619653e+03   8.095576e-01   8.898461e-01   3.918134e+00
  2.517085e-02   1.979548e-07   1.614910e+03   8.086794e-01   8.887473e-01   3.911093e+00
  4.002945e-02  -1.095843e-06   5.447357e+02   4.338061e-01   6.977711e-01   4.074061e+00
  2.752458e-02   5.778236e-07   1.585646e+03   8.682748e-01   6.317609e-01   2.658664e+00
  1.325394e-03   9.157664e-08   3.467741e-06   9.143696e-11   9.143696e-01   1.542471e+01
  1.378528e-03  -4.140678e-07   3.205240e-06   8.790351e-11   8.790351e-01   1.547728e+01
  2.770494e-02   3.014316e-07   1.592191e+03   8.775715e-01   6.371448e-01   2.651655e+00
  3.990337e-02  -6.273640e-07   5.386580e+02   4.276149e-01   6.969176e-01   4.106170e+00
  2.507287e-02  -3.316338e-07   1.622241e+03   8.091880e-01   8.896960e-01   3.912155e+00
  2.510817e-02   1.296607e-08   1.620769e+03   8.095919e-01   8.890296e-01   3.913461e+00
  4.003770e-02  -1.048892e-06   5.418871e+02   4.316265e-01   6.986830e-01   4.077114e+00
  2.751901e-02   1.358232e-07   1.589094e+03   8.699866e-01   6.278446e-01   2.628217e+00
  1.346120e-03   6.355456e-08   3.384101e-06   9.062693e-11   9.062693e-01   1.562028e+01
  1.295159e-03  -2.104023e-07   3.447970e-06   8.884166e-11   8.884166e-01   1.535114e+01
  2.765384e-02   4.469178e-07   1.589216e+03   8.743160e-01   6.379509e-01   2.674612e+00
  4.001994e-02   6.177427e-07   5.390874e+02   4.292059e-01   6.955311e-01   4.094755e+00
  2.508662e-02   9.298573e-07   1.619392e+03   8.082104e-01   8.888136e-01   3.908374e+00
  2.512613e-02   5.777301e-07   1.620244e+03   8.099091e-01   8.909701e-01   3.914119e+00
  4.000787e-02  -8.897262e-07   5.345529e+02   4.254674e-01   6.978766e-01   4.103203e+00
  2.764878e-02  -2.875399e-07   1.591819e+03   8.755882e-01   6.295958e-01   2.611133e+00
  1.315680e-03  -1.786704e-08   3.359219e-06   8.792631e-11   8.792631e-01   1.570598e+01
  1.395393e-03   6.802525e-09   3.229014e-06   8.963894e-11   8.963894e-01   1.551728e+01
  2.757202e-02  -3.181252e-07   1.594465e+03   8.746088e-01   6.329991e-01   2.638867e+00
  3.998119e-02  -5.358755e-08   5.388460e+02   4.285984e-01   6.966257e-01   4.094392e+00
  2.513137e-02  -9.820344e-08   1.619516e+03   8.097141e-01   8.897082e-01   3.912541e+00
  2.499948e-02   1.679385e-07   1.626976e+03   8.091749e-01   8.902810e-01   3.911649e+00
  4.005494e-02   3.420330e-07   5.349777e+02   4.263064e-01   6.947738e-01   4.116034e+00
  2.770896e-02   1.336554e-08   1.596523e+03   8.800868e-01   6.437641e-01   2.688270e+00
  1.312245e-03  -2.397105e-07   3.331812e-06   8.698123e-11   8.698123e-01   1.526235e+01
  1.259260e-03  -1.077905e-07   3.503741e-06   8.777637e-11   8.777637e-01   1.542285e+01
  2.762137e-02  -1.845785e-06   1.595720e+03   8.768637e-01   6.372588e-01   2.661793e+00
  4.007658e-02   2.343990e-06   5.377021e+02   4.287090e-01   6.968868e-01   4.107529e+00
  2.510433e-02   6.859020e-08   1.624373e+03   8.112684e-01   8.904726e-01   3.912974e+00
  2.508807e-02  -2.963608e-08   1.617514e+03   8.073192e-01   8.878033e-01   3.912489e+00
  4.004308e-02   1.135424e-08   5.436346e+02   4.330766e-01   6.966469e-01   4.090782e+00
  2.762665e-02  -1.173526e-07   1.580613e+03   8.687285e-01   6.366465e-01   2.679426e+00
  1.294537e-03  -6.079066e-07   3.542982e-06   9.124594e-11   9.124594e-01   1.528562e+01
  1.389965e-03   2.392904e-07   3.181869e-06   8.798658e-11   8.798658e-01   1.523212e+01
  2.753807e-02  -1.307778e-06   1.602629e+03   8.780044e-01   6.417781e-01   2.695655e+00
  4.000635e-02   4.155262e-07   5.402098e+02   4.299535e-01   6.958338e-01   4.090500e+00
  2.512148e-02   2.778823e-07   1.619674e+03   8.094738e-01   8.888659e-01   3.910860e+00
  2.510920e-02   1.390439e-06   1.619133e+03   8.088083e-01   8.903872e-01   3.914886e+00
  4.004324e-02  -1.604837e-06   5.405233e+02   4.305997e-01   6.997973e-01   4.085558e+00
  2.761301e-02  -6.851865e-07   1.582801e+03   8.695015e-01   6.252914e-01   2.605942e+00
  1.332839e-03  -2.504288e-07   3.410655e-06   9.043689e-11   9.043689e-01   1.570949e+01
  1.252310e-03  -1.879817e-07   3.549372e-06   8.842877e-11   8.842877e-01   1.530893e+01
  2.761989e-02   1.005619e-06   1.595916e+03   8.769244e-01   6.402474e-01   2.676044e+00
  4.017325e-02  -1.736885e-06   5.373326e+02   4.294477e-01   6.960332e-01   4.107337e+00
  2.507722e-02  -3.002320e-08   1.621978e+03   8.091972e-01   8.887369e-01   3.910657e+00
  2.505947e-02  -2.521298e-08   1.624028e+03   8.096467e-01   8.905620e-01   3.914282e+00
  4.002181e-02   1.005257e-06   5.344223e+02   4.255116e-01   6.965639e-01   4.117645e+00
  2.775135e-02  -1.805643e-06   1.591254e+03   8.785243e-01   6.373373e-01   2.648148e+00
  1.277501e-03  -4.357959e-07   3.409764e-06   8.665940e-11   8.665940e-01   1.548454e+01
  1.403761e-03   7.359139e-07   3.169351e-06   8.851024e-11   8.851024e-01   1.507220e+01
  2.744279e-02   2.582402e-07   1.599183e+03   8.730851e-01   6.439640e-01   2.724833e+00
  3.997560e-02   1.296538e-07   5.485649e+02   4.362678e-01   6.974519e-01   4.081509e+00
  2.514656e-02  -3.040128e-07   1.620797e+03   8.108440e-01   8.900995e-01   3.913105e+00
  2.501419e-02  -3.190254e-07   1.627850e+03   8.100859e-01   8.898421e-01   3.911267e+00
  4.004253e-02   3.366596e-07   5.431684e+02   4.326992e-01   6.961307e-01   4.088121e+00
  2.765208e-02  -2.499924e-06   1.586137e+03   8.725671e-01   6.401089e-01   2.701382e+00
  1.307314e-03  -6.787095e-07   3.450784e-06   8.974861e-11   8.974861e-01   1.521089e+01
  1.267748e-03  -8.565437e-08   3.508968e-06   8.849984e-11   8.849984e-01   1.528495e+01
  2.758543e-02  -7.455496e-07   1.597971e+03   8.769581e-01   6.402211e-01   2.680063e+00
  4.016333e-02   4.004573e-07   5.374485e+02   4.294343e-01   6.965076e-01   4.109436e+00
  2.504215e-02  -1.687414e-08   1.626751e+03   8.104435e-01   8.911915e-01   3.912933e+00
  2.511717e-02  -8.509646e-08   1.619803e+03   8.093995e-01   8.896987e-01   3.915390e+00
  3.999385e-02  -2.171028e-07   5.373971e+02   4.275812e-01   6.974706e-01   4.094645e+00
  2.759286e-02  -6.458664e-07   1.592052e+03   8.739452e-01   6.279373e-01   2.607816e+00
  1.306692e-03  -1.883530e-08   3.463156e-06   9.002753e-11   9.002753e-01   1.570911e+01
  3.804700e-04   1.913974e-07   1.140235e-05   8.630679e-11   8.630679e-01   2.410582e+01
  2.882177e-02   4.321131e-06   1.790053e+03   1.026400e+00   5.500103e-01   2.010715e+00
  4.627815e-02  -1.482550e-06   2.860035e+02   2.633161e-01   6.560924e-01   5.214359e+00
  2.482236e-02  -1.339064e-07   1.589817e+03   7.850916e-01   8.838576e-01   4.700566e+00
  2.503861e-02  -1.152749e-07   1.572069e+03   7.830903e-01   8.820651e-01   4.707817e+00
  4.591264e-02   2.696766e-07   3.003020e+02   2.742968e-01   6.594118e-01   5.156788e+00
  2.903555e-02  -1.847033e-06   1.738380e+03   1.004165e+00   5.397490e-01   1.990353e+00
  4.055914e-04  -2.244925e-07   1.097099e-05   8.852475e-11   8.852475e-01   2.442866e+01
  3.695907e-04  -2.120257e-07   1.164867e-05   8.565000e-11   8.565000e-01   2.433757e+01
  2.911377e-02   3.306050e-06   1.752920e+03   1.015291e+00   5.433129e-01   1.975678e+00
  4.609637e-02  -2.251993e-06   2.901585e+02   2.660923e-01   6.585058e-01   5.204828e+00
  2.494957e-02  -4.601533e-07   1.577613e+03   7.830575e-01   8.814825e-01   4.708505e+00
  2.488822e-02  -3.046352e-07   1.583618e+03   7.841051e-01   8.835625e-01   4.709000e+00
  4.587111e-02   1.114736e-06   2.872917e+02   2.621756e-01   6.596331e-01   5.198966e+00
  2.921859e-02   5.208234e-07   1.740105e+03   1.011497e+00   5.341797e-01   1.912826e+00
  3.998185e-04  -4.386636e-08   1.077746e-05   8.572541e-11   8.572541e-01   2.490447e+01
  3.700501e-04   1.425808e-07   1.141875e-05   8.406387e-11   8.406387e-01   2.383086e+01
  2.896122e-02   2.869419e-06   1.781098e+03   1.026207e+00   5.536035e-01   2.052737e+00
  4.626528e-02   1.155984e-06   2.850837e+02   2.623963e-01   6.549732e-01   5.209170e+00
  2.487573e-02  -6.109563e-08   1.586173e+03   7.849764e-01   8.840024e-01   4.702311e+00
  2.496475e-02   3.423764e-09   1.574338e+03   7.819073e-01   8.814688e-01   4.711500e+00
  4.595037e-02  -3.021143e-07   2.960609e+02   2.706451e-01   6.593043e-01   5.174333e+00
  2.914979e-02  -2.362164e-06   1.752781e+03   1.016467e+00   5.453454e-01   2.014303e+00
  3.944667e-04  -1.327430e-07   1.083989e-05   8.506784e-11   8.506784e-01   2.427050e+01
  3.611382e-04  -1.798619e-07   1.216016e-05   8.736610e-11   8.736610e-01   2.381718e+01
  2.916317e-02  -2.608002e-06   1.750241e+03   1.015460e+00   5.517192e-01   2.066437e+00
  4.601454e-02   2.615988e-06   2.975335e+02   2.723712e-01   6.567405e-01   5.192184e+00
  2.490765e-02  -6.088468e-07   1.578898e+03   7.823788e-01   8.822956e-01   4.706399e+00
  2.488258e-02  -1.310555e-08   1.585390e+03   7.848050e-01   8.840663e-01   4.712629e+00
  4.590476e-02   2.335847e-06   2.832198e+02   2.586494e-01   6.584261e-01   5.224830e+00
  2.929321e-02   5.494869e-07   1.751800e+03   1.020896e+00   5.429465e-01   1.957252e+00
  3.918622e-04   1.144863e-07   1.090411e-05   8.500681e-11   8.500681e-01   2.446394e+01
  3.662123e-04   2.353048e-07   1.209758e-05   8.813765e-11   8.813765e-01   2.436551e+01
           nan           -inf            nan            nan           -inf            nan
  4.611574e-02   4.965577e-06   2.983664e+02   2.737343e-01   6.562793e-01   5.128173e+00
  2.502799e-02   6.294404e-08   1.575480e+03   7.844568e-01   8.824365e-01   4.707363e+00
  2.489625e-02   2.663005e-07   1.581441e+03   7.832803e-01   8.820266e-01   4.700583e+00
  4.611613e-02  -2.432243e-06   2.973436e+02   2.727983e-01   6.555193e-01   5.190012e+00
  2.922262e-02   4.432973e-06   1.751104e+03   1.018032e+00   5.557107e-01   2.095424e+00
  3.934728e-04   6.105414e-08   1.101238e-05   8.620375e-11   8.620375e-01   2.371849e+01
           nan            nan            nan            nan           -inf            nan
           inf -9.827329e+199            nan            nan -1.983505e+202            inf
           nan            nan            nan            nan            inf            nan
  2.496733e-02  -2.089315e-07   1.578192e+03   7.839026e-01   8.833886e-01   4.707097e+00
  2.503256e-02  -1.126115e-07   1.571993e+03   7.828636e-01   8.821750e-01   4.703317e+00
  4.592694e-02   3.562810e-06   2.933498e+02   2.680300e-01   6.594739e-01   5.178700e+00
  2.922774e-02  -2.245212e-06   1.733986e+03   1.008256e+00   5.398078e-01   1.978914e+00
  3.929857e-04  -6.589223e-08   1.114757e-05   8.715396e-11   8.715396e-01   2.440648e+01
  3.689785e-04   1.783823e-07   1.178556e-05   8.651300e-11   8.651300e-01   2.451494e+01
           nan           -inf            nan            nan            inf            nan
  4.617712e-02  -1.210934e-06   2.887234e+02   2.652400e-01   6.574750e-01   5.185559e+00
  2.494603e-02  -1.762411e-08   1.580335e+03   7.842977e-01   8.823263e-01   4.703184e+00
  2.492616e-02  -1.385508e-07   1.577480e+03   7.822571e-01   8.819559e-01   4.709111e+00
  4.602338e-02  -1.280846e-06   2.931823e+02   2.684395e-01   6.558446e-01   5.184520e+00
  2.917677e-02   2.281937e-06   1.762321e+03   1.022946e+00   5.536150e-01   2.078671e+00
  3.956378e-04   3.210066e-07   1.081570e-05   8.512999e-11   8.512999e-01   2.387871e+01
  4.006503e-04  -1.483536e-07   1.071018e-05   8.536744e-11   8.536744e-01   2.465411e+01
  2.910540e-02   2.183470e-06   1.757261e+03   1.017513e+00   5.400398e-01   1.940213e+00
  4.599226e-02  -2.436502e-06   2.847837e+02   2.605734e-01   6.588226e-01   5.211514e+00
  2.494447e-02   4.314532e-07   1.579981e+03   7.840727e-01   8.837289e-01   4.709442e+00
  2.509025e-02  -4.323613e-07   1.566773e+03   7.820620e-01   8.813750e-01   4.706569e+00
  4.601808e-02   1.045686e-06   2.984098e+02   2.731944e-01   6.587041e-01   5.171473e+00
  2.890031e-02  -4.010309e-06   1.760341e+03   1.012114e+00   5.458735e-01   2.030256e+00
  3.875941e-04   4.612458e-08   1.147545e-05   8.848655e-11   8.848655e-01   2.405847e+01
  3.747432e-04   2.779023e-07   1.147308e-05   8.553503e-11   8.553503e-01   2.410030e+01
           nan           -inf            nan            nan           -inf            inf
  4.594573e-02  -6.965610e-07   2.879453e+02   2.631996e-01   6.556438e-01   5.219390e+00
  2.488371e-02  -2.344242e-07   1.583576e+03   7.839426e-01   8.833957e-01   4.706635e+00
  2.503118e-02  -3.158379e-07   1.574201e+03   7.839197e-01   8.826481e-01   4.706566e+00
  4.594502e-02  -1.288999e-06   2.954019e+02   2.700113e-01   6.583402e-01   5.184242e+00
  2.922589e-02   2.611243e-06   1.742725e+03   1.013274e+00   5.452449e-01   2.018877e+00
  3.993103e-04   1.778611e-07   1.089059e-05   8.651516e-11   8.651516e-01   2.421557e+01
           nan            nan            nan            nan           -inf            inf
           inf  2.312785e+190            nan            nan -2.014130e+190            inf
           nan            nan            nan            nan            inf            nan
  2.497387e-02   4.259394e-07   1.580522e+03   7.852654e-01   8.834916e-01   4.704733e+00
  2.506422e-02  -5.636132e-09   1.569052e+03   7.823870e-01   8.813047e-01   4.700972e+00
  4.608154e-02  -3.849672e-06   3.003796e+02   2.753769e-01   6.585191e-01   5.148877e+00
  2.894292e-02   1.366681e-06   1.759077e+03   1.012879e+00   5.472366e-01   2.047575e+00
  3.892610e-04  -2.778737e-08   1.124095e-05   8.705104e-11   8.705104e-01   2.414117e+01
  3.804491e-04   5.004128e-08   1.143035e-05   8.651397e-11   8.651397e-01   2.465041e+01
           nan           -inf            nan            nan            inf            nan
  4.593892e-02  -3.761746e-06   2.898543e+02   2.649053e-01   6.598970e-01   5.181620e+00
  2.495741e-02  -2.038302e-08   1.578052e+03   7.835219e-01   8.824869e-01   4.705996e+00
  2.508349e-02  -4.376110e-07   1.568838e+03   7.828819e-01   8.824258e-01   4.706170e+00
  4.577337e-02   3.571017e-06   2.943407e+02   2.680362e-01   6.606190e-01   5.195943e+00
  2.914846e-02  -2.531871e-06   1.739565e+03   1.008757e+00   5.395773e-01   1.968027e+00
  4.004372e-04   1.873133e-07   1.092401e-05   8.702549e-11   8.702549e-01   2.443029e+01
  3.931352e-04   1.982806e-07   1.097427e-05   8.583167e-11   8.583167e-01   2.419928e+01
  2.931558e-02  -2.147504e-07   1.742562e+03   1.016288e+00   5.438112e-01   1.999116e+00
  4.617786e-02   1.241383e-06   2.885650e+02   2.650987e-01   6.582132e-01   5.192901e+00
  2.495964e-02  -3.035108e-07   1.579787e+03   7.844530e-01   8.835730e-01   4.706730e+00
  2.502252e-02   2.595374e-07   1.574057e+03   7.835770e-01   8.823369e-01   4.706760e+00
  4.599496e-02  -4.114228e-06   2.971728e+02   2.719252e-01   6.565536e-01   5.162616e+00
  2.910256e-02   3.653264e-06   1.748925e+03   1.012587e+00   5.478994e-01   2.045568e+00
  3.791588e-04  -1.237425e-07   1.158070e-05   8.735465e-11   8.735465e-01   2.414722e+01
  3.783202e-04   1.806554e-07   1.168739e-05   8.796446e-11   8.796446e-01   2.447665e+01
  2.893731e-02  -8.082322e-06   1.781818e+03   1.025774e+00   5.446825e-01   1.975334e+00
  4.592438e-02   6.401249e-06   2.873289e+02   2.625141e-01   6.559003e-01   5.198880e+00
  2.496422e-02  -4.334040e-07   1.578580e+03   7.839977e-01   8.833882e-01   4.706484e+00
  2.512610e-02  -5.209062e-08   1.565869e+03   7.827276e-01   8.822143e-01   4.705100e+00
  4.583268e-02   4.183859e-06   2.940566e+02   2.681244e-01   6.619181e-01   5.175088e+00
  2.894266e-02  -4.369768e-06   1.742697e+03   1.003438e+00   5.304053e-01   1.903181e+00
  4.033153e-04   1.188082e-07   1.096512e-05   8.798087e-11   8.798087e-01   2.472842e+01
  3.828124e-04  -1.399849e-07   1.156299e-05   8.806156e-11   8.806156e-01   2.441245e+01
  2.912217e-02   2.368026e-06   1.742914e+03   1.009787e+00   5.413307e-01   1.973337e+00
  4.638819e-02  -5.520300e-06   2.911357e+02   2.686786e-01   6.596028e-01   5.206057e+00
  2.494438e-02  -1.845356e-07   1.576711e+03   7.824470e-01   8.814293e-01   4.706531e+00
  2.493666e-02   1.395462e-07   1.580892e+03   7.842791e-01   8.840318e-01   4.710328e+00
  4.593538e-02   2.660404e-06   2.839203e+02   2.594621e-01   6.582220e-01   5.221019e+00
  2.919741e-02  -1.967560e-06   1.763178e+03   1.024167e+00   5.458050e-01   1.992648e+00
  3.677925e-04   7.542998e-10   1.144370e-05   8.373354e-11   8.373354e-01   2.431146e+01
  3.815097e-04  -6.030017e-07   1.130402e-05   8.579629e-11   8.579629e-01   2.446328e+01
  2.925161e-02   3.539622e-06   1.730352e+03   1.006965e+00   5.379472e-01   1.959775e+00
  4.582989e-02  -3.751639e-06   2.935173e+02   2.676164e-01   6.608878e-01   5.180647e+00
  2.506947e-02  -1.756788e-08   1.571306e+03   7.836753e-01   8.828263e-01   4.707329e+00
  2.497575e-02  -2.082746e-07   1.576864e+03   7.835073e-01   8.824928e-01   4.704950e+00
  4.594248e-02   6.162325e-07   2.948784e+02   2.695179e-01   6.573733e-01   5.185589e+00
  2.920709e-02   1.968819e-07   1.756777e+03   1.020787e+00   5.518222e-01   2.062980e+00
  3.898252e-04  -1.110046e-07   1.109570e-05   8.605078e-11   8.605078e-01   2.401531e+01
  3.785239e-04  -7.718497e-08   1.140060e-05   8.585217e-11   8.585217e-01   2.425930e+01
  2.917396e-02  -3.427987e-06   1.767393e+03   1.025791e+00   5.469349e-01   1.999351e+00
  4.624969e-02   3.142223e-06   2.853376e+02   2.625415e-01   6.560293e-01   5.195548e+00
  2.491617e-02   4.700562e-08   1.581439e+03   7.839062e-01   8.826043e-01   4.712091e+00
  2.494998e-02   3.997085e-07   1.577714e+03   7.831205e-01   8.826847e-01   4.706880e+00
  4.588431e-02   3.813256e-07   2.903335e+02   2.650278e-01   6.560438e-01   5.200686e+00
  2.916429e-02   1.285693e-06   1.753829e+03   1.017581e+00   5.459504e-01   2.001177e+00
  3.741464e-04   1.018480e-08   1.177126e-05   8.761825e-11   8.761825e-01   2.426841e+01
  3.796843e-04  -3.688106e-07   1.155459e-05   8.727849e-11   8.727849e-01   2.422452e+01
  2.893087e-02  -2.287277e-06   1.768671e+03   1.017979e+00   5.456620e-01   1.993563e+00
  4.595505e-02   8.985959e-08   2.929109e+02   2.677928e-01   6.600469e-01   5.209275e+00
  2.498927e-02   3.230186e-07   1.578861e+03   7.849241e-01   8.833599e-01   4.707773e+00
  2.495698e-02   6.875564e-08   1.579307e+03   7.841312e-01   8.822516e-01   4.707066e+00
  4.613876e-02  -3.090321e-06   3.011751e+02   2.764490e-01   6.576054e-01   5.154558e+00
  2.905429e-02   9.254378e-07   1.743902e+03   1.008005e+00   5.447437e-01   2.024509e+00
  3.962762e-04  -3.509555e-07   1.133225e-05   8.933970e-11   8.933970e-01   2.420706e+01
  3.714735e-04   2.536594e-08   1.147458e-05   8.479977e-11   8.479977e-01   2.400994e+01
  2.921990e-02   3.452293e-06   1.748813e+03   1.016605e+00   5.487212e-01   2.033988e+00
  4.597189e-02  -2.677961e-06   2.917941e+02   2.668695e-01   6.569761e-01   5.199743e+00
  2.465985e-02   7.147867e-07   1.597668e+03   7.838037e-01   8.825120e-01   4.705436e+00
  2.507940e-02  -4.834750e-07   1.569633e+03   7.831511e-01   8.825953e-01   4.707646e+00
  4.591751e-02   8.405229e-07   2.905377e+02   2.654062e-01   6.623629e-01   5.167474e+00
  2.898541e-02  -1.718261e-06   1.738338e+03   1.002407e+00   5.268873e-01   1.877199e+00
  3.824675e-04   1.271340e-07   1.148850e-05   8.741543e-11   8.741543e-01   2.500130e+01
  3.794266e-04  -4.326168e-07   1.149533e-05   8.677195e-11   8.677195e-01   2.392438e+01
  2.917175e-02  -3.956687e-06   1.745394e+03   1.012945e+00   5.489546e-01   2.064914e+00
  4.604469e-02   2.898969e-06   3.007500e+02   2.754961e-01   6.601146e-01   5.170550e+00
  2.499944e-02   5.831888e-07   1.572975e+03   7.823159e-01   8.815780e-01   4.707780e+00
  2.481863e-02   6.712432e-07   1.591593e+03   7.858507e-01   8.847309e-01   4.707166e+00
  4.612106e-02  -2.122000e-07   2.816955e+02   2.584695e-01   6.570394e-01   5.224173e+00
  2.921092e-02   7.311452e-07   1.771236e+03   1.029323e+00   5.490499e-01   1.995291e+00
  3.792267e-04  -1.808942e-07   1.108803e-05   8.365337e-11   8.365337e-01   2.431069e+01
  3.787227e-04   1.373614e-07   1.132416e-05   8.532132e-11   8.532132e-01   2.403669e+01
  2.894471e-02   5.165379e-10   1.777869e+03   1.023762e+00   5.517549e-01   2.048981e+00
  4.619056e-02   2.192125e-06   2.890410e+02   2.656091e-01   6.555114e-01   5.194110e+00
  2.490669e-02  -6.154816e-07   1.581727e+03   7.837503e-01   8.833947e-01   4.707538e+00
  2.498097e-02  -4.346775e-07   1.574477e+03   7.824845e-01   8.816805e-01   4.705041e+00
  4.591214e-02  -1.391709e-06   2.976493e+02   2.718708e-01   6.588368e-01   5.183731e+00
  2.919745e-02   1.515197e-06   1.739443e+03   1.010381e+00   5.450273e-01   2.016486e+00
  3.720571e-04   3.800570e-08   1.204260e-05   8.913741e-11   8.913741e-01   2.416994e+01
  3.810692e-04  -3.884827e-07   1.158260e-05   8.780920e-11   8.780920e-01   2.367452e+01
  2.923260e-02  -1.718125e-07   1.729269e+03   1.005681e+00   5.521173e-01   2.107636e+00
  4.577645e-02  -7.666087e-08   3.082192e+02   2.806932e-01   6.596803e-01   5.159379e+00
  2.502766e-02  -5.863270e-07   1.570042e+03   7.817389e-01   8.811247e-01   4.698735e+00
  2.491554e-02   4.031272e-07   1.585390e+03   7.858444e-01   8.842613e-01   4.710015e+00
  4.608679e-02  -1.097807e-06   2.876993e+02   2.637822e-01   6.599736e-01   5.182165e+00
  2.902693e-02  -1.045830e-06   1.750660e+03   1.010958e+00   5.333114e-01   1.903933e+00
  3.910734e-04  -4.046085e-08   1.109234e-05   8.630016e-11   8.630016e-01   2.489818e+01
  3.934787e-04   2.424885e-07   1.117448e-05   8.747396e-11   8.747396e-01   2.439919e+01
  2.895320e-02  -8.942618e-07   1.761201e+03   1.014461e+00   5.419913e-01   2.012617e+00
  4.607948e-02   3.712027e-06   2.923614e+02   2.680142e-01   6.561705e-01   5.143001e+00
  2.523010e-02   4.520990e-07   1.560808e+03   7.834273e-01   8.830125e-01   4.705323e+00
  2.493541e-02   4.950554e-07   1.580470e+03   7.840305e-01   8.833312e-01   4.705152e+00
  4.594265e-02   2.847967e-06   2.867083e+02   2.620514e-01   6.593094e-01   5.220379e+00
  2.918213e-02  -5.192912e-07   1.766271e+03   1.025427e+00   5.488434e-01   2.009341e+00
  3.571988e-04  -1.018489e-07   1.175999e-05   8.356938e-11   8.356938e-01   2.408692e+01
  3.884748e-04   5.085188e-08   1.121374e-05   8.666494e-11   8.666494e-01   2.424397e+01
  2.897038e-02   1.347205e-06   1.762551e+03   1.015842e+00   5.443955e-01   2.010644e+00
  4.579591e-02  -2.611234e-06   2.974903e+02   2.710377e-01   6.608014e-01   5.180470e+00
  2.504422e-02   3.671653e-07   1.573334e+03   7.838963e-01   8.828527e-01   4.706685e+00
  2.480153e-02   3.132299e-07   1.590018e+03   7.845319e-01   8.831302e-01   4.703926e+00
  4.614507e-02   1.576460e-06   2.919832e+02   2.680485e-01   6.567352e-01   5.199440e+00
  2.913951e-02   6.474095e-07   1.764222e+03   1.022741e+00   5.544594e-01   2.072286e+00
  3.904495e-04  -7.071888e-09   1.101931e-05   8.559519e-11   8.559519e-01   2.388934e+01
  3.908773e-04   3.515766e-07   1.103597e-05   8.581856e-11   8.581856e-01   2.413360e+01
  2.888143e-02   2.225414e-06   1.784911e+03   1.025570e+00   5.497856e-01   2.031841e+00
  4.607658e-02   5.815893e-07   2.898493e+02   2.656945e-01   6.560580e-01   5.187104e+00
  2.493405e-02  -4.306673e-07   1.582210e+03   7.848507e-01   8.840958e-01   4.710093e+00
  2.494827e-02  -3.096922e-07   1.578264e+03   7.833398e-01   8.823874e-01   4.704978e+00
  4.596720e-02   2.085102e-06   2.949391e+02   2.697184e-01   6.574841e-01   5.193083e+00
  2.907129e-02  -6.997787e-07   1.761110e+03   1.018546e+00   5.509382e-01   2.050442e+00
  3.613203e-04  -6.546389e-08   1.206391e-05   8.671827e-11   8.671827e-01   2.395492e+01
  3.926421e-04   1.071040e-07   1.125910e-05   8.794897e-11   8.794897e-01   2.407844e+01
  2.891023e-02   3.364546e-06   1.762676e+03   1.013805e+00   5.469442e-01   2.020217e+00
  4.582975e-02  -4.385430e-06   2.995218e+02   2.730902e-01   6.599323e-01   5.197938e+00
  2.503160e-02  -7.619686e-07   1.576604e+03   7.851297e-01   8.832952e-01   4.707710e+00
  2.498654e-02  -9.590441e-08   1.577155e+03   7.839902e-01   8.824893e-01   4.704859e+00
  4.597605e-02  -1.441181e-06   2.997701e+02   2.741890e-01   6.572890e-01   5.174522e+00
  2.902750e-02   2.548952e-06   1.759588e+03   1.016134e+00   5.520875e-01   2.084235e+00
  3.995428e-04   4.189388e-08   1.096305e-05   8.714149e-11   8.714149e-01   2.387162e+01
  3.949859e-04   1.525559e-07   1.107452e-05   8.702351e-11   8.702351e-01   2.422189e+01
  2.903695e-02  -2.657171e-06   1.749704e+03   1.010754e+00   5.442876e-01   2.015877e+00
  4.588067e-02   2.475861e-06   2.987483e+02   2.726876e-01   6.584461e-01   5.166452e+00
  2.498873e-02   1.775176e-08   1.577980e+03   7.844693e-01   8.822111e-01   4.701214e+00
  2.497081e-02   7.954061e-07   1.578768e+03   7.842980e-01   8.825353e-01   4.703362e+00
  4.595828e-02  -4.311910e-06   3.017664e+02   2.759083e-01   6.589908e-01   5.166590e+00
  2.903442e-02   2.521773e-06   1.745678e+03   1.008341e+00   5.455680e-01   2.034476e+00
  3.678114e-04   6.621993e-09   1.200571e-05   8.785028e-11   8.785028e-01   2.410772e+01
  3.937518e-04   2.920791e-08   1.107302e-05   8.673985e-11   8.673985e-01   2.452169e+01
  2.924761e-02  -1.636792e-06   1.732861e+03   1.008287e+00   5.401012e-01   1.992816e+00
  4.570087e-02  -8.875316e-07   2.974120e+02   2.704040e-01   6.599134e-01   5.166476e+00
  2.503231e-02   2.203870e-07   1.577266e+03   7.854815e-01   8.830492e-01   4.704226e+00
  2.504297e-02  -4.149947e-07   1.572524e+03   7.834536e-01   8.822468e-01   4.701909e+00
  4.585349e-02   5.999536e-08   3.011062e+02   2.746770e-01   6.598743e-01   5.160321e+00
  2.901356e-02  -1.068086e-06   1.749568e+03   1.009862e+00   5.449363e-01   2.036621e+00
  4.094905e-04   1.531283e-07   1.058586e-05   8.623833e-11   8.623833e-01   2.415465e+01
  3.936350e-04  -4.506186e-08   1.105602e-05   8.658103e-11   8.658103e-01   2.446628e+01
  2.907946e-02  -1.349733e-06   1.762198e+03   1.019462e+00   5.440212e-01   2.002752e+00
  4.593540e-02   3.199890e-07   2.916668e+02   2.665414e-01   6.562027e-01   5.152206e+00
  2.499205e-02   6.842402e-07   1.579794e+03   7.854750e-01   8.844570e-01   4.707848e+00
  2.495235e-02   4.078536e-07   1.577828e+03   7.832516e-01   8.823044e-01   4.701811e+00
  4.587941e-02  -3.799725e-07   2.968879e+02   2.709820e-01   6.593155e-01   5.182266e+00
  2.922942e-02   8.509236e-07   1.742522e+03   1.013278e+00   5.481984e-01   2.044799e+00
  3.666979e-04   1.083367e-08   1.180917e-05   8.615054e-11   8.615054e-01   2.408843e+01
  3.896716e-04   2.172872e-07   1.129703e-05   8.757762e-11   8.757762e-01   2.459118e+01
  2.882460e-02  -1.633700e-06   1.778167e+03   1.019685e+00   5.387424e-01   1.937158e+00
  4.594348e-02   2.453269e-06   2.868419e+02   2.621782e-01   6.588147e-01   5.200281e+00
  2.489129e-02   2.398664e-07   1.584590e+03   7.846836e-01   8.839613e-01   4.708375e+00
  2.504216e-02   1.205926e-07   1.570880e+03   7.826091e-01   8.813972e-01   4.699563e+00
  4.578962e-02  -3.183855e-06   3.043558e+02   2.772546e-01   6.585600e-01   5.146790e+00
  2.913127e-02   2.351426e-06   1.737667e+03   1.007062e+00   5.460858e-01   2.054031e+00
  4.184982e-04  -6.481292e-09   1.058989e-05   8.816889e-11   8.816889e-01   2.413963e+01
  3.970663e-04  -1.048692e-07   1.085800e-05   8.577149e-11   8.577149e-01   2.450694e+01
  2.914323e-02  -1.185898e-06   1.753449e+03   1.016625e+00   5.438927e-01   1.978574e+00
  4.604563e-02   3.915333e-07   2.884228e+02   2.642093e-01   6.569320e-01   5.203051e+00
  2.488544e-02   2.196212e-07   1.582337e+03   7.833837e-01   8.820643e-01   4.700745e+00
  2.497349e-02  -1.470393e-07   1.577330e+03   7.836676e-01   8.825947e-01   4.706608e+00
  4.590032e-02  -2.168337e-06   2.948934e+02   2.692842e-01   6.602215e-01   5.160328e+00
  2.912327e-02  -9.002189e-07   1.739694e+03   1.007960e+00   5.356146e-01   1.942385e+00
  3.845846e-04   1.708210e-08   1.129544e-05   8.642215e-11   8.642215e-01   2.470629e+01
  3.901343e-04   1.265718e-07   1.112203e-05   8.632333e-11   8.632333e-01   2.462166e+01
  2.926332e-02  -1.807858e-06   1.730624e+03   1.007527e+00   5.374833e-01   1.971248e+00
  4.589559e-02   9.585758e-07   2.923396e+02   2.669247e-01   6.592026e-01   5.168560e+00
  2.491103e-02   4.663572e-07   1.581899e+03   7.839720e-01   8.826564e-01   4.707225e+00
  2.499490e-02  -7.562723e-08   1.575879e+03   7.836180e-01   8.831571e-01   4.702979e+00
  4.584058e-02   4.031132e-06   2.918675e+02   2.661743e-01   6.572710e-01   5.184822e+00
  2.900153e-02  -3.472182e-06   1.773130e+03   1.023038e+00   5.491057e-01   2.027095e+00
  4.113020e-04  -2.953925e-10   1.038053e-05   8.493964e-11   8.493964e-01   2.411526e+01
  3.812285e-04  -2.291718e-07   1.115901e-05   8.463329e-11   8.463329e-01   2.469684e+01
  2.923192e-02   1.269510e-06   1.771206e+03   1.030046e+00   5.452342e-01   1.970306e+00
  4.612471e-02  -1.015800e-06   2.789456e+02   2.559666e-01   6.545933e-01   5.197758e+00
  2.493554e-02  -1.709257e-07   1.581399e+03   7.844953e-01   8.834583e-01   4.711633e+00
  2.489417e-02  -2.585885e-07   1.580997e+03   7.829949e-01   8.824625e-01   4.704978e+00
  4.590566e-02  -6.200014e-07   2.927924e+02   2.673967e-01   6.575462e-01   5.201487e+00
  2.913473e-02  -1.899391e-07   1.757067e+03   1.018426e+00   5.466847e-01   2.004118e+00
  3.954136e-04   5.853341e-08   1.114196e-05   8.764832e-11   8.764832e-01   2.429069e+01
  2.536427e-05   8.939842e-08   1.735628e-04   8.758083e-11   8.758083e-01   3.837575e+01
  3.248391e-02  -9.142876e-07   1.609584e+03   1.040188e+00   4.339818e-01   1.088641e+00
  4.971892e-02  -3.713913e-06   8.715536e+01   8.620768e-02   6.560711e-01   6.654609e+00
  2.345461e-02  -6.155000e-07   1.653927e+03   7.717466e-01   8.928335e-01   5.608950e+00
  2.343440e-02  -1.347456e-07   1.658080e+03   7.730178e-01   8.953068e-01   5.615527e+00
  4.960822e-02  -1.697956e-06   7.414872e+01   7.317915e-02   6.586830e-01   6.694601e+00
  3.290793e-02   6.220181e-06   1.584005e+03   1.037020e+00   4.299340e-01   1.039846e+00
  1.727922e-05   5.397405e-08   2.450430e-04   8.423574e-11   8.423574e-01   3.861860e+01
  1.722291e-05  -1.148412e-10   2.553686e-04   8.749921e-11   8.749921e-01   3.917745e+01
  3.275967e-02   9.003392e-06   1.561554e+03   1.017716e+00   4.251887e-01   1.021207e+00
  4.984235e-02  -7.012916e-06   8.694058e+01   8.620872e-02   6.567279e-01   6.624511e+00
  2.346815e-02   4.511647e-07   1.652028e+03   7.713058e-01   8.930090e-01   5.612062e+00
  2.347637e-02  -2.292440e-07   1.652593e+03   7.718396e-01   8.946281e-01   5.611678e+00
  4.931278e-02  -9.821493e-07   7.744642e+01   7.597854e-02   6.575647e-01   6.664737e+00
  3.331457e-02   2.095227e-07   1.560214e+03   1.034067e+00   4.286001e-01   1.031839e+00
  2.443684e-05  -2.429060e-08   1.706731e-04   8.297366e-11   8.297366e-01   3.891941e+01
  2.783718e-05   8.713998e-08   1.582248e-04   8.762535e-11   8.762535e-01   3.998998e+01
  3.253937e-02   2.003507e-06   1.497103e+03   9.691502e-01   4.072167e-01   9.939554e-01
  4.953990e-02  -5.175844e-06   8.953404e+01   8.824161e-02   6.641291e-01   6.606094e+00
  2.358764e-02   6.318195e-08   1.641319e+03   7.702074e-01   8.918745e-01   5.614659e+00
  2.343876e-02  -5.481081e-08   1.657712e+03   7.729898e-01   8.954094e-01   5.609043e+00
  4.970273e-02   1.632486e-06   7.475027e+01   7.391339e-02   6.562215e-01   6.670492e+00
  3.277907e-02  -5.956351e-07   1.601789e+03   1.044557e+00   4.312895e-01   1.038517e+00
  1.858279e-05  -3.795494e-08   2.257520e-04   8.345889e-11   8.345889e-01   3.859233e+01
  1.529212e-05  -2.586051e-08   2.652551e-04   8.069777e-11   8.069777e-01   4.089038e+01
           nan            nan            nan            nan            nan            nan
  4.953241e-02  -5.364411e-06   7.104625e+01   7.001011e-02   6.669281e-01   6.631539e+00
  2.354495e-02   7.200990e-07   1.644137e+03   7.701337e-01   8.941333e-01   5.620954e+00
  2.346535e-02   1.410933e-07   1.648850e+03   7.697300e-01   8.935358e-01   5.606386e+00
  4.944475e-02  -1.822400e-06   7.548339e+01   7.425090e-02   6.592435e-01   6.691227e+00
  3.276929e-02   1.707194e-06   1.598262e+03   1.041946e+00   4.309426e-01   1.036901e+00
  2.837301e-05   8.343835e-08   1.479527e-04   8.351386e-11   8.351386e-01   3.857485e+01
           nan            nan            nan            nan            nan            nan
           inf           -inf            nan            nan            inf            nan
           nan            nan            nan            nan           -inf            nan
  2.350512e-02   8.707250e-07   1.648846e+03   7.710324e-01   8.967836e-01   5.624142e+00
  2.345752e-02   6.981252e-07   1.646857e+03   7.685431e-01   8.925184e-01   5.614079e+00
  4.964789e-02  -2.694813e-07   7.921219e+01   7.823895e-02   6.580969e-01   6.665295e+00
  3.302993e-02   3.497199e-06   1.574841e+03   1.034843e+00   4.306324e-01   1.044721e+00
  1.695758e-05  -4.040290e-08   2.476756e-04   8.355595e-11   8.355595e-01   3.860650e+01
           nan            nan            nan            nan           -inf            nan
           nan            nan            nan            nan           -inf            nan
           inf            inf            nan            nan -3.737690e+204            inf
           nan            nan            nan            nan            inf            nan
  2.354982e-02   5.458012e-07   1.639242e+03   7.679993e-01   8.923789e-01   5.619061e+00
  4.932207e-02  -1.466138e-06   7.869396e+01   7.721698e-02   6.590813e-01   6.654562e+00
  3.317742e-02  -2.234260e-07   1.552133e+03   1.024476e+00   4.245020e-01   1.018438e+00
  2.636647e-05   5.161297e-08   1.591738e-04   8.349369e-11   8.349369e-01   3.890746e+01
           nan            nan            nan            nan           -inf            nan
           inf            inf            nan            nan -2.095258e+228            nan
           nan            nan            nan            nan            inf            nan
  2.331781e-02   3.347386e-07   1.661226e+03   7.706310e-01   8.951291e-01   5.617656e+00
  2.343692e-02  -2.448405e-07   1.650132e+03   7.693953e-01   8.930751e-01   5.622762e+00
  4.968456e-02   8.701055e-06   7.098013e+01   7.015980e-02   6.568359e-01   6.700756e+00
  3.265847e-02  -1.246145e-05   1.615697e+03   1.049750e+00   4.325596e-01   1.041466e+00
  1.869666e-05  -5.462673e-08   2.211475e-04   8.225761e-11   8.225761e-01   3.851020e+01
  1.042835e-05   3.071381e-08   3.919765e-04   8.132155e-11   8.132155e-01   3.855700e+01
           nan            nan            nan            nan            nan            nan
  4.958029e-02  -1.082973e-05   7.216197e+01   7.117829e-02   6.557614e-01   6.706892e+00
  2.326907e-02  -3.092388e-07   1.667416e+03   7.718861e-01   8.946459e-01   5.615138e+00
  2.354709e-02   1.691799e-07   1.644632e+03   7.704350e-01   8.930462e-01   5.616477e+00
  4.939878e-02  -1.753889e-06   7.805940e+01   7.671345e-02   6.601924e-01   6.674752e+00
  3.296376e-02   5.339396e-06   1.587109e+03   1.040816e+00   4.312536e-01   1.068373e+00
  2.190452e-05   1.778585e-08   1.896134e-04   8.262907e-11   8.262907e-01   3.841847e+01
           nan            nan            nan            nan            nan            nan
           inf           -inf            nan            nan            inf            nan
           nan            nan            nan            nan           -inf            nan
  2.338917e-02   5.161953e-07   1.657225e+03   7.711280e-01   8.943863e-01   5.615414e+00
  2.337824e-02  -5.855675e-08   1.658338e+03   7.712850e-01   8.946980e-01   5.618344e+00
  4.958382e-02   2.119839e-06   7.158196e+01   7.061121e-02   6.531375e-01   6.705171e+00
  3.325141e-02   3.077429e-06   1.606260e+03   1.062566e+00   4.387884e-01   1.044841e+00
  1.723905e-05  -2.306737e-08   2.419688e-04   8.298560e-11   8.298560e-01   3.828192e+01
           nan            nan            nan            nan           -inf            nan
           nan            nan            nan            nan           -inf            nan
           inf           -inf            nan            nan -5.284104e+188            inf
           nan            nan            nan            nan            inf            nan
  2.353538e-02   2.157848e-07   1.649659e+03   7.724059e-01   8.934150e-01   5.613288e+00
  4.951214e-02   1.276929e-06   9.065204e+01   8.929341e-02   6.581581e-01   6.621010e+00
  3.261822e-02  -1.540154e-06   1.600289e+03   1.038458e+00   4.327893e-01   1.064540e+00
  2.247488e-05  -1.219197e-08   1.907334e-04   8.528138e-11   8.528138e-01   3.836378e+01
           nan            nan            nan            nan           -inf            nan
           inf            inf            nan            nan -1.992903e+210            nan
           nan            nan            nan            nan            inf            nan
  2.346513e-02  -1.080144e-06   1.648398e+03   7.695120e-01   8.902985e-01   5.606852e+00
  2.342857e-02  -1.544467e-07   1.658064e+03   7.728177e-01   8.959673e-01   5.615189e+00
  4.956634e-02  -3.899177e-06   6.929328e+01   6.832948e-02   6.579105e-01   6.686928e+00
  3.328217e-02   6.017464e-06   1.567103e+03   1.037622e+00   4.279596e-01   1.020272e+00
  1.944472e-05   2.070222e-09   2.134511e-04   8.257154e-11   8.257154e-01   3.894664e+01
  1.505039e-05  -6.852494e-08   2.676802e-04   8.014828e-11   8.014828e-01   3.991789e+01
           nan           -inf            nan            nan            inf            nan
  4.978525e-02  -3.349800e-06   8.450553e+01   8.369817e-02   6.644236e-01   6.570277e+00
  2.366910e-02   1.384534e-07   1.642258e+03   7.733092e-01   8.943377e-01   5.618533e+00
  2.343936e-02   2.902856e-07   1.656643e+03   7.725110e-01   8.929493e-01   5.602550e+00
  4.952066e-02   3.024121e-06   9.135967e+01   9.000591e-02   6.558795e-01   6.641315e+00
  3.268373e-02  -5.580067e-06   1.615495e+03   1.050430e+00   4.382698e-01   1.069452e+00
  2.062682e-05  -1.176779e-08   2.110533e-04   8.660733e-11   8.660733e-01   3.816083e+01
  2.522137e-05  -2.213998e-08   1.533763e-04   7.695857e-11   7.695857e-01   3.804209e+01
  3.265106e-02  -1.145918e-05   1.646260e+03   1.069365e+00   4.344438e-01   1.087683e+00
  4.967033e-02   9.880417e-06   5.381904e+01   5.318182e-02   6.639031e-01   6.739035e+00
  2.353002e-02  -2.415455e-07   1.643486e+03   7.693403e-01   8.953678e-01   5.617960e+00
  2.355365e-02   4.969834e-08   1.642423e+03   7.696147e-01   8.929516e-01   5.618387e+00
  4.958146e-02  -5.499526e-06   7.880819e+01   7.773575e-02   6.627530e-01   6.619285e+00
  3.297993e-02  -6.413145e-07   1.498358e+03   9.830948e-01   4.092447e-01   9.991118e-01
  2.299421e-05   5.070401e-08   1.817469e-04   8.314110e-11   8.314110e-01   4.020497e+01
  7.407593e-06   8.043381e-09   5.899216e-04   8.693638e-11   8.693638e-01   3.716695e+01
  3.349988e-02   1.961852e-05   1.649607e+03   1.099395e+00   4.593286e-01   1.156167e+00
  4.961060e-02  -9.595689e-06   7.027147e+01   6.935594e-02   6.477188e-01   6.777217e+00
  2.331573e-02  -4.160380e-07   1.660879e+03   7.704013e-01   8.937744e-01   5.614037e+00
  2.346670e-02  -1.243902e-07   1.652141e+03   7.713103e-01   8.955538e-01   5.624991e+00
  4.949874e-02   8.251913e-07   6.710473e+01   6.608112e-02   6.588518e-01   6.696915e+00
  3.283592e-02   4.602762e-06   1.626356e+03   1.062417e+00   4.354589e-01   1.046427e+00
  1.831158e-05   5.080095e-09   2.185470e-04   7.961607e-11   7.961607e-01   3.815286e+01
  2.674745e-05  -1.291898e-07   1.686912e-04   8.976458e-11   8.976458e-01   3.932661e+01
  3.285374e-02   1.033505e-06   1.535539e+03   1.003635e+00   4.230197e-01   9.962764e-01
  4.961130e-02  -5.667474e-06   1.078049e+02   1.064018e-01   6.551214e-01   6.542649e+00
  2.356507e-02   4.678239e-07   1.645093e+03   7.712396e-01   8.907445e-01   5.607545e+00
  2.337532e-02   5.439251e-07   1.662990e+03   7.733522e-01   8.951279e-01   5.609260e+00
  4.956239e-02   9.310462e-07   7.444991e+01   7.340853e-02   6.567265e-01   6.680637e+00
  3.300316e-02  -2.248997e-06   1.590342e+03   1.044182e+00   4.315640e-01   1.040382e+00
  1.924843e-05   5.261721e-09   2.218426e-04   8.495137e-11   8.495137e-01   3.864807e+01
  1.190070e-05  -2.806453e-08   3.323244e-04   7.868010e-11   7.868010e-01   3.976015e+01
  3.226280e-02  -1.771360e-05   1.567571e+03   1.006143e+00   4.130498e-01   1.016930e+00
  4.961868e-02   6.073948e-06   6.433565e+01   6.350780e-02   6.662072e-01   6.682593e+00
  2.329912e-02  -6.954499e-07   1.661417e+03   7.701022e-01   8.946171e-01   5.621023e+00
  2.344758e-02  -9.775308e-07   1.650995e+03   7.701475e-01   8.934541e-01   5.614390e+00
  4.944795e-02   5.436322e-06   7.247055e+01   7.129186e-02   6.572877e-01   6.695086e+00
  3.295775e-02  -3.186222e-06   1.587692e+03   1.041008e+00   4.301375e-01   1.032288e+00
  1.970660e-05   2.850208e-08   2.119171e-04   8.308220e-11   8.308220e-01   3.879492e+01
  2.172495e-05  -6.323245e-08   1.894965e-04   8.190116e-11   8.190116e-01   3.748992e+01
  3.321988e-02   2.368332e-06   1.636009e+03   1.081220e+00   4.481412e-01   1.145015e+00
  4.948651e-02  -2.880604e-06   8.019557e+01   7.895277e-02   6.552583e-01   6.662379e+00
  2.352268e-02   7.626232e-07   1.647560e+03   7.710067e-01   8.936651e-01   5.617572e+00
  2.333923e-02  -2.385036e-07   1.663324e+03   7.723136e-01   8.946804e-01   5.614161e+00
  4.955059e-02   7.133796e-07   7.580030e+01   7.472224e-02   6.558870e-01   6.689621e+00
  3.282445e-02   3.777887e-07   1.608750e+03   1.050548e+00   4.348211e-01   1.049544e+00
  1.808535e-05   5.091010e-09   2.337616e-04   8.410662e-11   8.410662e-01   3.845770e+01
  1.584523e-05  -2.006425e-08   2.739064e-04   8.634373e-11   8.634373e-01   3.898581e+01
  3.284598e-02   1.236741e-05   1.561953e+03   1.020658e+00   4.246567e-01   9.994449e-01
  4.954920e-02  -6.830811e-06   7.484143e+01   7.377494e-02   6.573081e-01   6.684550e+00
  2.336342e-02   5.301593e-07   1.657204e+03   7.702692e-01   8.935570e-01   5.612284e+00
  2.353475e-02  -3.910341e-07   1.647283e+03   7.712727e-01   8.936518e-01   5.616032e+00
  4.950750e-02  -3.700774e-06   8.112647e+01   7.990312e-02   6.598376e-01   6.652777e+00
  3.288297e-02   4.612695e-07   1.570418e+03   1.027345e+00   4.261146e-01   1.026358e+00
  2.292661e-05   8.815162e-10   1.824132e-04   8.320057e-11   8.320057e-01   3.903035e+01
  2.128035e-05  -8.051642e-08   1.927333e-04   8.159540e-11   8.159540e-01   3.844254e+01
  3.306705e-02  -1.151959e-05   1.573934e+03   1.035410e+00   4.291564e-01   1.060918e+00
  4.942563e-02   6.593504e-06   8.454272e+01   8.313015e-02   6.599790e-01   6.614259e+00
  2.358734e-02  -9.815859e-07   1.643016e+03   7.709937e-01   8.934242e-01   5.612966e+00
  2.339838e-02  -3.369451e-07   1.659120e+03   7.723138e-01   8.949790e-01   5.612816e+00
  4.953325e-02  -1.373948e-06   7.125127e+01   7.021333e-02   6.580983e-01   6.697363e+00
  3.293020e-02   2.660927e-06   1.604590e+03   1.051208e+00   4.333558e-01   1.042923e+00
  1.766111e-05  -2.760961e-08   2.332723e-04   8.196173e-11   8.196173e-01   3.846806e+01
  1.607768e-05  -4.733778e-09   2.602515e-04   8.324282e-11   8.324282e-01   3.857366e+01
  3.311356e-02   4.635580e-06   1.595461e+03   1.051047e+00   4.325560e-01   1.043361e+00
  4.952101e-02  -1.695557e-06   6.078462e+01   5.988435e-02   6.557315e-01   6.737698e+00
  2.327951e-02   2.097056e-07   1.664652e+03   7.709523e-01   8.951744e-01   5.620291e+00
  2.349674e-02   5.488292e-07   1.647152e+03   7.699656e-01   8.931637e-01   5.615289e+00
  4.962976e-02  -1.169371e-07   8.047229e+01   7.945453e-02   6.559562e-01   6.661221e+00
  3.306957e-02  -1.679658e-06   1.582932e+03   1.041408e+00   4.330595e-01   1.057440e+00
  2.185532e-05   1.300342e-08   1.967969e-04   8.556687e-11   8.556687e-01   3.835538e+01
  2.131933e-05  -1.172206e-07   2.029488e-04   8.607759e-11   8.607759e-01   3.818180e+01
  3.282704e-02   4.854008e-06   1.604477e+03   1.047841e+00   4.366755e-01   1.062822e+00
  4.959524e-02  -9.196494e-09   9.465100e+01   9.338891e-02   6.555085e-01   6.607587e+00
  2.356088e-02  -1.499995e-07   1.645313e+03   7.712055e-01   8.921529e-01   5.606591e+00
  2.346399e-02  -2.945488e-07   1.656459e+03   7.732374e-01   8.945714e-01   5.615091e+00
  4.970369e-02  -1.402846e-06   7.681655e+01   7.595801e-02   6.582144e-01   6.672176e+00
  3.281755e-02  -2.914743e-06   1.568236e+03   1.023877e+00   4.245512e-01   1.025432e+00
  1.858507e-05  -2.763706e-08   2.275064e-04   8.411781e-11   8.411781e-01   3.915265e+01
  2.122644e-05   6.016716e-08   1.969155e-04   8.315477e-11   8.315477e-01   3.974011e+01
  3.258423e-02  -1.119823e-05   1.557782e+03   1.009821e+00   4.159172e-01   9.847939e-01
  4.944452e-02   7.129437e-06   6.280860e+01   6.178278e-02   6.598948e-01   6.709375e+00
  2.361110e-02   1.696787e-07   1.640149e+03   7.704237e-01   8.949528e-01   5.615429e+00
  2.350979e-02   3.539913e-07   1.646918e+03   7.702840e-01   8.938290e-01   5.613268e+00
  4.971510e-02  -3.305964e-06   7.573220e+01   7.490297e-02   6.592742e-01   6.672463e+00
  3.298636e-02   3.368883e-06   1.577108e+03   1.034966e+00   4.288185e-01   1.046409e+00
  2.058138e-05   2.900889e-08   2.024474e-04   8.289278e-11   8.289278e-01   3.856628e+01
  2.143972e-05  -8.269032e-08   1.919252e-04   8.186180e-11   8.186180e-01   3.817917e+01
  3.284187e-02  -7.914451e-06   1.624905e+03   1.061662e+00   4.400115e-01   1.100728e+00
  4.954163e-02   4.301573e-07   8.345822e+01   8.225637e-02   6.572138e-01   6.643825e+00
  2.352434e-02  -1.096477e-07   1.647984e+03   7.712595e-01   8.931057e-01   5.612058e+00
  2.349419e-02  -2.300230e-07   1.653005e+03   7.726179e-01   8.947072e-01   5.611692e+00
  4.955993e-02  -7.861438e-07   7.734903e+01   7.626331e-02   6.587068e-01   6.657066e+00
  3.305037e-02  -2.046602e-06   1.570167e+03   1.032410e+00   4.272341e-01   1.034019e+00
  1.850393e-05  -3.420891e-08   2.258746e-04   8.314985e-11   8.314985e-01   3.898581e+01
  2.236380e-05   8.933640e-08   1.890171e-04   8.409631e-11   8.409631e-01   3.930281e+01
  3.320467e-02  -4.472534e-06   1.542964e+03   1.019260e+00   4.223804e-01   1.025878e+00
  4.943779e-02   3.618567e-06   6.359820e+01   6.255097e-02   6.576206e-01   6.708970e+00
  2.339008e-02   4.544893e-07   1.656605e+03   7.708696e-01   8.950843e-01   5.611221e+00
  2.347572e-02   3.072104e-07   1.646835e+03   7.691290e-01   8.933953e-01   5.615012e+00
  4.958768e-02   4.726341e-07   7.152281e+01   7.055836e-02   6.588677e-01   6.674190e+00
  3.278980e-02  -2.032991e-06   1.598011e+03   1.042434e+00   4.290418e-01   1.041434e+00
  2.067287e-05  -4.349368e-09   1.982518e-04   8.153572e-11   8.153572e-01   3.869534e+01
  2.087743e-05  -2.303497e-08   2.001777e-04   8.314246e-11   8.314246e-01   3.841303e+01
  3.301104e-02   9.676629e-06   1.603329e+03   1.052960e+00   4.383978e-01   1.087802e+00
  4.970801e-02  -9.278906e-06   8.333753e+01   8.241326e-02   6.543474e-01   6.656650e+00
  2.347953e-02   3.775359e-08   1.650872e+03   7.711396e-01   8.930267e-01   5.617567e+00
  2.341736e-02  -4.560016e-07   1.656714e+03   7.718191e-01   8.949850e-01   5.616099e+00
  4.962069e-02   9.226451e-07   7.037557e+01   6.947282e-02   6.562351e-01   6.709615e+00
  3.304864e-02   8.698948e-07   1.615313e+03   1.062039e+00   4.387837e-01   1.068747e+00
  1.920436e-05  -2.205078e-08   2.148544e-04   8.208699e-11   8.208699e-01   3.818670e+01
  2.095566e-05   2.944784e-08   1.978705e-04   8.249214e-11   8.249214e-01   3.934651e+01
  3.284532e-02   1.576562e-05   1.544800e+03   1.009429e+00   4.174222e-01   9.817417e-01
  4.976210e-02  -3.918588e-06   7.237309e+01   7.164831e-02   6.616611e-01   6.672327e+00
  2.339820e-02  -2.895865e-07   1.657873e+03   7.717270e-01   8.946696e-01   5.611634e+00
  2.340766e-02   3.374079e-07   1.652435e+03   7.695068e-01   8.924809e-01   5.611911e+00
  4.952244e-02  -8.850816e-07   8.108762e+01   7.988895e-02   6.552501e-01   6.658570e+00
  3.294698e-02   1.895550e-06   1.604074e+03   1.051406e+00   4.365601e-01   1.066960e+00
  2.124222e-05  -8.518870e-09   1.988811e-04   8.404727e-11   8.404727e-01   3.828780e+01
  1.954916e-05  -3.871700e-08   2.090881e-04   8.131815e-11   8.131815e-01   3.836394e+01
  3.334051e-02   1.587341e-06   1.596714e+03   1.059082e+00   4.357984e-01   1.029374e+00
  4.952353e-02   2.703989e-06   7.126483e+01   7.021292e-02   6.555451e-01   6.692690e+00
  2.342576e-02   4.574617e-07   1.652795e+03   7.702695e-01   8.942421e-01   5.617961e+00
  2.340592e-02   7.458974e-07   1.654257e+03   7.702982e-01   8.934831e-01   5.615437e+00
  4.962714e-02  -3.208696e-06   7.558359e+01   7.462372e-02   6.558694e-01   6.675350e+00
  3.297864e-02   6.269488e-06   1.596669e+03   1.047558e+00   4.335377e-01   1.047316e+00
  2.141533e-05   1.129866e-09   1.943989e-04   8.282256e-11   8.282256e-01   3.844236e+01
  1.957347e-05  -5.057207e-09   2.187658e-04   8.518782e-11   8.518782e-01   3.894221e+01
  3.300592e-02  -2.119929e-05   1.571359e+03   1.031805e+00   4.270747e-01   1.021255e+00
  4.963739e-02   1.358289e-05   7.603169e+01   7.508164e-02   6.538499e-01   6.649131e+00
  2.346369e-02  -1.363010e-06   1.653274e+03   7.717407e-01   8.940567e-01   5.614757e+00
  2.342983e-02  -4.783719e-08   1.655010e+03   7.714360e-01   8.935002e-01   5.611106e+00
  4.959236e-02   7.949545e-08   8.346070e+01   8.234305e-02   6.570889e-01   6.656634e+00
  3.259606e-02   4.578542e-06   1.639413e+03   1.063123e+00   4.396736e-01   1.061386e+00
  2.081982e-05  -4.760640e-08   2.024717e-04   8.386319e-11   8.386319e-01   3.806005e+01
  2.315460e-05   1.767274e-07   1.732561e-04   7.980976e-11   7.980976e-01   3.891698e+01
  3.286138e-02  -1.979615e-06   1.592261e+03   1.040951e+00   4.289164e-01   1.049251e+00
  4.978030e-02  -7.585229e-07   6.633996e+01   6.569963e-02   6.577181e-01   6.695682e+00
  2.343447e-02  -1.422495e-07   1.654363e+03   7.712872e-01   8.949014e-01   5.614983e+00
  2.344816e-02   1.316589e-07   1.650942e+03   7.701419e-01   8.927209e-01   5.612141e+00
  4.951034e-02   2.170849e-06   8.244864e+01   8.121001e-02   6.571003e-01   6.656942e+00
  3.290642e-02  -2.586388e-06   1.579942e+03   1.034313e+00   4.302124e-01   1.034618e+00
  2.183813e-05   5.712334e-08   1.964476e-04   8.534783e-11   8.534783e-01   3.872401e+01
  1.580797e-05   2.427486e-08   2.556538e-04   8.040043e-11   8.040043e-01   3.768984e+01
  3.316159e-02   2.025192e-05   1.623757e+03   1.071239e+00   4.422687e-01   1.063521e+00
  4.985259e-02  -6.585108e-06   7.489614e+01   7.428093e-02   6.547333e-01   6.683573e+00
  2.340580e-02   5.661613e-07   1.659802e+03   7.728765e-01   8.950664e-01   5.611392e+00
  2.351724e-02  -1.334745e-06   1.647326e+03   7.707191e-01   8.924868e-01   5.614254e+00
  4.947807e-02   2.604754e-06   8.714698e+01   8.578181e-02   6.581048e-01   6.628167e+00
  3.281091e-02  -8.712056e-06   1.569821e+03   1.024704e+00   4.262344e-01   1.029409e+00
  2.181889e-05  -5.944544e-08   1.952323e-04   8.474510e-11   8.474510e-01   3.889892e+01
  2.284767e-05  -2.639102e-08   1.842346e-04   8.374200e-11   8.374200e-01   3.815061e+01
  3.319572e-02   3.080898e-06   1.600897e+03   1.057245e+00   4.360570e-01   1.029966e+00
  4.966561e-02   2.555271e-06   7.604611e+01   7.513857e-02   6.539338e-01   6.662339e+00
  2.339499e-02  -1.730951e-07   1.657980e+03   7.716710e-01   8.945091e-01   5.612796e+00
  2.352595e-02   2.885510e-08   1.646339e+03   7.705426e-01   8.934447e-01   5.614833e+00
  4.957911e-02   9.539877e-07   7.709513e+01   7.604241e-02   6.603189e-01   6.640947e+00
  3.296564e-02  -5.394919e-06   1.549397e+03   1.016142e+00   4.204194e-01   1.026021e+00
  2.163917e-05   1.104486e-07   1.915047e-04   8.244230e-11   8.244230e-01   3.932046e+01
  1.629205e-05  -2.798334e-08   2.626579e-04   8.513270e-11   8.513270e-01   3.781600e+01
  3.247792e-02  -2.344548e-05   1.670422e+03   1.079306e+00   4.443949e-01   1.080721e+00
  4.991525e-02   1.339981e-05   7.465786e+01   7.413767e-02   6.510611e-01   6.689423e+00
  2.336043e-02  -7.634095e-08   1.659108e+03   7.710553e-01   8.937801e-01   5.613755e+00
  2.350747e-02   1.885625e-07   1.650192e+03   7.717388e-01   8.948772e-01   5.619897e+00
  4.950493e-02   3.261685e-07   7.088817e+01   6.981559e-02   6.581974e-01   6.688449e+00
  3.273206e-02   8.015431e-07   1.617711e+03   1.053427e+00   4.338634e-01   1.047909e+00
  2.180796e-05  -4.929803e-08   1.888919e-04   8.195182e-11   8.195182e-01   3.852242e+01
  4.458124e-05   9.315724e-08   9.421596e-05   8.356160e-11   8.356160e-01   5.945559e+01
  3.950763e-02   2.299062e-05   1.023487e+03   8.044394e-01   3.495545e-01   2.478435e+00
  5.660063e-02  -1.017674e-06   5.444392e-08   6.130569e-11   6.130569e-01   8.679544e+00
  2.199004e-02   1.273339e-07   1.598335e+03   6.992362e-01   8.843640e-01   6.578147e+00
  2.245714e-02   5.151611e-07   1.558378e+03   6.962374e-01   8.786629e-01   6.581439e+00
  5.666934e-02  -9.433295e-06   5.510763e-08   6.212838e-11   6.212838e-01   8.349760e+00
  3.674846e-02   2.246551e-05   9.140559e+02   6.682548e-01   3.277540e-01   2.826149e+00
  2.993266e-05  -9.301282e-08   1.248508e-04   7.434754e-11   7.434754e-01   6.187470e+01
  5.004442e-05  -9.342490e-08   8.300195e-05   8.263691e-11   8.263691e-01   6.342425e+01
  3.740934e-02   1.343163e-05   8.512582e+02   6.335363e-01   3.236819e-01   3.002024e+00
  5.678581e-02  -5.813527e-06   5.431325e-08   6.135865e-11   6.135865e-01   8.364488e+00
  2.222353e-02  -4.454662e-07   1.584124e+03   7.003777e-01   8.794360e-01   6.564092e+00
  2.247674e-02   8.512385e-08   1.561549e+03   6.982629e-01   8.783259e-01   6.570789e+00
  5.687373e-02   4.615854e-06   5.495272e-08   6.217718e-11   6.217718e-01   8.353440e+00
  3.683731e-02  -4.200894e-06   9.371500e+02   6.867952e-01   3.276688e-01   2.696574e+00
  3.786802e-05   1.839957e-08   9.810316e-05   7.390703e-11   7.390703e-01   6.107786e+01
  3.364632e-05   1.080717e-07   1.154555e-04   7.728273e-11   7.728273e-01   6.317690e+01
           nan            nan            nan            nan            inf            nan
  5.672333e-02  -1.241238e-05   5.528755e-08   6.239060e-11   6.239060e-01   8.472717e+00
  2.225887e-02   2.292010e-07   1.578253e+03   6.988917e-01   8.802742e-01   6.570947e+00
  2.245162e-02  -2.113381e-07   1.559626e+03   6.966237e-01   8.800905e-01   6.572867e+00
  5.659872e-02   6.992343e-06   5.525895e-08   6.222134e-11   6.222134e-01   8.404738e+00
  3.636136e-02  -2.483513e-05   9.584605e+02   6.933372e-01   3.302333e-01   2.789632e+00
  3.110716e-05  -9.068913e-08   1.227456e-04   7.596202e-11   7.596202e-01   6.067746e+01
           nan            nan            nan            nan            inf            nan
           inf            inf            nan            nan            inf            nan
           nan            nan            nan            nan            nan            nan
  2.229908e-02  -4.910819e-07   1.580913e+03   7.013342e-01   8.776351e-01   6.557347e+00
  2.241350e-02  -4.456009e-07   1.567721e+03   6.990508e-01   8.793156e-01   6.562436e+00
  5.698123e-02  -5.263345e-06   5.460511e-08   6.190066e-11   6.190066e-01   8.410749e+00
  3.671362e-02   9.245997e-06   9.937515e+02   7.258305e-01   3.357237e-01   2.607237e+00
  3.656745e-05  -4.048368e-09   1.059432e-04   7.707221e-11   7.707221e-01   6.092736e+01
           nan            nan            nan            nan           -inf            nan
           nan            nan            nan            nan            nan            nan
           nan            nan            nan            nan            inf            nan
           nan            nan            nan            nan           -inf            nan
  2.243635e-02  -2.115952e-08   1.560209e+03   6.964102e-01   8.773843e-01   6.554272e+00
  5.662141e-02  -7.287568e-06   5.510992e-08   6.207842e-11   6.207842e-01   8.362172e+00
  3.732600e-02   2.424938e-05   8.788796e+02   6.526360e-01   3.260624e-01   2.878874e+00
  3.272932e-05   6.243467e-08   1.184640e-04   7.713536e-11   7.713536e-01   6.180262e+01
           nan            nan            nan            nan            nan            nan
           nan            nan            nan            nan           -inf            nan
           nan            nan            nan            nan           -inf            nan
           inf           -inf            nan            nan -1.061294e+194            inf
           nan            nan            nan            nan            inf            nan
  5.681993e-02   7.662867e-06   5.515298e-08   6.234474e-11   6.234474e-01   8.279659e+00
  3.698531e-02  -2.177325e-05   8.575716e+02   6.310006e-01   3.191639e-01   2.942947e+00
  3.600775e-05   4.915813e-09   1.013041e-04   7.256932e-11   7.256932e-01   6.230231e+01
           nan            nan            nan            nan            nan            nan
           nan            nan            nan            nan            nan            nan
           inf           -inf            nan            nan            inf            nan
           nan            nan            nan            nan            inf            nan
  2.259669e-02  -3.453192e-07   1.550104e+03   6.968442e-01   8.806322e-01   6.579623e+00
  5.665862e-02  -1.716848e-06   5.557673e-08   6.264539e-11   6.264539e-01   8.419444e+00
  3.675660e-02  -6.401430e-06   9.256374e+02   6.768716e-01   3.273215e-01   2.929154e+00
  3.496738e-05   2.666351e-08   1.060007e-04   7.373984e-11   7.373984e-01   6.033606e+01
           nan            nan            nan            nan            nan            nan
           nan            nan            nan            nan            inf            nan
           nan            nan            nan            nan            nan            nan
  2.192928e-02   9.061154e-09   1.608132e+03   7.015786e-01   8.814725e-01   6.568688e+00
  2.226798e-02   6.538640e-07   1.578482e+03   6.992792e-01   8.804594e-01   6.569658e+00
  5.671398e-02  -2.852238e-06   5.461184e-08   6.161793e-11   6.161793e-01   8.417091e+00
  3.777526e-02   1.688692e-05   9.887876e+02   7.430887e-01   3.362671e-01   2.439856e+00
  4.280441e-05   8.846681e-08   9.235924e-05   7.865006e-11   7.865006e-01   6.068615e+01
           nan            nan            nan            nan           -inf            nan
           nan            nan            nan            nan            nan            nan
           nan            nan            nan            nan            inf            nan
           nan            nan            nan            nan           -inf            nan
  2.258872e-02  -3.712770e-07   1.555492e+03   6.990197e-01   8.782411e-01   6.560262e+00
  5.668456e-02   5.263080e-06   5.518322e-08   6.223031e-11   6.223031e-01   8.331199e+00
  3.623232e-02  -1.119654e-05   8.490165e+02   6.119873e-01   3.197842e-01   3.124520e+00
  3.342516e-05   2.822169e-08   1.137593e-04   7.564683e-11   7.564683e-01   6.226124e+01
           nan            nan            nan            nan            nan            nan
           nan            nan            nan            nan           -inf            nan
           nan            nan            nan            nan           -inf            nan
           inf            inf            nan            nan -2.898331e+178            inf
           nan            nan            nan            nan            inf            nan
  5.671937e-02  -1.797436e-06   5.525796e-08   6.235286e-11   6.235286e-01   8.428873e+00
  3.731374e-02   8.015145e-06   9.308610e+02   6.910091e-01   3.299759e-01   2.789713e+00
  4.246095e-05  -9.819197e-09   8.697115e-05   7.346746e-11   7.346746e-01   6.081978e+01
           nan            nan            nan            nan            nan            nan
           nan            nan            nan            nan           -inf            nan
           inf           -inf            nan            nan  1.139090e+187            nan
           nan            nan            nan            nan            inf            nan
  2.251141e-02  -5.873722e-07   1.561290e+03   6.992243e-01   8.785015e-01   6.559154e+00
  5.672424e-02   3.667931e-06   5.488814e-08   6.194088e-11   6.194088e-01   8.342178e+00
  3.676731e-02  -3.885709e-06   9.327116e+02   6.822435e-01   3.287327e-01   2.720689e+00
  3.594256e-05   1.858064e-08   1.083528e-04   7.747815e-11   7.747815e-01   6.144114e+01
           nan            nan            nan            nan           -inf            nan
           inf            inf            nan            nan            inf            nan
           nan            nan            nan            nan            inf            nan
  2.239716e-02  -9.811335e-07   1.572302e+03   7.005824e-01   8.798823e-01   6.561576e+00
  2.246220e-02   2.798355e-07   1.562749e+03   6.983478e-01   8.810948e-01   6.567224e+00
  5.667834e-02  -4.433154e-08   5.545209e-08   6.252666e-11   6.252666e-01   8.374369e+00
  3.738278e-02  -1.116295e-06   8.352981e+02   6.212169e-01   3.186010e-01   3.149604e+00
  4.179960e-05  -5.163990e-08   8.839196e-05   7.350468e-11   7.350468e-01   6.211816e+01
  3.225926e-05   1.697645e-08   1.097597e-04   7.044130e-11   7.044130e-01   5.932312e+01
           nan           -inf            nan            nan            inf            nan
  5.726058e-02  -1.455625e-05   5.432150e-08   6.188104e-11   6.188104e-01   8.446708e+00
  2.235527e-02   6.126724e-07   1.568315e+03   6.974988e-01   8.825293e-01   6.575522e+00
  2.244552e-02  -7.922408e-07   1.563044e+03   6.979609e-01   8.793417e-01   6.567514e+00
  5.676878e-02   3.668476e-06   5.488289e-08   6.198358e-11   6.198358e-01   8.420860e+00
  3.661815e-02   3.311477e-07   9.942244e+02   7.242874e-01   3.357240e-01   2.580043e+00
  3.789943e-05   2.409630e-08   1.008678e-04   7.605281e-11   7.605281e-01   6.053984e+01
  7.154374e-05   5.346722e-07   5.932817e-05   8.444282e-11   8.444282e-01   6.037082e+01
  3.956389e-02   1.044837e-05   1.032913e+03   8.130044e-01   3.462551e-01   2.006743e+00
  5.683218e-02   6.445190e-06   5.361591e-08   6.062031e-11   6.062031e-01   8.406244e+00
  2.210297e-02   6.582557e-08   1.595682e+03   7.016608e-01   8.806266e-01   6.563797e+00
  2.239526e-02   1.142038e-07   1.573647e+03   7.011219e-01   8.816059e-01   6.569900e+00
  5.660704e-02  -2.716609e-06   5.504099e-08   6.198504e-11   6.198504e-01   8.342652e+00
  3.784042e-02  -8.714154e-06   8.506249e+02   6.403599e-01   3.227031e-01   2.991127e+00
  3.830497e-05  -1.386828e-08   9.984494e-05   7.608714e-11   7.608714e-01   6.258639e+01
  2.346965e-05  -6.581140e-08   1.515453e-04   7.075860e-11   7.075860e-01   6.428592e+01
  3.516049e-02  -3.106771e-05   8.850951e+02   6.191202e-01   3.140985e-01   2.770327e+00
  5.747874e-02   3.358269e-06   5.362256e-08   6.131758e-11   6.131758e-01   8.100741e+00
  2.252455e-02  -1.540332e-06   1.559510e+03   6.988346e-01   8.758499e-01   6.553385e+00
  2.248827e-02   3.445299e-07   1.563467e+03   6.994795e-01   8.808556e-01   6.556234e+00
  5.684880e-02  -1.715515e-06   5.494743e-08   6.214394e-11   6.214394e-01   8.348720e+00
  3.726416e-02   5.634737e-06   9.198151e+02   6.819021e-01   3.266440e-01   2.743831e+00
  3.900433e-05  -6.379228e-09   9.474077e-05   7.351566e-11   7.351566e-01   6.129161e+01
  6.104875e-05   6.519744e-08   5.449211e-05   6.618210e-11   6.618210e-01   5.847479e+01
  3.635578e-02   7.568299e-06   9.972585e+02   7.212925e-01   3.349466e-01   2.840875e+00
  5.703211e-02  -8.775349e-06   5.611423e-08   6.366820e-11   6.366820e-01   8.494126e+00
  2.253176e-02   4.680684e-07   1.558801e+03   6.987407e-01   8.838635e-01   6.582739e+00
  2.234906e-02  -1.401970e-07   1.569871e+03   6.979968e-01   8.815790e-01   6.568280e+00
  5.657509e-02   2.319493e-07   5.519492e-08   6.212330e-11   6.212330e-01   8.373558e+00
  3.708652e-02  -7.634646e-06   9.176644e+02   6.770646e-01   3.263735e-01   2.800361e+00
  3.561823e-05  -8.428237e-09   1.065741e-04   7.551866e-11   7.551866e-01   6.166294e+01
  3.006606e-05  -1.597612e-07   1.418086e-04   8.482213e-11   8.482213e-01   5.879252e+01
  3.921358e-02   1.810630e-05   1.210649e+03   9.444626e-01   3.612817e-01   1.475533e+00
  5.719629e-02   3.397386e-06   5.250552e-08   5.974519e-11   5.974519e-01   8.333916e+00
  2.231191e-02  -3.343358e-07   1.578328e+03   7.005903e-01   8.799781e-01   6.555981e+00
  2.238448e-02   5.648909e-08   1.569648e+03   6.990037e-01   8.812287e-01   6.570877e+00
  5.684799e-02  -1.274348e-06   5.480958e-08   6.198715e-11   6.198715e-01   8.403576e+00
  3.714017e-02   1.878962e-06   9.324045e+02   6.889353e-01   3.304595e-01   2.796859e+00
  4.313461e-05  -4.952115e-08   8.708362e-05   7.472957e-11   7.472957e-01   6.155370e+01
  5.383970e-05   9.349831e-08   7.348316e-05   7.870831e-11   7.870831e-01   6.336124e+01
  3.662006e-02   1.359240e-06   7.404973e+02   5.394767e-01   3.139763e-01   3.497840e+00
  5.690959e-02  -4.505431e-06   5.485738e-08   6.210844e-11   6.210844e-01   8.338830e+00
  2.236141e-02  -3.241921e-07   1.573158e+03   6.998447e-01   8.770909e-01   6.566040e+00
  2.235598e-02  -1.149020e-07   1.571423e+03   6.989031e-01   8.805237e-01   6.562576e+00
  5.666557e-02  -3.945757e-08   5.491151e-08   6.190316e-11   6.190316e-01   8.339590e+00
  3.768292e-02   4.881817e-06   9.319007e+02   6.986254e-01   3.282386e-01   2.634585e+00
  3.619206e-05   1.437548e-08   1.032947e-04   7.437405e-11   7.437405e-01   6.168000e+01
  2.254501e-05  -1.141204e-07   1.598055e-04   7.167578e-11   7.167578e-01   6.028050e+01
  3.659442e-02   5.197613e-06   1.061630e+03   7.728912e-01   3.329804e-01   2.070808e+00
  5.724006e-02   8.703742e-07   5.412823e-08   6.163879e-11   6.163879e-01   8.192837e+00
  2.256320e-02  -3.334163e-07   1.559665e+03   7.001035e-01   8.790420e-01   6.553808e+00
  2.231594e-02   5.492436e-07   1.572548e+03   6.981509e-01   8.798121e-01   6.569855e+00
  5.695495e-02  -2.057911e-06   5.452958e-08   6.178653e-11   6.178653e-01   8.409651e+00
  3.680719e-02   6.099937e-06   9.449172e+02   6.919210e-01   3.305628e-01   2.751608e+00
  4.083758e-05  -2.560049e-08   9.173724e-05   7.453081e-11   7.453081e-01   6.117611e+01
  5.925509e-05   4.602542e-08   6.974532e-05   8.221875e-11   8.221875e-01   6.200460e+01
  3.723976e-02  -1.173382e-05   8.095031e+02   5.997296e-01   3.234948e-01   3.435131e+00
  5.675185e-02   8.449666e-06   5.496285e-08   6.205538e-11   6.205538e-01   8.535228e+00
  2.227775e-02  -8.559237e-09   1.575090e+03   6.980826e-01   8.813829e-01   6.572333e+00
  2.241886e-02  -1.810078e-07   1.567561e+03   6.991462e-01   8.785399e-01   6.569547e+00
  5.674979e-02   6.125800e-06   5.495682e-08   6.204632e-11   6.204632e-01   8.346780e+00
  3.757997e-02  -4.509540e-07   9.479291e+02   7.087000e-01   3.300589e-01   2.559759e+00
  3.639058e-05   9.776354e-09   1.023932e-04   7.412936e-11   7.412936e-01   6.111692e+01
  2.502610e-05  -9.962681e-08   1.479313e-04   7.365181e-11   7.365181e-01   6.304073e+01
  3.615828e-02  -1.580226e-05   9.824905e+02   7.067508e-01   3.236835e-01   2.279378e+00
  5.738637e-02   3.819164e-06   5.359211e-08   6.118427e-11   6.118427e-01   8.102628e+00
  2.254452e-02  -5.608886e-07   1.560813e+03   7.000388e-01   8.758442e-01   6.550861e+00
  2.231138e-02   2.355872e-07   1.575504e+03   6.993203e-01   8.808591e-01   6.560111e+00
  5.701581e-02   1.162763e-06   5.432290e-08   6.161811e-11   6.161811e-01   8.393244e+00
  3.684710e-02  -3.458029e-06   9.733046e+02   7.134806e-01   3.315999e-01   2.641977e+00
  4.219253e-05   1.116602e-08   8.886457e-05   7.459237e-11   7.459237e-01   6.087036e+01
  5.093173e-05  -1.211488e-07   6.391291e-05   6.476005e-11   6.476005e-01   6.323876e+01
  3.570858e-02  -1.657109e-06   5.931494e+02   4.213731e-01   3.046111e-01   4.823367e+00
  5.677197e-02  -2.728798e-06   5.682422e-08   6.417969e-11   6.417969e-01   8.522024e+00
  2.258779e-02   1.995738e-07   1.554401e+03   6.985011e-01   8.840204e-01   6.586775e+00
  2.235856e-02  -4.827619e-08   1.566143e+03   6.966349e-01   8.790520e-01   6.562854e+00
  5.691097e-02  -9.369333e-07   5.458591e-08   6.180260e-11   6.180260e-01   8.404845e+00
  3.722539e-02   9.334325e-06   1.005712e+03   7.448058e-01   3.371299e-01   2.425256e+00
  3.661942e-05  -1.997500e-08   1.049749e-04   7.647631e-11   7.647631e-01   6.003360e+01
  3.016440e-05  -8.953995e-08   1.237537e-04   7.426480e-11   7.426480e-01   5.733740e+01
  3.837988e-02   2.910671e-05   1.219991e+03   9.315161e-01   3.603898e-01   1.566368e+00
  5.720434e-02  -3.131603e-06   5.362823e-08   6.103129e-11   6.103129e-01   8.324035e+00
  2.229478e-02   2.106481e-07   1.580647e+03   7.010811e-01   8.814286e-01   6.560915e+00
  2.234135e-02  -4.779487e-08   1.573193e+03   6.992326e-01   8.803177e-01   6.565059e+00
  5.712384e-02   2.166584e-06   5.407565e-08   6.145388e-11   6.145388e-01   8.338495e+00
  3.711874e-02  -7.229526e-06   9.424891e+02   6.959847e-01   3.282870e-01   2.619785e+00
  4.484730e-05   4.258378e-08   8.467376e-05   7.554667e-11   7.554667e-01   6.141633e+01
  4.650173e-05  -8.015669e-08   8.854158e-05   8.191180e-11   8.191180e-01   6.262978e+01
  3.825201e-02   5.017724e-06   7.391275e+02   5.624757e-01   3.172589e-01   3.757972e+00
  5.673253e-02   3.441034e-06   5.541968e-08   6.254986e-11   6.254986e-01   8.544726e+00
  2.231055e-02   9.939107e-07   1.573769e+03   6.985242e-01   8.835266e-01   6.576435e+00
  2.248191e-02  -2.287963e-07   1.560687e+03   6.980383e-01   8.786268e-01   6.570237e+00
  5.698733e-02   5.932331e-09   5.482438e-08   6.215588e-11   6.215588e-01   8.376181e+00
  3.626299e-02  -4.948474e-06   1.000549e+03   7.218253e-01   3.336432e-01   2.563055e+00
  3.568866e-05  -4.429362e-08   1.041975e-04   7.398055e-11   7.398055e-01   6.002543e+01
  3.340826e-05   1.106992e-07   1.248096e-04   8.295300e-11   8.295300e-01   5.990539e+01
  3.953725e-02  -7.485177e-06   1.158715e+03   9.114085e-01   3.566481e-01   1.546012e+00
  5.709314e-02   1.092263e-05   5.238275e-08   5.949801e-11   5.949801e-01   8.307625e+00
  2.205338e-02   8.116834e-10   1.599232e+03   7.016441e-01   8.781995e-01   6.553211e+00
  2.235167e-02   6.295132e-09   1.574145e+03   6.999789e-01   8.791084e-01   6.565128e+00
  5.717297e-02  -2.541312e-06   5.430706e-08   6.176994e-11   6.176994e-01   8.365079e+00
  3.668375e-02   7.313438e-06   1.014334e+03   7.402608e-01   3.356946e-01   2.459462e+00
  4.536001e-05   4.834341e-08   8.482440e-05   7.654628e-11   7.654628e-01   6.026534e+01
  3.180927e-05  -6.956480e-08   1.267294e-04   8.019757e-11   8.019757e-01   6.703048e+01
  3.594866e-02   9.661235e-06   5.078920e+02   3.632320e-01   2.916582e-01   4.638887e+00
  5.686085e-02  -1.072151e-05   5.487904e-08   6.207976e-11   6.207976e-01   8.224485e+00
  2.243834e-02  -4.455749e-07   1.568757e+03   7.002880e-01   8.764554e-01   6.558835e+00
  2.246456e-02  -2.125973e-07   1.564869e+03   6.993687e-01   8.792213e-01   6.557493e+00
  5.695743e-02   1.522063e-07   5.460987e-08   6.188020e-11   6.188020e-01   8.377751e+00
  3.678510e-02   1.120572e-06   9.820767e+02   7.186998e-01   3.338499e-01   2.570964e+00
  3.406177e-05  -5.497303e-10   1.152465e-04   7.809535e-11   7.809535e-01   6.070043e+01
  1.692702e-05   3.916213e-08   1.899335e-04   6.396054e-11   6.396054e-01   6.249744e+01
  3.451525e-02   1.671979e-06   7.964378e+02   5.468812e-01   3.085990e-01   3.331574e+00
  5.691503e-02  -1.281518e-06   5.589632e-08   6.329077e-11   6.329077e-01   8.202189e+00
  2.271221e-02   1.525764e-07   1.551404e+03   7.009942e-01   8.787967e-01   6.565743e+00
  2.238508e-02  -2.345269e-07   1.570629e+03   6.994589e-01   8.791962e-01   6.545422e+00
  5.706555e-02   2.725063e-06   5.431179e-08   6.165925e-11   6.165925e-01   8.323078e+00
  3.682888e-02  -1.611384e-05   9.512331e+02   6.969564e-01   3.294248e-01   2.622053e+00
  4.233505e-05   9.719947e-09   9.239813e-05   7.782040e-11   7.782040e-01   6.146651e+01
  3.978920e-05  -1.743208e-07   9.545832e-05   7.556300e-11   7.556300e-01   6.188826e+01
  3.548126e-02  -1.850140e-05   6.878637e+02   4.855473e-01   3.092346e-01   4.435581e+00
  5.697684e-02   1.277589e-05   5.639335e-08   6.392289e-11   6.392289e-01   8.554790e+00
  2.258655e-02   3.675136e-07   1.550540e+03   6.967275e-01   8.847876e-01   6.584281e+00
  2.259673e-02   2.585401e-07   1.544602e+03   6.943719e-01   8.749228e-01   6.569133e+00
  5.696123e-02  -4.273772e-06   5.496613e-08   6.228804e-11   6.228804e-01   8.329133e+00
  3.653220e-02   3.798782e-07   8.781211e+02   6.382053e-01   3.233986e-01   2.998340e+00
  3.131298e-05  -1.913519e-08   1.206832e-04   7.517983e-11   7.517983e-01   6.237802e+01
  3.035538e-05   6.679739e-08   1.380251e-04   8.335348e-11   8.335348e-01   6.126951e+01
  3.843583e-02   4.822467e-07   9.684022e+02   7.404951e-01   3.426386e-01   2.817855e+00
  5.683523e-02   4.504927e-06   5.441684e-08   6.152918e-11   6.152918e-01   8.606185e+00
  2.219645e-02   2.303007e-07   1.582583e+03   6.988439e-01   8.826615e-01   6.573077e+00
  2.256497e-02   3.555319e-07   1.555589e+03   6.983282e-01   8.783430e-01   6.567244e+00
  5.687147e-02  -5.622862e-06   5.513470e-08   6.238062e-11   6.238062e-01   8.299397e+00
  3.721943e-02   1.466510e-05   8.743417e+02   6.474124e-01   3.219653e-01   2.895624e+00
  3.747058e-05   4.003932e-08   9.759585e-05   7.275318e-11   7.275318e-01   6.200773e+01
  3.924018e-05  -7.110442e-09   1.006111e-04   7.854295e-11   7.854295e-01   6.648040e+01
  3.855984e-02   1.306029e-05   5.965417e+02   4.576212e-01   3.039178e-01   4.078431e+00
  5.673794e-02  -3.550235e-06   5.472055e-08   6.176666e-11   6.176666e-01   8.327220e+00
  2.233584e-02  -1.426684e-07   1.572567e+03   6.987814e-01   8.764211e-01   6.554385e+00
  2.258623e-02   2.662542e-07   1.548122e+03   6.956313e-01   8.800285e-01   6.568733e+00
  5.683544e-02   1.615091e-06   5.523112e-08   6.245011e-11   6.245011e-01   8.368884e+00
  3.693455e-02   6.145973e-06   8.949631e+02   6.576096e-01   3.233145e-01   2.917966e+00
  3.340915e-05  -3.025345e-08   1.108695e-04   7.368984e-11   7.368984e-01   6.134358e+01
  2.661367e-05   3.154898e-08   1.179482e-04   6.244912e-11   6.244912e-01   6.411168e+01
  3.597396e-02  -3.324422e-05   5.957536e+02   4.263685e-01   2.967614e-01   4.232656e+00
  5.654476e-02   5.839539e-06   5.655775e-08   6.362308e-11   6.362308e-01   8.267391e+00
  2.268646e-02  -6.539417e-07   1.544873e+03   6.972517e-01   8.783150e-01   6.574597e+00
  2.244240e-02   5.573754e-07   1.557701e+03   6.954783e-01   8.796870e-01   6.562182e+00
  5.677814e-02   6.020520e-06   5.480411e-08   6.190481e-11   6.190481e-01   8.444982e+00
  3.734115e-02  -9.125940e-06   9.556733e+02   7.099492e-01   3.311920e-01   2.700121e+00
  3.802618e-05  -2.882277e-08   9.997814e-05   7.563415e-11   7.563415e-01   6.062582e+01
  4.555290e-05  -1.844380e-07   7.613045e-05   6.899292e-11   6.899292e-01   5.960854e+01
  3.628712e-02  -2.510822e-05   8.525953e+02   6.154965e-01   3.226474e-01   3.581133e+00
  5.664179e-02   1.863187e-06   5.648344e-08   6.364851e-11   6.364851e-01   8.584560e+00
  2.255107e-02   2.736382e-07   1.553210e+03   6.968310e-01   8.882574e-01   6.589152e+00
  2.236937e-02  -1.014780e-07   1.558942e+03   6.937671e-01   8.767241e-01   6.571803e+00
  5.690647e-02  -2.494697e-06   5.443171e-08   6.162313e-11   6.162313e-01   8.412355e+00
  3.713637e-02  -7.032377e-06   9.763478e+02   7.213303e-01   3.344069e-01   2.602239e+00
  4.051728e-05   7.625784e-08   9.603345e-05   7.740926e-11   7.740926e-01   6.138901e+01
  1.024005e-03   2.572415e-06   3.853995e-06   7.851332e-11   7.851332e-01   9.210122e+01
  5.036580e-02   3.212654e-05   1.707049e-08   1.710456e-11   1.710456e-01   5.101918e+01
  5.032083e-02   2.303095e-06   7.582575e-08   7.590925e-11   7.590925e-01   1.058200e+01
  2.147595e-02  -9.998006e-07   1.626791e+03   6.950472e-01   8.999824e-01   7.696362e+00
  2.158117e-02  -8.346138e-07   1.619597e+03   6.953641e-01   8.981520e-01   7.694292e+00
  5.050674e-02  -7.925668e-07   7.529609e-08   7.565749e-11   7.565749e-01   1.052037e+01
  4.985480e-02   7.307166e-07   1.694600e-08   1.680755e-11   1.680755e-01   4.710579e+01
  8.669054e-04   1.226842e-07   4.293083e-06   7.404080e-11   7.404080e-01   9.166777e+01
  9.964775e-04  -7.741607e-07   3.709857e-06   7.354528e-11   7.354528e-01   9.131496e+01
           inf            inf            nan            nan           -inf            inf
  5.076991e-02   6.743584e-06   7.539459e-08   7.615119e-11   7.615119e-01   1.065885e+01
  2.150832e-02  -4.643868e-07   1.615244e+03   6.911541e-01   8.997410e-01   7.703126e+00
  2.196861e-02  -6.252861e-07   1.581797e+03   6.913269e-01   8.988734e-01   7.701661e+00
  5.041257e-02  -7.819374e-06   7.706840e-08   7.729392e-11   7.729392e-01   1.049019e+01
  4.833389e-02  -1.518185e-05   1.630208e-08   1.567563e-11   1.567563e-01   5.231499e+01
  8.910006e-04  -4.381788e-07   4.134606e-06   7.328958e-11   7.328958e-01   8.818347e+01
           nan            nan            nan            nan           -inf            inf
 1.748559e+306 -4.776499e+295            nan            nan -4.386519e+152            inf
           nan            nan            nan            nan            inf            nan
  2.163030e-02  -2.111474e-06   1.613857e+03   6.944768e-01   8.972988e-01   7.695792e+00
  2.163464e-02   3.078629e-08   1.613171e+03   6.943211e-01   9.068997e-01   7.706801e+00
  5.101500e-02  -2.557995e-06   7.541278e-08   7.653728e-11   7.653728e-01   1.074847e+01
  4.975318e-02  -1.033210e-05   1.669850e-08   1.652831e-11   1.652831e-01   5.581987e+01
  9.745002e-04  -4.099907e-07   4.369703e-06   8.471572e-11   8.471572e-01   8.836737e+01
           nan            nan            nan            nan            nan            nan
           nan            nan            nan            nan            inf            nan
           inf            inf            nan            nan            inf            nan
           nan            nan            nan            nan            nan            nan
  2.158168e-02   7.542892e-07   1.606750e+03   6.898643e-01   8.983077e-01   7.693578e+00
  5.041511e-02  -8.682183e-07   7.475001e-08   7.497252e-11   7.497252e-01   1.065136e+01
  4.899753e-02   4.506104e-05   1.773658e-08   1.728917e-11   1.728917e-01   4.860694e+01
  9.180237e-04  -1.592835e-07   4.370177e-06   7.981473e-11   7.981473e-01   9.185876e+01
           nan            nan            nan            nan            nan            nan
           nan            nan            nan            nan           -inf            nan
           nan            nan            nan            nan            nan            nan
           nan            nan            nan            nan            inf            nan
           nan            nan            nan            nan           -inf            nan
  5.060788e-02  -3.039102e-06   7.596600e-08   7.648346e-11   7.648346e-01   1.047492e+01
  4.943103e-02   2.470282e-05   1.605977e-08   1.579316e-11   1.579316e-01   5.124695e+01
  9.298182e-04   1.102205e-06   3.805538e-06   7.039540e-11   7.039540e-01   9.105106e+01
           nan            nan            nan            nan            nan            nan
           nan            nan            nan            nan            nan            nan
           nan            nan            nan            nan            nan            nan
           nan            nan            nan            nan           -inf            nan
           inf           -inf            nan            nan -7.552769e+182            inf
           nan            nan            nan            nan            inf            nan
  4.854056e-02  -1.708741e-05   1.632396e-08   1.576378e-11   1.576378e-01   5.552249e+01
  8.686871e-04   1.005805e-07   4.486269e-06   7.753160e-11   7.753160e-01   8.802453e+01
           nan            nan            nan            nan            nan            nan
           nan            nan            nan            nan            nan            nan
           nan            nan            nan            nan            nan            nan
           inf           -inf            nan            nan            inf            nan
           nan            nan            nan            nan            inf            nan
  5.074713e-02   2.231869e-06   7.501561e-08   7.573441e-11   7.573441e-01   1.077900e+01
  4.982880e-02   4.845759e-06   1.730170e-08   1.715139e-11   1.715139e-01   5.546855e+01
  1.038896e-03   1.204268e-06   4.017047e-06   8.302506e-11   8.302506e-01   8.978637e+01
           nan            nan            nan            nan            nan            nan
           nan            nan            nan            nan            nan            nan
           nan            nan            nan            nan            nan            nan
           nan            nan            nan            nan            nan            nan
  2.180908e-02   3.491636e-07   1.596487e+03   6.926801e-01   8.963441e-01   7.684857e+00
  5.047574e-02  -4.457957e-08   7.590261e-08   7.622010e-11   7.622010e-01   1.045857e+01
  4.897399e-02  -1.669743e-05   1.652278e-08   1.609825e-11   1.609825e-01   4.883986e+01
  8.330513e-04   1.276293e-07   4.550098e-06   7.540891e-11   7.540891e-01   9.146206e+01
           nan            nan            nan            nan            nan            nan
           nan            nan            nan            nan           -inf            nan
           nan            nan            nan            nan            nan            nan
           nan            nan            nan            nan            inf            nan
           nan            nan            nan            nan           -inf            nan
  5.048662e-02   7.226404e-07   7.651088e-08   7.684748e-11   7.684748e-01   1.074630e+01
  4.875646e-02  -1.250674e-05   1.685917e-08   1.635304e-11   1.635304e-01   6.189685e+01
  1.008396e-03   2.367032e-07   3.845238e-06   7.714084e-11   7.714084e-01   8.941774e+01
           nan            nan            nan            nan            nan            nan
           nan            nan            nan            nan            nan            nan
           nan            nan            nan            nan           -inf            nan
           nan            nan            nan            nan           -inf            nan
           inf           -inf            nan            nan -1.689268e+167            inf
           nan            nan            nan            nan            inf            nan
  4.983383e-02   1.946141e-05   1.660426e-08   1.646167e-11   1.646167e-01   4.387980e+01
  8.598818e-04   7.185279e-08   4.661601e-06   7.974510e-11   7.974510e-01   9.096303e+01
           nan            nan            nan            nan            nan            nan
           nan            nan            nan            nan            nan            nan
           nan            nan            nan            nan           -inf            nan
           inf           -inf            nan            nan -9.991992e+263            nan
           nan            nan            nan            nan            inf            nan
  5.042352e-02  -4.234841e-07   7.696681e-08   7.720880e-11   7.720880e-01   1.070198e+01
  4.814108e-02   1.607423e-05   1.569139e-08   1.502821e-11   1.502821e-01   7.126773e+01
  9.877030e-04   3.666257e-07   3.759104e-06   7.386537e-11   7.386537e-01   9.138435e+01
           nan            nan            nan            nan            nan            nan
           nan            nan            nan            nan           -inf            nan
           nan            nan            nan            nan            inf            nan
           nan            nan            nan            nan            inf            nan
  2.159507e-02   1.226523e-06   1.612698e+03   6.928479e-01   8.996420e-01   7.692838e+00
  5.056105e-02   2.145193e-06   7.548027e-08   7.592410e-11   7.592410e-01   1.054182e+01
  5.015741e-02  -1.829624e-05   1.746339e-08   1.742584e-11   1.742584e-01   4.365480e+01
  8.942839e-04   5.107988e-08   4.275969e-06   7.607468e-11   7.607468e-01   8.913640e+01
           nan            nan            nan            nan           -inf            nan
           inf           -inf            nan            nan           -inf            nan
           nan            nan            nan            nan            inf            nan
  2.147082e-02   1.624232e-06   1.617677e+03   6.909881e-01   9.007724e-01   7.693752e+00
  2.194011e-02  -1.733040e-06   1.582049e+03   6.905400e-01   8.991237e-01   7.713394e+00
  5.035476e-02  -6.736155e-06   7.749740e-08   7.763505e-11   7.763505e-01   1.061073e+01
  4.815717e-02   1.754024e-05   1.550691e-08   1.485649e-11   1.485649e-01   6.910923e+01
  9.629180e-04  -4.583551e-07   3.901253e-06   7.473492e-11   7.473492e-01   9.128806e+01
  9.256968e-04   1.217160e-06   3.872822e-06   7.132248e-11   7.132248e-01   9.079101e+01
           nan           -inf            nan            nan            inf            nan
  5.099398e-02   1.317024e-05   7.489157e-08   7.597697e-11   7.597697e-01   1.047652e+01
  2.169936e-02  -1.401438e-06   1.600470e+03   6.909148e-01   8.977838e-01   7.693360e+00
  2.161799e-02   2.494146e-06   1.613147e+03   6.937760e-01   9.038088e-01   7.704783e+00
  5.063684e-02   6.506227e-06   7.526983e-08   7.582591e-11   7.582591e-01   1.069900e+01
  5.007669e-02   3.779939e-05   1.785878e-08   1.779171e-11   1.779171e-01   4.851145e+01
  9.429340e-04   6.047834e-07   4.139651e-06   7.765602e-11   7.765602e-01   8.720821e+01
  1.062493e-03  -2.917755e-06   3.720456e-06   7.864159e-11   7.864159e-01   8.801060e+01
  5.065629e-02  -1.248531e-04   1.665478e-08   1.678427e-11   1.678427e-01   5.872007e+01
  5.113912e-02   7.452924e-07   7.556792e-08   7.688132e-11   7.688132e-01   1.078494e+01
  2.164849e-02   1.128906e-06   1.600504e+03   6.893100e-01   9.029336e-01   7.713440e+00
  2.171603e-02  -8.755595e-07   1.600439e+03   6.914324e-01   8.989915e-01   7.703773e+00
  5.038236e-02   2.022780e-06   7.629400e-08   7.647140e-11   7.647140e-01   1.057556e+01
  4.916540e-02  -3.771497e-05   1.655971e-08   1.619730e-11   1.619730e-01   5.545489e+01
  9.414328e-04  -4.258530e-08   4.151123e-06   7.774727e-11   7.774727e-01   9.197309e+01
  9.317014e-04   2.273123e-07   4.466771e-06   8.279433e-11   8.279433e-01   9.077356e+01
  4.871805e-02   1.388911e-04   1.835220e-08   1.778722e-11   1.778722e-01   4.268095e+01
  5.051254e-02  -8.222360e-06   7.437658e-08   7.474215e-11   7.474215e-01   1.048817e+01
  2.148431e-02  -2.621573e-06   1.615912e+03   6.906677e-01   8.985230e-01   7.696376e+00
  2.171365e-02  -7.882901e-07   1.609792e+03   6.953967e-01   9.037343e-01   7.706279e+00
  5.056293e-02   4.033153e-06   7.588390e-08   7.633294e-11   7.633294e-01   1.066143e+01
  4.973674e-02  -1.724828e-05   1.749766e-08   1.731361e-11   1.731361e-01   5.078768e+01
  9.527352e-04   2.794175e-09   3.949337e-06   7.485599e-11   7.485599e-01   8.774470e+01
  1.006087e-03  -3.332857e-07   3.774802e-06   7.555444e-11   7.555444e-01   9.190729e+01
  5.093477e-02   1.230022e-05   1.492793e-08   1.512670e-11   1.512670e-01   6.394091e+01
  5.113741e-02   5.994109e-06   7.576531e-08   7.707957e-11   7.707957e-01   1.063952e+01
  2.174690e-02   1.083929e-06   1.600217e+03   6.923189e-01   9.010040e-01   7.709396e+00
  2.156274e-02   6.485007e-07   1.612136e+03   6.915693e-01   8.998626e-01   7.697010e+00
  5.036052e-02   1.880643e-06   7.572289e-08   7.586606e-11   7.586606e-01   1.055681e+01
  4.982891e-02   2.862919e-05   1.706513e-08   1.691691e-11   1.691691e-01   4.672289e+01
  9.332367e-04  -1.047149e-07   4.358987e-06   8.092962e-11   8.092962e-01   9.080859e+01
  9.371080e-04   1.739121e-07   4.019245e-06   7.493147e-11   7.493147e-01   9.058952e+01
  4.913883e-02  -7.331094e-05   1.782597e-08   1.742642e-11   1.742642e-01   4.551163e+01
  5.045814e-02   3.141583e-06   7.528289e-08   7.557143e-11   7.557143e-01   1.050497e+01
  2.169319e-02  -1.203143e-06   1.604361e+03   6.923978e-01   8.987517e-01   7.696176e+00
  2.177787e-02   7.246024e-07   1.602820e+03   6.944326e-01   9.008043e-01   7.702794e+00
  5.031400e-02   5.403769e-06   7.634153e-08   7.641522e-11   7.641522e-01   1.058335e+01
  4.943101e-02  -1.717098e-05   1.694973e-08   1.666834e-11   1.666834e-01   5.276395e+01
  9.145667e-04   4.237357e-07   4.133401e-06   7.520609e-11   7.520609e-01   9.026557e+01
  9.294735e-04  -1.113975e-06   4.032087e-06   7.455849e-11   7.455849e-01   9.141679e+01
  5.092308e-02   8.867487e-06   1.457243e-08   1.476307e-11   1.476307e-01   6.013277e+01
  5.064325e-02  -3.502806e-06   7.710535e-08   7.768483e-11   7.768483e-01   1.053001e+01
  2.185746e-02   5.746198e-09   1.593425e+03   6.928852e-01   8.997822e-01   7.700347e+00
  2.162615e-02   1.390799e-06   1.608208e+03   6.919128e-01   8.998389e-01   7.696170e+00
  5.010878e-02   3.630100e-07   7.641148e-08   7.617326e-11   7.617326e-01   1.051911e+01
  4.972959e-02  -6.489824e-07   1.700331e-08   1.682204e-11   1.682204e-01   4.447859e+01
  9.234524e-04  -4.092689e-07   4.230563e-06   7.772180e-11   7.772180e-01   8.980922e+01
  9.069181e-04   2.047796e-07   4.286182e-06   7.733371e-11   7.733371e-01   8.858048e+01
  4.907998e-02  -1.990530e-05   1.674124e-08   1.634640e-11   1.634640e-01   5.121718e+01
  5.037537e-02  -4.615660e-06   7.657016e-08   7.673755e-11   7.673755e-01   1.061182e+01
  2.179418e-02   1.080374e-06   1.594891e+03   6.915151e-01   9.036116e-01   7.705285e+00
  2.185255e-02  -1.348832e-07   1.592759e+03   6.924403e-01   8.997756e-01   7.700822e+00
  5.030693e-02   2.263350e-06   7.669810e-08   7.676134e-11   7.676134e-01   1.054896e+01
  4.881448e-02  -5.906235e-07   1.616771e-08   1.570100e-11   1.570100e-01   5.526744e+01
  9.054229e-04   2.851433e-07   4.289192e-06   7.726042e-11   7.726042e-01   9.084625e+01
  9.783241e-04  -1.232122e-06   4.312526e-06   8.393530e-11   8.393530e-01   9.137477e+01
  5.013015e-02  -4.387552e-05   1.591320e-08   1.587035e-11   1.587035e-01   6.136042e+01
  5.088196e-02   5.746486e-06   7.567651e-08   7.660465e-11   7.660465e-01   1.073451e+01
  2.172983e-02  -5.854824e-07   1.598768e+03   6.911492e-01   9.028690e-01   7.717762e+00
  2.170541e-02   5.323646e-07   1.599143e+03   6.905347e-01   9.011807e-01   7.704156e+00
  5.023748e-02   1.592444e-06   7.639034e-08   7.634778e-11   7.634778e-01   1.061667e+01
  4.932467e-02  -2.411371e-05   1.688924e-08   1.657313e-11   1.657313e-01   5.136817e+01
  9.871271e-04  -8.466577e-07   3.912574e-06   7.683618e-11   7.683618e-01   8.950702e+01
  8.868546e-04  -9.996176e-07   4.304171e-06   7.594026e-11   7.594026e-01   9.199256e+01
  4.975373e-02   7.686227e-05   1.710958e-08   1.693539e-11   1.693539e-01   5.245171e+01
  5.022472e-02  -1.577366e-05   7.583201e-08   7.577052e-11   7.577052e-01   1.065664e+01
  2.161148e-02   4.082768e-07   1.612344e+03   6.932220e-01   9.014696e-01   7.700645e+00
  2.172838e-02  -6.408007e-07   1.600490e+03   6.918479e-01   8.990503e-01   7.702204e+00
  5.032621e-02   4.740245e-07   7.599804e-08   7.608986e-11   7.608986e-01   1.054900e+01
  4.845055e-02   1.699803e-05   1.670085e-08   1.609783e-11   1.609783e-01   5.210215e+01
  8.918704e-04   3.841678e-07   4.339389e-06   7.699464e-11   7.699464e-01   9.069348e+01
  9.611392e-04   2.902653e-07   4.011311e-06   7.670131e-11   7.670131e-01   9.171177e+01
  5.024986e-02   9.230208e-05   1.605545e-08   1.605046e-11   1.605046e-01   5.275657e+01
  5.010129e-02   5.957408e-06   7.654879e-08   7.629874e-11   7.629874e-01   1.052543e+01
  2.167399e-02  -2.628287e-07   1.607403e+03   6.930968e-01   8.983876e-01   7.692041e+00
  2.180513e-02   2.022421e-06   1.593292e+03   6.911692e-01   9.015991e-01   7.701312e+00
  5.036738e-02   3.827691e-06   7.667619e-08   7.683163e-11   7.683163e-01   1.061692e+01
  4.888074e-02  -4.164544e-05   1.644934e-08   1.599618e-11   1.599618e-01   5.705762e+01
  1.012538e-03  -4.955876e-07   3.699622e-06   7.452445e-11   7.452445e-01   8.903889e+01
  8.809799e-04  -5.471108e-07   4.376433e-06   7.670372e-11   7.670372e-01   9.124467e+01
  4.897715e-02   3.375800e-05   1.499495e-08   1.461062e-11   1.461062e-01   5.776538e+01
  5.030408e-02  -1.037873e-05   7.733010e-08   7.738947e-11   7.738947e-01   1.051364e+01
  2.188031e-02   9.473410e-07   1.591195e+03   6.926392e-01   9.006520e-01   7.699870e+00
  2.166074e-02  -1.654533e-06   1.602194e+03   6.904281e-01   9.014824e-01   7.700297e+00
  5.049944e-02  -4.686009e-07   7.561379e-08   7.596574e-11   7.596574e-01   1.064913e+01
  4.855363e-02  -1.981050e-05   1.754649e-08   1.694892e-11   1.694892e-01   5.110275e+01
  9.234355e-04  -2.016410e-07   4.333477e-06   7.961102e-11   7.961102e-01   8.881460e+01
  1.054387e-03   8.989447e-07   4.022235e-06   8.437184e-11   8.437184e-01   9.047645e+01
  4.862270e-02  -8.686677e-05   1.605120e-08   1.552661e-11   1.552661e-01   6.819823e+01
  5.068152e-02   1.867577e-05   7.616123e-08   7.679160e-11   7.679160e-01   1.075329e+01
  2.173113e-02   1.376948e-06   1.596335e+03   6.901387e-01   9.035014e-01   7.715492e+00
  2.167920e-02   5.022294e-07   1.598197e+03   6.892929e-01   8.994758e-01   7.703220e+00
  5.039399e-02   1.615060e-07   7.594212e-08   7.613627e-11   7.613627e-01   1.064340e+01
  4.924648e-02   2.664468e-05   1.689987e-08   1.655727e-11   1.655727e-01   5.353954e+01
  1.025614e-03  -5.429918e-07   3.714723e-06   7.579497e-11   7.579497e-01   9.014941e+01
  9.774070e-04  -2.875998e-06   4.007765e-06   7.793057e-11   7.793057e-01   9.415832e+01
  4.905398e-02  -1.720252e-04   1.639724e-08   1.600203e-11   1.600203e-01   6.427720e+01
  5.066017e-02  -2.207580e-06   7.537236e-08   7.596420e-11   7.596420e-01   1.070302e+01
  2.164997e-02   1.138972e-06   1.606724e+03   6.920362e-01   8.997937e-01   7.699768e+00
  2.170056e-02  -1.148838e-06   1.599248e+03   6.904257e-01   8.992213e-01   7.704146e+00
  5.071229e-02  -3.383044e-06   7.570903e-08   7.638201e-11   7.638201e-01   1.053352e+01
  4.870760e-02   1.281775e-05   1.704134e-08   1.651317e-11   1.651317e-01   4.904842e+01
  9.353247e-04   5.112668e-08   4.064479e-06   7.563057e-11   7.563057e-01   8.837900e+01
  1.022068e-03  -8.532696e-07   3.535825e-06   7.189530e-11   7.189530e-01   9.183188e+01
  4.613776e-02  -1.168209e-05   1.639109e-08   1.504508e-11   1.504508e-01   6.506592e+01
  5.011559e-02  -1.072643e-05   7.750831e-08   7.727718e-11   7.727718e-01   1.055649e+01
  2.185994e-02  -5.193167e-07   1.589484e+03   6.912501e-01   8.983024e-01   7.705759e+00
  2.176814e-02   4.349929e-07   1.592728e+03   6.897521e-01   9.012779e-01   7.707753e+00
  5.061656e-02   1.512797e-06   7.600974e-08   7.654063e-11   7.654063e-01   1.071485e+01
  4.950348e-02   3.886005e-06   1.658414e-08   1.633273e-11   1.633273e-01   5.713187e+01
  1.032172e-03  -2.054208e-07   3.971075e-06   8.154366e-11   8.154366e-01   8.887777e+01
  1.034926e-03  -1.274977e-06   3.740096e-06   7.700559e-11   7.700559e-01   9.040132e+01
  4.954634e-02   1.254022e-04   1.448826e-08   1.428098e-11   1.428098e-01   7.180323e+01
  5.115821e-02  -2.083682e-05   7.644860e-08   7.780635e-11   7.780635e-01   1.069168e+01
  2.185814e-02   3.500046e-07   1.594602e+03   6.934187e-01   9.041786e-01   7.713717e+00
  2.154438e-02  -6.488643e-07   1.608645e+03   6.894844e-01   8.979776e-01   7.696785e+00
  5.081754e-02  -1.501324e-06   7.415875e-08   7.497322e-11   7.497322e-01   1.063341e+01
  4.933403e-02   3.033459e-05   1.791402e-08   1.758206e-11   1.758206e-01   4.763112e+01
  9.618193e-04   2.451673e-08   4.210058e-06   8.055857e-11   8.055857e-01   9.038275e+01
  1.142385e-03   1.091764e-06   3.435287e-06   7.807388e-11   7.807388e-01   9.059408e+01
  4.876854e-02   1.200474e-04   1.579483e-08   1.532445e-11   1.532445e-01   6.889818e+01
  5.037804e-02  -4.003508e-06   7.639433e-08   7.656540e-11   7.656540e-01   1.079604e+01
  2.166661e-02   3.990383e-07   1.602834e+03   6.908912e-01   9.041902e-01   7.711344e+00
  2.173524e-02  -1.429684e-06   1.599036e+03   6.914373e-01   8.961613e-01   7.703287e+00
  5.024102e-02   4.852984e-07   7.637935e-08   7.634218e-11   7.634218e-01   1.053536e+01
  4.964441e-02   1.689670e-05   1.673819e-08   1.653137e-11   1.653137e-01   5.176215e+01
  9.288152e-04   2.857504e-07   3.963190e-06   7.323259e-11   7.323259e-01   9.172136e+01
  9.958099e-04   1.575417e-06   3.588623e-06   7.109424e-11   7.109424e-01   9.027601e+01
  4.924831e-02  -6.141595e-05   1.598340e-08   1.565996e-11   1.565996e-01   6.362636e+01
  5.152813e-02   2.486081e-06   7.487666e-08   7.675753e-11   7.675753e-01   1.070761e+01
  2.154563e-02   1.002135e-06   1.615083e+03   6.922837e-01   9.006207e-01   7.704942e+00
  2.184592e-02  -6.392158e-08   1.589314e+03   6.907327e-01   8.979496e-01   7.696198e+00
  5.046709e-02  -5.717669e-06   7.622754e-08   7.653328e-11   7.653328e-01   1.047011e+01
  4.897356e-02  -1.304358e-05   1.697116e-08   1.653496e-11   1.653496e-01   4.609648e+01
  9.106305e-04  -1.972624e-07   4.111932e-06   7.449347e-11   7.449347e-01   8.844654e+01
  1.123213e-03   5.643926e-07   3.360077e-06   7.508297e-11   7.508297e-01   8.750866e+01
  4.910559e-02  -8.936956e-05   1.670672e-08   1.632121e-11   1.632121e-01   6.612030e+01
  5.081529e-02  -7.962397e-06   7.698041e-08   7.782243e-11   7.782243e-01   1.076678e+01
  2.181201e-02  -6.758739e-07   1.590268e+03   6.900748e-01   9.033658e-01   7.712985e+00
  2.187589e-02  -2.919450e-07   1.584516e+03   6.895925e-01   9.016649e-01   7.712287e+00
  5.070694e-02  -1.240001e-06   7.667278e-08   7.734616e-11   7.734616e-01   1.061902e+01
  4.937484e-02  -1.281645e-05   1.557469e-08   1.529872e-11   1.529872e-01   5.950774e+01
  9.327376e-04   1.788736e-07   4.327118e-06   8.029498e-11   8.029498e-01   8.944203e+01
  1.096340e-03  -5.483789e-07   3.862587e-06   8.424689e-11   8.424689e-01   8.889102e+01
  5.222393e-02   9.085536e-05   1.685842e-08   1.751526e-11   1.751526e-01   5.624124e+01
  5.142466e-02  -1.099232e-05   7.406118e-08   7.576911e-11   7.576911e-01   1.088436e+01
  2.131506e-02   1.202874e-06   1.629766e+03   6.911017e-01   9.049207e-01   7.723870e+00
  2.170714e-02  -7.342468e-07   1.599532e+03   6.907577e-01   9.019693e-01   7.713073e+00
  5.070717e-02   9.626371e-07   7.451769e-08   7.517248e-11   7.517248e-01   1.074793e+01
  4.880403e-02  -2.690373e-05   1.793132e-08   1.740997e-11   1.740997e-01   5.336452e+01
  9.913177e-04  -1.174116e-06   4.057603e-06   8.002257e-11   8.002257e-01   8.940810e+01
  1.069723e-03   7.745369e-08   3.028425e-06   6.444930e-11   6.444930e-01   1.813672e+02
           inf  2.181142e+238   0.000000e+00   1.000000e-22 -1.311305e+240            inf
  5.098823e-02  -2.859234e-06   8.042558e-08   8.158198e-11   8.158198e-01   1.426022e+01
  1.797130e-02   1.266960e-06   1.680920e+03   6.009754e-01   9.312955e-01   9.067163e+00
  1.823156e-02  -2.086376e-07   1.697791e+03   6.157976e-01   9.366176e-01   9.033953e+00
  4.990450e-02   3.189357e-06   8.238369e-08   8.179205e-11   8.179205e-01   1.451728e+01
  5.048345e-02   2.240680e-05   6.912602e-09   6.942577e-12   6.942577e-02   1.359368e+03
  9.396601e-04  -5.916908e-07   3.780653e-06   7.067531e-11   7.067531e-01   1.864754e+02
           inf            inf            nan            nan -2.481603e+238            inf
 2.190654e+289  2.599242e+142            nan            nan  1.552813e+144  7.198142e+197
           inf            inf            nan            nan           -inf            nan
  1.842064e-02   8.247037e-07   1.657093e+03   6.072699e-01   9.373840e-01   9.061972e+00
  1.800211e-02  -2.990471e-07   1.684616e+03   6.033293e-01   9.363401e-01   9.059449e+00
  5.088335e-02  -2.567869e-07   8.056146e-08   8.155173e-11   8.155173e-01   1.472605e+01
  4.991438e-02  -3.956245e-06   9.399039e-09   9.333388e-12   9.333388e-02   1.080913e+03
  1.006115e-03   5.875204e-07   3.391121e-06   6.787677e-11   6.787677e-01   1.843107e+02
           nan            nan            nan            nan            inf            nan
           nan            nan            nan            nan           -inf            nan
           inf -2.098966e+297            nan            nan -6.315614e+153            inf
           nan            nan            nan            nan            inf            nan
  1.823622e-02   2.281438e-07   1.698901e+03   6.163583e-01   9.388812e-01   9.030590e+00
  4.999067e-02  -8.024088e-06   8.221229e-08   8.176282e-11   8.176282e-01   1.446493e+01
  5.119933e-02  -2.583883e-05   8.441754e-09   8.598588e-12   8.598588e-02   9.460766e+02
  9.295463e-04  -8.171979e-07   3.579720e-06   6.619882e-11   6.619882e-01   1.886132e+02
           nan            nan            nan            nan            nan            nan
           inf           -inf            nan            nan            inf            nan
           nan            nan            nan            nan            inf            nan
           inf            inf            nan            nan            inf            nan
           nan            nan            nan            nan            nan            nan
  5.047696e-02   1.187545e-06   8.070122e-08   8.104075e-11   8.104075e-01   1.466849e+01
  5.063770e-02  -4.568842e-06   7.208466e-09   7.261845e-12   7.261845e-02   1.251991e+03
  9.791326e-04   8.999265e-07   3.144087e-06   6.124438e-11   6.124438e-01   1.842725e+02
           nan            nan            nan            nan            nan            nan
           nan            nan            nan            nan            nan            nan
           inf           -inf            nan            nan            nan            nan
           nan            nan            nan            nan            nan            nan
           inf           -inf            nan            nan  2.358542e+250            nan
           nan            nan            nan            nan           -inf            nan
  4.926564e-02   3.599837e-05   1.040686e-08   1.019985e-11   1.019985e-01   9.150254e+02
  9.237289e-04  -6.634576e-07   3.682388e-06   6.767126e-11   6.767126e-01   1.812970e+02
           nan            nan            nan            nan            nan            nan
           nan            nan            nan            nan            nan            nan
           nan            nan            nan            nan            nan            nan
           nan            nan            nan            nan           -inf            nan
           nan            nan            nan            nan           -inf            nan
 3.359379e+264 -1.077631e+262            nan            nan -2.031649e+128            inf
           inf            inf            nan            nan            inf            nan
  1.020799e-03   5.631323e-07   3.534455e-06   7.177825e-11   7.177825e-01   1.836996e+02
           nan            nan            nan            nan            nan            nan
           nan            nan            nan            nan            nan            nan
           nan            nan            nan            nan            nan            nan
           nan            nan            nan            nan            nan            nan
           inf           -inf            nan            nan  4.263945e+282            nan
           nan            nan            nan            nan            inf            nan
  4.965519e-02   1.306571e-06   7.305454e-09   7.216755e-12   7.216755e-02   9.101338e+02
  9.353122e-04   1.488283e-07   3.635156e-06   6.764097e-11   6.764097e-01   1.882068e+02
           nan            nan            nan            nan            nan            nan
           nan            nan            nan            nan            nan            nan
           nan            nan            nan            nan            nan            nan
           nan            nan            nan            nan            inf            nan
           nan            nan            nan            nan            nan            nan
  5.068055e-02  -5.143791e-06   8.102403e-08   8.169309e-11   8.169309e-01   1.458015e+01
  4.955497e-02  -1.168209e-05   7.878866e-09   7.767497e-12   7.767497e-02   1.162067e+03
  1.003519e-03   1.094610e-07   3.342735e-06   6.673560e-11   6.673560e-01   1.849706e+02
           nan            nan            nan            nan            nan            nan
           nan            nan            nan            nan            nan            nan
           nan            nan            nan            nan           -inf            nan
           nan            nan            nan            nan            nan            nan
           inf           -inf            nan            nan  2.821334e+229            nan
           nan            nan            nan            nan           -inf            nan
  4.996773e-02   1.223044e-05   7.172029e-09   7.129545e-12   7.129545e-02   9.224352e+02
  8.959848e-04   7.650304e-07   3.938008e-06   7.019520e-11   7.019520e-01   1.870181e+02
           nan            nan            nan            nan            nan            nan
           nan            nan            nan            nan            nan            nan
           nan            nan            nan            nan            nan            nan
           nan            nan            nan            nan           -inf            nan
           nan            nan            nan            nan           -inf            nan
 3.987269e+243  7.093872e+241            nan            nan -2.635122e+117            inf
           inf           -inf            nan            nan            inf            nan
  1.034656e-03  -3.755179e-08   3.278057e-06   6.747495e-11   6.747495e-01   1.881230e+02
           nan            nan            nan            nan            nan            nan
           nan            nan            nan            nan            nan            nan
           nan            nan            nan            nan           -inf            nan
           nan            nan            nan            nan           -inf            nan
           inf           -inf            nan            nan  9.270042e+254            nan
           nan            nan            nan            nan            inf            nan
  5.005067e-02   4.733046e-06   1.128448e-08   1.123625e-11   1.123625e-01   7.881792e+02
  8.740358e-04   4.665988e-07   3.824678e-06   6.650499e-11   6.650499e-01   1.879069e+02
           nan            nan            nan            nan            nan            nan
           nan            nan            nan            nan            nan            nan
           nan            nan            nan            nan           -inf            nan
           inf           -inf            nan            nan  7.353769e+290            nan
           nan            nan            nan            nan            inf            nan
  5.106993e-02   2.684322e-06   8.124671e-08   8.254698e-11   8.254698e-01   1.443847e+01
  4.870313e-02   2.348969e-06   6.797192e-09   6.585922e-12   6.585922e-02   1.152717e+03
  1.051252e-03   2.436304e-07   3.216978e-06   6.727988e-11   6.727988e-01   1.884536e+02
           nan            nan            nan            nan            nan            nan
           nan            nan            nan            nan           -inf            nan
           nan            nan            nan            nan -4.915457e+300            nan
           nan            nan            nan            nan            inf            nan
  1.818463e-02   7.055632e-07   1.663346e+03   6.017515e-01   9.291794e-01   9.070440e+00
  4.960544e-02  -2.954403e-06   8.215393e-08   8.107516e-11   8.107516e-01   1.447330e+01
  5.069007e-02  -1.541358e-06   6.328979e-09   6.382439e-12   6.382439e-02   1.338359e+03
  8.334030e-04   3.127246e-07   3.752569e-06   6.221768e-11   6.221768e-01   1.886263e+02
           nan            nan            nan            nan           -inf            nan
           inf -1.561506e+195            nan            nan -7.737488e+193            inf
           nan            nan            nan            nan            inf            nan
  1.885734e-02   7.267974e-07   1.597240e+03   5.992123e-01   9.247045e-01   9.049078e+00
  1.877541e-02   8.834258e-07   1.640869e+03   6.129055e-01   9.358947e-01   9.024655e+00
  5.137492e-02   4.044805e-06   8.128003e-08   8.307401e-11   8.307401e-01   1.444778e+01
  4.818855e-02   1.541711e-05   1.013635e-08   9.717523e-12   9.717523e-02   1.105780e+03
  1.074048e-03   9.548664e-07   3.209962e-06   6.858890e-11   6.858890e-01   1.821478e+02
  1.124508e-03   1.402626e-06   3.125541e-06   6.992267e-11   6.992267e-01   2.020246e+02
           inf           -inf            nan            nan            inf            nan
  5.105468e-02  -7.757467e-06   8.259550e-08   8.389231e-11   8.389231e-01   1.498730e+01
  1.828476e-02   2.732623e-07   1.647011e+03   5.991228e-01   9.521217e-01   9.110763e+00
  1.835849e-02  -2.736378e-07   1.630343e+03   5.954512e-01   9.347599e-01   9.089380e+00
  4.994216e-02  -1.153613e-06   8.368863e-08   8.315032e-11   8.315032e-01   1.421848e+01
  4.926442e-02  -1.523879e-06   9.950019e-09   9.751860e-12   9.751860e-02   7.273248e+02
  9.104870e-04   3.494062e-07   3.976332e-06   7.202553e-11   7.202553e-01   1.891494e+02
  8.235543e-04   1.159826e-08   3.228088e-06   5.288929e-11   5.288929e-01   1.845300e+02
  5.102103e-02   2.820124e-05   5.866871e-09   5.955058e-12   5.955058e-02   1.509701e+03
  4.950151e-02   9.257684e-06   8.075875e-08   7.953132e-11   7.953132e-01   1.448033e+01
  1.806368e-02   6.701242e-07   1.670528e+03   6.003302e-01   9.244340e-01   9.066771e+00
  1.876967e-02  -5.224044e-07   1.644777e+03   6.141773e-01   9.428006e-01   9.060953e+00
  5.066163e-02   6.521984e-07   8.184242e-08   8.248742e-11   8.248742e-01   1.437483e+01
  4.972643e-02   1.065954e-05   4.331155e-09   4.284707e-12   4.284707e-02   1.836778e+03
  9.848458e-04   2.655883e-07   3.057270e-06   5.990074e-11   5.990074e-01   1.909574e+02
  1.201588e-03  -1.075782e-06   2.923155e-06   6.987754e-11   6.987754e-01   1.858676e+02
  4.868112e-02   3.854864e-05   8.684885e-09   8.411138e-12   8.411138e-02   2.008492e+03
  5.165623e-02  -1.155732e-05   8.186219e-08   8.412716e-11   8.412716e-01   1.499065e+01
  1.855485e-02   1.080913e-06   1.659232e+03   6.124840e-01   9.411279e-01   9.048249e+00
  1.823145e-02   1.128146e-07   1.648039e+03   5.977489e-01   9.306902e-01   9.060623e+00
  4.970898e-02   1.974099e-07   8.316892e-08   8.224814e-11   8.224814e-01   1.447730e+01
  5.027277e-02  -9.714810e-06   7.737246e-09   7.738368e-12   7.738368e-02   1.277590e+03
  9.240622e-04  -5.861626e-07   3.641368e-06   6.694157e-11   6.694157e-01   1.802598e+02
  8.869517e-04  -4.115441e-07   4.337079e-06   7.652924e-11   7.652924e-01   1.856889e+02
  5.092052e-02   1.131264e-05   1.020197e-08   1.033491e-11   1.033491e-01   6.239646e+02
  4.976184e-02  -2.777651e-06   8.267411e-08   8.184575e-11   8.184575e-01   1.421931e+01
  1.808945e-02   1.858184e-07   1.663119e+03   5.985200e-01   9.336730e-01   9.069086e+00
  1.879430e-02  -8.132382e-07   1.648750e+03   6.164688e-01   9.415577e-01   9.042346e+00
  5.086103e-02  -3.119658e-06   8.200482e-08   8.297642e-11   8.297642e-01   1.438992e+01
  4.834305e-02   5.827245e-06   6.948588e-09   6.682835e-12   6.682835e-02   1.341757e+03
  1.005673e-03   4.218519e-07   3.433372e-06   6.869228e-11   6.869228e-01   1.886575e+02
  1.086406e-03  -2.854600e-06   2.765210e-06   5.976548e-11   5.976548e-01   2.002657e+02
  4.988883e-02   1.919275e-05   4.845432e-09   4.809124e-12   4.809124e-02   3.036967e+03
  5.085687e-02  -1.494366e-05   8.215812e-08   8.312473e-11   8.312473e-01   1.498944e+01
  1.862416e-02  -2.119339e-07   1.645810e+03   6.097987e-01   9.413149e-01   9.067980e+00
  1.813166e-02  -3.158434e-07   1.653190e+03   5.963354e-01   9.350170e-01   9.081970e+00
  4.974830e-02   4.830704e-07   8.303396e-08   8.217963e-11   8.217963e-01   1.464991e+01
  5.072320e-02  -1.414842e-05   8.086347e-09   8.159981e-12   8.159981e-02   1.334779e+03
  9.415507e-04  -4.262893e-07   3.376674e-06   6.325035e-11   6.325035e-01   1.823722e+02
  8.992050e-04  -1.267494e-06   4.203007e-06   7.518808e-11   7.518808e-01   1.790369e+02
  5.095825e-02  -6.067272e-05   1.032476e-08   1.046706e-11   1.046706e-01   6.754878e+02
  5.003610e-02  -1.957665e-06   8.167107e-08   8.129838e-11   8.129838e-01   1.427786e+01
  1.791126e-02  -3.665260e-07   1.697847e+03   6.049993e-01   9.336119e-01   9.046595e+00
  1.855301e-02  -1.201646e-06   1.663137e+03   6.138645e-01   9.366493e-01   9.049570e+00
  5.074149e-02  -1.305744e-06   8.171647e-08   8.249031e-11   8.249031e-01   1.439746e+01
  4.877096e-02  -1.203976e-05   9.073886e-09   8.804096e-12   8.804096e-02   9.589995e+02
  9.850670e-04   2.192928e-07   3.358764e-06   6.582265e-11   6.582265e-01   1.847085e+02
  1.068225e-03  -2.090967e-06   3.146921e-06   6.687733e-11   6.687733e-01   2.070429e+02
  5.000544e-02  -5.869773e-06   4.399805e-09   4.377044e-12   4.377044e-02   3.264173e+03
  5.073138e-02  -1.125576e-05   8.341971e-08   8.419291e-11   8.419291e-01   1.478103e+01
  1.872800e-02   2.669075e-07   1.623953e+03   6.050551e-01   9.405683e-01   9.084353e+00
  1.823091e-02  -1.160650e-06   1.641472e+03   5.953493e-01   9.384074e-01   9.082390e+00
  5.018268e-02   3.906219e-06   8.275074e-08   8.261443e-11   8.261443e-01   1.459632e+01
  5.064841e-02  -2.370841e-05   6.807156e-09   6.859013e-12   6.859013e-02   1.387204e+03
  9.947849e-04  -5.696167e-07   3.481244e-06   6.889596e-11   6.889596e-01   1.811049e+02
  9.137477e-04   2.117175e-06   2.959953e-06   5.380730e-11   5.380730e-01   1.826884e+02
  5.206219e-02  -3.847167e-06   9.798575e-09   1.014882e-11   1.014882e-01   8.187434e+02
  5.000375e-02  -9.731224e-06   8.012326e-08   7.970605e-11   7.970605e-01   1.455022e+01
  1.774304e-02  -6.339546e-07   1.719345e+03   6.069059e-01   9.359991e-01   9.057299e+00
  1.822315e-02  -3.458065e-07   1.691136e+03   6.131012e-01   9.375329e-01   9.056781e+00
  5.036958e-02   3.735015e-06   8.143158e-08   8.160022e-11   8.160022e-01   1.453796e+01
  4.972660e-02  -7.591428e-07   8.766029e-09   8.672051e-12   8.672051e-02   1.079661e+03
  9.506140e-04   5.181458e-08   3.642579e-06   6.888796e-11   6.888796e-01   1.857605e+02
  1.040556e-03   9.671999e-09   2.758890e-06   5.711236e-11   5.711236e-01   1.956199e+02
  4.825951e-02   2.040526e-05   3.643439e-09   3.498038e-12   3.498038e-02   3.716604e+03
  5.085472e-02   5.420080e-06   8.241511e-08   8.338122e-11   8.338122e-01   1.450052e+01
  1.878646e-02  -1.592128e-07   1.628187e+03   6.085262e-01   9.305600e-01   9.052690e+00
  1.828079e-02  -7.786588e-08   1.647602e+03   5.992078e-01   9.390791e-01   9.070268e+00
  5.034784e-02   4.829884e-06   8.299080e-08   8.312678e-11   8.312678e-01   1.454639e+01
  4.999209e-02  -6.348201e-06   8.719618e-09   8.672193e-12   8.672193e-02   1.095697e+03
  9.923646e-04   7.274685e-07   3.600291e-06   7.107862e-11   7.107862e-01   1.831114e+02
  9.951443e-04  -4.763628e-07   3.628572e-06   7.183763e-11   7.183763e-01   1.704274e+02
  4.917134e-02  -5.675291e-05   1.169630e-08   1.144171e-11   1.144171e-01   1.037496e+03
  5.072512e-02   3.988895e-06   8.054871e-08   8.128527e-11   8.128527e-01   1.466805e+01
  1.794080e-02  -7.495988e-07   1.720345e+03   6.140272e-01   9.374953e-01   9.035691e+00
  1.795441e-02  -8.352713e-07   1.692694e+03   6.046160e-01   9.394572e-01   9.073836e+00
  5.008824e-02  -6.487270e-07   8.146854e-08   8.118127e-11   8.118127e-01   1.458031e+01
  5.129878e-02   1.061052e-06   7.166211e-09   7.313525e-12   7.313525e-02   1.068829e+03
  9.206824e-04  -2.298785e-07   3.896958e-06   7.137822e-11   7.137822e-01   1.901856e+02
  1.062043e-03   1.065113e-06   3.691513e-06   7.799680e-11   7.799680e-01   1.957032e+02
  4.719895e-02  -1.930224e-05   1.041165e-08   9.776472e-12   9.776472e-02   1.210671e+03
  5.089544e-02   4.114346e-06   8.457403e-08   8.563396e-11   8.563396e-01   1.419826e+01
  1.896041e-02  -7.937613e-08   1.613909e+03   6.087752e-01   9.404914e-01   9.048062e+00
  1.812885e-02  -1.251635e-07   1.665330e+03   6.006212e-01   9.354599e-01   9.066973e+00
  5.018352e-02   8.161864e-06   8.139122e-08   8.125851e-11   8.125851e-01   1.475001e+01
  5.052535e-02   1.804659e-05   6.630180e-09   6.664457e-12   6.664457e-02   1.521015e+03
  9.333481e-04   5.392085e-07   3.300890e-06   6.129215e-11   6.129215e-01   1.895688e+02
  1.000685e-03   1.299252e-06   3.561853e-06   7.090934e-11   7.090934e-01   1.836232e+02
  5.141137e-02  -8.459339e-05   8.085548e-09   8.269873e-12   8.269873e-02   6.512362e+02
  5.040086e-02  -1.196582e-05   8.222735e-08   8.244882e-11   8.244882e-01   1.464055e+01
  1.800723e-02   1.736199e-07   1.679319e+03   6.016033e-01   9.537572e-01   9.096156e+00
  1.784993e-02   3.216631e-07   1.708756e+03   6.068016e-01   9.332954e-01   9.063432e+00
  5.008737e-02   1.704485e-06   8.148721e-08   8.119846e-11   8.119846e-01   1.459981e+01
  5.064636e-02   1.661252e-05   9.626858e-09   9.699803e-12   9.699803e-02   9.782823e+02
  9.084411e-04  -9.403396e-07   3.781149e-06   6.833619e-11   6.833619e-01   1.840939e+02
  9.321650e-04   4.770868e-07   3.280580e-06   6.083780e-11   6.083780e-01   2.056432e+02
  5.232042e-02   4.353437e-05   8.573238e-11   8.923726e-14   8.923726e-04   1.419915e+05
  4.977422e-02   1.132508e-05   8.163196e-08   8.083415e-11   8.083415e-01   1.462985e+01
  1.815345e-02  -1.773364e-06   1.653413e+03   5.971326e-01   9.389678e-01   9.089431e+00
  1.829037e-02   6.867704e-08   1.678892e+03   6.109076e-01   9.390140e-01   9.058824e+00
  5.012797e-02   8.934996e-07   8.248537e-08   8.225972e-11   8.225972e-01   1.453465e+01
  4.986022e-02  -4.063870e-06   8.692267e-09   8.622186e-12   8.622186e-02   1.075885e+03
  9.145171e-04   1.488253e-07   3.519548e-06   6.403374e-11   6.403374e-01   1.902327e+02
  1.062512e-03   1.704332e-07   2.583293e-06   5.460564e-11   5.460564e-01   1.744078e+02
  5.187613e-02   7.843297e-05   3.353757e-09   3.461221e-12   3.461221e-02   6.551989e+03
  5.089961e-02  -9.228854e-06   7.799597e-08   7.897993e-11   7.897993e-01   1.522667e+01
  1.753480e-02  -6.652218e-07   1.735537e+03   6.054314e-01   9.377142e-01   9.071833e+00
  1.788088e-02   6.604016e-07   1.712358e+03   6.091353e-01   9.329924e-01   9.056573e+00
  5.026005e-02   2.922448e-06   8.163365e-08   8.162484e-11   8.162484e-01   1.449544e+01
  5.045302e-02   6.950435e-06   9.965032e-09   1.000221e-11   1.000221e-01   8.547405e+02
  9.267343e-04  -8.759928e-07   3.506474e-06   6.464815e-11   6.464815e-01   1.820248e+02
  1.057829e-03  -2.170071e-06   3.421718e-06   7.200951e-11   7.200951e-01   1.842723e+02
  4.965465e-02  -2.348885e-05   1.303890e-08   1.288045e-11   1.288045e-01   1.430382e+03
  5.094586e-02   1.507314e-05   7.895794e-08   8.002669e-11   8.002669e-01   1.492895e+01
  1.790982e-02  -6.618806e-07   1.687148e+03   6.011385e-01   9.221877e-01   9.047104e+00
  1.854404e-02   1.575401e-07   1.658210e+03   6.117500e-01   9.389316e-01   9.045619e+00
  5.015159e-02  -1.861967e-06   8.301757e-08   8.282947e-11   8.282947e-01   1.429029e+01
  4.889648e-02   1.939894e-05   8.379455e-09   8.151237e-12   8.151237e-02   9.376614e+02
  9.366284e-04   3.050315e-07   3.614435e-06   6.735004e-11   6.735004e-01   1.875871e+02
  1.126560e-03   5.235714e-07   3.228196e-06   7.235098e-11   7.235098e-01   1.810726e+02
  4.907474e-02   3.857266e-05   1.695366e-08   1.655204e-11   1.655204e-01   7.163847e+02
  5.114943e-02   1.154839e-05   8.268435e-08   8.413841e-11   8.413841e-01   1.424227e+01
  1.809645e-02   3.154054e-07   1.695527e+03   6.104191e-01   9.373201e-01   9.045235e+00
  1.812069e-02  -4.216190e-07   1.676491e+03   6.043744e-01   9.370696e-01   9.043210e+00
  5.068885e-02   3.493891e-06   8.118598e-08   8.186978e-11   8.186978e-01   1.450976e+01
  4.969941e-02   6.796109e-06   7.703304e-09   7.616552e-12   7.616552e-02   1.063390e+03
  9.804312e-04  -1.995123e-06   3.409860e-06   6.650951e-11   6.650951e-01   1.829791e+02
  1.087610e-03   1.448225e-06   3.332694e-06   7.211058e-11   7.211058e-01   1.947381e+02
  4.920258e-02   6.569927e-05   8.835850e-09   8.649010e-12   8.649010e-02   6.421986e+02
  5.128330e-02  -1.185437e-05   8.112422e-08   8.276689e-11   8.276689e-01   1.427218e+01
  1.827560e-02   2.378941e-07   1.643382e+03   5.975035e-01   9.399928e-01   9.086057e+00
  1.843003e-02  -6.287091e-07   1.654957e+03   6.067965e-01   9.366743e-01   9.065083e+00
  4.995595e-02  -9.706288e-06   8.286673e-08   8.235644e-11   8.235644e-01   1.438258e+01
  4.940914e-02  -2.783736e-05   7.780201e-09   7.647655e-12   7.647655e-02   1.073910e+03
  9.192957e-04  -2.036606e-07   3.601366e-06   6.586469e-11   6.586469e-01   1.867993e+02
  1.019199e-03  -9.430037e-07   2.645698e-06   5.364503e-11   5.364503e-01   1.916612e+02
  5.045285e-02   2.428306e-06   4.555842e-09   4.572825e-12   4.572825e-02   1.765367e+03
  5.098675e-02  -5.592838e-06   7.954320e-08   8.068457e-11   8.068457e-01   1.457967e+01
  1.811856e-02   3.976147e-07   1.680286e+03   6.056711e-01   9.395061e-01   9.078590e+00
  1.807775e-02   2.157551e-07   1.672545e+03   6.015233e-01   9.352356e-01   9.083985e+00
  5.074947e-02   3.222139e-06   8.095818e-08   8.173769e-11   8.173769e-01   1.456396e+01
  5.059841e-02  -1.466454e-06   6.886530e-09   6.932142e-12   6.932142e-02   1.179876e+03
  1.000060e-03  -1.425391e-07   3.435615e-06   6.835350e-11   6.835350e-01   1.810308e+02
