# B2  M_xy  beta  p  rho  v2
  1.930225e-02  -6.228315e-06   2.608606e+03   1.001721e+00   1.000673e+00   1.420006e-01
  1.955034e-02   1.663472e-06   2.564542e+03   9.974573e-01   9.972403e-01   1.302523e-01
  1.966795e-02   1.080292e-06   2.542890e+03   9.949856e-01   9.966265e-01   1.310485e-01
  2.023940e-02   6.467908e-06   2.467839e+03   9.936756e-01   9.963670e-01   1.330206e-01
  2.011082e-02   1.051362e-05   2.479052e+03   9.918493e-01   9.954439e-01   1.327260e-01
  2.024642e-02   1.100386e-05   2.462910e+03   9.920351e-01   9.951431e-01   1.342356e-01
  2.020521e-02   6.504971e-06   2.465726e+03   9.911478e-01   9.937134e-01   1.347127e-01
  1.776927e-02   7.222660e-06   2.805879e+03   9.919019e-01   9.909825e-01   1.291259e-01
  1.817549e-02   2.588843e-05   2.751213e+03   9.948109e-01   9.943583e-01   1.347865e-01
  2.008773e-02   1.343761e-05   2.485010e+03   9.930914e-01   9.947413e-01   1.336516e-01
  2.016715e-02   1.172970e-05   2.468192e+03   9.902701e-01   9.939496e-01   1.334100e-01
  2.020750e-02   2.591045e-06   2.462657e+03   9.900263e-01   9.940423e-01   1.338210e-01
  2.029205e-02   1.784735e-06   2.452048e+03   9.898856e-01   9.944436e-01   1.337325e-01
  2.040622e-02   2.917552e-06   2.440389e+03   9.907218e-01   9.945081e-01   1.340800e-01
  2.021369e-02   5.274743e-06   2.466466e+03   9.918612e-01   9.942996e-01   1.342741e-01
  1.895414e-02   6.720101e-06   2.639575e+03   9.953322e-01   9.949046e-01   1.326767e-01
  1.894900e-02   2.404208e-05   2.652635e+03   9.999859e-01   9.998037e-01   1.439045e-01
  1.954445e-02   9.198976e-06   2.562637e+03   9.964162e-01   9.966563e-01   1.307815e-01
  1.978327e-02   1.078094e-05   2.525837e+03   9.941079e-01   9.960592e-01   1.315623e-01
  2.021328e-02  -1.447513e-06   2.467336e+03   9.921907e-01   9.954797e-01   1.330821e-01
  2.026368e-02  -5.669376e-06   2.457781e+03   9.908127e-01   9.948387e-01   1.329194e-01
  2.027163e-02  -1.250329e-05   2.458743e+03   9.915895e-01   9.947807e-01   1.341418e-01
  2.013284e-02  -1.274189e-05   2.475775e+03   9.916227e-01   9.939525e-01   1.346156e-01
  1.757052e-02  -7.490100e-06   2.838875e+03   9.923412e-01   9.913948e-01   1.280854e-01
  2.040052e-02   3.498400e-06   2.455202e+03   9.964568e-01   9.966626e-01   1.381275e-01
  2.012154e-02  -6.571888e-06   2.481518e+03   9.933651e-01   9.950969e-01   1.333669e-01
  2.016068e-02  -4.016060e-06   2.470352e+03   9.908188e-01   9.944980e-01   1.336465e-01
  2.023247e-02  -3.904731e-06   2.460841e+03   9.905189e-01   9.945123e-01   1.334685e-01
  2.007704e-02  -1.441868e-06   2.475903e+03   9.889255e-01   9.934944e-01   1.336183e-01
  2.009773e-02  -1.153253e-07   2.476891e+03   9.903394e-01   9.939398e-01   1.336769e-01
  2.003213e-02  -3.123891e-06   2.486860e+03   9.910800e-01   9.936449e-01   1.339481e-01
  1.779388e-02   4.539717e-06   2.807817e+03   9.939617e-01   9.931751e-01   1.329929e-01
  1.882175e-02  -8.162565e-06   2.663157e+03   9.972105e-01   9.979164e-01   1.440347e-01
  1.970285e-02  -1.697511e-05   2.537105e+03   9.944836e-01   9.956084e-01   1.322523e-01
  2.002199e-02  -1.876483e-05   2.491497e+03   9.924248e-01   9.951226e-01   1.329280e-01
  2.031171e-02  -1.492811e-05   2.451709e+03   9.907074e-01   9.945829e-01   1.338287e-01
  2.016407e-02  -1.107766e-05   2.469220e+03   9.905311e-01   9.942865e-01   1.332938e-01
  2.004134e-02  -7.874787e-06   2.484994e+03   9.907915e-01   9.940572e-01   1.331157e-01
  2.005783e-02  -4.157834e-06   2.484098e+03   9.912490e-01   9.936812e-01   1.334333e-01
  1.775575e-02  -8.665799e-06   2.809359e+03   9.923764e-01   9.926714e-01   1.307659e-01
  2.177527e-02   1.305034e-05   2.299104e+03   9.959840e-01   9.978265e-01   1.422786e-01
  2.013009e-02   1.933126e-05   2.479635e+03   9.930331e-01   9.951900e-01   1.335894e-01
  2.030421e-02   1.523855e-05   2.455103e+03   9.917127e-01   9.952697e-01   1.341758e-01
  2.011952e-02   1.209600e-05   2.476070e+03   9.910847e-01   9.948931e-01   1.335392e-01
  2.018690e-02   8.128595e-06   2.463717e+03   9.894426e-01   9.939047e-01   1.335110e-01
  1.982402e-02   6.489925e-06   2.512707e+03   9.909776e-01   9.939638e-01   1.329480e-01
  1.981752e-02   7.909549e-06   2.516223e+03   9.920383e-01   9.940493e-01   1.335160e-01
  1.728860e-02  -7.050517e-06   2.893484e+03   9.952013e-01   9.937681e-01   1.324680e-01
  1.836804e-02   6.745338e-05   2.722693e+03   9.949277e-01   9.961031e-01   1.422691e-01
  1.987843e-02   3.416344e-05   2.509721e+03   9.925165e-01   9.947850e-01   1.339685e-01
  2.003237e-02   3.519804e-05   2.485760e+03   9.906534e-01   9.943820e-01   1.343666e-01
  2.025679e-02   2.008351e-05   2.456269e+03   9.898667e-01   9.944452e-01   1.345477e-01
  2.028454e-02   1.478173e-05   2.455474e+03   9.909020e-01   9.949456e-01   1.337513e-01
  2.011717e-02   6.035849e-06   2.477730e+03   9.916329e-01   9.948967e-01   1.324855e-01
  2.005991e-02  -8.248264e-07   2.485282e+03   9.918246e-01   9.940458e-01   1.323274e-01
  1.851292e-02   8.580013e-06   2.697919e+03   9.936512e-01   9.940472e-01   1.353544e-01
  2.292839e-02   1.709726e-05   2.183684e+03   9.960781e-01   9.989180e-01   1.446608e-01
  2.014860e-02  -1.512713e-05   2.476325e+03   9.926190e-01   9.949220e-01   1.328432e-01
  2.025622e-02  -1.138292e-05   2.460941e+03   9.917214e-01   9.953431e-01   1.336023e-01
  2.007271e-02  -1.459996e-05   2.483192e+03   9.916227e-01   9.950777e-01   1.329862e-01
  2.012353e-02  -9.394446e-06   2.472299e+03   9.897722e-01   9.940837e-01   1.332953e-01
  1.992735e-02  -5.673136e-06   2.499901e+03   9.910662e-01   9.939914e-01   1.318826e-01
  1.974920e-02  -2.537797e-06   2.526281e+03   9.925703e-01   9.942977e-01   1.328302e-01
  1.729320e-02  -3.916636e-07   2.893605e+03   9.955080e-01   9.944837e-01   1.344772e-01
  1.821477e-02  -2.186515e-05   2.736250e+03   9.915385e-01   9.929436e-01   1.369386e-01
  2.014270e-02  -2.997340e-05   2.469324e+03   9.895229e-01   9.931312e-01   1.350847e-01
  2.019546e-02  -3.061071e-05   2.461125e+03   9.888205e-01   9.934313e-01   1.355203e-01
  2.042063e-02  -2.626099e-05   2.434571e+03   9.890577e-01   9.940699e-01   1.351070e-01
  2.028197e-02  -1.939889e-05   2.456337e+03   9.911247e-01   9.949119e-01   1.341316e-01
  2.006790e-02  -1.540017e-05   2.487025e+03   9.929154e-01   9.956376e-01   1.328295e-01
  1.992542e-02  -9.223527e-06   2.506489e+03   9.935810e-01   9.951370e-01   1.323626e-01
  1.891548e-02   2.467218e-06   2.645652e+03   9.955894e-01   9.963369e-01   1.394646e-01
  2.245198e-02  -8.931387e-06   2.230699e+03   9.963817e-01   9.988532e-01   1.436706e-01
  2.000685e-02   8.234603e-06   2.492982e+03   9.922660e-01   9.945872e-01   1.321093e-01
  2.022547e-02   7.167924e-06   2.462342e+03   9.907795e-01   9.945940e-01   1.327248e-01
  2.007511e-02   1.296885e-05   2.482149e+03   9.913249e-01   9.950474e-01   1.326182e-01
  2.017664e-02   9.851317e-06   2.466362e+03   9.900014e-01   9.942410e-01   1.332925e-01
  1.995232e-02   6.082482e-06   2.498388e+03   9.917068e-01   9.944973e-01   1.318482e-01
  1.983797e-02   1.261828e-06   2.515605e+03   9.928186e-01   9.945561e-01   1.322991e-01
  1.844320e-02  -2.018481e-05   2.715968e+03   9.965316e-01   9.958641e-01   1.366087e-01
  1.887514e-02   5.163406e-05   2.641343e+03   9.918478e-01   9.929041e-01   1.342335e-01
  2.031482e-02   2.903935e-05   2.449428e+03   9.899378e-01   9.934818e-01   1.358596e-01
  2.049925e-02   2.623771e-05   2.425760e+03   9.892723e-01   9.937334e-01   1.356706e-01
  2.037544e-02   1.943935e-05   2.439123e+03   9.887144e-01   9.940448e-01   1.347535e-01
  2.032105e-02   9.273181e-06   2.450559e+03   9.906983e-01   9.947520e-01   1.333319e-01
  1.992892e-02   6.462568e-06   2.504400e+03   9.929280e-01   9.955010e-01   1.325377e-01
  2.001039e-02   5.542922e-07   2.499284e+03   9.949502e-01   9.959123e-01   1.324507e-01
  1.872240e-02   1.213418e-05   2.673615e+03   9.958424e-01   9.963597e-01   1.416676e-01
  2.100374e-02   1.601048e-05   2.378674e+03   9.939436e-01   9.961185e-01   1.425050e-01
  1.978629e-02  -1.698549e-06   2.518289e+03   9.912887e-01   9.936340e-01   1.321045e-01
  2.003716e-02  -1.579694e-06   2.482183e+03   9.894643e-01   9.935407e-01   1.329205e-01
  2.004076e-02  -2.889636e-06   2.484207e+03   9.904490e-01   9.942282e-01   1.325042e-01
  2.008927e-02  -2.623402e-06   2.475297e+03   9.892857e-01   9.939061e-01   1.333027e-01
  1.995327e-02  -8.820294e-06   2.498578e+03   9.918296e-01   9.946917e-01   1.321620e-01
  1.981592e-02  -7.288837e-06   2.517127e+03   9.923148e-01   9.943459e-01   1.322899e-01
  1.903750e-02  -2.561760e-05   2.630553e+03   9.962931e-01   9.972173e-01   1.401675e-01
  2.001861e-02  -1.890677e-05   2.493581e+03   9.930878e-01   9.939057e-01   1.340488e-01
  2.050784e-02  -1.965896e-05   2.426286e+03   9.899018e-01   9.935687e-01   1.364945e-01
  2.057686e-02  -1.640256e-05   2.415872e+03   9.889701e-01   9.937212e-01   1.361290e-01
  2.031034e-02  -1.331633e-05   2.445172e+03   9.879997e-01   9.934760e-01   1.350715e-01
  2.023842e-02  -5.299199e-06   2.459313e+03   9.901947e-01   9.945755e-01   1.333884e-01
  2.003852e-02   4.383821e-06   2.491275e+03   9.931557e-01   9.957164e-01   1.327461e-01
  1.980134e-02   9.993071e-06   2.527452e+03   9.956521e-01   9.962557e-01   1.323739e-01
  1.892307e-02   3.032483e-05   2.650828e+03   9.979370e-01   9.973704e-01   1.386595e-01
  1.916981e-02  -1.953777e-05   2.603019e+03   9.927167e-01   9.940888e-01   1.403350e-01
  1.981849e-02  -1.836896e-05   2.513290e+03   9.909304e-01   9.933575e-01   1.328813e-01
  1.995856e-02  -1.701229e-05   2.493066e+03   9.899040e-01   9.938728e-01   1.337930e-01
  2.012466e-02  -1.183469e-05   2.472469e+03   9.898957e-01   9.940589e-01   1.327079e-01
  2.012453e-02  -1.025063e-05   2.469577e+03   9.887317e-01   9.935972e-01   1.332110e-01
  2.002093e-02  -8.414466e-06   2.489639e+03   9.916326e-01   9.949292e-01   1.318962e-01
  1.991205e-02  -4.982883e-06   2.505355e+03   9.924655e-01   9.945911e-01   1.322468e-01
  2.037823e-02  -1.682377e-05   2.457607e+03   9.963433e-01   9.977200e-01   1.432319e-01
  2.112773e-02  -7.906801e-06   2.361644e+03   9.926528e-01   9.946260e-01   1.362118e-01
  2.036782e-02   4.745574e-06   2.439881e+03   9.886517e-01   9.928297e-01   1.361713e-01
  2.058004e-02   3.225487e-06   2.414662e+03   9.886279e-01   9.938063e-01   1.358520e-01
  2.036272e-02   7.382839e-06   2.437487e+03   9.874344e-01   9.930801e-01   1.352749e-01
  2.035706e-02   2.730402e-06   2.445198e+03   9.902828e-01   9.944884e-01   1.337508e-01
  1.996324e-02   2.514563e-06   2.498327e+03   9.922258e-01   9.951355e-01   1.335481e-01
  1.994745e-02  -5.144738e-06   2.509125e+03   9.957258e-01   9.963921e-01   1.325892e-01
  1.842411e-02  -6.382394e-06   2.723560e+03   9.982827e-01   9.974020e-01   1.376536e-01
  1.864450e-02   8.049951e-06   2.678091e+03   9.933589e-01   9.936090e-01   1.367850e-01
  2.001281e-02   6.656286e-06   2.490687e+03   9.916475e-01   9.937871e-01   1.330208e-01
  2.005953e-02   6.896862e-06   2.482085e+03   9.905297e-01   9.940021e-01   1.338731e-01
  2.006095e-02   7.411532e-06   2.480012e+03   9.897726e-01   9.941801e-01   1.329152e-01
  2.017644e-02   7.887339e-06   2.463260e+03   9.887467e-01   9.934193e-01   1.332623e-01
  1.988470e-02   1.554267e-06   2.504569e+03   9.907914e-01   9.942257e-01   1.320127e-01
  1.992512e-02  -3.212235e-06   2.502902e+03   9.921449e-01   9.943457e-01   1.325270e-01
  1.998633e-02  -1.244398e-05   2.506341e+03   9.965594e-01   9.978025e-01   1.434372e-01
  2.173280e-02  -1.248166e-05   2.292868e+03   9.913454e-01   9.945887e-01   1.393248e-01
  2.054915e-02  -7.367193e-06   2.414985e+03   9.872760e-01   9.920844e-01   1.358147e-01
  2.054334e-02  -5.374068e-06   2.416089e+03   9.874476e-01   9.930731e-01   1.355734e-01
  2.029245e-02  -3.528713e-06   2.444191e+03   9.867332e-01   9.926172e-01   1.348689e-01
  2.026934e-02  -4.938299e-07   2.455186e+03   9.900434e-01   9.944635e-01   1.337599e-01
  2.027698e-02   5.047136e-06   2.461378e+03   9.929144e-01   9.957935e-01   1.339662e-01
  1.998229e-02   1.255651e-05   2.505459e+03   9.960080e-01   9.966664e-01   1.331017e-01
  1.907265e-02   1.069497e-05   2.635482e+03   1.000003e+00   9.984073e-01   1.376111e-01
  1.867304e-02  -3.011781e-05   2.676611e+03   9.943295e-01   9.941945e-01   1.349897e-01
  2.005971e-02  -1.621416e-05   2.485190e+03   9.917779e-01   9.939583e-01   1.328105e-01
  2.008869e-02  -1.684473e-05   2.478447e+03   9.905158e-01   9.941421e-01   1.333046e-01
  2.018482e-02  -1.014975e-05   2.465672e+03   9.901258e-01   9.944925e-01   1.332249e-01
  2.021298e-02  -1.038357e-05   2.460974e+03   9.896178e-01   9.941509e-01   1.335942e-01
  2.006881e-02  -9.947616e-06   2.480722e+03   9.904437e-01   9.939788e-01   1.323343e-01
  1.982562e-02  -4.695373e-06   2.514516e+03   9.917709e-01   9.940728e-01   1.325367e-01
  1.936281e-02   4.374912e-06   2.585312e+03   9.958903e-01   9.968909e-01   1.421536e-01
  2.136402e-02  -1.447840e-05   2.333085e+03   9.916163e-01   9.948654e-01   1.395405e-01
  2.056606e-02   5.187296e-06   2.414272e+03   9.877965e-01   9.923165e-01   1.356740e-01
  2.057734e-02   1.389490e-06   2.413601e+03   9.880632e-01   9.931582e-01   1.352151e-01
  2.014639e-02   6.294519e-06   2.463762e+03   9.874752e-01   9.929293e-01   1.347770e-01
  2.028785e-02   4.198889e-06   2.452854e+03   9.900064e-01   9.942326e-01   1.336913e-01
  2.014525e-02   4.261289e-06   2.477375e+03   9.928752e-01   9.955966e-01   1.344319e-01
  1.997591e-02  -1.280174e-06   2.506056e+03   9.959270e-01   9.966632e-01   1.333609e-01
  1.991282e-02  -2.044745e-05   2.525059e+03   1.000310e+00   9.992388e-01   1.382366e-01
  1.932352e-02   3.275048e-05   2.593979e+03   9.972012e-01   9.960787e-01   1.329562e-01
  2.013990e-02   1.319332e-05   2.478185e+03   9.929358e-01   9.947818e-01   1.326179e-01
  2.029684e-02   1.457244e-05   2.456219e+03   9.918035e-01   9.948875e-01   1.329940e-01
  2.030278e-02   3.525523e-06   2.453449e+03   9.909747e-01   9.948908e-01   1.336445e-01
  2.020031e-02   3.788220e-06   2.464304e+03   9.903359e-01   9.945955e-01   1.338160e-01
  2.007450e-02  -2.269961e-06   2.479737e+03   9.903311e-01   9.939759e-01   1.329907e-01
  1.989112e-02  -5.657371e-06   2.504735e+03   9.911770e-01   9.936981e-01   1.331911e-01
  1.897273e-02  -8.683159e-06   2.633235e+03   9.939156e-01   9.951924e-01   1.408354e-01
  2.024378e-02  -1.193150e-05   2.460262e+03   9.908390e-01   9.934560e-01   1.389297e-01
  2.043065e-02  -5.857912e-06   2.433259e+03   9.890102e-01   9.928139e-01   1.360050e-01
  2.021946e-02  -6.529017e-07   2.458337e+03   9.888742e-01   9.935207e-01   1.354017e-01
  2.006576e-02   1.440329e-06   2.477838e+03   9.891423e-01   9.937541e-01   1.347681e-01
  2.019519e-02   3.989251e-06   2.465028e+03   9.903757e-01   9.945621e-01   1.338130e-01
  2.018789e-02   8.835768e-07   2.472641e+03   9.930750e-01   9.958479e-01   1.343437e-01
  1.996209e-02   6.238040e-06   2.506401e+03   9.953748e-01   9.964252e-01   1.334639e-01
  2.059844e-02  -1.162043e-05   2.440404e+03   1.000060e+00   9.994975e-01   1.407006e-01
  1.925113e-02  -2.795923e-05   2.610116e+03   9.996461e-01   9.975217e-01   1.330677e-01
  2.035605e-02  -9.810853e-06   2.454287e+03   9.939145e-01   9.954489e-01   1.333143e-01
  2.039756e-02  -1.308517e-05   2.448088e+03   9.934257e-01   9.958913e-01   1.334273e-01
  2.020529e-02  -1.455022e-06   2.463808e+03   9.903802e-01   9.946165e-01   1.342871e-01
  2.027714e-02  -1.954097e-06   2.455249e+03   9.904495e-01   9.945595e-01   1.340352e-01
  2.001767e-02   7.575242e-06   2.486396e+03   9.901793e-01   9.939792e-01   1.337551e-01
  2.003050e-02   1.071487e-05   2.487558e+03   9.912772e-01   9.938972e-01   1.337021e-01
  1.915864e-02   3.528904e-05   2.605385e+03   9.930398e-01   9.945264e-01   1.391083e-01
  1.906301e-02  -3.043975e-06   2.617104e+03   9.925272e-01   9.935978e-01   1.361282e-01
  2.018153e-02   2.156187e-06   2.465706e+03   9.899778e-01   9.930616e-01   1.349401e-01
  2.014621e-02  -1.487222e-06   2.469625e+03   9.898162e-01   9.937912e-01   1.345256e-01
  1.996566e-02   9.380006e-07   2.493063e+03   9.902550e-01   9.942423e-01   1.341174e-01
  2.016825e-02  -3.352122e-07   2.469609e+03   9.908924e-01   9.948387e-01   1.334584e-01
  2.006051e-02  -8.505896e-07   2.487583e+03   9.927725e-01   9.957122e-01   1.339165e-01
  2.007979e-02  -5.985201e-06   2.489993e+03   9.946894e-01   9.961056e-01   1.336095e-01
  2.138042e-02  -2.727922e-05   2.348522e+03   9.989437e-01   9.997720e-01   1.432153e-01
  1.913907e-02   1.644031e-05   2.631849e+03   1.002102e+00   9.990491e-01   1.314699e-01
  2.039559e-02   7.359487e-06   2.452926e+03   9.952929e-01   9.963389e-01   1.334302e-01
  2.020938e-02   1.131721e-05   2.472550e+03   9.940957e-01   9.964406e-01   1.329139e-01
  2.011853e-02   3.982894e-06   2.472240e+03   9.895025e-01   9.941757e-01   1.341639e-01
  2.031048e-02   4.589290e-06   2.450972e+03   9.903501e-01   9.945793e-01   1.339747e-01
  2.030213e-02   2.432453e-06   2.452164e+03   9.904244e-01   9.942336e-01   1.343778e-01
  2.020890e-02  -6.965720e-07   2.465584e+03   9.912715e-01   9.940189e-01   1.344485e-01
  1.977727e-02  -1.418613e-06   2.524156e+03   9.931450e-01   9.947097e-01   1.370373e-01
  1.871830e-02   1.090414e-06   2.668801e+03   9.938314e-01   9.940048e-01   1.339363e-01
  2.021661e-02   2.414692e-06   2.465688e+03   9.916918e-01   9.940711e-01   1.338309e-01
  2.005447e-02   1.512570e-06   2.483827e+03   9.909751e-01   9.944291e-01   1.337232e-01
  2.001580e-02  -1.112120e-06   2.489578e+03   9.913542e-01   9.950195e-01   1.331333e-01
  2.001363e-02  -2.111325e-06   2.488524e+03   9.908269e-01   9.945242e-01   1.329897e-01
  2.010815e-02  -3.683228e-06   2.481333e+03   9.926297e-01   9.955786e-01   1.335688e-01
  2.020001e-02   2.253321e-06   2.474270e+03   9.943263e-01   9.959231e-01   1.337395e-01
  2.213578e-02  -2.545514e-06   2.269331e+03   9.993618e-01   1.000222e+00   1.436614e-01
  1.842826e-02  -1.595203e-05   2.731418e+03   1.001389e+00   9.981578e-01   1.305951e-01
  2.020814e-02  -6.380889e-06   2.474213e+03   9.947031e-01   9.958416e-01   1.331612e-01
  2.024408e-02  -8.958713e-06   2.466464e+03   9.933512e-01   9.957775e-01   1.323774e-01
  2.033941e-02  -6.629378e-06   2.445215e+03   9.894311e-01   9.940390e-01   1.343661e-01
  2.034159e-02  -8.479344e-06   2.447786e+03   9.905776e-01   9.949097e-01   1.339482e-01
  2.054653e-02  -5.632841e-06   2.423254e+03   9.905299e-01   9.947402e-01   1.349141e-01
  2.044304e-02  -2.186074e-06   2.437701e+03   9.914162e-01   9.943115e-01   1.347814e-01
  2.042877e-02   7.961249e-06   2.446408e+03   9.942629e-01   9.952406e-01   1.369988e-01
  1.858191e-02  -3.093274e-05   2.694382e+03   9.960467e-01   9.951547e-01   1.346359e-01
  2.003826e-02  -1.155652e-05   2.494133e+03   9.942823e-01   9.954636e-01   1.329239e-01
  2.000260e-02  -6.952038e-06   2.494603e+03   9.927003e-01   9.953893e-01   1.328952e-01
  2.011849e-02   3.294455e-06   2.480927e+03   9.929778e-01   9.961035e-01   1.324522e-01
  2.009229e-02   5.886354e-06   2.481842e+03   9.920506e-01   9.955346e-01   1.327064e-01
  2.025372e-02   7.246333e-06   2.465081e+03   9.932674e-01   9.960540e-01   1.334636e-01
  2.015031e-02   5.941122e-06   2.478733e+03   9.936689e-01   9.955194e-01   1.336708e-01
  2.128732e-02  -2.975991e-06   2.355692e+03   9.976304e-01   9.984159e-01   1.418010e-01
  1.779032e-02  -1.605080e-05   2.823301e+03   9.992430e-01   9.966231e-01   1.306760e-01
  2.003146e-02   3.890324e-06   2.493011e+03   9.934978e-01   9.950552e-01   1.327725e-01
  2.017548e-02   5.888212e-06   2.473299e+03   9.927291e-01   9.955167e-01   1.324709e-01
  2.048300e-02   1.066976e-05   2.431174e+03   9.906946e-01   9.950368e-01   1.350612e-01
  2.032257e-02   1.186572e-05   2.452115e+03   9.914018e-01   9.952741e-01   1.340203e-01
  2.061812e-02   1.633392e-05   2.417528e+03   9.916325e-01   9.954993e-01   1.351127e-01
  2.059654e-02   9.590288e-06   2.422357e+03   9.925734e-01   9.951556e-01   1.348821e-01
  2.181995e-02   1.681258e-05   2.295873e+03   9.966250e-01   9.970977e-01   1.362374e-01
  1.825592e-02   4.399158e-06   2.749175e+03   9.984729e-01   9.971074e-01   1.369920e-01
  1.989263e-02   1.083924e-05   2.517647e+03   9.963617e-01   9.967153e-01   1.322619e-01
  2.006772e-02   6.340408e-06   2.490018e+03   9.941012e-01   9.961729e-01   1.322891e-01
  2.013635e-02   2.417013e-06   2.481187e+03   9.939633e-01   9.967009e-01   1.324942e-01
  2.013507e-02   1.747356e-06   2.479266e+03   9.931304e-01   9.958933e-01   1.327751e-01
  2.024960e-02   1.802598e-06   2.465076e+03   9.930630e-01   9.957258e-01   1.332991e-01
  2.018311e-02  -6.488710e-07   2.471739e+03   9.924779e-01   9.947224e-01   1.335897e-01
  2.039840e-02   1.185132e-05   2.453307e+03   9.955847e-01   9.964951e-01   1.371648e-01
  1.718147e-02   9.411920e-06   2.914242e+03   9.961300e-01   9.945151e-01   1.308782e-01
  2.002596e-02   2.012556e-06   2.491150e+03   9.924834e-01   9.944549e-01   1.328973e-01
  2.005419e-02  -4.293428e-08   2.485999e+03   9.918277e-01   9.947193e-01   1.330446e-01
  2.041176e-02  -6.295325e-06   2.441029e+03   9.912506e-01   9.954718e-01   1.352353e-01
  2.036559e-02  -7.608257e-06   2.448070e+03   9.918615e-01   9.957144e-01   1.343500e-01
  2.051580e-02  -7.465875e-06   2.430981e+03   9.922019e-01   9.957742e-01   1.353687e-01
  2.067554e-02  -2.307751e-06   2.416239e+03   9.938638e-01   9.959576e-01   1.352859e-01
  2.169901e-02   4.752459e-06   2.311389e+03   9.977989e-01   9.978249e-01   1.343749e-01
  1.884930e-02  -1.650461e-05   2.669210e+03   1.000940e+00   9.995105e-01   1.397573e-01
  1.971526e-02  -8.456050e-06   2.543096e+03   9.974598e-01   9.973038e-01   1.312514e-01
  1.985854e-02  -5.577435e-06   2.518418e+03   9.949592e-01   9.966421e-01   1.317360e-01
  2.016956e-02  -7.284059e-06   2.478291e+03   9.944408e-01   9.968245e-01   1.330643e-01
  2.001989e-02  -8.730604e-06   2.493047e+03   9.929386e-01   9.960770e-01   1.330723e-01
  2.027320e-02  -9.403173e-06   2.461373e+03   9.927272e-01   9.956065e-01   1.336737e-01
  2.029346e-02  -3.899619e-06   2.456674e+03   9.918224e-01   9.942351e-01   1.338325e-01
  1.912338e-02   2.146610e-06   2.612500e+03   9.939191e-01   9.939261e-01   1.314103e-01
  1.741267e-02  -2.044079e-05   2.871686e+03   9.947921e-01   9.936993e-01   1.314563e-01
  2.000122e-02  -4.163069e-08   2.492944e+03   9.919718e-01   9.940616e-01   1.332414e-01
  2.005483e-02   3.057469e-07   2.482203e+03   9.903451e-01   9.938974e-01   1.332874e-01
  2.040800e-02   4.545923e-06   2.439588e+03   9.904832e-01   9.946953e-01   1.345131e-01
  2.027829e-02   4.261980e-06   2.456805e+03   9.911337e-01   9.949383e-01   1.341903e-01
  2.060918e-02   5.069313e-06   2.419175e+03   9.918779e-01   9.953471e-01   1.348976e-01
  2.053177e-02   2.203353e-06   2.433485e+03   9.939974e-01   9.958457e-01   1.350427e-01
  2.040639e-02   1.423074e-05   2.458060e+03   9.979040e-01   9.970492e-01   1.330353e-01
  1.944970e-02   1.186931e-05   2.599909e+03   1.006007e+00   1.002399e+00   1.319127e-01
  2.023632e-02   3.644679e-06   2.473037e+03   9.956166e-01   9.963215e-01   1.182584e-01
  2.027014e-02   4.786234e-06   2.465969e+03   9.944306e-01   9.963812e-01   1.180041e-01
  2.019712e-02  -4.434715e-06   2.461968e+03   9.892409e-01   9.937266e-01   1.144772e-01
  2.021110e-02   1.264193e-07   2.457102e+03   9.879691e-01   9.928760e-01   1.141211e-01
  2.007974e-02  -8.709746e-06   2.478502e+03   9.900963e-01   9.937093e-01   1.141656e-01
  2.002569e-02  -1.056028e-05   2.489978e+03   9.920033e-01   9.939666e-01   1.148289e-01
  2.007391e-02  -2.856311e-05   2.494615e+03   9.962436e-01   9.954167e-01   1.130979e-01
  1.903433e-02  -1.289953e-05   2.619139e+03   9.918051e-01   9.939720e-01   1.249400e-01
  2.029973e-02  -2.074750e-06   2.448234e+03   9.887201e-01   9.921485e-01   1.157166e-01
  2.037334e-02   1.943963e-06   2.439143e+03   9.886205e-01   9.928866e-01   1.159459e-01
  2.027471e-02  -1.708769e-06   2.439045e+03   9.837952e-01   9.903583e-01   1.128856e-01
  2.024775e-02   4.122732e-06   2.436638e+03   9.815172e-01   9.890567e-01   1.112352e-01
  2.011325e-02   3.600503e-07   2.451657e+03   9.810068e-01   9.883967e-01   1.093230e-01
  2.000769e-02  -1.261053e-06   2.473688e+03   9.846277e-01   9.895485e-01   1.100552e-01
  1.905721e-02  -1.976588e-06   2.612831e+03   9.906054e-01   9.930410e-01   1.165270e-01
  1.937838e-02   4.013433e-05   2.560109e+03   9.869745e-01   9.912202e-01   1.139561e-01
  1.998915e-02   7.197249e-06   2.482361e+03   9.871642e-01   9.911460e-01   1.104210e-01
  2.006556e-02   5.651287e-06   2.472079e+03   9.868337e-01   9.916165e-01   1.111341e-01
  2.014038e-02   1.063271e-06   2.471150e+03   9.901406e-01   9.941987e-01   1.143984e-01
  2.015356e-02  -4.539214e-06   2.472510e+03   9.913340e-01   9.947580e-01   1.152553e-01
  2.003018e-02  -9.321251e-06   2.493480e+03   9.936211e-01   9.956654e-01   1.156447e-01
  1.992721e-02  -7.909910e-06   2.505742e+03   9.933747e-01   9.948015e-01   1.143732e-01
  2.023393e-02  -2.416234e-05   2.485021e+03   1.000324e+00   9.978659e-01   1.150051e-01
  1.901948e-02   2.560992e-06   2.604623e+03   9.855387e-01   9.899423e-01   1.139985e-01
  2.010995e-02   2.748739e-06   2.463002e+03   9.853851e-01   9.900702e-01   1.108799e-01
  2.017560e-02   3.976135e-06   2.449673e+03   9.832516e-01   9.896669e-01   1.101830e-01
  2.026523e-02   2.873331e-06   2.442740e+03   9.848246e-01   9.908799e-01   1.135837e-01
  2.033056e-02  -2.734976e-06   2.437043e+03   9.856951e-01   9.915981e-01   1.148653e-01
  2.034467e-02  -5.013393e-06   2.443174e+03   9.888611e-01   9.931227e-01   1.168738e-01
  2.024440e-02  -1.051995e-06   2.466205e+03   9.932630e-01   9.947559e-01   1.180759e-01
  1.881583e-02  -8.184293e-07   2.651756e+03   9.926293e-01   9.935867e-01   1.191205e-01
  1.981285e-02   1.830863e-05   2.540708e+03   1.001456e+00   1.000297e+00   1.242062e-01
  2.011599e-02   2.838043e-06   2.501798e+03   1.001207e+00   9.996676e-01   1.206727e-01
  2.014871e-02   7.494519e-06   2.491298e+03   9.986266e-01   9.988805e-01   1.193037e-01
  2.022511e-02  -1.623884e-06   2.475043e+03   9.958723e-01   9.975344e-01   1.191358e-01
  2.019876e-02   3.164524e-06   2.473489e+03   9.939504e-01   9.965626e-01   1.176815e-01
  2.004058e-02  -7.831580e-06   2.497337e+03   9.956750e-01   9.970644e-01   1.170980e-01
  1.997073e-02  -4.990454e-06   2.514464e+03   9.990090e-01   9.981194e-01   1.182817e-01
  2.036422e-02  -1.193320e-05   2.469820e+03   1.000606e+00   9.980247e-01   1.148382e-01
  1.995932e-02  -7.627277e-06   2.545428e+03   1.010734e+00   1.005316e+00   1.345104e-01
  2.040535e-02   2.664890e-07   2.463586e+03   1.000097e+00   9.992669e-01   1.239294e-01
  2.048598e-02  -2.016923e-06   2.455784e+03   1.000869e+00   1.000634e+00   1.251352e-01
  2.050967e-02  -1.561652e-06   2.435992e+03   9.939503e-01   9.965794e-01   1.219535e-01
  2.048520e-02   3.547269e-06   2.434688e+03   9.922332e-01   9.954753e-01   1.207991e-01
  2.048350e-02   3.313347e-06   2.429219e+03   9.899221e-01   9.936209e-01   1.194191e-01
  2.031586e-02   1.760549e-06   2.447451e+03   9.891891e-01   9.924137e-01   1.168859e-01
  1.874474e-02   1.210219e-05   2.669621e+03   9.955407e-01   9.949664e-01   1.232414e-01
  2.006283e-02   1.640700e-05   2.472898e+03   9.870261e-01   9.919642e-01   1.158241e-01
  1.981027e-02   3.971362e-06   2.476022e+03   9.758320e-01   9.844762e-01   1.028768e-01
  1.990776e-02   1.278741e-06   2.467350e+03   9.771998e-01   9.860065e-01   1.046980e-01
  2.000918e-02  -2.392592e-07   2.457411e+03   9.782214e-01   9.870021e-01   1.066688e-01
  2.006043e-02  -1.473162e-06   2.461011e+03   9.821639e-01   9.893198e-01   1.092421e-01
  1.993171e-02   4.232247e-06   2.491945e+03   9.881280e-01   9.924766e-01   1.115086e-01
  1.987514e-02  -6.552719e-07   2.508019e+03   9.916791e-01   9.937550e-01   1.125276e-01
  2.048261e-02  -2.378858e-06   2.459329e+03   1.002149e+00   9.995963e-01   1.192882e-01
  1.957256e-02   4.279009e-06   2.497632e+03   9.725373e-01   9.818863e-01   9.809811e-02
  1.969227e-02   6.086223e-06   2.495954e+03   9.778281e-01   9.853825e-01   1.021658e-01
  1.976240e-02   3.015464e-06   2.481127e+03   9.754813e-01   9.848155e-01   1.015112e-01
  2.005323e-02   4.293032e-06   2.450564e+03   9.776434e-01   9.863777e-01   1.064923e-01
  2.014402e-02  -6.665189e-07   2.440089e+03   9.778718e-01   9.866317e-01   1.081457e-01
  2.029741e-02   7.010488e-07   2.429760e+03   9.811475e-01   9.883042e-01   1.118730e-01
  2.026288e-02  -3.237908e-06   2.445351e+03   9.857628e-01   9.902515e-01   1.143556e-01
  1.860007e-02   1.286439e-06   2.659194e+03   9.839992e-01   9.875950e-01   1.142871e-01
  2.013317e-02  -8.662102e-06   2.495786e+03   9.996539e-01   9.990419e-01   1.184147e-01
  2.002084e-02  -3.714500e-06   2.525534e+03   1.005925e+00   1.002459e+00   1.224025e-01
  2.006848e-02  -1.628884e-06   2.513416e+03   1.003481e+00   1.001732e+00   1.212638e-01
  2.027509e-02   7.722550e-07   2.484779e+03   1.002261e+00   1.001524e+00   1.234367e-01
  2.020731e-02   1.818055e-06   2.486159e+03   9.994651e-01   9.997599e-01   1.212301e-01
  2.004857e-02   4.094756e-06   2.502986e+03   9.983249e-01   9.985591e-01   1.184721e-01
  1.992695e-02   4.983733e-06   2.513225e+03   9.963283e-01   9.966133e-01   1.158033e-01
  2.027940e-02   2.308465e-05   2.467538e+03   9.955182e-01   9.960700e-01   1.148404e-01
  2.067148e-02   1.838047e-05   2.483336e+03   1.021262e+00   1.011375e+00   1.335140e-01
  2.023338e-02   5.127204e-06   2.504370e+03   1.008085e+00   1.003867e+00   1.275088e-01
  2.028230e-02   9.129729e-06   2.492427e+03   1.005703e+00   1.003164e+00   1.267340e-01
  2.047806e-02  -1.822267e-06   2.451558e+03   9.987601e-01   9.995239e-01   1.247271e-01
  2.045537e-02   2.508172e-06   2.439292e+03   9.926619e-01   9.956992e-01   1.210651e-01
  2.052562e-02  -4.626220e-06   2.430195e+03   9.923558e-01   9.951004e-01   1.216079e-01
  2.039076e-02   2.180611e-06   2.444238e+03   9.915327e-01   9.938511e-01   1.196098e-01
  1.876127e-02  -5.495401e-06   2.663278e+03   9.940516e-01   9.934173e-01   1.195789e-01
  2.032054e-02  -2.466956e-05   2.468510e+03   9.979303e-01   9.975696e-01   1.219042e-01
  1.992109e-02  -8.974761e-06   2.488903e+03   9.863957e-01   9.906454e-01   1.105128e-01
  1.999669e-02  -7.651658e-06   2.478275e+03   9.859111e-01   9.912015e-01   1.108662e-01
  2.007901e-02  -2.114687e-06   2.459952e+03   9.826504e-01   9.894415e-01   1.099564e-01
  2.010172e-02  -2.981296e-06   2.462808e+03   9.849039e-01   9.910500e-01   1.114385e-01
  1.998241e-02  -3.209370e-07   2.480287e+03   9.860066e-01   9.912580e-01   1.105456e-01
  1.992371e-02  -1.840709e-07   2.498887e+03   9.904831e-01   9.931330e-01   1.124059e-01
  2.000022e-02   1.244006e-06   2.500760e+03   9.950316e-01   9.957683e-01   1.182672e-01
  2.017805e-02   2.685213e-05   2.452738e+03   9.846014e-01   9.885938e-01   1.014674e-01
  1.964880e-02   7.600284e-06   2.511892e+03   9.818999e-01   9.876670e-01   1.049750e-01
  1.978072e-02   4.797497e-06   2.496733e+03   9.825264e-01   9.888769e-01   1.066848e-01
  2.007248e-02  -1.155295e-07   2.458776e+03   9.818612e-01   9.891062e-01   1.096257e-01
  2.019924e-02  -2.165230e-06   2.451270e+03   9.850456e-01   9.908539e-01   1.135111e-01
  2.032736e-02   3.631790e-06   2.445603e+03   9.890020e-01   9.929366e-01   1.174425e-01
  2.032142e-02  -4.142531e-06   2.452406e+03   9.914629e-01   9.936889e-01   1.192671e-01
  1.912379e-02   2.557526e-06   2.624621e+03   9.985522e-01   9.963675e-01   1.213500e-01
  1.979216e-02  -3.233260e-05   2.519556e+03   9.920817e-01   9.928820e-01   1.122799e-01
  1.992089e-02  -3.368747e-06   2.498272e+03   9.900987e-01   9.927145e-01   1.127010e-01
  1.999767e-02  -6.745306e-06   2.485869e+03   9.889809e-01   9.930323e-01   1.127822e-01
  2.017013e-02   1.999077e-06   2.462538e+03   9.881474e-01   9.926563e-01   1.139115e-01
  2.018182e-02  -2.434326e-07   2.457893e+03   9.868553e-01   9.920734e-01   1.134425e-01
  2.020034e-02   6.096813e-06   2.462701e+03   9.896929e-01   9.934373e-01   1.148417e-01
  2.010594e-02   4.416174e-06   2.478987e+03   9.915823e-01   9.938650e-01   1.149729e-01
  1.948930e-02   3.021126e-05   2.563234e+03   9.938354e-01   9.948825e-01   1.205612e-01
  2.058265e-02   1.697156e-05   2.458575e+03   1.006734e+00   1.001878e+00   1.191232e-01
  1.999720e-02  -1.994410e-06   2.519229e+03   1.002229e+00   1.000100e+00   1.211131e-01
  2.005793e-02   2.679433e-06   2.502820e+03   9.987251e-01   9.989581e-01   1.196736e-01
  2.027926e-02   1.349381e-06   2.466043e+03   9.949078e-01   9.968092e-01   1.200384e-01
  2.026640e-02   4.090159e-06   2.454156e+03   9.894845e-01   9.935910e-01   1.170299e-01
  2.021962e-02  -4.388471e-06   2.453050e+03   9.867554e-01   9.916138e-01   1.151913e-01
  2.009513e-02   1.982404e-06   2.460248e+03   9.835575e-01   9.889489e-01   1.121461e-01
  1.938014e-02  -1.399244e-05   2.550111e+03   9.832098e-01   9.869278e-01   1.082876e-01
  1.976657e-02   7.737178e-09   2.551806e+03   1.003481e+00   9.999284e-01   1.225890e-01
  2.025246e-02   2.246922e-06   2.476570e+03   9.978345e-01   9.975694e-01   1.214294e-01
  2.031244e-02   1.706306e-06   2.464995e+03   9.961123e-01   9.972790e-01   1.210041e-01
  2.038706e-02  -1.950286e-06   2.449136e+03   9.933392e-01   9.960602e-01   1.197765e-01
  2.037240e-02   1.692412e-06   2.451585e+03   9.936173e-01   9.962868e-01   1.197492e-01
  2.037510e-02  -6.009357e-06   2.447820e+03   9.922230e-01   9.951082e-01   1.182002e-01
  2.021080e-02  -1.543154e-07   2.468448e+03   9.925162e-01   9.943871e-01   1.164020e-01
  1.906833e-02  -1.339192e-05   2.616687e+03   9.926466e-01   9.942842e-01   1.212311e-01
  2.026290e-02   9.063194e-06   2.477960e+03   9.989092e-01   9.965859e-01   1.155973e-01
  1.995352e-02   5.724863e-06   2.495180e+03   9.904935e-01   9.930076e-01   1.134473e-01
  2.005682e-02  -1.749326e-07   2.479692e+03   9.894410e-01   9.932896e-01   1.138196e-01
  2.015818e-02   1.403393e-07   2.456841e+03   9.852771e-01   9.910345e-01   1.127486e-01
  2.022593e-02  -1.614599e-06   2.448761e+03   9.853373e-01   9.913599e-01   1.140336e-01
  2.017754e-02   9.193346e-06   2.463025e+03   9.887061e-01   9.929090e-01   1.157933e-01
  2.017163e-02   2.471740e-06   2.478084e+03   9.944597e-01   9.955268e-01   1.194523e-01
  2.000679e-02   1.436802e-05   2.517328e+03   1.001953e+00   9.986970e-01   1.215585e-01
  1.931915e-02   5.779397e-06   2.566863e+03   9.865539e-01   9.890936e-01   1.101659e-01
  2.009008e-02   1.232354e-06   2.468617e+03   9.866557e-01   9.907333e-01   1.125554e-01
  2.013806e-02   1.842965e-07   2.460269e+03   9.856675e-01   9.910081e-01   1.124381e-01
  2.023255e-02   3.360898e-06   2.446125e+03   9.845992e-01   9.907243e-01   1.124968e-01
  2.024043e-02   2.461671e-07   2.443067e+03   9.837513e-01   9.902117e-01   1.120857e-01
  2.034722e-02   4.483762e-06   2.429398e+03   9.834082e-01   9.896976e-01   1.124381e-01
  2.027202e-02  -3.746320e-06   2.447614e+03   9.871201e-01   9.911724e-01   1.139703e-01
  1.882389e-02  -1.246642e-05   2.638907e+03   9.882424e-01   9.913676e-01   1.217280e-01
  1.993483e-02  -6.944027e-06   2.522048e+03   1.000221e+00   9.977960e-01   1.171315e-01
  2.012424e-02  -3.735179e-07   2.492613e+03   9.979401e-01   9.975813e-01   1.196693e-01
  2.016730e-02   5.475038e-07   2.482894e+03   9.961761e-01   9.973063e-01   1.188558e-01
  2.024250e-02  -2.990392e-06   2.468295e+03   9.940117e-01   9.964372e-01   1.185959e-01
  2.022954e-02   1.589428e-06   2.466988e+03   9.928490e-01   9.957716e-01   1.178685e-01
  2.006519e-02  -1.304795e-06   2.488252e+03   9.932711e-01   9.954959e-01   1.163989e-01
  1.994751e-02   1.915021e-06   2.494460e+03   9.899094e-01   9.927325e-01   1.133496e-01
  2.004058e-02   1.448054e-05   2.490196e+03   9.928281e-01   9.940894e-01   1.129830e-01
  1.951612e-02   1.903089e-05   2.593898e+03   1.007109e+00   1.001710e+00   1.290935e-01
  2.040388e-02   4.257941e-06   2.453886e+03   9.960868e-01   9.965166e-01   1.223939e-01
  2.048266e-02   7.748151e-06   2.445363e+03   9.964599e-01   9.976505e-01   1.231020e-01
  2.042727e-02   2.448291e-06   2.438394e+03   9.909330e-01   9.948301e-01   1.188295e-01
  2.043017e-02   6.873112e-07   2.439940e+03   9.917022e-01   9.952243e-01   1.192165e-01
  2.048973e-02  -1.829693e-06   2.428220e+03   9.898160e-01   9.936013e-01   1.181726e-01
  2.033950e-02   9.328458e-07   2.449088e+03   9.910026e-01   9.933778e-01   1.170706e-01
  1.847716e-02  -5.101967e-06   2.691069e+03   9.892138e-01   9.914359e-01   1.195605e-01
  1.962089e-02  -1.894198e-05   2.529769e+03   9.874829e-01   9.899518e-01   1.132335e-01
  2.011414e-02  -5.891906e-06   2.464842e+03   9.863265e-01   9.906053e-01   1.128719e-01
  2.020612e-02  -1.131147e-05   2.458389e+03   9.882430e-01   9.926416e-01   1.149184e-01
  2.019081e-02  -1.482833e-06   2.460950e+03   9.885228e-01   9.931911e-01   1.148137e-01
  2.021873e-02  -4.044924e-06   2.459962e+03   9.894922e-01   9.938082e-01   1.157941e-01
  2.005628e-02   2.776955e-06   2.485133e+03   9.915854e-01   9.946515e-01   1.148729e-01
  2.001038e-02   4.291722e-07   2.501990e+03   9.960268e-01   9.964616e-01   1.171205e-01
  2.022319e-02   8.502285e-06   2.492675e+03   1.002872e+00   1.000106e+00   1.219952e-01
  1.881445e-02  -1.392699e-06   2.615261e+03   9.788966e-01   9.845628e-01   1.037478e-01
  2.010825e-02   3.343193e-06   2.464191e+03   9.857775e-01   9.902209e-01   1.124755e-01
  2.017188e-02   3.473362e-07   2.449033e+03   9.828137e-01   9.891927e-01   1.110374e-01
  2.034313e-02  -3.300949e-06   2.441064e+03   9.879321e-01   9.927206e-01   1.157953e-01
  2.033048e-02   1.998812e-06   2.443121e+03   9.881496e-01   9.930036e-01   1.156129e-01
  2.048492e-02  -1.330152e-06   2.434960e+03   9.923304e-01   9.951244e-01   1.196171e-01
  2.039661e-02   3.944494e-06   2.454803e+03   9.961039e-01   9.966529e-01   1.207556e-01
  1.883107e-02   6.936816e-06   2.678843e+03   1.003581e+00   1.000796e+00   1.314888e-01
  1.930292e-02  -2.204334e-05   2.607522e+03   1.001339e+00   9.983325e-01   1.223330e-01
  2.025406e-02  -7.891315e-06   2.468558e+03   9.946852e-01   9.957467e-01   1.191994e-01
  2.025862e-02  -3.344058e-06   2.462170e+03   9.923342e-01   9.949620e-01   1.174539e-01
  2.023831e-02  -3.148198e-06   2.455795e+03   9.887729e-01   9.933693e-01   1.152244e-01
  2.020019e-02  -1.255570e-07   2.459612e+03   9.884443e-01   9.930730e-01   1.144123e-01
  2.008456e-02  -1.565686e-06   2.477226e+03   9.898246e-01   9.934377e-01   1.133846e-01
  1.994980e-02   4.893237e-06   2.492200e+03   9.891257e-01   9.922680e-01   1.113796e-01
  1.986458e-02   1.303777e-05   2.503599e+03   9.894054e-01   9.921238e-01   1.124955e-01
  1.919489e-02  -3.571086e-06   2.628499e+03   1.003745e+00   9.996452e-01   1.267755e-01
  2.031065e-02  -8.139354e-09   2.460976e+03   9.944006e-01   9.954764e-01   1.202158e-01
  2.042848e-02  -4.288221e-06   2.450753e+03   9.960145e-01   9.973972e-01   1.221175e-01
  2.034089e-02  -1.947933e-06   2.445969e+03   9.898078e-01   9.939941e-01   1.169748e-01
  2.036096e-02   1.229327e-06   2.444265e+03   9.900943e-01   9.940125e-01   1.173089e-01
  2.031301e-02   7.427930e-06   2.441817e+03   9.867733e-01   9.916271e-01   1.144964e-01
  2.017740e-02   5.301357e-06   2.462735e+03   9.885829e-01   9.920210e-01   1.141415e-01
  1.861662e-02   1.395444e-05   2.660019e+03   9.851801e-01   9.885556e-01   1.128278e-01
  1.913185e-02  -3.340736e-06   2.597650e+03   9.887076e-01   9.910297e-01   1.170409e-01
  2.024444e-02   1.406642e-06   2.452092e+03   9.875809e-01   9.914253e-01   1.152640e-01
  2.029399e-02  -3.167946e-06   2.448078e+03   9.883773e-01   9.927080e-01   1.158310e-01
  2.026356e-02   1.747064e-06   2.452107e+03   9.885194e-01   9.931182e-01   1.152846e-01
  2.025089e-02  -3.329258e-06   2.456286e+03   9.895854e-01   9.938990e-01   1.155046e-01
  2.013301e-02   4.559121e-06   2.479172e+03   9.929916e-01   9.955201e-01   1.152073e-01
  2.005705e-02   4.575826e-06   2.504973e+03   9.995401e-01   9.985210e-01   1.179728e-01
  1.989632e-02   1.816838e-05   2.542685e+03   1.006458e+00   1.002938e+00   1.256019e-01
  1.876483e-02  -1.559379e-05   2.644226e+03   9.871277e-01   9.895709e-01   1.114423e-01
  2.015679e-02  -5.449589e-06   2.463069e+03   9.877068e-01   9.913739e-01   1.137631e-01
  2.021521e-02  -9.274901e-07   2.449875e+03   9.852633e-01   9.906411e-01   1.128410e-01
  2.025340e-02   5.495663e-06   2.450024e+03   9.871845e-01   9.923471e-01   1.143045e-01
  2.026200e-02   1.343271e-06   2.446362e+03   9.861278e-01   9.917567e-01   1.137839e-01
  2.025672e-02   6.699536e-06   2.453388e+03   9.887025e-01   9.928595e-01   1.152058e-01
  2.019221e-02   6.472581e-06   2.465926e+03   9.905905e-01   9.931691e-01   1.158543e-01
  1.897696e-02   1.535315e-05   2.640133e+03   9.967416e-01   9.956784e-01   1.198981e-01
  1.882406e-02  -3.410990e-06   2.627026e+03   9.838023e-01   9.880094e-01   1.129095e-01
  2.019843e-02  -4.326600e-06   2.451814e+03   9.852249e-01   9.899652e-01   1.133535e-01
  2.026939e-02  -1.124623e-06   2.450268e+03   9.880628e-01   9.924378e-01   1.150371e-01
  2.031671e-02   2.735735e-06   2.454491e+03   9.920763e-01   9.953457e-01   1.177577e-01
  2.029541e-02   1.692540e-06   2.463402e+03   9.946338e-01   9.969568e-01   1.187083e-01
  2.020727e-02   1.904804e-06   2.482326e+03   9.979220e-01   9.985704e-01   1.186291e-01
  2.005949e-02  -3.356540e-06   2.500316e+03   9.978032e-01   9.974090e-01   1.166014e-01
  1.970866e-02  -1.576927e-05   2.543999e+03   9.974797e-01   9.971363e-01   1.204325e-01
  1.885760e-02  -1.354066e-05   2.658681e+03   9.974310e-01   9.960723e-01   1.205964e-01
  2.026815e-02  -6.048265e-06   2.468478e+03   9.953449e-01   9.961286e-01   1.192423e-01
  2.039299e-02  -4.302529e-06   2.450915e+03   9.943502e-01   9.963438e-01   1.200747e-01
  2.038045e-02   3.224067e-06   2.450577e+03   9.936018e-01   9.961795e-01   1.195281e-01
  2.039883e-02   3.336137e-07   2.448003e+03   9.934531e-01   9.960573e-01   1.200840e-01
  2.034683e-02   6.679679e-06   2.461038e+03   9.961970e-01   9.973613e-01   1.210435e-01
  2.023081e-02   7.115655e-06   2.471471e+03   9.947156e-01   9.957437e-01   1.191540e-01
  1.930036e-02   3.127377e-05   2.605694e+03   1.000504e+00   9.979539e-01   1.211727e-01
  1.903659e-02  -1.280661e-05   2.642583e+03   1.000801e+00   9.988472e-01   1.302512e-01
  2.039766e-02  -3.777421e-06   2.448316e+03   9.935231e-01   9.950657e-01   1.206406e-01
  2.041966e-02   1.772013e-06   2.437982e+03   9.903966e-01   9.940059e-01   1.182226e-01
  2.032100e-02  -7.272414e-07   2.436958e+03   9.851973e-01   9.911625e-01   1.138841e-01
  2.027275e-02   1.015039e-06   2.441268e+03   9.845964e-01   9.908772e-01   1.128307e-01
  2.013137e-02  -1.512437e-06   2.461165e+03   9.856987e-01   9.911036e-01   1.110511e-01
  2.001290e-02  -5.502006e-07   2.483970e+03   9.889776e-01   9.922148e-01   1.112277e-01
  1.969479e-02  -7.704233e-06   2.539950e+03   9.951919e-01   9.963458e-01   1.210560e-01
  1.895068e-02  -1.585071e-05   2.641197e+03   9.957627e-01   9.955412e-01   1.229670e-01
  2.021305e-02  -2.216763e-06   2.457264e+03   9.881290e-01   9.917930e-01   1.140834e-01
  2.027138e-02  -4.294142e-06   2.448054e+03   9.872668e-01   9.919764e-01   1.141334e-01
  2.015887e-02  -2.632399e-06   2.457170e+03   9.854429e-01   9.914007e-01   1.117810e-01
  2.017986e-02   7.963272e-07   2.450271e+03   9.836992e-01   9.901387e-01   1.112242e-01
  2.006457e-02  -3.196188e-06   2.465717e+03   9.842454e-01   9.900133e-01   1.102848e-01
  2.004316e-02   1.899057e-06   2.480606e+03   9.891317e-01   9.922699e-01   1.132455e-01
  1.940901e-02  -7.381960e-07   2.566277e+03   9.909161e-01   9.919571e-01   1.115067e-01
  1.867543e-02   6.393735e-06   2.639567e+03   9.806941e-01   9.866374e-01   1.150072e-01
  2.019484e-02  -1.237588e-06   2.447500e+03   9.833162e-01   9.889030e-01   1.118095e-01
  2.030034e-02  -3.792324e-06   2.439394e+03   9.851793e-01   9.907171e-01   1.131772e-01
  2.025109e-02  -4.055387e-07   2.450878e+03   9.874161e-01   9.924810e-01   1.141332e-01
  2.024519e-02  -4.002428e-06   2.451520e+03   9.873871e-01   9.923899e-01   1.139003e-01
  2.007990e-02  -3.580944e-06   2.478944e+03   9.902809e-01   9.937793e-01   1.132024e-01
  2.001806e-02  -7.696018e-07   2.497266e+03   9.945275e-01   9.955750e-01   1.145813e-01
  1.954242e-02  -1.467429e-05   2.562760e+03   9.963604e-01   9.968703e-01   1.205219e-01
  1.883417e-02   3.871599e-06   2.633105e+03   9.866081e-01   9.897846e-01   1.132805e-01
  2.016737e-02   7.259021e-07   2.476005e+03   9.934155e-01   9.948363e-01   1.159902e-01
  2.026153e-02   5.783468e-07   2.461533e+03   9.922198e-01   9.949448e-01   1.161546e-01
  2.027106e-02  -1.172245e-07   2.467133e+03   9.949450e-01   9.969670e-01   1.183110e-01
  2.028481e-02  -4.123176e-06   2.464012e+03   9.943607e-01   9.967101e-01   1.186154e-01
  2.018526e-02  -1.003686e-06   2.479146e+03   9.955580e-01   9.970215e-01   1.186985e-01
  2.009184e-02  -6.629428e-06   2.484542e+03   9.931074e-01   9.946211e-01   1.164957e-01
  1.985731e-02  -2.451558e-05   2.528457e+03   9.988634e-01   9.969487e-01   1.169794e-01
  1.887659e-02   4.924051e-06   2.649009e+03   9.948032e-01   9.953365e-01   1.258813e-01
  2.034772e-02  -2.009103e-06   2.451851e+03   9.925212e-01   9.944770e-01   1.186522e-01
  2.040461e-02  -3.195950e-06   2.442423e+03   9.914693e-01   9.947129e-01   1.180960e-01
  2.040059e-02   7.937245e-07   2.445215e+03   9.924075e-01   9.953858e-01   1.191935e-01
  2.040794e-02   2.255956e-07   2.449339e+03   9.944391e-01   9.968756e-01   1.205887e-01
  2.026484e-02  -4.372577e-06   2.472231e+03   9.966953e-01   9.977730e-01   1.199454e-01
  2.012199e-02  -5.725210e-06   2.488886e+03   9.963365e-01   9.967175e-01   1.178235e-01
  1.949651e-02  -2.339138e-05   2.573309e+03   9.981114e-01   9.979151e-01   1.229581e-01
  1.986056e-02  -3.457980e-06   2.528258e+03   9.989485e-01   9.983489e-01   1.041839e-01
  2.001288e-02   2.259886e-07   2.497525e+03   9.943736e-01   9.955015e-01   9.934315e-02
  2.009900e-02   1.046801e-06   2.481776e+03   9.923553e-01   9.949953e-01   9.902361e-02
  2.029090e-02   1.579736e-06   2.449937e+03   9.889772e-01   9.935128e-01   1.002135e-01
  2.028321e-02   2.648839e-06   2.451794e+03   9.893519e-01   9.935480e-01   1.000121e-01
  2.038199e-02   2.460738e-06   2.441929e+03   9.901700e-01   9.937666e-01   1.018116e-01
  2.029262e-02   7.956428e-07   2.456723e+03   9.918009e-01   9.937938e-01   1.016061e-01
  1.904295e-02  -2.805972e-06   2.624114e+03   9.941390e-01   9.938041e-01   1.045955e-01
  1.956082e-02   1.307174e-05   2.559961e+03   9.962089e-01   9.956491e-01   1.052972e-01
  2.014755e-02   7.304661e-06   2.480764e+03   9.943467e-01   9.954124e-01   1.005453e-01
  2.022547e-02   6.534106e-06   2.465308e+03   9.919732e-01   9.947555e-01   1.004591e-01
  2.025490e-02   3.052079e-06   2.458899e+03   9.908342e-01   9.945484e-01   9.990660e-02
  2.020110e-02   2.514018e-06   2.463069e+03   9.898780e-01   9.937445e-01   9.998073e-02
  2.021429e-02   3.330490e-06   2.463765e+03   9.908045e-01   9.941398e-01   1.003705e-01
  2.018006e-02   3.560620e-06   2.472322e+03   9.925620e-01   9.943270e-01   1.006674e-01
  1.914601e-02   7.229917e-06   2.613995e+03   9.956647e-01   9.950178e-01   1.020451e-01
  2.011607e-02   1.278620e-05   2.493553e+03   9.979112e-01   9.980661e-01   1.045107e-01
  2.004363e-02   3.415791e-06   2.493280e+03   9.942087e-01   9.954246e-01   9.928260e-02
  2.011579e-02   4.397283e-06   2.480322e+03   9.926026e-01   9.952936e-01   9.919433e-02
  2.029458e-02  -1.063389e-06   2.450028e+03   9.891934e-01   9.935689e-01   1.003357e-01
  2.026165e-02  -1.189587e-06   2.454820e+03   9.895199e-01   9.938033e-01   1.000495e-01
  2.035667e-02  -4.947579e-06   2.445552e+03   9.904071e-01   9.937958e-01   1.017661e-01
  2.028761e-02  -5.026032e-06   2.459398e+03   9.926353e-01   9.942214e-01   1.017855e-01
  1.888065e-02  -8.962094e-06   2.647831e+03   9.945745e-01   9.941099e-01   1.056130e-01
  1.951005e-02   1.055299e-05   2.573873e+03   9.990234e-01   9.974659e-01   1.016570e-01
  1.995445e-02   2.298788e-06   2.507711e+03   9.955137e-01   9.960688e-01   9.954614e-02
  2.007903e-02   3.142572e-06   2.485943e+03   9.930338e-01   9.955312e-01   9.956103e-02
  2.017205e-02   9.957278e-07   2.470325e+03   9.913662e-01   9.950428e-01   9.984499e-02
  2.030221e-02   1.266018e-06   2.451625e+03   9.902103e-01   9.941104e-01   1.002250e-01
  2.034513e-02   2.053637e-06   2.445647e+03   9.898843e-01   9.935581e-01   1.008330e-01
  2.024694e-02   1.242457e-06   2.459746e+03   9.907858e-01   9.933674e-01   1.007297e-01
  1.935861e-02   6.824380e-06   2.576990e+03   9.924693e-01   9.937933e-01   1.039288e-01
  1.999509e-02   1.342951e-05   2.506905e+03   9.972209e-01   9.973334e-01   1.041360e-01
  2.004970e-02  -3.414222e-08   2.492600e+03   9.942387e-01   9.952539e-01   9.940677e-02
  2.008873e-02  -3.583003e-07   2.484183e+03   9.928104e-01   9.954375e-01   9.935813e-02
  2.027057e-02  -3.419927e-06   2.455216e+03   9.901158e-01   9.940749e-01   1.004529e-01
  2.029506e-02  -3.341858e-06   2.453485e+03   9.906127e-01   9.943888e-01   1.002907e-01
  2.039977e-02  -4.179293e-06   2.441276e+03   9.907688e-01   9.941097e-01   1.013384e-01
  2.027961e-02  -3.681774e-06   2.461234e+03   9.929847e-01   9.946303e-01   1.014280e-01
  1.897400e-02  -5.613015e-06   2.635920e+03   9.949956e-01   9.943033e-01   1.047439e-01
  1.991187e-02   1.503375e-05   2.523371e+03   9.995931e-01   9.976201e-01   9.933488e-02
  1.988748e-02   7.815174e-06   2.517158e+03   9.959104e-01   9.962691e-01   9.848762e-02
  1.995207e-02   6.714561e-06   2.504296e+03   9.940397e-01   9.957550e-01   9.869303e-02
  2.021183e-02   4.891335e-06   2.466895e+03   9.919426e-01   9.953191e-01   9.989339e-02
  2.018833e-02   3.896206e-06   2.466621e+03   9.906791e-01   9.943980e-01   1.000048e-01
  2.040528e-02   2.578411e-06   2.438074e+03   9.897363e-01   9.936484e-01   1.012172e-01
  2.028589e-02   2.951068e-06   2.454374e+03   9.905236e-01   9.930977e-01   1.012537e-01
  1.944876e-02   6.492622e-07   2.563135e+03   9.917301e-01   9.933622e-01   1.069661e-01
  1.986964e-02   3.224469e-05   2.521791e+03   9.968489e-01   9.966403e-01   1.047756e-01
  2.013593e-02   1.260206e-05   2.481119e+03   9.939153e-01   9.952822e-01   9.979646e-02
  2.022310e-02   1.290097e-05   2.464928e+03   9.917044e-01   9.946902e-01   9.985423e-02
  2.028286e-02   4.890909e-06   2.454928e+03   9.905996e-01   9.944983e-01   1.003464e-01
  2.023256e-02   3.963547e-06   2.462638e+03   9.912460e-01   9.949650e-01   1.003991e-01
  2.016949e-02   4.777252e-07   2.470874e+03   9.914613e-01   9.945675e-01   1.000958e-01
  2.012428e-02  -1.641416e-07   2.479911e+03   9.928567e-01   9.945765e-01   1.002221e-01
  1.915198e-02   2.801223e-06   2.612876e+03   9.955491e-01   9.958317e-01   1.034817e-01
  1.995630e-02   8.557575e-06   2.519625e+03   1.000336e+00   9.981990e-01   9.743156e-02
  1.975076e-02  -3.067057e-06   2.534050e+03   9.957015e-01   9.962576e-01   9.752977e-02
  1.988553e-02  -1.252065e-06   2.512192e+03   9.938484e-01   9.958742e-01   9.776366e-02
  2.016134e-02  -3.896854e-06   2.472530e+03   9.917245e-01   9.952017e-01   9.953490e-02
  2.022070e-02  -2.909256e-06   2.461696e+03   9.902862e-01   9.941240e-01   9.970778e-02
  2.033115e-02  -2.402965e-06   2.447229e+03   9.898438e-01   9.935381e-01   1.007872e-01
  2.027595e-02  -1.538544e-06   2.457324e+03   9.912286e-01   9.937465e-01   1.010950e-01
  1.957531e-02  -3.651673e-06   2.548062e+03   9.923132e-01   9.938829e-01   1.066856e-01
  1.948265e-02   5.565116e-06   2.570145e+03   9.961754e-01   9.955524e-01   1.046062e-01
  2.013760e-02  -3.109637e-06   2.481596e+03   9.941887e-01   9.952906e-01   1.005155e-01
  2.026398e-02  -3.649373e-06   2.459079e+03   9.913506e-01   9.944367e-01   1.005688e-01
  2.019729e-02  -5.940025e-06   2.466697e+03   9.911491e-01   9.946498e-01   1.001049e-01
  2.026519e-02  -4.035428e-06   2.458012e+03   9.909800e-01   9.946401e-01   1.003352e-01
  2.013668e-02  -3.657346e-06   2.476640e+03   9.921582e-01   9.950039e-01   9.982821e-02
  2.012408e-02  -2.057635e-06   2.479618e+03   9.927296e-01   9.944998e-01   9.971111e-02
  1.929601e-02   1.291014e-06   2.593858e+03   9.957353e-01   9.960456e-01   1.028898e-01
  1.995527e-02   2.048327e-07   2.519148e+03   1.000095e+00   9.982666e-01   9.854514e-02
  1.979565e-02   2.405065e-06   2.528543e+03   9.957953e-01   9.962939e-01   9.825190e-02
  1.988337e-02   2.220238e-06   2.510848e+03   9.932086e-01   9.957028e-01   9.811906e-02
  2.015292e-02   2.745096e-06   2.472948e+03   9.914778e-01   9.948199e-01   9.946003e-02
  2.015722e-02   2.392842e-06   2.468606e+03   9.899484e-01   9.939393e-01   9.950999e-02
  2.022486e-02  -1.215170e-06   2.460699e+03   9.900887e-01   9.937409e-01   1.001196e-01
  2.013080e-02  -2.540534e-06   2.475032e+03   9.912246e-01   9.935760e-01   1.003046e-01
  1.949129e-02  -1.551257e-05   2.560165e+03   9.927471e-01   9.940385e-01   1.047178e-01
  1.922155e-02   2.048317e-05   2.609253e+03   9.977799e-01   9.960196e-01   1.030976e-01
  2.015463e-02   9.803334e-06   2.481026e+03   9.948010e-01   9.954697e-01   1.009415e-01
  2.020653e-02   9.185944e-06   2.468231e+03   9.922195e-01   9.949526e-01   1.008972e-01
  2.024693e-02   5.903326e-06   2.460120e+03   9.909358e-01   9.945522e-01   1.000500e-01
  2.023478e-02   2.779801e-06   2.459191e+03   9.899674e-01   9.938754e-01   1.000198e-01
  2.023314e-02   4.468303e-06   2.464172e+03   9.918922e-01   9.949304e-01   9.975007e-02
  2.007344e-02   3.497830e-06   2.486248e+03   9.928795e-01   9.946683e-01   9.958936e-02
  1.959205e-02   1.413724e-05   2.553229e+03   9.951757e-01   9.956357e-01   1.029185e-01
  1.990285e-02  -3.968812e-06   2.520199e+03   9.978844e-01   9.971023e-01   1.013854e-01
  1.997464e-02  -3.450218e-06   2.503843e+03   9.949842e-01   9.958657e-01   9.915344e-02
  2.003915e-02  -3.261919e-06   2.489469e+03   9.924671e-01   9.954014e-01   9.897879e-02
  2.022173e-02  -2.848246e-06   2.463066e+03   9.908876e-01   9.943120e-01   9.944872e-02
  2.023490e-02  -2.504658e-06   2.458984e+03   9.898899e-01   9.939508e-01   9.960329e-02
  2.016967e-02  -7.160096e-06   2.468751e+03   9.906180e-01   9.940407e-01   9.935334e-02
  2.015857e-02  -6.767989e-06   2.470775e+03   9.908846e-01   9.932873e-01   9.947626e-02
  1.986869e-02  -2.529921e-05   2.510772e+03   9.924454e-01   9.933857e-01   1.037166e-01
  1.919692e-02  -1.950319e-06   2.613166e+03   9.979961e-01   9.960054e-01   1.015510e-01
  2.001421e-02  -4.562785e-06   2.499181e+03   9.950993e-01   9.957491e-01   1.009667e-01
  2.014013e-02  -3.924074e-06   2.477636e+03   9.927270e-01   9.950692e-01   1.008750e-01
  2.020177e-02  -2.433739e-06   2.466660e+03   9.913538e-01   9.949847e-01   1.000157e-01
  2.025631e-02  -6.098547e-07   2.456271e+03   9.898439e-01   9.941214e-01   9.979612e-02
  2.012018e-02   5.289372e-06   2.477925e+03   9.918592e-01   9.947450e-01   9.945646e-02
  2.009832e-02   5.774913e-06   2.484007e+03   9.932138e-01   9.947963e-01   9.950261e-02
  1.938420e-02   2.385900e-05   2.583395e+03   9.962510e-01   9.965381e-01   1.034164e-01
  1.993585e-02  -1.431973e-05   2.510570e+03   9.957203e-01   9.958945e-01   1.036623e-01
  2.016132e-02  -8.527435e-06   2.476716e+03   9.934030e-01   9.949504e-01   1.000094e-01
  2.024812e-02  -7.552921e-06   2.462619e+03   9.920011e-01   9.947475e-01   1.000892e-01
  2.018690e-02  -6.148019e-06   2.466050e+03   9.903794e-01   9.942102e-01   9.940014e-02
  2.021124e-02  -5.360763e-06   2.462612e+03   9.901913e-01   9.943449e-01   9.946169e-02
  2.003264e-02  -7.411186e-06   2.486991e+03   9.911571e-01   9.942020e-01   9.871079e-02
  1.999847e-02  -6.485559e-06   2.492417e+03   9.916251e-01   9.937956e-01   9.870325e-02
  1.976161e-02  -1.704279e-05   2.527514e+03   9.936785e-01   9.946250e-01   1.012087e-01
  1.914629e-02  -7.890948e-06   2.619301e+03   9.977006e-01   9.959217e-01   9.898254e-02
  2.002256e-02  -5.268841e-07   2.496374e+03   9.943964e-01   9.954515e-01   1.000025e-01
  2.007022e-02  -1.018765e-06   2.485275e+03   9.923315e-01   9.950790e-01   9.992118e-02
  2.016581e-02   2.039846e-06   2.470871e+03   9.912790e-01   9.947981e-01   9.980009e-02
  2.015224e-02   6.304314e-07   2.469835e+03   9.901964e-01   9.941439e-01   9.974222e-02
  2.026376e-02   3.826597e-06   2.459902e+03   9.916717e-01   9.947074e-01   9.983752e-02
  2.009664e-02   1.495499e-06   2.484731e+03   9.934201e-01   9.951051e-01   9.989954e-02
  1.977885e-02   8.320799e-06   2.531210e+03   9.959998e-01   9.957982e-01   1.041544e-01
  1.957887e-02  -3.564216e-06   2.551710e+03   9.939145e-01   9.944439e-01   1.044357e-01
  2.015223e-02  -2.619359e-06   2.475009e+03   9.922704e-01   9.942812e-01   1.003979e-01
  2.027407e-02  -2.319270e-06   2.457010e+03   9.910101e-01   9.941116e-01   1.007367e-01
  2.027978e-02  -1.466509e-06   2.452822e+03   9.895993e-01   9.936961e-01   9.960178e-02
  2.023663e-02  -5.308125e-07   2.459291e+03   9.900980e-01   9.940792e-01   9.972392e-02
  2.012966e-02  -3.237027e-06   2.475246e+03   9.912542e-01   9.943368e-01   9.889835e-02
  2.002049e-02  -4.616758e-06   2.491876e+03   9.925016e-01   9.943899e-01   9.887063e-02
  1.982936e-02  -9.258060e-06   2.521556e+03   9.947352e-01   9.953762e-01   1.012166e-01
  1.923933e-02  -1.278153e-05   2.602754e+03   9.962153e-01   9.953719e-01   9.758506e-02
  1.994721e-02  -3.464164e-06   2.502165e+03   9.929520e-01   9.947289e-01   9.882147e-02
  2.009088e-02  -4.224180e-06   2.479311e+03   9.909693e-01   9.940994e-01   9.899636e-02
  2.012940e-02  -6.613099e-07   2.474795e+03   9.910610e-01   9.947370e-01   9.951910e-02
  2.019542e-02  -4.144974e-07   2.465642e+03   9.906339e-01   9.942971e-01   9.983348e-02
  2.004334e-02   2.078777e-06   2.488836e+03   9.924223e-01   9.951207e-01   9.974155e-02
  2.005450e-02   3.887541e-06   2.491841e+03   9.941737e-01   9.952972e-01   9.984418e-02
  1.960988e-02   5.331366e-06   2.556355e+03   9.973010e-01   9.962404e-01   1.029339e-01
  1.932412e-02  -1.423979e-05   2.584781e+03   9.936962e-01   9.940686e-01   1.045494e-01
  2.021168e-02  -6.920518e-06   2.467173e+03   9.920468e-01   9.940389e-01   1.009970e-01
  2.032874e-02  -6.453335e-06   2.449225e+03   9.905339e-01   9.939724e-01   1.010044e-01
  2.026879e-02  -4.362311e-06   2.454608e+03   9.897831e-01   9.938181e-01   1.001280e-01
  2.025477e-02  -4.297704e-06   2.458113e+03   9.905107e-01   9.942718e-01   1.000323e-01
  2.012235e-02  -5.391780e-06   2.477019e+03   9.916040e-01   9.946473e-01   9.936833e-02
  2.008814e-02  -3.813399e-06   2.484967e+03   9.930941e-01   9.949480e-01   9.924220e-02
  1.988768e-02  -6.055706e-06   2.515211e+03   9.951503e-01   9.955823e-01   1.019814e-01
  1.919810e-02  -1.136251e-05   2.608040e+03   9.960991e-01   9.953799e-01   9.835905e-02
  1.995537e-02  -3.222741e-07   2.501993e+03   9.932898e-01   9.947877e-01   9.916720e-02
  2.000999e-02  -1.693732e-06   2.489990e+03   9.912307e-01   9.942719e-01   9.910174e-02
  2.016126e-02   2.209207e-06   2.471451e+03   9.912875e-01   9.944900e-01   9.973978e-02
  2.015084e-02   1.033253e-06   2.470977e+03   9.905854e-01   9.941777e-01   9.966338e-02
  2.012582e-02   9.166900e-07   2.479361e+03   9.927127e-01   9.952273e-01   9.992596e-02
  2.000509e-02  -1.242100e-06   2.498248e+03   9.942742e-01   9.953993e-01   9.970019e-02
  1.955305e-02  -8.237694e-06   2.564134e+03   9.974371e-01   9.961035e-01   1.010457e-01
  1.889697e-02   5.658846e-06   2.646613e+03   9.949764e-01   9.946638e-01   1.035996e-01
  2.018707e-02   1.522727e-06   2.469570e+03   9.918015e-01   9.940287e-01   1.010127e-01
  2.026204e-02   2.016763e-06   2.457294e+03   9.905364e-01   9.939979e-01   1.010362e-01
  2.025734e-02   2.141771e-08   2.455157e+03   9.894454e-01   9.937190e-01   1.005772e-01
  2.028266e-02  -2.643714e-07   2.453416e+03   9.899796e-01   9.938511e-01   1.004218e-01
  2.019746e-02  -1.234327e-06   2.466603e+03   9.911202e-01   9.944661e-01   9.991887e-02
  2.011371e-02  -1.694422e-06   2.482165e+03   9.932369e-01   9.947440e-01   9.986831e-02
  2.005977e-02   1.877067e-06   2.493012e+03   9.949026e-01   9.951549e-01   1.035449e-01
  1.923774e-02  -1.179703e-05   2.601753e+03   9.957499e-01   9.954007e-01   1.009503e-01
  2.001263e-02  -3.172317e-06   2.496410e+03   9.939171e-01   9.951603e-01   1.000356e-01
  2.020420e-02  -2.484593e-06   2.467435e+03   9.917852e-01   9.948216e-01   1.000986e-01
  2.017801e-02  -2.764507e-08   2.470281e+03   9.916418e-01   9.948108e-01   9.985311e-02
  2.019403e-02   5.583982e-07   2.465365e+03   9.904539e-01   9.942683e-01   9.970450e-02
  2.005856e-02  -2.005656e-06   2.488004e+03   9.928439e-01   9.953038e-01   9.942049e-02
  1.999673e-02  -7.164653e-07   2.498270e+03   9.938677e-01   9.951341e-01   9.925405e-02
  1.984548e-02  -1.731617e-05   2.525621e+03   9.971489e-01   9.961913e-01   9.987332e-02
  1.890223e-02  -5.883790e-06   2.644214e+03   9.943509e-01   9.943450e-01   1.029667e-01
  2.016196e-02  -2.719050e-06   2.469980e+03   9.907322e-01   9.932193e-01   1.009738e-01
  2.022144e-02  -3.521791e-06   2.461296e+03   9.901618e-01   9.936815e-01   1.008975e-01
  2.033898e-02  -9.282848e-07   2.441677e+03   9.879785e-01   9.927029e-01   1.006353e-01
  2.027640e-02  -2.842438e-07   2.452309e+03   9.892273e-01   9.935476e-01   1.003124e-01
  2.029486e-02   3.711369e-06   2.454218e+03   9.908987e-01   9.942213e-01   1.003836e-01
  2.008863e-02   4.509780e-06   2.486529e+03   9.937428e-01   9.950040e-01   1.002049e-01
  1.985513e-02   1.591655e-05   2.521013e+03   9.958135e-01   9.955910e-01   1.026065e-01
  1.918757e-02  -3.305899e-06   2.605960e+03   9.947591e-01   9.945268e-01   1.025371e-01
  2.016741e-02  -6.294729e-07   2.475454e+03   9.931964e-01   9.947786e-01   1.005767e-01
  2.025552e-02  -1.558881e-06   2.459723e+03   9.911968e-01   9.942170e-01   1.005964e-01
  2.022141e-02   2.727050e-08   2.463287e+03   9.909610e-01   9.946217e-01   9.986410e-02
  2.018575e-02  -1.032767e-06   2.465029e+03   9.899130e-01   9.939793e-01   9.974137e-02
  2.004245e-02  -3.087741e-06   2.489367e+03   9.925897e-01   9.952601e-01   9.886458e-02
  1.993312e-02  -4.573366e-06   2.505856e+03   9.937142e-01   9.950502e-01   9.877906e-02
  2.005843e-02  -1.577057e-05   2.500942e+03   9.980005e-01   9.966324e-01   9.972471e-02
  1.879251e-02   1.806520e-06   2.660699e+03   9.947424e-01   9.946738e-01   1.033305e-01
  2.012982e-02   1.562423e-06   2.472972e+03   9.903512e-01   9.930501e-01   1.007580e-01
  2.026437e-02   2.356584e-06   2.454345e+03   9.894614e-01   9.933410e-01   1.006329e-01
  2.035732e-02   1.595633e-06   2.435110e+03   9.862099e-01   9.916011e-01   1.003515e-01
  2.028902e-02   1.805799e-06   2.448892e+03   9.884642e-01   9.931196e-01   1.001084e-01
  2.017562e-02   2.527763e-06   2.468770e+03   9.909180e-01   9.941579e-01   1.001160e-01
  2.006706e-02   2.325558e-06   2.489638e+03   9.939170e-01   9.952783e-01   9.996705e-02
  1.973517e-02   3.491254e-06   2.540010e+03   9.972551e-01   9.960875e-01   1.021583e-01
  1.902998e-02  -5.189014e-06   2.625474e+03   9.939769e-01   9.940047e-01   1.033538e-01
  2.014881e-02  -1.660492e-06   2.475953e+03   9.924806e-01   9.942663e-01   1.003900e-01
  2.027382e-02  -1.427399e-06   2.457540e+03   9.912115e-01   9.943482e-01   1.006106e-01
  2.014178e-02  -9.328419e-07   2.473742e+03   9.912485e-01   9.946453e-01   9.953525e-02
  2.023172e-02  -1.382495e-06   2.460661e+03   9.904094e-01   9.941180e-01   9.966832e-02
  1.997878e-02  -2.336642e-06   2.497851e+03   9.928087e-01   9.952925e-01   9.834336e-02
  1.986702e-02  -8.624415e-07   2.514529e+03   9.938469e-01   9.951665e-01   9.847150e-02
  1.994863e-02  -4.193705e-06   2.515812e+03   9.984388e-01   9.974956e-01   9.888714e-02
  1.889707e-02  -7.141572e-06   2.644582e+03   9.942180e-01   9.947329e-01   1.040881e-01
  2.020001e-02  -2.662393e-06   2.463029e+03   9.898084e-01   9.928223e-01   1.008836e-01
  2.022604e-02  -2.905574e-06   2.457749e+03   9.889597e-01   9.931767e-01   1.003160e-01
  2.027882e-02  -6.411313e-07   2.445155e+03   9.864594e-01   9.919610e-01   1.001976e-01
  2.023582e-02  -1.566658e-06   2.456333e+03   9.888681e-01   9.932927e-01   9.998997e-02
  2.012089e-02   1.162797e-06   2.476709e+03   9.914079e-01   9.945116e-01   9.984457e-02
  2.004188e-02   1.862580e-06   2.493117e+03   9.940570e-01   9.950494e-01   9.950194e-02
  1.963245e-02   8.937291e-06   2.556643e+03   9.985613e-01   9.968035e-01   9.960234e-02
  1.904372e-02  -1.347507e-05   2.625104e+03   9.945540e-01   9.945067e-01   1.034513e-01
  2.019504e-02  -5.255559e-06   2.470288e+03   9.924814e-01   9.943621e-01   1.002593e-01
  2.028581e-02  -3.577173e-06   2.457527e+03   9.917924e-01   9.946510e-01   1.006790e-01
  2.015038e-02   7.133996e-07   2.473753e+03   9.916760e-01   9.951265e-01   9.977347e-02
  2.020668e-02   2.231234e-06   2.465816e+03   9.912558e-01   9.948587e-01   1.000050e-01
  2.002232e-02   2.152077e-06   2.492451e+03   9.928215e-01   9.953370e-01   9.890518e-02
  1.998104e-02   2.771765e-06   2.499965e+03   9.937616e-01   9.951571e-01   9.907032e-02
  1.986705e-02   2.762342e-08   2.524077e+03   9.976222e-01   9.968220e-01   9.933462e-02
  1.906772e-02  -8.506845e-06   2.620961e+03   9.942359e-01   9.948253e-01   1.049616e-01
  2.025938e-02   1.488344e-06   2.456354e+03   9.900275e-01   9.927941e-01   1.007825e-01
  2.024966e-02   5.108462e-07   2.456726e+03   9.897025e-01   9.935715e-01   1.004106e-01
  2.024284e-02   3.340914e-06   2.454721e+03   9.885617e-01   9.931800e-01   1.005420e-01
  2.021543e-02   3.887038e-06   2.461872e+03   9.900992e-01   9.942833e-01   1.001597e-01
  2.002801e-02   7.070545e-06   2.490444e+03   9.923039e-01   9.949096e-01   9.978924e-02
  1.994150e-02   5.306367e-06   2.506842e+03   9.945233e-01   9.954592e-01   9.936192e-02
  1.904239e-02   9.221269e-06   2.638570e+03   9.995860e-01   9.969934e-01   9.749005e-02
  1.941575e-02  -5.372677e-06   2.579877e+03   9.965135e-01   9.959952e-01   1.045045e-01
  2.015305e-02   4.269791e-07   2.478165e+03   9.935760e-01   9.949540e-01   1.002180e-01
  2.019558e-02  -7.021959e-07   2.469796e+03   9.923107e-01   9.949095e-01   1.003486e-01
  2.024285e-02  -8.156279e-07   2.460547e+03   9.909083e-01   9.945795e-01   1.000462e-01
  2.018656e-02  -2.332186e-08   2.468579e+03   9.913786e-01   9.946771e-01   1.003008e-01
  2.013810e-02   4.669586e-07   2.475488e+03   9.917666e-01   9.946837e-01   9.995803e-02
  2.005456e-02   4.015366e-07   2.488731e+03   9.929362e-01   9.946850e-01   1.000374e-01
  1.954008e-02   5.186377e-06   2.562295e+03   9.960601e-01   9.955012e-01   1.004722e-01
  1.903524e-02   2.219534e-06   2.625182e+03   9.941411e-01   9.947969e-01   1.051002e-01
  2.026407e-02   1.846221e-06   2.458522e+03   9.911305e-01   9.935826e-01   1.006483e-01
  2.035691e-02   1.447546e-06   2.445735e+03   9.904930e-01   9.939244e-01   1.008037e-01
  2.025707e-02   5.298936e-07   2.456755e+03   9.900766e-01   9.938561e-01   1.005108e-01
  2.022638e-02  -6.516568e-07   2.461031e+03   9.902969e-01   9.942536e-01   1.002932e-01
  2.010164e-02   1.344354e-06   2.482436e+03   9.927494e-01   9.952455e-01   1.001694e-01
  1.991970e-02   2.471266e-06   2.511107e+03   9.951262e-01   9.956710e-01   9.994670e-02
  1.883467e-02   1.016405e-05   2.669164e+03   1.000146e+00   9.968958e-01   9.794070e-02
  1.950146e-02  -6.972546e-06   2.574288e+03   9.987442e-01   9.975596e-01   1.042029e-01
  2.004157e-02  -3.824283e-06   2.493884e+03   9.943475e-01   9.955177e-01   9.977278e-02
  2.013585e-02  -2.915062e-06   2.477624e+03   9.925112e-01   9.951304e-01   9.960753e-02
  2.026455e-02  -2.072138e-06   2.455776e+03   9.900470e-01   9.941087e-01   9.985738e-02
  2.027571e-02  -1.837234e-06   2.455932e+03   9.906554e-01   9.944555e-01   1.001615e-01
  2.022362e-02  -1.923522e-06   2.462637e+03   9.908080e-01   9.940499e-01   1.007200e-01
  2.014474e-02  -2.137210e-07   2.475332e+03   9.920314e-01   9.941852e-01   1.007361e-01
  1.923546e-02   1.843238e-06   2.599680e+03   9.948389e-01   9.943136e-01   1.025981e-01
  1.918139e-02   5.892294e-07   2.604479e+03   9.938735e-01   9.944619e-01   1.062596e-01
  2.023471e-02   3.461904e-06   2.464487e+03   9.920956e-01   9.940536e-01   1.007452e-01
  2.037289e-02   2.248416e-06   2.444416e+03   9.907359e-01   9.939267e-01   1.009105e-01
  2.020083e-02   3.106902e-06   2.464500e+03   9.904399e-01   9.942799e-01   1.001383e-01
  2.027921e-02   2.596506e-06   2.453728e+03   9.899370e-01   9.939161e-01   1.002122e-01
  2.011235e-02   4.307335e-06   2.480173e+03   9.923729e-01   9.949703e-01   1.003344e-01
  2.003914e-02   3.337096e-06   2.495166e+03   9.947376e-01   9.956022e-01   1.005154e-01
  1.896159e-02   1.179819e-05   2.648725e+03   9.991753e-01   9.965502e-01   9.934020e-02
  1.956980e-02   1.609000e-05   2.564207e+03   9.983198e-01   9.973205e-01   9.191584e-02
  2.017363e-02   3.410369e-06   2.473198e+03   9.925974e-01   9.943743e-01   8.602141e-02
  2.027342e-02   1.550030e-06   2.455569e+03   9.903972e-01   9.939500e-01   8.618906e-02
  2.023632e-02  -1.958562e-06   2.454855e+03   9.882971e-01   9.930055e-01   8.524334e-02
  2.024007e-02  -2.679762e-06   2.453077e+03   9.877646e-01   9.926131e-01   8.522701e-02
  2.011218e-02  -5.746482e-06   2.472593e+03   9.893318e-01   9.932872e-01   8.530225e-02
  2.004963e-02  -5.930764e-06   2.484437e+03   9.909792e-01   9.933576e-01   8.533417e-02
  1.993922e-02  -1.358454e-05   2.509757e+03   9.955659e-01   9.946836e-01   8.504787e-02
  1.922687e-02  -2.283142e-06   2.594122e+03   9.922686e-01   9.937259e-01   9.026753e-02
  2.022782e-02  -8.217180e-07   2.459181e+03   9.896226e-01   9.926578e-01   8.555446e-02
  2.032475e-02   1.620200e-06   2.443896e+03   9.881844e-01   9.926406e-01   8.549533e-02
  2.030240e-02  -1.616407e-06   2.441238e+03   9.860241e-01   9.917482e-01   8.513523e-02
  2.030520e-02   2.020172e-06   2.439981e+03   9.856522e-01   9.913978e-01   8.476500e-02
  2.021550e-02  -1.720689e-06   2.452924e+03   9.865036e-01   9.916068e-01   8.438409e-02
  2.011445e-02  -1.994583e-06   2.472433e+03   9.893793e-01   9.923889e-01   8.470380e-02
  1.931980e-02  -4.797993e-06   2.583290e+03   9.929007e-01   9.940146e-01   8.821722e-02
  1.965989e-02   2.002322e-05   2.539033e+03   9.930693e-01   9.943620e-01   8.765442e-02
  2.004083e-02   4.391467e-06   2.485358e+03   9.909112e-01   9.933545e-01   8.406157e-02
  2.013763e-02   5.361263e-06   2.468693e+03   9.890210e-01   9.931247e-01   8.425286e-02
  2.018775e-02  -1.195300e-06   2.463973e+03   9.895871e-01   9.939046e-01   8.525918e-02
  2.019552e-02   4.942030e-07   2.462057e+03   9.891984e-01   9.936011e-01   8.540130e-02
  2.007202e-02  -4.197107e-06   2.482396e+03   9.912707e-01   9.942463e-01   8.568492e-02
  1.998963e-02  -5.089357e-06   2.495087e+03   9.922489e-01   9.940784e-01   8.541398e-02
  1.999937e-02  -1.081606e-05   2.506652e+03   9.973338e-01   9.957317e-01   8.499412e-02
  1.927432e-02   2.256686e-07   2.586873e+03   9.919374e-01   9.934832e-01   8.723981e-02
  2.020275e-02   1.358550e-06   2.461429e+03   9.893001e-01   9.925565e-01   8.469239e-02
  2.026221e-02   7.756943e-07   2.450101e+03   9.876450e-01   9.922334e-01   8.446892e-02
  2.033840e-02   1.121294e-06   2.438420e+03   9.866325e-01   9.920432e-01   8.559457e-02
  2.034331e-02  -8.889311e-07   2.437986e+03   9.866954e-01   9.921738e-01   8.583374e-02
  2.031966e-02  -1.189872e-06   2.444351e+03   9.881208e-01   9.923730e-01   8.650280e-02
  2.023119e-02  -4.491723e-07   2.462007e+03   9.909253e-01   9.934085e-01   8.685521e-02
  1.919021e-02   9.644510e-07   2.598784e+03   9.921565e-01   9.935408e-01   8.981657e-02
  1.975202e-02   2.001295e-05   2.538241e+03   9.974115e-01   9.969772e-01   8.875640e-02
  2.000939e-02   4.936930e-06   2.499578e+03   9.950175e-01   9.958928e-01   8.618955e-02
  2.008608e-02   6.284307e-06   2.484078e+03   9.926372e-01   9.953327e-01   8.582750e-02
  2.017197e-02   4.924063e-07   2.470367e+03   9.913794e-01   9.949448e-01   8.629488e-02
  2.018230e-02   7.909895e-08   2.465907e+03   9.900963e-01   9.940775e-01   8.583237e-02
  2.004127e-02  -3.950040e-06   2.488602e+03   9.922267e-01   9.948616e-01   8.584516e-02
  1.996604e-02  -3.418552e-06   2.502458e+03   9.940058e-01   9.952106e-01   8.605609e-02
  1.998327e-02  -5.405623e-06   2.509983e+03   9.978552e-01   9.962183e-01   8.462657e-02
  1.958199e-02  -5.502109e-06   2.564032e+03   9.988733e-01   9.975283e-01   9.059283e-02
  2.021075e-02  -2.018352e-07   2.470322e+03   9.932671e-01   9.949553e-01   8.716750e-02
  2.028288e-02   1.017327e-07   2.459002e+03   9.922445e-01   9.949495e-01   8.748678e-02
  2.035967e-02  -1.946600e-08   2.440886e+03   9.886633e-01   9.933003e-01   8.732685e-02
  2.037089e-02   8.703498e-07   2.438080e+03   9.880709e-01   9.928494e-01   8.714500e-02
  2.042371e-02  -3.276364e-07   2.430568e+03   9.875804e-01   9.922614e-01   8.734003e-02
  2.032285e-02   9.919238e-07   2.445192e+03   9.886164e-01   9.920550e-01   8.673117e-02
  1.900559e-02   8.628149e-06   2.622296e+03   9.915010e-01   9.927767e-01   9.045528e-02
  1.980691e-02   8.898670e-06   2.519963e+03   9.929810e-01   9.942594e-01   8.523149e-02
  1.990489e-02   1.745177e-06   2.495557e+03   9.882284e-01   9.917501e-01   8.187398e-02
  2.001433e-02   2.200306e-06   2.478382e+03   9.868234e-01   9.917368e-01   8.222303e-02
  2.009708e-02  -3.635351e-07   2.467384e+03   9.865063e-01   9.918378e-01   8.315363e-02
  2.011490e-02   7.070803e-07   2.466031e+03   9.868395e-01   9.920826e-01   8.368416e-02
  1.998050e-02   1.316941e-06   2.491103e+03   9.902123e-01   9.937009e-01   8.426919e-02
  1.989187e-02   6.995686e-07   2.507012e+03   9.921154e-01   9.941340e-01   8.445563e-02
  2.001794e-02   2.694462e-07   2.505290e+03   9.977171e-01   9.964274e-01   8.540225e-02
  1.969022e-02  -4.106277e-06   2.527594e+03   9.901204e-01   9.920214e-01   8.263364e-02
  1.997675e-02   2.303818e-06   2.486903e+03   9.883571e-01   9.918227e-01   8.284878e-02
  2.005443e-02   9.910480e-07   2.472026e+03   9.862643e-01   9.913955e-01   8.262948e-02
  2.024673e-02   7.226906e-07   2.444780e+03   9.847474e-01   9.909011e-01   8.431318e-02
  2.029738e-02   9.936822e-07   2.436818e+03   9.839960e-01   9.904452e-01   8.440459e-02
  2.041924e-02   1.008137e-06   2.423507e+03   9.844959e-01   9.904082e-01   8.591394e-02
  2.032767e-02  -4.339228e-07   2.439856e+03   9.866930e-01   9.908984e-01   8.618567e-02
  1.890332e-02   2.229891e-06   2.624610e+03   9.870361e-01   9.898720e-01   8.780014e-02
  1.992913e-02  -5.544515e-06   2.519928e+03   9.990945e-01   9.976406e-01   8.722139e-02
  1.995532e-02  -2.092741e-06   2.514340e+03   9.981895e-01   9.976783e-01   8.715544e-02
  2.001625e-02  -2.491604e-06   2.501029e+03   9.959366e-01   9.971469e-01   8.674185e-02
  2.016912e-02   7.739333e-07   2.477886e+03   9.942564e-01   9.966689e-01   8.752561e-02
  2.016910e-02  -3.000859e-07   2.474144e+03   9.927537e-01   9.957883e-01   8.696675e-02
  2.000371e-02   3.089633e-06   2.496496e+03   9.935084e-01   9.956507e-01   8.589000e-02
  1.991655e-02   2.441319e-06   2.508725e+03   9.940251e-01   9.952490e-01   8.513703e-02
  1.996532e-02   1.119451e-05   2.507822e+03   9.961005e-01   9.955376e-01   8.520704e-02
  2.019146e-02   9.272296e-06   2.500838e+03   1.004577e+00   1.000693e+00   9.069870e-02
  2.003084e-02   4.306579e-06   2.500851e+03   9.965914e-01   9.967944e-01   8.804391e-02
  2.014846e-02   5.335332e-06   2.481213e+03   9.945718e-01   9.963935e-01   8.789889e-02
  2.033413e-02   1.321520e-06   2.447659e+03   9.901630e-01   9.940531e-01   8.796460e-02
  2.033701e-02   2.277915e-06   2.441685e+03   9.878862e-01   9.928373e-01   8.705123e-02
  2.044737e-02   6.881382e-07   2.427885e+03   9.876330e-01   9.921709e-01   8.808719e-02
  2.035151e-02   8.882572e-07   2.441213e+03   9.883993e-01   9.919564e-01   8.761564e-02
  1.910172e-02   3.408263e-06   2.606402e+03   9.904761e-01   9.917431e-01   9.000530e-02
  1.992199e-02  -1.600323e-05   2.517145e+03   9.976335e-01   9.968472e-01   8.675880e-02
  1.992133e-02  -4.697872e-06   2.502784e+03   9.919090e-01   9.939077e-01   8.393941e-02
  1.998840e-02  -4.790801e-06   2.489982e+03   9.901574e-01   9.938027e-01   8.394627e-02
  2.013693e-02  -3.554430e-07   2.465126e+03   9.875577e-01   9.926928e-01   8.402719e-02
  2.015214e-02  -4.156406e-07   2.464068e+03   9.878795e-01   9.928126e-01   8.449872e-02
  2.004857e-02   4.137446e-07   2.479659e+03   9.890212e-01   9.929595e-01   8.399674e-02
  1.996017e-02   2.598544e-06   2.498155e+03   9.920049e-01   9.939773e-01   8.447807e-02
  1.977357e-02   9.023662e-06   2.529206e+03   9.949458e-01   9.953887e-01   8.666539e-02
  2.012031e-02   1.852848e-05   2.483813e+03   9.942228e-01   9.942829e-01   8.284503e-02
  1.984450e-02   3.786795e-06   2.506712e+03   9.896347e-01   9.924775e-01   8.318327e-02
  1.995087e-02   4.834713e-06   2.491242e+03   9.887984e-01   9.927358e-01   8.362502e-02
  2.019812e-02   1.153434e-07   2.454703e+03   9.863706e-01   9.918744e-01   8.475009e-02
  2.024994e-02  -7.975690e-08   2.448908e+03   9.865665e-01   9.918332e-01   8.553106e-02
  2.033913e-02  -1.395956e-06   2.440963e+03   9.876966e-01   9.923297e-01   8.719023e-02
  2.027860e-02  -2.454786e-06   2.451829e+03   9.891411e-01   9.924086e-01   8.747225e-02
  1.927647e-02  -6.795296e-06   2.589158e+03   9.929245e-01   9.926938e-01   8.977983e-02
  1.974057e-02  -1.535951e-05   2.536825e+03   9.962775e-01   9.956218e-01   8.577545e-02
  1.997199e-02  -1.623268e-06   2.497616e+03   9.923779e-01   9.942206e-01   8.520864e-02
  2.005534e-02  -3.472733e-06   2.482959e+03   9.906714e-01   9.940254e-01   8.510945e-02
  2.020550e-02   4.538992e-07   2.459501e+03   9.886598e-01   9.932242e-01   8.536815e-02
  2.020119e-02  -1.753205e-06   2.459455e+03   9.884305e-01   9.930478e-01   8.523952e-02
  2.017015e-02   3.345926e-06   2.466705e+03   9.898206e-01   9.935517e-01   8.517127e-02
  2.006632e-02   1.542368e-06   2.486602e+03   9.926685e-01   9.944744e-01   8.518269e-02
  1.963512e-02   1.475478e-05   2.545271e+03   9.942551e-01   9.951467e-01   8.933320e-02
  2.011039e-02   8.906980e-06   2.498810e+03   9.997327e-01   9.973843e-01   8.589247e-02
  1.995032e-02   2.274793e-06   2.505970e+03   9.946170e-01   9.954769e-01   8.672494e-02
  2.002794e-02   2.477210e-06   2.491965e+03   9.929069e-01   9.954024e-01   8.652103e-02
  2.021324e-02   1.057616e-06   2.461864e+03   9.899885e-01   9.939838e-01   8.684188e-02
  2.024501e-02   7.666955e-07   2.453342e+03   9.881123e-01   9.927459e-01   8.629519e-02
  2.022668e-02   1.232147e-06   2.454556e+03   9.877059e-01   9.924226e-01   8.616491e-02
  2.016067e-02   1.163347e-06   2.462636e+03   9.877235e-01   9.914177e-01   8.568246e-02
  1.940149e-02   1.675523e-06   2.564036e+03   9.896673e-01   9.910750e-01   8.518495e-02
  1.967582e-02  -4.578393e-06   2.550031e+03   9.981789e-01   9.964946e-01   8.879427e-02
  2.011532e-02  -1.259872e-06   2.484542e+03   9.942680e-01   9.953777e-01   8.769930e-02
  2.018630e-02  -9.978721e-08   2.472174e+03   9.928097e-01   9.952373e-01   8.747945e-02
  2.031132e-02   4.290505e-07   2.451070e+03   9.904302e-01   9.943543e-01   8.717865e-02
  2.029993e-02   1.376533e-06   2.453126e+03   9.907051e-01   9.944538e-01   8.710269e-02
  2.030355e-02  -2.436997e-06   2.452742e+03   9.907267e-01   9.941649e-01   8.659763e-02
  2.018043e-02  -7.785194e-07   2.473575e+03   9.930834e-01   9.947819e-01   8.625991e-02
  1.927153e-02  -9.821983e-06   2.592040e+03   9.937751e-01   9.944826e-01   9.027607e-02
  1.995813e-02   9.703672e-06   2.508712e+03   9.960951e-01   9.952915e-01   8.580794e-02
  2.001602e-02   3.714506e-06   2.487444e+03   9.905153e-01   9.931236e-01   8.537189e-02
  2.007118e-02   2.679794e-06   2.478901e+03   9.898336e-01   9.934515e-01   8.561940e-02
  2.019064e-02  -2.934607e-07   2.458116e+03   9.873759e-01   9.925282e-01   8.518146e-02
  2.021270e-02   1.341542e-06   2.455267e+03   9.873091e-01   9.924112e-01   8.571922e-02
  2.015059e-02   7.251041e-07   2.467491e+03   9.891754e-01   9.931705e-01   8.624432e-02
  2.009358e-02   1.332218e-06   2.481384e+03   9.919309e-01   9.940118e-01   8.727707e-02
  1.971209e-02   3.869917e-06   2.540019e+03   9.960926e-01   9.954278e-01   8.797779e-02
  1.947459e-02   1.405292e-06   2.564315e+03   9.935043e-01   9.934414e-01   8.607907e-02
  2.016357e-02   2.002200e-06   2.470595e+03   9.910584e-01   9.933848e-01   8.621556e-02
  2.023477e-02   5.755108e-07   2.458870e+03   9.898375e-01   9.935536e-01   8.618774e-02
  2.032800e-02   2.236385e-06   2.442955e+03   9.879617e-01   9.928226e-01   8.589378e-02
  2.032124e-02  -1.332749e-07   2.443420e+03   9.878217e-01   9.926562e-01   8.580043e-02
  2.038359e-02   1.909277e-06   2.436280e+03   9.879567e-01   9.925752e-01   8.590525e-02
  2.026723e-02  -1.286143e-06   2.458029e+03   9.910867e-01   9.935354e-01   8.605995e-02
  1.894546e-02  -8.006536e-06   2.631655e+03   9.918917e-01   9.931124e-01   8.980573e-02
  1.974835e-02  -5.182046e-06   2.532911e+03   9.951325e-01   9.945415e-01   8.690907e-02
  2.014771e-02  -1.083577e-06   2.473547e+03   9.914615e-01   9.936600e-01   8.695819e-02
  2.019145e-02  -2.814604e-06   2.466755e+03   9.908860e-01   9.941557e-01   8.705646e-02
  2.024287e-02  -9.229329e-07   2.456989e+03   9.894765e-01   9.936274e-01   8.656557e-02
  2.022888e-02  -2.737191e-07   2.458509e+03   9.894045e-01   9.937429e-01   8.682794e-02
  2.008018e-02   2.921107e-06   2.481557e+03   9.913385e-01   9.944036e-01   8.634555e-02
  1.999166e-02   1.647723e-06   2.494102e+03   9.919577e-01   9.939783e-01   8.584591e-02
  1.988465e-02   6.199122e-06   2.516968e+03   9.956939e-01   9.950710e-01   8.669910e-02
  1.944692e-02   3.521331e-06   2.578762e+03   9.976822e-01   9.960098e-01   9.020311e-02
  2.026059e-02   2.920057e-06   2.462750e+03   9.926647e-01   9.944582e-01   8.807894e-02
  2.035519e-02   4.073795e-06   2.449168e+03   9.917994e-01   9.946669e-01   8.836446e-02
  2.037497e-02   1.749413e-06   2.440839e+03   9.893871e-01   9.937768e-01   8.726169e-02
  2.037814e-02   1.883050e-06   2.441157e+03   9.896701e-01   9.938494e-01   8.734007e-02
  2.045469e-02   5.056727e-07   2.432917e+03   9.900343e-01   9.937495e-01   8.761747e-02
  2.032288e-02   8.501405e-07   2.455398e+03   9.927438e-01   9.945219e-01   8.744469e-02
  1.886196e-02   2.868640e-06   2.647755e+03   9.935618e-01   9.943639e-01   9.093220e-02
  1.954881e-02  -1.101688e-05   2.545959e+03   9.901517e-01   9.916347e-01   8.633815e-02
  2.018725e-02  -4.694551e-06   2.459297e+03   9.876846e-01   9.914403e-01   8.541793e-02
  2.025887e-02  -4.570195e-06   2.451292e+03   9.879627e-01   9.924020e-01   8.595998e-02
  2.023185e-02  -1.177386e-06   2.453759e+03   9.876379e-01   9.927197e-01   8.547689e-02
  2.024623e-02  -2.336209e-06   2.452859e+03   9.879768e-01   9.927439e-01   8.598982e-02
  2.008684e-02   2.677148e-06   2.478929e+03   9.906172e-01   9.939662e-01   8.546494e-02
  2.001019e-02   2.602481e-06   2.494569e+03   9.930633e-01   9.946110e-01   8.599188e-02
  1.986020e-02   1.138616e-05   2.526274e+03   9.981466e-01   9.967696e-01   8.721738e-02
  1.920978e-02  -1.084757e-07   2.590993e+03   9.901904e-01   9.914964e-01   8.498855e-02
  2.019372e-02   1.325873e-06   2.464188e+03   9.899661e-01   9.927544e-01   8.599552e-02
  2.027561e-02  -8.016207e-07   2.449326e+03   9.879856e-01   9.924616e-01   8.560240e-02
  2.034947e-02   1.095115e-06   2.441971e+03   9.886073e-01   9.931119e-01   8.662135e-02
  2.036995e-02   1.547941e-06   2.439119e+03   9.884462e-01   9.932126e-01   8.672351e-02
  2.044070e-02   1.154929e-06   2.436409e+03   9.907772e-01   9.941089e-01   8.800772e-02
  2.032382e-02   1.622864e-06   2.458472e+03   9.940327e-01   9.953223e-01   8.830560e-02
  1.903902e-02   4.700172e-07   2.633614e+03   9.975320e-01   9.963699e-01   9.371177e-02
  1.938328e-02  -1.387895e-05   2.578868e+03   9.944583e-01   9.943990e-01   8.991090e-02
  2.027147e-02  -4.899526e-06   2.455124e+03   9.901220e-01   9.929618e-01   8.744404e-02
  2.030983e-02  -4.500121e-06   2.448784e+03   9.894346e-01   9.933379e-01   8.697765e-02
  2.031060e-02  -2.280331e-06   2.443480e+03   9.873284e-01   9.923660e-01   8.570844e-02
  2.027581e-02  -6.355270e-07   2.447184e+03   9.871315e-01   9.922639e-01   8.545953e-02
  2.015277e-02   8.679173e-07   2.467059e+03   9.891096e-01   9.931929e-01   8.476972e-02
  2.001731e-02   3.809213e-06   2.487230e+03   9.904938e-01   9.931392e-01   8.412425e-02
  1.989364e-02   1.447206e-05   2.510061e+03   9.934103e-01   9.942235e-01   8.576229e-02
  1.921245e-02  -7.328448e-06   2.607274e+03   9.965510e-01   9.956066e-01   8.978058e-02
  2.022516e-02  -1.888946e-06   2.466750e+03   9.925381e-01   9.944027e-01   8.740973e-02
  2.034602e-02  -1.612800e-06   2.449611e+03   9.915321e-01   9.945680e-01   8.796403e-02
  2.034431e-02  -4.229650e-07   2.443536e+03   9.889899e-01   9.934345e-01   8.660092e-02
  2.036186e-02   1.754516e-06   2.440899e+03   9.887746e-01   9.932706e-01   8.676365e-02
  2.033408e-02   2.300143e-06   2.444268e+03   9.887887e-01   9.929723e-01   8.617683e-02
  2.024313e-02   3.796182e-06   2.461418e+03   9.912730e-01   9.936084e-01   8.641595e-02
  1.899559e-02   8.598231e-06   2.625461e+03   9.921755e-01   9.931822e-01   8.826568e-02
  1.921414e-02  -5.832060e-06   2.591195e+03   9.904926e-01   9.922024e-01   8.802627e-02
  2.025020e-02  -1.001329e-06   2.452796e+03   9.881455e-01   9.917434e-01   8.634113e-02
  2.029994e-02  -3.513991e-06   2.447094e+03   9.882700e-01   9.925987e-01   8.631148e-02
  2.030341e-02  -1.238775e-06   2.445906e+03   9.879592e-01   9.928839e-01   8.601192e-02
  2.029327e-02  -1.079780e-06   2.448169e+03   9.883790e-01   9.931937e-01   8.596245e-02
  2.018203e-02   2.859622e-06   2.468227e+03   9.910143e-01   9.941792e-01   8.544229e-02
  2.009540e-02   2.582787e-06   2.485590e+03   9.937024e-01   9.950418e-01   8.579486e-02
  1.995818e-02   9.636582e-06   2.512935e+03   9.977743e-01   9.966401e-01   8.937033e-02
  1.904405e-02  -9.220574e-06   2.621289e+03   9.931259e-01   9.935010e-01   8.727471e-02
  2.019817e-02  -2.276475e-06   2.467409e+03   9.914782e-01   9.937193e-01   8.611553e-02
  2.029749e-02  -3.072901e-06   2.449571e+03   9.891509e-01   9.931219e-01   8.604165e-02
  2.031314e-02   1.573930e-06   2.446792e+03   9.887904e-01   9.933139e-01   8.607765e-02
  2.030809e-02  -1.879772e-07   2.446270e+03   9.883337e-01   9.930272e-01   8.594321e-02
  2.029537e-02   4.368894e-06   2.450925e+03   9.895941e-01   9.934075e-01   8.625132e-02
  2.019274e-02   4.632719e-06   2.467117e+03   9.910947e-01   9.934966e-01   8.626552e-02
  1.930992e-02   1.029614e-05   2.589093e+03   9.946228e-01   9.949066e-01   8.952724e-02
  1.904983e-02  -3.283249e-06   2.612617e+03   9.901409e-01   9.921514e-01   8.750842e-02
  2.025139e-02  -1.512078e-06   2.453263e+03   9.883921e-01   9.919177e-01   8.594741e-02
  2.029734e-02  -7.812157e-07   2.449616e+03   9.891617e-01   9.932333e-01   8.628278e-02
  2.033138e-02   1.576682e-06   2.445969e+03   9.893456e-01   9.937324e-01   8.677696e-02
  2.031060e-02  -6.241724e-07   2.450194e+03   9.900411e-01   9.940211e-01   8.683779e-02
  2.023176e-02   3.388917e-07   2.464533e+03   9.919700e-01   9.949417e-01   8.634184e-02
  2.013500e-02  -1.341348e-06   2.478011e+03   9.926243e-01   9.944592e-01   8.557409e-02
  1.976241e-02  -1.017177e-05   2.529273e+03   9.944108e-01   9.950191e-01   8.730886e-02
  1.898878e-02  -5.738901e-06   2.636595e+03   9.960259e-01   9.952994e-01   8.952611e-02
  2.023827e-02  -3.024679e-06   2.466776e+03   9.931920e-01   9.947530e-01   8.741264e-02
  2.033748e-02  -2.991161e-06   2.449129e+03   9.909206e-01   9.942729e-01   8.758319e-02
  2.030789e-02   1.014109e-06   2.450589e+03   9.900690e-01   9.940768e-01   8.695080e-02
  2.034140e-02  -4.880483e-07   2.446598e+03   9.900874e-01   9.941812e-01   8.723185e-02
  2.029214e-02   2.838917e-06   2.456179e+03   9.915576e-01   9.945589e-01   8.745662e-02
  2.019636e-02   2.708363e-06   2.470343e+03   9.925687e-01   9.944326e-01   8.707937e-02
  1.949179e-02   6.834670e-06   2.570250e+03   9.966835e-01   9.957964e-01   8.911754e-02
  1.915352e-02  -2.444686e-06   2.610805e+03   9.948396e-01   9.950300e-01   9.238935e-02
  2.030966e-02  -2.791852e-06   2.451933e+03   9.906983e-01   9.933036e-01   8.750737e-02
  2.035311e-02  -7.752040e-07   2.443724e+03   9.894938e-01   9.933353e-01   8.682970e-02
  2.031648e-02   1.579008e-06   2.442260e+03   9.871216e-01   9.922369e-01   8.549747e-02
  2.030773e-02  -4.356993e-07   2.442642e+03   9.868506e-01   9.922511e-01   8.502687e-02
  2.017827e-02  -9.788257e-07   2.460387e+03   9.876828e-01   9.922236e-01   8.386869e-02
  2.008461e-02  -1.553872e-06   2.476647e+03   9.895953e-01   9.926418e-01   8.380908e-02
  1.979054e-02  -9.817260e-06   2.520958e+03   9.925526e-01   9.938502e-01   8.755665e-02
  1.909434e-02  -1.258757e-05   2.619602e+03   9.951079e-01   9.949413e-01   8.963074e-02
  2.019139e-02  -3.956075e-06   2.466764e+03   9.908867e-01   9.933559e-01   8.542055e-02
  2.031571e-02  -1.938760e-06   2.446282e+03   9.887093e-01   9.928098e-01   8.579991e-02
  2.026947e-02  -2.909955e-06   2.449478e+03   9.877475e-01   9.925476e-01   8.497099e-02
  2.025902e-02   2.568889e-07   2.449740e+03   9.873438e-01   9.923554e-01   8.501100e-02
  2.018642e-02  -1.418538e-06   2.460546e+03   9.881458e-01   9.924844e-01   8.483044e-02
  2.009317e-02  -6.405854e-07   2.478600e+03   9.907978e-01   9.932120e-01   8.555975e-02
  1.967223e-02  -5.431337e-06   2.539873e+03   9.940211e-01   9.941141e-01   8.632656e-02
  1.912603e-02  -5.198495e-07   2.598643e+03   9.887846e-01   9.915439e-01   8.970939e-02
  2.026567e-02  -1.726732e-06   2.450627e+03   9.880260e-01   9.917588e-01   8.564996e-02
  2.036136e-02  -1.811512e-06   2.438215e+03   9.876630e-01   9.923212e-01   8.573771e-02
  2.031598e-02  -5.785072e-07   2.443675e+03   9.876685e-01   9.928351e-01   8.575484e-02
  2.031551e-02  -1.060272e-06   2.444193e+03   9.878556e-01   9.927282e-01   8.563756e-02
  2.017276e-02  -4.462771e-06   2.466071e+03   9.896945e-01   9.934573e-01   8.481825e-02
  2.008446e-02  -2.470678e-06   2.483208e+03   9.922094e-01   9.941952e-01   8.508457e-02
  1.961001e-02  -1.365991e-05   2.548677e+03   9.943120e-01   9.951476e-01   8.758646e-02
  1.921391e-02   6.672545e-06   2.598647e+03   9.933296e-01   9.940340e-01   8.785674e-02
  2.018486e-02  -9.156624e-08   2.470346e+03   9.920047e-01   9.940807e-01   8.580674e-02
  2.029205e-02   1.158626e-06   2.451674e+03   9.897344e-01   9.935080e-01   8.610912e-02
  2.027832e-02  -2.594982e-06   2.453546e+03   9.898205e-01   9.939503e-01   8.634736e-02
  2.028330e-02  -2.107107e-06   2.452765e+03   9.897484e-01   9.939932e-01   8.651785e-02
  2.018608e-02  -3.429503e-06   2.467675e+03   9.909923e-01   9.942176e-01   8.655970e-02
  2.008538e-02  -3.723376e-06   2.481976e+03   9.917629e-01   9.938504e-01   8.596734e-02
  1.977674e-02  -1.153468e-05   2.532750e+03   9.964998e-01   9.954581e-01   8.631719e-02
  1.916609e-02   8.072363e-06   2.605328e+03   9.934045e-01   9.943767e-01   9.204932e-02
  2.028560e-02   7.307531e-07   2.455737e+03   9.910597e-01   9.935379e-01   8.693527e-02
  2.037772e-02  -2.247181e-07   2.441501e+03   9.897891e-01   9.936425e-01   8.668571e-02
  2.035752e-02   6.397186e-07   2.442222e+03   9.890999e-01   9.937217e-01   8.692504e-02
  2.036091e-02  -8.395929e-07   2.443407e+03   9.897447e-01   9.939956e-01   8.716227e-02
  2.020990e-02  -3.234824e-06   2.465827e+03   9.914182e-01   9.945683e-01   8.652784e-02
  2.009667e-02  -4.289252e-06   2.484099e+03   9.931688e-01   9.948213e-01   8.629652e-02
  1.955012e-02  -1.707333e-05   2.558808e+03   9.952158e-01   9.955938e-01   8.901451e-02
  1.993327e-02  -6.273494e-06   2.507344e+03   9.943115e-01   9.948805e-01   7.572472e-02
  2.008347e-02  -7.745728e-07   2.479640e+03   9.907349e-01   9.933075e-01   7.276829e-02
  2.018784e-02   5.202015e-07   2.462991e+03   9.891971e-01   9.931390e-01   7.242995e-02
  2.034497e-02  -7.374143e-07   2.438379e+03   9.869350e-01   9.922590e-01   7.287164e-02
  2.033376e-02   1.159726e-07   2.440943e+03   9.874282e-01   9.925900e-01   7.260323e-02
  2.033720e-02   5.534854e-07   2.447644e+03   9.903066e-01   9.938423e-01   7.339327e-02
  2.021824e-02  -5.512212e-07   2.466866e+03   9.922455e-01   9.941649e-01   7.304074e-02
  1.914724e-02  -4.543933e-06   2.614081e+03   9.957615e-01   9.952448e-01   7.572598e-02
  1.965242e-02   8.679178e-06   2.537531e+03   9.921049e-01   9.933043e-01   7.676839e-02
  2.021452e-02   5.160941e-06   2.464085e+03   9.909444e-01   9.933871e-01   7.322771e-02
  2.030294e-02   3.724876e-06   2.452369e+03   9.905467e-01   9.939452e-01   7.316846e-02
  2.030188e-02   2.756563e-06   2.446896e+03   9.882846e-01   9.929933e-01   7.287627e-02
  2.028161e-02   2.668260e-06   2.452390e+03   9.895145e-01   9.937653e-01   7.277218e-02
  2.021230e-02   3.252605e-06   2.464665e+03   9.910689e-01   9.942834e-01   7.284868e-02
  2.012880e-02   2.987469e-06   2.480940e+03   9.934921e-01   9.949752e-01   7.305711e-02
  1.919519e-02   5.108595e-06   2.606694e+03   9.954343e-01   9.949473e-01   7.468999e-02
  2.025100e-02   6.921164e-06   2.469856e+03   9.950577e-01   9.955252e-01   7.499163e-02
  2.011630e-02   3.098299e-06   2.477974e+03   9.916879e-01   9.938966e-01   7.233460e-02
  2.013401e-02   3.429090e-06   2.474018e+03   9.909761e-01   9.943224e-01   7.219431e-02
  2.033826e-02   4.612595e-07   2.442974e+03   9.884684e-01   9.932220e-01   7.295608e-02
  2.029374e-02   9.006625e-07   2.447555e+03   9.881542e-01   9.929055e-01   7.263880e-02
  2.034362e-02  -2.290570e-06   2.447248e+03   9.904587e-01   9.939193e-01   7.352106e-02
  2.026792e-02  -2.584271e-06   2.460802e+03   9.922383e-01   9.942337e-01   7.336974e-02
  1.903527e-02  -6.147059e-06   2.629259e+03   9.956863e-01   9.952006e-01   7.632734e-02
  1.974940e-02   7.067289e-06   2.525826e+03   9.924016e-01   9.933311e-01   7.518733e-02
  2.014012e-02   3.242643e-06   2.472635e+03   9.907229e-01   9.932723e-01   7.289510e-02
  2.019966e-02   2.986647e-06   2.463904e+03   9.901429e-01   9.937379e-01   7.282778e-02
  2.030036e-02   1.775878e-06   2.446353e+03   9.879909e-01   9.928130e-01   7.293673e-02
  2.024738e-02   1.890275e-06   2.458405e+03   9.902674e-01   9.941714e-01   7.290550e-02
  2.025651e-02   1.972198e-06   2.458301e+03   9.906717e-01   9.940346e-01   7.287239e-02
  2.015295e-02   1.478733e-06   2.476555e+03   9.929256e-01   9.945441e-01   7.270921e-02
  1.929769e-02   4.501711e-06   2.590178e+03   9.944093e-01   9.945551e-01   7.518786e-02
  2.009962e-02   1.491291e-05   2.490448e+03   9.958535e-01   9.960674e-01   7.432840e-02
  2.006447e-02   3.651445e-06   2.485732e+03   9.922298e-01   9.942364e-01   7.207542e-02
  2.011601e-02   3.377014e-06   2.478802e+03   9.920050e-01   9.949224e-01   7.217989e-02
  2.028388e-02  -1.379516e-06   2.453062e+03   9.898965e-01   9.939402e-01   7.294158e-02
  2.030456e-02  -6.959679e-07   2.449276e+03   9.893760e-01   9.936727e-01   7.282094e-02
  2.033298e-02  -1.857772e-06   2.448046e+03   9.902633e-01   9.938280e-01   7.335936e-02
  2.026473e-02  -1.763707e-06   2.461925e+03   9.925350e-01   9.943013e-01   7.343668e-02
  1.921072e-02  -7.270360e-06   2.606000e+03   9.959742e-01   9.952031e-01   7.654698e-02
  1.981235e-02   1.156208e-05   2.517366e+03   9.922301e-01   9.933208e-01   7.252911e-02
  1.999908e-02   4.446905e-06   2.488678e+03   9.901678e-01   9.929032e-01   7.199734e-02
  2.007831e-02   4.915767e-06   2.478380e+03   9.899775e-01   9.936182e-01   7.214210e-02
  2.025660e-02   2.414429e-06   2.452100e+03   9.881772e-01   9.929916e-01   7.273796e-02
  2.020277e-02   1.765509e-06   2.466596e+03   9.913777e-01   9.948622e-01   7.277006e-02
  2.029596e-02   1.254246e-06   2.455958e+03   9.916552e-01   9.947107e-01   7.301297e-02
  2.017185e-02   6.227154e-07   2.476274e+03   9.937438e-01   9.951692e-01   7.279786e-02
  1.951998e-02   3.135393e-06   2.561762e+03   9.948289e-01   9.950918e-01   7.648630e-02
  1.976749e-02   2.220836e-05   2.536712e+03   9.975918e-01   9.967630e-01   7.382830e-02
  2.009765e-02   7.570684e-06   2.484586e+03   9.934122e-01   9.948959e-01   7.227579e-02
  2.016707e-02   7.985446e-06   2.472811e+03   9.921193e-01   9.948381e-01   7.229037e-02
  2.027181e-02   2.201319e-06   2.455292e+03   9.902065e-01   9.942156e-01   7.280490e-02
  2.030145e-02   2.743352e-06   2.449798e+03   9.894353e-01   9.936775e-01   7.285223e-02
  2.027567e-02   2.755571e-07   2.453433e+03   9.896452e-01   9.934837e-01   7.268501e-02
  2.016825e-02   3.979528e-07   2.471543e+03   9.916686e-01   9.939399e-01   7.277370e-02
  1.939040e-02   4.858119e-07   2.581158e+03   9.957067e-01   9.954285e-01   7.576219e-02
  1.976664e-02   8.118450e-06   2.526226e+03   9.934253e-01   9.937693e-01   7.077160e-02
  1.994651e-02   8.081770e-08   2.497503e+03   9.910671e-01   9.934502e-01   7.146573e-02
  1.999316e-02  -1.844527e-07   2.490628e+03   9.906507e-01   9.939236e-01   7.156236e-02
  2.024800e-02  -1.122560e-06   2.454347e+03   9.886631e-01   9.931286e-01   7.240210e-02
  2.015059e-02  -9.053593e-07   2.473330e+03   9.915166e-01   9.949658e-01   7.223872e-02
  2.023432e-02  -1.844355e-06   2.464158e+03   9.919444e-01   9.948164e-01   7.286095e-02
  2.012329e-02  -1.234926e-06   2.484120e+03   9.944930e-01   9.954992e-01   7.281368e-02
  1.952870e-02  -8.283152e-07   2.563134e+03   9.958062e-01   9.958404e-01   7.664207e-02
  1.954290e-02   1.314073e-05   2.569238e+03   9.989033e-01   9.969471e-01   7.464291e-02
  2.013971e-02   2.932870e-06   2.482534e+03   9.946690e-01   9.956114e-01   7.283449e-02
  2.025173e-02   4.283121e-06   2.463468e+03   9.925199e-01   9.951809e-01   7.268320e-02
  2.025419e-02   2.302418e-07   2.458093e+03   9.904750e-01   9.943099e-01   7.274519e-02
  2.029565e-02   1.644726e-08   2.450325e+03   9.893657e-01   9.936683e-01   7.274962e-02
  2.023415e-02  -1.504478e-07   2.458903e+03   9.898206e-01   9.935404e-01   7.250731e-02
  2.014825e-02   1.110238e-06   2.472178e+03   9.909395e-01   9.933981e-01   7.234698e-02
  1.946617e-02   3.775642e-06   2.568346e+03   9.946361e-01   9.952332e-01   7.436007e-02
  1.975779e-02  -8.954187e-07   2.529004e+03   9.940723e-01   9.941084e-01   7.149537e-02
  1.993378e-02  -1.122324e-07   2.502107e+03   9.922602e-01   9.941269e-01   7.160328e-02
  2.001477e-02  -2.304752e-07   2.488523e+03   9.908832e-01   9.941197e-01   7.165455e-02
  2.024625e-02  -3.444490e-08   2.454194e+03   9.885157e-01   9.931686e-01   7.226066e-02
  2.016438e-02   1.290789e-07   2.470044e+03   9.908770e-01   9.945100e-01   7.201508e-02
  2.017618e-02  -2.713324e-06   2.470031e+03   9.914515e-01   9.945176e-01   7.248594e-02
  2.008812e-02  -3.164667e-06   2.488459e+03   9.944888e-01   9.955343e-01   7.249311e-02
  1.942848e-02  -1.152737e-05   2.576569e+03   9.958886e-01   9.957043e-01   7.554064e-02
  1.925969e-02   9.035421e-06   2.613111e+03   1.001238e+00   9.980927e-01   7.432145e-02
  2.006095e-02   5.269123e-06   2.496152e+03   9.962141e-01   9.964821e-01   7.317378e-02
  2.017841e-02   4.189548e-06   2.475835e+03   9.938913e-01   9.959346e-01   7.306707e-02
  2.021071e-02   3.136961e-06   2.464609e+03   9.909684e-01   9.945848e-01   7.265478e-02
  2.025403e-02   2.088802e-06   2.454152e+03   9.888787e-01   9.933349e-01   7.259576e-02
  2.021734e-02   3.631480e-06   2.459479e+03   9.892300e-01   9.932460e-01   7.243806e-02
  2.012461e-02   4.100555e-06   2.472409e+03   9.898695e-01   9.928554e-01   7.229887e-02
  1.957048e-02   1.182667e-05   2.550322e+03   9.929481e-01   9.941982e-01   7.425423e-02
  1.978051e-02  -8.192722e-06   2.526859e+03   9.943715e-01   9.944533e-01   7.269669e-02
  2.002951e-02  -4.140664e-06   2.491394e+03   9.927571e-01   9.944801e-01   7.191334e-02
  2.010737e-02  -3.252120e-06   2.477991e+03   9.912541e-01   9.944163e-01   7.193787e-02
  2.023168e-02  -2.421268e-06   2.455795e+03   9.884485e-01   9.932132e-01   7.207387e-02
  2.018437e-02  -2.775688e-06   2.467220e+03   9.907254e-01   9.942968e-01   7.205767e-02
  2.018363e-02  -6.012727e-06   2.467523e+03   9.908106e-01   9.941347e-01   7.198327e-02
  2.004796e-02  -6.190483e-06   2.490848e+03   9.934534e-01   9.949415e-01   7.198277e-02
  1.945307e-02  -1.656927e-05   2.571884e+03   9.953359e-01   9.951593e-01   7.345294e-02
  1.898987e-02  -8.474683e-07   2.654631e+03   1.002897e+00   9.989184e-01   7.358175e-02
  1.998613e-02  -9.453222e-08   2.510027e+03   9.980154e-01   9.975505e-01   7.312340e-02
  2.008446e-02  -7.625364e-07   2.491563e+03   9.955480e-01   9.970150e-01   7.314518e-02
  2.019369e-02   3.142158e-07   2.468872e+03   9.918464e-01   9.952089e-01   7.248167e-02
  2.025281e-02   5.167324e-07   2.454447e+03   9.889383e-01   9.934353e-01   7.248492e-02
  2.025672e-02   4.524879e-06   2.453329e+03   9.886781e-01   9.928841e-01   7.234668e-02
  2.019485e-02   5.117532e-06   2.461641e+03   9.889982e-01   9.922891e-01   7.242253e-02
  1.966820e-02   1.679093e-05   2.534927e+03   9.918825e-01   9.932802e-01   7.461689e-02
  1.979731e-02  -1.164182e-05   2.520376e+03   9.926629e-01   9.935275e-01   7.417593e-02
  2.011345e-02  -5.744931e-06   2.477454e+03   9.913394e-01   9.936616e-01   7.208853e-02
  2.018830e-02  -4.986346e-06   2.466027e+03   9.904390e-01   9.938600e-01   7.223618e-02
  2.024669e-02  -4.837479e-06   2.453320e+03   9.881853e-01   9.928935e-01   7.196306e-02
  2.025145e-02  -3.627067e-06   2.458786e+03   9.906195e-01   9.943587e-01   7.222267e-02
  2.010046e-02  -6.239962e-06   2.477729e+03   9.908092e-01   9.941185e-01   7.166656e-02
  2.000960e-02  -7.026117e-06   2.494888e+03   9.931610e-01   9.946823e-01   7.157960e-02
  1.934354e-02  -1.728968e-05   2.588440e+03   9.961027e-01   9.954266e-01   7.256798e-02
  1.895746e-02  -4.090630e-06   2.660902e+03   1.003550e+00   9.993459e-01   7.217439e-02
  1.993356e-02  -4.520256e-07   2.518060e+03   9.985758e-01   9.978681e-01   7.249251e-02
  2.000885e-02  -2.613690e-06   2.502284e+03   9.960679e-01   9.972329e-01   7.251449e-02
  2.017471e-02   7.669718e-07   2.473717e+03   9.928589e-01   9.956001e-01   7.244458e-02
  2.022335e-02  -6.848748e-07   2.460286e+03   9.898483e-01   9.939801e-01   7.253431e-02
  2.022359e-02   3.495988e-06   2.458290e+03   9.890573e-01   9.930852e-01   7.245903e-02
  2.017935e-02   1.858678e-06   2.464109e+03   9.892299e-01   9.922870e-01   7.255975e-02
  1.964628e-02   1.092819e-05   2.537269e+03   9.916923e-01   9.926982e-01   7.459258e-02
  1.961200e-02  -6.359349e-06   2.541071e+03   9.914456e-01   9.928802e-01   7.534109e-02
  2.020314e-02  -3.580072e-06   2.464768e+03   9.906610e-01   9.932482e-01   7.243672e-02
  2.023520e-02  -2.244835e-06   2.459563e+03   9.901379e-01   9.937747e-01   7.251304e-02
  2.029468e-02  -2.963013e-06   2.447265e+03   9.880829e-01   9.928873e-01   7.218215e-02
  2.020544e-02  -2.297291e-06   2.463456e+03   9.902463e-01   9.942251e-01   7.229978e-02
  2.014928e-02  -4.437376e-06   2.472327e+03   9.910500e-01   9.942821e-01   7.189626e-02
  2.001404e-02  -4.809360e-06   2.494785e+03   9.933405e-01   9.947766e-01   7.195281e-02
  1.971489e-02  -1.074350e-05   2.540003e+03   9.962277e-01   9.956488e-01   7.411339e-02
  1.897558e-02  -1.017882e-05   2.658536e+03   1.003616e+00   9.996445e-01   7.104130e-02
  1.981385e-02  -8.628280e-07   2.534259e+03   9.989646e-01   9.981042e-01   7.166007e-02
  1.996983e-02  -2.636169e-06   2.506121e+03   9.956496e-01   9.969505e-01   7.185326e-02
  2.013342e-02   7.281914e-07   2.480331e+03   9.934762e-01   9.960862e-01   7.229072e-02
  2.018464e-02  -3.978950e-07   2.466698e+03   9.905289e-01   9.942713e-01   7.254648e-02
  2.020577e-02   9.458440e-07   2.462611e+03   9.899228e-01   9.935824e-01   7.254248e-02
  2.015571e-02   9.523608e-07   2.467079e+03   9.892619e-01   9.924141e-01   7.277504e-02
  1.963043e-02   5.814336e-06   2.538144e+03   9.912338e-01   9.924411e-01   7.444416e-02
  1.935846e-02  -9.817162e-06   2.575234e+03   9.917851e-01   9.928890e-01   7.586153e-02
  2.021512e-02  -5.516224e-06   2.465059e+03   9.913652e-01   9.936898e-01   7.304715e-02
  2.031720e-02  -3.509476e-06   2.450323e+03   9.904154e-01   9.939025e-01   7.311542e-02
  2.027621e-02  -3.311810e-06   2.452189e+03   9.891698e-01   9.936468e-01   7.246344e-02
  2.025164e-02  -2.923078e-06   2.458024e+03   9.903222e-01   9.941803e-01   7.249308e-02
  2.010573e-02  -3.831936e-06   2.479613e+03   9.918220e-01   9.947106e-01   7.210102e-02
  2.004187e-02  -2.884715e-06   2.492235e+03   9.937047e-01   9.952196e-01   7.215609e-02
  1.986717e-02  -6.236778e-06   2.521587e+03   9.966439e-01   9.960189e-01   7.455418e-02
  1.906999e-02  -8.598162e-06   2.644989e+03   1.003470e+00   9.997588e-01   7.170690e-02
  1.983031e-02  -1.774964e-06   2.533746e+03   9.995923e-01   9.985110e-01   7.161529e-02
  1.998420e-02  -2.158880e-06   2.505795e+03   9.962362e-01   9.972469e-01   7.176644e-02
  2.010677e-02   2.346816e-07   2.484584e+03   9.938620e-01   9.962677e-01   7.206335e-02
  2.016063e-02  -1.311646e-07   2.470140e+03   9.907313e-01   9.944317e-01   7.226131e-02
  2.014130e-02  -3.983769e-07   2.472757e+03   9.908300e-01   9.940773e-01   7.238993e-02
  2.011794e-02  -1.944931e-06   2.473576e+03   9.900083e-01   9.928748e-01   7.251339e-02
  1.963152e-02  -7.440540e-06   2.537237e+03   9.909349e-01   9.922043e-01   7.368364e-02
  1.911444e-02  -8.154004e-07   2.609241e+03   9.922153e-01   9.929869e-01   7.589480e-02
  2.023027e-02  -1.132033e-06   2.462937e+03   9.912541e-01   9.935923e-01   7.346954e-02
  2.027556e-02  -1.600522e-06   2.455117e+03   9.903191e-01   9.938370e-01   7.347741e-02
  2.026643e-02  -1.588444e-06   2.454693e+03   9.897020e-01   9.939002e-01   7.284107e-02
  2.026791e-02  -7.852924e-07   2.456203e+03   9.903836e-01   9.941330e-01   7.279288e-02
  2.013844e-02  -6.412916e-07   2.476438e+03   9.921640e-01   9.949269e-01   7.236578e-02
  2.004460e-02  -7.028995e-07   2.492971e+03   9.941339e-01   9.954863e-01   7.234308e-02
  1.978938e-02   5.700263e-06   2.531359e+03   9.965891e-01   9.961362e-01   7.448056e-02
  1.911478e-02  -8.989679e-06   2.636061e+03   1.002432e+00   9.991797e-01   7.325129e-02
  1.991870e-02  -2.026639e-06   2.521833e+03   9.993269e-01   9.983398e-01   7.207519e-02
  2.007127e-02  -3.088512e-06   2.493656e+03   9.957300e-01   9.970861e-01   7.226444e-02
  2.011091e-02   1.088425e-06   2.481452e+03   9.928138e-01   9.957199e-01   7.204055e-02
  2.018577e-02  -6.785166e-07   2.465838e+03   9.902391e-01   9.942030e-01   7.219400e-02
  2.010118e-02  -1.873091e-06   2.478378e+03   9.911042e-01   9.942395e-01   7.209872e-02
  2.008536e-02  -2.587338e-06   2.478798e+03   9.904920e-01   9.930626e-01   7.219532e-02
  1.981759e-02  -1.165246e-05   2.513430e+03   9.909411e-01   9.923145e-01   7.285086e-02
  1.906052e-02  -5.411017e-07   2.616605e+03   9.922088e-01   9.930792e-01   7.593148e-02
  2.020301e-02  -2.324880e-06   2.465483e+03   9.909423e-01   9.933821e-01   7.337677e-02
  2.030220e-02  -1.514620e-06   2.451330e+03   9.900906e-01   9.937237e-01   7.341376e-02
  2.027912e-02  -8.970452e-07   2.452668e+03   9.895049e-01   9.939000e-01   7.263905e-02
  2.026400e-02  -3.235128e-07   2.456344e+03   9.902495e-01   9.941241e-01   7.260602e-02
  2.018480e-02   1.155907e-06   2.470570e+03   9.920916e-01   9.948944e-01   7.257899e-02
  2.006551e-02   3.218848e-06   2.491351e+03   9.945242e-01   9.956668e-01   7.259632e-02
  1.975583e-02   6.749218e-06   2.536215e+03   9.968082e-01   9.959591e-01   7.486334e-02
  1.919819e-02  -5.123696e-06   2.615671e+03   9.990186e-01   9.971825e-01   7.397568e-02
  2.006188e-02  -2.995227e-06   2.498133e+03   9.970511e-01   9.970528e-01   7.222276e-02
  2.017285e-02  -3.332681e-06   2.475938e+03   9.936587e-01   9.958357e-01   7.217159e-02
  2.014069e-02  -2.082012e-06   2.474218e+03   9.913856e-01   9.948949e-01   7.179736e-02
  2.019283e-02  -1.849098e-06   2.463930e+03   9.898189e-01   9.939155e-01   7.199202e-02
  2.010000e-02  -3.660486e-06   2.477911e+03   9.908593e-01   9.941383e-01   7.168523e-02
  2.002833e-02  -3.393836e-06   2.487089e+03   9.909827e-01   9.933857e-01   7.188399e-02
  1.992631e-02  -8.374538e-06   2.503455e+03   9.924228e-01   9.934058e-01   7.252930e-02
  1.902662e-02  -1.876767e-06   2.625152e+03   9.936795e-01   9.941094e-01   7.526271e-02
  2.015059e-02   5.935523e-07   2.473914e+03   9.917509e-01   9.938916e-01   7.293832e-02
  2.022936e-02   6.821109e-07   2.460980e+03   9.904223e-01   9.938683e-01   7.294715e-02
  2.031177e-02   1.289775e-06   2.448491e+03   9.894101e-01   9.936188e-01   7.260166e-02
  2.022156e-02   4.375180e-07   2.461643e+03   9.903073e-01   9.942427e-01   7.246998e-02
  2.018271e-02   3.780407e-06   2.471409e+03   9.923256e-01   9.950285e-01   7.259812e-02
  2.006772e-02   2.466865e-06   2.491079e+03   9.945254e-01   9.955124e-01   7.260089e-02
  1.958809e-02   5.590605e-06   2.557914e+03   9.968001e-01   9.958294e-01   7.403782e-02
  1.915027e-02  -7.664690e-06   2.611904e+03   9.950895e-01   9.948769e-01   7.450076e-02
  2.012176e-02  -2.961996e-06   2.481908e+03   9.935322e-01   9.949403e-01   7.240036e-02
  2.027114e-02  -2.651346e-06   2.457321e+03   9.909923e-01   9.941699e-01   7.256221e-02
  2.018166e-02  -1.093829e-06   2.466300e+03   9.902228e-01   9.941083e-01   7.196992e-02
  2.025008e-02  -1.796862e-06   2.454954e+03   9.890091e-01   9.934219e-01   7.225475e-02
  2.006327e-02  -2.433069e-06   2.481419e+03   9.904486e-01   9.939042e-01   7.159915e-02
  1.996113e-02  -1.248552e-06   2.497756e+03   9.918943e-01   9.940106e-01   7.163388e-02
  1.984327e-02  -7.505031e-06   2.518415e+03   9.941927e-01   9.943292e-01   7.246148e-02
  1.906988e-02  -5.446378e-06   2.624339e+03   9.956300e-01   9.953568e-01   7.517162e-02
  2.009379e-02  -1.291267e-06   2.484704e+03   9.932684e-01   9.947864e-01   7.281112e-02
  2.017107e-02  -1.859099e-06   2.470576e+03   9.914189e-01   9.945005e-01   7.257181e-02
  2.021234e-02   1.810932e-07   2.463160e+03   9.904654e-01   9.942098e-01   7.265498e-02
  2.020626e-02   8.165503e-07   2.464798e+03   9.908261e-01   9.945312e-01   7.248082e-02
  2.010358e-02   2.715035e-06   2.481677e+03   9.925418e-01   9.951194e-01   7.266052e-02
  2.002998e-02   3.503412e-06   2.494299e+03   9.939374e-01   9.950654e-01   7.253504e-02
  1.935050e-02   7.869853e-06   2.588963e+03   9.966626e-01   9.957344e-01   7.319428e-02
  1.923842e-02  -4.248198e-06   2.593010e+03   9.924389e-01   9.933891e-01   7.484496e-02
  2.019909e-02  -4.248509e-06   2.466518e+03   9.911655e-01   9.935524e-01   7.272044e-02
  2.030936e-02  -2.507845e-06   2.449606e+03   9.897434e-01   9.935657e-01   7.296885e-02
  2.023281e-02  -1.474437e-06   2.458469e+03   9.895804e-01   9.937909e-01   7.259093e-02
  2.027099e-02   3.987226e-07   2.452093e+03   9.888768e-01   9.933302e-01   7.263500e-02
  2.007545e-02  -7.511169e-08   2.480982e+03   9.908752e-01   9.941376e-01   7.193450e-02
  2.000267e-02   5.355577e-07   2.495400e+03   9.930208e-01   9.946440e-01   7.195075e-02
  1.975400e-02   2.211747e-06   2.534200e+03   9.959237e-01   9.955907e-01   7.220070e-02
  1.907202e-02  -4.341259e-06   2.627460e+03   9.969263e-01   9.961857e-01   7.483298e-02
  2.007327e-02   1.157323e-06   2.488751e+03   9.938706e-01   9.951863e-01   7.252798e-02
  2.017327e-02   1.025498e-06   2.472642e+03   9.923564e-01   9.951070e-01   7.245453e-02
  2.018514e-02   3.141273e-06   2.468996e+03   9.914764e-01   9.950435e-01   7.296729e-02
  2.021772e-02   1.825026e-06   2.464372e+03   9.912165e-01   9.947621e-01   7.282004e-02
  2.010708e-02   5.152116e-06   2.482385e+03   9.929977e-01   9.953693e-01   7.287343e-02
  2.003665e-02   3.685382e-06   2.493303e+03   9.938721e-01   9.951507e-01   7.270159e-02
  1.905153e-02   6.537769e-06   2.629896e+03   9.967784e-01   9.954247e-01   7.252687e-02
  1.969771e-02  -3.473219e-06   2.529118e+03   9.910944e-01   9.924922e-01   7.709594e-02
  2.026197e-02  -3.006838e-06   2.455321e+03   9.897376e-01   9.927112e-01   7.325634e-02
  2.031022e-02  -1.622764e-06   2.447293e+03   9.888509e-01   9.929332e-01   7.345928e-02
  2.030094e-02  -1.510358e-06   2.446226e+03   9.879680e-01   9.928744e-01   7.267395e-02
  2.028586e-02  -3.922260e-07   2.449391e+03   9.885115e-01   9.932268e-01   7.284514e-02
  2.015444e-02  -2.327037e-07   2.472163e+03   9.912383e-01   9.943899e-01   7.243679e-02
  2.005020e-02   1.869872e-07   2.492842e+03   9.943597e-01   9.953872e-01   7.247923e-02
  1.950597e-02  -3.935630e-07   2.570386e+03   9.974610e-01   9.960641e-01   7.337429e-02
  1.930899e-02   4.443969e-06   2.591868e+03   9.956404e-01   9.954870e-01   7.505025e-02
  2.016790e-02   3.608465e-06   2.473963e+03   9.926223e-01   9.944615e-01   7.240839e-02
  2.022415e-02   1.993293e-06   2.465320e+03   9.919131e-01   9.949294e-01   7.239305e-02
  2.018779e-02   2.593675e-06   2.467392e+03   9.909618e-01   9.946848e-01   7.289047e-02
  2.022215e-02   2.081065e-06   2.461841e+03   9.904158e-01   9.942092e-01   7.274983e-02
  2.012650e-02   2.881907e-06   2.479600e+03   9.928419e-01   9.952568e-01   7.304478e-02
  2.004101e-02   3.950918e-06   2.493598e+03   9.942056e-01   9.952751e-01   7.302022e-02
  1.903537e-02   6.754101e-06   2.633759e+03   9.973958e-01   9.957186e-01   7.340283e-02
  1.974619e-02  -5.938751e-06   2.528800e+03   9.934083e-01   9.941276e-01   7.687155e-02
  2.014446e-02  -3.414925e-06   2.470233e+03   9.899734e-01   9.928398e-01   7.304726e-02
  2.021830e-02  -2.418551e-06   2.457896e+03   9.886402e-01   9.928611e-01   7.291784e-02
  2.033570e-02  -9.076169e-07   2.438829e+03   9.866668e-01   9.921912e-01   7.273840e-02
  2.030615e-02  -1.579236e-07   2.444773e+03   9.876342e-01   9.925551e-01   7.282156e-02
  2.027255e-02  -4.047120e-07   2.456344e+03   9.906669e-01   9.940110e-01   7.299389e-02
  2.012007e-02  -7.714158e-08   2.482032e+03   9.934981e-01   9.950004e-01   7.285671e-02
  1.920967e-02   1.591983e-06   2.608984e+03   9.970605e-01   9.957216e-01   7.466299e-02
  1.958782e-02   1.017233e-05   2.547212e+03   9.926163e-01   9.938301e-01   7.667173e-02
  2.024235e-02   5.401736e-06   2.462065e+03   9.914950e-01   9.937616e-01   7.290796e-02
  2.029781e-02   4.002377e-06   2.454281e+03   9.910685e-01   9.943816e-01   7.285691e-02
  2.027405e-02   3.009802e-06   2.453481e+03   9.895852e-01   9.938239e-01   7.284064e-02
  2.025437e-02   2.022150e-06   2.455824e+03   9.895687e-01   9.938054e-01   7.264377e-02
  2.015290e-02   3.569865e-06   2.475177e+03   9.923707e-01   9.950317e-01   7.304132e-02
  2.006683e-02   4.161214e-06   2.491076e+03   9.944797e-01   9.954298e-01   7.327443e-02
  1.911150e-02   1.100056e-05   2.623018e+03   9.973010e-01   9.956251e-01   7.470660e-02
  1.957979e-02   1.169285e-05   2.556810e+03   9.959477e-01   9.955992e-01   6.199769e-02
  2.011783e-02   4.009095e-06   2.482192e+03   9.934512e-01   9.949255e-01   5.979083e-02
  2.021427e-02   3.056945e-06   2.464834e+03   9.912334e-01   9.944805e-01   6.013440e-02
  2.023188e-02  -1.076491e-06   2.460597e+03   9.903912e-01   9.942417e-01   6.009614e-02
  2.017493e-02  -9.832434e-07   2.467432e+03   9.903469e-01   9.942065e-01   6.015930e-02
  2.007770e-02  -2.858436e-06   2.485186e+03   9.926656e-01   9.952058e-01   6.037634e-02
  1.997760e-02  -3.495968e-06   2.501662e+03   9.942649e-01   9.953567e-01   6.040074e-02
  1.987481e-02  -7.047143e-06   2.521437e+03   9.969683e-01   9.956548e-01   6.066182e-02
  1.927041e-02   8.285658e-06   2.596105e+03   9.952756e-01   9.951193e-01   6.292210e-02
  2.014843e-02   3.757533e-08   2.477147e+03   9.929401e-01   9.945837e-01   6.066722e-02
  2.022502e-02   2.290866e-07   2.464383e+03   9.915792e-01   9.946805e-01   6.033903e-02
  2.022893e-02  -2.064139e-06   2.461729e+03   9.907025e-01   9.944699e-01   6.055988e-02
  2.022968e-02  -1.952977e-07   2.462916e+03   9.912174e-01   9.947869e-01   6.038349e-02
  2.015259e-02  -2.228673e-06   2.475155e+03   9.923469e-01   9.951184e-01   6.033027e-02
  2.009879e-02  -9.204577e-07   2.484111e+03   9.932787e-01   9.947401e-01   6.054713e-02
  1.940524e-02  -5.899718e-06   2.577988e+03   9.952454e-01   9.950341e-01   6.294033e-02
  1.962572e-02   1.201782e-05   2.546932e+03   9.944274e-01   9.947944e-01   6.174302e-02
  2.003802e-02   4.534667e-06   2.491639e+03   9.932763e-01   9.948305e-01   5.956935e-02
  2.011930e-02   4.429237e-06   2.476264e+03   9.911513e-01   9.942840e-01   5.973903e-02
  2.017818e-02  -2.135131e-07   2.468374e+03   9.908849e-01   9.945707e-01   6.008533e-02
  2.015946e-02   4.277677e-08   2.469598e+03   9.904561e-01   9.943028e-01   6.011497e-02
  2.001524e-02  -2.130745e-06   2.493047e+03   9.927076e-01   9.951518e-01   6.018592e-02
  1.995789e-02  -3.260808e-06   2.501939e+03   9.933936e-01   9.947652e-01   6.023201e-02
  1.996848e-02  -4.009571e-06   2.507809e+03   9.962528e-01   9.951593e-01   6.054742e-02
  1.936122e-02  -3.686912e-06   2.583035e+03   9.949312e-01   9.946552e-01   6.171672e-02
  2.010566e-02  -1.180569e-06   2.482317e+03   9.929005e-01   9.946056e-01   6.029962e-02
  2.019350e-02  -1.327973e-06   2.467378e+03   9.912367e-01   9.943595e-01   6.013835e-02
  2.024536e-02  -9.350172e-07   2.460831e+03   9.911457e-01   9.947438e-01   6.084508e-02
  2.025576e-02  -2.418933e-07   2.462454e+03   9.923087e-01   9.954159e-01   6.076321e-02
  2.025212e-02  -3.170657e-08   2.465384e+03   9.933108e-01   9.956108e-01   6.121172e-02
  2.014241e-02   9.471504e-07   2.481531e+03   9.944004e-01   9.955610e-01   6.121473e-02
  1.927230e-02   4.443712e-06   2.597473e+03   9.958973e-01   9.954176e-01   6.371958e-02
  1.974901e-02   1.155232e-05   2.537164e+03   9.968369e-01   9.962667e-01   6.238416e-02
  1.995148e-02   3.437615e-06   2.506730e+03   9.949765e-01   9.958087e-01   6.002599e-02
  2.003201e-02   3.929606e-06   2.491590e+03   9.929590e-01   9.954412e-01   6.001603e-02
  2.016902e-02  -4.944518e-07   2.471356e+03   9.916313e-01   9.949899e-01   6.034325e-02
  2.012167e-02  -2.366005e-07   2.474831e+03   9.906945e-01   9.944134e-01   6.013304e-02
  1.997765e-02  -4.092840e-07   2.497081e+03   9.924467e-01   9.950028e-01   5.997963e-02
  1.996555e-02  -1.575530e-06   2.499843e+03   9.929427e-01   9.945729e-01   6.015014e-02
  1.999816e-02   3.313646e-06   2.501715e+03   9.953093e-01   9.946881e-01   6.011898e-02
  1.950082e-02  -1.227399e-05   2.568077e+03   9.963023e-01   9.957142e-01   6.170329e-02
  2.011950e-02  -2.099707e-06   2.483203e+03   9.939384e-01   9.952063e-01   6.070431e-02
  2.025297e-02  -1.137559e-06   2.463215e+03   9.924787e-01   9.951807e-01   6.095530e-02
  2.024242e-02  -2.022881e-07   2.463071e+03   9.919037e-01   9.951902e-01   6.126739e-02
  2.021516e-02   1.050705e-06   2.469787e+03   9.932688e-01   9.959962e-01   6.120897e-02
  2.026722e-02   1.714040e-06   2.463632e+03   9.933455e-01   9.956122e-01   6.167656e-02
  2.016744e-02   7.617365e-07   2.477072e+03   9.938469e-01   9.950469e-01   6.126606e-02
  1.905078e-02   7.990941e-06   2.628320e+03   9.961415e-01   9.954120e-01   6.360910e-02
  1.972733e-02   8.395752e-07   2.538910e+03   9.964277e-01   9.959300e-01   6.130264e-02
  1.988092e-02   1.364050e-06   2.513623e+03   9.941842e-01   9.952897e-01   5.900031e-02
  1.996197e-02   4.799427e-07   2.498847e+03   9.923691e-01   9.949704e-01   5.906585e-02
  2.008058e-02   3.629475e-07   2.480330e+03   9.908681e-01   9.945183e-01   5.942893e-02
  2.011577e-02  -5.913248e-07   2.474887e+03   9.904265e-01   9.942653e-01   5.953534e-02
  1.994024e-02   3.182208e-07   2.500653e+03   9.920051e-01   9.947897e-01   5.942523e-02
  1.994430e-02   5.479254e-07   2.500877e+03   9.922961e-01   9.940660e-01   5.962355e-02
  2.000336e-02  -2.103727e-06   2.499838e+03   9.948208e-01   9.945640e-01   6.046699e-02
  1.964349e-02  -4.321768e-06   2.543641e+03   9.940416e-01   9.940955e-01   5.989998e-02
  2.001052e-02  -2.947331e-09   2.493445e+03   9.926318e-01   9.943418e-01   5.984166e-02
  2.012439e-02  -4.410011e-07   2.475078e+03   9.909275e-01   9.941050e-01   5.992686e-02
  2.022716e-02   5.324710e-07   2.461924e+03   9.906943e-01   9.944449e-01   6.072248e-02
  2.018996e-02   1.283251e-06   2.469826e+03   9.920467e-01   9.952258e-01   6.064878e-02
  2.030118e-02   9.919966e-07   2.456389e+03   9.920842e-01   9.949485e-01   6.149450e-02
  2.020713e-02   5.370614e-07   2.470668e+03   9.932283e-01   9.948324e-01   6.131618e-02
  1.915034e-02   2.471592e-07   2.610151e+03   9.944254e-01   9.944495e-01   6.336920e-02
  1.986303e-02  -4.301882e-06   2.527304e+03   9.986954e-01   9.970801e-01   6.231701e-02
  1.992455e-02  -2.735773e-06   2.516545e+03   9.975240e-01   9.973295e-01   6.055886e-02
  1.996139e-02  -1.465703e-06   2.507368e+03   9.957238e-01   9.970819e-01   6.024193e-02
  2.009147e-02   2.764525e-07   2.485660e+03   9.935361e-01   9.961238e-01   6.062883e-02
  2.008856e-02   1.280819e-07   2.484533e+03   9.929419e-01   9.957730e-01   6.037812e-02
  1.999865e-02   1.144138e-06   2.496620e+03   9.933066e-01   9.956122e-01   5.988204e-02
  1.993450e-02   1.773517e-06   2.504911e+03   9.934081e-01   9.949626e-01   5.976327e-02
  1.982195e-02   3.730568e-06   2.523810e+03   9.952521e-01   9.949808e-01   6.032002e-02
  2.003453e-02   6.990000e-07   2.504670e+03   9.982970e-01   9.968446e-01   6.170707e-02
  1.999215e-02   3.057502e-07   2.500572e+03   9.945554e-01   9.955877e-01   6.084588e-02
  2.007507e-02   1.821658e-06   2.486233e+03   9.929538e-01   9.954463e-01   6.091016e-02
  2.020408e-02   4.378024e-07   2.467074e+03   9.916338e-01   9.949883e-01   6.129548e-02
  2.015622e-02   1.294470e-06   2.475193e+03   9.925405e-01   9.955360e-01   6.104547e-02
  2.024793e-02   1.281904e-06   2.463965e+03   9.925337e-01   9.951321e-01   6.187265e-02
  2.016266e-02   7.983951e-07   2.477202e+03   9.936637e-01   9.950495e-01   6.165063e-02
  1.904084e-02   3.692128e-06   2.629269e+03   9.959813e-01   9.952458e-01   6.310201e-02
  1.968059e-02  -6.919790e-06   2.549329e+03   9.981460e-01   9.968616e-01   6.112154e-02
  1.989253e-02  -3.248666e-06   2.515282e+03   9.954208e-01   9.961089e-01   5.973153e-02
  1.998268e-02  -3.061617e-06   2.499634e+03   9.937115e-01   9.958823e-01   5.959187e-02
  2.010181e-02  -1.285378e-07   2.478776e+03   9.912944e-01   9.948232e-01   5.970440e-02
  2.009729e-02  -2.842575e-07   2.480847e+03   9.918993e-01   9.951688e-01   5.984585e-02
  2.005300e-02   1.768280e-06   2.486615e+03   9.920145e-01   9.948558e-01   5.961854e-02
  1.996232e-02   2.261438e-06   2.501285e+03   9.933546e-01   9.947424e-01   5.981682e-02
  1.973817e-02   4.947366e-06   2.535241e+03   9.955345e-01   9.951100e-01   6.175021e-02
  2.006068e-02   6.089371e-06   2.493205e+03   9.950244e-01   9.947436e-01   5.954346e-02
  1.986208e-02   4.574773e-07   2.510928e+03   9.921771e-01   9.939661e-01   5.938026e-02
  1.998106e-02   1.994276e-06   2.493119e+03   9.910415e-01   9.941517e-01   5.977419e-02
  2.015170e-02   4.469061e-07   2.469528e+03   9.900469e-01   9.940494e-01   6.046818e-02
  2.014892e-02   6.667449e-07   2.473138e+03   9.913575e-01   9.948324e-01   6.083793e-02
  2.021796e-02  -6.527499e-07   2.467331e+03   9.924186e-01   9.950497e-01   6.170757e-02
  2.014668e-02  -5.659916e-07   2.480315e+03   9.941240e-01   9.951948e-01   6.180305e-02
  1.927822e-02  -2.330177e-06   2.599457e+03   9.969649e-01   9.957562e-01   6.331858e-02
  1.960172e-02  -5.656536e-06   2.557913e+03   9.974937e-01   9.962237e-01   6.129277e-02
  1.995572e-02  -1.085258e-06   2.507002e+03   9.952960e-01   9.958508e-01   6.052447e-02
  2.006179e-02  -2.439523e-06   2.488670e+03   9.932696e-01   9.954721e-01   6.032939e-02
  2.013946e-02   1.050446e-06   2.474252e+03   9.913383e-01   9.948148e-01   6.029515e-02
  2.009157e-02  -5.529876e-07   2.482288e+03   9.921932e-01   9.953233e-01   6.010116e-02
  2.010382e-02   1.228007e-06   2.481733e+03   9.925765e-01   9.952127e-01   5.997984e-02
  2.000659e-02   1.308421e-06   2.497453e+03   9.940324e-01   9.952507e-01   6.007328e-02
  1.938206e-02   4.467986e-06   2.583201e+03   9.960663e-01   9.957790e-01   6.191240e-02
  2.001191e-02   4.330171e-06   2.499290e+03   9.950279e-01   9.944961e-01   5.959647e-02
  1.990613e-02   1.849335e-06   2.505118e+03   9.920763e-01   9.939899e-01   6.000629e-02
  2.002191e-02   1.031064e-06   2.488697e+03   9.913060e-01   9.942915e-01   6.049918e-02
  2.014539e-02  -2.763193e-08   2.471611e+03   9.905720e-01   9.942999e-01   6.083868e-02
  2.017202e-02   5.100048e-08   2.470692e+03   9.915126e-01   9.948818e-01   6.120481e-02
  2.011444e-02  -3.434120e-07   2.481177e+03   9.928778e-01   9.952152e-01   6.134930e-02
  2.004995e-02   5.553170e-07   2.493204e+03   9.944919e-01   9.954712e-01   6.141341e-02
  1.936093e-02   7.492242e-08   2.587161e+03   9.965059e-01   9.953856e-01   6.207115e-02
  1.945260e-02  -3.125201e-06   2.581561e+03   9.990567e-01   9.968971e-01   6.233743e-02
  2.002398e-02  -1.985690e-07   2.500972e+03   9.962979e-01   9.966030e-01   6.152448e-02
  2.012277e-02  -8.061981e-07   2.482981e+03   9.940111e-01   9.959594e-01   6.121873e-02
  2.021871e-02   1.726191e-06   2.466684e+03   9.921953e-01   9.953491e-01   6.117304e-02
  2.020386e-02  -4.811439e-07   2.470183e+03   9.928731e-01   9.957187e-01   6.087408e-02
  2.018271e-02   2.683669e-07   2.472773e+03   9.928733e-01   9.954669e-01   6.065864e-02
  2.012161e-02  -3.914151e-07   2.483156e+03   9.940241e-01   9.953443e-01   6.063108e-02
  1.907117e-02   2.168316e-06   2.624759e+03   9.958569e-01   9.955986e-01   6.225419e-02
  1.999523e-02   8.372906e-06   2.492165e+03   9.913648e-01   9.924658e-01   6.062981e-02
  2.003702e-02   7.078008e-07   2.482690e+03   9.896594e-01   9.927403e-01   5.992797e-02
  2.005492e-02   2.689848e-06   2.480881e+03   9.898219e-01   9.935409e-01   6.038770e-02
  2.016582e-02  -1.023747e-06   2.466691e+03   9.896021e-01   9.937305e-01   6.035249e-02
  2.012331e-02   9.843854e-08   2.476724e+03   9.915331e-01   9.948664e-01   6.086437e-02
  2.005364e-02  -3.501010e-08   2.491049e+03   9.938153e-01   9.958016e-01   6.124262e-02
  1.996380e-02   1.040872e-06   2.508980e+03   9.964846e-01   9.965887e-01   6.160569e-02
  1.943726e-02   1.370713e-06   2.583522e+03   9.990272e-01   9.968844e-01   6.247863e-02
  1.950981e-02  -1.536583e-06   2.572666e+03   9.985424e-01   9.967008e-01   6.258618e-02
  2.008272e-02   2.779167e-07   2.492849e+03   9.959757e-01   9.965244e-01   6.176332e-02
  2.020362e-02   1.446036e-06   2.470825e+03   9.931191e-01   9.955824e-01   6.152316e-02
  2.027637e-02   5.518109e-07   2.458069e+03   9.915496e-01   9.950054e-01   6.144831e-02
  2.027232e-02   1.071100e-06   2.458749e+03   9.916256e-01   9.950070e-01   6.096717e-02
  2.036396e-02  -4.913615e-08   2.448136e+03   9.918089e-01   9.947702e-01   6.121437e-02
  2.026523e-02  -2.751225e-08   2.461710e+03   9.924729e-01   9.943168e-01   6.103551e-02
  1.908477e-02  -3.203249e-06   2.616632e+03   9.934812e-01   9.941640e-01   6.329243e-02
  1.986425e-02   2.328058e-07   2.506631e+03   9.905871e-01   9.920154e-01   6.116382e-02
  2.014653e-02  -6.975757e-07   2.468609e+03   9.894246e-01   9.924937e-01   6.034149e-02
  2.017945e-02  -1.634290e-06   2.465750e+03   9.898936e-01   9.936706e-01   6.066464e-02
  2.016505e-02  -1.525597e-06   2.467557e+03   9.899119e-01   9.939765e-01   6.030834e-02
  2.015677e-02  -1.198242e-06   2.473306e+03   9.918112e-01   9.950425e-01   6.100154e-02
  1.997218e-02   5.652104e-07   2.502124e+03   9.941784e-01   9.960803e-01   6.075959e-02
  1.992982e-02   5.293448e-07   2.511610e+03   9.958311e-01   9.961429e-01   6.102576e-02
  1.941146e-02   2.825247e-06   2.585865e+03   9.986062e-01   9.967165e-01   6.106210e-02
  1.948570e-02  -2.725566e-06   2.581683e+03   1.000804e+00   9.983163e-01   6.381663e-02
  2.005880e-02   1.781826e-06   2.499356e+03   9.973857e-01   9.972687e-01   6.213862e-02
  2.022178e-02   1.143709e-06   2.470287e+03   9.937952e-01   9.959871e-01   6.202487e-02
  2.028416e-02   1.957363e-06   2.458425e+03   9.920740e-01   9.952567e-01   6.189842e-02
  2.034847e-02   2.127068e-06   2.448499e+03   9.912013e-01   9.947986e-01   6.156302e-02
  2.039843e-02   7.525885e-07   2.444395e+03   9.919693e-01   9.948092e-01   6.193710e-02
  2.031363e-02   6.152105e-07   2.455606e+03   9.923767e-01   9.942453e-01   6.149339e-02
  1.906478e-02   4.005217e-07   2.618535e+03   9.931624e-01   9.937092e-01   6.449015e-02
  1.964581e-02  -4.365140e-06   2.533625e+03   9.902444e-01   9.919797e-01   6.086245e-02
  2.019996e-02  -2.099623e-06   2.459786e+03   9.885033e-01   9.918307e-01   6.031571e-02
  2.020059e-02  -1.774295e-06   2.460973e+03   9.890110e-01   9.931534e-01   6.033507e-02
  2.021689e-02  -1.502519e-06   2.457050e+03   9.882314e-01   9.929793e-01   6.006210e-02
  2.016554e-02  -1.242347e-06   2.468178e+03   9.901855e-01   9.940949e-01   6.037325e-02
  2.005865e-02   2.860480e-06   2.485853e+03   9.919898e-01   9.948230e-01   6.010812e-02
  1.996857e-02   2.939102e-06   2.501592e+03   9.937875e-01   9.950078e-01   6.031412e-02
  1.960293e-02   1.253296e-05   2.555324e+03   9.965451e-01   9.958110e-01   6.096771e-02
  1.920821e-02  -1.695174e-06   2.617563e+03   1.000263e+00   9.977814e-01   6.222572e-02
  2.003665e-02  -2.846263e-07   2.502023e+03   9.973475e-01   9.971989e-01   6.144723e-02
  2.017465e-02   3.828040e-07   2.474081e+03   9.930019e-01   9.953381e-01   6.125284e-02
  2.027685e-02   1.988742e-06   2.459177e+03   9.920198e-01   9.952625e-01   6.163587e-02
  2.031403e-02   1.326825e-06   2.450752e+03   9.904342e-01   9.943413e-01   6.138009e-02
  2.034554e-02   1.210582e-06   2.450682e+03   9.919420e-01   9.948809e-01   6.202806e-02
  2.031317e-02   8.108138e-07   2.455454e+03   9.922922e-01   9.941259e-01   6.184628e-02
  1.900557e-02   2.290647e-06   2.628868e+03   9.939850e-01   9.940747e-01   6.436837e-02
  1.955381e-02  -3.446780e-06   2.552521e+03   9.929582e-01   9.935797e-01   6.309785e-02
  2.031846e-02  -1.339878e-06   2.449716e+03   9.902316e-01   9.928754e-01   6.167599e-02
  2.029342e-02  -2.594388e-06   2.451881e+03   9.898853e-01   9.937183e-01   6.120756e-02
  2.031745e-02  -1.581005e-06   2.443183e+03   9.875417e-01   9.926104e-01   6.030996e-02
  2.022470e-02  -6.199793e-07   2.457680e+03   9.888660e-01   9.933344e-01   6.008776e-02
  2.019621e-02   2.661303e-06   2.461837e+03   9.891437e-01   9.931427e-01   5.966359e-02
  2.005034e-02   2.840606e-06   2.481236e+03   9.897372e-01   9.927543e-01   5.943433e-02
  1.983086e-02   1.317268e-05   2.513114e+03   9.914800e-01   9.928190e-01   6.091366e-02
  1.915544e-02  -1.068741e-05   2.628850e+03   1.001816e+00   9.987288e-01   6.322188e-02
  2.005434e-02  -3.040297e-06   2.502049e+03   9.982387e-01   9.976848e-01   6.146377e-02
  2.022950e-02  -3.135992e-06   2.469411e+03   9.938221e-01   9.958269e-01   6.175266e-02
  2.021163e-02   1.833450e-06   2.467337e+03   9.921104e-01   9.952666e-01   6.119815e-02
  2.031674e-02   4.141576e-07   2.449152e+03   9.899199e-01   9.940014e-01   6.148269e-02
  2.029393e-02   7.177401e-07   2.453828e+03   9.906958e-01   9.940630e-01   6.123860e-02
  2.024669e-02   2.156365e-06   2.461261e+03   9.913837e-01   9.935547e-01   6.120773e-02
  1.919093e-02   3.520532e-06   2.599490e+03   9.924632e-01   9.934633e-01   6.295626e-02
  1.947334e-02  -4.180248e-06   2.562488e+03   9.927326e-01   9.934500e-01   6.299705e-02
  2.026426e-02   2.571696e-07   2.455995e+03   9.901212e-01   9.929881e-01   6.160303e-02
  2.032357e-02  -8.079463e-07   2.447768e+03   9.896930e-01   9.935544e-01   6.125737e-02
  2.028571e-02  -4.140815e-07   2.446622e+03   9.873866e-01   9.925094e-01   6.078393e-02
  2.028002e-02   1.901191e-07   2.450187e+03   9.885478e-01   9.932116e-01   6.049939e-02
  2.020221e-02   2.021327e-06   2.460265e+03   9.888057e-01   9.929298e-01   5.997894e-02
  2.014401e-02   1.211278e-07   2.469319e+03   9.895856e-01   9.927007e-01   5.971641e-02
  1.978184e-02   6.346057e-06   2.520885e+03   9.920872e-01   9.931448e-01   6.104474e-02
  1.893123e-02  -9.449370e-06   2.658472e+03   1.001247e+00   9.984682e-01   6.213831e-02
  2.009488e-02  -3.464558e-06   2.496854e+03   9.981797e-01   9.975453e-01   6.122920e-02
  2.023283e-02  -4.013601e-06   2.468711e+03   9.937038e-01   9.958949e-01   6.125172e-02
  2.023480e-02  -2.562586e-06   2.466102e+03   9.927504e-01   9.956496e-01   6.108446e-02
  2.030737e-02  -1.190177e-07   2.452240e+03   9.907106e-01   9.944296e-01   6.129723e-02
  2.024971e-02   5.322542e-07   2.460756e+03   9.913281e-01   9.944462e-01   6.118600e-02
  2.019830e-02   1.846099e-06   2.468777e+03   9.920344e-01   9.940018e-01   6.114471e-02
  1.936385e-02   1.706656e-06   2.579351e+03   9.936476e-01   9.937392e-01   6.287738e-02
  1.916953e-02  -1.023734e-06   2.606016e+03   9.938447e-01   9.941632e-01   6.234970e-02
  2.022692e-02   2.205514e-06   2.461889e+03   9.906687e-01   9.934483e-01   6.132501e-02
  2.025435e-02   8.200473e-07   2.458410e+03   9.906099e-01   9.939144e-01   6.108251e-02
  2.039355e-02   3.107584e-06   2.435075e+03   9.879508e-01   9.928311e-01   6.110195e-02
  2.028639e-02  -6.791099e-08   2.451453e+03   9.893694e-01   9.937190e-01   6.065629e-02
  2.026700e-02  -8.179207e-07   2.452879e+03   9.889990e-01   9.930186e-01   6.016568e-02
  2.018602e-02  -1.172289e-06   2.462962e+03   9.890959e-01   9.923139e-01   5.969786e-02
  1.994374e-02  -9.361325e-06   2.497124e+03   9.907791e-01   9.924810e-01   6.176610e-02
  1.882115e-02  -5.746278e-06   2.673462e+03   1.001037e+00   9.982039e-01   6.290676e-02
  2.008182e-02  -3.363837e-06   2.498057e+03   9.980113e-01   9.975006e-01   6.120861e-02
  2.026423e-02  -2.379975e-06   2.465089e+03   9.937858e-01   9.959925e-01   6.156730e-02
  2.018601e-02  -8.009999e-07   2.473825e+03   9.934586e-01   9.960814e-01   6.087629e-02
  2.024335e-02  -3.227819e-07   2.463040e+03   9.919368e-01   9.952050e-01   6.146572e-02
  2.024223e-02   8.354236e-07   2.465314e+03   9.927980e-01   9.952898e-01   6.144343e-02
  2.009352e-02   9.883600e-07   2.485461e+03   9.935576e-01   9.950503e-01   6.124687e-02
  1.958747e-02  -9.785518e-07   2.553618e+03   9.950947e-01   9.950411e-01   6.271814e-02
  1.933403e-02   9.835395e-06   2.584583e+03   9.941298e-01   9.944535e-01   6.457524e-02
  2.023900e-02   1.863157e-06   2.462482e+03   9.914992e-01   9.937331e-01   6.167234e-02
  2.029518e-02   1.083162e-06   2.454272e+03   9.909361e-01   9.942351e-01   6.117432e-02
  2.032207e-02   3.805625e-06   2.443485e+03   9.878880e-01   9.927808e-01   6.075868e-02
  2.028872e-02  -3.493220e-07   2.449492e+03   9.886917e-01   9.932649e-01   6.026629e-02
  2.018747e-02  -8.828127e-07   2.460565e+03   9.882049e-01   9.925827e-01   5.930880e-02
  2.014998e-02  -2.489656e-06   2.466513e+03   9.887537e-01   9.920483e-01   5.929892e-02
  1.979512e-02  -1.082478e-05   2.516549e+03   9.910456e-01   9.927680e-01   6.089757e-02
  1.900978e-02  -2.433919e-06   2.640193e+03   9.984883e-01   9.966888e-01   6.238783e-02
  2.005755e-02  -5.762169e-07   2.495291e+03   9.957016e-01   9.963457e-01   6.014363e-02
  2.021107e-02  -2.270350e-07   2.467033e+03   9.919605e-01   9.947415e-01   6.060682e-02
  2.020525e-02  -3.947062e-06   2.467238e+03   9.917575e-01   9.950581e-01   6.029389e-02
  2.022634e-02  -3.613163e-07   2.462894e+03   9.910445e-01   9.946486e-01   6.083270e-02
  2.012155e-02  -1.047738e-06   2.479518e+03   9.925646e-01   9.952074e-01   6.074296e-02
  2.005395e-02  -9.702891e-07   2.492482e+03   9.944021e-01   9.954451e-01   6.105422e-02
  1.974798e-02  -3.306208e-06   2.535657e+03   9.961924e-01   9.953530e-01   6.209689e-02
  1.930025e-02  -1.116493e-05   2.583119e+03   9.918304e-01   9.932298e-01   6.359965e-02
  2.024446e-02  -2.094961e-06   2.461041e+03   9.911862e-01   9.935347e-01   6.126310e-02
  2.030933e-02  -1.061858e-06   2.452137e+03   9.907644e-01   9.942382e-01   6.080948e-02
  2.032233e-02   5.859144e-07   2.446738e+03   9.892159e-01   9.935676e-01   6.089670e-02
  2.027154e-02  -6.362553e-07   2.454628e+03   9.899258e-01   9.940251e-01   6.049340e-02
  2.016702e-02  -3.668713e-06   2.468499e+03   9.903869e-01   9.938573e-01   5.970708e-02
  2.010387e-02  -3.253144e-06   2.478698e+03   9.913648e-01   9.937331e-01   5.984104e-02
  1.980170e-02  -1.385273e-05   2.521049e+03   9.931480e-01   9.940371e-01   6.171813e-02
  1.900708e-02   1.829511e-05   2.640461e+03   9.984476e-01   9.969058e-01   5.981783e-02
  2.005226e-02   2.536402e-06   2.494348e+03   9.950626e-01   9.958249e-01   5.948588e-02
  2.023424e-02   2.693594e-06   2.463745e+03   9.917739e-01   9.946532e-01   6.021582e-02
  2.018867e-02  -4.839905e-07   2.469130e+03   9.917032e-01   9.950865e-01   6.021854e-02
  2.020562e-02  -1.137555e-06   2.466699e+03   9.915589e-01   9.949729e-01   6.075452e-02
  2.012431e-02  -2.231697e-06   2.481367e+03   9.934409e-01   9.956420e-01   6.105649e-02
  2.001808e-02  -2.500636e-06   2.497974e+03   9.948106e-01   9.956352e-01   6.099788e-02
  1.976500e-02  -6.049949e-06   2.536730e+03   9.974735e-01   9.962515e-01   6.135904e-02
  1.931892e-02   6.795660e-06   2.586787e+03   9.942000e-01   9.943911e-01   6.595072e-02
  2.021675e-02   1.761995e-06   2.467834e+03   9.925614e-01   9.944965e-01   6.182120e-02
  2.030416e-02   1.049615e-06   2.455000e+03   9.916690e-01   9.946131e-01   6.124001e-02
  2.026226e-02   4.076404e-07   2.458390e+03   9.909892e-01   9.946327e-01   6.109248e-02
  2.027378e-02  -9.271259e-08   2.458513e+03   9.916018e-01   9.950093e-01   6.090755e-02
  2.010492e-02  -3.433477e-06   2.482311e+03   9.928616e-01   9.953519e-01   6.025935e-02
  2.007863e-02  -2.674158e-06   2.486932e+03   9.934090e-01   9.949317e-01   6.048812e-02
  1.951072e-02  -1.066813e-05   2.564508e+03   9.954225e-01   9.954745e-01   6.209083e-02
  1.973988e-02  -1.591609e-05   2.545984e+03   9.998393e-01   9.977351e-01   5.096752e-02
  1.999672e-02  -2.565033e-06   2.500602e+03   9.947948e-01   9.958061e-01   4.937539e-02
  2.001100e-02   5.753719e-07   2.494198e+03   9.929555e-01   9.954057e-01   4.913726e-02
  2.033860e-02  -1.724696e-06   2.447596e+03   9.903547e-01   9.943007e-01   4.964179e-02
  2.025824e-02  -2.092344e-06   2.455511e+03   9.896320e-01   9.939354e-01   4.961131e-02
  2.036700e-02   8.918716e-07   2.444018e+03   9.902882e-01   9.938887e-01   5.020207e-02
  2.026945e-02  -2.181106e-06   2.456659e+03   9.906425e-01   9.934285e-01   4.990834e-02
  1.914492e-02  -9.613431e-07   2.606028e+03   9.925737e-01   9.934042e-01   5.176625e-02
  1.950764e-02   4.576724e-06   2.549428e+03   9.894131e-01   9.915680e-01   5.250288e-02
  2.019840e-02   4.203305e-06   2.466792e+03   9.912419e-01   9.935751e-01   4.984922e-02
  2.035305e-02   1.999395e-06   2.443992e+03   9.895996e-01   9.934426e-01   5.016568e-02
  2.024843e-02   1.833664e-06   2.457400e+03   9.899136e-01   9.940438e-01   4.956111e-02
  2.026205e-02   2.629448e-06   2.456205e+03   9.900978e-01   9.940884e-01   4.970463e-02
  2.018587e-02   2.219812e-06   2.469028e+03   9.915251e-01   9.945846e-01   4.956275e-02
  2.007634e-02   3.251088e-06   2.488230e+03   9.938138e-01   9.950600e-01   4.975615e-02
  1.920604e-02   4.615620e-06   2.608927e+03   9.968504e-01   9.958202e-01   5.074070e-02
  2.003666e-02   4.923528e-06   2.503186e+03   9.978116e-01   9.966538e-01   5.034826e-02
  2.002651e-02   2.574276e-06   2.493905e+03   9.936088e-01   9.950360e-01   4.923787e-02
  2.011681e-02   3.676715e-06   2.480338e+03   9.926590e-01   9.952476e-01   4.920021e-02
  2.026643e-02   1.423926e-06   2.456939e+03   9.906080e-01   9.944148e-01   4.976148e-02
  2.025253e-02   1.172525e-06   2.456586e+03   9.897866e-01   9.939368e-01   4.958317e-02
  2.030971e-02  -1.852080e-07   2.452529e+03   9.909411e-01   9.942104e-01   5.025004e-02
  2.027671e-02  -2.424815e-06   2.457031e+03   9.911475e-01   9.936058e-01   5.010390e-02
  1.909328e-02  -5.441645e-06   2.613814e+03   9.928542e-01   9.934552e-01   5.220157e-02
  1.968824e-02   6.502153e-06   2.525188e+03   9.890787e-01   9.912406e-01   5.164921e-02
  2.017077e-02   1.880713e-06   2.468129e+03   9.904225e-01   9.931626e-01   4.965719e-02
  2.026736e-02   7.319786e-07   2.452904e+03   9.890266e-01   9.930905e-01   4.988984e-02
  2.026980e-02   1.363858e-06   2.454248e+03   9.896874e-01   9.938360e-01   4.971920e-02
  2.024069e-02   1.180276e-06   2.460234e+03   9.906768e-01   9.945082e-01   4.983400e-02
  2.018190e-02   1.663391e-06   2.469374e+03   9.914691e-01   9.945523e-01   4.947897e-02
  2.011848e-02   2.904445e-06   2.482692e+03   9.936836e-01   9.952418e-01   4.956956e-02
  1.932621e-02   4.159973e-06   2.591676e+03   9.964546e-01   9.957829e-01   5.122421e-02
  2.008984e-02   1.525671e-05   2.493431e+03   9.965611e-01   9.958434e-01   5.028151e-02
  2.004662e-02   5.099568e-06   2.488642e+03   9.925071e-01   9.943034e-01   4.904366e-02
  2.014310e-02   5.711588e-06   2.475661e+03   9.920823e-01   9.949304e-01   4.906071e-02
  2.030051e-02  -1.122896e-06   2.451480e+03   9.900689e-01   9.940966e-01   4.984387e-02
  2.032284e-02  -7.048756e-07   2.447400e+03   9.895083e-01   9.937344e-01   4.975536e-02
  2.029344e-02  -1.166331e-06   2.454792e+03   9.910613e-01   9.942844e-01   5.022927e-02
  2.021640e-02  -1.629056e-06   2.465061e+03   9.914289e-01   9.936961e-01   5.021356e-02
  1.927991e-02  -1.243488e-05   2.590755e+03   9.937144e-01   9.941397e-01   5.266272e-02
  1.994341e-02   7.771758e-06   2.493543e+03   9.893416e-01   9.913424e-01   5.070213e-02
  2.005391e-02   1.254587e-06   2.480893e+03   9.897768e-01   9.927190e-01   4.915298e-02
  2.014996e-02   2.123968e-06   2.467078e+03   9.889792e-01   9.930288e-01   4.932613e-02
  2.023031e-02   2.772593e-07   2.459026e+03   9.896824e-01   9.939121e-01   4.946039e-02
  2.021768e-02   2.008208e-06   2.463885e+03   9.910188e-01   9.946694e-01   4.968337e-02
  2.024261e-02   7.507991e-07   2.463398e+03   9.920449e-01   9.949258e-01   4.965411e-02
  2.013068e-02  -2.458075e-07   2.481833e+03   9.939419e-01   9.950757e-01   4.942928e-02
  1.944319e-02   5.281413e-06   2.575652e+03   9.962880e-01   9.958535e-01   5.157276e-02
  1.992049e-02   1.817051e-05   2.515305e+03   9.968293e-01   9.960374e-01   5.010284e-02
  2.009563e-02   6.399128e-06   2.482668e+03   9.925455e-01   9.943639e-01   4.923231e-02
  2.015673e-02   6.199576e-06   2.472896e+03   9.916445e-01   9.945978e-01   4.917339e-02
  2.024321e-02   2.642638e-06   2.457855e+03   9.898414e-01   9.938877e-01   4.959162e-02
  2.028675e-02   3.347160e-06   2.450625e+03   9.890524e-01   9.934469e-01   4.949377e-02
  2.017704e-02   1.025970e-06   2.467981e+03   9.906709e-01   9.940528e-01   4.951757e-02
  2.019776e-02   1.592687e-06   2.466325e+03   9.910229e-01   9.935823e-01   4.987231e-02
  1.950938e-02   7.009026e-06   2.560627e+03   9.938480e-01   9.940327e-01   5.173966e-02
  1.979345e-02   1.110377e-05   2.514645e+03   9.902125e-01   9.918057e-01   4.940471e-02
  2.000696e-02   1.110764e-06   2.486426e+03   9.896618e-01   9.926066e-01   4.908851e-02
  1.999977e-02  -6.015782e-08   2.486002e+03   9.891372e-01   9.930729e-01   4.902226e-02
  2.020727e-02  -4.874401e-07   2.460060e+03   9.889707e-01   9.934275e-01   4.934955e-02
  2.018707e-02  -2.968273e-06   2.466626e+03   9.906191e-01   9.944780e-01   4.931610e-02
  2.024629e-02  -9.351902e-07   2.463820e+03   9.923948e-01   9.951310e-01   4.957611e-02
  2.009134e-02  -2.384097e-06   2.488449e+03   9.946442e-01   9.957714e-01   4.931340e-02
  1.961914e-02  -2.846539e-06   2.553873e+03   9.968032e-01   9.960016e-01   5.214691e-02
  1.998989e-02   1.889031e-05   2.505718e+03   9.964896e-01   9.956232e-01   5.163658e-02
  2.020099e-02   6.255670e-06   2.468948e+03   9.922352e-01   9.941128e-01   4.977591e-02
  2.017517e-02   5.389532e-06   2.469231e+03   9.910808e-01   9.942501e-01   4.945428e-02
  2.029918e-02   8.630003e-07   2.448996e+03   9.890012e-01   9.934834e-01   4.957240e-02
  2.026449e-02   6.951064e-07   2.452939e+03   9.889007e-01   9.933459e-01   4.941025e-02
  2.017313e-02  -2.293820e-07   2.468876e+03   9.908381e-01   9.941316e-01   4.924684e-02
  2.010232e-02   1.934739e-06   2.478962e+03   9.913941e-01   9.935275e-01   4.947468e-02
  1.969324e-02  -5.918850e-06   2.537811e+03   9.942751e-01   9.946736e-01   5.130236e-02
  1.999177e-02  -9.156588e-06   2.489406e+03   9.900955e-01   9.919678e-01   4.935034e-02
  1.993920e-02  -2.632832e-06   2.496147e+03   9.901658e-01   9.929302e-01   4.886249e-02
  2.008451e-02  -1.118034e-07   2.476082e+03   9.893650e-01   9.932598e-01   4.916941e-02
  2.019599e-02  -3.244782e-07   2.461190e+03   9.888727e-01   9.933938e-01   4.910766e-02
  2.021671e-02  -6.173195e-07   2.460996e+03   9.898094e-01   9.939268e-01   4.925963e-02
  2.016715e-02  -2.041179e-06   2.471533e+03   9.916105e-01   9.946289e-01   4.917091e-02
  2.009778e-02  -3.852926e-06   2.486541e+03   9.942002e-01   9.953218e-01   4.919196e-02
  1.968509e-02  -6.941361e-06   2.545213e+03   9.967624e-01   9.959506e-01   5.172909e-02
  1.940077e-02   2.247093e-06   2.584710e+03   9.976102e-01   9.960623e-01   5.067805e-02
  2.018071e-02   3.828595e-06   2.472233e+03   9.925585e-01   9.944203e-01   5.022841e-02
  2.022586e-02   2.811060e-06   2.464023e+03   9.914754e-01   9.945113e-01   4.993043e-02
  2.025904e-02   2.275926e-06   2.454247e+03   9.891613e-01   9.935445e-01   4.970710e-02
  2.029766e-02   4.214761e-06   2.448812e+03   9.888526e-01   9.933870e-01   4.959572e-02
  2.016244e-02   4.772579e-06   2.471052e+03   9.911859e-01   9.943881e-01   4.924724e-02
  2.007805e-02   5.898149e-06   2.483024e+03   9.918196e-01   9.939297e-01   4.921324e-02
  1.981330e-02   1.499031e-05   2.522974e+03   9.944888e-01   9.949172e-01   5.101825e-02
  2.004133e-02  -9.599156e-06   2.482284e+03   9.897105e-01   9.917193e-01   5.044784e-02
  2.012035e-02  -4.065179e-06   2.472501e+03   9.896967e-01   9.925792e-01   4.912740e-02
  2.015953e-02  -3.508110e-06   2.466684e+03   9.892913e-01   9.931656e-01   4.933518e-02
  2.020781e-02  -2.788162e-06   2.459556e+03   9.887949e-01   9.932215e-01   4.912709e-02
  2.018213e-02  -4.129578e-06   2.466124e+03   9.901754e-01   9.940433e-01   4.912158e-02
  2.016713e-02  -6.616685e-06   2.469800e+03   9.909144e-01   9.941510e-01   4.894001e-02
  2.008319e-02  -6.844777e-06   2.487145e+03   9.937197e-01   9.952488e-01   4.898697e-02
  1.951119e-02  -1.961414e-05   2.568759e+03   9.970967e-01   9.959335e-01   5.014755e-02
  1.937643e-02  -2.394016e-06   2.590313e+03   9.985188e-01   9.966321e-01   5.043450e-02
  2.013744e-02   2.315988e-06   2.479255e+03   9.932431e-01   9.947276e-01   5.017711e-02
  2.020193e-02   9.255696e-07   2.468620e+03   9.921501e-01   9.949283e-01   5.007564e-02
  2.025669e-02   7.500332e-07   2.454790e+03   9.892658e-01   9.936229e-01   4.977227e-02
  2.026669e-02   2.735422e-06   2.453229e+03   9.891249e-01   9.935036e-01   4.954149e-02
  2.017123e-02   2.488714e-06   2.470647e+03   9.914554e-01   9.945344e-01   4.922063e-02
  2.009736e-02   2.837985e-06   2.481953e+03   9.923453e-01   9.942995e-01   4.922642e-02
  1.986322e-02   1.292467e-05   2.517822e+03   9.949582e-01   9.949263e-01   5.129544e-02
  1.977756e-02  -1.467059e-05   2.512767e+03   9.886784e-01   9.911235e-01   5.019007e-02
  2.014402e-02  -5.482995e-06   2.466974e+03   9.886458e-01   9.921169e-01   4.902622e-02
  2.023353e-02  -4.180063e-06   2.455325e+03   9.883503e-01   9.926712e-01   4.924275e-02
  2.024411e-02  -3.016456e-06   2.454521e+03   9.885427e-01   9.932316e-01   4.904518e-02
  2.019723e-02  -4.675744e-08   2.465748e+03   9.907654e-01   9.945710e-01   4.931210e-02
  2.013751e-02  -6.670941e-06   2.473638e+03   9.909963e-01   9.942305e-01   4.891836e-02
  2.001651e-02  -5.642816e-06   2.495356e+03   9.936900e-01   9.947787e-01   4.885866e-02
  1.967731e-02  -1.993967e-05   2.547200e+03   9.971464e-01   9.962167e-01   5.006761e-02
  1.901562e-02   6.007133e-06   2.645022e+03   1.000622e+00   9.977563e-01   4.919922e-02
  2.002693e-02   1.563694e-06   2.495003e+03   9.940669e-01   9.951788e-01   4.997215e-02
  2.007545e-02  -4.347780e-06   2.484957e+03   9.924630e-01   9.950044e-01   4.972141e-02
  2.021880e-02   2.269697e-06   2.460975e+03   9.899032e-01   9.939732e-01   4.977674e-02
  2.020598e-02  -3.545805e-06   2.461463e+03   9.894717e-01   9.937711e-01   4.946856e-02
  2.016023e-02   2.751719e-06   2.472580e+03   9.916898e-01   9.946188e-01   4.932562e-02
  2.005313e-02  -5.962484e-08   2.488072e+03   9.926026e-01   9.943831e-01   4.919625e-02
  1.962743e-02   6.873180e-06   2.550089e+03   9.957468e-01   9.953617e-01   5.044194e-02
  1.956528e-02  -1.596441e-06   2.538915e+03   9.882447e-01   9.906636e-01   5.142989e-02
  2.028659e-02  -3.011033e-06   2.447940e+03   9.879617e-01   9.916858e-01   4.944281e-02
  2.027394e-02   6.711965e-07   2.449597e+03   9.880141e-01   9.924669e-01   4.953254e-02
  2.022993e-02  -2.611002e-06   2.454776e+03   9.879530e-01   9.928748e-01   4.899186e-02
  2.018407e-02  -1.294931e-06   2.466922e+03   9.905908e-01   9.943986e-01   4.921091e-02
  2.010817e-02  -1.072743e-06   2.477106e+03   9.909400e-01   9.941744e-01   4.900785e-02
  2.000756e-02  -3.462100e-06   2.496198e+03   9.935809e-01   9.949671e-01   4.904347e-02
  1.966028e-02   1.721482e-06   2.548789e+03   9.969048e-01   9.960858e-01   4.995225e-02
  1.927287e-02  -6.125424e-06   2.608428e+03   1.000127e+00   9.976573e-01   4.973252e-02
  2.001414e-02   1.516747e-06   2.496827e+03   9.941585e-01   9.952833e-01   4.959049e-02
  2.020497e-02  -4.296393e-07   2.467074e+03   9.916777e-01   9.946024e-01   4.987873e-02
  2.023687e-02   5.892911e-07   2.459465e+03   9.901797e-01   9.941207e-01   4.977379e-02
  2.026780e-02  -3.888651e-08   2.452912e+03   9.890509e-01   9.934204e-01   4.983292e-02
  2.022461e-02  -1.977934e-06   2.464221e+03   9.914936e-01   9.945419e-01   4.964447e-02
  2.003933e-02   7.301005e-07   2.489515e+03   9.924946e-01   9.942751e-01   4.942336e-02
  1.971835e-02  -1.783590e-07   2.537452e+03   9.954020e-01   9.950779e-01   5.074262e-02
  1.934204e-02  -8.077940e-06   2.571522e+03   9.895156e-01   9.914122e-01   5.180319e-02
  2.026792e-02  -7.390519e-06   2.452882e+03   9.890450e-01   9.922158e-01   4.992896e-02
  2.036534e-02  -3.714299e-06   2.440129e+03   9.886322e-01   9.928605e-01   4.979268e-02
  2.026087e-02  -4.223561e-06   2.451173e+03   9.880121e-01   9.927832e-01   4.907222e-02
  2.024420e-02  -7.412749e-07   2.458604e+03   9.901915e-01   9.940033e-01   4.913502e-02
  2.014505e-02  -3.003377e-06   2.472870e+03   9.910597e-01   9.942600e-01   4.900883e-02
  2.006094e-02  -2.159556e-06   2.488815e+03   9.932852e-01   9.949730e-01   4.922213e-02
  1.982282e-02  -4.133615e-06   2.526238e+03   9.962535e-01   9.955605e-01   5.000809e-02
  1.934336e-02  -1.076309e-05   2.597919e+03   9.997414e-01   9.974981e-01   4.974663e-02
  2.001227e-02  -4.288769e-07   2.497715e+03   9.944187e-01   9.953787e-01   4.949828e-02
  2.002138e-02  -3.360157e-06   2.491524e+03   9.924058e-01   9.950329e-01   4.930328e-02
  2.018738e-02   1.215770e-06   2.466706e+03   9.906665e-01   9.943235e-01   4.980767e-02
  2.018872e-02  -8.035119e-07   2.462865e+03   9.891893e-01   9.934089e-01   4.972286e-02
  2.008192e-02   2.128322e-06   2.482469e+03   9.917888e-01   9.946473e-01   4.939296e-02
  2.005944e-02  -1.201555e-06   2.486611e+03   9.923316e-01   9.943708e-01   4.942148e-02
  1.950798e-02   1.506427e-07   2.564365e+03   9.952275e-01   9.948405e-01   4.994827e-02
  1.902329e-02  -8.592750e-06   2.619364e+03   9.913149e-01   9.924303e-01   5.150032e-02
  2.025954e-02  -2.780415e-06   2.456055e+03   9.899151e-01   9.928924e-01   5.001549e-02
  2.030764e-02  -3.905244e-06   2.449289e+03   9.895314e-01   9.933832e-01   5.010637e-02
  2.032729e-02  -2.374195e-06   2.442602e+03   9.877844e-01   9.926779e-01   4.931526e-02
  2.028687e-02  -2.038554e-06   2.452285e+03   9.897286e-01   9.938976e-01   4.937554e-02
  2.015897e-02  -2.247182e-06   2.470123e+03   9.906430e-01   9.940311e-01   4.927137e-02
  2.004171e-02   1.489816e-07   2.490098e+03   9.928448e-01   9.944773e-01   4.923483e-02
  1.974930e-02   7.998532e-08   2.534858e+03   9.959453e-01   9.955209e-01   5.000362e-02
  1.933157e-02  -4.788314e-06   2.595593e+03   9.982375e-01   9.965161e-01   5.076548e-02
  1.998732e-02   3.565016e-07   2.501692e+03   9.947605e-01   9.957284e-01   4.915229e-02
  2.013121e-02  -1.979737e-06   2.477552e+03   9.922539e-01   9.950174e-01   4.934510e-02
  2.016043e-02   3.658555e-06   2.470436e+03   9.908401e-01   9.944625e-01   4.947959e-02
  2.019391e-02   2.135457e-08   2.462427e+03   9.892677e-01   9.936532e-01   4.938732e-02
  2.012628e-02   2.685896e-06   2.476638e+03   9.916450e-01   9.945605e-01   4.939560e-02
  2.004400e-02  -9.153174e-07   2.489030e+03   9.925327e-01   9.942400e-01   4.930829e-02
  1.954960e-02  -4.229945e-07   2.559062e+03   9.952884e-01   9.947446e-01   4.977222e-02
  1.938287e-02   4.744091e-06   2.568822e+03   9.905630e-01   9.921467e-01   5.314047e-02
  2.031502e-02  -3.587848e-06   2.449354e+03   9.899171e-01   9.928386e-01   5.041270e-02
  2.037981e-02  -7.126064e-07   2.441203e+03   9.897699e-01   9.935022e-01   5.030228e-02
  2.028317e-02  -3.872252e-06   2.447995e+03   9.878170e-01   9.927609e-01   4.927721e-02
  2.027421e-02  -6.669373e-07   2.453963e+03   9.897874e-01   9.939053e-01   4.954089e-02
  2.023803e-02   1.044269e-06   2.459914e+03   9.904175e-01   9.939109e-01   4.964716e-02
  2.008350e-02   2.426137e-06   2.484311e+03   9.926031e-01   9.943970e-01   4.955403e-02
  1.960955e-02   7.095090e-06   2.553112e+03   9.960190e-01   9.954269e-01   5.032251e-02
  1.931291e-02  -5.201342e-06   2.588593e+03   9.945844e-01   9.946569e-01   4.944606e-02
  2.012166e-02  -5.656161e-06   2.482490e+03   9.937599e-01   9.950804e-01   4.905379e-02
  2.023958e-02  -2.771066e-06   2.460948e+03   9.909099e-01   9.941880e-01   4.893274e-02
  2.010684e-02  -4.572011e-06   2.477610e+03   9.910759e-01   9.945408e-01   4.907073e-02
  2.022962e-02  -4.606350e-07   2.458396e+03   9.893949e-01   9.936948e-01   4.922729e-02
  2.000687e-02  -5.094949e-06   2.491185e+03   9.915516e-01   9.945035e-01   4.879362e-02
  2.003226e-02  -1.057090e-06   2.489567e+03   9.921649e-01   9.941481e-01   4.919614e-02
  1.946288e-02  -6.967508e-06   2.571167e+03   9.955602e-01   9.949227e-01   4.898434e-02
  1.916471e-02  -7.639523e-06   2.610973e+03   9.954854e-01   9.949783e-01   5.114355e-02
  2.021175e-02   2.359467e-06   2.465501e+03   9.913781e-01   9.937286e-01   4.989601e-02
  2.019705e-02   5.378115e-07   2.468016e+03   9.916675e-01   9.946299e-01   4.969250e-02
  2.049314e-02   2.895520e-06   2.423918e+03   9.882267e-01   9.930239e-01   5.015312e-02
  2.025866e-02   7.915486e-07   2.457223e+03   9.903429e-01   9.942467e-01   4.958240e-02
  2.023814e-02   4.742108e-06   2.461082e+03   9.908931e-01   9.941557e-01   4.999223e-02
  2.016470e-02   2.938421e-06   2.474179e+03   9.925515e-01   9.942336e-01   4.981290e-02
  1.938201e-02   3.016184e-06   2.581878e+03   9.955540e-01   9.951024e-01   5.028709e-02
  1.923645e-02  -1.721096e-05   2.597173e+03   9.939304e-01   9.942144e-01   4.991824e-02
  2.012192e-02  -5.871218e-06   2.482382e+03   9.937294e-01   9.951681e-01   4.875789e-02
  2.032427e-02  -6.395334e-06   2.449972e+03   9.906184e-01   9.940467e-01   4.910499e-02
  2.005963e-02   3.059494e-06   2.486024e+03   9.921070e-01   9.952289e-01   4.846941e-02
  2.021565e-02  -2.050302e-06   2.460468e+03   9.895452e-01   9.938894e-01   4.921045e-02
  2.013490e-02  -1.167499e-06   2.474388e+03   9.911686e-01   9.943639e-01   4.895507e-02
  2.002817e-02  -3.969934e-07   2.489817e+03   9.920619e-01   9.939723e-01   4.897319e-02
  1.957453e-02   1.371775e-06   2.555952e+03   9.953464e-01   9.947371e-01   4.930824e-02
  1.915521e-02  -7.277091e-06   2.624143e+03   1.000011e+00   9.978550e-01   5.044573e-02
  2.004802e-02  -1.460979e-06   2.490929e+03   9.934889e-01   9.949805e-01   4.985291e-02
  2.007421e-02  -5.286612e-07   2.486708e+03   9.931009e-01   9.954912e-01   4.939628e-02
  2.020765e-02  -9.349637e-07   2.461341e+03   9.895043e-01   9.938278e-01   5.016518e-02
  2.020597e-02  -8.574933e-07   2.465188e+03   9.909684e-01   9.945733e-01   4.959233e-02
  2.015214e-02   4.280395e-06   2.472287e+03   9.911748e-01   9.943512e-01   4.978925e-02
  2.004540e-02   7.654888e-07   2.489028e+03   9.926012e-01   9.942771e-01   4.965557e-02
  1.921091e-02   8.708837e-06   2.603543e+03   9.950450e-01   9.944898e-01   4.974392e-02
  1.898063e-02   6.096386e-06   2.632615e+03   9.940953e-01   9.942468e-01   4.904519e-02
  2.015899e-02  -5.108946e-06   2.476682e+03   9.932745e-01   9.947499e-01   4.896952e-02
  2.025315e-02  -1.692489e-06   2.460275e+03   9.913028e-01   9.944539e-01   4.935476e-02
  2.019405e-02  -5.387016e-06   2.470154e+03   9.923791e-01   9.953548e-01   4.886944e-02
  2.024884e-02  -6.870212e-07   2.457337e+03   9.899086e-01   9.939555e-01   4.940785e-02
  2.010476e-02  -3.192931e-06   2.478855e+03   9.914712e-01   9.944523e-01   4.896076e-02
  2.003949e-02  -3.674312e-07   2.489689e+03   9.925717e-01   9.944463e-01   4.914605e-02
  1.932692e-02  -3.738420e-06   2.589601e+03   9.956931e-01   9.950027e-01   4.916122e-02
  1.911077e-02  -6.003480e-07   2.643284e+03   1.004968e+00   1.000648e+00   5.023589e-02
  2.003095e-02   2.896422e-06   2.495372e+03   9.944133e-01   9.954330e-01   4.961051e-02
  2.006586e-02   1.818507e-06   2.488188e+03   9.932786e-01   9.955682e-01   4.908457e-02
  2.035420e-02   6.005725e-06   2.444158e+03   9.897223e-01   9.938392e-01   5.073338e-02
  2.018732e-02   2.175544e-06   2.468980e+03   9.915765e-01   9.949356e-01   4.960512e-02
  2.021086e-02   2.011735e-06   2.466406e+03   9.916981e-01   9.945802e-01   5.015043e-02
  2.010273e-02   4.628108e-06   2.482656e+03   9.928912e-01   9.946460e-01   4.981590e-02
  1.929025e-02   4.245105e-06   2.591683e+03   9.946029e-01   9.941508e-01   5.049561e-02
  1.985982e-02  -9.165591e-07   2.516485e+03   9.942597e-01   9.944804e-01   5.307137e-02
  2.027353e-02  -5.133543e-06   2.463067e+03   9.934263e-01   9.948290e-01   4.998338e-02
  2.038655e-02  -2.785935e-06   2.446001e+03   9.920434e-01   9.948288e-01   5.028702e-02
  2.027828e-02  -2.256829e-06   2.458092e+03   9.916524e-01   9.950269e-01   4.893460e-02
  2.026685e-02  -1.593048e-06   2.456143e+03   9.903075e-01   9.940884e-01   4.955938e-02
  2.015322e-02  -5.989686e-07   2.472821e+03   9.914417e-01   9.945307e-01   4.928552e-02
  2.006453e-02  -8.166388e-07   2.486616e+03   9.925854e-01   9.942880e-01   4.948452e-02
  1.932053e-02  -1.658430e-08   2.588879e+03   9.950868e-01   9.947610e-01   5.012140e-02
  1.897527e-02   2.574508e-06   2.664354e+03   1.005796e+00   1.001540e+00   4.665293e-02
  2.006474e-02   5.545131e-06   2.489090e+03   9.935833e-01   9.951024e-01   4.867022e-02
  2.012731e-02   3.623088e-06   2.477952e+03   9.922217e-01   9.950183e-01   4.864744e-02
  2.013872e-02   2.986554e-06   2.471074e+03   9.900288e-01   9.940088e-01   4.967907e-02
  2.021698e-02   2.652968e-06   2.463417e+03   9.907965e-01   9.946497e-01   4.946328e-02
  2.013897e-02   4.326684e-06   2.475441e+03   9.917906e-01   9.946745e-01   4.983702e-02
  2.010212e-02   3.785926e-06   2.483215e+03   9.930847e-01   9.946825e-01   4.995566e-02
  1.921789e-02   1.276663e-06   2.602641e+03   9.950619e-01   9.944518e-01   5.091213e-02
  1.889805e-02  -7.413137e-06   2.663415e+03   1.001350e+00   9.981712e-01   5.257143e-02
  1.984241e-02  -5.097325e-06   2.522909e+03   9.959238e-01   9.963355e-01   4.921531e-02
  1.999135e-02  -1.579026e-06   2.497719e+03   9.933814e-01   9.956307e-01   4.961302e-02
  2.017933e-02  -3.711706e-06   2.469035e+03   9.912061e-01   9.948401e-01   4.906993e-02
  2.022275e-02  -2.003989e-07   2.461185e+03   9.901811e-01   9.940975e-01   4.948543e-02
  2.026416e-02  -3.098429e-06   2.457772e+03   9.908329e-01   9.941324e-01   4.980659e-02
  2.022421e-02  -1.919674e-06   2.464808e+03   9.917105e-01   9.936626e-01   4.989555e-02
  1.938355e-02  -6.797071e-06   2.576567e+03   9.935844e-01   9.937517e-01   5.165975e-02
  1.985122e-02   3.026343e-05   2.514730e+03   9.931360e-01   9.938169e-01   5.331120e-02
  2.022440e-02   1.105621e-05   2.464852e+03   9.917373e-01   9.939809e-01   4.990459e-02
  2.035612e-02   5.116590e-06   2.444961e+03   9.901408e-01   9.938237e-01   4.975769e-02
  2.026803e-02   5.252814e-06   2.454622e+03   9.897521e-01   9.938978e-01   4.985375e-02
  2.026536e-02   1.898493e-06   2.455669e+03   9.900435e-01   9.941350e-01   4.954749e-02
  2.016519e-02   1.549533e-06   2.472436e+03   9.918763e-01   9.947401e-01   4.989444e-02
  2.008971e-02   3.697429e-06   2.486092e+03   9.936217e-01   9.949243e-01   5.003432e-02
  1.922596e-02   1.279973e-05   2.604617e+03   9.962358e-01   9.953452e-01   5.107709e-02
  2.073739e-02  -4.416748e-06   2.402011e+03   9.909672e-01   9.929617e-01   4.100833e-02
  2.039004e-02   3.674141e-06   2.446510e+03   9.924191e-01   9.943384e-01   3.898204e-02
  2.030065e-02   1.888517e-06   2.452894e+03   9.906469e-01   9.941089e-01   3.936510e-02
  2.029536e-02  -3.435563e-06   2.455273e+03   9.913492e-01   9.950012e-01   3.954130e-02
  2.022672e-02  -6.731800e-07   2.464617e+03   9.917564e-01   9.949947e-01   3.948581e-02
  1.997816e-02  -4.414446e-07   2.502500e+03   9.946258e-01   9.963104e-01   3.979975e-02
  2.003398e-02  -3.651461e-06   2.499933e+03   9.963817e-01   9.967225e-01   3.973021e-02
  1.994312e-02  -6.956601e-06   2.519205e+03   9.995091e-01   9.971715e-01   4.076775e-02
  1.892770e-02   2.099547e-05   2.650860e+03   9.981933e-01   9.967471e-01   4.006478e-02
  1.993010e-02  -7.547578e-07   2.505074e+03   9.932534e-01   9.946966e-01   3.978841e-02
  2.011369e-02   4.061792e-06   2.480985e+03   9.927641e-01   9.953282e-01   3.943322e-02
  2.020009e-02  -5.117025e-06   2.466052e+03   9.910273e-01   9.947322e-01   3.985999e-02
  2.016182e-02  -1.119218e-06   2.470690e+03   9.910101e-01   9.945469e-01   3.960259e-02
  2.028545e-02  -5.409871e-06   2.457672e+03   9.918332e-01   9.947702e-01   3.972520e-02
  2.007732e-02  -7.861804e-07   2.486953e+03   9.933523e-01   9.948553e-01   3.973820e-02
  1.956344e-02  -4.985119e-06   2.556653e+03   9.950551e-01   9.950115e-01   4.119752e-02
  1.997489e-02   8.349668e-06   2.493399e+03   9.908464e-01   9.924003e-01   4.166322e-02
  2.013930e-02   6.299204e-06   2.475220e+03   9.917180e-01   9.938275e-01   3.923722e-02
  2.013043e-02   4.897183e-06   2.474181e+03   9.908651e-01   9.941630e-01   3.946428e-02
  2.017174e-02   2.432076e-06   2.469907e+03   9.911836e-01   9.948313e-01   3.946826e-02
  2.013143e-02  -2.833462e-08   2.475744e+03   9.915408e-01   9.947907e-01   3.946922e-02
  1.994719e-02  -2.317474e-06   2.504757e+03   9.939794e-01   9.959219e-01   3.944302e-02
  1.994856e-02  -1.443756e-06   2.506849e+03   9.948781e-01   9.957907e-01   3.941334e-02
  1.956369e-02   3.706466e-06   2.566086e+03   9.987394e-01   9.967867e-01   3.898126e-02
  1.961431e-02   6.037998e-08   2.553162e+03   9.962802e-01   9.955637e-01   3.977116e-02
  2.009881e-02  -1.505550e-06   2.484789e+03   9.935509e-01   9.949577e-01   3.949146e-02
  2.017165e-02  -1.928881e-06   2.473653e+03   9.926828e-01   9.952586e-01   3.936505e-02
  2.030932e-02   9.244207e-07   2.455007e+03   9.919235e-01   9.953151e-01   4.012302e-02
  2.029080e-02   2.913211e-06   2.457751e+03   9.921267e-01   9.951945e-01   4.000207e-02
  2.028074e-02   1.069375e-06   2.461508e+03   9.931507e-01   9.955573e-01   4.021593e-02
  2.014256e-02   8.620433e-07   2.482415e+03   9.947619e-01   9.957394e-01   4.023255e-02
  1.939091e-02   8.049972e-06   2.582423e+03   9.962208e-01   9.955030e-01   4.218868e-02
  1.989443e-02   1.253404e-05   2.509284e+03   9.931422e-01   9.937316e-01   4.163087e-02
  2.003251e-02   1.359167e-06   2.490239e+03   9.924449e-01   9.942886e-01   3.931412e-02
  2.001616e-02   1.893083e-06   2.490405e+03   9.917012e-01   9.946333e-01   3.935078e-02
  2.014814e-02  -1.524042e-06   2.471854e+03   9.908048e-01   9.945352e-01   3.932388e-02
  2.013708e-02  -6.344952e-07   2.473840e+03   9.910563e-01   9.945795e-01   3.918111e-02
  1.997108e-02   3.611118e-06   2.499254e+03   9.929836e-01   9.953526e-01   3.901586e-02
  2.005110e-02   3.320368e-07   2.490042e+03   9.932877e-01   9.946972e-01   3.927802e-02
  1.974925e-02   7.918915e-06   2.537361e+03   9.969261e-01   9.958215e-01   3.836798e-02
  1.987209e-02  -1.770421e-05   2.515992e+03   9.946791e-01   9.947237e-01   4.002739e-02
  2.012244e-02  -1.705102e-06   2.481713e+03   9.934875e-01   9.949170e-01   3.939408e-02
  2.020793e-02  -1.083877e-06   2.468964e+03   9.925827e-01   9.951841e-01   3.963007e-02
  2.025368e-02  -1.486638e-06   2.463563e+03   9.926537e-01   9.956023e-01   4.010867e-02
  2.008680e-02   9.731594e-07   2.486087e+03   9.934756e-01   9.960483e-01   3.995270e-02
  2.014448e-02   1.387580e-06   2.480706e+03   9.941718e-01   9.961539e-01   4.048548e-02
  2.004067e-02   2.352322e-06   2.497265e+03   9.956510e-01   9.962682e-01   3.996585e-02
  1.855687e-02   8.331168e-06   2.705211e+03   9.987020e-01   9.968244e-01   4.082269e-02
  1.952037e-02  -1.319126e-05   2.562166e+03   9.950054e-01   9.948427e-01   3.991356e-02
  2.000545e-02   3.779605e-06   2.494642e+03   9.928571e-01   9.945359e-01   3.909491e-02
  2.005598e-02  -2.092488e-06   2.485735e+03   9.918108e-01   9.946907e-01   3.903058e-02
  2.011736e-02   1.288134e-06   2.474630e+03   9.904019e-01   9.943248e-01   3.900723e-02
  2.024222e-02  -2.267793e-06   2.459400e+03   9.904159e-01   9.942511e-01   3.941010e-02
  1.999764e-02   1.864305e-06   2.493361e+03   9.919598e-01   9.947218e-01   3.888373e-02
  1.990939e-02   5.485937e-07   2.506229e+03   9.926791e-01   9.944328e-01   3.918236e-02
  1.970116e-02   2.530271e-06   2.539603e+03   9.953774e-01   9.946789e-01   3.996285e-02
  1.952950e-02   5.952236e-06   2.557001e+03   9.934644e-01   9.936906e-01   3.928981e-02
  2.004473e-02   1.710682e-06   2.488364e+03   9.923027e-01   9.941509e-01   3.928832e-02
  2.012691e-02  -2.419143e-06   2.476174e+03   9.914900e-01   9.945338e-01   3.936096e-02
  2.016396e-02   2.819158e-06   2.472941e+03   9.920184e-01   9.952796e-01   3.995452e-02
  2.030720e-02   2.197436e-07   2.457858e+03   9.929717e-01   9.957979e-01   4.000019e-02
  2.033023e-02   1.485983e-06   2.458015e+03   9.941613e-01   9.961188e-01   4.088767e-02
  2.022891e-02  -1.404766e-09   2.474681e+03   9.959141e-01   9.963652e-01   4.048396e-02
  1.959357e-02   3.299314e-06   2.560136e+03   9.979451e-01   9.964086e-01   4.318446e-02
  1.962393e-02   4.013530e-06   2.552218e+03   9.964004e-01   9.955810e-01   4.066801e-02
  2.002696e-02  -6.071892e-06   2.496214e+03   9.945509e-01   9.955931e-01   3.963597e-02
  2.000933e-02   2.059735e-06   2.494823e+03   9.931218e-01   9.954801e-01   3.920942e-02
  2.013436e-02  -4.681779e-07   2.474334e+03   9.911201e-01   9.946902e-01   3.936987e-02
  2.002610e-02   1.622984e-06   2.489044e+03   9.916514e-01   9.950393e-01   3.922996e-02
  1.997910e-02  -1.503331e-06   2.496002e+03   9.920902e-01   9.948865e-01   3.875835e-02
  2.000085e-02   3.226824e-06   2.494321e+03   9.925013e-01   9.942155e-01   3.920391e-02
  1.977901e-02   3.441380e-06   2.527753e+03   9.946477e-01   9.946930e-01   3.948326e-02
  2.029250e-02  -2.013273e-05   2.461375e+03   9.936729e-01   9.940562e-01   4.019359e-02
  2.013146e-02  -1.465263e-06   2.477569e+03   9.922732e-01   9.940689e-01   3.961967e-02
  2.012414e-02   1.697382e-06   2.477375e+03   9.918343e-01   9.946459e-01   3.978967e-02
  2.017548e-02  -1.647173e-06   2.471925e+03   9.921773e-01   9.951995e-01   4.010749e-02
  2.007480e-02   3.786175e-06   2.486844e+03   9.931844e-01   9.958533e-01   3.982512e-02
  2.003935e-02   2.997677e-06   2.495671e+03   9.949495e-01   9.965168e-01   4.056210e-02
  1.999895e-02  -3.985743e-09   2.504011e+03   9.962618e-01   9.967115e-01   4.025015e-02
  1.881149e-02   4.141561e-06   2.673626e+03   1.000585e+00   9.978923e-01   4.075278e-02
  1.927985e-02   2.963955e-06   2.599837e+03   9.971946e-01   9.961781e-01   3.929916e-02
  1.999596e-02   2.022659e-06   2.498571e+03   9.939490e-01   9.952882e-01   3.943518e-02
  2.012928e-02  -2.562284e-06   2.478039e+03   9.923542e-01   9.950352e-01   3.935316e-02
  2.022704e-02   2.509176e-07   2.460287e+03   9.900296e-01   9.942033e-01   3.937737e-02
  2.019223e-02  -2.256541e-06   2.467443e+03   9.912007e-01   9.948004e-01   3.964413e-02
  2.021349e-02   1.974384e-06   2.464320e+03   9.909884e-01   9.941974e-01   3.951835e-02
  2.002745e-02   2.497877e-06   2.491101e+03   9.925380e-01   9.942829e-01   3.958703e-02
  1.948304e-02  -6.091135e-06   2.566491e+03   9.947790e-01   9.945891e-01   4.107157e-02
  1.984665e-02   6.553391e-06   2.516897e+03   9.937630e-01   9.937784e-01   3.873658e-02
  1.985298e-02  -1.814474e-06   2.510334e+03   9.914879e-01   9.935692e-01   3.880078e-02
  1.994377e-02   6.444041e-07   2.498861e+03   9.914697e-01   9.944619e-01   3.905621e-02
  2.011667e-02   6.198074e-07   2.478707e+03   9.919998e-01   9.951058e-01   3.968180e-02
  2.018439e-02  -1.939168e-07   2.471465e+03   9.924310e-01   9.953726e-01   3.986039e-02
  2.021078e-02  -3.784044e-07   2.474110e+03   9.947919e-01   9.964775e-01   4.057359e-02
  2.012862e-02  -3.956553e-07   2.487741e+03   9.962063e-01   9.966008e-01   4.048863e-02
  1.957884e-02  -7.501242e-07   2.566618e+03   9.997201e-01   9.973658e-01   4.176234e-02
  1.961870e-02  -7.691301e-06   2.554334e+03   9.969604e-01   9.957835e-01   4.107846e-02
  2.001730e-02  -1.999109e-06   2.497930e+03   9.947546e-01   9.956862e-01   3.996144e-02
  2.003166e-02  -2.023853e-06   2.492191e+03   9.931809e-01   9.954938e-01   3.964624e-02
  2.016335e-02   1.256416e-06   2.469888e+03   9.907636e-01   9.946210e-01   3.960637e-02
  1.998812e-02  -6.566247e-07   2.494734e+03   9.920336e-01   9.953162e-01   3.935835e-02
  2.013784e-02   7.017833e-07   2.474869e+03   9.915058e-01   9.945684e-01   3.931546e-02
  2.000484e-02  -3.669207e-07   2.495439e+03   9.931440e-01   9.945817e-01   3.935459e-02
  1.941393e-02   6.474790e-06   2.577130e+03   9.953595e-01   9.950258e-01   4.113113e-02
  1.972867e-02  -1.345109e-05   2.531081e+03   9.934222e-01   9.937860e-01   3.749728e-02
  1.988906e-02  -8.587904e-07   2.503745e+03   9.906825e-01   9.932418e-01   3.887350e-02
  2.019825e-02  -3.470100e-06   2.465182e+03   9.905874e-01   9.939237e-01   3.983769e-02
  2.006390e-02  -9.772735e-07   2.484659e+03   9.917734e-01   9.949195e-01   3.963681e-02
  2.029963e-02  -5.103147e-07   2.456014e+03   9.918572e-01   9.950076e-01   4.060364e-02
  2.002835e-02  -1.207707e-06   2.496407e+03   9.946969e-01   9.963657e-01   4.021594e-02
  2.009432e-02  -1.324522e-06   2.490443e+03   9.955890e-01   9.960710e-01   4.059690e-02
  1.955837e-02  -9.465759e-06   2.566731e+03   9.987187e-01   9.967993e-01   4.117667e-02
  1.873244e-02  -2.492238e-06   2.684340e+03   1.000373e+00   9.973274e-01   4.090459e-02
  1.992818e-02   3.328677e-06   2.513773e+03   9.966071e-01   9.966660e-01   4.059660e-02
  2.006334e-02  -1.633107e-06   2.490397e+03   9.940359e-01   9.960158e-01   3.982198e-02
  2.021923e-02   2.082619e-06   2.464815e+03   9.914685e-01   9.948215e-01   4.024299e-02
  2.025155e-02  -1.616755e-06   2.461963e+03   9.919047e-01   9.952703e-01   3.936714e-02
  2.015713e-02  -7.751067e-07   2.473019e+03   9.917136e-01   9.946982e-01   3.954349e-02
  2.010289e-02  -3.368410e-07   2.482458e+03   9.928199e-01   9.947388e-01   3.931938e-02
  1.895726e-02  -1.891220e-06   2.640076e+03   9.956856e-01   9.953234e-01   4.007631e-02
  2.013957e-02   2.021256e-05   2.468544e+03   9.890567e-01   9.909478e-01   4.058926e-02
  1.993235e-02  -8.694047e-08   2.493366e+03   9.887230e-01   9.921105e-01   3.872951e-02
  1.985290e-02   8.282649e-06   2.506172e+03   9.898402e-01   9.934484e-01   3.945264e-02
  2.014447e-02  -5.566917e-07   2.470924e+03   9.902510e-01   9.942005e-01   3.947951e-02
  1.995510e-02   2.677152e-06   2.499153e+03   9.921489e-01   9.953048e-01   3.986528e-02
  2.008386e-02   1.878316e-06   2.488890e+03   9.944502e-01   9.962071e-01   4.045981e-02
  1.986921e-02  -5.071397e-07   2.520600e+03   9.963561e-01   9.965607e-01   4.035734e-02
  1.931438e-02   5.389348e-06   2.600554e+03   9.992560e-01   9.968462e-01   4.165720e-02
  1.961037e-02  -3.098045e-06   2.567519e+03   1.001681e+00   9.983829e-01   4.214474e-02
  2.009054e-02  -3.143859e-06   2.497631e+03   9.982745e-01   9.977656e-01   4.142964e-02
  2.034042e-02   2.575202e-06   2.456291e+03   9.939620e-01   9.959814e-01   4.112984e-02
  2.033504e-02   5.035824e-07   2.452335e+03   9.920987e-01   9.952740e-01   4.084672e-02
  2.019113e-02   2.989598e-06   2.467543e+03   9.911870e-01   9.946681e-01   3.979510e-02
  2.050004e-02   2.380586e-06   2.430052e+03   9.910610e-01   9.943838e-01   4.029752e-02
  2.026625e-02   2.566203e-06   2.459784e+03   9.917458e-01   9.939193e-01   3.991552e-02
  1.982629e-02   5.259319e-07   2.515590e+03   9.922278e-01   9.933486e-01   4.263434e-02
  2.023359e-02   4.445537e-06   2.453409e+03   9.875818e-01   9.902579e-01   4.087599e-02
  2.034554e-02   1.151291e-07   2.439183e+03   9.872877e-01   9.911080e-01   3.911713e-02
  2.030640e-02  -8.476866e-06   2.448766e+03   9.892599e-01   9.932149e-01   3.961367e-02
  2.006832e-02  -3.995729e-06   2.478259e+03   9.894362e-01   9.937256e-01   3.885576e-02
  2.011424e-02  -4.768569e-06   2.478535e+03   9.918109e-01   9.951051e-01   3.994378e-02
  1.981265e-02  -5.858880e-06   2.522189e+03   9.941461e-01   9.960204e-01   3.922638e-02
  2.001105e-02   9.657364e-07   2.499535e+03   9.950832e-01   9.958496e-01   4.025537e-02
  1.928021e-02  -6.703816e-06   2.604142e+03   9.988643e-01   9.970092e-01   3.949026e-02
  1.981225e-02  -1.427257e-05   2.549462e+03   1.004876e+00   1.000609e+00   4.218736e-02
  1.990012e-02   4.981904e-07   2.528829e+03   1.001164e+00   9.994642e-01   4.123086e-02
  2.016865e-02  -1.281344e-06   2.480441e+03   9.952586e-01   9.968057e-01   4.088213e-02
  2.022935e-02   5.333326e-06   2.468168e+03   9.933147e-01   9.961958e-01   4.103724e-02
  2.045271e-02   3.858538e-06   2.433962e+03   9.903639e-01   9.943353e-01   4.066327e-02
  2.036330e-02  -6.334611e-08   2.446432e+03   9.910863e-01   9.943464e-01   4.081157e-02
  2.037980e-02  -6.578107e-07   2.443551e+03   9.907210e-01   9.932235e-01   4.022153e-02
  1.914940e-02  -1.605057e-06   2.604000e+03   9.920334e-01   9.929318e-01   4.231997e-02
  1.971237e-02   2.429728e-08   2.518036e+03   9.874858e-01   9.901878e-01   3.915403e-02
  2.014815e-02  -4.242558e-06   2.459935e+03   9.860271e-01   9.905984e-01   3.897524e-02
  2.017661e-02   2.256087e-06   2.462979e+03   9.886420e-01   9.928619e-01   3.918887e-02
  2.023438e-02  -3.576304e-06   2.453461e+03   9.876414e-01   9.926540e-01   3.906730e-02
  2.012581e-02  -1.764041e-06   2.474111e+03   9.906099e-01   9.942979e-01   3.921655e-02
  2.010035e-02   5.468833e-06   2.480620e+03   9.919593e-01   9.947188e-01   3.918912e-02
  1.989346e-02   2.288060e-06   2.510507e+03   9.935782e-01   9.947832e-01   3.925910e-02
  1.953820e-02   1.176315e-05   2.563661e+03   9.964950e-01   9.956762e-01   3.960712e-02
  1.906385e-02   1.381678e-05   2.663017e+03   1.009984e+00   1.003357e+00   4.135665e-02
  1.987302e-02   4.156677e-07   2.537447e+03   1.003208e+00   1.000518e+00   4.102738e-02
  2.003237e-02   2.855478e-06   2.500083e+03   9.963616e-01   9.973740e-01   4.046827e-02
  2.024603e-02   1.447859e-06   2.468193e+03   9.941434e-01   9.964123e-01   4.112359e-02
  2.020925e-02   7.611343e-07   2.465244e+03   9.911521e-01   9.947362e-01   4.033562e-02
  2.035333e-02   1.291763e-06   2.450089e+03   9.920817e-01   9.949003e-01   4.111887e-02
  2.027056e-02  -2.762414e-07   2.458202e+03   9.913194e-01   9.936335e-01   4.040788e-02
  1.889228e-02   1.771832e-06   2.641722e+03   9.928910e-01   9.934057e-01   4.174691e-02
  1.986989e-02   4.445507e-06   2.497208e+03   9.871434e-01   9.899491e-01   4.214365e-02
  2.067100e-02   1.745596e-06   2.395978e+03   9.853137e-01   9.900768e-01   4.084525e-02
  2.037090e-02  -1.059208e-06   2.439241e+03   9.885421e-01   9.927916e-01   4.030239e-02
  2.064364e-02  -5.277369e-06   2.400118e+03   9.857096e-01   9.916382e-01   3.968948e-02
  2.027533e-02   3.099169e-08   2.451584e+03   9.888828e-01   9.934370e-01   3.946835e-02
  2.038488e-02  -1.294466e-06   2.437953e+03   9.886979e-01   9.929771e-01   3.916757e-02
  2.004254e-02   2.880167e-06   2.485021e+03   9.908616e-01   9.933506e-01   3.890734e-02
  1.971216e-02   6.820907e-06   2.532425e+03   9.931180e-01   9.936096e-01   4.003507e-02
  1.913165e-02  -2.672001e-05   2.656322e+03   1.011028e+00   1.004328e+00   4.089577e-02
  1.977356e-02  -4.745387e-06   2.551756e+03   1.003816e+00   1.001094e+00   3.940321e-02
  2.009938e-02  -7.174638e-06   2.493423e+03   9.970311e-01   9.977894e-01   4.030877e-02
  2.001113e-02   1.268915e-05   2.501125e+03   9.957198e-01   9.974981e-01   3.973565e-02
  2.026448e-02   2.857857e-07   2.460534e+03   9.919620e-01   9.951366e-01   4.033140e-02
  2.009308e-02  -2.459681e-06   2.483459e+03   9.927357e-01   9.952622e-01   3.971864e-02
  2.020552e-02   3.572585e-06   2.467338e+03   9.918109e-01   9.938483e-01   4.017482e-02
  1.930223e-02  -1.655091e-06   2.585080e+03   9.926857e-01   9.933121e-01   4.157661e-02
  1.971013e-02  -3.400090e-06   2.517720e+03   9.872499e-01   9.900337e-01   4.186722e-02
  2.025961e-02  -6.447339e-07   2.447703e+03   9.865520e-01   9.908982e-01   4.084098e-02
  2.045509e-02   1.079369e-06   2.429124e+03   9.885105e-01   9.927901e-01   4.060286e-02
  2.012080e-02  -3.652003e-06   2.463363e+03   9.860612e-01   9.916472e-01   3.978717e-02
  2.031290e-02  -1.185470e-06   2.446243e+03   9.885568e-01   9.931199e-01   3.957636e-02
  2.009641e-02   7.212357e-06   2.473452e+03   9.888993e-01   9.929844e-01   3.930047e-02
  2.018015e-02  -1.625594e-06   2.467004e+03   9.904315e-01   9.930148e-01   3.904497e-02
  1.962405e-02   1.288001e-05   2.543713e+03   9.930862e-01   9.937434e-01   3.952073e-02
  1.909379e-02  -1.590407e-05   2.657029e+03   1.009296e+00   1.003249e+00   4.020869e-02
  2.007377e-02  -6.871131e-06   2.511422e+03   1.002949e+00   1.000451e+00   3.974185e-02
  2.023320e-02  -6.646581e-06   2.475474e+03   9.964442e-01   9.974996e-01   3.995029e-02
  2.023129e-02  -1.363791e-05   2.472525e+03   9.951636e-01   9.969610e-01   4.032728e-02
  2.022861e-02  -1.276516e-06   2.466809e+03   9.927312e-01   9.957325e-01   4.024300e-02
  2.023269e-02  -3.786844e-06   2.466370e+03   9.927545e-01   9.953187e-01   4.010950e-02
  2.025217e-02  -4.094033e-06   2.464151e+03   9.928167e-01   9.945512e-01   4.037449e-02
  1.914015e-02  -3.166013e-06   2.611732e+03   9.944985e-01   9.944123e-01   4.091172e-02
  1.913358e-02  -1.411368e-05   2.600906e+03   9.900358e-01   9.918186e-01   4.042097e-02
  2.033112e-02   4.403289e-06   2.441358e+03   9.874675e-01   9.913223e-01   4.061351e-02
  2.013130e-02   6.484636e-08   2.470390e+03   9.893900e-01   9.932979e-01   3.990350e-02
  2.064772e-02   9.086555e-06   2.399565e+03   9.856774e-01   9.915866e-01   4.015182e-02
  2.029482e-02  -6.228962e-08   2.448770e+03   9.886976e-01   9.933535e-01   3.953562e-02
  2.033645e-02  -1.928858e-06   2.444549e+03   9.890179e-01   9.930730e-01   3.932401e-02
  2.019058e-02  -6.974984e-07   2.464945e+03   9.901161e-01   9.930440e-01   3.900124e-02
  1.982873e-02  -1.880169e-05   2.515397e+03   9.922739e-01   9.930943e-01   4.033347e-02
  1.874712e-02  -9.177929e-06   2.696841e+03   1.005819e+00   1.001079e+00   4.076625e-02
  1.991509e-02  -3.795926e-06   2.527826e+03   1.001520e+00   9.996371e-01   3.920836e-02
  2.014851e-02  -1.473389e-06   2.483145e+03   9.953484e-01   9.968254e-01   4.002945e-02
  1.989141e-02   3.686126e-06   2.517859e+03   9.963848e-01   9.978784e-01   3.910485e-02
  2.017527e-02  -1.101690e-06   2.475333e+03   9.935348e-01   9.961091e-01   4.018103e-02
  2.022345e-02   2.462445e-06   2.470910e+03   9.941282e-01   9.961018e-01   4.011851e-02
  1.996519e-02   1.590878e-06   2.505160e+03   9.950367e-01   9.958349e-01   3.996872e-02
  1.959037e-02   5.916908e-06   2.556538e+03   9.963798e-01   9.956196e-01   4.128516e-02
  1.944201e-02   4.374254e-05   2.550005e+03   9.863075e-01   9.898106e-01   4.321551e-02
  2.028928e-02   6.410474e-06   2.448650e+03   9.883790e-01   9.920216e-01   4.072709e-02
  2.034580e-02   5.298453e-06   2.443992e+03   9.892470e-01   9.932432e-01   4.035842e-02
  2.028074e-02   7.936340e-06   2.443513e+03   9.858903e-01   9.916866e-01   4.018912e-02
  2.036404e-02  -8.109066e-08   2.439145e+03   9.881702e-01   9.928680e-01   3.959056e-02
  2.022247e-02  -7.526810e-07   2.457865e+03   9.888314e-01   9.929604e-01   3.890820e-02
  2.012512e-02  -2.212338e-06   2.472708e+03   9.900142e-01   9.928746e-01   3.886909e-02
  1.955944e-02  -6.118531e-06   2.551737e+03   9.929388e-01   9.936171e-01   3.918688e-02
  1.903829e-02  -8.417774e-06   2.630653e+03   9.963723e-01   9.953535e-01   4.135072e-02
  1.990573e-02   1.664542e-06   2.520461e+03   9.981329e-01   9.977479e-01   3.877378e-02
  2.012852e-02   2.311597e-06   2.478487e+03   9.924956e-01   9.951488e-01   3.951941e-02
  2.025768e-02  -1.535813e-05   2.467201e+03   9.943158e-01   9.964500e-01   3.929506e-02
  2.017735e-02   7.625435e-07   2.474139e+03   9.931584e-01   9.959189e-01   3.988012e-02
  1.999998e-02  -3.605040e-06   2.500666e+03   9.949821e-01   9.965777e-01   3.983646e-02
  1.999277e-02  -1.490083e-06   2.505338e+03   9.964819e-01   9.964957e-01   4.023812e-02
  1.963825e-02  -4.069292e-06   2.556158e+03   9.986668e-01   9.967883e-01   4.141655e-02
  1.951879e-02  -7.167112e-05   2.531637e+03   9.830701e-01   9.879714e-01   4.036802e-02
  2.038564e-02  -1.178620e-05   2.438727e+03   9.890488e-01   9.923828e-01   4.078672e-02
  2.036962e-02  -9.005996e-06   2.441881e+03   9.895495e-01   9.934260e-01   3.990451e-02
  2.042401e-02  -2.149079e-06   2.430670e+03   9.876369e-01   9.926341e-01   4.032141e-02
  2.023068e-02  -1.626547e-06   2.457008e+03   9.888882e-01   9.934798e-01   3.955463e-02
  2.012916e-02  -3.438050e-06   2.472023e+03   9.899385e-01   9.935772e-01   3.911273e-02
  2.010634e-02   4.487207e-08   2.477839e+03   9.911428e-01   9.936580e-01   3.916984e-02
  2.000648e-02   3.444508e-07   2.495613e+03   9.932943e-01   9.938436e-01   4.036103e-02
  1.875007e-02   6.272502e-05   2.691650e+03   1.004041e+00   9.996854e-01   3.518382e-02
  1.983648e-02   3.453906e-06   2.528216e+03   9.977208e-01   9.973523e-01   3.765785e-02
  2.015227e-02   6.513862e-06   2.475502e+03   9.924702e-01   9.950612e-01   3.887074e-02
  2.009666e-02   3.376147e-06   2.484370e+03   9.932769e-01   9.959494e-01   3.877023e-02
  2.020154e-02   2.320977e-07   2.469628e+03   9.925361e-01   9.956184e-01   3.975918e-02
  2.023154e-02   6.996597e-07   2.471640e+03   9.948191e-01   9.965196e-01   4.035751e-02
  1.988363e-02  -2.017284e-06   2.520891e+03   9.971948e-01   9.970239e-01   3.991038e-02
  1.957167e-02  -6.821338e-06   2.570673e+03   1.000933e+00   9.981140e-01   4.031498e-02
  1.931031e-02   3.345151e-05   2.586390e+03   9.936039e-01   9.936732e-01   4.887801e-02
  2.027683e-02   1.040969e-05   2.457561e+03   9.913673e-01   9.934990e-01   4.239692e-02
  2.033665e-02   3.943727e-06   2.451349e+03   9.917786e-01   9.947203e-01   4.074229e-02
  2.012077e-02   7.154165e-06   2.473224e+03   9.900067e-01   9.940785e-01   4.016327e-02
  2.035573e-02   6.445394e-07   2.444992e+03   9.901346e-01   9.941787e-01   4.004769e-02
  2.006394e-02  -1.240478e-06   2.483854e+03   9.914536e-01   9.945582e-01   3.905555e-02
  2.009999e-02  -1.811292e-06   2.481802e+03   9.924145e-01   9.944309e-01   3.967308e-02
  1.945345e-02  -1.453593e-05   2.570537e+03   9.948340e-01   9.946564e-01   4.073001e-02
  2.120319e-02  -5.142619e-05   2.364033e+03   9.972059e-01   9.963843e-01   3.379474e-02
  2.035140e-02  -9.951917e-06   2.459140e+03   9.956522e-01   9.962876e-01   3.133526e-02
  1.990861e-02   1.917223e-06   2.512031e+03   9.949381e-01   9.966095e-01   3.040469e-02
  2.081630e-02   1.398168e-06   2.393869e+03   9.913661e-01   9.949956e-01   3.149153e-02
  2.026325e-02  -1.100779e-05   2.460049e+03   9.917062e-01   9.950660e-01   3.091387e-02
  2.037744e-02   7.767393e-06   2.442696e+03   9.902598e-01   9.938508e-01   3.156596e-02
  2.022975e-02  -7.657175e-06   2.460785e+03   9.903628e-01   9.932138e-01   3.103082e-02
  1.932206e-02   1.355469e-05   2.579835e+03   9.916890e-01   9.927458e-01   3.205129e-02
  1.880138e-02  -3.297109e-05   2.636955e+03   9.863307e-01   9.896180e-01   3.308847e-02
  2.020452e-02  -1.205018e-06   2.468976e+03   9.924200e-01   9.943490e-01   3.079533e-02
  2.019760e-02  -2.624224e-06   2.461395e+03   9.890342e-01   9.930670e-01   3.124242e-02
  2.009631e-02  -1.885693e-06   2.480662e+03   9.917768e-01   9.950996e-01   3.024090e-02
  2.028265e-02   8.383088e-07   2.454419e+03   9.903838e-01   9.942803e-01   3.102758e-02
  2.027494e-02   1.906706e-06   2.458561e+03   9.916781e-01   9.947069e-01   3.069057e-02
  2.003446e-02   2.676227e-06   2.493889e+03   9.939966e-01   9.951345e-01   3.098918e-02
  1.921731e-02  -1.467986e-05   2.609268e+03   9.975653e-01   9.961194e-01   3.117548e-02
  2.043920e-02   2.946400e-05   2.456473e+03   9.988632e-01   9.971343e-01   3.138125e-02
  1.997894e-02   1.027610e-05   2.502512e+03   9.946696e-01   9.955698e-01   3.093067e-02
  2.024879e-02   7.046833e-06   2.465130e+03   9.930457e-01   9.953789e-01   3.086195e-02
  2.002134e-02   5.940501e-06   2.488081e+03   9.910322e-01   9.946501e-01   3.084787e-02
  2.010921e-02   6.237585e-06   2.477050e+03   9.909687e-01   9.946178e-01   3.059586e-02
  2.017772e-02  -3.434779e-06   2.468599e+03   9.909524e-01   9.941951e-01   3.122395e-02
  2.028051e-02  -2.614410e-06   2.454145e+03   9.901687e-01   9.928619e-01   3.127799e-02
  1.923674e-02  -4.937808e-06   2.590251e+03   9.912960e-01   9.923748e-01   3.276277e-02
  1.916467e-02   7.579058e-08   2.590992e+03   9.878647e-01   9.906930e-01   3.191594e-02
  2.030638e-02  -1.482770e-06   2.454538e+03   9.915907e-01   9.938323e-01   3.077093e-02
  2.057238e-02  -4.118622e-06   2.415699e+03   9.886843e-01   9.929099e-01   3.131941e-02
  2.025473e-02   1.277630e-06   2.460386e+03   9.914249e-01   9.948734e-01   3.093016e-02
  2.022076e-02   2.870774e-06   2.461822e+03   9.903398e-01   9.942184e-01   3.114716e-02
  2.001752e-02   3.876756e-06   2.488611e+03   9.910543e-01   9.942404e-01   3.044916e-02
  2.012594e-02   8.759487e-06   2.482011e+03   9.937798e-01   9.951628e-01   3.100730e-02
  1.915757e-02   8.845004e-06   2.615518e+03   9.968462e-01   9.957877e-01   3.136286e-02
  1.945569e-02   2.524603e-05   2.579092e+03   9.982600e-01   9.966409e-01   3.025601e-02
  2.007968e-02   3.870350e-06   2.488013e+03   9.938927e-01   9.951533e-01   3.052492e-02
  2.007373e-02   6.856570e-06   2.484723e+03   9.922844e-01   9.950322e-01   3.017838e-02
  2.038934e-02  -2.046458e-06   2.439254e+03   9.894421e-01   9.937045e-01   3.102531e-02
  2.037005e-02  -9.183172e-06   2.441099e+03   9.892536e-01   9.935955e-01   3.089360e-02
  2.025103e-02  -4.393257e-06   2.460033e+03   9.911015e-01   9.942727e-01   3.154011e-02
  2.026778e-02  -3.605948e-06   2.456117e+03   9.903423e-01   9.931985e-01   3.143964e-02
  1.916716e-02  -4.849039e-05   2.603337e+03   9.927005e-01   9.931494e-01   3.294766e-02
  2.030636e-02  -7.348200e-06   2.448002e+03   9.889492e-01   9.912221e-01   3.244652e-02
  1.989903e-02  -3.076529e-06   2.504883e+03   9.916294e-01   9.938308e-01   3.019241e-02
  2.009876e-02   2.680189e-06   2.473912e+03   9.891989e-01   9.931498e-01   3.069000e-02
  2.015160e-02  -5.803596e-07   2.472248e+03   9.911328e-01   9.947916e-01   3.038064e-02
  2.029522e-02   7.033844e-06   2.451542e+03   9.898362e-01   9.939591e-01   3.104280e-02
  2.033994e-02   8.488618e-07   2.446387e+03   9.899309e-01   9.937244e-01   3.084854e-02
  2.015646e-02  -8.275564e-06   2.475026e+03   9.924854e-01   9.943232e-01   3.082290e-02
  1.960442e-02   8.493487e-06   2.548768e+03   9.940645e-01   9.943194e-01   3.258844e-02
  1.949282e-02  -1.706420e-06   2.574255e+03   9.982894e-01   9.969061e-01   2.912852e-02
  1.990845e-02   5.332304e-06   2.508624e+03   9.935809e-01   9.948663e-01   3.042642e-02
  2.023861e-02   4.773803e-06   2.462372e+03   9.914355e-01   9.944769e-01   3.053464e-02
  2.013383e-02   9.378741e-08   2.468776e+03   9.888680e-01   9.934247e-01   3.065292e-02
  2.037395e-02   1.249223e-05   2.437371e+03   9.879320e-01   9.928575e-01   3.063143e-02
  2.019401e-02   4.392988e-06   2.467657e+03   9.913738e-01   9.944563e-01   3.085042e-02
  2.018434e-02   6.709010e-06   2.468280e+03   9.911492e-01   9.934381e-01   3.121570e-02
  1.915096e-02   5.651116e-05   2.610157e+03   9.944601e-01   9.944271e-01   3.095585e-02
  1.949274e-02   2.047420e-05   2.556434e+03   9.913744e-01   9.922353e-01   3.057544e-02
  2.024917e-02  -1.021288e-06   2.459983e+03   9.909902e-01   9.933676e-01   3.113275e-02
  1.992055e-02  -5.315889e-06   2.496207e+03   9.892635e-01   9.931280e-01   3.031753e-02
  2.020646e-02   3.486634e-07   2.463317e+03   9.902405e-01   9.941159e-01   3.082798e-02
  2.002690e-02  -1.317233e-05   2.484354e+03   9.898226e-01   9.939211e-01   3.036890e-02
  2.034378e-02  -1.963440e-06   2.445145e+03   9.896151e-01   9.934546e-01   3.098847e-02
  2.015354e-02   1.280979e-06   2.473211e+03   9.916140e-01   9.937767e-01   3.055427e-02
  1.922783e-02   4.298204e-06   2.598553e+03   9.940130e-01   9.940480e-01   3.236769e-02
  2.052801e-02   4.628624e-05   2.437937e+03   9.956335e-01   9.948762e-01   3.350148e-02
  2.027228e-02   1.147297e-05   2.460017e+03   9.921350e-01   9.942713e-01   3.082939e-02
  2.011016e-02   5.742015e-06   2.476455e+03   9.907773e-01   9.941535e-01   3.082173e-02
  2.046398e-02   2.479153e-06   2.427009e+03   9.880790e-01   9.929321e-01   3.108603e-02
  2.018195e-02  -8.523225e-06   2.460808e+03   9.880319e-01   9.928346e-01   3.070973e-02
  2.012321e-02  -7.393833e-06   2.477313e+03   9.917638e-01   9.946283e-01   3.039860e-02
  2.011673e-02  -1.194867e-06   2.478660e+03   9.919834e-01   9.941223e-01   3.100934e-02
  1.971106e-02  -4.979703e-05   2.537394e+03   9.950113e-01   9.948296e-01   3.178680e-02
  2.044195e-02  -2.881757e-05   2.432931e+03   9.894236e-01   9.915731e-01   3.069077e-02
  1.958749e-02  -4.201236e-06   2.544165e+03   9.914123e-01   9.935889e-01   2.972229e-02
  2.016742e-02   6.878087e-06   2.465778e+03   9.893150e-01   9.931267e-01   3.086074e-02
  2.009794e-02   2.697681e-06   2.476901e+03   9.903536e-01   9.942631e-01   3.010028e-02
  2.026968e-02   5.482736e-06   2.454440e+03   9.897588e-01   9.938445e-01   3.097251e-02
  2.003115e-02   6.388526e-06   2.483957e+03   9.898744e-01   9.935931e-01   3.040232e-02
  2.015185e-02  -5.699388e-06   2.473349e+03   9.915862e-01   9.939508e-01   3.038018e-02
  1.930055e-02  -9.688402e-06   2.590738e+03   9.947715e-01   9.945947e-01   3.152343e-02
  1.942023e-02  -2.638417e-05   2.582776e+03   9.978638e-01   9.961377e-01   3.094231e-02
  2.021141e-02  -2.275031e-06   2.465833e+03   9.914951e-01   9.936941e-01   3.171999e-02
  2.027381e-02  -1.877403e-07   2.455566e+03   9.904150e-01   9.939872e-01   3.092911e-02
  2.021968e-02   3.393911e-09   2.458160e+03   9.888140e-01   9.933647e-01   3.120416e-02
  2.049595e-02   1.184900e-05   2.423567e+03   9.882188e-01   9.930142e-01   3.107372e-02
  2.025749e-02   1.271870e-05   2.462358e+03   9.923547e-01   9.950251e-01   3.089742e-02
  2.004708e-02   1.195954e-05   2.490039e+03   9.930870e-01   9.947447e-01   3.080700e-02
  1.980493e-02   4.428908e-05   2.526975e+03   9.956448e-01   9.951525e-01   3.197249e-02
  1.995203e-02   5.992060e-06   2.490490e+03   9.885574e-01   9.907005e-01   3.212692e-02
  2.019113e-02  -5.456215e-06   2.465825e+03   9.904964e-01   9.931492e-01   3.012296e-02
  2.005519e-02  -9.319137e-06   2.481481e+03   9.900745e-01   9.936373e-01   3.055432e-02
  2.035431e-02  -5.831126e-06   2.445782e+03   9.903854e-01   9.942316e-01   3.061630e-02
  2.011631e-02  -1.349253e-05   2.475970e+03   9.908866e-01   9.946038e-01   3.046778e-02
  2.031523e-02  -9.618953e-06   2.448862e+03   9.897287e-01   9.935450e-01   3.048601e-02
  2.016544e-02  -8.025823e-06   2.470998e+03   9.913116e-01   9.936085e-01   3.048606e-02
  1.927214e-02  -1.824014e-05   2.594842e+03   9.948806e-01   9.946644e-01   3.050308e-02
  2.072260e-02  -8.629184e-06   2.419347e+03   9.974074e-01   9.962879e-01   3.294738e-02
  2.019743e-02   6.843355e-06   2.470356e+03   9.926263e-01   9.944606e-01   3.153192e-02
  2.037521e-02   1.168757e-05   2.443349e+03   9.904162e-01   9.938370e-01   3.154556e-02
  2.032282e-02  -9.888730e-07   2.447160e+03   9.894100e-01   9.936635e-01   3.140495e-02
  2.020274e-02   8.900727e-06   2.460355e+03   9.888674e-01   9.933552e-01   3.076640e-02
  2.012637e-02  -5.500197e-06   2.480881e+03   9.933481e-01   9.957529e-01   3.062108e-02
  2.008690e-02   8.228884e-07   2.487658e+03   9.941083e-01   9.952131e-01   3.066362e-02
  1.967634e-02   9.168809e-06   2.548705e+03   9.976864e-01   9.962338e-01   3.224039e-02
  1.959774e-02  -5.265084e-05   2.532768e+03   9.874877e-01   9.906708e-01   2.966098e-02
  1.994928e-02  -1.111852e-05   2.492094e+03   9.890578e-01   9.923328e-01   2.985487e-02
  2.024049e-02  -2.404734e-06   2.455293e+03   9.886771e-01   9.929861e-01   3.022677e-02
  2.007257e-02  -5.188762e-07   2.478787e+03   9.898564e-01   9.939331e-01   2.994178e-02
  2.024179e-02   1.116425e-05   2.462618e+03   9.916905e-01   9.950223e-01   3.076317e-02
  2.018935e-02  -5.666959e-06   2.465265e+03   9.901844e-01   9.937549e-01   3.038292e-02
  2.008506e-02  -1.636713e-06   2.482585e+03   9.919903e-01   9.939576e-01   3.048032e-02
  1.986160e-02  -3.713586e-05   2.515445e+03   9.939378e-01   9.942741e-01   3.125606e-02
  1.865168e-02   3.731014e-05   2.700952e+03   1.002224e+00   9.987330e-01   2.937140e-02
  1.982341e-02  -9.213126e-07   2.518576e+03   9.932616e-01   9.946760e-01   3.170246e-02
  1.968476e-02  -2.555699e-05   2.531645e+03   9.914325e-01   9.944598e-01   3.046477e-02
  2.026125e-02   3.564716e-06   2.456144e+03   9.900341e-01   9.939935e-01   3.152979e-02
  2.010138e-02  -1.791017e-05   2.471459e+03   9.883467e-01   9.930845e-01   3.061944e-02
  1.998548e-02   7.627980e-06   2.500216e+03   9.940824e-01   9.960714e-01   3.046377e-02
  1.998916e-02  -7.772671e-06   2.501958e+03   9.949577e-01   9.957112e-01   3.040089e-02
  1.922674e-02  -8.968038e-06   2.613621e+03   9.997200e-01   9.973469e-01   3.036372e-02
  1.879759e-02   3.089053e-05   2.639885e+03   9.872281e-01   9.899129e-01   3.193122e-02
  2.051947e-02   3.061841e-06   2.418348e+03   9.872224e-01   9.912035e-01   3.110373e-02
  2.001348e-02   1.469599e-05   2.482802e+03   9.885413e-01   9.925513e-01   3.109014e-02
  2.033626e-02  -3.398688e-07   2.442322e+03   9.881074e-01   9.929772e-01   3.051084e-02
  2.005864e-02  -6.539760e-06   2.485639e+03   9.919040e-01   9.950897e-01   3.042066e-02
  2.008407e-02   7.162811e-06   2.477874e+03   9.900590e-01   9.936292e-01   3.061162e-02
  1.994278e-02  -3.210761e-06   2.501185e+03   9.923427e-01   9.941632e-01   3.043162e-02
  1.964836e-02   5.449396e-05   2.544376e+03   9.945754e-01   9.943366e-01   3.195553e-02
  1.971813e-02   6.036145e-06   2.550666e+03   1.000575e+00   9.976761e-01   3.249329e-02
  2.005363e-02   1.674485e-05   2.490685e+03   9.936695e-01   9.949921e-01   3.128706e-02
  2.067585e-02   1.510108e-05   2.406435e+03   9.898458e-01   9.935936e-01   3.256969e-02
  2.022010e-02  -1.936833e-06   2.462492e+03   9.905773e-01   9.944642e-01   3.134905e-02
  2.049763e-02   5.230161e-06   2.421311e+03   9.873799e-01   9.924599e-01   3.187748e-02
  2.043844e-02  -1.193239e-05   2.442539e+03   9.931604e-01   9.955170e-01   3.148627e-02
  1.998540e-02   9.224501e-06   2.501411e+03   9.945534e-01   9.954913e-01   3.080652e-02
  1.982251e-02  -9.018431e-06   2.531851e+03   9.984515e-01   9.967919e-01   3.177496e-02
  1.957461e-02  -9.560039e-07   2.533424e+03   9.865773e-01   9.896830e-01   3.341579e-02
  2.019461e-02  -1.487422e-05   2.457590e+03   9.873591e-01   9.912823e-01   3.116930e-02
  2.062344e-02  -1.045342e-05   2.406983e+03   9.875618e-01   9.924233e-01   3.065662e-02
  2.011011e-02  -9.701875e-06   2.466663e+03   9.868575e-01   9.922625e-01   2.996824e-02
  2.031170e-02   1.059286e-05   2.451658e+03   9.906870e-01   9.944611e-01   3.011578e-02
  2.029034e-02  -8.449866e-06   2.450633e+03   9.892309e-01   9.932219e-01   3.008692e-02
  2.018810e-02   1.049244e-06   2.467846e+03   9.911596e-01   9.935314e-01   3.066338e-02
  2.010288e-02  -2.996661e-05   2.484873e+03   9.937855e-01   9.940029e-01   3.151923e-02
  1.947381e-02  -2.770332e-05   2.578613e+03   9.990039e-01   9.971008e-01   3.053543e-02
  2.017860e-02  -9.763912e-06   2.473274e+03   9.928721e-01   9.945056e-01   3.148359e-02
  1.981392e-02  -1.021261e-05   2.515257e+03   9.914775e-01   9.944788e-01   3.048953e-02
  2.011768e-02   8.605734e-06   2.477374e+03   9.915161e-01   9.948965e-01   3.169118e-02
  2.016930e-02  -4.557232e-07   2.463217e+03   9.883792e-01   9.930344e-01   3.172954e-02
  1.970944e-02   1.241388e-05   2.535419e+03   9.941549e-01   9.960959e-01   3.038530e-02
  2.003391e-02  -8.526955e-06   2.495457e+03   9.945944e-01   9.955532e-01   3.076541e-02
  1.951146e-02   1.290716e-05   2.574128e+03   9.991947e-01   9.972263e-01   3.086097e-02
  1.848424e-02  -3.606488e-05   2.687019e+03   9.881038e-01   9.906772e-01   3.133382e-02
  2.036084e-02  -3.257241e-06   2.436252e+03   9.868429e-01   9.910670e-01   3.095234e-02
  2.015457e-02  -9.020532e-06   2.462135e+03   9.872233e-01   9.919437e-01   3.116643e-02
  2.057266e-02  -2.577993e-06   2.405869e+03   9.846742e-01   9.909494e-01   3.054885e-02
  2.038467e-02  -1.327241e-05   2.436650e+03   9.881593e-01   9.930006e-01   3.047361e-02
  2.004049e-02  -1.875981e-06   2.479261e+03   9.884639e-01   9.927345e-01   3.058422e-02
  2.014332e-02  -2.031690e-06   2.471142e+03   9.902823e-01   9.930087e-01   3.062484e-02
  1.950447e-02  -1.345891e-05   2.562624e+03   9.943726e-01   9.943811e-01   3.076792e-02
  1.850328e-02   7.758618e-06   2.709867e+03   9.975319e-01   9.953697e-01   3.291414e-02
  1.985813e-02   2.016687e-05   2.517453e+03   9.945574e-01   9.954628e-01   3.064319e-02
  2.026108e-02   3.046030e-06   2.458634e+03   9.910294e-01   9.941142e-01   3.125831e-02
  2.024412e-02   1.863681e-05   2.465339e+03   9.929002e-01   9.957694e-01   3.136542e-02
  2.017554e-02   4.950537e-06   2.465629e+03   9.896534e-01   9.938177e-01   3.092714e-02
  2.036449e-02   1.242293e-05   2.452120e+03   9.934485e-01   9.955874e-01   3.121742e-02
  1.994918e-02   2.835152e-06   2.505758e+03   9.944758e-01   9.954934e-01   3.055488e-02
  1.966551e-02   9.678949e-06   2.552283e+03   9.985369e-01   9.966477e-01   3.168338e-02
  2.075667e-02   2.207282e-05   2.371406e+03   9.792504e-01   9.854326e-01   3.926338e-02
  2.058551e-02  -1.244717e-05   2.407190e+03   9.858303e-01   9.904338e-01   3.310349e-02
  2.088482e-02  -3.127009e-06   2.372415e+03   9.857153e-01   9.911858e-01   3.264916e-02
  2.005756e-02  -1.479990e-05   2.464778e+03   9.835266e-01   9.903147e-01   3.009916e-02
  2.030797e-02   1.119120e-06   2.445447e+03   9.879951e-01   9.928588e-01   3.097164e-02
  2.068273e-02  -8.273597e-06   2.401674e+03   9.882164e-01   9.926233e-01   3.150805e-02
  1.999558e-02   1.376572e-06   2.490282e+03   9.906328e-01   9.931948e-01   3.066490e-02
  1.991901e-02   1.879104e-05   2.509403e+03   9.944165e-01   9.942958e-01   3.176219e-02
  1.948392e-02  -7.890949e-06   2.544299e+03   9.862219e-01   9.900994e-01   2.823379e-02
  2.020375e-02  -2.357359e-05   2.468601e+03   9.922316e-01   9.942462e-01   3.032331e-02
  2.024568e-02  -1.678624e-07   2.456848e+03   9.895570e-01   9.934767e-01   2.967044e-02
  1.967571e-02  -2.703279e-05   2.540955e+03   9.946206e-01   9.964502e-01   3.079408e-02
  2.023914e-02   3.431901e-07   2.459725e+03   9.903959e-01   9.942493e-01   3.077928e-02
  1.970296e-02  -1.654213e-05   2.535365e+03   9.938073e-01   9.958906e-01   2.976078e-02
  2.013992e-02   4.551734e-06   2.480471e+03   9.938528e-01   9.950209e-01   3.116114e-02
  1.922512e-02  -9.273538e-06   2.610383e+03   9.983974e-01   9.967102e-01   3.039149e-02
  1.953696e-02  -7.109957e-06   2.555635e+03   9.933126e-01   9.937318e-01   3.231369e-02
  2.043832e-02   1.599790e-05   2.427016e+03   9.868429e-01   9.910057e-01   3.180016e-02
  2.023631e-02   6.643366e-06   2.456137e+03   9.888128e-01   9.929126e-01   3.147149e-02
  2.155351e-02   1.223241e-05   2.290837e+03   9.822961e-01   9.895069e-01   3.319675e-02
  2.035900e-02  -1.475047e-06   2.441138e+03   9.887326e-01   9.932929e-01   3.119973e-02
  2.020823e-02   1.457993e-05   2.461247e+03   9.894949e-01   9.933051e-01   3.184512e-02
  2.056036e-02   8.386017e-06   2.422320e+03   9.908148e-01   9.933861e-01   3.140694e-02
  1.952556e-02  -1.494245e-05   2.561634e+03   9.950634e-01   9.945879e-01   3.191751e-02
  1.973124e-02  -4.547134e-05   2.524003e+03   9.907736e-01   9.922707e-01   3.043231e-02
  2.007876e-02  -2.568197e-06   2.488920e+03   9.942097e-01   9.953659e-01   2.946534e-02
  2.045967e-02  -1.927862e-05   2.433377e+03   9.904629e-01   9.939441e-01   3.012089e-02
  1.980847e-02   2.680275e-05   2.527697e+03   9.961076e-01   9.977918e-01   2.861256e-02
  2.012318e-02  -1.953865e-06   2.475568e+03   9.910639e-01   9.946554e-01   3.041436e-02
  2.041826e-02   5.075333e-06   2.442579e+03   9.921959e-01   9.950837e-01   3.077339e-02
  1.991439e-02  -1.166228e-06   2.507664e+03   9.934972e-01   9.949978e-01   3.009261e-02
  1.992240e-02   1.445723e-05   2.511908e+03   9.955785e-01   9.949877e-01   3.181025e-02
  2.033283e-02  -2.296973e-05   2.471745e+03   9.998427e-01   9.979732e-01   3.252631e-02
  2.003442e-02  -5.620181e-06   2.484346e+03   9.901913e-01   9.930075e-01   3.192529e-02
  1.993444e-02  -1.756280e-06   2.498817e+03   9.909887e-01   9.943200e-01   3.094838e-02
  1.967441e-02  -1.413618e-05   2.518294e+03   9.856852e-01   9.914763e-01   3.158318e-02
  2.023748e-02  -1.625377e-06   2.457449e+03   9.893983e-01   9.936499e-01   3.107937e-02
  2.004298e-02   5.015480e-06   2.482604e+03   9.899198e-01   9.935597e-01   3.088320e-02
  1.977200e-02  -1.228886e-05   2.521790e+03   9.919497e-01   9.939006e-01   3.066891e-02
  1.927308e-02   2.333084e-05   2.595395e+03   9.951414e-01   9.947450e-01   3.045187e-02
  1.734878e-02   2.633350e-05   2.874400e+03   9.920793e-01   9.933243e-01   2.296157e-02
  1.998607e-02  -1.197812e-05   2.498708e+03   9.935120e-01   9.949811e-01   2.927568e-02
  2.003146e-02   4.476069e-06   2.488514e+03   9.917055e-01   9.947430e-01   2.982312e-02
  1.985715e-02  -2.138205e-05   2.519436e+03   9.952916e-01   9.969153e-01   2.957222e-02
  2.019019e-02   1.980841e-06   2.466879e+03   9.908739e-01   9.945628e-01   3.055404e-02
  1.993864e-02  -5.356732e-06   2.500562e+03   9.918898e-01   9.946984e-01   3.036330e-02
  2.008450e-02  -2.093897e-06   2.482727e+03   9.920191e-01   9.940902e-01   3.080119e-02
  1.913764e-02  -1.821998e-05   2.614642e+03   9.954759e-01   9.948322e-01   3.061600e-02
  1.810900e-02   4.862959e-06   2.835846e+03   1.021662e+00   1.009651e+00   3.217245e-02
  1.987029e-02   5.175559e-06   2.515715e+03   9.944795e-01   9.953438e-01   3.144102e-02
  2.001209e-02   4.713449e-06   2.493369e+03   9.926799e-01   9.951820e-01   3.058763e-02
  2.099793e-02   2.478426e-05   2.359767e+03   9.857706e-01   9.915365e-01   3.404605e-02
  2.017635e-02   3.174330e-06   2.465596e+03   9.896796e-01   9.938146e-01   3.088640e-02
  2.038940e-02  -5.671655e-06   2.439616e+03   9.895917e-01   9.933205e-01   3.181860e-02
  2.019192e-02   9.138761e-06   2.468673e+03   9.916795e-01   9.937256e-01   3.133867e-02
  1.942944e-02  -3.658896e-06   2.573684e+03   9.948224e-01   9.945702e-01   3.182624e-02
  2.363531e-02   8.786190e-06   2.100910e+03   9.878680e-01   9.907824e-01   3.798525e-02
  2.085985e-02  -5.909472e-06   2.393965e+03   9.934800e-01   9.950939e-01   3.248785e-02
  2.086488e-02  -4.602313e-06   2.392944e+03   9.932959e-01   9.957442e-01   3.229170e-02
  2.081931e-02   3.394914e-06   2.395922e+03   9.923599e-01   9.957224e-01   2.968556e-02
  2.031573e-02  -8.463813e-06   2.451735e+03   9.909142e-01   9.945659e-01   3.092797e-02
  2.026581e-02  -3.692482e-06   2.457886e+03   9.909591e-01   9.942085e-01   3.044176e-02
  2.004693e-02   9.704480e-08   2.486683e+03   9.917418e-01   9.939158e-01   3.057240e-02
  1.922011e-02   1.691657e-05   2.601837e+03   9.948693e-01   9.946450e-01   3.053622e-02
  1.819141e-02  -1.022319e-05   2.861953e+03   1.035760e+00   1.020432e+00   2.036282e-02
  2.007391e-02   6.349058e-06   2.485723e+03   9.926931e-01   9.946278e-01   2.833764e-02
  2.009144e-02   4.803672e-06   2.482027e+03   9.920821e-01   9.950962e-01   2.897992e-02
  1.951927e-02  -3.536516e-06   2.548256e+03   9.895480e-01   9.937741e-01   2.980984e-02
  2.028006e-02   4.503273e-06   2.453347e+03   9.898247e-01   9.939544e-01   3.069744e-02
  1.997798e-02   1.644752e-05   2.493844e+03   9.911762e-01   9.942876e-01   3.066746e-02
  2.013446e-02   1.545154e-06   2.477802e+03   9.925143e-01   9.943913e-01   3.132300e-02
  1.915558e-02  -9.696661e-06   2.613324e+03   9.959071e-01   9.949235e-01   3.219349e-02
  1.704163e-02  -1.859483e-05   2.957632e+03   1.002733e+00   9.974501e-01   3.731365e-02
  1.921955e-02  -7.270290e-06   2.616483e+03   1.000440e+00   9.988316e-01   2.983065e-02
  1.949040e-02  -2.291001e-07   2.570657e+03   9.967699e-01   9.975531e-01   3.082680e-02
  1.981168e-02  -1.709411e-05   2.520834e+03   9.935640e-01   9.959383e-01   3.009100e-02
  2.013472e-02   5.624208e-06   2.475765e+03   9.917108e-01   9.950186e-01   3.078242e-02
  2.023081e-02  -4.080585e-06   2.461231e+03   9.905943e-01   9.939591e-01   3.120162e-02
  2.026610e-02  -1.646551e-06   2.457788e+03   9.909342e-01   9.933106e-01   3.106487e-02
  2.008533e-02  -2.891537e-05   2.484028e+03   9.925802e-01   9.931175e-01   3.326677e-02
  2.103368e-02   1.201153e-04   2.376382e+03   9.944011e-01   9.945855e-01   3.992545e-02
  2.025521e-02   3.399833e-05   2.462879e+03   9.924528e-01   9.942460e-01   3.255470e-02
  2.058266e-02   7.541602e-06   2.415240e+03   9.889900e-01   9.930981e-01   3.177762e-02
  2.036893e-02   1.367690e-05   2.443896e+03   9.903323e-01   9.941671e-01   3.207976e-02
  2.026667e-02   2.855328e-06   2.455811e+03   9.901649e-01   9.941315e-01   3.101860e-02
  2.021779e-02  -1.507608e-05   2.466179e+03   9.919466e-01   9.946800e-01   3.111430e-02
  2.008864e-02   7.074640e-06   2.485253e+03   9.932334e-01   9.947749e-01   3.113412e-02
  1.969213e-02   3.300378e-05   2.543560e+03   9.964714e-01   9.954728e-01   3.229316e-02
  2.625668e-02  -1.109335e-04   1.856679e+03   9.698548e-01   9.818874e-01   3.049519e-02
  2.172523e-02   6.005760e-06   2.283837e+03   9.870965e-01   9.917603e-01   2.390859e-02
  2.046434e-02  -1.062628e-05   2.422658e+03   9.863247e-01   9.916814e-01   2.340855e-02
  2.089506e-02  -1.850217e-05   2.379915e+03   9.893162e-01   9.937452e-01   2.406366e-02
  2.063704e-02  -4.070577e-07   2.411697e+03   9.901483e-01   9.944087e-01   2.274051e-02
  1.912276e-02   5.490380e-06   2.612265e+03   9.937980e-01   9.957176e-01   2.288860e-02
  2.037852e-02  -5.372691e-06   2.451702e+03   9.939631e-01   9.952465e-01   2.296438e-02
  1.971570e-02  -2.568895e-05   2.549500e+03   9.999936e-01   9.974335e-01   2.376099e-02
  2.091370e-02   4.116834e-06   2.416643e+03   1.005480e+00   1.001522e+00   2.041310e-02
  1.900619e-02  -2.185259e-05   2.623986e+03   9.921718e-01   9.941846e-01   2.153288e-02
  1.986374e-02   1.454068e-05   2.511881e+03   9.926364e-01   9.951575e-01   2.214913e-02
  2.007633e-02  -3.797125e-05   2.473368e+03   9.878780e-01   9.928280e-01   2.265752e-02
  1.945566e-02  -9.775270e-06   2.551354e+03   9.875221e-01   9.925862e-01   2.220208e-02
  2.082999e-02  -1.601804e-05   2.380805e+03   9.866045e-01   9.916645e-01   2.364623e-02
  2.006213e-02   6.584059e-07   2.479733e+03   9.897197e-01   9.927708e-01   2.315671e-02
  1.984368e-02  -3.399345e-06   2.508022e+03   9.901105e-01   9.921916e-01   2.379933e-02
  1.940084e-02   1.199892e-05   2.549872e+03   9.841676e-01   9.882665e-01   2.569759e-02
  2.008166e-02   1.514992e-05   2.475287e+03   9.889066e-01   9.920770e-01   2.370992e-02
  2.042246e-02   2.444645e-05   2.430863e+03   9.876399e-01   9.921811e-01   2.423404e-02
  1.982810e-02   1.023560e-05   2.508868e+03   9.896666e-01   9.937803e-01   2.317188e-02
  1.977478e-02  -3.182593e-06   2.517343e+03   9.903398e-01   9.940159e-01   2.311586e-02
  2.009054e-02  -1.576565e-05   2.484808e+03   9.931498e-01   9.954882e-01   2.309697e-02
  1.970647e-02   5.635011e-08   2.533250e+03   9.931552e-01   9.946761e-01   2.248865e-02
  1.853421e-02   7.768474e-06   2.716055e+03   1.001481e+00   9.982059e-01   2.077373e-02
  1.934231e-02  -3.217074e-05   2.594713e+03   9.984536e-01   9.969311e-01   2.167987e-02
  2.051120e-02  -9.596580e-07   2.428848e+03   9.911091e-01   9.935615e-01   2.306520e-02
  2.031106e-02  -1.430711e-05   2.451203e+03   9.904716e-01   9.940355e-01   2.244004e-02
  2.071354e-02   1.674352e-05   2.395365e+03   9.870885e-01   9.922535e-01   2.366468e-02
  2.101016e-02   1.699098e-05   2.358388e+03   9.857681e-01   9.915506e-01   2.427332e-02
  2.024562e-02   4.628693e-06   2.449962e+03   9.867803e-01   9.917675e-01   2.334541e-02
  2.006504e-02  -3.842020e-07   2.481170e+03   9.904364e-01   9.930654e-01   2.384824e-02
  1.994889e-02   3.085369e-06   2.495521e+03   9.903990e-01   9.918474e-01   2.733516e-02
  1.947513e-02   5.140852e-05   2.553650e+03   9.893996e-01   9.912717e-01   2.504361e-02
  2.012982e-02  -1.357925e-05   2.470895e+03   9.895191e-01   9.926047e-01   2.322659e-02
  1.992406e-02  -1.700902e-05   2.495020e+03   9.889672e-01   9.929007e-01   2.337414e-02
  2.039473e-02  -6.566822e-06   2.436586e+03   9.886212e-01   9.933256e-01   2.324141e-02
  2.032769e-02   3.621908e-06   2.447034e+03   9.895967e-01   9.940441e-01   2.232786e-02
  2.007009e-02   1.815023e-05   2.486686e+03   9.928887e-01   9.953168e-01   2.266001e-02
  2.053563e-02   8.733879e-07   2.426483e+03   9.913236e-01   9.937024e-01   2.334064e-02
  2.135178e-02   3.092066e-05   2.348420e+03   9.975622e-01   9.967659e-01   2.137753e-02
  2.134090e-02  -2.764232e-05   2.338621e+03   9.928936e-01   9.935760e-01   2.474388e-02
  2.019350e-02  -3.278526e-06   2.466053e+03   9.907046e-01   9.932945e-01   2.256755e-02
  2.022026e-02   1.064647e-05   2.458168e+03   9.888455e-01   9.930807e-01   2.300009e-02
  2.019605e-02  -1.176588e-05   2.457571e+03   9.874218e-01   9.924842e-01   2.305864e-02
  1.930407e-02   2.380081e-06   2.571639e+03   9.876179e-01   9.923839e-01   2.255412e-02
  2.008074e-02   3.434642e-06   2.472207e+03   9.876310e-01   9.922343e-01   2.353463e-02
  2.020006e-02   2.465844e-06   2.467130e+03   9.914589e-01   9.937959e-01   2.273537e-02
  1.690505e-02  -1.301068e-06   2.966502e+03   9.976799e-01   9.961120e-01   2.067002e-02
  2.079587e-02  -6.983358e-05   2.399511e+03   9.927274e-01   9.938765e-01   2.280377e-02
  1.982727e-02   2.828304e-05   2.510694e+03   9.903455e-01   9.930390e-01   2.275090e-02
  2.041475e-02   5.276981e-07   2.435312e+03   9.890740e-01   9.930908e-01   2.324441e-02
  2.007892e-02   4.798488e-06   2.474083e+03   9.882908e-01   9.929953e-01   2.270579e-02
  2.058741e-02  -1.463973e-05   2.413215e+03   9.883891e-01   9.928702e-01   2.437657e-02
  2.009075e-02   7.325116e-07   2.480578e+03   9.914688e-01   9.943488e-01   2.305180e-02
  1.969292e-02   2.531378e-06   2.533637e+03   9.926237e-01   9.942627e-01   2.334954e-02
  1.722241e-02  -1.060465e-05   2.910673e+03   9.972809e-01   9.949142e-01   2.285578e-02
  1.704814e-02   5.736070e-05   2.933320e+03   9.948702e-01   9.944310e-01   1.960484e-02
  1.980152e-02   7.286988e-06   2.513454e+03   9.901468e-01   9.928662e-01   2.256141e-02
  2.024924e-02  -1.504310e-05   2.453524e+03   9.883918e-01   9.928334e-01   2.276936e-02
  2.036889e-02   1.880776e-05   2.438388e+03   9.880990e-01   9.929102e-01   2.359757e-02
  2.174327e-02  -6.980776e-06   2.280154e+03   9.863230e-01   9.921250e-01   2.414980e-02
  2.116369e-02  -1.551187e-07   2.347322e+03   9.883121e-01   9.927873e-01   2.489456e-02
  2.058147e-02  -1.302379e-06   2.420031e+03   9.908950e-01   9.934038e-01   2.418562e-02
  2.142076e-02   2.226511e-05   2.328837e+03   9.924397e-01   9.928758e-01   3.056073e-02
  1.912454e-02   4.287061e-05   2.610391e+03   9.931772e-01   9.928418e-01   2.576528e-02
  2.011759e-02  -3.693534e-05   2.476124e+03   9.910108e-01   9.933392e-01   2.380757e-02
  1.951019e-02   1.396025e-05   2.551805e+03   9.904650e-01   9.938854e-01   2.216490e-02
  2.007884e-02  -1.911785e-06   2.473695e+03   9.881319e-01   9.928585e-01   2.278806e-02
  1.975513e-02   1.100953e-05   2.517942e+03   9.895909e-01   9.940110e-01   2.188441e-02
  1.979964e-02  -1.413354e-05   2.515022e+03   9.906705e-01   9.942491e-01   2.146111e-02
  2.021636e-02   4.667099e-06   2.467366e+03   9.923542e-01   9.943869e-01   2.304706e-02
  2.144282e-02   3.209144e-06   2.327600e+03   9.929340e-01   9.944035e-01   2.307593e-02
  2.379331e-02  -7.994272e-05   2.091000e+03   9.897808e-01   9.919905e-01   2.721874e-02
  2.073827e-02   1.677390e-06   2.396685e+03   9.888117e-01   9.921352e-01   2.361258e-02
  2.047675e-02   1.278878e-05   2.427174e+03   9.887629e-01   9.926498e-01   2.392405e-02
  2.041838e-02  -1.375262e-05   2.434628e+03   9.889718e-01   9.933648e-01   2.400443e-02
  1.911677e-02   1.837492e-05   2.598348e+03   9.881934e-01   9.928022e-01   2.235685e-02
  1.904436e-02   1.059616e-05   2.617109e+03   9.915582e-01   9.942781e-01   2.308525e-02
  1.950573e-02  -5.230693e-06   2.556839e+03   9.921922e-01   9.941343e-01   2.267707e-02
  1.668165e-02   6.648637e-06   3.015927e+03   1.000899e+00   9.979225e-01   1.956195e-02
  1.909732e-02  -8.315626e-07   2.619322e+03   9.951566e-01   9.958562e-01   2.028961e-02
  2.037198e-02   2.264299e-05   2.445393e+03   9.910877e-01   9.936278e-01   2.344534e-02
  2.097359e-02  -1.437102e-05   2.370684e+03   9.891830e-01   9.933543e-01   2.384028e-02
  2.065688e-02   9.021396e-06   2.401001e+03   9.867048e-01   9.922174e-01   2.334241e-02
  2.068761e-02  -1.024632e-05   2.401724e+03   9.884702e-01   9.930410e-01   2.449013e-02
  2.065738e-02   1.611152e-05   2.406263e+03   9.888914e-01   9.928562e-01   2.441210e-02
  1.998763e-02   6.482099e-06   2.496296e+03   9.926302e-01   9.942513e-01   2.377174e-02
  1.849159e-02  -1.519182e-05   2.702374e+03   9.941453e-01   9.935024e-01   2.600226e-02
  1.744109e-02   6.202139e-05   2.867919e+03   9.951092e-01   9.941139e-01   2.084708e-02
  1.940051e-02  -6.171181e-06   2.562868e+03   9.891668e-01   9.923850e-01   2.193880e-02
  1.960915e-02   1.550219e-06   2.536970e+03   9.897015e-01   9.935810e-01   2.179660e-02
  2.027000e-02   5.557265e-06   2.455172e+03   9.900697e-01   9.940548e-01   2.312582e-02
  2.070326e-02  -1.306313e-05   2.396121e+03   9.869105e-01   9.923184e-01   2.287839e-02
  2.112183e-02  -6.204027e-06   2.356031e+03   9.900171e-01   9.938074e-01   2.440672e-02
  2.082792e-02   2.168858e-06   2.389929e+03   9.902868e-01   9.930865e-01   2.405618e-02
  2.131352e-02  -6.113430e-06   2.345762e+03   9.946474e-01   9.945167e-01   2.616281e-02
  2.362585e-02  -1.543076e-05   2.112296e+03   9.928244e-01   9.937936e-01   2.860878e-02
  2.025001e-02  -1.376094e-05   2.462928e+03   9.922180e-01   9.939812e-01   2.384058e-02
  1.941788e-02   2.549311e-06   2.566593e+03   9.914915e-01   9.942643e-01   2.336710e-02
  2.017620e-02  -9.729401e-06   2.459415e+03   9.871917e-01   9.924377e-01   2.305176e-02
  1.919145e-02   4.779933e-06   2.593800e+03   9.903176e-01   9.939588e-01   2.243196e-02
  2.032887e-02  -5.880001e-06   2.444680e+03   9.887020e-01   9.930276e-01   2.259192e-02
  1.994255e-02  -5.062288e-06   2.502427e+03   9.928242e-01   9.945364e-01   2.285863e-02
  1.985638e-02   2.895070e-05   2.516430e+03   9.940657e-01   9.942083e-01   2.506247e-02
  2.115082e-02  -1.104443e-04   2.364079e+03   9.947622e-01   9.952566e-01   1.993623e-02
  2.099530e-02  -1.086497e-05   2.366974e+03   9.886572e-01   9.919830e-01   2.359984e-02
  2.150704e-02  -2.744771e-05   2.308381e+03   9.876849e-01   9.923077e-01   2.508010e-02
  1.980733e-02  -4.227056e-06   2.513822e+03   9.905823e-01   9.943234e-01   2.275209e-02
  2.083992e-02  -3.789285e-06   2.377670e+03   9.857750e-01   9.914391e-01   2.538994e-02
  1.960450e-02  -5.630608e-06   2.540644e+03   9.908997e-01   9.942196e-01   2.260391e-02
  2.034641e-02  -3.892134e-06   2.443744e+03   9.891762e-01   9.923490e-01   2.401484e-02
  2.131986e-02  -3.118490e-05   2.338979e+03   9.920663e-01   9.933996e-01   2.479463e-02
  1.557572e-02  -2.349033e-05   3.235738e+03   1.002656e+00   9.982786e-01   2.143342e-02
  1.965645e-02   2.583860e-05   2.541798e+03   9.939768e-01   9.954119e-01   2.369543e-02
  2.050177e-02  -1.272428e-05   2.431069e+03   9.915593e-01   9.949934e-01   2.190872e-02
  2.021451e-02   1.339890e-05   2.455693e+03   9.875688e-01   9.925066e-01   2.382979e-02
  2.131073e-02  -1.108966e-05   2.330681e+03   9.881238e-01   9.931687e-01   2.266012e-02
  1.931107e-02  -5.647087e-06   2.573886e+03   9.888396e-01   9.927149e-01   2.235337e-02
  2.037576e-02  -4.641628e-06   2.446809e+03   9.918454e-01   9.941190e-01   2.260353e-02
  1.873330e-02  -1.558519e-05   2.673176e+03   9.962584e-01   9.958629e-01   1.999385e-02
  1.807915e-02   6.955798e-05   2.747331e+03   9.881415e-01   9.899074e-01   2.404476e-02
  1.843072e-02   3.286597e-06   2.695183e+03   9.882361e-01   9.917270e-01   2.094789e-02
  1.787043e-02   4.597839e-05   2.788534e+03   9.913820e-01   9.941924e-01   2.171524e-02
  2.034601e-02  -3.953065e-06   2.444088e+03   9.892959e-01   9.934830e-01   2.327797e-02
  1.948817e-02   1.745352e-05   2.552478e+03   9.896082e-01   9.938029e-01   2.246341e-02
  2.105558e-02   2.009572e-05   2.363367e+03   9.899850e-01   9.933988e-01   2.547329e-02
  1.950851e-02  -4.183091e-06   2.552460e+03   9.906342e-01   9.931170e-01   2.281976e-02
  1.749320e-02   3.104883e-05   2.859861e+03   9.952778e-01   9.937697e-01   2.437332e-02
  2.101162e-02   3.560382e-05   2.398137e+03   1.002452e+00   9.987952e-01   2.919021e-02
  1.986146e-02  -1.982287e-05   2.525101e+03   9.977461e-01   9.971602e-01   2.596145e-02
  2.051065e-02   2.683874e-05   2.428300e+03   9.908591e-01   9.939642e-01   2.585888e-02
  2.083319e-02  -8.529104e-06   2.384629e+03   9.883411e-01   9.933407e-01   2.464329e-02
  1.965375e-02   1.244617e-05   2.526253e+03   9.877623e-01   9.925597e-01   2.276404e-02
  2.158440e-02   1.257955e-05   2.297553e+03   9.865880e-01   9.921073e-01   2.393933e-02
  1.992156e-02   1.472101e-05   2.501891e+03   9.915668e-01   9.937199e-01   2.340973e-02
  2.131600e-02   1.484215e-05   2.333617e+03   9.896129e-01   9.916289e-01   2.795433e-02
  2.271352e-02  -7.130600e-07   2.171485e+03   9.812313e-01   9.865122e-01   2.691063e-02
  2.209934e-02   6.609478e-06   2.232500e+03   9.815240e-01   9.878433e-01   2.357678e-02
  2.190578e-02  -5.015647e-05   2.264606e+03   9.869194e-01   9.919024e-01   2.428166e-02
  1.987414e-02  -7.020686e-06   2.499602e+03   9.883013e-01   9.930934e-01   2.136951e-02
  2.016294e-02  -1.719420e-05   2.468458e+03   9.901703e-01   9.938150e-01   2.419339e-02
  1.883850e-02  -3.526817e-05   2.646823e+03   9.919764e-01   9.947726e-01   2.088523e-02
  2.075213e-02   8.276157e-06   2.398067e+03   9.900431e-01   9.927535e-01   2.442083e-02
  2.062797e-02  -2.571860e-05   2.426669e+03   9.958574e-01   9.957549e-01   2.212559e-02
  2.081481e-02  -6.754056e-05   2.428968e+03   1.005829e+00   1.002248e+00   2.453979e-02
  2.011400e-02   9.864187e-06   2.506986e+03   1.003184e+00   1.001007e+00   2.467250e-02
  2.047660e-02  -1.778896e-05   2.439414e+03   9.937419e-01   9.961406e-01   2.422864e-02
  1.999198e-02   2.663685e-05   2.494523e+03   9.921411e-01   9.952279e-01   2.462374e-02
  2.145520e-02   9.449296e-06   2.313755e+03   9.875979e-01   9.928348e-01   2.543762e-02
  1.995434e-02  -1.162240e-05   2.493338e+03   9.898027e-01   9.933703e-01   2.417637e-02
  2.083533e-02  -3.861456e-06   2.391442e+03   9.912663e-01   9.939079e-01   2.372735e-02
  1.798124e-02  -2.477691e-05   2.777623e+03   9.936264e-01   9.936693e-01   2.352185e-02
  1.681420e-02  -3.197447e-05   2.938256e+03   9.828701e-01   9.878437e-01   1.603002e-02
  1.872065e-02  -1.961269e-05   2.627392e+03   9.785340e-01   9.860382e-01   2.040503e-02
  1.988462e-02   2.114607e-05   2.493239e+03   9.863053e-01   9.915333e-01   2.153978e-02
  1.978441e-02  -2.227489e-06   2.505034e+03   9.859772e-01   9.915418e-01   2.198502e-02
  2.023874e-02  -3.497294e-06   2.456349e+03   9.890168e-01   9.936536e-01   2.185108e-02
  2.009508e-02   3.382687e-05   2.478891e+03   9.910084e-01   9.941301e-01   2.252013e-02
  1.957082e-02  -3.059148e-06   2.547622e+03   9.919145e-01   9.939247e-01   2.226346e-02
  1.965944e-02   1.892573e-05   2.545663e+03   9.956395e-01   9.951312e-01   2.312551e-02
  1.921326e-02   1.170848e-04   2.680310e+03   1.024510e+00   1.010946e+00   2.799037e-02
  1.956775e-02   3.684498e-07   2.590533e+03   1.008464e+00   1.003186e+00   2.606362e-02
  1.976372e-02   2.573240e-05   2.538037e+03   9.979224e-01   9.981411e-01   2.399712e-02
  2.006474e-02  -1.998197e-05   2.489834e+03   9.938803e-01   9.959778e-01   2.591143e-02
  1.960336e-02  -2.679190e-06   2.541359e+03   9.911206e-01   9.945637e-01   2.357886e-02
  2.058828e-02   2.613684e-05   2.419928e+03   9.911805e-01   9.943103e-01   2.604482e-02
  2.022279e-02  -1.063358e-05   2.466432e+03   9.922942e-01   9.942358e-01   2.387858e-02
  1.829466e-02   2.383523e-05   2.733324e+03   9.948224e-01   9.944182e-01   2.323644e-02
  2.325504e-02   6.165697e-05   2.098147e+03   9.706958e-01   9.800420e-01   2.782399e-02
  2.286356e-02   1.603848e-05   2.135092e+03   9.711599e-01   9.819575e-01   2.575379e-02
  2.050845e-02  -7.573551e-06   2.413937e+03   9.848928e-01   9.908173e-01   2.395729e-02
  2.238190e-02  -3.592535e-05   2.203547e+03   9.811814e-01   9.889060e-01   2.465097e-02
  2.038387e-02   6.046006e-07   2.434809e+03   9.873739e-01   9.924047e-01   2.342723e-02
  2.171080e-02  -2.917529e-05   2.284169e+03   9.865841e-01   9.920163e-01   2.355866e-02
  1.976961e-02   1.244932e-05   2.522556e+03   9.921313e-01   9.942089e-01   2.251399e-02
  1.929374e-02  -1.175012e-05   2.593637e+03   9.955334e-01   9.945561e-01   2.445287e-02
  1.767841e-02  -9.567265e-05   2.933035e+03   1.031551e+00   1.016612e+00   2.232792e-02
  1.927518e-02  -4.582188e-06   2.629457e+03   1.008311e+00   1.003901e+00   2.036355e-02
  1.957009e-02  -2.324091e-05   2.563428e+03   9.980313e-01   9.983097e-01   2.301367e-02
  2.011247e-02   8.608296e-05   2.492823e+03   9.974403e-01   9.988117e-01   2.164126e-02
  2.030654e-02   3.653625e-06   2.454090e+03   9.914176e-01   9.948684e-01   2.372982e-02
  1.983610e-02  -3.161417e-05   2.517516e+03   9.934787e-01   9.958308e-01   2.160757e-02
  1.962900e-02   2.614089e-05   2.542698e+03   9.929404e-01   9.945017e-01   2.334816e-02
  2.046681e-02  -1.328178e-05   2.439244e+03   9.931973e-01   9.937215e-01   2.572551e-02
  1.985495e-02   1.119233e-05   2.452793e+03   9.688570e-01   9.791468e-01   2.697614e-02
  1.938034e-02  -5.396657e-06   2.532407e+03   9.763938e-01   9.846139e-01   2.436928e-02
  2.129451e-02   9.722699e-06   2.320295e+03   9.829717e-01   9.894690e-01   2.541994e-02
  1.796587e-02  -4.927841e-06   2.752599e+03   9.838329e-01   9.902321e-01   2.262059e-02
  2.047646e-02  -7.554090e-06   2.423610e+03   9.872966e-01   9.924532e-01   2.324263e-02
  1.924143e-02   3.609308e-05   2.586050e+03   9.899297e-01   9.934168e-01   2.338373e-02
  1.993786e-02  -1.902789e-05   2.503162e+03   9.928820e-01   9.944752e-01   2.307370e-02
  2.057396e-02   5.234467e-05   2.434817e+03   9.965847e-01   9.957876e-01   2.386196e-02
  1.986595e-02   1.908957e-06   2.590036e+03   1.023636e+00   1.012028e+00   2.254535e-02
  2.052788e-02  -1.282923e-05   2.461401e+03   1.005210e+00   1.001785e+00   2.319431e-02
  2.154569e-02  -1.469663e-05   2.322192e+03   9.953795e-01   9.971778e-01   2.336240e-02
  1.966976e-02  -9.384798e-05   2.539875e+03   9.938977e-01   9.957505e-01   2.435711e-02
  2.035944e-02  -2.052181e-06   2.448553e+03   9.917576e-01   9.951009e-01   2.343982e-02
  2.004769e-02  -6.237444e-06   2.482722e+03   9.901993e-01   9.937226e-01   2.338954e-02
  2.126487e-02  -3.896949e-05   2.346020e+03   9.924866e-01   9.943438e-01   2.506217e-02
  1.971912e-02  -1.292819e-05   2.538506e+03   9.958548e-01   9.953979e-01   2.387918e-02
  1.986408e-02  -1.281304e-04   2.471806e+03   9.768164e-01   9.842431e-01   2.380392e-02
  2.113964e-02   8.343012e-06   2.325679e+03   9.780869e-01   9.860361e-01   2.483755e-02
  1.923540e-02  -9.558011e-06   2.577095e+03   9.861928e-01   9.914978e-01   2.238650e-02
  2.266526e-02   1.720225e-05   2.175397e+03   9.809104e-01   9.887890e-01   2.536778e-02
  2.018030e-02   2.100338e-06   2.458019e+03   9.868315e-01   9.921869e-01   2.299914e-02
  2.064696e-02  -1.764142e-05   2.409840e+03   9.898616e-01   9.935409e-01   2.349089e-02
  2.130190e-02   1.426698e-05   2.339679e+03   9.915273e-01   9.939764e-01   2.358110e-02
  1.770548e-02  -6.034717e-05   2.827517e+03   9.959629e-01   9.948988e-01   2.203424e-02
  1.667142e-02  -8.875779e-05   3.060753e+03   1.015152e+00   1.005793e+00   2.293946e-02
  1.977803e-02  -1.418836e-05   2.545578e+03   1.001612e+00   9.997905e-01   2.116144e-02
  1.959417e-02   1.703480e-06   2.546972e+03   9.928444e-01   9.950751e-01   2.277652e-02
  1.964855e-02   5.860759e-05   2.551173e+03   9.972421e-01   9.987755e-01   2.077561e-02
  2.006648e-02  -4.788503e-06   2.484776e+03   9.919476e-01   9.950536e-01   2.339009e-02
  2.117634e-02   1.260382e-05   2.353199e+03   9.913792e-01   9.945522e-01   2.398609e-02
  1.894485e-02   1.655633e-05   2.639928e+03   9.949781e-01   9.958248e-01   2.203193e-02
  1.945099e-02   1.785883e-05   2.577220e+03   9.972944e-01   9.960463e-01   2.476398e-02
  2.182666e-02   3.301642e-04   2.189360e+03   9.506805e-01   9.702983e-01   4.465273e-02
  2.027803e-02   2.590134e-05   2.438017e+03   9.835416e-01   9.890859e-01   2.472550e-02
  2.124713e-02   2.623090e-05   2.331098e+03   9.853509e-01   9.909909e-01   2.556041e-02
  1.870781e-02   4.794019e-05   2.640312e+03   9.826714e-01   9.895588e-01   2.379064e-02
  2.088403e-02   2.633238e-06   2.372513e+03   9.857188e-01   9.916139e-01   2.398008e-02
  2.040930e-02   1.076256e-05   2.437857e+03   9.898437e-01   9.937810e-01   2.266965e-02
  1.951669e-02  -3.528866e-06   2.554130e+03   9.916976e-01   9.937431e-01   2.258900e-02
  1.912335e-02  -1.444522e-06   2.616595e+03   9.954755e-01   9.949062e-01   2.203524e-02
  2.609059e-02  -1.954851e-05   1.845847e+03   9.580976e-01   9.747458e-01   3.323928e-02
  1.985363e-02   1.918632e-05   2.522152e+03   9.961879e-01   9.965544e-01   2.188484e-02
  1.984861e-02   1.191173e-05   2.497638e+03   9.862564e-01   9.916337e-01   2.221711e-02
  2.063663e-02  -8.743457e-05   2.418015e+03   9.927226e-01   9.955056e-01   2.289894e-02
  2.030384e-02   4.842123e-06   2.453597e+03   9.910868e-01   9.947454e-01   2.278236e-02
  1.883312e-02  -1.561677e-05   2.649632e+03   9.927457e-01   9.953170e-01   2.171489e-02
  2.057757e-02  -5.029811e-06   2.429215e+03   9.944665e-01   9.955085e-01   2.406784e-02
  2.000162e-02  -1.245974e-05   2.511840e+03   9.995107e-01   9.970846e-01   2.625386e-02
  2.222163e-02  -4.178530e-04   2.167245e+03   9.581073e-01   9.775389e-01   1.515305e-02
  2.046040e-02  -4.993496e-05   2.434709e+03   9.910406e-01   9.937077e-01   2.384310e-02
  1.992252e-02  -3.500616e-05   2.492695e+03   9.879695e-01   9.923437e-01   2.216196e-02
  2.193601e-02  -3.785278e-05   2.257331e+03   9.851061e-01   9.913312e-01   2.551533e-02
  1.953584e-02  -5.648832e-06   2.539214e+03   9.868740e-01   9.922569e-01   2.250862e-02
  1.976462e-02  -1.437386e-05   2.517616e+03   9.899381e-01   9.932325e-01   2.328562e-02
  2.021483e-02   2.897784e-06   2.461708e+03   9.900037e-01   9.929817e-01   2.300284e-02
  2.073136e-02   5.595661e-05   2.402317e+03   9.908051e-01   9.926698e-01   2.391691e-02
  1.377839e-02   1.837581e-04   3.694145e+03   1.012611e+00   1.002637e+00   8.551532e-03
  1.913297e-02  -1.202096e-05   2.632997e+03   1.002220e+00   9.997208e-01   2.025617e-02
  2.043337e-02   2.632038e-06   2.434288e+03   9.895601e-01   9.932162e-01   2.246112e-02
  2.001803e-02   3.636273e-05   2.491796e+03   9.923479e-01   9.957116e-01   2.133618e-02
  1.992464e-02  -1.908125e-06   2.499562e+03   9.907969e-01   9.942765e-01   2.305337e-02
  2.172581e-02   1.778317e-05   2.292782e+03   9.909891e-01   9.943295e-01   2.549255e-02
  1.953646e-02  -5.802237e-07   2.560992e+03   9.953691e-01   9.959172e-01   2.258813e-02
  2.000459e-02   6.044019e-06   2.520103e+03   1.002947e+00   9.994424e-01   2.209595e-02
  1.984950e-02   2.142810e-04   2.551851e+03   1.007709e+00   1.002984e+00   5.298546e-02
  2.063493e-02   5.148071e-05   2.414349e+03   9.911359e-01   9.933932e-01   3.006448e-02
  2.046652e-02   1.215529e-05   2.438518e+03   9.928877e-01   9.954428e-01   2.512835e-02
  1.928305e-02   4.874097e-05   2.576921e+03   9.885694e-01   9.929777e-01   2.374169e-02
  2.143102e-02   5.972038e-06   2.313057e+03   9.861870e-01   9.917875e-01   2.502854e-02
  2.004246e-02   4.386518e-06   2.479776e+03   9.887663e-01   9.932075e-01   2.164528e-02
  2.031911e-02  -1.368610e-06   2.447527e+03   9.893783e-01   9.924475e-01   2.388701e-02
  2.057693e-02  -4.749964e-05   2.420443e+03   9.908443e-01   9.921429e-01   2.489296e-02
  5.001212e-02  -8.311755e-05   9.335337e+02   9.288283e-01   9.566808e-01   3.342151e-02
  2.289870e-02  -3.198106e-05   2.164709e+03   9.861443e-01   9.909886e-01   2.169624e-02
  2.045369e-02   2.689286e-05   2.432567e+03   9.898437e-01   9.938970e-01   1.588811e-02
  2.493034e-02   3.877156e-05   1.981732e+03   9.828861e-01   9.907201e-01   2.018934e-02
  2.062489e-02  -9.916865e-05   2.408635e+03   9.883094e-01   9.931400e-01   1.705887e-02
  2.122146e-02   3.134202e-05   2.342033e+03   9.887772e-01   9.931805e-01   1.842799e-02
  1.972172e-02  -3.440458e-05   2.525587e+03   9.909171e-01   9.933680e-01   1.581541e-02
  2.794465e-02   2.808094e-05   1.778045e+03   9.884884e-01   9.922947e-01   2.284031e-02
  2.157875e-02  -3.258622e-04   2.248082e+03   9.650914e-01   9.791894e-01   6.884901e-03
  2.102896e-02  -4.568339e-05   2.367289e+03   9.903740e-01   9.936181e-01   1.557786e-02
  1.807774e-02   9.309983e-06   2.744650e+03   9.871001e-01   9.915320e-01   1.513807e-02
  2.083701e-02  -4.387731e-05   2.389361e+03   9.904840e-01   9.952698e-01   1.422779e-02
  2.164134e-02  -3.106865e-05   2.297131e+03   9.890085e-01   9.934751e-01   1.765919e-02
  2.151195e-02   5.270761e-05   2.313817e+03   9.902367e-01   9.938728e-01   1.686910e-02
  1.961899e-02  -1.361496e-05   2.550188e+03   9.953574e-01   9.959163e-01   1.669377e-02
  2.168262e-02  -8.645394e-05   2.313304e+03   9.978712e-01   9.976471e-01   1.531790e-02
  1.353136e-02  -5.907163e-06   3.697410e+03   9.953350e-01   9.935538e-01   9.964724e-03
  1.913480e-02   5.912804e-05   2.603316e+03   9.910167e-01   9.933051e-01   1.703199e-02
  2.009535e-02   5.930388e-06   2.475106e+03   9.895085e-01   9.926624e-01   1.846581e-02
  1.812728e-02   3.193178e-05   2.742837e+03   9.891514e-01   9.931751e-01   1.529994e-02
  2.010809e-02   7.264692e-05   2.470807e+03   9.884160e-01   9.935909e-01   1.537038e-02
  2.107674e-02  -3.204387e-05   2.361890e+03   9.903601e-01   9.943731e-01   1.658313e-02
  2.040320e-02  -8.849462e-06   2.438118e+03   9.896533e-01   9.926637e-01   1.696897e-02
  1.725571e-02   7.187882e-06   2.893520e+03   9.933208e-01   9.940619e-01   1.463856e-02
  1.944295e-02   1.626228e-06   2.526567e+03   9.772894e-01   9.832606e-01   2.051333e-02
  2.106252e-02  -8.834152e-07   2.354544e+03   9.866139e-01   9.908713e-01   1.721875e-02
  2.353954e-02  -3.221346e-05   2.100156e+03   9.835120e-01   9.902546e-01   1.902735e-02
  2.054586e-02   2.373751e-05   2.418832e+03   9.886903e-01   9.930023e-01   1.837332e-02
  1.856663e-02   2.629332e-05   2.682259e+03   9.907497e-01   9.942737e-01   1.606633e-02
  1.880290e-02   8.073866e-06   2.649417e+03   9.910726e-01   9.943180e-01   1.491086e-02
  2.022865e-02   4.832699e-05   2.475151e+03   9.960905e-01   9.963762e-01   1.701723e-02
  1.663153e-02   1.040781e-04   3.021381e+03   9.996958e-01   9.967407e-01   1.395881e-02
  2.116950e-02   1.243937e-04   2.363156e+03   9.952523e-01   9.947677e-01   1.701879e-02
  2.168681e-02  -1.737963e-05   2.299140e+03   9.919532e-01   9.945279e-01   1.683866e-02
  2.095038e-02   1.510064e-07   2.376779e+03   9.906283e-01   9.946090e-01   1.542279e-02
  2.180739e-02  -2.540369e-05   2.272846e+03   9.860609e-01   9.920995e-01   1.745197e-02
  2.006546e-02  -8.696523e-05   2.471801e+03   9.867172e-01   9.917040e-01   1.676131e-02
  1.909054e-02   1.036440e-05   2.609772e+03   9.911759e-01   9.939409e-01   1.696387e-02
  2.036505e-02   2.720435e-05   2.440803e+03   9.888908e-01   9.923009e-01   1.712832e-02
  1.992481e-02  -2.148054e-04   2.506958e+03   9.937367e-01   9.933174e-01   2.221134e-02
  2.004437e-02   3.358985e-05   2.460581e+03   9.812060e-01   9.863276e-01   2.110435e-02
  1.810062e-02  -1.061333e-05   2.745370e+03   9.886087e-01   9.923740e-01   1.367851e-02
  1.900408e-02   2.587715e-05   2.611658e+03   9.874003e-01   9.919765e-01   1.541806e-02
  1.998435e-02  -1.271069e-05   2.487615e+03   9.890164e-01   9.936900e-01   1.507666e-02
  2.145256e-02   2.717581e-05   2.318353e+03   9.894385e-01   9.937367e-01   1.848692e-02
  2.054845e-02  -2.660379e-06   2.417507e+03   9.882732e-01   9.926272e-01   1.689269e-02
  2.010019e-02  -5.938498e-05   2.488134e+03   9.949563e-01   9.958546e-01   1.637949e-02
  2.461183e-02  -1.602299e-04   2.021117e+03   9.896132e-01   9.925198e-01   2.108642e-02
  2.517685e-02  -2.090814e-04   1.990638e+03   9.970660e-01   9.979586e-01   1.629866e-02
  1.667804e-02  -2.742043e-07   3.005019e+03   9.970627e-01   9.957182e-01   1.474150e-02
  2.026353e-02   4.352315e-06   2.462748e+03   9.928078e-01   9.953347e-01   1.674036e-02
  1.939880e-02   1.931725e-06   2.564458e+03   9.896931e-01   9.935024e-01   1.606390e-02
  2.141082e-02   1.211801e-04   2.312923e+03   9.852003e-01   9.916114e-01   1.629631e-02
  2.024209e-02   2.009083e-05   2.460553e+03   9.908735e-01   9.940654e-01   1.683022e-02
  2.033586e-02  -9.218987e-06   2.443647e+03   9.886238e-01   9.920819e-01   1.718533e-02
  2.218882e-02   3.113032e-04   2.250194e+03   9.933087e-01   9.951809e-01   1.643442e-02
  1.653882e-02  -4.357964e-06   3.010687e+03   9.906043e-01   9.921142e-01   1.074105e-02
  2.356439e-02  -6.147694e-06   2.105075e+03   9.868566e-01   9.907460e-01   2.252644e-02
  2.083786e-02  -5.868402e-05   2.379105e+03   9.862725e-01   9.916894e-01   1.651542e-02
  2.066101e-02   9.868716e-07   2.404374e+03   9.882883e-01   9.928806e-01   1.811258e-02
  1.900458e-02  -5.822081e-05   2.623327e+03   9.918383e-01   9.951612e-01   1.495068e-02
  2.175245e-02  -1.722503e-05   2.280396e+03   9.868444e-01   9.919118e-01   1.779339e-02
  1.982140e-02   2.952446e-05   2.517795e+03   9.928526e-01   9.944461e-01   1.568903e-02
  1.733119e-02   1.679513e-04   2.887243e+03   9.955011e-01   9.950242e-01   1.435227e-02
  1.551949e-02   2.861319e-04   3.239709e+03   1.000262e+00   9.961372e-01   1.938999e-02
  2.328419e-02   4.660010e-05   2.140625e+03   9.915897e-01   9.951787e-01   1.656257e-02
  1.902541e-02   1.237714e-05   2.625277e+03   9.936634e-01   9.954884e-01   1.539665e-02
  2.087703e-02   1.039804e-05   2.376190e+03   9.869153e-01   9.925900e-01   1.684990e-02
  1.829370e-02  -1.146847e-04   2.712686e+03   9.872592e-01   9.922134e-01   1.530734e-02
  2.155567e-02  -7.334938e-05   2.307252e+03   9.894338e-01   9.939278e-01   1.635690e-02
  2.047559e-02  -1.601596e-05   2.430055e+03   9.898801e-01   9.927471e-01   1.750332e-02
  1.844928e-02  -2.837583e-04   2.702995e+03   9.920988e-01   9.930710e-01   1.878538e-02
  2.504126e-02  -6.526017e-05   1.969265e+03   9.810486e-01   9.869205e-01   2.146787e-02
  1.703455e-02   1.739242e-05   2.929192e+03   9.926788e-01   9.944659e-01   1.307998e-02
  2.023736e-02   8.185728e-05   2.452159e+03   9.872625e-01   9.916800e-01   1.792476e-02
  1.966597e-02   2.366929e-05   2.529912e+03   9.898079e-01   9.939904e-01   1.486108e-02
  2.018310e-02   4.640457e-05   2.470141e+03   9.918356e-01   9.948986e-01   1.823188e-02
  1.844755e-02   4.299745e-05   2.696042e+03   9.894537e-01   9.932857e-01   1.448571e-02
  2.068880e-02  -2.246560e-05   2.409143e+03   9.915809e-01   9.941339e-01   1.605411e-02
  1.922740e-02  -1.182168e-04   2.601079e+03   9.949568e-01   9.938140e-01   1.819451e-02
  1.958804e-02  -2.929961e-04   2.582732e+03   1.006469e+00   1.002732e+00   1.247710e-02
  1.915071e-02  -4.229960e-05   2.605614e+03   9.927162e-01   9.938760e-01   1.859985e-02
  2.117446e-02  -2.839559e-05   2.354098e+03   9.916695e-01   9.949693e-01   1.667666e-02
  1.944242e-02  -6.991548e-06   2.558928e+03   9.897798e-01   9.936023e-01   1.677610e-02
  2.249606e-02   8.841055e-05   2.199784e+03   9.845022e-01   9.910292e-01   1.797171e-02
  1.950229e-02   8.638940e-05   2.552797e+03   9.904489e-01   9.934080e-01   1.709057e-02
  1.935407e-02   5.668308e-05   2.574853e+03   9.914135e-01   9.937293e-01   1.618668e-02
  2.281794e-02   2.690345e-04   2.182362e+03   9.906801e-01   9.928624e-01   2.168113e-02
  1.234548e-02   1.507336e-04   4.022089e+03   9.878475e-01   9.885443e-01   1.376710e-02
  2.227642e-02  -1.117258e-05   2.230643e+03   9.885658e-01   9.920666e-01   1.684130e-02
  1.985888e-02  -7.780811e-05   2.503939e+03   9.892560e-01   9.931762e-01   1.595384e-02
  2.111062e-02  -2.667423e-05   2.353719e+03   9.885207e-01   9.929261e-01   1.758882e-02
  2.048864e-02  -7.706351e-05   2.435787e+03   9.928478e-01   9.962379e-01   1.593318e-02
  2.184343e-02  -2.395998e-05   2.272664e+03   9.876115e-01   9.923211e-01   1.759316e-02
  2.009533e-02  -6.029499e-06   2.478264e+03   9.907701e-01   9.931214e-01   1.667158e-02
  1.950341e-02   3.740606e-05   2.565017e+03   9.952468e-01   9.950672e-01   1.362641e-02
  2.490258e-02   1.392575e-04   2.026791e+03   1.004115e+00   1.000079e+00   2.865174e-02
  2.100316e-02   8.537912e-05   2.390261e+03   9.987579e-01   9.986505e-01   1.694042e-02
  2.127256e-02   1.023645e-04   2.345520e+03   9.926338e-01   9.955051e-01   1.872267e-02
  2.202096e-02  -2.131585e-05   2.259493e+03   9.898679e-01   9.945935e-01   1.811371e-02
  1.875592e-02   1.556001e-05   2.643349e+03   9.863317e-01   9.916127e-01   1.525698e-02
  2.076651e-02  -7.265874e-05   2.398198e+03   9.907830e-01   9.943378e-01   1.650582e-02
  2.097189e-02  -2.422490e-05   2.374053e+03   9.905083e-01   9.931473e-01   1.704338e-02
  1.974469e-02   1.144837e-05   2.534216e+03   9.954605e-01   9.947086e-01   1.991309e-02
  2.996941e-02  -4.779415e-04   1.637112e+03   9.760830e-01   9.861647e-01   1.763548e-02
  1.871496e-02  -3.835449e-05   2.657501e+03   9.894468e-01   9.928283e-01   1.379421e-02
  2.122536e-02   5.040347e-05   2.336714e+03   9.867128e-01   9.921354e-01   1.473422e-02
  1.832820e-02   9.409280e-06   2.710707e+03   9.883993e-01   9.934066e-01   1.316651e-02
  2.150180e-02   1.079944e-04   2.322374e+03   9.934296e-01   9.959355e-01   1.840354e-02
  2.030095e-02  -3.201300e-05   2.448262e+03   9.887908e-01   9.930342e-01   1.608727e-02
  2.005138e-02   2.877467e-05   2.485137e+03   9.913452e-01   9.936592e-01   1.624215e-02
  2.203911e-02  -1.186126e-04   2.256692e+03   9.894559e-01   9.921638e-01   1.722501e-02
  1.662899e-02  -2.663886e-05   3.082249e+03   1.019680e+00   1.009930e+00   1.256148e-02
  1.892318e-02  -1.243736e-04   2.659614e+03   1.001251e+00   9.985966e-01   1.883066e-02
  1.745035e-02  -1.915241e-04   2.877704e+03   9.990345e-01   9.987573e-01   1.386120e-02
  1.839275e-02   2.545780e-05   2.718407e+03   9.946982e-01   9.960093e-01   1.706825e-02
  2.186848e-02  -7.466938e-05   2.259960e+03   9.832173e-01   9.909032e-01   1.625772e-02
  1.946759e-02   7.325048e-05   2.561795e+03   9.921712e-01   9.948622e-01   1.508734e-02
  2.020836e-02  -4.009825e-05   2.464357e+03   9.907518e-01   9.931360e-01   1.623351e-02
  1.889158e-02  -1.685766e-04   2.655449e+03   9.980135e-01   9.965968e-01   1.351244e-02
  1.654986e-02   2.330674e-04   2.986702e+03   9.833687e-01   9.872422e-01   1.490934e-02
  2.239914e-02   1.322665e-05   2.206466e+03   9.832383e-01   9.891851e-01   1.809604e-02
  1.716798e-02   2.305702e-05   2.900334e+03   9.905974e-01   9.924581e-01   1.699309e-02
  2.306816e-02   1.776409e-05   2.144099e+03   9.839840e-01   9.904868e-01   1.924898e-02
  1.724072e-02  -7.900516e-05   2.905118e+03   9.964361e-01   9.975037e-01   1.402931e-02
  1.877504e-02   6.613100e-05   2.650259e+03   9.899183e-01   9.928755e-01   1.661459e-02
  2.053619e-02  -5.137061e-05   2.427772e+03   9.918771e-01   9.940157e-01   1.658159e-02
  1.775014e-02   2.088199e-04   2.819614e+03   9.956845e-01   9.945826e-01   1.696830e-02
  2.036354e-02   1.794598e-04   2.512410e+03   1.017827e+00   1.007201e+00   2.165672e-02
  2.059643e-02   1.855244e-04   2.449505e+03   1.003692e+00   1.001356e+00   1.642595e-02
  2.406219e-02   2.094762e-04   2.073199e+03   9.924447e-01   9.952660e-01   2.364005e-02
  2.205291e-02  -2.850652e-05   2.264961e+03   9.937035e-01   9.969902e-01   1.725647e-02
  2.000836e-02   2.105758e-05   2.469345e+03   9.829320e-01   9.896373e-01   1.915850e-02
  2.206539e-02  -1.088345e-04   2.254776e+03   9.897950e-01   9.934590e-01   1.966800e-02
  1.918069e-02   7.434985e-05   2.597260e+03   9.910824e-01   9.934626e-01   1.615338e-02
  1.873789e-02   9.816265e-05   2.663825e+03   9.930165e-01   9.929101e-01   1.851528e-02
  2.276043e-02  -2.820365e-06   2.148935e+03   9.730472e-01   9.820121e-01   2.393781e-02
  1.922210e-02  -1.080679e-05   2.574523e+03   9.845273e-01   9.895958e-01   1.667038e-02
  2.445342e-02  -2.863658e-05   2.019215e+03   9.823184e-01   9.905210e-01   1.579819e-02
  1.842793e-02  -3.883880e-05   2.687750e+03   9.853613e-01   9.915477e-01   1.326750e-02
  2.152297e-02   1.022687e-04   2.320035e+03   9.934060e-01   9.963212e-01   1.620123e-02
  2.358783e-02  -6.568084e-05   2.102531e+03   9.866439e-01   9.924502e-01   1.675279e-02
  1.976158e-02   4.261059e-05   2.519779e+03   9.906363e-01   9.930076e-01   1.676078e-02
  2.364526e-02  -1.998121e-04   2.110830e+03   9.929503e-01   9.939705e-01   2.094037e-02
  2.135615e-02  -2.619589e-04   2.379313e+03   1.010892e+00   1.005402e+00   1.361180e-02
  2.051553e-02  -1.574118e-04   2.452260e+03   1.000874e+00   9.994507e-01   1.792547e-02
  1.761235e-02  -8.822827e-05   2.854581e+03   1.000207e+00   9.998047e-01   1.350284e-02
  1.795225e-02   1.210986e-05   2.794004e+03   9.978749e-01   9.980329e-01   1.702437e-02
  2.001586e-02   6.964916e-06   2.473118e+03   9.848028e-01   9.910022e-01   1.879794e-02
  1.908701e-02   5.913740e-05   2.619796e+03   9.947992e-01   9.970428e-01   1.391817e-02
  2.101047e-02  -7.393978e-05   2.368972e+03   9.902066e-01   9.929571e-01   1.743745e-02
  2.123905e-02  -7.567761e-06   2.347109e+03   9.917418e-01   9.937295e-01   1.543300e-02
  1.641876e-02  -1.140223e-04   3.006036e+03   9.818938e-01   9.873574e-01   1.218695e-02
  2.092127e-02  -8.664162e-06   2.357413e+03   9.811918e-01   9.876322e-01   1.538152e-02
  1.722383e-02  -2.326821e-05   2.871004e+03   9.837700e-01   9.894100e-01   1.503401e-02
  2.229298e-02  -1.452622e-06   2.208520e+03   9.794892e-01   9.871988e-01   1.854117e-02
  2.085565e-02  -9.662965e-05   2.374682e+03   9.852795e-01   9.915577e-01   1.590494e-02
  1.638976e-02   2.614349e-05   3.035645e+03   9.898145e-01   9.927332e-01   1.401860e-02
  2.108203e-02  -1.333213e-05   2.359144e+03   9.894571e-01   9.927541e-01   1.701105e-02
  1.777616e-02  -1.466120e-05   2.819482e+03   9.970969e-01   9.955115e-01   1.448535e-02
  1.602042e-02   2.189410e-04   3.176674e+03   1.012457e+00   1.001031e+00   2.931295e-02
  1.901874e-02   1.941526e-04   2.666327e+03   1.008847e+00   1.003534e+00   1.735312e-02
  2.035352e-02   3.203816e-05   2.463392e+03   9.974773e-01   9.970884e-01   1.954824e-02
  2.397798e-02   1.303585e-04   2.092849e+03   9.983452e-01   1.000398e+00   1.920843e-02
  2.026894e-02   1.315388e-05   2.456045e+03   9.903701e-01   9.942412e-01   1.619842e-02
  2.102535e-02   7.347685e-05   2.375545e+03   9.936577e-01   9.950583e-01   1.956892e-02
  2.003188e-02   5.683183e-06   2.487100e+03   9.911630e-01   9.939000e-01   1.545852e-02
  1.893585e-02  -5.821291e-07   2.633995e+03   9.922700e-01   9.928236e-01   1.774482e-02
  2.667731e-02   1.151869e-05   1.747287e+03   9.273345e-01   9.551649e-01   4.483600e-02
  2.070686e-02  -5.065299e-05   2.380718e+03   9.807366e-01   9.881091e-01   2.385571e-02
  2.420344e-02  -3.651506e-05   2.029233e+03   9.771002e-01   9.867368e-01   2.103264e-02
  1.626729e-02  -1.602402e-05   3.029860e+03   9.805463e-01   9.889757e-01   1.127561e-02
  1.956204e-02   2.826805e-05   2.537460e+03   9.875146e-01   9.923872e-01   1.595887e-02
  2.595217e-02  -5.554777e-05   1.912416e+03   9.873840e-01   9.929250e-01   2.068012e-02
  1.729099e-02  -2.694398e-05   2.885693e+03   9.926592e-01   9.941339e-01   1.412648e-02
  1.782792e-02   1.169900e-04   2.806126e+03   9.952632e-01   9.943087e-01   1.610685e-02
  2.781213e-02  -1.182100e-04   1.718391e+03   9.507939e-01   9.757083e-01   1.288294e-02
  2.150255e-02  -1.812743e-04   2.324362e+03   9.943149e-01   9.960532e-01   1.748664e-02
  1.947969e-02   1.603825e-05   2.559334e+03   9.918341e-01   9.955123e-01   1.304882e-02
  9.895512e-03  -1.483369e-04   5.119160e+03   1.007783e+00   1.001669e+00   1.244880e-02
  2.010211e-02  -1.649606e-06   2.478359e+03   9.911424e-01   9.946495e-01   1.697119e-02
  2.010474e-02  -1.082100e-04   2.483857e+03   9.934710e-01   9.965907e-01   1.354381e-02
  1.903344e-02   2.013635e-05   2.619734e+03   9.919839e-01   9.929579e-01   1.829346e-02
  2.258913e-02   3.738899e-05   2.205150e+03   9.909866e-01   9.922297e-01   2.028259e-02
  1.635744e-02   6.767356e-05   3.044356e+03   9.906970e-01   9.932152e-01   8.411378e-03
  2.106044e-02   7.794321e-05   2.338775e+03   9.799094e-01   9.869099e-01   1.663524e-02
  1.899063e-02   9.251621e-05   2.610230e+03   9.861619e-01   9.908481e-01   1.733239e-02
  2.477617e-02  -1.314041e-05   1.973682e+03   9.728402e-01   9.827722e-01   3.067891e-02
  2.147827e-02  -7.587568e-06   2.311301e+03   9.876113e-01   9.931146e-01   1.832597e-02
  1.840837e-02   4.149631e-05   2.712190e+03   9.932659e-01   9.950944e-01   1.768881e-02
  2.503770e-02   1.038626e-04   1.984458e+03   9.884768e-01   9.923599e-01   2.107060e-02
  2.250790e-02  -9.151534e-05   2.220012e+03   9.940782e-01   9.950320e-01   1.676195e-02
  1.818278e-02  -9.330875e-05   2.738266e+03   9.905264e-01   9.893888e-01   2.521918e-02
  1.921909e-02   7.883431e-05   2.620724e+03   1.002038e+00   9.997303e-01   1.430761e-02
  2.317632e-02  -9.669548e-05   2.149586e+03   9.911276e-01   9.946161e-01   1.805207e-02
  2.391479e-02   2.510582e-04   2.102860e+03   1.000477e+00   1.002575e+00   1.315305e-02
  2.021018e-02  -5.693261e-06   2.462757e+03   9.901978e-01   9.944265e-01   1.581130e-02
  2.244372e-02   3.954004e-05   2.210212e+03   9.868675e-01   9.921226e-01   1.828203e-02
  2.188900e-02   3.811332e-05   2.276870e+03   9.915039e-01   9.949297e-01   1.512021e-02
  1.555124e-02  -6.442630e-05   3.207878e+03   9.924599e-01   9.927976e-01   1.472234e-02
  4.393661e-02  -2.648448e-04   1.108438e+03   9.688754e-01   9.835619e-01   3.139072e-02
  1.973540e-02  -1.817605e-05   2.510189e+03   9.855585e-01   9.903694e-01   1.977464e-02
  2.077116e-02  -6.617277e-05   2.386651e+03   9.862335e-01   9.921656e-01   1.652398e-02
  1.276344e-02  -2.064339e-05   3.880406e+03   9.853149e-01   9.909777e-01   1.307246e-02
  1.986356e-02  -2.252249e-06   2.501721e+03   9.886122e-01   9.929872e-01   1.662142e-02
  1.970410e-02   5.108712e-05   2.529778e+03   9.916747e-01   9.950715e-01   1.467359e-02
  1.706347e-02  -1.218680e-04   2.929883e+03   9.945981e-01   9.955529e-01   1.393515e-02
  1.918919e-02   3.594745e-05   2.610189e+03   9.964576e-01   9.952308e-01   1.684754e-02
  2.344234e-02   1.281579e-04   2.067194e+03   9.640783e-01   9.837232e-01   5.481693e-03
  1.953201e-02  -6.257065e-05   2.542468e+03   9.879447e-01   9.919011e-01   1.303044e-02
  1.726080e-02   6.688334e-05   2.879373e+03   9.887555e-01   9.929165e-01   1.283516e-02
  1.102112e-02  -1.390584e-04   4.570332e+03   1.002083e+00   9.988166e-01   9.942567e-03
  2.047133e-02   2.898448e-05   2.426706e+03   9.883105e-01   9.931590e-01   1.650998e-02
  1.818054e-02   6.998230e-06   2.738631e+03   9.905363e-01   9.933366e-01   1.548385e-02
  1.900396e-02  -5.645186e-05   2.624521e+03   9.922570e-01   9.935669e-01   1.687877e-02
  2.002568e-02   8.992422e-06   2.497804e+03   9.951206e-01   9.945606e-01   1.684169e-02
  1.731267e-02   2.846978e-04   3.122782e+03   1.075563e+00   1.044040e+00   2.663425e-02
  2.007316e-02  -1.344007e-06   2.505022e+03   1.000363e+00   9.985267e-01   2.211315e-02
  1.816776e-02   1.982877e-05   2.747387e+03   9.930047e-01   9.941915e-01   1.661967e-02
  2.277797e-02   9.478721e-05   2.168389e+03   9.826124e-01   9.887385e-01   3.324148e-02
  2.005059e-02   9.280949e-06   2.478929e+03   9.888295e-01   9.932487e-01   1.653089e-02
  2.165697e-02  -1.158831e-04   2.298137e+03   9.901564e-01   9.936055e-01   1.951247e-02
  2.146047e-02   9.977758e-05   2.322602e+03   9.916172e-01   9.939228e-01   1.814864e-02
  2.047820e-02  -5.322848e-06   2.440752e+03   9.943647e-01   9.939222e-01   1.969716e-02
  9.499048e-02   4.850951e-05   4.679504e+02   8.843211e-01   9.423503e-01   2.558530e-02
  2.385138e-02   5.969754e-07   2.060897e+03   9.779122e-01   9.867753e-01   2.726539e-02
  2.378228e-02  -6.579168e-05   2.089697e+03   9.887054e-01   9.932912e-01   2.250738e-02
  2.702172e-02   1.630764e-04   1.826751e+03   9.820247e-01   9.915474e-01   1.672430e-02
  2.057593e-02  -6.584127e-05   2.412578e+03   9.875770e-01   9.928593e-01   1.705860e-02
  2.254928e-02  -4.294921e-05   2.200026e+03   9.869396e-01   9.924171e-01   1.712108e-02
  1.988672e-02   2.371253e-05   2.506979e+03   9.918454e-01   9.940199e-01   1.567538e-02
  2.431913e-02   1.040118e-04   2.054897e+03   9.941869e-01   9.955211e-01   1.729482e-02
  4.736763e-02  -7.142187e-04   1.222631e+03   1.152145e+00   1.108744e+00   2.204849e-02
  2.358003e-02   1.211261e-05   2.091973e+03   9.813649e-01   9.896744e-01   1.234641e-02
  2.230650e-02   3.028678e-05   2.226605e+03   9.881090e-01   9.936187e-01   1.521632e-02
  1.599845e-02  -3.952373e-05   3.119958e+03   9.930170e-01   9.960240e-01   1.102606e-02
  2.058210e-02  -9.564980e-06   2.414707e+03   9.887449e-01   9.935069e-01   1.646299e-02
  1.968677e-02   1.545809e-04   2.534025e+03   9.924656e-01   9.955521e-01   1.473663e-02
  2.010644e-02  -3.952531e-05   2.481796e+03   9.927308e-01   9.944089e-01   1.738042e-02
  1.666231e-02  -3.251674e-05   3.009880e+03   9.977332e-01   9.967266e-01   1.313649e-02
  3.585689e-02  -1.273797e-04   1.269952e+03   9.059207e-01   9.456116e-01   2.875458e-02
  1.600126e-02  -9.751356e-06   3.161577e+03   1.006440e+00   1.002001e+00   1.201871e-02
  1.847872e-02   1.592680e-05   2.707061e+03   9.951765e-01   9.963053e-01   1.566054e-02
  1.512515e-02  -1.131497e-04   3.301144e+03   9.933320e-01   9.949130e-01   1.369629e-02
  2.008439e-02   9.303329e-05   2.473913e+03   9.884917e-01   9.932576e-01   1.646301e-02
  1.881082e-02   2.349352e-05   2.645678e+03   9.900905e-01   9.933237e-01   1.641967e-02
  2.072557e-02   1.433289e-05   2.403738e+03   9.911143e-01   9.935023e-01   1.691436e-02
  1.065370e-02  -4.790568e-05   4.715605e+03   9.994663e-01   9.956543e-01   1.211288e-02
  2.938103e-02   7.840604e-04   1.715206e+03   1.002567e+00   1.003758e+00   7.562284e-02
  1.924151e-02   1.230510e-04   2.592958e+03   9.925784e-01   9.937386e-01   2.302221e-02
  2.094182e-02  -2.149266e-05   2.366613e+03   9.859882e-01   9.913501e-01   1.897394e-02
  2.016761e-02   5.683645e-05   2.469336e+03   9.907512e-01   9.935345e-01   2.205086e-02
  2.009923e-02   2.678300e-05   2.474935e+03   9.896311e-01   9.938815e-01   1.699691e-02
  2.025767e-02  -1.586938e-04   2.460281e+03   9.915267e-01   9.942451e-01   1.753689e-02
  2.011395e-02   2.464272e-05   2.482925e+03   9.935532e-01   9.952304e-01   1.675159e-02
  2.052503e-02   6.745921e-05   2.440815e+03   9.966640e-01   9.942725e-01   2.540314e-02
  5.025295e-02  -2.483171e-04   7.691144e+02   7.689227e-01   8.752802e-01   2.817080e-01
  2.491351e-02   3.557938e-04   1.949468e+03   9.662314e-01   9.770925e-01   1.755697e-02
  2.257639e-02  -1.008940e-04   2.172572e+03   9.757955e-01   9.863995e-01   1.356203e-02
  2.214647e-02  -1.116230e-05   2.231609e+03   9.832250e-01   9.905391e-01   1.627397e-02
  2.565429e-02   7.727278e-05   1.931732e+03   9.859093e-01   9.925184e-01   1.413065e-02
  2.138994e-02   7.186075e-05   2.333410e+03   9.929578e-01   9.971606e-01   9.034503e-03
  2.340041e-02  -2.147147e-05   2.125831e+03   9.896519e-01   9.934249e-01   1.134689e-02
  1.941098e-02   6.436898e-06   2.580344e+03   9.964492e-01   9.940782e-01   2.287271e-02
  5.525232e-02  -1.583230e-03   9.149182e+02   1.005687e+00   1.026026e+00   5.048041e-03
  1.622622e-02  -1.606838e-04   3.068159e+03   9.904333e-01   9.931730e-01   5.210521e-03
  1.829413e-02   1.010954e-05   2.733977e+03   9.950316e-01   9.966016e-01   7.444575e-03
  2.412878e-02  -3.741710e-04   2.053802e+03   9.858798e-01   9.929827e-01   9.990043e-03
  2.276702e-02  -6.622797e-05   2.177037e+03   9.860571e-01   9.932385e-01   9.265136e-03
  1.716003e-02  -3.854667e-05   2.888874e+03   9.862264e-01   9.910057e-01   9.283172e-03
  2.060709e-02   1.722881e-05   2.413530e+03   9.894628e-01   9.932553e-01   1.075140e-02
  3.301518e-02  -4.534801e-04   1.493852e+03   9.811860e-01   9.896727e-01   1.592604e-02
  8.249546e-03  -1.559705e-05   5.969786e+03   9.797582e-01   9.846724e-01   1.112061e-02
  1.509112e-02   1.915697e-05   3.302060e+03   9.913720e-01   9.923146e-01   1.183224e-02
  1.909024e-02   2.479490e-04   2.597649e+03   9.865564e-01   9.909196e-01   1.376269e-02
  1.743054e-02   3.784211e-06   2.856163e+03   9.904302e-01   9.941649e-01   9.491676e-03
  1.460458e-02  -1.152663e-04   3.417788e+03   9.930344e-01   9.951590e-01   7.640256e-03
  2.008510e-02  -1.395971e-04   2.488155e+03   9.942178e-01   9.961191e-01   1.116781e-02
  1.768777e-02   6.337673e-06   2.818354e+03   9.917421e-01   9.933853e-01   8.842682e-03
  2.017757e-02  -1.661722e-04   2.499880e+03   1.003502e+00   1.002027e+00   6.394874e-03
  1.615382e-02   2.324226e-04   3.120689e+03   1.002896e+00   9.983748e-01   8.306222e-03
  2.183614e-02   1.116942e-04   2.276353e+03   9.888849e-01   9.915875e-01   1.434590e-02
  2.309760e-02   6.838854e-06   2.147495e+03   9.867997e-01   9.919825e-01   1.287659e-02
  2.032676e-02   1.752736e-04   2.438724e+03   9.861910e-01   9.911746e-01   1.284913e-02
  2.213437e-02   5.365473e-05   2.232285e+03   9.829848e-01   9.890065e-01   1.770041e-02
  1.993621e-02  -5.887790e-05   2.480796e+03   9.839293e-01   9.898575e-01   1.090291e-02
  1.974887e-02  -9.020411e-06   2.523244e+03   9.913603e-01   9.929769e-01   1.393521e-02
  9.613504e-03   5.888824e-05   5.180270e+03   9.907504e-01   9.892708e-01   1.096068e-02
  2.151357e-02   1.259952e-04   2.303297e+03   9.858086e-01   9.892410e-01   1.749153e-02
  2.355797e-02  -1.906768e-04   2.108532e+03   9.882076e-01   9.928736e-01   1.251224e-02
  2.336935e-02  -2.383206e-04   2.125016e+03   9.879594e-01   9.935713e-01   1.201441e-02
  2.366284e-02  -2.473174e-05   2.095523e+03   9.864827e-01   9.925345e-01   1.337077e-02
  3.059604e-02   1.585682e-04   1.616888e+03   9.841820e-01   9.930695e-01   1.225754e-02
  2.005830e-02   1.044268e-04   2.495159e+03   9.956864e-01   9.970858e-01   1.089046e-02
  2.236671e-02  -3.657805e-06   2.216729e+03   9.863812e-01   9.913050e-01   1.208430e-02
  2.557634e-02   3.595684e-04   1.953197e+03   9.938354e-01   9.946041e-01   2.490470e-02
  1.848264e-02   4.211773e-05   2.694151e+03   9.906405e-01   9.923694e-01   8.358239e-03
  2.280745e-02  -1.892230e-04   2.177957e+03   9.882259e-01   9.925657e-01   1.065647e-02
  1.600162e-02   3.695430e-05   3.100117e+03   9.868976e-01   9.920331e-01   7.267696e-03
  2.179912e-02  -1.169067e-04   2.270580e+03   9.847042e-01   9.916290e-01   1.102326e-02
  1.408635e-02   2.446226e-05   3.534038e+03   9.903756e-01   9.946137e-01   4.383098e-03
  1.939722e-02   5.621144e-05   2.552272e+03   9.849102e-01   9.907491e-01   1.094739e-02
  1.824422e-02   1.539740e-05   2.739265e+03   9.942362e-01   9.956808e-01   8.878724e-03
  4.676359e-02   9.414459e-05   1.061106e+03   9.871806e-01   9.951027e-01   1.651369e-02
  1.371432e-02  -2.664057e-04   3.653165e+03   9.967214e-01   9.949612e-01   1.155798e-02
  2.039769e-02   3.384274e-04   2.444005e+03   9.917751e-01   9.951064e-01   1.142394e-02
  1.912828e-02   1.237987e-04   2.603939e+03   9.909158e-01   9.920847e-01   1.530803e-02
  1.990688e-02  -5.653908e-06   2.496738e+03   9.887947e-01   9.932443e-01   1.016493e-02
  1.427408e-02  -1.064033e-04   3.487257e+03   9.902896e-01   9.916454e-01   1.453778e-02
  1.805394e-02   3.899658e-05   2.768472e+03   9.943567e-01   9.947634e-01   1.116890e-02
  1.698513e-02  -3.678803e-07   2.942465e+03   9.942838e-01   9.945314e-01   1.160855e-02
  2.397269e-02  -2.877279e-04   2.083858e+03   9.938367e-01   9.976972e-01   6.927660e-03
  2.569077e-02  -2.438916e-04   1.939572e+03   9.913186e-01   9.918584e-01   1.605919e-02
  1.815073e-02   1.977009e-04   2.740456e+03   9.895714e-01   9.917939e-01   9.534811e-03
  3.359599e-02  -2.029387e-04   1.463231e+03   9.779813e-01   9.887853e-01   1.739632e-02
  2.117032e-02   9.572198e-05   2.343139e+03   9.868599e-01   9.922894e-01   1.151404e-02
  3.240022e-02  -1.395034e-04   1.519411e+03   9.793850e-01   9.892399e-01   2.024866e-02
  2.566492e-02   3.128406e-05   1.925165e+03   9.829647e-01   9.902190e-01   1.747418e-02
  2.047555e-02  -7.769266e-06   2.428407e+03   9.892069e-01   9.916674e-01   1.567988e-02
  2.018840e-03  -2.881464e-05   2.492708e+04   1.001160e+00   9.954658e-01   5.921072e-03
  2.801477e-02   4.640157e-04   1.771543e+03   9.873450e-01   9.927807e-01   1.460204e-02
  2.018746e-02  -3.424066e-04   2.469752e+03   9.918937e-01   9.939940e-01   1.470542e-02
  2.201028e-02  -7.849731e-06   2.260299e+03   9.897413e-01   9.965275e-01   6.436328e-03
  1.866018e-02   3.725279e-06   2.662428e+03   9.883798e-01   9.929386e-01   9.761393e-03
  2.986621e-02   6.742049e-05   1.658524e+03   9.854445e-01   9.947312e-01   1.067768e-02
  2.452065e-02  -1.775478e-04   2.027649e+03   9.891332e-01   9.955905e-01   8.337181e-03
  2.378384e-02   3.436620e-05   2.093638e+03   9.906350e-01   9.945262e-01   1.370944e-02
  2.583703e-02   9.571116e-05   1.913949e+03   9.837918e-01   9.875574e-01   4.294907e-02
  9.299155e-03  -1.375400e-05   5.363064e+03   9.921713e-01   9.929110e-01   1.087909e-02
  1.863089e-02  -1.012020e-04   2.664537e+03   9.876103e-01   9.910073e-01   1.127000e-02
  1.299908e-02   1.521933e-04   3.834022e+03   9.915104e-01   9.929207e-01   7.481545e-03
  1.875759e-02  -9.304995e-05   2.653039e+03   9.900357e-01   9.932305e-01   1.270176e-02
  1.474810e-02   1.537969e-04   3.371882e+03   9.893241e-01   9.933301e-01   5.556011e-03
  1.308328e-02  -2.402883e-05   3.820314e+03   9.943650e-01   9.956664e-01   6.743821e-03
  1.686576e-02  -6.070362e-05   2.954188e+03   9.912292e-01   9.938175e-01   8.858822e-03
  7.001953e-02   2.917646e-04   7.028010e+02   9.789978e-01   9.953932e-01   2.425414e-02
  2.366971e-02  -4.852738e-04   2.114325e+03   9.956226e-01   9.953652e-01   1.667791e-02
  2.277691e-02   2.261882e-04   2.189428e+03   9.921004e-01   9.946469e-01   1.693262e-02
  2.281483e-02  -7.164717e-05   2.176132e+03   9.877173e-01   9.918860e-01   1.709141e-02
  2.372067e-02   4.188382e-05   2.084107e+03   9.835059e-01   9.905584e-01   1.366556e-02
  1.987005e-02  -8.262553e-06   2.502821e+03   9.893706e-01   9.927306e-01   1.709879e-02
  1.529982e-02   1.624822e-04   3.256952e+03   9.913518e-01   9.920911e-01   1.277280e-02
  1.669432e-02   1.490818e-06   2.996546e+03   9.952219e-01   9.948591e-01   1.114487e-02
  2.079606e-02  -5.448550e-05   2.397663e+03   9.919718e-01   9.991806e-01   2.218908e-03
  2.407999e-02   3.912538e-04   2.061498e+03   9.875735e-01   9.923318e-01   1.177146e-02
  2.098562e-02   3.053110e-05   2.354714e+03   9.830828e-01   9.895849e-01   7.753583e-03
  2.417377e-02  -4.756051e-05   2.051232e+03   9.864825e-01   9.932093e-01   9.998295e-03
  2.222877e-02   1.193684e-04   2.240787e+03   9.909373e-01   9.955856e-01   1.069690e-02
  2.948204e-02  -1.906469e-04   1.671191e+03   9.801982e-01   9.904111e-01   1.185287e-02
  2.506775e-02   3.092987e-05   1.976276e+03   9.855827e-01   9.912090e-01   1.808528e-02
  2.118163e-02   7.535232e-05   2.343138e+03   9.873870e-01   9.911911e-01   1.312922e-02
  4.541745e-03  -4.570756e-05   1.107507e+04   1.000689e+00   9.950177e-01   5.896850e-03
  1.671245e-02   5.195902e-04   3.001971e+03   9.981063e-01   9.939614e-01   1.929810e-02
  1.270775e-02  -9.014302e-05   3.948434e+03   9.982139e-01   9.969898e-01   7.724664e-03
  1.582861e-02   7.029152e-05   3.163697e+03   9.962488e-01   9.965841e-01   1.181026e-02
  1.864375e-02  -1.152097e-04   2.656718e+03   9.853918e-01   9.913829e-01   9.735847e-03
  1.431354e-02   3.961383e-05   3.500873e+03   9.969044e-01   9.986589e-01   5.159167e-03
  2.578626e-02  -9.030856e-05   1.920789e+03   9.853675e-01   9.929920e-01   1.146490e-02
  2.000665e-02  -2.297181e-05   2.498496e+03   9.944505e-01   9.956097e-01   1.081228e-02
  1.754963e-02   1.381680e-04   2.852256e+03   9.958331e-01   9.928927e-01   2.127803e-02
  4.868847e-02  -6.812119e-04   1.010955e+03   9.792379e-01   9.906628e-01   2.975511e-02
  1.059568e-02  -3.015257e-06   4.704109e+03   9.916001e-01   9.906000e-01   7.018996e-03
  2.454528e-02  -1.769557e-04   2.007454e+03   9.802656e-01   9.879321e-01   1.640855e-02
  1.940360e-02  -1.455383e-04   2.571001e+03   9.924640e-01   9.951200e-01   1.106723e-02
  1.495738e-02   9.802831e-05   3.300607e+03   9.821538e-01   9.861984e-01   1.721516e-02
  1.956046e-02  -4.787652e-05   2.545213e+03   9.904516e-01   9.951401e-01   8.066453e-03
  1.981810e-02  -1.054747e-05   2.502964e+03   9.868402e-01   9.907735e-01   1.304041e-02
  2.926140e-02  -1.049081e-04   1.684281e+03   9.804821e-01   9.879285e-01   2.153908e-02
  5.376448e-02  -7.793273e-04   9.222887e+02   9.864894e-01   1.001588e+00   1.450977e-02
  2.096367e-02   2.095184e-04   2.374978e+03   9.905057e-01   9.930297e-01   2.529343e-02
  3.515240e-02  -2.319030e-04   1.407908e+03   9.845989e-01   9.940595e-01   1.465574e-02
  1.809290e-02   1.828949e-04   2.738614e+03   9.857553e-01   9.913709e-01   1.087183e-02
  3.530599e-02  -2.458525e-04   1.396643e+03   9.809882e-01   9.897914e-01   2.135044e-02
  1.246799e-02  -5.572681e-05   3.999976e+03   9.921653e-01   9.938851e-01   6.162141e-03
  2.286771e-02   2.416232e-05   2.178127e+03   9.909140e-01   9.939013e-01   1.270960e-02
  3.801835e-02  -2.869940e-04   1.308695e+03   9.898327e-01   9.957760e-01   1.098644e-02
  1.441240e-02   2.241813e-04   3.423535e+03   9.816151e-01   9.899087e-01   1.645097e-03
  2.405464e-02   3.687541e-05   2.056357e+03   9.840736e-01   9.902064e-01   1.286498e-02
  1.983525e-02   3.029668e-04   2.518470e+03   9.938129e-01   9.978989e-01   4.320664e-03
  2.013872e-02   1.310860e-04   2.478036e+03   9.928181e-01   9.944762e-01   1.459044e-02
  2.861160e-02  -5.200406e-05   1.733753e+03   9.868686e-01   9.970813e-01   9.404638e-03
  1.817599e-02   1.138356e-04   2.743395e+03   9.920110e-01   9.924656e-01   1.850084e-02
  2.030643e-02  -8.138453e-05   2.447769e+03   9.888587e-01   9.931832e-01   9.013593e-03
  2.319735e-02   7.601666e-05   2.149735e+03   9.920957e-01   9.954256e-01   9.526155e-03
  1.160318e-02   2.551262e-04   4.385777e+03   1.012403e+00   9.991974e-01   1.579628e-02
  1.895319e-02  -1.688432e-04   2.655206e+03   1.001177e+00   9.995556e-01   1.258708e-02
  1.783602e-02   2.847675e-04   2.782753e+03   9.874219e-01   9.903966e-01   1.976116e-02
  2.922545e-02  -2.114420e-04   1.684757e+03   9.795546e-01   9.902345e-01   1.796137e-02
  1.121840e-02   1.285633e-04   4.433415e+03   9.894630e-01   9.939440e-01   2.464747e-03
  3.158154e-02   2.507146e-04   1.558216e+03   9.790192e-01   9.894556e-01   1.603057e-02
  1.529743e-02   3.377900e-06   3.272273e+03   9.958598e-01   9.951179e-01   1.009072e-02
  9.660652e-03   1.744656e-04   5.164368e+03   9.925532e-01   9.920063e-01   1.014336e-02
  2.313861e-02   5.173298e-05   2.091604e+03   9.628241e-01   9.761118e-01   2.440790e-02
  2.222914e-02   8.951487e-06   2.202888e+03   9.741934e-01   9.830960e-01   1.093893e-02
  3.440142e-02  -4.074886e-04   1.431218e+03   9.795176e-01   9.898701e-01   1.717935e-02
  2.116657e-02  -1.471899e-04   2.351365e+03   9.901492e-01   9.958392e-01   6.339935e-03
  1.279871e-02  -2.312573e-05   3.927549e+03   1.000041e+00   9.960435e-01   1.383773e-02
  2.166455e-02  -1.693978e-04   2.300652e+03   9.915866e-01   9.966871e-01   7.778644e-03
  1.961807e-02   1.335285e-04   2.533842e+03   9.889312e-01   9.915028e-01   1.386739e-02
  1.971989e-02   4.668239e-05   2.536891e+03   9.952599e-01   9.941920e-01   1.310942e-02
  3.695478e-02  -5.099576e-04   1.349023e+03   9.917913e-01   9.973610e-01   2.192542e-02
  2.434816e-02   1.090291e-04   2.084672e+03   1.009797e+00   1.006747e+00   1.300435e-02
  3.192510e-02  -3.599092e-04   1.553443e+03   9.866378e-01   9.958124e-01   1.761797e-02
  1.596346e-02   1.841747e-04   3.129197e+03   9.937794e-01   9.960545e-01   1.111544e-02
  3.219849e-02   9.864676e-06   1.530467e+03   9.803692e-01   9.897947e-01   2.376744e-02
  1.574528e-02  -2.729565e-04   3.170882e+03   9.932545e-01   9.952627e-01   7.891607e-03
  2.483069e-02   4.209753e-05   2.005227e+03   9.905639e-01   9.942083e-01   1.422105e-02
  2.100950e-02  -2.522946e-04   2.376169e+03   9.931691e-01   9.932707e-01   1.540459e-02
  3.509523e-02  -3.658807e-04   1.385575e+03   9.674052e-01   9.843617e-01   4.030491e-03
  1.483350e-02  -9.257424e-05   3.266412e+03   9.639284e-01   9.785270e-01   5.460712e-03
  2.069734e-02   1.607759e-04   2.384833e+03   9.819799e-01   9.907161e-01   5.362562e-03
  1.907360e-02   2.153272e-04   2.602519e+03   9.875446e-01   9.922706e-01   8.190736e-03
  2.697648e-02  -5.514511e-07   1.838949e+03   9.869268e-01   9.947672e-01   9.009436e-03
  1.534934e-02   1.176322e-04   3.269137e+03   9.982815e-01   9.968308e-01   8.905839e-03
  2.040501e-02  -6.376366e-05   2.441942e+03   9.912936e-01   9.943251e-01   9.065406e-03
  2.463168e-02  -6.889599e-05   2.024973e+03   9.923010e-01   9.935557e-01   1.697652e-02
  1.589064e-02   4.693063e-04   3.355950e+03   1.060931e+00   1.029625e+00   2.043466e-02
  1.473427e-02  -6.412568e-05   3.504244e+03   1.027195e+00   1.009968e+00   1.905284e-02
  1.759356e-02   2.247126e-04   2.867944e+03   1.003817e+00   1.000250e+00   1.132954e-02
  1.876366e-02  -3.008654e-04   2.664111e+03   9.944894e-01   9.949587e-01   1.878464e-02
  1.577894e-02  -3.659492e-05   3.165919e+03   9.938202e-01   9.961691e-01   8.437005e-03
  2.353814e-02   4.667781e-04   2.115628e+03   9.906987e-01   9.937792e-01   2.449727e-02
  1.729051e-02  -1.761105e-04   2.892897e+03   9.951100e-01   9.953416e-01   1.055586e-02
  3.045611e-02   3.876639e-05   1.634697e+03   9.904714e-01   9.948803e-01   1.283803e-02
  4.546214e-02   8.381016e-04   1.001567e+03   9.058581e-01   9.531199e-01   4.445490e-02
  3.168703e-02   1.571909e-04   1.485477e+03   9.364348e-01   9.611165e-01   2.003192e-02
  2.141382e-02  -8.104169e-05   2.302626e+03   9.809518e-01   9.885015e-01   1.493240e-02
  3.471366e-02  -8.519860e-04   1.404938e+03   9.702594e-01   9.826618e-01   2.243639e-02
  1.931797e-02  -1.080051e-05   2.566166e+03   9.862256e-01   9.909382e-01   1.242267e-02
  3.285528e-02  -9.677406e-05   1.488466e+03   9.729132e-01   9.863519e-01   1.728061e-02
  2.036128e-02   1.184042e-05   2.446909e+03   9.911811e-01   9.933482e-01   1.321883e-02
  1.734228e-02   9.657980e-05   2.886855e+03   9.960048e-01   9.963033e-01   6.212248e-03
  4.815811e-02  -9.136314e-04   1.145444e+03   1.097421e+00   1.069321e+00   4.165305e-02
  1.977728e-02  -1.277424e-05   2.586337e+03   1.017611e+00   1.011615e+00   5.071864e-03
  2.142101e-02  -2.006874e-04   2.345394e+03   9.995070e-01   9.995994e-01   1.282403e-02
  4.564450e-02   8.209522e-04   1.083490e+03   9.838827e-01   1.001306e+00   2.767297e-02
  2.244767e-02   6.615808e-05   2.212466e+03   9.880480e-01   9.934063e-01   1.331404e-02
  2.267477e-02  -3.995984e-04   2.209782e+03   9.968332e-01   1.000334e+00   5.789061e-03
  2.291574e-02   3.973161e-04   2.175837e+03   9.919513e-01   9.947200e-01   1.385797e-02
  1.058883e-02   1.128732e-04   4.736518e+03   9.977857e-01   9.946538e-01   9.449606e-03
           inf  1.238973e+298   0.000000e+00   1.000000e-22 -4.521147e+300            inf
  1.376612e-02  -7.924764e-05   3.529522e+03   9.666239e-01   9.782459e-01   1.321286e-02
  2.073605e-02   1.313842e-04   2.368795e+03   9.772008e-01   9.863817e-01   1.344003e-02
  1.594932e-02   4.679358e-04   3.092706e+03   9.813203e-01   9.948610e-01   2.747294e-03
  2.050619e-02   5.095862e-06   2.416123e+03   9.856760e-01   9.915041e-01   1.082588e-02
  1.370989e-02   1.118465e-04   3.633140e+03   9.909376e-01   9.931147e-01   1.324372e-02
  2.038231e-02   2.056528e-05   2.444822e+03   9.913585e-01   9.941076e-01   1.120413e-02
  2.018151e-02  -1.424734e-04   2.483708e+03   9.972047e-01   9.952123e-01   1.534933e-02
  2.305880e-02   7.185767e-04   2.359076e+03   1.082203e+00   1.046598e+00   3.602307e-02
  2.072872e-02   4.018786e-05   2.469118e+03   1.018227e+00   1.008964e+00   1.321436e-02
  2.086197e-02   4.144172e-05   2.403763e+03   9.976477e-01   9.986267e-01   9.737249e-03
  9.504768e-03  -3.743020e-04   5.263589e+03   9.952992e-01   9.947621e-01   1.897197e-02
  2.094613e-02  -3.084800e-05   2.376058e+03   9.901271e-01   9.941679e-01   1.195574e-02
  2.238828e-02   1.090355e-04   2.197877e+03   9.789359e-01   9.868314e-01   1.410013e-02
  1.894157e-02  -3.656736e-04   2.638947e+03   9.944356e-01   9.954333e-01   1.108892e-02
  2.746938e-02  -1.497172e-04   1.815052e+03   9.919001e-01   9.938356e-01   1.517801e-02
  8.098660e-02  -1.811939e-04   5.529736e+02   8.909385e-01   9.448223e-01   4.442215e-02
  2.410036e-02   1.500188e-04   2.008325e+03   9.629144e-01   9.776668e-01   1.731038e-02
  2.060223e-02  -1.773216e-04   2.399047e+03   9.832934e-01   9.902132e-01   1.276937e-02
  4.181727e-02  -6.586043e-04   1.163358e+03   9.678302e-01   9.802809e-01   3.119574e-02
  2.125174e-02   2.254919e-05   2.330519e+03   9.853200e-01   9.918158e-01   1.104188e-02
  2.246474e-02  -1.529471e-04   2.219241e+03   9.918268e-01   9.957136e-01   1.006034e-02
  2.035131e-02  -2.962696e-05   2.448498e+03   9.913389e-01   9.936752e-01   1.204701e-02
  2.102466e-02   1.079685e-05   2.373015e+03   9.925661e-01   9.936376e-01   1.105297e-02
  5.307470e-02  -1.613604e-03   1.013060e+03   1.069677e+00   1.051649e+00   2.604145e-02
  1.877691e-02  -1.335046e-04   2.686581e+03   1.003585e+00   1.002592e+00   1.105897e-02
  1.805830e-02  -5.407962e-05   2.757171e+03   9.905370e-01   9.927072e-01   8.993581e-03
  3.927957e-02   7.787517e-04   1.267523e+03   9.904957e-01   1.005620e+00   2.022932e-02
  1.893619e-02  -2.431032e-05   2.632574e+03   9.917524e-01   9.952838e-01   1.037939e-02
  1.811516e-02   5.998145e-05   2.746553e+03   9.898289e-01   9.929011e-01   1.027180e-02
  2.224513e-02   2.288731e-04   2.243017e+03   9.926536e-01   9.949758e-01   1.291477e-02
  1.919810e-02   7.284312e-05   2.610698e+03   9.971143e-01   9.969802e-01   1.136441e-02
  7.079828e-02  -3.273505e-04   5.298030e+02   7.462206e-01   8.472212e-01   1.192971e-01
  2.129208e-02  -8.555229e-05   2.337730e+03   9.902448e-01   9.941184e-01   1.969271e-02
  2.342749e-02   1.624657e-04   2.114509e+03   9.855196e-01   9.916557e-01   1.889134e-02
  1.467229e-02   5.137280e-04   3.357161e+03   9.799417e-01   9.901440e-01   9.710341e-04
  1.941714e-02  -1.098515e-05   2.548582e+03   9.844960e-01   9.904305e-01   1.217819e-02
  2.471584e-02   1.801865e-04   2.013154e+03   9.898797e-01   9.942622e-01   1.581080e-02
  2.102358e-02   3.894553e-05   2.366388e+03   9.897439e-01   9.930790e-01   1.104007e-02
  1.713897e-02   1.478887e-04   2.923493e+03   9.968202e-01   9.958648e-01   6.044297e-03
  2.618378e-01   2.670906e-03   1.048937e+02   5.464017e-01   9.438282e-01   1.002468e+00
  9.768728e-03   2.858849e-04   5.096180e+03   9.904053e-01   9.855266e-01   2.175654e-02
  2.455652e-02   1.945546e-04   1.974163e+03   9.644507e-01   9.805328e-01   1.122304e-02
  1.609355e-02  -3.756177e-04   3.084531e+03   9.875774e-01   9.946843e-01   2.432003e-02
  2.161411e-02   3.892939e-05   2.301726e+03   9.897401e-01   9.940984e-01   1.157121e-02
  2.357183e-02  -9.962007e-05   2.102161e+03   9.858016e-01   9.928850e-01   1.007246e-02
  2.094415e-02  -6.880536e-05   2.383807e+03   9.932621e-01   9.951222e-01   1.147150e-02
  1.776123e-02  -1.476849e-04   2.834543e+03   1.001581e+00   9.965873e-01   1.642044e-02
  1.087300e+00  -1.330717e-02   1.600512e+01   3.462091e-01   7.907035e-01   3.589540e-01
  1.177080e-02  -1.135776e-05   4.509048e+03   1.055896e+00   1.040333e+00   2.625655e-02
  1.860230e-02  -6.750986e-05   2.685830e+03   9.939745e-01   9.968077e-01   9.154169e-03
  3.986860e-02  -7.022167e-04   1.239677e+03   9.832634e-01   9.932433e-01   2.215762e-02
  2.164056e-02  -1.459402e-05   2.287281e+03   9.847323e-01   9.915758e-01   1.153479e-02
  9.547150e-03  -1.301804e-04   5.262309e+03   9.994942e-01   9.982950e-01   4.909371e-03
  2.000962e-02  -3.161805e-05   2.483694e+03   9.887058e-01   9.925947e-01   1.061813e-02
  2.936438e-02  -5.052327e-04   1.679235e+03   9.809851e-01   9.879498e-01   1.784844e-02
  5.618037e-02   3.825292e-05   9.067578e+02   1.013459e+00   1.081121e+00   2.913354e-02
  2.539036e-02  -1.855020e-04   1.981824e+03   1.001069e+00   9.997180e-01   1.372307e-02
  1.928298e-02  -1.145876e-04   2.565797e+03   9.842980e-01   9.892371e-01   1.028407e-02
  2.847943e-02   2.807037e-04   1.742224e+03   9.871097e-01   9.969196e-01   1.151238e-02
  1.720339e-02  -3.163372e-05   2.897992e+03   9.918390e-01   9.946748e-01   8.496913e-03
  1.584459e-02   5.421269e-05   3.139088e+03   9.894971e-01   9.901496e-01   1.796623e-02
  1.847676e-02   1.001261e-06   2.704165e+03   9.940064e-01   9.946969e-01   1.012225e-02
  2.637709e-02   1.459773e-04   1.909371e+03   1.001953e+00   1.002434e+00   9.113214e-03
  1.165090e-01  -1.639982e-03   4.852851e+02   1.124829e+00   1.134522e+00   2.559785e-02
  2.157022e-02   1.804909e-04   2.352513e+03   1.009524e+00   1.005144e+00   2.893777e-02
  2.147112e-02   6.203792e-06   2.350609e+03   1.004073e+00   1.002253e+00   1.475668e-02
  1.967187e-02   4.709292e-04   2.535172e+03   9.921633e-01   9.957429e-01   9.378143e-03
  1.890366e-02   3.042326e-05   2.624997e+03   9.871993e-01   9.919083e-01   1.388557e-02
  3.123598e-02   1.464318e-04   1.581574e+03   9.828220e-01   9.912277e-01   1.692457e-02
  2.137831e-02   1.806839e-07   2.321859e+03   9.875053e-01   9.913424e-01   1.456588e-02
  1.716416e-02   4.835874e-04   2.903395e+03   9.914227e-01   9.925018e-01   7.117880e-03
  3.642362e-01   1.087520e-03   1.141299e+02   8.270139e-01   1.032841e+00   1.313179e-01
  1.952503e-02   5.216094e-04   2.409412e+03   9.359074e-01   9.595924e-01   4.038890e-02
  2.898721e-02  -7.910194e-05   1.710778e+03   9.865755e-01   9.944280e-01   7.864493e-03
  2.683571e-02   3.791483e-04   1.824269e+03   9.739395e-01   9.847374e-01   3.555818e-02
  2.276488e-02  -1.884022e-05   2.171019e+03   9.832393e-01   9.909427e-01   8.875311e-03
  2.565571e-02  -6.645579e-04   1.934739e+03   9.874987e-01   9.927058e-01   9.304003e-03
  1.997746e-02  -7.359327e-05   2.482585e+03   9.866759e-01   9.912232e-01   5.411984e-03
  1.618335e-02   6.220126e-04   3.081917e+03   9.922465e-01   9.897230e-01   2.003440e-02
  1.853701e-02  -6.114335e-04   2.604903e+03   9.606420e-01   9.840132e-01   7.450148e-02
  2.677925e-02  -6.351725e-04   1.863631e+03   9.928613e-01   9.959831e-01   2.694106e-03
  2.055882e-02  -2.009777e-04   2.411326e+03   9.862436e-01   9.925227e-01   4.020550e-03
  3.815934e-02  -2.168814e-04   1.295779e+03   9.836981e-01   9.959850e-01   5.216837e-03
  2.188833e-02  -4.904039e-04   2.275339e+03   9.908065e-01   9.955248e-01   5.996963e-03
  2.480096e-02   1.122011e-04   2.000002e+03   9.867998e-01   9.929834e-01   8.249791e-03
  1.741362e-02  -1.217240e-04   2.886586e+03   1.000009e+00   9.983265e-01   5.709150e-03
  3.390664e-02  -2.443881e-04   1.469848e+03   9.914880e-01   9.960977e-01   2.462877e-02
  4.204077e-02  -1.175366e-03   1.193565e+03   9.982677e-01   1.002944e+00   2.124238e-02
  2.503992e-02   1.885234e-04   1.976622e+03   9.846612e-01   9.924684e-01   1.375823e-02
  1.435674e-02   1.319067e-04   3.470729e+03   9.913037e-01   9.932301e-01   6.161461e-03
  8.362086e-03  -8.549004e-05   5.974439e+03   9.938983e-01   9.954283e-01   2.106441e-03
  1.449029e-02   1.233290e-04   3.418839e+03   9.855663e-01   9.910780e-01   7.737349e-03
  2.124957e-02   1.419201e-04   2.343581e+03   9.907413e-01   9.951773e-01   5.285048e-03
  1.781559e-02  -9.944318e-05   2.787599e+03   9.880086e-01   9.904826e-01   6.625786e-03
  3.261858e-02  -1.032755e-03   1.514678e+03   9.829140e-01   9.935737e-01   3.784792e-03
  3.459936e-02   7.111381e-04   1.386135e+03   9.541218e-01   9.755203e-01   6.927055e-03
  1.317055e-02   3.044079e-04   3.766308e+03   9.868468e-01   9.907703e-01   1.441453e-03
  1.754859e-02   1.966863e-04   2.815243e+03   9.828519e-01   9.871642e-01   8.706393e-03
  6.507404e-03   1.189530e-04   7.700653e+03   9.969318e-01   9.935264e-01   6.522139e-03
  2.200424e-02   6.249300e-04   2.270881e+03   9.941020e-01   9.953991e-01   1.035716e-02
  1.747794e-02  -2.575302e-05   2.850748e+03   9.912411e-01   9.933196e-01   5.884848e-03
  2.261478e-02   1.926433e-04   2.222862e+03   1.000081e+00   9.994710e-01   1.036096e-02
  1.053495e-02   2.020286e-04   4.798889e+03   1.005780e+00   1.000884e+00   7.984128e-03
  1.235504e-02   2.247296e-04   4.064411e+03   9.990145e-01   9.970897e-01   6.581845e-04
  2.252457e-02  -3.132424e-05   2.209969e+03   9.903136e-01   9.922918e-01   3.097349e-02
  2.821458e-02  -2.993512e-04   1.757021e+03   9.862358e-01   9.939425e-01   1.046009e-02
  2.702138e-02   8.644598e-05   1.818165e+03   9.773971e-01   9.874950e-01   2.317665e-02
  2.530735e-02  -5.759094e-04   1.941295e+03   9.773910e-01   9.896671e-01   1.250767e-02
  1.977201e-02   7.504770e-05   2.518709e+03   9.907380e-01   9.935195e-01   9.600160e-03
  2.247202e-02   2.633969e-04   2.200406e+03   9.837282e-01   9.901639e-01   6.389488e-03
  1.371812e-02   5.076442e-04   3.679144e+03   1.004087e+00   9.982242e-01   7.651128e-03
  5.347001e-03  -1.240915e-04   9.153228e+03   9.736766e-01   9.790467e-01   1.687848e-02
  5.517436e-02  -3.805681e-04   8.768615e+02   9.624949e-01   9.835008e-01   7.815067e-03
  1.895086e-02  -2.085183e-04   2.615810e+03   9.862005e-01   9.918033e-01   3.655452e-03
  3.033010e-02  -1.970742e-04   1.629908e+03   9.834831e-01   9.956785e-01   3.587074e-03
  1.804520e-02  -4.941358e-04   2.772115e+03   9.951834e-01   9.964804e-01   6.103971e-03
  2.326783e-02  -1.250338e-05   2.125513e+03   9.838976e-01   9.909918e-01   8.042397e-03
  1.521217e-02  -2.182444e-04   3.309502e+03   1.001576e+00   9.985464e-01   5.313913e-03
  1.669181e-02  -3.520339e-04   2.954124e+03   9.809846e-01   9.855285e-01   1.741866e-02
  3.429568e-02  -1.409631e-04   1.446209e+03   9.867355e-01   9.922794e-01   2.178932e-02
  7.514220e-03  -5.484783e-05   6.729926e+03   1.006061e+00   1.006358e+00   5.990160e-04
  1.905108e-02   5.201574e-04   2.631040e+03   9.971880e-01   9.974541e-01   1.158216e-02
  8.655367e-03  -5.890734e-05   5.784684e+03   9.960823e-01   9.960280e-01   1.392862e-03
  2.513724e-02   8.797195e-04   1.956263e+03   9.783069e-01   9.880921e-01   1.589610e-02
  2.039594e-02   1.351331e-04   2.443207e+03   9.913664e-01   9.952747e-01   5.373219e-03
  2.063265e-02  -2.801053e-04   2.399606e+03   9.849745e-01   9.890119e-01   1.138463e-02
  3.099902e-02  -1.171231e-03   1.619294e+03   9.986280e-01   9.991182e-01   9.511975e-03
  5.188363e-02   5.468048e-04   9.440136e+02   9.744032e-01   9.913748e-01   1.092603e-02
  1.305852e-03  -4.282631e-06   3.838550e+04   9.972208e-01   9.901268e-01   6.042584e-03
  3.172658e-02   2.086831e-04   1.539011e+03   9.713930e-01   9.845181e-01   1.600110e-02
  7.624004e-03  -1.009865e-05   6.566743e+03   9.960089e-01   9.929222e-01   8.541142e-03
  2.840364e-02   5.577929e-04   1.756039e+03   9.922891e-01   9.987770e-01   1.019303e-02
  1.725457e-02   1.090594e-04   2.876271e+03   9.873340e-01   9.913651e-01   6.320555e-03
  2.623746e-02   2.649002e-04   1.897624e+03   9.905171e-01   9.952909e-01   8.397521e-03
  1.908604e-02   4.071275e-04   2.569081e+03   9.754925e-01   9.874285e-01   3.378213e-02
  2.317961e-02  -5.169368e-05   2.159653e+03   9.959105e-01   9.957669e-01   3.351608e-03
  3.349326e-02  -1.675483e-04   1.475633e+03   9.832546e-01   9.893591e-01   2.733764e-02
  2.897930e-02  -8.598806e-04   1.723019e+03   9.933630e-01   1.000664e+00   5.638152e-03
  2.774677e-02   3.151331e-05   1.771075e+03   9.776411e-01   9.871996e-01   2.240085e-02
  2.484389e-02  -8.615695e-04   1.982219e+03   9.797187e-01   9.913099e-01   1.022828e-02
  2.213258e-02  -5.298596e-04   2.249073e+03   9.902976e-01   9.940431e-01   9.341527e-03
  1.850955e-02   1.815447e-04   2.686878e+03   9.894044e-01   9.931411e-01   5.158732e-03
  4.576422e-02   1.814735e-03   1.091053e+03   9.933494e-01   9.989622e-01   9.296678e-03
  1.987465e-02  -1.809669e-04   2.455902e+03   9.710478e-01   9.823109e-01   1.941861e-02
  4.573704e-02   3.349987e-04   1.075610e+03   9.787081e-01   9.951172e-01   1.001307e-02
  1.452801e-02   5.113765e-05   3.406210e+03   9.844816e-01   9.900514e-01   1.043644e-02
  3.485623e-02   1.217561e-04   1.416279e+03   9.821080e-01   9.960225e-01   9.947835e-03
  9.627996e-03  -2.077942e-04   5.215685e+03   9.990274e-01   9.977273e-01   5.484989e-03
  2.463874e-02  -2.543829e-04   2.009894e+03   9.851942e-01   9.921088e-01   1.002188e-02
  1.743776e-02  -2.534939e-04   2.861617e+03   9.927325e-01   9.937071e-01   6.344241e-03
  2.067488e-02  -4.224579e-04   2.369421e+03   9.745750e-01   9.886538e-01   3.403726e-02
  5.448211e-02  -5.074428e-05   9.165075e+02   9.933907e-01   1.000568e+00   5.258677e-03
  1.426219e-02   1.871963e-04   3.482703e+03   9.881728e-01   9.942779e-01   2.484806e-03
  2.366189e-02   5.223453e-04   2.100119e+03   9.886062e-01   9.932576e-01   6.066963e-03
  1.913234e-02   6.225143e-06   2.596995e+03   9.884835e-01   9.941543e-01   1.615818e-03
  2.196689e-02   6.720836e-04   2.248192e+03   9.824990e-01   9.881603e-01   1.513620e-02
  2.308148e-02   5.902899e-04   2.152045e+03   9.882006e-01   9.943262e-01   7.597434e-03
  2.014595e-02  -8.060714e-05   2.471464e+03   9.905405e-01   9.927643e-01   8.865318e-03
  3.780753e-02  -1.499267e-03   1.320439e+03   9.931776e-01   9.982102e-01   6.724992e-03
  2.209564e-02  -8.638536e-05   2.235287e+03   9.825851e-01   9.925340e-01   4.804171e-03
  3.337385e-02  -8.179147e-04   1.471298e+03   9.768704e-01   9.850272e-01   4.434494e-02
  1.583405e-02  -2.307954e-04   3.151279e+03   9.926795e-01   9.937883e-01   7.730359e-03
  5.119333e-03  -3.238796e-05   9.800274e+03   9.981177e-01   9.963832e-01   3.980065e-03
  3.055561e-02  -3.877047e-04   1.623802e+03   9.870844e-01   9.970632e-01   1.720186e-02
  1.710700e-02   3.241514e-04   2.906185e+03   9.890704e-01   9.923373e-01   5.835227e-03
  2.121451e-02   9.276727e-05   2.341558e+03   9.882528e-01   9.920176e-01   7.684493e-03
  2.005490e-02   1.276018e-04   2.459344e+03   9.812279e-01   9.906054e-01   2.279351e-02
  4.859586e-03   1.787441e-04   1.061714e+04   1.026448e+00   1.011719e+00   9.232767e-03
  1.017450e-01  -7.774368e-04   4.780421e+02   9.676301e-01   1.000657e+00   3.245644e-02
  1.992824e-02   2.298793e-04   2.498912e+03   9.907181e-01   9.922923e-01   1.476320e-02
  1.379645e-02  -1.122346e-04   3.608844e+03   9.905251e-01   9.899742e-01   1.757389e-02
  2.051400e-02  -4.853399e-04   2.403975e+03   9.810937e-01   9.895839e-01   3.857128e-03
  2.081102e-02  -3.367717e-04   2.389916e+03   9.894779e-01   9.927796e-01   1.194617e-02
  2.142852e-02  -2.080750e-05   2.323304e+03   9.904403e-01   9.935403e-01   8.966363e-03
  2.136811e-02   8.333290e-04   2.358836e+03   1.002753e+00   9.988772e-01   8.767355e-03
  4.068749e-02   5.653728e-04   1.176831e+03   9.525882e-01   9.752471e-01   4.603314e-02
  5.768382e-02   1.267250e-03   8.511435e+02   9.767579e-01   1.003939e+00   1.567457e-02
  4.830807e-02   1.246441e-03   1.012162e+03   9.727472e-01   9.908236e-01   1.702756e-02
  5.029067e-02  -2.125078e-04   9.667450e+02   9.672295e-01   9.877476e-01   1.850023e-02
  2.842438e-02   9.948617e-04   1.768643e+03   1.000141e+00   1.002642e+00   1.592280e-02
  3.238337e-02  -6.108770e-04   1.524760e+03   9.823213e-01   9.917474e-01   1.084952e-02
  2.473415e-02   3.204594e-04   2.006104e+03   9.871441e-01   9.927490e-01   7.525157e-03
  2.728760e-02   3.958357e-04   1.794388e+03   9.741185e-01   9.847473e-01   2.924058e-02
  7.265058e-02  -1.394822e-03   7.020803e+02   1.014743e+00   1.021734e+00   1.214820e-02
  2.788961e-02   3.239348e-04   1.804042e+03   1.000966e+00   1.000972e+00   6.167216e-03
  2.371920e-02  -5.303888e-04   2.096008e+03   9.890609e-01   1.001454e+00   1.332591e-02
  2.179571e-02   4.597057e-05   2.296279e+03   9.956936e-01   1.002692e+00   4.121179e-03
  2.218701e-02   4.078972e-04   2.189425e+03   9.664044e-01   9.816404e-01   7.395886e-03
  2.853772e-02   1.142341e-04   1.735221e+03   9.851538e-01   9.952956e-01   6.635842e-03
  1.797620e-02   7.472147e-05   2.767616e+03   9.897691e-01   9.931812e-01   4.672472e-03
  4.804640e-02  -8.388502e-04   1.031323e+03   9.857931e-01   9.975629e-01   1.069251e-02
  1.822244e-02  -6.323310e-04   2.692510e+03   9.760992e-01   9.874960e-01   3.302551e-03
  2.320968e-02  -2.723349e-04   2.100104e+03   9.697060e-01   9.810041e-01   3.213878e-02
  2.034689e-03  -3.271961e-05   2.467547e+04   9.988348e-01   9.960168e-01   4.316824e-03
  1.342453e-02   1.731874e-04   3.695022e+03   9.868391e-01   9.914394e-01   9.473470e-03
  1.722340e-02  -6.630659e-04   2.951429e+03   1.011303e+00   1.009115e+00   1.258361e-02
  1.636031e-02   5.548838e-04   3.057253e+03   9.950691e-01   9.956136e-01   3.242816e-03
  1.655862e-02  -4.747972e-04   3.023817e+03   9.961159e-01   9.949129e-01   6.915459e-03
  2.706190e-02  -5.249660e-04   1.854104e+03   9.982113e-01   1.000715e+00   3.276508e-03
  6.178330e-03   1.343976e-04   8.564894e+03   1.052745e+00   1.025226e+00   2.388370e-02
  5.405239e-02   1.756461e-04   9.304745e+02   1.000575e+00   1.008594e+00   1.517884e-02
  1.487289e-02   5.759802e-04   3.388802e+03   1.002702e+00   9.972906e-01   3.362920e-02
  1.826189e-02   5.900376e-05   2.733504e+03   9.931058e-01   9.944287e-01   3.059022e-02
  1.551330e-02  -4.806793e-04   3.157598e+03   9.745209e-01   9.817960e-01   1.112700e-02
  2.053842e-02  -1.547581e-05   2.400834e+03   9.809779e-01   9.877446e-01   2.621361e-02
  2.148984e-02   1.255241e-05   2.306976e+03   9.862940e-01   9.906955e-01   1.646645e-02
  9.750078e-03   8.184053e-05   5.120923e+03   9.933139e-01   9.926911e-01   3.749415e-03
  3.828019e-02   1.270374e-03   1.240928e+03   9.450414e-01   9.716710e-01   4.844129e-02
  1.806415e-02   1.652986e-04   2.732965e+03   9.821585e-01   9.915765e-01   4.788651e-03
  7.139480e-02   6.169095e-04   6.691390e+02   9.504145e-01   9.793085e-01   4.119168e-02
  5.471251e-02  -4.606364e-04   8.880024e+02   9.665648e-01   9.883977e-01   1.502251e-02
  3.173326e-02   1.135100e-03   1.575338e+03   9.945315e-01   1.001900e+00   2.771376e-02
  4.546486e-02  -9.604768e-04   1.082482e+03   9.790993e-01   9.929672e-01   9.656250e-03
  2.906530e-02   6.176839e-04   1.706563e+03   9.867956e-01   9.936851e-01   8.409161e-03
  6.728062e-03   6.616414e-05   7.487413e+03   1.002194e+00   9.941932e-01   8.382935e-03
  5.094562e-02   3.046826e-04   9.897544e+02   1.003147e+00   1.008141e+00   1.411813e-02
  1.606915e-02  -2.957190e-04   3.140432e+03   1.003951e+00   9.993035e-01   9.229438e-03
  5.913857e-02  -9.201633e-04   8.393599e+02   9.875274e-01   1.008620e+00   6.731071e-03
  2.677283e-02  -1.689588e-04   1.867628e+03   9.947520e-01   1.004049e+00   5.619028e-03
  2.800951e-02   6.792259e-04   1.731357e+03   9.647667e-01   9.828786e-01   1.841564e-02
  3.299486e-02  -2.189010e-04   1.505393e+03   9.881579e-01   9.981919e-01   7.728715e-03
  1.910766e-02  -8.026974e-05   2.599262e+03   9.880702e-01   9.931080e-01   6.534438e-03
  2.604231e-02   1.974011e-04   1.892325e+03   9.804044e-01   9.864777e-01   1.914180e-02
  3.439769e-02  -1.274035e-03   1.437373e+03   9.836233e-01   9.933806e-01   1.094165e-02
  2.712075e-02  -2.544322e-04   1.800774e+03   9.716078e-01   9.823906e-01   5.437794e-03
  8.923078e-03  -2.787371e-04   5.514545e+03   9.789366e-01   9.909598e-01   7.067572e-03
  8.992768e-03  -4.398527e-05   5.464607e+03   9.776478e-01   9.857088e-01   1.888655e-03
  3.046597e-02  -8.387938e-04   1.594455e+03   9.664011e-01   9.852715e-01   9.353744e-03
  1.597161e-02   3.347760e-04   3.095028e+03   9.834301e-01   9.906903e-01   8.126821e-03
  1.525234e-02  -2.036883e-04   3.272819e+03   9.930899e-01   9.927854e-01   7.985590e-03
  3.186320e-02   3.211102e-04   1.571546e+03   9.962001e-01   9.995455e-01   6.884563e-03
  4.000428e-02   4.115472e-04   1.262156e+03   1.004499e+00   1.009060e+00   7.471295e-02
  1.869692e-02   6.883058e-04   2.790802e+03   1.038077e+00   1.019290e+00   1.321874e-02
  2.139365e-02   1.775748e-04   2.361886e+03   1.005250e+00   1.001001e+00   2.448581e-02
  2.520340e-02   7.561371e-04   2.009526e+03   1.007588e+00   1.004903e+00   3.431620e-02
  1.953287e-02  -3.619134e-04   2.554784e+03   9.927743e-01   9.955393e-01   4.867340e-03
  2.111665e-02   6.514712e-04   2.381449e+03   1.000453e+00   9.988286e-01   1.751672e-02
  2.623110e-02   6.597432e-05   1.883413e+03   9.828610e-01   9.895696e-01   1.155389e-02
  1.758635e-02  -2.932848e-04   2.813262e+03   9.842741e-01   9.884890e-01   8.517953e-03
  5.067389e-02   1.628453e-03   6.953002e+02   7.009496e-01   8.542700e-01   3.938757e-01
  2.304869e-02   1.300192e-04   2.107421e+03   9.663351e-01   9.913993e-01   6.568507e-02
  3.436222e-02   3.967075e-04   1.401840e+03   9.583185e-01   9.769143e-01   1.837827e-02
  4.924139e-02   1.333015e-03   9.696125e+02   9.498579e-01   9.730590e-01   9.979428e-03
  2.269115e-02   2.426448e-04   2.173205e+03   9.810415e-01   9.895087e-01   1.017780e-02
  3.181204e-02  -2.991103e-04   1.541539e+03   9.756096e-01   9.878259e-01   1.973971e-02
  2.435953e-02   3.455545e-06   2.043234e+03   9.901871e-01   9.955572e-01   3.968208e-03
  2.344067e-02  -4.873008e-04   2.134885e+03   9.955769e-01   9.960311e-01   7.162353e-03
           inf            inf            nan            nan           -inf            nan
  3.520122e-02  -1.054890e-03   1.413280e+03   9.897286e-01   9.875165e-01   1.282587e-02
  2.384105e-02  -1.448448e-06   2.084477e+03   9.886727e-01   9.957114e-01   4.003838e-03
  2.174602e-02  -8.452264e-04   2.330396e+03   1.008184e+00   1.012310e+00   2.558949e-02
  2.379978e-02   1.141939e-04   2.087831e+03   9.885495e-01   9.943620e-01   6.206171e-03
  3.102281e-02  -9.204897e-04   1.610125e+03   9.937359e-01   9.995062e-01   7.513367e-03
  1.124795e-02  -6.159479e-05   4.444472e+03   9.945435e-01   9.939457e-01   3.259523e-03
  1.865024e-02   1.645559e-04   2.656240e+03   9.855571e-01   9.900775e-01   5.613446e-03
           inf            inf            nan            nan -7.214901e+300            nan
           inf           -inf            nan            nan -7.214901e+300            nan
  1.854498e-02   2.079038e-04   2.667494e+03   9.841466e-01   9.899798e-01   7.816042e-03
  2.505584e-02  -6.480235e-04   1.941108e+03   9.675845e-01   9.762818e-01   4.126643e-03
  1.843758e-02  -1.114237e-04   2.690483e+03   9.868798e-01   9.931418e-01   1.088346e-02
  1.939025e-02   2.381199e-04   2.584090e+03   9.968301e-01   9.989887e-01   1.033161e-02
  1.697138e-02   6.132136e-05   2.934002e+03   9.906214e-01   9.907776e-01   1.118281e-02
  1.369096e-02   3.016217e-04   3.671068e+03   9.998999e-01   9.943433e-01   5.932340e-03
           inf           -inf            nan            nan           -inf            nan
  2.098717e-02   6.363298e-04   2.494347e+03   1.041456e+00   1.028795e+00   2.406681e-02
  2.960154e-02   2.398983e-04   1.699203e+03   1.000667e+00   1.003065e+00   1.434945e-02
  5.089533e-02   1.814712e-03   9.640809e+02   9.761612e-01   1.002389e+00   7.527900e-02
  2.236603e-02  -1.499497e-04   2.220631e+03   9.880877e-01   9.929002e-01   7.706575e-03
  2.599369e-02   3.659345e-04   1.875305e+03   9.697726e-01   9.829712e-01   1.293625e-02
  2.960256e-02   1.726150e-04   1.674846e+03   9.863572e-01   9.927965e-01   1.012068e-02
  2.291944e-02   3.919314e-05   2.156984e+03   9.835152e-01   9.887888e-01   1.779261e-02
  9.431652e-02   1.393491e-03   4.081645e+02   7.658666e-01   9.026320e-01   3.120416e-01
  4.325148e-02   2.059227e-04   1.109083e+03   9.543221e-01   9.819939e-01   4.587216e-02
  2.387147e-02   1.576933e-04   2.045479e+03   9.714139e-01   9.841064e-01   6.428895e-03
  4.669009e-02   1.561323e-03   1.032998e+03   9.595205e-01   9.811679e-01   7.071770e-03
  2.286873e-02  -1.859620e-04   2.165904e+03   9.853977e-01   9.915998e-01   1.145477e-02
  2.570510e-02  -2.113393e-04   1.935947e+03   9.900177e-01   9.954592e-01   4.836425e-03
  2.163920e-02  -6.193137e-05   2.303785e+03   9.917755e-01   9.955645e-01   4.485954e-03
  2.622981e-02  -9.537373e-05   1.899304e+03   9.911056e-01   9.953253e-01   4.192743e-03
  3.194923e-01  -8.689317e-03   1.148347e+02   7.299005e-01   9.224639e-01   3.588352e-02
  5.630754e-03  -6.188530e-05   8.712310e+03   9.759554e-01   9.780567e-01   1.186888e-02
  1.320153e-02  -3.081518e-05   3.737583e+03   9.816242e-01   9.860811e-01   1.995281e-03
  1.561122e-02  -8.470892e-05   3.275570e+03   1.017311e+00   1.008919e+00   1.585217e-02
  2.746108e-02   8.066967e-05   1.799173e+03   9.829255e-01   9.934252e-01   1.223275e-02
  2.031797e-02   1.847705e-04   2.440324e+03   9.864112e-01   9.930829e-01   6.075521e-03
  1.679260e-02  -8.161803e-05   2.972885e+03   9.931762e-01   9.937892e-01   5.678040e-03
  1.590863e-02  -2.271816e-04   3.157639e+03   9.993683e-01   9.966975e-01   4.496693e-03
  4.593224e-02   3.567003e-04   9.737374e+02   8.897944e-01   9.884740e-01   1.348333e-01
  6.006327e-02   2.152089e-04   8.337985e+02   9.963231e-01   1.010140e+00   4.082626e-02
  2.598802e-02   2.911152e-04   1.890361e+03   9.773452e-01   9.862756e-01   1.884946e-02
  2.140342e-03   4.172447e-05   2.343189e+04   9.977475e-01   9.943010e-01   5.028923e-03
  1.775174e-02   1.481751e-04   2.803290e+03   9.900087e-01   9.943761e-01   7.161832e-03
  1.578546e-02   6.311268e-05   3.173793e+03   9.967034e-01   9.944546e-01   7.426812e-03
  2.121782e-02   4.134480e-05   2.348688e+03   9.914171e-01   9.940305e-01   8.008470e-03
  1.313133e-02  -1.285996e-04   3.804393e+03   9.938579e-01   9.917073e-01   6.586606e-03
  1.596755e+00  -6.141931e-02   1.935270e+01   6.147663e-01   1.224058e+00   2.678847e-01
  2.920821e-02   9.832266e-04   1.490173e+03   8.659084e-01   9.371695e-01   2.138780e-02
  4.267383e-02   7.320205e-06   1.174475e+03   9.970928e-01   1.003587e+00   2.427702e-02
  4.828234e-02   1.692529e-03   9.882352e+02   9.492460e-01   9.812880e-01   7.633220e-02
  2.132939e-02  -1.036814e-04   2.318262e+03   9.837192e-01   9.905225e-01   1.129767e-02
  3.425389e-02  -9.862761e-04   1.431128e+03   9.752561e-01   9.879678e-01   1.964785e-02
  1.852130e-02   2.495135e-05   2.689531e+03   9.910104e-01   9.933475e-01   8.047128e-03
  2.368164e-02   6.784148e-04   2.111470e+03   9.947795e-01   9.942705e-01   1.652079e-02
  1.693793e+00  -1.646932e-02   2.241065e-09   7.551704e-11   7.551704e-01   3.428840e+00
  1.008506e-01   2.427345e-03   4.520740e+02   9.070228e-01   8.812227e-01   1.977346e-01
  3.036325e-02   2.066957e-04   1.567304e+03   9.467422e-01   9.843411e-01   1.022881e-02
  5.138319e-02   4.381811e-04   9.605218e+02   9.818800e-01   9.932958e-01   4.241892e-03
  2.383067e-02  -2.645034e-04   2.084701e+03   9.883484e-01   9.941885e-01   7.672805e-03
  3.877430e-02  -1.053492e-05   1.269804e+03   9.795148e-01   9.940025e-01   1.395567e-02
  2.214355e-02  -7.661540e-05   2.255350e+03   9.935538e-01   9.949698e-01   9.313968e-03
  3.038013e-02   2.759440e-04   1.631414e+03   9.860156e-01   9.923127e-01   1.551106e-02
  1.864432e+00  -6.356615e-02   7.776535e+00   2.884449e-01   1.316045e+00   3.352286e-01
  1.870877e-02  -7.202078e-04   2.832750e+03   1.054347e+00   1.073669e+00   7.472272e-02
  1.529548e-02   8.551287e-05   3.326286e+03   1.012169e+00   1.003281e+00   1.997160e-03
  9.933050e-03  -3.670696e-04   5.069446e+03   1.001782e+00   1.003489e+00   4.579396e-03
  1.952193e-02   5.456590e-05   2.538340e+03   9.858318e-01   9.918317e-01   7.107645e-03
  2.812089e-02   1.054349e-03   1.772587e+03   9.916691e-01   9.990713e-01   2.950854e-03
  2.205479e-02   6.190263e-05   2.248876e+03   9.867304e-01   9.919051e-01   9.339521e-03
  2.393967e-02  -7.927978e-04   2.086091e+03   9.935314e-01   9.973472e-01   3.722271e-03
  4.240682e-01   1.127963e-02   6.842327e+01   5.772576e-01   9.073452e-01   8.080659e-01
  1.038352e-02   1.417869e-04   4.833983e+03   9.985733e-01   1.011863e+00   7.632536e-03
  2.601755e-02   1.293053e-04   1.875942e+03   9.709926e-01   9.827851e-01   1.803668e-02
  5.645167e-04  -1.875753e-05   8.958413e+04   1.006093e+00   1.003678e+00   7.690920e-03
  2.032737e-02   3.560619e-04   2.451409e+03   9.913502e-01   9.944844e-01   8.228014e-03
  1.358121e-02  -8.439097e-05   3.663345e+03   9.897975e-01   9.921911e-01   1.355617e-02
  2.196542e-02   1.397388e-04   2.278064e+03   9.954867e-01   9.967850e-01   7.028941e-03
  3.432885e-03  -6.635054e-06   1.474811e+04   1.007223e+00   1.000173e+00   6.531196e-03
  2.131873e-01   2.605601e-04   2.252881e+02   9.554975e-01   1.083526e+00   1.640514e-01
  3.194141e-02   5.576062e-04   1.509879e+03   9.594590e-01   9.771293e-01   7.735285e-02
  1.860996e-02  -2.228788e-04   2.630564e+03   9.739227e-01   9.829179e-01   7.703072e-03
  4.197070e-02   1.494843e-03   1.193676e+03   9.966964e-01   1.007387e+00   4.370508e-03
  1.279856e-02   5.426325e-05   3.900465e+03   9.931331e-01   9.916647e-01   4.571533e-03
  3.199289e-02   6.356257e-04   1.566296e+03   9.969134e-01   1.000697e+00   1.093842e-02
  3.579879e-02  -8.856948e-05   1.384874e+03   9.862989e-01   9.935663e-01   1.417176e-02
  3.800439e-02   8.442353e-04   1.328588e+03   1.004510e+00   1.007364e+00   8.379119e-03
  7.837368e-03   2.579400e-04   6.066053e+03   9.458159e-01   9.747713e-01   7.311149e-02
  5.445796e-02   8.013773e-04   9.003016e+02   9.753928e-01   9.949579e-01   2.098606e-03
  1.727295e-02  -3.639230e-04   2.889230e+03   9.928392e-01   9.947924e-01   4.836499e-03
  2.564331e-02  -1.016773e-03   1.890824e+03   9.646184e-01   9.833184e-01   4.593737e-02
  3.319395e-02  -7.478589e-04   1.488106e+03   9.827045e-01   9.928600e-01   1.533004e-02
  2.738314e-02  -1.707414e-04   1.790979e+03   9.756722e-01   9.885083e-01   5.052222e-03
  3.940130e-02   6.509480e-05   1.253644e+03   9.826866e-01   9.964616e-01   4.342239e-03
  2.437145e-03   9.538025e-05   2.033246e+04   9.858286e-01   9.895045e-01   2.610759e-02
  5.177913e-02   1.201209e-03   1.001853e+03   1.032022e+00   1.030459e+00   2.098652e-03
  2.536412e-02  -3.747474e-04   2.001308e+03   1.009866e+00   1.010021e+00   1.825301e-02
  3.306913e-02   2.655246e-04   1.495253e+03   9.837111e-01   9.913455e-01   7.557803e-03
  6.397904e-02  -1.968704e-03   7.734784e+02   9.845008e-01   1.001535e+00   1.211212e-02
  4.735229e-02  -4.004562e-04   1.040625e+03   9.803142e-01   9.972565e-01   3.939566e-03
  1.950723e-02  -4.186256e-04   2.576297e+03   9.998196e-01   9.996429e-01   2.194332e-03
  1.307485e-02   1.505161e-04   3.812091e+03   9.915854e-01   9.951176e-01   1.408357e-03
  3.146044e-02  -8.842160e-04   1.605556e+03   1.004894e+00   1.000042e+00   1.670079e-02
  1.590267e-02  -5.407767e-04   3.072796e+03   9.721514e-01   9.843867e-01   3.443760e-02
  8.206316e-03  -6.803030e-05   6.045952e+03   9.870589e-01   9.934006e-01   1.393116e-02
  3.307858e-02   7.423506e-04   1.494010e+03   9.831747e-01   9.954260e-01   7.272486e-03
  4.404981e-02   1.348441e-03   1.105801e+03   9.690610e-01   9.955049e-01   2.580706e-02
  6.398601e-03   2.123550e-04   7.832111e+03   9.969974e-01   1.000715e+00   2.937746e-03
  2.382272e-02  -2.645744e-05   2.075873e+03   9.838351e-01   9.910809e-01   5.691700e-03
  1.195796e-02   1.139830e-04   4.223782e+03   1.004821e+00   9.968747e-01   6.438007e-03
  6.365573e-02  -1.135649e-03   7.640247e+02   9.675536e-01   9.937395e-01   3.788334e-02
  1.984661e-02  -6.948212e-04   2.521682e+03   9.956499e-01   9.933023e-01   5.080498e-03
  1.460891e-02   5.246917e-04   3.457515e+03   1.004875e+00   9.925730e-01   5.878367e-03
  2.455326e-02  -1.326746e-04   2.024917e+03   9.891144e-01   9.948548e-01   6.284067e-03
  2.956033e-02   7.908507e-04   1.692184e+03   9.951463e-01   1.001171e+00   2.583682e-03
  6.823679e-03  -5.016334e-05   7.314120e+03   9.929121e-01   9.869742e-01   1.906214e-02
  2.429407e-02   3.575241e-04   2.078823e+03   1.004727e+00   1.003182e+00   2.203772e-03
  2.418794e-02  -2.821425e-04   2.021500e+03   9.727531e-01   9.827223e-01   1.744213e-02
  7.051049e-02   1.298131e-03   6.847447e+02   9.605337e-01   9.878424e-01   9.234711e-03
  2.975150e-02   9.613401e-04   1.638304e+03   9.696913e-01   9.821410e-01   2.290852e-02
  5.089013e-02  -1.615555e-03   9.452114e+02   9.569575e-01   9.873020e-01   5.570183e-02
  2.373769e-02  -3.299751e-04   2.070345e+03   9.777128e-01   9.850386e-01   2.682008e-02
  1.327426e-02  -5.228038e-04   3.720618e+03   9.825519e-01   9.905388e-01   3.392290e-02
  6.214804e-02  -5.301951e-04   7.883616e+02   9.747271e-01   9.964104e-01   1.519681e-02
  1.548262e-02  -6.490504e-06   3.185709e+03   9.812520e-01   9.883791e-01   6.542097e-03
  4.136654e-02  -5.490379e-05   1.203391e+03   9.903441e-01   9.992617e-01   7.481488e-03
  1.828598e-02   5.412978e-04   2.766569e+03   1.006445e+00   1.008294e+00   7.783696e-03
  4.498884e-02   1.090464e-03   1.106876e+03   9.906811e-01   1.001754e+00   4.629969e-03
  7.382558e-02  -2.374160e-03   6.648369e+02   9.764547e-01   1.001687e+00   1.374276e-02
  7.159606e-02   1.687170e-03   6.817655e+02   9.710783e-01   9.960476e-01   1.887885e-02
  5.676059e-02  -1.458316e-03   8.673616e+02   9.794386e-01   9.955754e-01   1.514698e-02
  1.991899e-02   1.815822e-04   2.486964e+03   9.855235e-01   9.979589e-01   1.842078e-03
  1.545312e-02  -2.044037e-04   3.254070e+03   1.000399e+00   9.974217e-01   2.593635e-03
  2.940260e-02   4.421713e-04   1.692676e+03   9.901247e-01   9.982934e-01   5.125514e-03
  1.825658e-02  -8.884680e-05   2.740469e+03   9.953471e-01   9.925486e-01   1.871937e-02
  2.117460e-02  -7.231766e-04   2.335967e+03   9.840385e-01   9.919729e-01   1.134891e-02
  5.045970e-02   1.794442e-03   9.711093e+02   9.748615e-01   9.965927e-01   2.024797e-02
  2.813148e-02   4.687306e-04   1.741817e+03   9.748218e-01   9.947898e-01   1.084997e-02
  3.982216e-02   1.132103e-03   1.224798e+03   9.703302e-01   9.935559e-01   3.726697e-02
  9.792665e-04  -2.836792e-05   5.155197e+04   1.004330e+00   9.952342e-01   1.784125e-03
  2.303122e-02   8.385730e-05   2.152822e+03   9.864049e-01   9.916322e-01   1.125145e-02
  1.424473e-02   5.747044e-06   3.508076e+03   9.941536e-01   9.936076e-01   1.537808e-03
  5.993040e-02  -1.387717e-04   8.290881e+02   9.885030e-01   1.000768e+00   1.896912e-02
  8.574231e-04  -2.426940e-05   5.860009e+04   9.995940e-01   9.933221e-01   5.243469e-03
  3.135246e-02   1.172339e-03   1.589166e+03   9.912220e-01   9.975372e-01   1.081133e-02
  1.961859e-02  -5.374415e-04   2.555408e+03   9.973741e-01   9.977032e-01   2.847171e-03
  5.631004e-02   1.277465e-03   8.802012e+02   9.860477e-01   1.003493e+00   8.390618e-03
  2.192787e-02  -6.671837e-04   2.268717e+03   9.897077e-01   9.922465e-01   1.712059e-02
  2.895365e-02   8.159793e-05   1.714340e+03   9.874845e-01   9.961205e-01   2.684078e-03
  1.607851e-02  -2.209245e-04   3.109239e+03   9.945576e-01   9.941752e-01   1.438260e-02
  1.614702e-02   1.222760e-04   3.043339e+03   9.776259e-01   9.882579e-01   4.739912e-04
  2.440034e-02   7.973056e-04   2.048792e+03   9.945436e-01   9.950301e-01   3.738529e-02
  2.935177e-02  -9.649328e-04   1.686458e+03   9.847821e-01   9.938658e-01   1.456343e-02
  1.792107e-02   2.256858e-04   2.747830e+03   9.796794e-01   9.882941e-01   1.383756e-02
  1.521008e-02  -3.391374e-04   3.246605e+03   9.824060e-01   9.925852e-01   3.275010e-02
  3.995971e-02  -2.428195e-05   1.229709e+03   9.775854e-01   9.927535e-01   1.392986e-02
  2.095017e-02  -1.293040e-04   2.385201e+03   9.941290e-01   9.972638e-01   1.608179e-03
  2.907028e-02  -8.177260e-05   1.702873e+03   9.848308e-01   9.932037e-01   5.481990e-03
  2.183616e-03   3.023217e-05   2.324234e+04   1.009686e+00   9.970039e-01   1.300434e-02
  8.074769e-02  -1.703176e-03   5.901499e+02   9.480312e-01   9.827835e-01   3.870367e-02
  2.573248e-03   3.049621e-05   1.925004e+04   9.854702e-01   9.952308e-01   1.391221e-02
  2.110679e-02   6.368140e-04   2.350007e+03   9.867828e-01   9.901550e-01   3.105227e-03
  5.227073e-02  -1.524095e-03   9.435929e+02   9.812358e-01   9.962109e-01   2.540603e-02
  2.542109e-02   5.762169e-04   1.966631e+03   9.945971e-01   1.000787e+00   2.380642e-03
  1.369825e-02  -4.101917e-05   3.647382e+03   9.939775e-01   9.948870e-01   1.838267e-03
  1.792502e-02   1.993110e-04   2.795355e+03   9.968429e-01   9.971684e-01   1.602065e-03
  6.089867e-02  -5.048343e-05   8.003616e+02   9.696705e-01   9.876312e-01   2.757983e-02
  7.289771e-02  -2.609235e-03   6.707296e+02   9.727281e-01   9.960891e-01   5.065898e-03
  4.977713e-02   1.053753e-03   9.934465e+02   9.837947e-01   9.877945e-01   5.605761e-02
  3.926829e-02   3.998256e-05   1.269296e+03   9.915963e-01   1.000157e+00   1.258780e-02
  5.003716e-02   1.028864e-04   9.687055e+02   9.643053e-01   9.890431e-01   2.977640e-02
  1.308256e-02  -4.447827e-05   3.766360e+03   9.802677e-01   9.881867e-01   3.814017e-03
  8.441587e-03   9.693353e-05   5.946242e+03   9.986122e-01   9.943739e-01   2.796001e-03
  1.193630e-02   9.770533e-05   4.196948e+03   9.966285e-01   9.944068e-01   6.445466e-03
  8.199935e-02  -9.964597e-04   6.026569e+02   9.831295e-01   1.008235e+00   1.711560e-02
  3.606460e-02   1.013574e-03   1.301877e+03   9.340737e-01   9.800023e-01   9.780587e-02
  8.899395e-02   7.205373e-04   5.323845e+02   9.425753e-01   9.897361e-01   5.870975e-02
  3.608055e-02   5.068816e-04   1.365983e+03   9.805020e-01   9.943445e-01   1.715850e-03
  6.833849e-02   2.051578e-03   7.196238e+02   9.783654e-01   1.005659e+00   2.310469e-02
  1.758160e-02  -2.639232e-04   2.896638e+03   1.013171e+00   1.006793e+00   5.483658e-03
  2.208371e-02   3.419939e-04   2.243680e+03   9.857415e-01   9.896670e-01   2.001483e-02
  2.284165e-02   1.582231e-04   2.185390e+03   9.930853e-01   9.954552e-01   6.030651e-03
  2.114187e-02   2.497521e-04   2.343102e+03   9.855181e-01   9.913651e-01   1.430888e-02
  5.089231e-02   1.307698e-03   9.891207e+02   1.001455e+00   1.007498e+00   3.698415e-02
  6.926886e-02  -2.540548e-03   6.965195e+02   9.598458e-01   1.000397e+00   1.086800e-02
  6.316942e-03   8.893098e-05   7.943080e+03   9.982194e-01   9.934506e-01   4.260091e-03
  3.098928e-02   1.112940e-04   1.578785e+03   9.733401e-01   9.912983e-01   2.472407e-02
  4.054211e-03  -1.211978e-04   1.213787e+04   9.789914e-01   9.894697e-01   8.355437e-04
  5.242820e-02   1.835417e-04   9.378922e+02   9.782457e-01   9.962412e-01   8.693913e-03
  1.860218e-02   6.409646e-05   2.683019e+03   9.929277e-01   9.949967e-01   3.828641e-03
  2.162477e-02   8.575699e-04   2.285312e+03   9.831664e-01   9.906652e-01   2.404578e-02
  7.419356e-02  -2.809549e-03   6.453327e+02   9.525330e-01   9.885153e-01   5.318708e-02
  5.267498e-03   4.493957e-05   9.314658e+03   9.761160e-01   9.911787e-01   3.406616e-02
  3.335665e-02  -1.314910e-03   1.467536e+03   9.738709e-01   9.886310e-01   1.823292e-02
  3.528951e-02  -1.372006e-03   1.405526e+03   9.867669e-01   9.942291e-01   1.237828e-02
  1.920804e-02  -7.473002e-04   2.581524e+03   9.864826e-01   9.888563e-01   4.252697e-02
  2.598864e-02  -7.392331e-04   1.905947e+03   9.854270e-01   9.978653e-01   3.356552e-03
  1.876693e-02  -1.860862e-04   2.661482e+03   9.936806e-01   9.940544e-01   7.873106e-03
  2.522119e-02  -2.977367e-04   1.966486e+03   9.867032e-01   9.929397e-01   1.650606e-02
  9.390474e-02  -3.566302e-03   4.995461e+02   9.332397e-01   9.738543e-01   8.898184e-03
  1.778821e-02   3.284174e-04   2.795690e+03   9.893533e-01   9.858770e-01   2.676229e-02
  3.633108e-02  -7.703136e-04   1.364804e+03   9.864586e-01   9.979739e-01   2.863488e-02
  2.519232e-02  -2.493066e-05   1.974225e+03   9.894527e-01   9.971715e-01   1.815301e-02
  9.545072e-02   3.483210e-05   4.973588e+02   9.444503e-01   9.844812e-01   4.106174e-02
  1.833115e-03  -8.566536e-07   2.727952e+04   9.948474e-01   9.953600e-01   1.517432e-02
  3.403938e-02  -7.960978e-06   1.450991e+03   9.825995e-01   9.915607e-01   8.282281e-03
  2.040638e-02  -7.146040e-04   2.479461e+03   1.006592e+00   1.000726e+00   7.899429e-03
  4.856827e-02   1.874799e-03   9.972145e+02   9.635436e-01   1.001153e+00   1.118845e-01
  6.983829e-02  -1.026544e-03   6.989423e+02   9.711024e-01   9.961101e-01   4.474974e-02
  7.086705e-02   1.953322e-03   6.906467e+02   9.737119e-01   1.003171e+00   3.938374e-02
  3.456973e-02   1.306690e-03   1.421493e+03   9.776214e-01   9.912731e-01   9.027661e-03
  7.632617e-02   1.781253e-03   6.285577e+02   9.544402e-01   9.779489e-01   1.826230e-03
  2.146135e-02   7.804084e-04   2.315600e+03   9.886686e-01   9.887944e-01   1.422342e-02
  2.598898e-02   3.549209e-04   1.929394e+03   9.975627e-01   1.000703e+00   2.940460e-03
  1.514056e-02  -2.735659e-04   3.271278e+03   9.853475e-01   9.887667e-01   2.385771e-02
  5.091745e-02   1.744185e-03   9.179430e+02   9.298491e-01   9.664834e-01   4.667302e-02
  5.540928e-02  -1.469481e-03   8.631710e+02   9.515016e-01   9.839396e-01   5.827502e-04
  3.385210e-02   1.244686e-03   1.432645e+03   9.648376e-01   9.858867e-01   4.163558e-02
  1.964105e-02   2.529600e-04   2.557400e+03   9.992946e-01   1.001101e+00   1.647846e-02
  3.122657e-03  -4.217662e-05   1.663430e+04   1.033377e+00   1.037645e+00   7.509728e-03
  4.251584e-02   3.372550e-05   1.161925e+03   9.827861e-01   9.977946e-01   3.096613e-02
  1.238007e-02  -7.192932e-05   4.013862e+03   9.885886e-01   9.901296e-01   5.145295e-03
  3.528873e-02   1.024740e-03   1.411913e+03   9.912290e-01   9.988768e-01   6.124855e-03
  3.714517e-02  -8.878871e-04   1.208259e+03   8.928789e-01   9.480494e-01   6.175201e-02
  2.765994e-02   2.559249e-04   1.862777e+03   1.025043e+00   1.021026e+00   2.195177e-02
  6.158381e-02  -2.344345e-03   7.918705e+02   9.701768e-01   1.001479e+00   5.305374e-02
  3.622509e-02  -9.394820e-04   1.355886e+03   9.771534e-01   9.917448e-01   6.280427e-03
  3.921997e-03  -8.443538e-05   1.283306e+04   1.001308e+00   9.955274e-01   2.160580e-02
  6.712407e-02  -2.056993e-03   7.196549e+02   9.610206e-01   9.902558e-01   5.438823e-03
  2.057867e-02  -3.027757e-04   2.429231e+03   9.945265e-01   9.947039e-01   5.079696e-03
  1.345943e-02   3.591148e-04   3.719161e+03   9.958682e-01   9.949848e-01   3.527538e-03
  5.462209e-02  -1.640656e-03   8.807029e+02   9.570351e-01   9.781467e-01   6.329388e-02
  1.815744e-02  -2.458492e-04   2.550895e+03   9.214617e-01   9.570028e-01   7.944660e-03
  2.439706e-02  -8.077066e-04   1.996631e+03   9.690928e-01   9.876386e-01   1.064667e-02
  1.889541e-02  -1.139117e-04   2.665340e+03   1.001934e+00   1.001233e+00   1.629979e-03
  7.035015e-02  -2.480017e-04   6.890759e+02   9.644112e-01   9.854289e-01   2.847610e-02
  7.931926e-03  -1.329429e-04   6.540295e+03   1.032063e+00   1.019767e+00   8.517833e-03
  2.626563e-02   4.428836e-04   1.894285e+03   9.898360e-01   9.957932e-01   9.664198e-03
  9.470194e-03  -2.804897e-04   5.300017e+03   9.985420e-01   9.927424e-01   6.516976e-03
  5.153323e-02  -4.816426e-04   7.282389e+02   7.466058e-01   9.241682e-01   4.578774e-01
  5.218125e-02  -6.569333e-04   9.831629e+02   1.020634e+00   1.020464e+00   6.583403e-02
  3.504853e-02   1.383751e-03   1.412368e+03   9.847997e-01   9.967825e-01   5.820144e-02
  4.428939e-03   6.101485e-07   1.133429e+04   9.986749e-01   9.986495e-01   4.545994e-03
  5.847145e-02  -5.765424e-04   8.282455e+02   9.634588e-01   9.917885e-01   2.562788e-03
  1.871487e-02  -6.866916e-04   2.744345e+03   1.021776e+00   1.024326e+00   9.418456e-03
  2.285106e-02   1.768909e-04   2.177383e+03   9.898544e-01   9.940979e-01   5.452820e-03
  2.666286e-02  -1.644302e-04   1.863698e+03   9.885813e-01   9.915613e-01   1.400099e-02
           nan            inf            nan            nan           -inf            nan
  9.794381e-02   1.050174e-03   4.110693e+02   8.009808e-01   8.854318e-01   2.632064e-02
  4.925458e-02   1.482277e-03   9.719153e+02   9.523689e-01   9.800217e-01   1.479252e-02
  2.411977e-02  -6.482486e-04   1.973935e+03   9.471881e-01   9.803661e-01   7.366336e-02
  1.153938e-02   3.151946e-05   4.294418e+03   9.858640e-01   9.929790e-01   2.500153e-03
  4.444559e-02   2.328848e-04   1.042009e+03   9.213619e-01   9.736548e-01   1.008995e-01
  2.339638e-02  -6.790575e-04   2.130087e+03   9.914622e-01   9.969261e-01   1.834029e-02
  3.178100e-02   8.021719e-05   1.560759e+03   9.868101e-01   9.943387e-01   3.236366e-03
           nan            nan            nan            nan           -inf            nan
           nan            nan            nan            nan           -inf            nan
  2.458614e-02  -5.473535e-04   2.034490e+03   9.951214e-01   1.000091e+00   8.089253e-03
  9.553020e-02  -9.697559e-04   5.055218e+02   9.607508e-01   9.837513e-01   1.923630e-02
  1.112221e-02   5.588870e-05   4.472585e+03   9.896460e-01   9.899516e-01   4.542344e-03
  1.373496e-01  -2.557951e-03   3.539004e+02   9.670268e-01   9.813452e-01   8.639289e-04
  3.008057e-02  -1.084590e-04   1.638339e+03   9.804381e-01   9.903827e-01   8.034968e-03
  1.907371e-02  -2.625006e-04   2.615778e+03   9.925814e-01   9.941265e-01   1.521600e-03
           nan            nan            nan            nan            nan            nan
           inf            inf            nan            nan -3.632594e+300            nan
           inf           -inf            nan            nan -3.632594e+300            nan
  8.075714e-02   2.456638e-03   6.064836e+02   9.743840e-01   9.996695e-01   5.041238e-03
  2.327073e-02   1.097246e-04   2.135746e+03   9.887572e-01   9.937677e-01   1.071363e-02
  7.885887e-03   1.410257e-04   6.240431e+03   9.790284e-01   1.007575e+00   5.077059e-02
  2.382962e-02   6.692277e-04   2.083456e+03   9.877149e-01   9.928020e-01   5.699347e-03
  1.366173e-02   9.988231e-05   3.659297e+03   9.945658e-01   9.930851e-01   3.625982e-03
           nan            nan            nan            nan           -inf            nan
           nan            nan            nan            nan           -inf            nan
  1.651270e-02   1.414309e-04   3.120178e+03   1.025009e+00   1.014414e+00   2.693126e-02
  1.196233e-02   2.520106e-04   4.161798e+03   9.904371e-01   9.983958e-01   1.798406e-02
  3.359374e-02  -1.546482e-05   1.460942e+03   9.763858e-01   9.902151e-01   1.148305e-02
  5.237165e-03   9.295518e-05   9.128209e+03   9.510688e-01   9.723598e-01   3.786101e-02
  1.778646e-02   6.008290e-05   2.810043e+03   9.943346e-01   9.949824e-01   5.297202e-03
  1.746830e-02   3.666193e-04   2.854846e+03   9.921180e-01   9.915179e-01   4.754236e-03
           nan            nan            nan            nan            inf            nan
  7.691243e-02   7.643666e-04   5.705261e+02   8.729759e-01   9.221753e-01   2.466370e-02
  3.907320e-02   4.249608e-04   1.234788e+03   9.598463e-01   9.792290e-01   1.364996e-02
  8.338718e-02  -3.066960e-03   5.540340e+02   9.191064e-01   9.813944e-01   6.922416e-02
  2.825832e-02   2.754393e-05   1.748333e+03   9.828805e-01   9.936826e-01   3.657292e-03
  5.828994e-02  -6.501713e-04   8.463089e+02   9.814149e-01   9.967008e-01   2.778209e-02
  2.227601e-02  -4.135392e-04   2.229437e+03   9.880133e-01   9.924185e-01   4.800007e-03
  1.627225e-02  -3.223379e-04   3.045008e+03   9.857487e-01   9.881772e-01   1.065531e-02
  2.051250e-01  -6.213277e-03   2.377888e+02   9.703763e-01   1.037784e+00   3.184646e-01
  4.968044e-02   1.290029e-03   1.018465e+03   1.006611e+00   1.019123e+00   6.637586e-03
  2.577678e-02  -8.516791e-05   1.903954e+03   9.763719e-01   9.942926e-01   3.006955e-02
  1.235060e-01  -3.212151e-03   3.894728e+02   9.569634e-01   9.936065e-01   4.465217e-02
  1.957580e-02  -4.734661e-05   2.562959e+03   9.981398e-01   9.992471e-01   2.533609e-03
  5.396945e-02  -1.076472e-03   9.149845e+02   9.824079e-01   1.001006e+00   6.593288e-04
  2.031746e-02  -1.182840e-04   2.457314e+03   9.932537e-01   9.952296e-01   3.362154e-03
  3.801192e-02  -6.310808e-04   1.306461e+03   9.879759e-01   9.957283e-01   1.107948e-02
  1.120367e+00  -3.774438e-02   4.223444e+01   9.413635e-01   1.333882e+00   1.294204e-01
  1.612803e-02   2.811152e-04   2.957425e+03   9.489106e-01   9.597560e-01   5.624075e-02
  5.140845e-02  -8.323756e-05   9.844848e+02   1.006871e+00   1.006129e+00   1.499348e-02
  1.291099e-01   4.925170e-03   3.709392e+02   9.527793e-01   1.009766e+00   5.585572e-02
  1.516060e-02  -1.759684e-05   3.262834e+03   9.841054e-01   9.890920e-01   7.921538e-03
  7.419829e-03   2.830609e-04   6.742704e+03   9.953095e-01   9.963684e-01   1.342147e-02
  1.479981e-02   6.238104e-05   3.357489e+03   9.885550e-01   9.906495e-01   3.946937e-03
  3.919866e-02   2.552707e-04   1.261747e+03   9.839518e-01   9.953511e-01   4.642416e-03
  1.873885e+00  -3.085985e-02   2.382524e-09   8.881992e-11   8.881992e-01   3.140687e+00
  3.560202e-02   3.935998e-04   1.328427e+03   9.408978e-01   1.038208e+00   1.751036e-01
  5.120951e-02  -1.183559e-04   9.155921e+02   9.327877e-01   9.780931e-01   8.266564e-02
  4.382742e-02   1.383599e-03   1.144938e+03   9.982933e-01   1.008904e+00   2.921157e-02
  2.528932e-02   1.744338e-04   1.971837e+03   9.920608e-01   9.960536e-01   7.625545e-03
  2.811312e-02   9.473841e-04   1.752539e+03   9.801821e-01   9.891768e-01   2.450295e-02
  2.616073e-02   1.160882e-04   1.912854e+03   9.955473e-01   9.972865e-01   8.608662e-03
  1.420873e-02   3.207514e-04   3.589031e+03   1.014524e+00   1.004510e+00   4.420914e-03
  2.093176e+00  -4.767010e-02   2.556299e-09   1.064505e-10   1.064505e+00   2.554599e+00
  8.652523e-02   3.164986e-03   5.038591e+02   8.673252e-01   9.207828e-01   3.623794e-02
  5.345360e-02  -2.793534e-04   9.205421e+02   9.789279e-01   1.001453e+00   7.819237e-03
  6.550302e-02  -2.041522e-03   7.056799e+02   9.196006e-01   9.794238e-01   1.106421e-01
  2.985445e-02  -1.072033e-04   1.641254e+03   9.747988e-01   9.881598e-01   4.269216e-03
  5.222817e-02  -1.104801e-03   9.399831e+02   9.766860e-01   9.972467e-01   1.617980e-02
  2.477295e-02   1.080435e-04   1.992953e+03   9.822110e-01   9.911920e-01   5.495632e-03
  2.718239e-03  -5.185589e-05   1.802740e+04   9.748796e-01   9.806961e-01   2.094950e-02
  1.049922e+00  -3.656209e-02   4.504402e+01   9.408586e-01   1.138274e+00   2.937995e-01
  2.281396e-02   3.635742e-04   2.090540e+03   9.488320e-01   9.755210e-01   6.810919e-02
  2.920131e-02  -1.490128e-05   1.677307e+03   9.744171e-01   9.915373e-01   4.047319e-02
  6.930323e-02  -2.740340e-03   7.144438e+02   9.850351e-01   1.006128e+00   1.861034e-02
  2.012329e-02  -1.598407e-04   2.482456e+03   9.938266e-01   9.979466e-01   2.840660e-03
  1.729819e-02  -6.408723e-04   2.881524e+03   9.916377e-01   9.972783e-01   1.021827e-03
  1.295260e-02   2.303215e-06   3.885823e+03   1.001313e+00   9.974781e-01   6.795051e-04
  5.502865e-02  -1.405856e-03   9.189583e+02   1.006039e+00   1.008155e+00   1.910681e-02
  4.908164e-01  -1.330372e-02   9.728837e+01   9.499705e-01   1.080735e+00   1.397031e-01
  3.863409e-03  -3.339994e-05   1.251792e+04   9.621283e-01   9.639355e-01   3.751409e-03
  2.512549e-02   1.344976e-04   2.035897e+03   1.017655e+00   1.014901e+00   1.088335e-02
  6.130574e-02   2.430043e-03   7.732784e+02   9.431205e-01   9.881443e-01   7.258249e-02
  1.456354e-02   1.293530e-04   3.423117e+03   9.917881e-01   9.942978e-01   3.339766e-03
  1.104899e-02   2.588073e-04   4.508484e+03   9.910215e-01   9.897023e-01   8.800358e-03
  9.772322e-03  -6.615049e-05   5.083891e+03   9.883804e-01   9.901486e-01   1.931097e-02
  6.632510e-02   1.333735e-05   7.270891e+02   9.593910e-01   9.883225e-01   2.910504e-02
  3.823474e-02   1.033621e-03   1.021498e+03   7.770083e-01   8.441824e-01   4.374040e-02
  5.686783e-02   1.450808e-03   8.504144e+02   9.621160e-01   9.898720e-01   3.099270e-02
  3.396854e-02   6.514375e-04   1.419231e+03   9.590914e-01   9.859090e-01   1.029052e-02
  5.698715e-03  -1.122385e-04   8.678173e+03   9.838648e-01   9.863559e-01   8.015932e-03
  1.449303e-02   3.196764e-04   3.448696e+03   9.943611e-01   9.943472e-01   2.668799e-03
  5.678861e-05   1.722287e-06   8.811423e+05   9.954912e-01   9.904587e-01   3.823421e-04
  3.054838e-02   4.438753e-04   1.619276e+03   9.841001e-01   1.000633e+00   3.025188e-02
  7.245863e-02  -1.162307e-03   6.771571e+02   9.761345e-01   1.000062e+00   1.440902e-02
  9.686181e-02  -1.579135e-03   5.269607e+02   1.015456e+00   1.126716e+00   7.189625e-02
  8.645576e-03  -1.367921e-04   5.469522e+03   9.407483e-01   9.681185e-01   3.598846e-02
  1.636537e-02   3.672584e-04   3.085546e+03   1.004588e+00   9.965619e-01   1.491709e-02
  2.561342e-02   8.665461e-04   1.961059e+03   9.992825e-01   1.003689e+00   1.917646e-02
  2.186857e-02   5.636517e-04   2.257405e+03   9.821095e-01   9.884536e-01   1.146045e-02
  6.979911e-03  -1.083015e-04   7.175041e+03   9.963327e-01   9.884994e-01   2.648881e-02
  4.581316e-02  -8.493490e-04   1.075507e+03   9.802429e-01   9.939978e-01   1.090068e-02
  4.806374e-02   1.460073e-04   1.026733e+03   9.817597e-01   9.909404e-01   2.456839e-03
  1.272320e-01   5.319598e-04   3.885519e+02   9.835024e-01   1.012217e+00   4.494935e-02
  3.791869e-02  -9.285774e-04   1.350272e+03   1.018603e+00   1.013035e+00   1.364736e-02
  4.474772e-02  -3.877787e-04   1.071171e+03   9.535863e-01   9.803640e-01   2.033080e-02
  4.813440e-02   6.793492e-04   1.013406e+03   9.704411e-01   9.921176e-01   8.926741e-03
  5.092718e-02  -8.339448e-04   9.633761e+02   9.760581e-01   9.971997e-01   9.261176e-03
  8.761717e-02  -1.150354e-04   5.496221e+02   9.580398e-01   9.953896e-01   2.058936e-02
  1.862820e-02  -7.186915e-04   2.690149e+03   9.969591e-01   9.995519e-01   1.532069e-02
  1.542345e-02   5.200450e-04   3.173877e+03   9.738716e-01   9.865790e-01   2.390432e-02
  5.737621e-02  -1.414781e-04   7.678787e+02   8.765054e-01   9.009149e-01   4.751100e-02
  5.255625e-02  -5.363568e-04   9.276624e+02   9.699392e-01   9.914208e-01   1.841864e-02
  4.402633e-02  -1.401431e-03   1.134545e+03   9.937205e-01   1.008733e+00   9.486777e-03
  3.019989e-02  -1.074773e-03   1.654386e+03   9.939678e-01   9.977808e-01   3.398173e-03
  3.635418e-02  -9.331766e-04   1.351086e+03   9.771640e-01   9.942587e-01   4.298746e-03
  5.750067e-02  -2.709675e-04   8.482875e+02   9.703895e-01   1.002945e+00   1.293185e-02
  2.486638e-02   2.720585e-04   2.002215e+03   9.904979e-01   9.937437e-01   1.841895e-02
  8.201054e-02   3.044546e-03   6.200067e+02   1.011571e+00   1.016704e+00   2.059202e-02
  9.433211e-02   1.548699e-03   5.226279e+02   9.808042e-01   1.008077e+00   6.595113e-03
  9.208848e-03   1.687127e-04   5.425729e+03   9.940164e-01   1.000822e+00   2.127244e-02
  1.805964e-02   9.807998e-05   2.708447e+03   9.731047e-01   9.832745e-01   1.147952e-02
  1.973484e-02  -4.041537e-04   2.489536e+03   9.774223e-01   9.861593e-01   7.806643e-03
  1.463753e-02   4.710250e-04   3.424801e+03   9.973170e-01   9.950360e-01   4.504545e-03
  5.508390e-03  -1.007407e-06   9.108229e+03   9.981338e-01   9.948889e-01   9.202178e-03
  3.692245e-02   1.432306e-03   1.344249e+03   9.874166e-01   9.971099e-01   1.110937e-02
  6.238309e-02  -7.119426e-04   7.401273e+02   9.185514e-01   9.707272e-01   7.623750e-02
  1.967699e-02   4.423646e-04   2.434424e+03   9.529825e-01   9.781165e-01   1.332563e-02
  1.843630e-02   4.180905e-04   2.662352e+03   9.764935e-01   9.826577e-01   4.229049e-02
  3.618494e-02   1.425875e-03   1.378568e+03   9.923986e-01   9.988311e-01   2.264185e-02
  4.106797e-02   1.348085e-03   1.202754e+03   9.826755e-01   9.964725e-01   6.564646e-03
  1.212699e-02   1.409937e-04   4.083163e+03   9.850987e-01   9.895567e-01   1.246968e-02
  6.640715e-03  -9.221902e-05   7.467632e+03   9.865700e-01   9.846271e-01   2.203819e-02
  2.718483e-02   5.972104e-05   1.837178e+03   9.935917e-01   1.001864e+00   1.383663e-02
  5.576934e-02  -1.705285e-03   9.040653e+02   1.003057e+00   1.009231e+00   6.594325e-03
  8.883523e-04  -2.764686e-05   5.672287e+04   1.002475e+00   9.904315e-01   1.095578e-02
  8.937398e-02  -1.226407e-05   5.492203e+02   9.765350e-01   1.008758e+00   2.557570e-02
  4.291022e-02  -1.594811e-04   1.116161e+03   9.528352e-01   9.806985e-01   2.536846e-02
  2.773526e-02   6.773792e-04   1.790450e+03   9.879265e-01   9.974912e-01   6.016658e-03
  3.298417e-02  -8.339075e-04   1.494071e+03   9.804081e-01   9.898235e-01   5.830511e-03
  6.279784e-02   3.082466e-04   7.767188e+02   9.703729e-01   9.938749e-01   1.441692e-02
  2.914380e-02  -1.144571e-03   1.694161e+03   9.822706e-01   9.902850e-01   6.125885e-03
  4.667376e-03   7.733450e-05   1.041016e+04   9.666304e-01   9.799220e-01   4.207374e-02
  2.836340e-02  -9.863519e-04   1.715805e+03   9.681808e-01   9.781065e-01   4.781255e-03
  5.383593e-02  -1.656150e-03   8.983660e+02   9.621785e-01   9.906206e-01   1.457398e-02
  4.727988e-02  -1.764830e-03   1.069862e+03   1.006316e+00   1.011966e+00   8.244194e-03
  2.262164e-02  -4.787225e-04   2.186705e+03   9.841115e-01   9.891289e-01   8.413037e-03
  3.241502e-02   4.067977e-04   1.518638e+03   9.793336e-01   9.921612e-01   8.633165e-03
  3.448110e-02   5.135056e-04   1.425369e+03   9.777739e-01   9.970421e-01   3.444033e-03
  1.456141e-02  -1.798927e-04   3.425143e+03   9.922296e-01   9.933676e-01   4.010694e-03
  2.581703e-02   8.502785e-04   1.942925e+03   9.979125e-01   9.972458e-01   1.387968e-03
  3.645051e-02  -2.422356e-04   1.347926e+03   9.774616e-01   9.886630e-01   2.700765e-02
  3.519972e-02   7.117501e-05   1.419466e+03   9.940181e-01   9.912815e-01   1.407240e-02
  2.206368e-02  -2.782127e-04   2.185012e+03   9.590960e-01   9.801099e-01   1.972947e-02
  3.722664e-02  -8.790025e-04   1.320757e+03   9.781532e-01   9.908181e-01   7.054145e-03
  3.712928e-02   2.384619e-04   1.331243e+03   9.833409e-01   9.967020e-01   2.307120e-03
  7.054806e-03  -2.403338e-04   7.113776e+03   9.984248e-01   9.944659e-01   4.499637e-03
  2.157334e-02   6.383876e-04   2.303151e+03   9.884847e-01   9.914680e-01   5.820196e-03
  2.000868e-02  -3.963958e-04   2.474665e+03   9.850653e-01   9.886216e-01   3.518340e-03
  6.328616e-02   2.305272e-03   7.610603e+02   9.582039e-01   9.888944e-01   2.837135e-02
  3.477104e-02  -7.044642e-04   1.406262e+03   9.727785e-01   9.953513e-01   2.944983e-02
  2.850741e-02   9.433893e-04   1.769079e+03   1.003310e+00   1.003662e+00   5.341491e-03
  3.552352e-02   2.969460e-04   1.377688e+03   9.736365e-01   9.925299e-01   2.064537e-02
  2.647467e-02  -4.174659e-04   1.863190e+03   9.813366e-01   9.906507e-01   4.881860e-04
  1.592567e-02  -5.054962e-04   3.125726e+03   9.903275e-01   9.912005e-01   4.260186e-03
  2.747501e-02  -1.360565e-04   1.801289e+03   9.845811e-01   9.924015e-01   4.758881e-03
  1.641944e-02   3.980607e-04   3.039053e+03   9.927202e-01   9.919321e-01   3.196446e-03
  2.694902e-02   1.070565e-03   1.799015e+03   9.645122e-01   9.893963e-01   5.082754e-02
  6.527605e-02  -3.649261e-04   7.535012e+02   9.785161e-01   1.007664e+00   1.582557e-02
  2.755393e-02   4.161713e-04   1.754522e+03   9.617729e-01   9.788805e-01   4.434227e-03
  5.604861e-02   1.411661e-03   8.808164e+02   9.821558e-01   9.984702e-01   1.162560e-02
  8.530960e-03   2.177945e-04   5.899581e+03   1.001265e+00   9.968481e-01   1.462409e-03
  3.098724e-02  -8.945461e-05   1.596446e+03   9.841634e-01   9.934823e-01   8.079772e-03
  2.419123e-02  -1.493771e-04   2.062091e+03   9.924211e-01   9.966066e-01   1.345794e-03
  2.401208e-02   6.299232e-04   2.061178e+03   9.846354e-01   9.912101e-01   1.301676e-02
  3.028957e-02  -1.158873e-03   1.512993e+03   9.117176e-01   9.478808e-01   3.597557e-02
  5.008089e-02   3.375484e-04   9.805687e+02   9.769677e-01   1.003851e+00   4.352075e-02
  3.180866e-02  -7.499004e-04   1.593846e+03   1.008607e+00   1.005901e+00   3.423675e-03
  4.723407e-02   2.438153e-04   1.025606e+03   9.637541e-01   9.917924e-01   3.879416e-02
  1.343140e-02  -1.891842e-04   3.652080e+03   9.758691e-01   9.824551e-01   1.735305e-02
  2.840804e-02   8.090924e-04   1.736352e+03   9.813168e-01   9.935966e-01   4.807802e-03
  1.854546e-02   2.377793e-04   2.666031e+03   9.836325e-01   9.887391e-01   2.953398e-04
  3.898378e-02  -1.443450e-03   1.260716e+03   9.777580e-01   9.912374e-01   9.299321e-03
  2.509047e-03   2.670582e-05   2.154433e+04   1.075405e+00   1.038258e+00   2.380522e-02
  9.170417e-03   2.155576e-04   5.259167e+03   9.594805e-01   9.690966e-01   7.805145e-02
  2.346438e-02  -4.725546e-04   2.079750e+03   9.708461e-01   9.856077e-01   1.389127e-02
  4.026550e-02  -1.147523e-03   1.228226e+03   9.838791e-01   9.958142e-01   4.748152e-03
  8.723166e-02  -3.233547e-03   5.594867e+02   9.709438e-01   1.000910e+00   1.434964e-02
  2.492102e-02   9.693333e-04   2.013549e+03   9.982932e-01   9.979389e-01   2.617159e-03
  1.728090e-02  -3.015292e-04   2.914192e+03   1.001878e+00   9.983949e-01   2.843930e-03
  4.455242e-03  -2.840367e-05   1.132095e+04   1.003423e+00   1.003415e+00   3.177927e-02
  5.598425e-02  -2.093884e-03   8.319690e+02   9.266231e-01   9.714524e-01   7.751639e-02
  7.570591e-02  -2.911219e-03   6.550522e+02   9.865880e-01   1.008121e+00   2.701203e-02
  4.217322e-02   8.298004e-04   1.168291e+03   9.802074e-01   9.889468e-01   3.685438e-03
  2.555684e-02  -1.578769e-04   1.917876e+03   9.751193e-01   9.878250e-01   3.607552e-02
  2.678151e-02  -2.615711e-05   1.787106e+03   9.521722e-01   9.899344e-01   5.569914e-02
  1.767183e-02  -5.325682e-04   2.770550e+03   9.740419e-01   9.872592e-01   2.618479e-02
  2.207314e-02   8.216829e-05   2.223451e+03   9.763866e-01   9.855025e-01   5.506214e-03
  1.208383e-02   1.259735e-04   4.188047e+03   1.006807e+00   9.954287e-01   4.026445e-03
  3.086435e-02   7.058286e-04   1.741801e+03   1.069512e+00   1.050399e+00   1.125491e-01
  4.618014e-02  -1.413400e-03   1.084470e+03   9.963293e-01   1.010003e+00   2.062401e-02
  4.578090e-02   1.972024e-04   1.080463e+03   9.840660e-01   1.003380e+00   2.023856e-02
  8.124924e-02   4.298344e-04   5.965640e+02   9.642874e-01   9.923410e-01   4.026207e-02
  9.715810e-02   1.382840e-03   5.094176e+02   9.846528e-01   1.004293e+00   3.014606e-02
  4.347085e-02  -1.618018e-03   1.140534e+03   9.863620e-01   9.981114e-01   4.183999e-03
  3.191769e-02   8.855183e-04   1.563294e+03   9.926641e-01   9.989428e-01   7.498612e-03
  3.836313e-02  -1.446122e-03   1.252781e+03   9.561353e-01   9.816700e-01   5.343585e-02
  4.838111e-02  -1.438194e-03   8.886878e+02   8.553722e-01   8.941920e-01   4.303536e-02
  7.725470e-02   6.994877e-04   6.515057e+02   1.001321e+00   1.019530e+00   4.408220e-02
  7.875946e-02  -2.097670e-03   6.216388e+02   9.740270e-01   1.000743e+00   4.643768e-03
  7.853046e-02   6.252790e-04   6.075439e+02   9.491743e-01   9.990503e-01   5.416128e-02
  2.945171e-02   8.417099e-04   1.553598e+03   9.102889e-01   9.625170e-01   1.635807e-01
  2.764802e-02   4.042871e-04   1.778254e+03   9.781104e-01   9.975930e-01   3.875493e-02
  2.773552e-02  -4.255828e-04   1.780879e+03   9.826546e-01   9.924101e-01   9.322434e-03
  9.919681e-02  -2.097287e-03   4.905053e+02   9.679915e-01   1.001471e+00   1.410438e-02
  3.416412e-02   2.915670e-04   1.667940e+03   1.133654e+00   1.091615e+00   8.533061e-02
  3.300862e-02   8.004373e-04   1.480623e+03   9.723037e-01   9.945676e-01   9.438872e-02
  1.159854e-02  -1.111307e-04   4.245234e+03   9.795688e-01   9.884606e-01   3.336967e-02
  3.119536e-02  -1.396763e-04   1.592531e+03   9.883435e-01   1.002502e+00   1.605349e-02
  2.795058e-01  -9.710772e-03   1.684777e+02   9.368355e-01   1.045038e+00   6.957175e-02
  3.586639e-02   1.008596e-03   1.388574e+03   9.908021e-01   9.985460e-01   4.694294e-03
  1.509395e-02  -4.521254e-04   3.326052e+03   9.987619e-01   9.972747e-01   1.361038e-02
  4.099850e-02   1.422803e-03   1.224696e+03   9.989104e-01   1.008323e+00   1.769233e-02
  8.756106e-02  -3.107066e-03   5.605977e+02   9.765455e-01   9.957510e-01   1.418722e-02
  8.267918e-02  -1.654331e-03   5.923614e+02   9.743456e-01   1.002938e+00   2.858522e-02
  1.785010e-02   1.288286e-04   2.772861e+03   9.846884e-01   9.865484e-01   1.133780e-02
  5.800075e-03  -5.049823e-05   8.651034e+03   9.982327e-01   9.952424e-01   1.483420e-02
  1.425514e-01  -5.489598e-03   3.165332e+02   8.976786e-01   1.005441e+00   1.643422e-01
  1.417840e-02   5.322029e-04   3.525751e+03   9.945097e-01   9.980629e-01   2.858980e-02
  3.103730e-02   5.540239e-04   1.584187e+03   9.781836e-01   9.893352e-01   1.347980e-02
  5.699413e-03  -4.256204e-05   8.720028e+03   9.887309e-01   9.901633e-01   1.533247e-02
  6.552649e-02   8.496315e-04   7.056628e+02   9.199077e-01   9.669320e-01   2.719823e-01
  2.988525e-02  -8.394110e-04   1.620239e+03   9.633100e-01   9.992261e-01   4.501196e-02
  4.780644e-02  -1.765237e-03   1.028053e+03   9.777595e-01   1.004264e+00   6.875392e-02
  1.136121e-02  -4.234118e-05   4.352841e+03   9.838473e-01   9.845032e-01   2.411218e-02
  1.825207e-01   3.330259e-03   2.605369e+02   9.460443e-01   1.017522e+00   9.420695e-02
  4.227034e-02  -1.513341e-03   1.162408e+03   9.775173e-01   9.976325e-01   2.855156e-02
  2.692155e-02   5.551522e-05   1.849891e+03   9.907782e-01   9.991523e-01   6.322893e-03
  1.614289e-02  -5.149417e-04   3.082344e+03   9.899029e-01   9.880369e-01   9.162345e-03
  5.511021e-01  -7.183916e-03   6.568014e+01   7.201058e-01   9.629613e-01   1.169852e-01
  3.084038e-02  -2.147754e-04   1.533801e+03   9.410634e-01   9.500936e-01   3.478456e-02
  8.977633e-02  -8.531391e-04   5.205324e+02   9.296934e-01   9.780878e-01   1.140912e-02
  9.129395e-02  -3.483330e-03   5.310357e+02   9.644858e-01   9.956741e-01   1.738521e-02
  8.100969e-02   2.065427e-03   5.643165e+02   9.094731e-01   9.720577e-01   1.039027e-01
  1.003698e-01  -3.734110e-03   4.980655e+02   9.945339e-01   1.026109e+00   3.923654e-02
  1.185682e-02  -2.570532e-04   4.229366e+03   9.976397e-01   9.958394e-01   2.139020e-03
  5.401337e-02   1.377623e-03   9.167715e+02   9.851278e-01   9.977389e-01   1.182972e-02
           nan            inf            nan            nan           -inf            nan
  7.041705e-02  -6.580938e-04   7.111231e+02   9.962143e-01   1.022925e+00   1.578980e-01
  2.588058e-02   3.174254e-04   2.003564e+03   1.031590e+00   1.017682e+00   6.815328e-03
  3.218837e-02   5.094880e-04   1.474148e+03   9.439964e-01   9.906741e-01   7.964962e-02
  6.836907e-02  -2.597785e-03   7.277557e+02   9.898639e-01   1.012378e+00   3.249628e-02
  7.246775e-02   2.278647e-03   5.967021e+02   8.602656e-01   9.805134e-01   2.128892e-01
  1.023746e-02  -1.418750e-04   4.838008e+03   9.853462e-01   9.875132e-01   2.574294e-02
  2.984062e-02   3.325713e-04   1.641961e+03   9.747672e-01   9.903129e-01   7.775304e-03
           nan            nan            nan            nan            nan            nan
           nan            nan            nan            nan           -inf            nan
  2.471588e-02  -7.966731e-04   1.905266e+03   9.368321e-01   9.685312e-01   4.826197e-02
  1.771136e-01   3.346411e-03   2.744799e+02   9.671470e-01   1.014811e+00   4.122584e-02
  3.322305e-02  -9.396931e-04   1.472496e+03   9.732487e-01   9.959806e-01   5.641241e-03
  1.720658e-01   3.721898e-03   3.097130e+02   1.060191e+00   1.057794e+00   3.493445e-02
  4.828225e-02   1.476444e-04   1.014405e+03   9.743819e-01   9.926762e-01   1.752691e-02
  1.361657e-02  -5.101753e-04   3.685583e+03   9.983987e-01   9.919890e-01   3.565566e-03
           nan            nan            nan            nan            nan            nan
           inf            inf            nan            nan           -inf            nan
           nan            nan            nan            nan           -inf            nan
  4.739147e-02   1.293356e-03   9.534098e+02   8.988971e-01   9.738474e-01   1.765632e-01
  2.366539e-02   7.373658e-04   2.100005e+03   9.886990e-01   9.999371e-01   2.316428e-02
  6.656418e-02  -1.120966e-03   6.041551e+02   8.000538e-01   9.110101e-01   2.789646e-01
  2.515574e-02  -3.595049e-04   1.977118e+03   9.894636e-01   1.000056e+00   1.330059e-02
  3.144395e-02  -1.764003e-04   1.556382e+03   9.736068e-01   9.847976e-01   4.991875e-03
           nan            nan            nan            nan            nan            nan
           nan            nan            nan            nan            nan            nan
           inf            inf            nan            nan -6.069746e+299            nan
           inf           -inf            nan            nan -6.069746e+299            nan
  2.687115e-02   5.952633e-04   1.842230e+03   9.848277e-01   9.920874e-01   1.332037e-03
  7.928316e-02  -2.362318e-05   6.226239e+02   9.820574e-01   1.016629e+00   7.451392e-02
  5.433790e-03  -1.100747e-04   9.189444e+03   9.933956e-01   9.919638e-01   7.469724e-03
  2.506763e-02   2.464184e-04   1.993598e+03   9.942162e-01   9.983233e-01   5.975637e-04
           nan            nan            nan            nan            nan            nan
           nan            nan            nan            nan           -inf            nan
           nan            nan            nan            nan           -inf            nan
  6.139526e-03  -9.823235e-05   7.634107e+03   9.324450e-01   9.818490e-01   1.026675e-01
  1.720141e-02  -1.607710e-04   2.886501e+03   9.877929e-01   9.927516e-01   1.240498e-02
  5.197259e-02   1.142709e-04   8.977104e+02   9.281982e-01   9.669391e-01   6.430902e-02
  2.286971e-02   2.403855e-04   2.184085e+03   9.937116e-01   9.948970e-01   4.924067e-03
  2.694686e-03   2.829703e-05   1.854432e+04   9.941438e-01   9.895995e-01   3.698600e-03
           nan            nan            nan            nan            nan            nan
           nan            nan            nan            nan            inf            nan
  1.345411e-02  -4.090465e-04   3.575990e+03   9.571533e-01   9.807368e-01   2.351796e-02
  1.131491e-01   3.818679e-03   4.362791e+02   9.820776e-01   1.018380e+00   6.546063e-02
  2.951061e-02  -7.396333e-04   1.659288e+03   9.741597e-01   9.846591e-01   8.149351e-03
  3.362514e-02   1.175149e-03   1.466663e+03   9.811254e-01   1.001567e+00   3.314163e-02
  2.340457e-02  -1.765971e-04   2.121583e+03   9.878499e-01   9.942230e-01   4.781510e-03
  2.850302e-02   6.212081e-04   1.742080e+03   9.878454e-01   9.920273e-01   1.247315e-02
           nan            nan            nan            nan            nan            nan
  5.743950e-02  -1.251547e-04   8.462578e+02   9.670379e-01   1.001946e+00   5.754827e-02
  1.954160e-02  -6.997850e-04   2.554911e+03   9.932674e-01   9.957743e-01   4.231475e-03
  1.274320e-01   5.032483e-04   3.592305e+02   9.107139e-01   9.907152e-01   5.117431e-02
  4.195706e-02  -3.452967e-04   1.167311e+03   9.743648e-01   9.946388e-01   1.126986e-02
  5.751093e-02  -2.238279e-03   8.454257e+02   9.672884e-01   9.913590e-01   2.608917e-02
  2.043626e-02  -3.242817e-04   2.441975e+03   9.928252e-01   9.916926e-01   4.754371e-03
  4.402273e-02   1.919335e-04   1.121921e+03   9.825829e-01   9.955075e-01   1.244866e-02
  5.484423e-01  -1.735488e-02   4.582968e+01   5.000436e-01   8.786883e-01   1.891511e-01
  2.199507e-02   3.693809e-06   2.306936e+03   1.009465e+00   1.008000e+00   3.644881e-02
  3.097145e-02   4.855667e-04   1.614070e+03   9.945214e-01   1.001519e+00   6.041366e-03
  6.524899e-02  -2.568749e-03   7.563044e+02   9.817491e-01   1.000096e+00   2.606352e-02
  3.295032e-02   4.907549e-04   1.506935e+03   9.878348e-01   9.983855e-01   7.887349e-04
  1.671020e-02  -5.104490e-04   2.972475e+03   9.881659e-01   1.000813e+00   1.593492e-02
  4.158247e-02   2.909310e-04   1.183770e+03   9.792821e-01   9.955090e-01   1.348572e-02
  2.236682e-02  -8.619140e-04   2.227924e+03   9.913677e-01   9.937978e-01   3.443162e-03
  4.757746e-01   1.040702e-03   4.743320e+01   4.489663e-01   6.547994e-01   1.674581e+00
  7.725220e-02   2.771774e-03   5.851043e+02   8.992373e-01   9.683343e-01   8.027978e-02
  3.082274e-02   9.768503e-04   1.608353e+03   9.862400e-01   9.952312e-01   5.052959e-03
  1.694156e-02   5.255537e-04   2.904144e+03   9.788177e-01   9.832770e-01   1.843322e-02
  1.519749e-02   2.492001e-04   3.260239e+03   9.857152e-01   9.872971e-01   4.452856e-03
  7.481480e-03   7.166250e-05   6.714745e+03   9.994181e-01   9.905989e-01   7.444627e-04
  3.109474e-02   1.649292e-04   1.593199e+03   9.855691e-01   9.968382e-01   6.178788e-03
  3.006564e-02  -5.344114e-04   1.663822e+03   9.951933e-01   9.990525e-01   1.804071e-02
  1.243968e+00  -3.258028e-02   3.567242e+01   8.828198e-01   1.462159e+00   2.913619e-01
  3.711814e-02   6.438124e-04   1.312854e+03   9.694664e-01   1.009704e+00   1.093039e-02
  1.168095e-02   3.908397e-05   4.246068e+03   9.867231e-01   9.911654e-01   6.263799e-03
  2.074832e-02   2.859099e-04   2.355818e+03   9.724222e-01   9.992265e-01   6.906048e-02
  2.723115e-02  -4.004691e-04   1.824283e+03   9.882990e-01   9.950292e-01   8.957147e-03
  2.637028e-02  -2.111681e-04   1.859877e+03   9.757287e-01   9.876816e-01   3.231119e-02
  2.037862e-02  -3.595121e-04   2.449208e+03   9.929575e-01   9.952441e-01   1.638869e-02
  4.125898e-02   1.078760e-03   1.185904e+03   9.734150e-01   9.865682e-01   1.932511e-03
  2.411622e-01   4.937547e-03   1.899680e+02   9.114228e-01   1.014100e+00   2.118563e-01
  2.960038e-02  -1.146178e-03   1.828843e+03   1.076971e+00   1.047471e+00   1.399630e-02
  1.562263e-02  -4.613765e-04   3.207870e+03   9.970135e-01   9.918271e-01   1.130690e-02
  1.133573e-01   1.183874e-03   4.294043e+02   9.683803e-01   1.011238e+00   5.520124e-03
  3.534737e-02  -5.647819e-04   1.395554e+03   9.813725e-01   9.954716e-01   4.139979e-03
  8.368264e-02   7.553064e-05   5.773668e+02   9.612078e-01   9.958353e-01   5.095579e-03
  2.011782e-02   2.916686e-05   2.458335e+03   9.839029e-01   9.909014e-01   2.819544e-02
  8.165896e-03   2.835024e-04   6.161479e+03   1.000965e+00   9.951324e-01   4.851196e-03
  5.450804e-02  -9.519806e-04   6.627078e+02   7.186423e-01   8.469109e-01   6.538239e-02
  2.777161e-02  -2.507227e-04   1.760245e+03   9.725327e-01   9.848783e-01   3.876894e-02
  5.266608e-02  -2.069548e-04   9.236625e+02   9.677751e-01   9.923477e-01   9.864379e-03
  3.070322e-02  -6.192741e-04   1.629105e+03   9.950918e-01   1.003536e+00   1.784825e-02
  2.222340e-02   9.052067e-05   2.224884e+03   9.836670e-01   9.912479e-01   1.183985e-03
  2.462633e-02   3.420075e-04   2.030299e+03   9.946951e-01   1.004780e+00   1.089456e-02
  6.996245e-02   1.313028e-03   6.964403e+02   9.693464e-01   9.930059e-01   1.448526e-02
  3.119217e-02  -6.238027e-04   1.589993e+03   9.866678e-01   9.954431e-01   2.607653e-02
  5.497511e-01  -1.886313e-02   7.905789e+01   8.646523e-01   1.126865e+00   1.817586e-01
  1.655021e-02   5.867093e-04   3.137225e+03   1.032950e+00   1.020440e+00   3.686616e-03
  3.964027e-02  -1.433909e-03   1.254817e+03   9.895718e-01   1.000336e+00   1.928248e-02
  4.796588e-02   1.194067e-03   1.025789e+03   9.788602e-01   9.987842e-01   9.742774e-03
  1.724263e-02   2.121494e-04   2.883113e+03   9.889977e-01   9.932148e-01   4.057933e-03
  1.953649e-02   2.951528e-04   2.504234e+03   9.733109e-01   9.885601e-01   4.248717e-02
  2.207714e-02  -2.943341e-04   2.272330e+03   9.980317e-01   1.000314e+00   1.315852e-02
  4.561340e-02   1.772316e-03   1.141469e+03   1.035826e+00   1.016104e+00   8.275490e-03
  4.821232e-01  -1.887788e-02   5.321940e+01   5.104558e-01   9.609649e-01   7.132442e-01
  4.983379e-02  -1.316820e-03   9.394043e+02   9.313364e-01   9.587967e-01   8.280387e-03
  3.118950e-02   5.032594e-04   1.565355e+03   9.712956e-01   9.870417e-01   2.968870e-02
  1.587886e-02   3.106490e-04   3.159278e+03   9.980153e-01   9.983814e-01   6.376027e-03
  2.424438e-02   6.202421e-04   2.051197e+03   9.893470e-01   9.952582e-01   2.336062e-04
  6.562425e-02   2.176243e-03   7.531586e+02   9.832884e-01   1.000125e+00   4.644105e-03
  1.405305e-02  -3.735574e-04   3.543412e+03   9.906551e-01   9.860535e-01   1.752167e-03
  6.996840e-02  -7.592167e-04   6.653162e+02   9.261050e-01   9.726421e-01   4.452298e-02
  4.704711e-01   1.866807e-02   9.534272e+01   8.923817e-01   1.168264e+00   3.697549e-01
  1.336547e-02  -3.540413e-04   4.110208e+03   1.092894e+00   1.052593e+00   1.636544e-02
  2.546148e-02   7.865939e-04   1.939312e+03   9.823394e-01   1.001245e+00   6.364904e-02
  8.484602e-03  -3.229084e-04   5.900879e+03   9.960436e-01   9.923490e-01   2.952851e-03
  1.378163e-02   1.863558e-04   3.631345e+03   9.956302e-01   9.964678e-01   5.189022e-03
  3.108445e-02   1.087233e-03   1.563780e+03   9.670503e-01   9.922039e-01   4.898503e-02
  2.826099e-02  -7.383233e-05   1.723585e+03   9.690589e-01   9.930636e-01   5.790463e-02
  1.033701e-01  -2.723020e-03   4.759263e+02   9.787345e-01   1.013556e+00   1.634874e-02
  2.732797e-01   7.689813e-03   1.496333e+02   8.135154e-01   1.004213e+00   2.274310e-01
  3.353862e-02  -1.015015e-03   1.424478e+03   9.504540e-01   9.718462e-01   1.995579e-02
  7.139607e-02  -1.082741e-03   6.838370e+02   9.713081e-01   9.954195e-01   1.002013e-02
  2.590602e-02  -9.206345e-06   1.920615e+03   9.898537e-01   9.974351e-01   1.226686e-02
  2.417140e-02  -5.339064e-04   2.063314e+03   9.921955e-01   9.952751e-01   1.998097e-03
  7.824020e-02  -2.681340e-03   6.316940e+02   9.832566e-01   1.006062e+00   2.967543e-02
  1.188463e-01   1.674999e-03   4.068877e+02   9.620340e-01   1.013226e+00   1.951321e-02
  3.824737e-03  -1.029123e-04   1.279443e+04   9.735373e-01   9.878426e-01   3.349742e-02
  8.366824e-02  -2.797016e-03   5.535965e+02   9.214762e-01   9.635789e-01   7.819656e-02
  3.045602e-02  -6.748882e-04   1.633224e+03   9.895756e-01   1.004897e+00   3.093354e-02
  5.239952e-02  -6.251780e-04   9.240325e+02   9.632625e-01   9.915314e-01   2.232751e-02
  5.057404e-02   1.119671e-03   9.667381e+02   9.726724e-01   9.930693e-01   4.675707e-03
  2.176579e-02  -4.446193e-04   2.271287e+03   9.835049e-01   9.911471e-01   2.269137e-03
  3.193244e-02  -1.014292e-03   1.515113e+03   9.625145e-01   9.948619e-01   6.506824e-02
  2.337780e-02   4.862296e-08   2.044935e+03   9.510718e-01   9.851629e-01   7.797788e-02
  4.515381e-02   2.161120e-05   1.022770e+03   9.187606e-01   9.766348e-01   1.395251e-01
  4.979706e-02  -1.916067e-03   9.546778e+02   9.457813e-01   9.852254e-01   3.615235e-02
  3.740867e-02   6.974618e-04   1.324145e+03   9.854579e-01   9.922206e-01   2.001129e-03
  2.236075e-02   5.174133e-04   2.237437e+03   9.953305e-01   9.983100e-01   1.251843e-02
  2.665885e-02  -5.821290e-04   1.862713e+03   9.879101e-01   9.967140e-01   7.399117e-03
  2.272000e-02   7.330183e-04   2.188665e+03   9.892767e-01   9.961607e-01   1.075537e-02
  6.492427e-02   2.122701e-03   7.699350e+02   9.944690e-01   1.004062e+00   1.616162e-02
  5.188796e-02   6.855443e-04   9.673281e+02   9.985518e-01   9.925974e-01   1.229443e-02
  2.305690e-01  -2.319083e-03   2.077909e+02   9.531419e-01   1.008147e+00   5.602828e-02
  2.397966e-02   8.838300e-04   2.090492e+03   9.972904e-01   9.905150e-01   1.340574e-02
  5.344169e-03  -1.796528e-05   9.287754e+03   9.874635e-01   9.915269e-01   3.888825e-02
  5.721787e-03  -8.592749e-05   8.684711e+03   9.885922e-01   9.871001e-01   1.336562e-02
  2.167079e-02  -8.022486e-04   2.281731e+03   9.837149e-01   9.890851e-01   8.102538e-03
  4.112839e-02   1.470591e-03   1.203532e+03   9.847578e-01   9.981901e-01   3.469355e-03
  2.619918e-02   6.126476e-04   1.860670e+03   9.698113e-01   9.899377e-01   3.624940e-02
  1.160786e-02  -1.913310e-04   4.366624e+03   1.008389e+00   9.995922e-01   4.127633e-02
  2.370336e-01   1.201261e-03   1.979264e+02   9.333485e-01   1.019700e+00   6.096773e-02
  3.853871e-02   4.974008e-04   1.260162e+03   9.661704e-01   9.871442e-01   1.928128e-02
  8.639870e-02  -7.422379e-04   5.654832e+02   9.719794e-01   1.004294e+00   3.265845e-02
  2.677252e-02   3.673609e-04   1.835406e+03   9.775784e-01   9.909084e-01   4.748251e-02
  3.434507e-02   1.001164e-03   1.449816e+03   9.906210e-01   9.999132e-01   1.046176e-02
  2.471731e-02  -5.327094e-05   2.009959e+03   9.883678e-01   9.949028e-01   1.018561e-02
  3.943034e-02  -1.471456e-03   1.273697e+03   9.991413e-01   1.002045e+00   6.864627e-03
  8.948723e-02   1.924676e-04   5.270717e+02   9.383414e-01   9.814270e-01   7.411627e-03
  5.129877e-02   4.555220e-05   9.496149e+02   9.691358e-01   9.984594e-01   6.648960e-02
  4.032657e-02  -1.008001e-03   1.192043e+03   9.563424e-01   9.826639e-01   1.341275e-02
  6.252511e-02   8.224674e-04   7.578555e+02   9.426946e-01   9.912421e-01   1.441105e-01
  1.377094e-01   9.247833e-04   3.480707e+02   9.535886e-01   1.008297e+00   4.427230e-03
  3.269687e-02   1.073792e-03   1.499120e+03   9.751529e-01   9.905606e-01   1.012154e-02
  2.187583e-02  -7.652070e-04   2.263379e+03   9.850356e-01   9.906446e-01   3.900547e-03
  3.322681e-02  -6.340730e-04   1.460020e+03   9.651119e-01   9.859122e-01   2.073015e-02
  1.489662e-02   1.874587e-04   3.384920e+03   1.003151e+00   1.009180e+00   3.181763e-02
  5.868895e-03  -5.063519e-05   8.358216e+03   9.758882e-01   9.807304e-01   9.519949e-03
  7.817286e-03  -1.537626e-04   6.643728e+03   1.033232e+00   1.019907e+00   1.434797e-02
  2.616957e-01   1.452323e-03   1.722559e+02   8.968108e-01   1.021313e+00   1.111915e-01
  4.249184e-02   7.422842e-04   1.119780e+03   9.466042e-01   9.766246e-01   4.842473e-02
  2.989576e-02  -6.370798e-04   1.660815e+03   9.877818e-01   9.951407e-01   4.530333e-03
  2.692069e-02  -6.542030e-04   1.865491e+03   9.991012e-01   1.005665e+00   1.892683e-02
  4.736047e-02   1.402208e-03   1.056373e+03   9.953220e-01   1.008058e+00   4.311643e-03
  9.088322e-03   6.875752e-05   5.431006e+03   9.819607e-01   9.861416e-01   1.013005e-02
  4.450083e-02   3.929827e-04   1.107339e+03   9.803449e-01   9.932510e-01   6.308507e-04
  3.943008e-02  -1.286621e-03   1.178681e+03   9.246000e-01   9.575159e-01   7.274919e-02
  2.412600e-01  -1.821366e-03   1.826742e+02   8.767844e-01   1.013812e+00   1.930502e-01
  7.824768e-03  -2.259546e-04   6.606938e+03   1.028494e+00   1.015731e+00   1.257498e-03
  1.461479e-02  -2.297149e-04   3.406521e+03   9.904527e-01   9.920573e-01   8.512903e-04
  3.482410e-02   7.168961e-04   1.385382e+03   9.597977e-01   9.811555e-01   1.214928e-02
  2.375936e-02   2.582599e-04   2.069813e+03   9.783538e-01   9.898016e-01   7.502577e-03
  3.552910e-02  -1.560887e-04   1.400720e+03   9.900692e-01   9.984145e-01   1.549492e-04
  3.639153e-03   1.221948e-04   1.372692e+04   9.938103e-01   9.923867e-01   2.003543e-02
  2.327879e-01  -8.953938e-03   2.038389e+02   9.440121e-01   1.023720e+00   3.118233e-02
  1.516273e-01   1.658866e-04   2.934987e+02   8.853474e-01   9.974504e-01   2.472284e-01
  9.952122e-03   3.866044e-04   5.000884e+03   9.901308e-01   9.984405e-01   1.048028e-02
  1.140796e-02  -1.191539e-04   4.412499e+03   1.001435e+00   1.000039e+00   2.972647e-03
  3.568944e-02   1.393864e-03   1.423169e+03   1.010477e+00   1.015784e+00   2.862040e-02
  1.730405e-02  -5.568329e-04   2.894850e+03   9.965611e-01   9.952668e-01   2.810139e-03
  1.265117e-02  -2.519994e-05   3.968598e+03   9.988447e-01   9.953279e-01   1.938112e-03
  5.086789e-02  -1.341547e-03   9.705297e+02   9.821610e-01   9.943265e-01   1.311800e-02
  2.130086e-01  -3.103939e-03   2.034060e+02   8.619680e-01   9.251382e-01   6.709638e-02
  1.329183e-01   7.603329e-04   3.533827e+02   9.344588e-01   1.013201e+00   1.863695e-01
  7.068522e-02   1.825346e-03   6.947093e+02   9.769265e-01   1.000018e+00   1.159163e-02
  2.897028e-02  -1.067255e-04   1.700065e+03   9.798245e-01   9.890320e-01   6.330918e-03
  4.516009e-02  -4.821498e-04   1.047614e+03   9.412090e-01   9.790722e-01   3.184728e-02
  5.523284e-03  -1.404519e-04   9.070185e+03   9.966522e-01   9.911002e-01   3.375385e-03
  1.163699e-02   2.510208e-04   4.276729e+03   9.901084e-01   9.908600e-01   6.858460e-03
  9.325148e-02  -2.086788e-03   5.247944e+02   9.735877e-01   1.007033e+00   4.105183e-02
  6.255824e-02   1.395526e-03   9.121907e+02   1.135273e+00   1.100789e+00   6.334306e-02
  9.962534e-02  -1.372785e-03   4.847493e+02   9.607649e-01   9.928835e-01   5.395585e-02
  3.227953e-02   1.696548e-04   1.448265e+03   9.300483e-01   9.664418e-01   2.632773e-02
  4.780946e-02   1.747763e-03   1.043570e+03   9.925800e-01   1.008372e+00   1.235605e-02
  4.131255e-02  -1.626918e-03   1.214120e+03   9.978696e-01   1.004724e+00   1.484617e-02
  1.904366e-02  -1.771744e-04   2.609060e+03   9.884730e-01   9.936785e-01   1.664876e-02
  3.158786e-02   6.879791e-04   1.579733e+03   9.927364e-01   9.980218e-01   1.655522e-03
  7.530292e-02   1.792471e-03   6.367805e+02   9.539634e-01   9.928911e-01   4.916527e-02
  1.761265e-01  -1.975646e-03   2.252412e+02   7.892282e-01   1.050611e+00   3.205775e-01
  6.902665e-02  -1.608958e-03   6.331120e+02   8.694157e-01   9.318786e-01   1.434741e-02
  2.567897e-02  -7.882117e-04   1.997320e+03   1.020365e+00   1.009545e+00   1.051275e-02
  3.366088e-02   1.124963e-03   1.434981e+03   9.609524e-01   9.839415e-01   2.854945e-02
  6.819492e-03  -8.306644e-05   7.178283e+03   9.738739e-01   9.919098e-01   4.749252e-02
  6.051954e-02  -5.934691e-04   8.092772e+02   9.743682e-01   9.982839e-01   9.073648e-03
  1.656278e-02  -2.185347e-04   3.016993e+03   9.941177e-01   9.952952e-01   2.322608e-03
  6.884168e-02   1.863328e-03   7.120107e+02   9.751425e-01   1.000539e+00   4.286191e-02
  2.871130e-01  -9.456184e-03   1.327021e+02   7.579857e-01   9.677475e-01   2.758930e-01
  1.936902e-02   3.160215e-04   2.322659e+03   8.950004e-01   9.454378e-01   1.184620e-01
  7.989899e-02  -1.802629e-03   5.743393e+02   9.129353e-01   9.627091e-01   2.594514e-02
  3.046945e-02  -9.961486e-04   1.621063e+03   9.826404e-01   9.974380e-01   3.229596e-02
  4.464472e-02  -1.655577e-03   1.121044e+03   9.956872e-01   1.001874e+00   3.529771e-02
  7.282828e-02  -8.352191e-04   6.836756e+02   9.905589e-01   1.009355e+00   2.661279e-04
  1.374837e-02  -4.186978e-04   3.623457e+03   9.910705e-01   9.900487e-01   7.899059e-03
  6.183772e-02  -2.346025e-03   7.749414e+02   9.533502e-01   9.914396e-01   7.198628e-02
  7.393899e-01  -1.218493e-02   4.159451e+01   6.118426e-01   9.358061e-01   3.003568e-01
  4.277767e-02  -4.639082e-04   1.128048e+03   9.600082e-01   9.779971e-01   6.750288e-03
  3.449134e-02   1.165908e-03   1.478552e+03   1.014558e+00   1.019091e+00   1.916723e-02
  7.629072e-02  -2.590128e-03   6.342819e+02   9.626850e-01   9.945841e-01   2.710600e-02
  4.901050e-02   1.783244e-03   1.012981e+03   9.876902e-01   1.016296e+00   8.388598e-02
  3.015774e-02   2.261268e-04   1.609977e+03   9.659366e-01   9.835516e-01   1.476757e-02
  4.978676e-02   8.753541e-04   1.004618e+03   9.950504e-01   1.008912e+00   5.029788e-03
  6.365647e-02  -1.564784e-03   7.774712e+02   9.845935e-01   1.003123e+00   2.824871e-02
  4.282005e-01   1.059683e-02   1.003858e+02   8.551640e-01   1.071888e+00   2.573796e-01
  2.365650e-02  -6.944268e-04   2.125507e+03   1.000330e+00   1.004659e+00   3.404603e-02
  1.024574e-02   1.827455e-04   4.798441e+03   9.780786e-01   9.845719e-01   1.624029e-02
  9.562559e-02   1.695816e-03   4.934093e+02   9.386672e-01   9.811773e-01   3.504017e-02
  2.744253e-01  -4.704093e-03   1.579532e+02   8.623485e-01   9.882468e-01   3.460679e-02
  1.488703e-03   1.706218e-05   3.387777e+04   1.003351e+00   1.000444e+00   2.872761e-02
  1.505043e-02   2.116859e-04   3.257782e+03   9.754414e-01   9.877693e-01   2.049353e-02
  2.273390e-02   7.795579e-04   2.126462e+03   9.617489e-01   9.820993e-01   5.276467e-02
  2.940570e-01  -5.354917e-04   1.226292e+02   7.173903e-01   9.689905e-01   4.129731e-01
  2.923237e-02   3.659277e-04   1.539225e+03   8.951512e-01   9.438704e-01   4.787733e-02
  5.691922e-02  -2.614729e-04   8.464617e+02   9.585095e-01   9.878929e-01   2.670550e-02
  7.333335e-02   2.611534e-03   6.986446e+02   1.019267e+00   1.018319e+00   6.901040e-03
  4.197539e-02  -1.446203e-03   1.068900e+03   8.926106e-01   9.902698e-01   1.686254e-01
  2.010714e-02  -1.263245e-04   2.475914e+03   9.904120e-01   9.899095e-01   3.888026e-02
  2.750531e-02  -6.168940e-04   1.826628e+03   9.995323e-01   9.993851e-01   1.502542e-02
  6.686791e-02   2.632954e-03   7.538193e+02   1.002802e+00   1.013813e+00   4.647137e-03
           nan            nan            nan            nan           -inf            nan
  4.626245e-02   1.055647e-03   1.084975e+03   9.985699e-01   1.005093e+00   3.338375e-02
  1.126326e-01  -2.422960e-03   4.199192e+02   9.409362e-01   9.822335e-01   5.309040e-03
  1.340826e-02   8.752968e-05   3.419566e+03   9.121657e-01   9.621925e-01   8.289828e-02
  3.989162e-02  -1.233994e-03   1.279840e+03   1.015705e+00   9.960928e-01   2.823282e-02
  1.400003e-01   1.133640e-04   3.213713e+02   8.950886e-01   9.683932e-01   2.364376e-02
  4.863940e-02  -3.093493e-04   9.902638e+02   9.582290e-01   9.830332e-01   3.648927e-02
  1.661265e-02  -3.534714e-04   2.927694e+03   9.675974e-01   9.824037e-01   3.202324e-02
           nan            nan            nan            nan            nan            nan
           nan            nan            nan            nan           -inf            nan
  1.810442e-02  -3.004194e-04   2.692436e+03   9.697509e-01   9.871183e-01   4.808387e-02
  5.927341e-02  -2.110939e-03   8.344828e+02   9.840279e-01   9.951753e-01   2.964021e-03
  3.137618e-02  -3.926281e-04   1.569029e+03   9.794023e-01   9.827430e-01   4.645564e-02
  1.056176e-01   1.213423e-03   4.842379e+02   1.017479e+00   1.020866e+00   1.656263e-02
  8.651677e-02   3.295934e-03   5.754416e+02   9.904480e-01   1.014141e+00   7.865507e-03
  2.236135e-02  -7.859920e-04   2.246545e+03   9.994093e-01   9.961971e-01   2.673543e-03
           nan            nan            nan            nan            nan            nan
           nan            nan            nan            nan           -inf            nan
           inf           -inf            nan            nan           -inf            nan
  1.403888e-03  -3.435257e-05   3.504559e+04   9.788047e-01   9.805712e-01   2.764743e-02
  7.813067e-02  -1.485318e-03   6.054288e+02   9.410545e-01   9.880476e-01   1.929629e-02
  6.023748e-02   6.342186e-04   8.082378e+02   9.685813e-01   1.025435e+00   1.288883e-01
  2.437490e-02  -2.043615e-04   2.010186e+03   9.747859e-01   9.909098e-01   3.937986e-02
  2.649033e-02   2.701545e-04   1.863579e+03   9.821217e-01   9.905926e-01   1.315157e-02
           nan            nan            nan            nan            nan            nan
           nan            nan            nan            nan            nan            nan
           inf           -inf            nan            nan           -inf            nan
           inf           -inf            nan            nan -5.675305e+302            nan
  4.518829e-02  -1.718815e-04   1.103164e+03   9.917360e-01   1.012926e+00   1.948576e-02
  5.143360e-02  -1.349741e-03   8.190161e+02   8.380493e-01   9.920193e-01   3.355657e-01
  3.969632e-02  -1.422871e-03   1.246225e+03   9.841850e-01   9.926812e-01   8.809974e-03
  3.036417e-02   4.877185e-04   1.607848e+03   9.712622e-01   9.850639e-01   1.812082e-03
           nan            nan            nan            nan            inf            nan
           nan            nan            nan            nan            nan            nan
           nan            nan            nan            nan            nan            nan
           inf            inf            nan            nan -7.571096e+297            nan
           inf           -inf            nan            nan -7.571096e+297            nan
  3.648345e-01  -3.551259e-03   1.189566e+02   8.634052e-01   1.018741e+00   5.829752e-02
  3.811502e-02   7.147386e-04   1.269461e+03   9.625993e-01   9.854557e-01   2.080221e-02
  3.418043e-02  -1.246381e-03   1.464498e+03   9.958556e-01   9.992195e-01   2.586722e-03
           nan            nan            nan            nan            nan            nan
           nan            nan            nan            nan            inf            nan
           nan            nan            nan            nan           -inf            nan
           nan            nan            nan            nan           -inf            nan
  1.340757e-02   2.086864e-04   3.701949e+03   9.874401e-01   9.920662e-01   2.630647e-02
  1.299971e-01   3.917427e-03   3.476972e+02   8.992176e-01   1.018820e+00   1.666366e-01
  4.541841e-02   1.468378e-03   1.090814e+03   9.856276e-01   9.992355e-01   2.651332e-03
  2.527930e-02  -5.004556e-05   1.922808e+03   9.670101e-01   9.851850e-01   2.647077e-02
           nan            nan            nan            nan            nan            nan
           nan            nan            nan            nan            nan            nan
           nan            nan            nan            nan            inf            nan
  3.713827e-04   1.014069e-05   1.299606e+05   9.602041e-01   9.901228e-01   7.414377e-02
  6.204264e-02   1.431881e-03   7.761380e+02   9.579865e-01   9.870864e-01   8.360775e-03
  8.014689e-02  -7.321287e-04   5.961928e+02   9.506126e-01   9.550053e-01   1.531375e-02
  1.927029e-02  -2.424384e-04   2.569362e+03   9.850170e-01   9.897664e-01   2.140130e-03
  2.041277e-02   6.584667e-04   2.434830e+03   9.887827e-01   9.897923e-01   3.598555e-03
           nan            nan            nan            nan            nan            nan
           nan            nan            nan            nan            nan            nan
  7.502809e-02   1.715247e-04   6.194443e+02   9.246051e-01   9.759737e-01   2.587351e-02
  2.582493e-02   9.522796e-04   1.986381e+03   1.020544e+00   1.015512e+00   2.590589e-02
  3.167702e-02  -4.315822e-04   1.583185e+03   9.977140e-01   1.009776e+00   3.269538e-02
  3.277196e-02  -1.164039e-03   1.541999e+03   1.005349e+00   1.014459e+00   2.551198e-02
  1.909590e-02   4.338622e-04   2.588302e+03   9.832983e-01   9.907353e-01   1.149453e-02
  1.532506e-02  -2.957015e-04   3.181239e+03   9.699034e-01   9.833546e-01   3.444849e-02
           nan            nan            nan            nan            nan            nan
  7.191722e-02   2.555531e-03   6.193004e+02   8.860626e-01   9.748593e-01   1.400940e-01
  2.939117e-02  -2.185757e-04   1.720865e+03   1.006222e+00   1.008995e+00   1.633170e-02
  3.234653e-02  -1.118619e-03   1.489055e+03   9.582277e-01   9.704738e-01   2.878546e-02
  1.932654e-02   1.068081e-05   2.533788e+03   9.742142e-01   9.878237e-01   8.210392e-03
  7.219758e-02  -1.576313e-03   6.737134e+02   9.676715e-01   9.948377e-01   1.646159e-02
  2.276585e-02   5.115171e-04   2.168067e+03   9.819439e-01   9.892351e-01   6.165222e-03
  9.361384e-02  -1.277117e-03   5.191284e+02   9.668186e-01   9.947643e-01   6.246844e-03
  2.747028e-01  -6.107141e-03   1.054473e+02   5.762736e-01   9.290659e-01   1.243646e-01
  5.039670e-02   5.445258e-04   9.511171e+02   9.536000e-01   9.780528e-01   2.564337e-02
  2.313808e-02  -4.996537e-04   2.070630e+03   9.531473e-01   9.736593e-01   2.751386e-02
  7.159492e-02   2.432425e-03   6.907309e+02   9.838327e-01   1.015209e+00   2.456276e-02
  3.813596e-03   5.374903e-05   1.343678e+04   1.019436e+00   1.006329e+00   2.228428e-02
  4.944595e-02   1.678044e-03   9.850141e+02   9.689544e-01   9.944349e-01   3.778421e-02
  2.031028e-02  -7.030710e-04   2.476567e+03   1.000682e+00   9.988912e-01   8.210300e-03
  6.130259e-02   1.104891e-03   8.297810e+02   1.011981e+00   1.014596e+00   1.629049e-02
  5.099990e-02  -6.711686e-04   4.832026e+02   4.902626e-01   8.257840e-01   5.039251e-01
  1.596147e-02  -5.072180e-04   3.048953e+03   9.681748e-01   9.806773e-01   6.606908e-02
  3.435711e-02   1.915042e-04   1.410505e+03   9.640985e-01   9.857329e-01   2.059020e-02
  3.603205e-02   1.405524e-03   1.349467e+03   9.673453e-01   9.907796e-01   2.506633e-02
  4.995968e-02   7.882849e-04   9.447921e+02   9.390443e-01   9.662417e-01   3.686651e-03
  5.266978e-02   1.665881e-03   9.372942e+02   9.821267e-01   9.997256e-01   2.647196e-02
  3.184932e-02  -5.762391e-04   1.535744e+03   9.730813e-01   9.863796e-01   7.773603e-03
  2.348794e-02  -4.169187e-04   2.026133e+03   9.467668e-01   9.735339e-01   2.634113e-02
  1.889588e-01   7.408048e-03   2.568851e+02   9.656863e-01   9.573869e-01   5.573907e-02
  4.460098e-02  -6.018612e-04   1.111612e+03   9.863423e-01   9.908057e-01   1.642232e-02
  5.925584e-02   2.343651e-03   8.180379e+02   9.643502e-01   9.901495e-01   1.711089e-02
  2.292463e-02  -5.095486e-04   2.178954e+03   9.937577e-01   9.973868e-01   2.943833e-02
  3.652492e-02  -9.171670e-04   1.363476e+03   9.907567e-01   1.004393e+00   1.092095e-02
  4.459561e-02  -1.717006e-03   1.080956e+03   9.590261e-01   9.891749e-01   4.638882e-02
  4.202039e-02   1.060369e-03   1.187306e+03   9.925508e-01   1.001724e+00   5.677127e-03
  5.412768e-02  -1.567226e-03   9.403248e+02   1.012576e+00   1.013384e+00   4.618774e-03
  7.858614e-02   8.394397e-04   5.550402e+02   8.677618e-01   9.307764e-01   1.396376e-01
  3.513035e-02   6.204587e-04   1.331833e+03   9.308127e-01   9.667495e-01   1.573535e-02
  3.697914e-02  -8.874253e-05   1.335929e+03   9.828116e-01   9.980104e-01   3.080991e-02
  3.618046e-02  -1.360817e-03   1.357985e+03   9.774602e-01   9.928460e-01   2.332201e-02
  1.034487e-02  -3.914512e-04   4.807116e+03   9.893264e-01   9.912425e-01   2.837558e-03
  5.432881e-02  -1.932283e-03   9.139702e+02   9.878532e-01   1.003094e+00   5.589458e-03
  2.592137e-02   9.340157e-04   1.876870e+03   9.678816e-01   9.852036e-01   2.815484e-02
  2.635291e-02   6.884037e-04   1.836477e+03   9.628180e-01   9.855597e-01   1.897623e-02
  1.076718e+00   1.060122e-02   2.539614e+01   5.440011e-01   1.036260e+00   3.467119e-01
  3.486138e-02  -1.106126e-05   1.364985e+03   9.466789e-01   9.570905e-01   1.087767e-01
  8.379668e-02   4.422416e-04   5.465719e+02   9.111802e-01   9.659820e-01   3.077503e-02
  4.234319e-02  -1.143662e-03   1.162233e+03   9.790542e-01   9.877740e-01   1.254976e-02
  1.635744e-02   5.564205e-04   3.071521e+03   9.995374e-01   9.980935e-01   1.058107e-02
  7.975931e-02   6.068981e-04   6.059438e+02   9.614881e-01   1.000005e+00   8.017287e-03
  3.009436e-02  -7.907838e-04   1.651284e+03   9.886374e-01   9.921834e-01   6.886708e-04
  9.450863e-04  -3.132461e-05   5.112037e+04   9.611599e-01   9.769410e-01   5.682510e-02
  1.020999e+00   3.907884e-03   3.009375e+01   6.112680e-01   1.262199e+00   1.203806e+00
  1.616053e-01   8.760985e-04   3.331077e+02   1.070953e+00   1.185456e+00   5.973359e-01
  7.562774e-02   2.038320e-03   6.792233e+02   1.021936e+00   1.035687e+00   2.074002e-01
  8.437809e-03  -1.365618e-04   6.216452e+03   1.043524e+00   1.015129e+00   4.500653e-03
  1.823455e-02   8.021955e-05   2.739040e+03   9.936274e-01   9.963375e-01   3.443032e-03
  2.678323e-02   1.945148e-04   1.851273e+03   9.864237e-01   9.908524e-01   2.401790e-02
  3.756015e-02   8.062462e-07   1.331026e+03   9.945895e-01   1.004643e+00   9.440205e-03
  1.882854e-02  -1.346156e-04   2.572075e+03   9.634528e-01   1.009710e+00   9.665449e-02
  1.725776e+00  -1.894265e-02   3.560130e+00   1.222308e-01   8.541153e-01   9.684131e-01
  1.405910e-02  -2.322328e-04   3.205238e+03   8.964950e-01   8.813645e-01   1.459732e-01
  1.248566e-02   1.765268e-04   3.714708e+03   9.227122e-01   9.561037e-01   2.406415e-02
  3.105387e-02   4.540343e-04   1.596585e+03   9.863657e-01   9.953817e-01   5.901683e-03
  1.980053e-02  -1.856243e-04   2.497717e+03   9.838979e-01   9.916218e-01   5.237212e-03
  6.758883e-03   1.308697e-04   7.366073e+03   9.904694e-01   9.909483e-01   2.304038e-02
  7.126692e-02   2.724803e-03   7.065709e+02   1.001783e+00   1.012402e+00   6.817449e-03
  1.159183e-01  -4.094827e-03   4.240192e+02   9.778400e-01   9.982023e-01   1.420532e-02
  1.482023e-01   3.234473e-03   2.952188e+02   8.704205e-01   9.472517e-01   2.404070e-01
  1.120994e-02   1.752306e-04   4.367092e+03   9.739255e-01   9.866043e-01   4.656369e-02
  5.006323e-02  -5.911848e-04   1.003261e+03   9.992240e-01   1.011494e+00   8.791216e-04
  1.718292e-02  -3.492974e-04   2.906453e+03   9.935516e-01   9.974655e-01   1.515595e-02
  9.739949e-03  -3.596156e-05   5.192367e+03   1.006126e+00   9.963014e-01   1.553941e-03
  1.484325e-02  -5.403405e-04   3.348310e+03   9.887458e-01   1.002070e+00   4.990094e-02
  2.608568e-02  -8.259357e-04   1.849032e+03   9.595701e-01   9.865317e-01   4.476864e-02
  1.552017e-02  -4.717175e-04   2.957706e+03   9.132332e-01   9.851268e-01   1.137344e-01
  8.813129e-03   1.115651e-05   5.669989e+03   9.941285e-01   1.006958e+00   1.945321e-02
  6.729695e-02  -2.569992e-04   7.262677e+02   9.723491e-01   9.941228e-01   3.947104e-03
  3.434545e-02  -2.874141e-04   1.431839e+03   9.783483e-01   9.903768e-01   2.797895e-03
  2.764333e-02  -4.222127e-04   1.782598e+03   9.803337e-01   9.914137e-01   4.384247e-03
  3.014938e-02   6.564370e-05   1.631287e+03   9.784506e-01   9.961110e-01   1.561837e-02
  1.432709e-01   7.795269e-04   3.280405e+02   9.350083e-01   9.925464e-01   4.728668e-03
  4.692927e-02  -1.462446e-03   1.049798e+03   9.801212e-01   9.958096e-01   3.112674e-02
  8.857339e-02   5.253803e-04   5.861814e+02   1.032917e+00   1.019206e+00   1.055715e-02
  6.432353e-02  -1.030830e-03   7.470455e+02   9.559762e-01   9.801525e-01   1.385693e-02
  1.298016e-02  -2.780285e-04   3.769785e+03   9.734796e-01   9.846326e-01   2.263102e-02
  1.515668e-02  -1.751338e-04   3.273976e+03   9.872103e-01   9.897197e-01   5.433296e-03
  4.827574e-02   4.800898e-04   1.015513e+03   9.753144e-01   9.950966e-01   7.557699e-03
  7.516745e-02   3.330391e-04   6.433030e+02   9.620010e-01   9.982800e-01   1.052005e-02
  3.264826e-02   9.561816e-04   1.499042e+03   9.736526e-01   1.002893e+00   5.875901e-02
  3.907897e-02   1.534250e-03   1.252691e+03   9.739067e-01   9.915629e-01   2.733753e-02
  3.974042e-02   1.452335e-03   1.140925e+03   9.020276e-01   9.666405e-01   1.378250e-01
  1.081558e-02  -2.357837e-05   4.535887e+03   9.759827e-01   9.902962e-01   4.449293e-02
  2.574767e-02   4.110591e-04   1.954035e+03   1.000923e+00   9.991850e-01   3.031993e-03
  1.910672e-02   5.153805e-04   2.610379e+03   9.922473e-01   9.979534e-01   1.575689e-02
  3.034321e-02   3.172887e-04   1.637462e+03   9.884689e-01   9.961302e-01   1.064485e-02
  3.919140e-02   7.193357e-06   1.255915e+03   9.792222e-01   9.938134e-01   2.512786e-02
  2.113332e-03  -3.535074e-05   2.362377e+04   9.932236e-01   9.790634e-01   3.330521e-03
  6.681473e-02   2.623441e-03   7.385756e+02   9.817420e-01   1.008243e+00   2.516359e-02
  1.283598e-01  -4.618155e-03   3.854273e+02   9.842414e-01   1.017304e+00   3.340455e-02
  2.063441e-02   5.139501e-04   2.396985e+03   9.839829e-01   9.927747e-01   2.360910e-02
  3.823793e-02   6.692097e-04   1.272686e+03   9.681573e-01   9.899079e-01   7.568275e-03
  4.565095e-02   9.493436e-04   1.053688e+03   9.569561e-01   9.803010e-01   6.852933e-03
  6.361861e-03  -3.595857e-05   7.886474e+03   9.981531e-01   9.951282e-01   7.611223e-03
  2.108255e-03  -2.783841e-06   2.381541e+04   9.988756e-01   9.902135e-01   8.860596e-03
  2.953966e-02   3.346074e-05   1.690116e+03   9.932354e-01   1.003723e+00   1.145974e-02
  4.440513e-02  -1.616809e-03   1.102560e+03   9.740150e-01   9.879531e-01   1.776765e-02
  2.972851e-02  -1.096211e-03   1.611674e+03   9.531921e-01   9.903461e-01   7.170997e-02
  2.568646e-02  -4.951166e-04   1.828808e+03   9.345499e-01   9.663025e-01   4.088824e-02
  1.708027e-02   2.015894e-04   2.923395e+03   9.933729e-01   9.960703e-01   5.126200e-03
  2.578001e-02  -6.728126e-04   1.949479e+03   9.998429e-01   1.003243e+00   1.421149e-02
  1.223880e-02  -1.755912e-04   4.046735e+03   9.853118e-01   9.914451e-01   8.054787e-03
  8.670783e-03  -1.218177e-04   5.728535e+03   9.881708e-01   9.900475e-01   1.826114e-02
  5.869352e-02   4.306124e-04   8.289504e+02   9.679410e-01   9.931166e-01   4.537421e-03
  2.191706e-02  -8.627190e-04   2.273542e+03   9.913237e-01   9.954241e-01   9.014117e-03
  4.323436e-02   1.700142e-03   1.146236e+03   9.859005e-01   9.923795e-01   5.744834e-03
  2.973925e-02  -1.063576e-03   1.769045e+03   1.046645e+00   1.022396e+00   7.115691e-03
  1.715823e-02  -2.616970e-04   2.857522e+03   9.754213e-01   9.747517e-01   7.275281e-03
  2.240521e-02  -7.595953e-04   2.170471e+03   9.674600e-01   9.855236e-01   2.158856e-02
  5.261513e-02  -5.441604e-04   9.302250e+02   9.737082e-01   9.915775e-01   1.370470e-03
  7.550374e-02  -1.516276e-04   6.398481e+02   9.611152e-01   9.984438e-01   6.864569e-03
  8.411377e-03  -2.135031e-04   5.944234e+03   9.947022e-01   9.918379e-01   8.065364e-03
  1.706703e-02   3.929048e-04   2.918693e+03   9.910068e-01   9.928559e-01   4.409415e-03
  2.499727e-02   1.218106e-04   1.988258e+03   9.887708e-01   9.948483e-01   1.019107e-02
  2.248506e-02   5.437386e-04   2.001933e+03   8.955166e-01   9.433325e-01   5.764812e-02
  5.092215e-02  -1.349895e-03   9.550336e+02   9.675102e-01   9.802534e-01   8.627461e-03
  5.293979e-02   7.587701e-04   9.423539e+02   9.924906e-01   1.002525e+00   7.178455e-03
  2.702722e-02   3.831692e-04   1.814500e+03   9.756378e-01   9.931866e-01   2.972266e-02
  7.877235e-02   1.092200e-03   6.171238e+02   9.671107e-01   1.000321e+00   1.470921e-02
  1.297960e-02  -3.273960e-04   3.835571e+03   9.904245e-01   9.927821e-01   2.787670e-03
  3.088331e-02   1.610227e-04   1.599614e+03   9.828090e-01   9.926700e-01   7.916017e-04
  8.007099e-03  -1.784442e-04   6.125155e+03   9.757137e-01   9.811831e-01   1.692476e-02
  2.615316e-01   9.330541e-03   1.900734e+02   9.889533e-01   1.097168e+00   1.097797e-01
  4.325397e-02  -2.425783e-05   1.109359e+03   9.546147e-01   9.813615e-01   1.577384e-02
  2.489727e-02   5.165402e-04   1.914323e+03   9.481936e-01   9.868699e-01   7.104148e-02
  4.253642e-02   1.195213e-03   1.161533e+03   9.829305e-01   9.950126e-01   4.661601e-03
  3.802465e-03  -9.375069e-06   1.311936e+04   9.924490e-01   9.876702e-01   2.553420e-02
  3.973390e-02  -2.101917e-04   1.233992e+03   9.754468e-01   9.912187e-01   3.344684e-03
  2.002601e-02   5.686936e-05   2.497440e+03   9.949919e-01   9.954151e-01   2.353167e-03
  5.788523e-02   6.647985e-04   8.485632e+02   9.771969e-01   9.955313e-01   1.371530e-02
  1.783865e-01  -4.971822e-03   1.685514e+02   5.981695e-01   8.599594e-01   4.164932e-01
  4.056750e-02   1.199608e-03   1.199697e+03   9.682335e-01   9.804181e-01   1.174797e-02
  6.570867e-02  -7.471020e-04   7.352914e+02   9.611969e-01   9.834994e-01   1.695302e-02
  3.666887e-02   3.922266e-04   1.325595e+03   9.670266e-01   9.883269e-01   1.097696e-02
  3.361463e-02  -4.528296e-04   1.456369e+03   9.739353e-01   9.954992e-01   3.146039e-02
  2.294641e-02   5.737957e-04   2.173104e+03   9.920313e-01   9.956355e-01   7.633901e-03
  5.043356e-03   6.535938e-05   9.976575e+03   1.000993e+00   9.959068e-01   1.096029e-02
  1.546066e-01  -1.002212e-03   3.104097e+02   9.547585e-01   1.011516e+00   4.028594e-02
  3.714892e-01  -8.853450e-03   1.364309e+02   1.008298e+00   1.089757e+00   4.761519e-02
  3.647277e-02  -5.537643e-04   1.245733e+03   9.039071e-01   9.715687e-01   1.097639e-01
  3.843511e-02  -2.573800e-04   1.262620e+03   9.654526e-01   9.925928e-01   5.572624e-02
  3.783896e-02  -6.381745e-04   1.304804e+03   9.822334e-01   9.934808e-01   6.274853e-03
  1.053115e-01  -3.096007e-03   4.488688e+02   9.404272e-01   9.955396e-01   4.283234e-02
  2.553026e-02   8.558455e-04   1.936310e+03   9.834680e-01   9.923997e-01   6.568284e-03
  2.225574e-02  -4.135898e-04   2.228305e+03   9.866128e-01   9.907810e-01   3.061252e-03
  8.615130e-02  -9.193257e-05   5.583717e+02   9.570077e-01   9.844233e-01   1.705921e-02
  1.768188e-01   2.876136e-03   7.606858e+01   2.675863e-01   8.428971e-01   1.692824e+00
  3.548466e-02  -1.325698e-03   1.313650e+03   9.273644e-01   9.456292e-01   1.141340e-01
  1.475056e-01   2.090442e-03   3.221553e+02   9.453743e-01   1.011161e+00   3.182628e-02
  7.565029e-03  -2.279184e-04   6.502935e+03   9.787014e-01   9.870956e-01   2.853056e-02
  5.573294e-02   1.696389e-03   8.545587e+02   9.475103e-01   9.870035e-01   5.126316e-02
  4.176548e-02   3.283196e-05   1.190745e+03   9.893872e-01   9.996793e-01   4.590601e-03
  2.864405e-02  -1.496892e-04   1.733232e+03   9.876914e-01   9.996849e-01   1.503331e-02
  7.277940e-03  -2.528475e-05   6.847815e+03   9.914952e-01   9.936989e-01   4.517929e-02
  7.205239e-01   2.473522e-02   6.538201e+01   9.372097e-01   1.216897e+00   3.984132e-01
  2.140268e-02  -2.183632e-04   2.619047e+03   1.115171e+00   1.063636e+00   5.889262e-02
  5.886615e-02  -8.314141e-04   8.007880e+02   9.378067e-01   9.994143e-01   1.409803e-01
  1.512119e-02   4.577606e-04   3.208014e+03   9.650557e-01   9.820078e-01   8.650784e-02
  9.233884e-02   1.574045e-04   5.576347e+02   1.024388e+00   1.020023e+00   1.214400e-02
  2.414633e-02  -4.468513e-04   2.039106e+03   9.795376e-01   9.909929e-01   5.370450e-03
  4.166232e-02   8.392641e-04   1.177556e+03   9.760121e-01   9.894268e-01   1.126434e-02
  8.739147e-02  -8.608347e-04   5.469560e+02   9.509367e-01   9.879999e-01   2.334181e-02
  5.723880e-01  -5.544568e-03   3.574451e+01   4.070333e-01   9.343810e-01   7.900727e-01
  1.624318e-02  -1.813835e-04   3.090093e+03   9.985566e-01   1.004366e+00   1.617374e-02
  1.036777e-01  -2.812745e-03   4.692781e+02   9.679338e-01   9.961540e-01   1.646599e-02
  1.855848e-01   5.464624e-03   2.596763e+02   9.587491e-01   1.038205e+00   1.464322e-02
  1.820462e-02   2.298404e-04   2.504050e+03   9.068903e-01   9.643947e-01   1.169774e-01
  2.319846e-02  -6.831766e-04   2.140009e+03   9.876544e-01   9.963105e-01   2.250017e-02
  1.954176e-03  -2.390996e-05   2.588039e+04   1.006155e+00   1.001547e+00   4.504297e-02
  2.009050e-01   3.654630e-04   2.367093e+02   9.460979e-01   1.022610e+00   9.039495e-02
  5.026377e-01  -1.643304e-02   8.683432e+01   8.683137e-01   1.032500e+00   1.053725e-01
  3.895585e-02  -5.123911e-04   1.250819e+03   9.693873e-01   9.854511e-01   2.891309e-02
  1.756505e-02   5.377201e-04   2.706132e+03   9.456457e-01   9.777200e-01   4.499183e-02
  1.031496e-01  -1.610289e-03   4.312803e+02   8.850284e-01   9.838008e-01   1.566459e-01
  9.346959e-02  -2.289043e-03   5.347094e+02   9.943019e-01   1.022511e+00   2.136360e-02
  4.278837e-02   7.572502e-04   1.130868e+03   9.626488e-01   9.889265e-01   3.890543e-02
  3.273119e-02  -3.160836e-04   1.508735e+03   9.824373e-01   9.840812e-01   5.058884e-03
  1.132745e-01   1.055812e-03   4.193797e+02   9.450821e-01   9.907006e-01   4.833596e-02
           nan            nan            nan            nan           -inf            inf
  5.758860e-02  -1.880690e-03   8.284090e+02   9.490990e-01   9.767180e-01   8.401721e-02
  6.616663e-02   2.576370e-03   7.644671e+02   1.006301e+00   1.025357e+00   2.827471e-02
  8.564049e-02   1.633393e-03   5.926782e+02   1.009784e+00   1.017050e+00   1.635060e-02
  5.080476e-02  -1.518968e-03   8.902845e+02   8.998361e-01   9.546902e-01   1.058532e-01
  1.053127e-01   4.031711e-03   4.713433e+02   9.875251e-01   1.014148e+00   4.998759e-03
  6.773820e-02   8.028216e-04   7.057671e+02   9.510978e-01   9.972235e-01   4.933992e-02
  9.086383e-03   7.109699e-05   5.430721e+03   9.816997e-01   9.828281e-01   2.034372e-02
           nan            nan            nan            nan            nan            nan
           nan            nan            nan            nan           -inf            nan
  5.275695e-02  -1.925545e-03   8.329962e+02   8.742847e-01   9.409797e-01   7.282409e-02
  5.130379e-02  -6.136945e-04   9.081105e+02   9.268688e-01   9.900603e-01   1.646935e-01
  9.705780e-02   1.998273e-04   5.310227e+02   1.025354e+00   1.035098e+00   4.499981e-02
  2.805331e-02  -6.618557e-04   1.641241e+03   9.159815e-01   9.639121e-01   7.035117e-02
  1.041432e-01   2.311368e-03   4.624522e+02   9.581380e-01   1.003913e+00   1.974202e-02
  9.136283e-03  -1.135243e-05   5.454211e+03   9.913604e-01   9.889129e-01   4.154109e-03
           nan            nan            nan            nan            nan            nan
           nan            nan            nan            nan           -inf            nan
           inf           -inf            nan            nan           -inf            nan
  2.638118e-01   5.116667e-04   1.793204e+02   9.411397e-01   1.017480e+00   4.555163e-02
  1.013318e-01   1.881897e-03   4.433928e+02   8.938495e-01   9.758715e-01   9.474730e-02
  1.378928e-01  -4.140054e-03   3.611173e+02   9.906493e-01   1.033262e+00   3.418074e-02
  1.263273e-02  -3.398056e-04   3.901057e+03   9.804146e-01   9.798081e-01   1.613877e-02
  4.591686e-02   3.485881e-04   1.081676e+03   9.880972e-01   1.002491e+00   1.534215e-02
           nan            nan            nan            nan            nan            nan
           nan            nan            nan            nan            nan            nan
           nan           -inf            nan            nan            inf            nan
           inf           -inf            nan            nan -9.438641e+301            nan
  9.657666e-02  -2.298794e-03   5.148181e+02   9.891363e-01   1.029542e+00   7.075752e-02
  5.389789e-02   1.783721e-03   7.011225e+02   7.517888e-01   9.307452e-01   3.273418e-01
  7.079069e-03  -2.021933e-04   7.078429e+03   9.968807e-01   9.974395e-01   3.977336e-02
  5.103882e-02  -1.024994e-04   9.376153e+02   9.520406e-01   9.806461e-01   4.224163e-03
           nan            nan            nan            nan            nan            nan
           nan            nan            nan            nan            nan            nan
           nan            nan            nan            nan           -inf            nan
           nan            nan            nan            nan           -inf            nan
           inf           -inf            nan            nan -1.453670e+299            nan
  4.226478e-01   1.171871e-02   1.231681e+02   1.035636e+00   1.110672e+00   3.580884e-02
  5.304119e-02   4.456152e-04   9.124710e+02   9.628585e-01   9.962253e-01   2.936515e-02
  1.410984e-02  -8.282863e-05   3.562345e+03   9.999729e-01   9.969343e-01   1.118329e-02
           nan            nan            nan            nan            nan            nan
           nan            nan            nan            nan            inf            nan
           nan            nan            nan            nan            nan            nan
           nan            nan            nan            nan           -inf            nan
           inf            inf            nan            nan -1.539361e+292            inf
           inf           -inf   0.000000e+00   1.000000e-22 -1.539361e+292            inf
  4.386027e-02   8.517035e-04   1.127163e+03   9.835314e-01   1.000619e+00   1.820308e-02
  1.533260e-02   2.290760e-06   3.217356e+03   9.813974e-01   9.823366e-01   3.663728e-03
           nan            nan            nan            nan            nan            nan
           nan            nan            nan            nan            nan            nan
           nan            nan            nan            nan            inf            nan
           nan            nan            nan            nan           -inf            nan
           inf           -inf            nan            nan           -inf            nan
  2.887850e-01  -9.136698e-03   1.661134e+02   9.543537e-01   1.046306e+00   3.773379e-02
  9.573116e-03   2.429537e-04   5.226152e+03   9.953263e-01   9.867920e-01   4.290022e-03
  2.767743e-02  -8.265892e-04   1.849671e+03   1.018475e+00   1.012611e+00   1.008601e-02
           nan            nan            nan            nan            nan            nan
           nan            nan            nan            nan            nan            nan
           nan            nan            nan            nan           -inf            nan
           nan            nan            nan            nan            inf            nan
  1.621334e-02  -5.917667e-04   3.045692e+03   9.824009e-01   9.929755e-01   2.832306e-02
  2.741430e-02  -1.826355e-04   1.696208e+03   9.250948e-01   9.711531e-01   1.201224e-01
  2.230738e-02   5.714154e-04   2.201013e+03   9.767905e-01   9.848369e-01   1.926611e-03
  1.533443e-02   2.787858e-04   3.105182e+03   9.472943e-01   9.679260e-01   3.065214e-02
           nan            nan            nan            nan            nan            nan
           nan            nan            nan            nan            inf            nan
           nan            nan            nan            nan            nan            nan
  6.533462e-02   1.804004e-03   7.712052e+02   1.002405e+00   1.020809e+00   2.546809e-02
  6.784452e-02  -1.961512e-03   7.301077e+02   9.854439e-01   9.984015e-01   1.048285e-02
  4.497302e-02   1.567036e-03   1.117358e+03   9.997109e-01   1.004693e+00   9.814272e-03
  2.636134e-02   1.964583e-04   1.889342e+03   9.908507e-01   9.977068e-01   2.994953e-03
  6.549531e-02   2.401056e-03   7.653287e+02   9.972140e-01   1.013716e+00   8.143300e-03
           nan            nan            nan            nan            nan            nan
           nan            nan            nan            nan            nan            nan
  4.682989e-02  -1.830295e-03   1.055814e+03   9.836503e-01   1.001050e+00   2.337742e-02
  1.057197e-01   1.295051e-03   4.530229e+02   9.528096e-01   1.002240e+00   2.766704e-02
  7.121304e-02  -6.714989e-04   6.680518e+02   9.464547e-01   9.885416e-01   5.222296e-02
  7.495168e-02  -5.724076e-04   6.410064e+02   9.558151e-01   9.936886e-01   1.441109e-02
  1.004189e-02   6.627125e-05   4.904352e+03   9.797768e-01   9.840330e-01   6.889363e-03
  5.132791e-02  -2.918047e-04   9.221546e+02   9.416455e-01   9.830253e-01   7.066175e-02
           nan            nan            nan            nan            inf            nan
  3.231085e-02   3.428772e-04   1.502702e+03   9.659424e-01   1.003023e+00   9.760460e-02
  1.079834e-01   1.939667e-03   4.506923e+02   9.682051e-01   1.001795e+00   1.953593e-02
  7.443885e-02  -2.511828e-03   6.653958e+02   9.853940e-01   9.957049e-01   2.951237e-02
  7.273372e-02   1.119754e-03   6.979304e+02   1.009899e+00   1.030480e+00   1.952828e-02
  6.449144e-02  -1.904327e-04   7.465360e+02   9.578179e-01   9.890130e-01   2.871696e-02
  3.322863e-02   4.435486e-04   1.530270e+03   1.011604e+00   1.008301e+00   5.365297e-03
  1.882614e-02  -2.439688e-04   2.705632e+03   1.013352e+00   1.007512e+00   4.157092e-02
  2.175448e-01   4.535810e-03   2.127011e+02   9.205526e-01   1.014002e+00   5.528056e-02
  6.016628e-02   1.696894e-03   8.804803e+02   1.053909e+00   1.045076e+00   2.551222e-02
  4.258388e-02   1.670606e-03   1.163255e+03   9.854854e-01   1.008005e+00   7.110386e-02
  7.820029e-02  -3.897419e-04   6.153075e+02   9.572617e-01   9.814584e-01   2.054054e-03
  1.785930e-02   1.700876e-04   2.653502e+03   9.427882e-01   9.825351e-01   1.068686e-01
  9.796156e-03  -1.147554e-05   5.113558e+03   9.965729e-01   9.920371e-01   3.089776e-02
  4.660748e-02   4.830044e-05   1.025925e+03   9.512645e-01   9.792712e-01   3.278972e-03
  8.862318e-03   2.062383e-04   5.476215e+03   9.655126e-01   9.947423e-01   7.980792e-02
  2.671000e-02   5.233030e-04   1.979467e+03   1.051846e+00   1.031700e+00   6.040901e-02
  1.578655e-01  -1.057697e-03   2.814500e+02   8.839315e-01   9.801069e-01   7.845380e-02
  2.326273e-02  -6.135159e-04   2.094007e+03   9.691009e-01   9.908060e-01   2.336316e-02
  1.016667e-01   1.078384e-03   4.717163e+02   9.540907e-01   9.976098e-01   2.541307e-02
  9.398491e-02  -3.632420e-03   5.166167e+02   9.659545e-01   9.921732e-01   6.331626e-04
  3.858042e-03  -1.529169e-04   1.294431e+04   9.935187e-01   9.925893e-01   1.238124e-02
  1.472626e-02   1.457934e-04   3.401898e+03   9.966525e-01   9.939158e-01   8.162417e-03
  8.433142e-02   1.778798e-03   5.682942e+02   9.534386e-01   9.786593e-01   1.387162e-02
  1.493089e-01  -9.993624e-04   2.365479e+02   7.026435e-01   8.970473e-01   4.932673e-01
  5.092309e-02  -1.230857e-03   9.481730e+02   9.605776e-01   1.000252e+00   1.398105e-01
  6.287654e-02  -2.066208e-03   7.920949e+02   9.908228e-01   1.010040e+00   9.726481e-03
  8.213847e-02   8.176496e-04   6.020908e+02   9.838723e-01   1.020592e+00   3.333285e-02
  2.740181e-02  -4.302338e-05   1.760755e+03   9.598607e-01   9.871845e-01   4.105395e-02
  4.832962e-02   2.924454e-05   1.010389e+03   9.714759e-01   9.992214e-01   2.140039e-02
  1.083845e-02   2.633969e-04   4.558226e+03   9.828635e-01   9.864319e-01   3.033010e-03
  5.441451e-02  -1.363014e-03   9.193184e+02   9.952011e-01   1.006706e+00   2.993455e-02
  6.850482e-01  -1.697538e-03   2.885793e+01   3.932933e-01   8.332710e-01   9.746984e-01
  2.711812e-02   4.328195e-04   1.581904e+03   8.534334e-01   8.876273e-01   1.605994e-01
  4.784502e-02  -8.236088e-04   9.772461e+02   9.301881e-01   9.627292e-01   4.772109e-03
  3.843337e-02  -2.740034e-04   1.280002e+03   9.786994e-01   9.931270e-01   1.452218e-02
  2.603883e-02  -5.233049e-04   1.867635e+03   9.674836e-01   9.876165e-01   2.083228e-02
  2.117176e-02  -7.156226e-04   2.315366e+03   9.752293e-01   9.859416e-01   3.573809e-03
  2.764244e-02   4.910401e-04   1.817689e+03   9.995998e-01   1.008339e+00   1.553306e-02
  3.999288e-03  -4.335641e-05   1.175707e+04   9.354313e-01   9.712728e-01   1.445512e-01
  3.840524e-01   1.024479e-02   1.357741e+02   1.037379e+00   1.058586e+00   1.508758e-01
  5.408842e-02   1.700919e-04   1.020706e+03   1.098336e+00   1.069979e+00   1.789130e-02
  1.378062e-02  -3.758840e-04   3.688800e+03   1.011309e+00   1.007382e+00   2.636193e-02
  2.397926e-02   5.823470e-04   2.083183e+03   9.937872e-01   1.000763e+00   1.782815e-02
  3.648013e-02   1.195139e-03   1.359862e+03   9.869186e-01   9.959478e-01   6.231629e-03
  4.559467e-02  -1.469861e-03   1.078392e+03   9.781844e-01   9.943000e-01   7.792222e-03
  3.992191e-02   5.786859e-04   1.167992e+03   9.276437e-01   9.690279e-01   1.036516e-02
  3.323294e-01  -7.321925e-03   1.482289e+02   9.800126e-01   1.043990e+00   1.002515e-01
  1.621939e-01   8.442183e-05   2.524750e+02   8.146725e-01   8.720897e-01   3.460213e-01
  8.477220e-02  -1.476818e-03   5.291269e+02   8.923668e-01   9.462927e-01   7.782482e-03
  1.884843e-02   1.235098e-04   2.581613e+03   9.680470e-01   9.857483e-01   8.300929e-03
  3.329853e-02  -4.087998e-04   1.467364e+03   9.720600e-01   9.856049e-01   1.499105e-03
  1.318200e-02  -2.453706e-05   3.736170e+03   9.798012e-01   9.854947e-01   5.036648e-03
  3.316579e-02   3.491325e-04   1.466074e+03   9.673340e-01   9.837750e-01   1.868130e-02
  8.212376e-03  -3.637296e-05   5.848977e+03   9.556061e-01   9.667531e-01   2.363618e-02
  3.866165e-02  -2.835789e-04   1.044375e+03   8.032801e-01   9.208488e-01   1.996915e-01
  7.643542e-02   2.406992e-03   6.059545e+02   9.214353e-01   9.717864e-01   2.981112e-02
  1.696155e-02  -1.531875e-04   2.974710e+03   1.003784e+00   1.013528e+00   7.564097e-02
  4.159038e-02   2.185984e-04   1.204605e+03   9.967077e-01   1.002120e+00   9.441703e-04
  2.613580e-02   8.461096e-05   1.909510e+03   9.928595e-01   1.002241e+00   2.336073e-02
  1.220934e-02  -3.600907e-04   4.103670e+03   9.967696e-01   9.944557e-01   1.134352e-03
  5.834527e-02   2.304091e-03   8.459650e+02   9.819473e-01   9.978811e-01   3.269702e-03
  5.242101e-03  -1.349568e-05   9.430647e+03   9.835059e-01   9.896110e-01   1.741065e-02
  2.245578e-01  -8.190489e-03   1.986603e+02   8.875018e-01   9.944050e-01   8.384289e-02
  3.091522e-02   1.514387e-04   1.525111e+03   9.380021e-01   9.865388e-01   1.268185e-01
  1.114332e-01  -4.177387e-04   4.210823e+02   9.334945e-01   9.855775e-01   5.124592e-02
  4.242454e-02   7.485430e-06   1.146764e+03   9.678794e-01   9.857725e-01   8.293854e-03
  5.625474e-02   1.478105e-03   8.655420e+02   9.686734e-01   9.897698e-01   2.770315e-03
  2.941379e-02   6.893068e-04   1.670430e+03   9.774838e-01   9.923555e-01   2.317984e-03
  5.390578e-02  -2.758650e-04   8.950259e+02   9.598450e-01   9.907028e-01   2.930473e-02
  6.363033e-02   3.900893e-04   7.630683e+02   9.659569e-01   9.979169e-01   1.768587e-02
  7.736051e-03   2.746392e-05   6.303539e+03   9.701388e-01   9.817472e-01   1.188668e-01
  7.984238e-02   1.701306e-05   6.007554e+02   9.542481e-01   9.808729e-01   2.439725e-02
  4.952828e-02   6.793394e-04   9.911271e+02   9.765912e-01   1.008143e+00   8.599767e-02
  3.120605e-02   6.340419e-04   1.583436e+03   9.830362e-01   9.969661e-01   2.619512e-02
  1.708555e-02  -1.271475e-04   2.882511e+03   9.797836e-01   9.933387e-01   4.448185e-02
  4.007766e-02   6.765359e-04   1.223949e+03   9.758784e-01   9.933809e-01   1.456251e-02
  6.332706e-02  -2.366985e-03   7.664732e+02   9.656427e-01   9.931777e-01   2.224052e-02
  4.224625e-02   1.167097e-03   1.147786e+03   9.646710e-01   9.886877e-01   4.473873e-02
  5.013550e-02  -1.350135e-03   9.843973e+02   9.818518e-01   1.011885e+00   3.233714e-02
  1.223717e-01   1.077351e-04   3.791627e+02   9.230746e-01   9.943072e-01   9.573540e-02
  8.553372e-02   1.911442e-04   5.620632e+02   9.564288e-01   9.939014e-01   4.642774e-02
  3.589841e-02   4.377909e-04   1.376934e+03   9.833736e-01   9.963424e-01   5.401241e-03
  7.928524e-02  -2.059467e-03   6.159451e+02   9.715485e-01   9.992257e-01   3.834558e-03
  2.867390e-02  -1.107565e-03   1.731442e+03   9.876997e-01   9.933591e-01   9.760201e-03
  3.269548e-02   7.614298e-04   1.523692e+03   9.910947e-01   9.952743e-01   1.089120e-02
  2.048433e-02   1.684840e-05   2.433379e+03   9.916572e-01   9.914761e-01   2.449214e-02
  1.148621e-02  -2.436655e-04   4.554702e+03   1.040799e+00   1.019384e+00   3.472482e-02
  1.457019e-01   3.404229e-03   3.397688e+02   9.848699e-01   1.019576e+00   2.419988e-02
  1.630592e-02  -5.433481e-04   3.063794e+03   9.938828e-01   9.969521e-01   2.573549e-02
  2.195026e-02   1.068397e-04   2.219529e+03   9.692385e-01   9.823934e-01   1.497510e-02
  5.170051e-02  -4.273388e-04   9.235180e+02   9.498835e-01   9.903711e-01   7.788845e-02
  1.291105e-02  -4.502929e-04   3.843634e+03   9.872647e-01   9.932633e-01   1.793620e-02
  2.423210e-02   8.625970e-04   2.019128e+03   9.733859e-01   9.865598e-01   1.899257e-02
  1.135606e-02  -4.511510e-04   4.428230e+03   1.000433e+00   9.981072e-01   5.012395e-03
  1.139313e-01   4.471244e-04   4.083736e+02   9.256162e-01   9.786396e-01   6.470351e-03
  2.763377e-03   5.757780e-07   1.687053e+04   9.274680e-01   9.663687e-01   7.952257e-02
  4.970585e-02  -6.738473e-04   9.608166e+02   9.501194e-01   9.781858e-01   2.621550e-02
  6.780826e-02   5.844414e-05   7.260683e+02   9.794679e-01   9.985791e-01   7.738163e-04
  7.993647e-02   2.117088e-03   6.156147e+02   9.790031e-01   1.000748e+00   1.732702e-02
  2.091477e-02   8.208207e-04   2.375425e+03   9.883813e-01   9.941402e-01   4.356136e-03
  2.467187e-02  -9.661259e-04   2.019239e+03   9.911055e-01   9.941091e-01   1.642802e-03
  3.080351e-02   8.263326e-05   1.591554e+03   9.753304e-01   9.890816e-01   8.324994e-03
  3.091288e-02   4.855233e-04   1.570526e+03   9.658611e-01   9.957661e-01   7.097175e-02
  2.874813e-02  -5.970615e-04   1.802835e+03   1.031088e+00   1.018497e+00   1.736698e-02
  5.320070e-02   1.634773e-03   9.481386e+02   1.003504e+00   1.005709e+00   1.279585e-02
  2.762121e-02   6.525190e-04   1.743000e+03   9.577901e-01   9.946074e-01   8.201089e-02
  6.836863e-02   3.218757e-04   6.949335e+02   9.452144e-01   9.860206e-01   4.468845e-02
  4.230595e-02   6.920897e-04   1.148756e+03   9.668502e-01   9.898925e-01   2.166156e-02
  2.823120e-02  -3.164288e-04   1.722040e+03   9.671700e-01   9.879330e-01   2.209484e-02
  2.827359e-02   9.290818e-04   1.752823e+03   9.859372e-01   9.943869e-01   1.213400e-02
  6.148732e-03  -1.356652e-04   8.036372e+03   9.830503e-01   9.758394e-01   1.232439e-03
  7.255518e-02   1.420739e-03   6.077127e+02   8.771965e-01   9.306415e-01   2.402214e-02
  1.846196e-02   4.996041e-04   2.660146e+03   9.770423e-01   9.933827e-01   2.802818e-02
  1.004639e-01   2.689867e-04   4.863349e+02   9.720205e-01   9.974659e-01   1.206427e-02
  4.520708e-02  -1.478721e-03   1.100265e+03   9.895410e-01   1.017773e+00   7.483111e-02
  7.146205e-02  -2.661441e-03   6.887531e+02   9.791950e-01   1.000460e+00   6.423466e-03
  5.454418e-02   2.070879e-03   9.140408e+02   9.918457e-01   1.004594e+00   2.585329e-03
  2.365859e-02  -2.870422e-06   2.099669e+03   9.882571e-01   9.926793e-01   3.617136e-03
  1.408664e-02   2.232354e-04   3.598176e+03   1.008370e+00   1.002294e+00   4.800240e-03
  2.088138e-02   3.095214e-04   2.661390e+03   1.105599e+00   1.058256e+00   9.692087e-03
  4.049676e-02  -1.066761e-03   1.272024e+03   1.024816e+00   1.019035e+00   1.515812e-03
  9.517338e-03  -1.793335e-04   5.030689e+03   9.525179e-01   9.900676e-01   1.022275e-01
  8.718354e-02   7.721211e-06   5.441673e+02   9.438372e-01   9.901851e-01   5.597347e-02
  1.439581e-02  -4.748093e-04   3.356220e+03   9.612061e-01   9.847574e-01   4.759196e-02
  3.005217e-02   6.306008e-05   1.614186e+03   9.650716e-01   9.817810e-01   1.594506e-02
  2.379000e-02  -4.346949e-04   2.083887e+03   9.862767e-01   9.919038e-01   4.664231e-03
  1.871942e-02   6.100587e-04   2.622052e+03   9.764808e-01   9.835442e-01   6.754201e-03
  5.831898e-01   4.592591e-03   6.175675e+01   7.165136e-01   9.422765e-01   1.137672e-01
  2.233087e-02  -4.397860e-04   2.186504e+03   9.713731e-01   9.737270e-01   3.418446e-02
  1.520160e-01   6.321742e-05   3.203903e+02   9.689446e-01   1.026927e+00   1.286168e-02
  1.079316e-02   4.100542e-04   4.723662e+03   1.014279e+00   1.005294e+00   2.383021e-02
  4.188118e-02   1.564041e-03   1.186260e+03   9.883916e-01   9.948056e-01   1.342064e-02
  2.239009e-02  -7.401021e-04   2.253000e+03   1.003569e+00   1.001262e+00   6.867415e-03
  1.475952e-02   2.110832e-04   3.388298e+03   9.949105e-01   9.933683e-01   2.824711e-03
  3.016877e-02  -1.117668e-03   1.676626e+03   1.006292e+00   1.007403e+00   8.979904e-03
  2.117502e+00  -2.537462e-03   1.796768e-09   7.569132e-11   7.569132e-01   2.020534e+00
  4.191771e-02   5.320712e-04   1.098616e+03   9.161649e-01   8.617161e-01   4.746877e-01
  3.719653e-02   9.953944e-04   1.131405e+03   8.372416e-01   9.439752e-01   2.174070e-01
  8.642517e-02  -7.737314e-04   5.610022e+02   9.645726e-01   9.970654e-01   9.305255e-03
  7.486030e-02  -7.266755e-04   6.401139e+02   9.533206e-01   1.002035e+00   4.980364e-02
  1.205752e-02  -2.573710e-05   4.084371e+03   9.797454e-01   9.844181e-01   2.425462e-03
  2.503156e-02   6.359674e-04   1.987062e+03   9.895314e-01   9.948626e-01   1.256091e-03
  3.164920e-02  -1.205226e-03   1.527710e+03   9.619084e-01   9.833664e-01   3.748611e-02
  1.342130e+00   1.293361e-02   2.636751e+01   7.040343e-01   1.242061e+00   1.084568e+00
  2.038133e-01   2.561755e-03   2.341246e+02   9.493139e-01   1.139155e+00   9.025654e-01
  1.012090e-01   5.493944e-04   5.435591e+02   1.094451e+00   1.045953e+00   1.043430e-01
  4.447204e-02  -1.643976e-03   1.170273e+03   1.035391e+00   1.042521e+00   7.561026e-02
  1.654709e-01  -6.326694e-03   2.856715e+02   9.404133e-01   1.007473e+00   3.140598e-02
  1.204716e-02  -2.611135e-04   4.218992e+03   1.011168e+00   1.003534e+00   1.032810e-03
  2.925835e-02  -1.351905e-04   1.687494e+03   9.822506e-01   9.924362e-01   8.563175e-03
  5.225571e-02   1.734595e-03   9.441122e+02   9.814938e-01   9.947546e-01   1.395793e-02
  1.348101e+00  -3.970828e-03   1.427679e+01   3.828980e-01   9.578375e-01   8.574489e-01
  4.771649e-02   1.058551e-03   9.306999e+02   8.835036e-01   9.469185e-01   3.345390e-01
  6.905542e-03  -5.907655e-05   6.333646e+03   8.701251e-01   9.524253e-01   8.597978e-02
  6.149646e-02   8.690011e-04   7.914262e+02   9.682570e-01   9.912636e-01   2.329815e-02
  4.025319e-02  -1.778116e-05   1.180850e+03   9.456384e-01   9.770605e-01   8.728045e-02
  2.311727e-02   2.979380e-04   2.096450e+03   9.641646e-01   9.823747e-01   1.286110e-02
  3.196036e-02  -1.246656e-03   1.557007e+03   9.899932e-01   9.941446e-01   3.537805e-03
  5.744286e-02   2.264018e-03   8.514083e+02   9.729803e-01   1.000318e+00   5.502019e-02
  6.143084e-01   1.295484e-02   6.832016e+01   8.349596e-01   1.085811e+00   6.693089e-02
  9.115929e-03  -8.518818e-06   5.415092e+03   9.820575e-01   9.806934e-01   2.953026e-02
  6.649929e-02   6.001693e-04   7.385051e+02   9.770137e-01   1.009968e+00   1.215723e-02
  4.880835e-03   9.555281e-05   9.895639e+03   9.608777e-01   9.818254e-01   7.833148e-02
  1.890656e-02   2.681169e-04   2.582089e+03   9.712119e-01   9.872578e-01   1.134184e-02
  5.027480e-02   1.860728e-03   9.985808e+02   9.987660e-01   1.009539e+00   8.337927e-03
  1.527190e-02  -2.913352e-04   3.225374e+03   9.799485e-01   9.857843e-01   1.933482e-02
  9.305460e-02  -3.661242e-03   5.169416e+02   9.569945e-01   9.986254e-01   3.769900e-02
  2.717364e-02  -2.189855e-04   1.856287e+03   1.003513e+00   1.020475e+00   4.641408e-02
  2.671569e-02  -4.748938e-05   1.850388e+03   9.834663e-01   1.008035e+00   2.628145e-02
  4.634556e-02   1.372560e-03   1.028915e+03   9.486758e-01   9.657952e-01   8.594044e-03
  6.904708e-02  -1.672680e-04   7.434313e+02   1.021213e+00   1.023810e+00   2.029763e-02
  2.193593e-02  -8.109669e-04   2.291608e+03   1.000061e+00   1.014467e+00   2.536171e-02
  4.489304e-02   1.518047e-04   1.055006e+03   9.422459e-01   9.738470e-01   2.696575e-02
  4.935028e-02   1.958122e-03   1.009943e+03   9.915545e-01   1.005300e+00   2.610285e-03
  7.202532e-02  -2.786451e-03   6.752411e+02   9.675519e-01   1.001518e+00   5.499301e-02
  6.084738e-02   1.383821e-03   5.906317e+02   7.149716e-01   8.588429e-01   1.952953e-01
  9.180679e-02  -1.930566e-03   5.010422e+02   9.151225e-01   9.719340e-01   2.309287e-02
  6.910825e-03   1.560741e-04   7.138437e+03   9.814386e-01   9.876040e-01   1.891205e-02
  3.787257e-02  -3.207375e-04   1.111617e+03   8.375488e-01   9.512557e-01   1.804736e-01
  1.280019e-01  -3.970017e-03   3.681305e+02   9.374505e-01   9.801581e-01   7.532713e-03
  3.730921e-02  -1.351439e-03   1.355315e+03   1.005974e+00   1.004628e+00   1.047490e-02
  5.404270e-02   9.171663e-04   8.981472e+02   9.656389e-01   9.906575e-01   3.071225e-02
  3.050072e-02   1.137206e-03   1.604749e+03   9.737499e-01   9.861046e-01   3.102682e-02
           nan            nan            nan            nan            nan            nan
  3.047926e-02   9.467865e-04   1.646822e+03   9.985763e-01   9.948209e-01   4.243850e-02
  4.849694e-03   1.144071e-04   1.045738e+04   1.008945e+00   1.012797e+00   3.324157e-02
  3.071811e-01   9.203975e-03   1.635859e+02   9.997017e-01   1.075461e+00   2.262953e-02
  3.363165e-02   3.814405e-04   1.429024e+03   9.561317e-01   9.909459e-01   9.598857e-02
  1.769625e-02   8.695895e-06   2.778837e+03   9.783057e-01   9.894060e-01   4.175165e-02
  4.001761e-02  -1.517999e-03   1.237783e+03   9.854303e-01   9.934254e-01   1.194827e-02
  3.480378e-02   1.312232e-03   1.443098e+03   9.992003e-01   1.000534e+00   8.351036e-03
           nan            nan            nan            nan            nan            nan
           nan            nan            nan            nan            nan            nan
  6.664053e-02   2.473389e-04   6.923539e+02   9.179029e-01   9.559735e-01   4.273032e-03
  7.966715e-02   7.833925e-04   5.181291e+02   8.211971e-01   9.732084e-01   3.253134e-01
  4.253433e-02  -3.257515e-04   1.169014e+03   9.892120e-01   1.011219e+00   5.114685e-02
  7.814504e-02   2.134084e-03   5.870832e+02   9.127066e-01   9.832189e-01   5.346272e-02
  7.050110e-03  -2.697800e-04   7.005162e+03   9.825264e-01   9.894164e-01   2.022591e-02
  1.563655e-02   7.972800e-05   3.127435e+03   9.728802e-01   9.815603e-01   1.102000e-02
           nan            nan            nan            nan            nan            nan
           nan            nan            nan            nan            nan            nan
           nan            nan            nan            nan           -inf            nan
  3.471960e-01  -4.461148e-03   1.331910e+02   9.199827e-01   1.030837e+00   8.587270e-02
  1.451237e-02  -4.960178e-04   3.410345e+03   9.846159e-01   9.911367e-01   2.781937e-02
  1.716049e-01   6.253617e-04   2.711214e+02   9.256005e-01   9.493484e-01   2.211564e-02
  2.162382e-02   7.391863e-04   2.341370e+03   1.007239e+00   1.004001e+00   4.994406e-04
  2.670834e-02  -2.128209e-04   1.889078e+03   1.003753e+00   1.004071e+00   1.915680e-03
           nan            nan            nan            nan            nan            nan
           nan            nan            nan            nan            inf            nan
           nan            nan            nan            nan            nan            nan
           nan            nan            nan            nan           -inf            nan
  7.897547e-02  -2.870855e-03   6.247684e+02   9.816156e-01   1.001647e+00   1.373481e-02
  2.379574e-02   1.644421e-04   2.042237e+03   9.667976e-01   9.857958e-01   9.604677e-02
  2.559102e-02  -1.444024e-04   1.870360e+03   9.522322e-01   9.718371e-01   7.179888e-03
  2.101728e-02  -6.680771e-04   2.305500e+03   9.639884e-01   9.786104e-01   1.646335e-02
           nan            nan            nan            nan            nan            nan
           nan            nan            nan            nan            nan            nan
           nan            nan            nan            nan            inf            nan
           inf            inf            nan            nan           -inf            nan
           inf           -inf            nan            nan           -inf            nan
  4.884531e-02   1.042105e-03   1.079175e+03   1.048684e+00   1.074508e+00   5.150417e-02
  2.975510e-02  -4.882291e-04   1.717327e+03   1.016587e+00   1.011346e+00   6.109475e-03
  1.538412e-02  -4.841799e-04   3.296836e+03   1.009021e+00   1.000362e+00   2.424232e-02
           nan            nan            nan            nan            nan            nan
           nan            nan            nan            nan            nan            nan
           nan            nan            nan            nan            nan            nan
           nan            nan            nan            nan            inf            nan
  2.842747e-02  -5.001115e-04   1.704475e+03   9.639598e-01   9.911473e-01   2.772155e-02
  9.572472e-03  -8.726653e-05   5.144142e+03   9.796416e-01   9.806155e-01   2.584883e-02
  2.001088e-02   8.421872e-05   2.438750e+03   9.708754e-01   9.835149e-01   1.250983e-02
  3.701061e-02   3.612028e-04   1.296921e+03   9.549267e-01   9.825919e-01   1.865063e-02
           nan            nan            nan            nan            nan            nan
           nan            nan            nan            nan            nan            nan
           nan            nan            nan            nan            nan            nan
  1.097832e-01   4.336242e-05   4.334294e+02   9.466393e-01   1.025595e+00   1.635793e-01
  8.456259e-02   2.416255e-03   5.682698e+02   9.560113e-01   1.002614e+00   5.358184e-02
  5.778240e-02   1.884307e-04   8.360110e+02   9.610316e-01   9.887028e-01   6.167019e-03
  4.171665e-02  -4.624814e-04   1.211601e+03   1.005540e+00   1.006085e+00   1.206689e-03
  8.414441e-02   2.736202e-03   5.814235e+02   9.733029e-01   1.000235e+00   8.069808e-03
           nan            nan            nan            nan            nan            nan
           nan            nan            nan            nan            nan            nan
  2.705779e-02   2.764940e-04   1.801421e+03   9.697009e-01   9.822292e-01   1.698544e-02
  1.841317e-01   7.390858e-04   2.429755e+02   8.900639e-01   9.620304e-01   5.824838e-02
  1.313437e-01   4.123537e-03   3.584641e+02   9.366663e-01   9.949988e-01   4.475451e-02
  3.580595e-02   1.091879e-03   1.354396e+03   9.647858e-01   9.812892e-01   1.814644e-02
  1.992094e-02   2.812237e-04   2.422462e+03   9.600571e-01   9.845356e-01   4.352303e-02
  4.739730e-03   1.492762e-04   1.023919e+04   9.654937e-01   9.830641e-01   8.519817e-02
           nan            nan            nan            nan            inf            nan
  1.135344e-01   4.425346e-03   4.520054e+02   1.020943e+00   1.045583e+00   1.800191e-02
  6.995447e-02   9.387662e-04   6.977926e+02   9.711180e-01   1.005696e+00   1.093494e-02
  5.211599e-02   2.924771e-04   9.511888e+02   9.862065e-01   1.026103e+00   1.369510e-01
  1.180997e-01  -4.547375e-03   4.120098e+02   9.680251e-01   9.992237e-01   1.449452e-02
  2.029756e-02   1.328531e-04   2.437124e+03   9.841282e-01   9.926816e-01   1.653713e-02
  7.649047e-02   1.737708e-03   6.488514e+02   9.873764e-01   1.001980e+00   6.035725e-03
  4.730571e-02  -1.946454e-04   1.048623e+03   9.868772e-01   9.948235e-01   7.375818e-03
  2.460504e-01   8.567165e-03   1.144697e+02   5.603311e-01   8.698894e-01   3.230057e-01
  3.982548e-02   7.201595e-04   1.132881e+03   8.975852e-01   9.467467e-01   4.236305e-02
  6.143576e-02  -1.803056e-03   7.444711e+02   9.099117e-01   9.641248e-01   6.042180e-02
  9.428828e-02   2.766094e-06   5.041782e+02   9.457403e-01   9.913561e-01   4.556843e-02
  5.927633e-02  -1.280568e-03   7.612536e+02   8.977197e-01   9.819688e-01   1.564841e-01
  2.830208e-02  -1.112092e-03   1.739458e+03   9.794054e-01   9.882313e-01   1.227849e-02
  2.120751e-02  -2.488335e-04   2.268691e+03   9.571837e-01   9.818219e-01   4.211575e-02
  1.722657e-02  -6.077895e-04   2.730128e+03   9.356469e-01   9.868852e-01   1.520680e-01
  1.870996e-02  -1.729932e-04   2.239530e+03   8.336040e-01   8.953996e-01   1.233632e-01
  2.280052e-02  -5.087093e-04   2.181852e+03   9.896925e-01   9.949331e-01   4.914920e-02
  3.430057e-02   1.430898e-04   1.458887e+03   9.955275e-01   9.993188e-01   3.475344e-02
  9.408265e-02   3.385454e-03   5.088635e+02   9.524473e-01   1.023298e+00   1.178130e-01
  1.889185e-01   5.635382e-03   2.600724e+02   9.774597e-01   1.025648e+00   4.209764e-02
  1.361341e-02  -4.805313e-04   3.678451e+03   9.962353e-01   9.932337e-01   2.021089e-02
  6.081630e-02  -1.699255e-03   8.179258e+02   9.896099e-01   1.003267e+00   1.081598e-02
  8.223782e-02   3.845498e-04   6.204792e+02   1.015147e+00   1.014514e+00   1.981158e-02
  5.386302e-01  -2.212506e-04   6.565845e+01   7.035767e-01   9.540037e-01   1.854556e-01
  4.649668e-02  -7.036188e-04   9.489007e+02   8.777542e-01   9.262221e-01   9.846224e-02
  1.083061e-02  -1.807963e-04   4.440693e+03   9.568281e-01   9.690090e-01   6.142772e-03
  1.436644e-01   3.916906e-04   3.182585e+02   9.096188e-01   9.820252e-01   6.410749e-02
  7.881329e-02   2.725092e-03   5.923383e+02   9.287513e-01   9.864134e-01   7.105274e-02
  4.516621e-02   1.211062e-03   1.075407e+03   9.663104e-01   9.857797e-01   3.595319e-04
  1.919854e-02   3.493571e-04   2.564925e+03   9.796548e-01   9.931334e-01   4.029376e-02
  3.260348e-02   4.522494e-04   1.323575e+03   8.585050e-01   9.390359e-01   1.540680e-01
  4.340109e-01   3.303205e-03   1.037552e+02   8.958606e-01   1.103308e+00   2.454645e-01
  3.418982e-02   1.077227e-03   1.420282e+03   9.660546e-01   1.037742e+00   2.994644e-01
  6.939649e-02   9.353232e-04   7.212144e+02   9.957081e-01   1.011768e+00   2.589402e-02
  3.867292e-02  -4.616457e-04   1.299071e+03   9.994706e-01   1.016212e+00   9.523419e-02
  6.065415e-02  -2.399248e-03   8.240619e+02   9.943757e-01   9.977067e-01   8.291415e-03
  3.000920e-02   3.706159e-04   1.644493e+03   9.817854e-01   9.935472e-01   2.056111e-02
  2.656619e-02   9.964575e-04   1.839231e+03   9.720660e-01   9.855547e-01   1.776887e-02
  8.191440e-02  -2.707765e-03   5.922707e+02   9.651852e-01   9.909853e-01   1.646016e-02
  3.482845e-01   2.511499e-03   1.007682e+02   6.982127e-01   9.215823e-01   3.330014e-01
  2.991489e-02  -2.537281e-04   1.508089e+03   8.975208e-01   9.425835e-01   1.661800e-01
  7.506039e-02  -2.191548e-03   6.383312e+02   9.532066e-01   9.920588e-01   3.223122e-02
  8.903117e-02  -2.538703e-05   5.420421e+02   9.600752e-01   1.003545e+00   5.428437e-02
  2.878243e-02   1.299097e-04   1.708552e+03   9.783308e-01   9.913332e-01   8.221316e-03
  1.054568e-02   1.025498e-04   4.786428e+03   1.004191e+00   1.002421e+00   8.556225e-03
  5.911059e-03  -1.448204e-04   8.331233e+03   9.797261e-01   9.760034e-01   3.428779e-02
  4.181037e-01  -1.283093e-02   1.166108e+02   9.699578e-01   1.057117e+00   9.105314e-02
  3.353084e-01   7.053255e-04   1.315281e+02   8.773911e-01   9.760028e-01   7.114406e-02
  4.270355e-02  -2.618568e-06   1.163835e+03   9.887479e-01   1.001438e+00   6.753478e-02
  7.068328e-02   4.692402e-04   6.849160e+02   9.631284e-01   9.914396e-01   3.715534e-02
  5.643123e-02   2.568000e-04   8.744510e+02   9.817144e-01   9.927208e-01   2.288137e-02
  1.812663e-02  -5.595706e-04   2.756330e+03   9.939815e-01   9.944701e-01   6.860860e-03
  5.028620e-02   1.020861e-03   9.668359e+02   9.672345e-01   9.939256e-01   3.735915e-03
  1.684629e-02  -8.377858e-05   2.784642e+03   9.332624e-01   9.522012e-01   3.950853e-02
  2.806761e-01   1.491925e-03   1.196941e+02   6.683567e-01   9.589923e-01   8.225360e-01
  1.943418e-01   1.743745e-03   2.481838e+02   9.595550e-01   1.066412e+00   2.386739e-01
  1.026719e-02  -1.405774e-04   4.997865e+03   1.020861e+00   1.006441e+00   2.198499e-02
  3.393042e-02   1.219599e-03   1.454389e+03   9.817476e-01   9.938689e-01   3.602875e-02
  4.705028e-02   1.327546e-04   1.044437e+03   9.776302e-01   9.968837e-01   3.069752e-02
  2.454003e-02  -1.402578e-04   2.020908e+03   9.866244e-01   9.962353e-01   9.190906e-03
  5.911039e-02  -4.050967e-04   8.170908e+02   9.608692e-01   9.883353e-01   2.600679e-02
  4.399686e-02  -1.016613e-04   1.183144e+03   1.035594e+00   1.031732e+00   1.973539e-02
  1.705153e-01  -3.972504e-03   2.253629e+02   7.644973e-01   9.674498e-01   3.495456e-01
  1.409836e-01  -2.107676e-03   3.341162e+02   9.371225e-01   1.000288e+00   1.056220e-01
  2.305562e-02  -6.315478e-05   2.103401e+03   9.647816e-01   9.823211e-01   6.455043e-03
  3.495418e-02   7.944026e-05   1.403219e+03   9.757867e-01   9.949388e-01   2.748427e-02
  3.860212e-02  -6.821017e-04   1.272750e+03   9.774275e-01   9.946983e-01   1.656359e-02
  4.082220e-02   9.908586e-04   1.209726e+03   9.824570e-01   9.937946e-01   9.036974e-03
  1.204289e-02  -3.781972e-04   4.174623e+03   1.000180e+00   9.911719e-01   1.675779e-02
  6.959910e-03   2.219842e-04   7.323271e+03   1.014002e+00   1.011163e+00   3.953164e-02
  1.871319e-01  -5.413793e-03   2.742120e+02   1.020856e+00   1.074084e+00   7.397649e-02
  4.149957e-02  -3.464144e-05   1.127711e+03   9.310473e-01   9.680252e-01   8.159159e-02
  4.094750e-02   8.217864e-04   1.196395e+03   9.746128e-01   9.886105e-01   1.926585e-02
  4.267734e-02  -1.684109e-03   1.144604e+03   9.718130e-01   9.891736e-01   1.941740e-02
  4.352036e-02  -8.124534e-04   1.126562e+03   9.753884e-01   9.952811e-01   3.178064e-02
  1.560543e-02   9.503583e-05   3.194244e+03   9.916857e-01   9.930334e-01   1.285421e-02
  2.482466e-03  -5.273665e-05   2.029729e+04   1.002424e+00   9.995244e-01   1.259968e-03
  3.488014e-02  -2.144094e-04   1.428633e+03   9.913543e-01   9.954454e-01   1.189821e-02
  1.154546e-01  -2.703654e-03   3.861788e+02   8.870122e-01   9.602853e-01   8.827771e-02
  1.077895e-01   1.526738e-03   4.368392e+02   9.367594e-01   9.951218e-01   5.171360e-02
  1.510626e-02  -1.225480e-04   3.312461e+03   9.954925e-01   9.917519e-01   5.157623e-03
  2.155115e-02   4.172717e-06   2.294770e+03   9.838746e-01   9.920510e-01   1.854101e-02
  1.155637e-02   1.871725e-04   4.315081e+03   9.920655e-01   9.890857e-01   4.628071e-03
  1.359671e-02  -3.879176e-04   3.649404e+03   9.871561e-01   9.901809e-01   1.684445e-03
  3.245098e-02   4.626979e-04   1.524696e+03   9.843313e-01   9.952467e-01   8.976589e-04
  2.158070e-02   4.163688e-04   2.296012e+03   9.857572e-01   9.916109e-01   8.789231e-03
  4.213659e-02   1.542359e-03   1.212938e+03   1.016783e+00   1.010728e+00   2.802291e-02
  1.548724e-01   6.243680e-04   3.055121e+02   9.413098e-01   9.942830e-01   3.858960e-02
  1.074504e-02  -1.409667e-04   4.656610e+03   9.954235e-01   9.913388e-01   5.150971e-03
  2.243771e-02   8.352563e-04   2.213757e+03   9.881859e-01   9.935053e-01   3.627786e-03
  3.348011e-02   7.483772e-04   1.477001e+03   9.837793e-01   9.996597e-01   2.118682e-03
  2.606379e-02  -2.320576e-04   1.908488e+03   9.895945e-01   9.998250e-01   5.280569e-03
  3.846655e-02   7.991687e-05   1.276023e+03   9.764994e-01   9.916534e-01   1.609601e-02
  8.721634e-03   3.183278e-04   5.740210e+03   9.959919e-01   9.921656e-01   8.337573e-03
  4.939481e-02   1.701821e-03   9.551883e+02   9.386430e-01   9.743992e-01   2.371973e-02
  5.764210e-02  -1.310290e-03   8.469107e+02   9.711975e-01   9.901740e-01   3.159309e-02
  2.034690e-02   1.859518e-04   2.439051e+03   9.873002e-01   9.999596e-01   6.305188e-03
  2.068975e-02   1.086049e-04   2.402458e+03   9.888743e-01   9.936711e-01   6.978120e-03
  6.871293e-02  -4.773008e-04   7.037322e+02   9.620021e-01   9.896787e-01   1.702815e-02
  4.540612e-02   5.112807e-04   1.076533e+03   9.724603e-01   9.907730e-01   8.928900e-03
  1.416531e-02  -2.723835e-04   3.531652e+03   9.952545e-01   9.922205e-01   7.674802e-03
  3.443430e-02  -7.332891e-04   1.438647e+03   9.855430e-01   9.999561e-01   7.398652e-04
  3.383546e-02  -3.389408e-04   1.497196e+03   1.007815e+00   1.001973e+00   1.941838e-02
  1.647994e-02  -4.108043e-04   2.935637e+03   9.624721e-01   9.869457e-01   3.861694e-02
  6.254824e-02  -9.992011e-06   7.770178e+02   9.668880e-01   9.903218e-01   1.417814e-02
  2.718299e-02  -5.240393e-04   1.814103e+03   9.810460e-01   9.895710e-01   4.241161e-03
  2.387834e-02  -3.432462e-04   2.068973e+03   9.828543e-01   9.881921e-01   2.509312e-02
  1.471550e-02   2.360051e-04   3.404529e+03   9.966945e-01   9.937953e-01   1.482403e-02
  2.126787e-02   2.824574e-04   2.322127e+03   9.825172e-01   9.943447e-01   2.666287e-03
  5.422772e-02  -6.522128e-04   9.004573e+02   9.714370e-01   9.924862e-01   2.134213e-02
  1.329728e-02  -5.159013e-04   3.676702e+03   9.726385e-01   9.835084e-01   8.574189e-03
  7.692899e-02  -3.270654e-04   6.302398e+02   9.645528e-01   9.976156e-01   1.572339e-02
  2.018948e-02  -2.963515e-04   2.463120e+03   9.893293e-01   9.885143e-01   2.047596e-02
  1.518497e-02  -8.114909e-05   3.259272e+03   9.846107e-01   9.896337e-01   1.313998e-02
  7.570446e-03  -1.178581e-05   6.521976e+03   9.822698e-01   9.942709e-01   3.143877e-02
  8.050958e-03  -4.683521e-05   6.166698e+03   9.877120e-01   9.907110e-01   2.878755e-03
  5.277243e-02   6.621499e-04   9.324249e+02   9.789289e-01   9.962628e-01   9.957516e-03
  1.659812e-02   3.924376e-04   3.005507e+03   9.924457e-01   9.886532e-01   1.192322e-02
  2.829701e-02  -7.835175e-04   1.770057e+03   9.964554e-01   9.995592e-01   8.339930e-03
  8.664379e-02   2.306893e-03   5.594626e+02   9.643587e-01   9.851096e-01   1.964300e-02
  2.167764e-03  -5.773002e-05   2.305570e+04   9.943068e-01   9.893332e-01   2.027315e-03
  2.689194e-02   3.274117e-05   1.854397e+03   9.920990e-01   9.978447e-01   3.048566e-03
  9.489954e-02  -9.136212e-04   5.128148e+02   9.681772e-01   1.004556e+00   1.101355e-02
  1.196935e-02  -1.025571e-04   4.183392e+03   9.961608e-01   9.963258e-01   5.483088e-03
  1.948154e-02  -3.052222e-04   2.520020e+03   9.766915e-01   9.835622e-01   1.656703e-02
  1.177854e-02   1.537823e-04   4.226051e+03   9.902758e-01   9.926051e-01   2.251786e-03
  3.034907e-02   2.090751e-04   1.616981e+03   9.762937e-01   9.861308e-01   9.905475e-03
  1.196535e-02  -3.429143e-04   3.997254e+03   9.515184e-01   9.708445e-01   5.796422e-02
  2.553188e-02  -4.714788e-04   1.945951e+03   9.884277e-01   9.984578e-01   2.160355e-04
  4.821537e-02   1.658492e-04   1.007633e+03   9.665361e-01   9.867786e-01   7.775572e-03
  3.615481e-02   1.046450e-05   1.330998e+03   9.573560e-01   9.917059e-01   7.141408e-02
  1.397886e-02   1.252472e-04   3.549458e+03   9.871066e-01   9.919113e-01   2.661521e-03
  1.148345e-02  -3.535535e-04   4.392662e+03   1.003530e+00   9.994438e-01   3.536588e-03
  2.760286e-02  -1.035039e-05   1.805466e+03   9.914564e-01   9.960325e-01   5.042669e-03
  1.392050e-02   5.202428e-04   3.602326e+03   9.976263e-01   9.940163e-01   1.175973e-02
  3.680328e-02  -1.342078e-03   1.367875e+03   1.001528e+00   1.021841e+00   3.902313e-02
  4.699220e-02  -7.262735e-05   1.046370e+03   9.782303e-01   9.951553e-01   1.883943e-02
  3.271133e-02  -5.183304e-05   1.514403e+03   9.855303e-01   9.941032e-01   1.958568e-02
  1.085441e-01   1.792016e-03   4.505301e+02   9.728818e-01   1.000711e+00   1.580918e-02
  1.145737e-02  -6.461273e-05   4.326367e+03   9.861393e-01   9.875335e-01   6.878713e-03
  2.297972e-02  -1.310365e-04   2.150109e+03   9.829587e-01   9.914565e-01   3.066056e-03
  1.379582e-02   2.332994e-05   3.611685e+03   9.912602e-01   9.904850e-01   5.681680e-03
  1.325423e-02  -6.377221e-05   3.776207e+03   9.957273e-01   9.953984e-01   5.908627e-03
  1.218762e-01   2.581370e-03   3.709708e+02   8.994744e-01   9.868950e-01   5.846688e-02
  2.203103e-02   7.035356e-04   2.328346e+03   1.020499e+00   1.006195e+00   2.054362e-02
  9.954293e-03   1.081668e-04   4.919466e+03   9.742234e-01   9.921053e-01   3.297874e-02
  1.907326e-02   2.702617e-04   2.522430e+03   9.571376e-01   9.983358e-01   1.221855e-01
  1.311445e-02  -2.230729e-04   3.837660e+03   1.001260e+00   1.000582e+00   2.428849e-03
  2.297536e-02   7.273310e-04   2.170235e+03   9.919713e-01   9.958692e-01   7.370718e-03
  1.227461e-02  -2.951041e-04   4.075975e+03   9.953355e-01   9.945384e-01   4.112807e-04
  6.131740e-02  -6.011610e-04   8.105219e+02   9.887322e-01   1.003660e+00   2.995390e-03
  5.213507e-02   5.982699e-04   8.736612e+02   9.061565e-01   9.714489e-01   2.143058e-01
  1.706622e-02  -3.899813e-04   2.796227e+03   9.493797e-01   9.737232e-01   2.440695e-02
  6.823119e-02   2.835400e-04   7.074352e+02   9.602842e-01   9.855478e-01   3.104771e-02
  1.370632e-01  -2.585068e-03   3.528929e+02   9.622633e-01   1.005679e+00   1.107499e-02
  2.878685e-02   2.313310e-04   1.720252e+03   9.851817e-01   9.927833e-01   1.132386e-02
  2.787461e-02   3.670344e-04   1.770801e+03   9.819937e-01   9.948711e-01   8.626192e-03
  3.330992e-02  -1.392588e-04   1.480930e+03   9.813823e-01   9.935492e-01   4.627335e-03
  3.674413e-02   3.068716e-04   1.313133e+03   9.599019e-01   9.790504e-01   4.291528e-02
  7.206982e-02   4.422421e-04   6.264909e+02   8.982523e-01   9.239948e-01   8.199690e-02
  8.825754e-02  -3.020460e-03   5.492260e+02   9.643464e-01   1.006260e+00   2.819013e-02
  5.230572e-02   1.240284e-04   9.415039e+02   9.797189e-01   1.003428e+00   3.643318e-02
  3.278416e-02  -6.430835e-04   1.458365e+03   9.511748e-01   9.851103e-01   7.597809e-02
  1.841947e-02   2.525916e-04   2.646503e+03   9.697944e-01   9.817642e-01   2.828860e-03
  4.192431e-02  -7.205924e-04   1.172411e+03   9.778585e-01   9.933219e-01   1.937721e-02
  3.996182e-02   7.233663e-04   1.245674e+03   9.903295e-01   9.992990e-01   1.080696e-02
  3.092215e-03  -2.115147e-05   1.641645e+04   1.009901e+00   9.952272e-01   1.056933e-02
  1.044712e-01  -1.178917e-03   4.374588e+02   9.092090e-01   9.630269e-01   4.422061e-02
  3.544681e-02   7.960603e-04   1.305416e+03   9.205691e-01   9.590653e-01   4.853052e-02
  5.376742e-02  -2.801921e-04   8.870430e+02   9.488422e-01   9.818525e-01   4.995735e-02
  5.286919e-02   1.518090e-03   9.278928e+02   9.759568e-01   9.872430e-01   1.362804e-02
  1.302369e-02  -4.307258e-06   3.896023e+03   1.009452e+00   1.003787e+00   6.193932e-03
  2.381064e-02  -1.827586e-04   2.082231e+03   9.863479e-01   9.893221e-01   1.443263e-02
  2.602142e-02   9.651623e-05   1.894375e+03   9.806796e-01   9.882955e-01   7.708071e-03
  4.597989e-03   6.922078e-05   1.111178e+04   1.016440e+00   1.009782e+00   4.859529e-03
  5.775346e-02   1.116385e-03   8.867614e+02   1.018861e+00   1.024327e+00   9.555226e-03
  2.603067e-02   8.285623e-04   1.951470e+03   1.010596e+00   1.001665e+00   1.384127e-02
  1.582278e-02  -3.541169e-04   3.161227e+03   9.951042e-01   9.942326e-01   8.124682e-03
  3.223683e-02   6.930662e-04   1.501695e+03   9.630841e-01   9.961899e-01   4.359486e-02
  2.705526e-02   1.653920e-04   1.809376e+03   9.738916e-01   9.877347e-01   7.472045e-04
  4.713265e-03  -1.976728e-06   1.063952e+04   9.976403e-01   9.955904e-01   5.082745e-03
  2.401834e-02  -2.253929e-04   2.063249e+03   9.858817e-01   9.886621e-01   1.220284e-02
  5.847391e-02  -1.477992e-04   8.289214e+02   9.642855e-01   9.914311e-01   6.180345e-03
  5.799397e-02   1.040780e-03   7.543341e+02   8.703154e-01   9.047060e-01   3.471725e-02
  3.508704e-02   1.938041e-04   1.371709e+03   9.575004e-01   9.749583e-01   5.865580e-03
  2.920990e-02   5.183106e-04   1.681410e+03   9.770885e-01   9.878481e-01   4.404620e-03
  1.085249e-01  -2.200359e-03   4.415173e+02   9.532510e-01   9.759308e-01   2.508491e-02
  4.098418e-02   2.500319e-06   1.226283e+03   9.998556e-01   1.007948e+00   6.938861e-03
  1.520463e-02   1.701689e-04   3.275767e+03   9.908752e-01   9.949100e-01   6.797628e-04
  2.874326e-03  -5.912320e-05   1.744910e+04   9.977898e-01   9.949877e-01   1.426649e-02
  7.558675e-02  -1.570466e-03   6.434157e+02   9.675367e-01   9.953492e-01   2.730852e-02
  7.683772e-02   1.197382e-05   6.458242e+02   9.872314e-01   1.000501e+00   1.072050e-01
  3.631051e-02  -7.260640e-04   1.447980e+03   1.045984e+00   1.029817e+00   1.269687e-02
  2.249115e-02   8.441650e-05   2.189834e+03   9.798354e-01   9.894375e-01   7.727383e-03
  1.445218e-02  -2.925711e-04   3.316876e+03   9.536580e-01   9.761577e-01   4.208133e-02
  4.430069e-02  -2.744380e-04   1.074242e+03   9.467664e-01   9.712506e-01   1.435839e-02
  3.880202e-02   4.157056e-04   1.256227e+03   9.697344e-01   9.913967e-01   3.623679e-03
  1.733041e-02   6.657767e-06   2.888381e+03   9.958488e-01   9.982202e-01   4.627417e-03
  1.570221e-02  -8.483024e-05   3.137861e+03   9.802221e-01   9.783310e-01   2.877817e-02
           nan            nan            nan            nan            inf            nan
  1.642668e-02   4.829807e-04   2.922838e+03   9.551787e-01   9.662145e-01   3.544110e-02
  1.908257e-02  -3.380391e-04   2.514417e+03   9.545623e-01   9.744650e-01   1.482751e-02
  1.066433e-02  -3.374138e-05   4.878161e+03   1.034952e+00   1.047108e+00   2.159161e-02
  1.245261e-02   1.907067e-04   4.127453e+03   1.022522e+00   1.010841e+00   2.866962e-02
  2.508805e-02   2.152033e-05   1.928399e+03   9.624850e-01   9.755895e-01   2.544795e-02
  3.821321e-02   3.124091e-04   1.278432e+03   9.718998e-01   9.903129e-01   1.188294e-02
  1.078538e-02   2.918865e-04   4.640145e+03   9.956284e-01   9.937098e-01   1.827518e-03
           nan            nan            nan            nan            nan            nan
           nan            nan            nan            nan            inf            nan
  2.356826e-02  -6.194884e-05   2.102624e+03   9.858694e-01   9.927757e-01   1.293107e-02
  3.022310e-02   1.513440e-05   1.592223e+03   9.573549e-01   9.702314e-01   4.290266e-02
  6.340624e-03   8.349179e-05   7.550118e+03   9.523924e-01   9.735587e-01   7.761709e-03
  1.471268e-02  -2.829824e-04   3.410782e+03   9.983338e-01   9.934381e-01   2.232708e-03
  3.637975e-02   3.096090e-05   1.367595e+03   9.897999e-01   9.954770e-01   1.323728e-02
  5.990172e-03   8.117574e-05   8.273366e+03   9.859427e-01   9.881131e-01   1.794798e-02
           nan            nan            nan            nan            nan            nan
           nan            nan            nan            nan            nan            nan
           nan            nan            nan            nan            inf            nan
  6.362381e-02   2.637894e-04   7.956996e+02   1.007161e+00   1.019571e+00   2.489313e-02
  4.114536e-02  -8.245862e-04   1.220804e+03   9.993025e-01   1.009100e+00   9.195374e-03
  5.644138e-03  -1.871401e-05   8.413552e+03   9.447288e-01   9.659286e-01   1.944508e-02
  1.268084e-02  -8.257624e-05   3.864489e+03   9.749226e-01   9.816086e-01   1.217034e-02
  5.373717e-02  -7.874698e-04   8.885042e+02   9.498707e-01   9.858217e-01   2.100538e-02
           nan            nan            nan            nan            nan            nan
           nan            nan            nan            nan            nan            nan
           nan            nan            nan            nan            nan            nan
           nan            nan            nan            nan            inf            nan
  3.584409e-02  -2.082670e-04   1.342735e+03   9.574981e-01   9.821502e-01   3.189750e-02
  4.046822e-02   7.150864e-04   1.296514e+03   1.043810e+00   1.029775e+00   9.857036e-03
  1.037852e-02  -1.175199e-04   4.883430e+03   1.008302e+00   1.003757e+00   2.917095e-03
  1.453980e-01   9.239892e-05   3.279631e+02   9.486664e-01   1.016579e+00   7.341862e-02
           nan            nan            nan            nan            nan            nan
           nan            nan            nan            nan            nan            nan
           nan            nan            nan            nan            nan            nan
  4.735513e-02   1.888942e-04   1.055568e+03   9.944507e-01   1.002821e+00   8.185016e-03
  2.468967e-02   6.144783e-04   2.030277e+03   9.972421e-01   9.999758e-01   1.477735e-02
  3.956168e-02   2.588514e-04   1.232907e+03   9.703653e-01   9.908385e-01   5.743394e-03
  8.158857e-03  -1.561117e-04   6.141483e+03   9.968566e-01   9.911248e-01   4.579882e-03
  1.753321e-01   2.387092e-03   2.658100e+02   9.271775e-01   9.854046e-01   6.084843e-02
           nan            nan            nan            nan            nan            nan
           nan            nan            nan            nan            nan            nan
  1.723358e-02  -1.767749e-04   2.808087e+03   9.627558e-01   9.796261e-01   8.616799e-04
  3.230382e-02   4.567724e-04   1.530373e+03   9.835155e-01   9.965714e-01   2.715762e-02
  4.655342e-02   1.706476e-04   1.045677e+03   9.684544e-01   9.860010e-01   7.178916e-03
  4.310337e-02  -2.408663e-04   1.146791e+03   9.833892e-01   9.968856e-01   1.929646e-02
  2.382595e-02  -2.701888e-04   2.062673e+03   9.777113e-01   9.906056e-01   2.674628e-03
  7.765432e-02  -3.622969e-04   6.333219e+02   9.784085e-01   1.007149e+00   7.063293e-02
           nan            inf            nan            nan            inf            nan
  9.976139e-02   1.771873e-03   4.250057e+02   8.435045e-01   9.117874e-01   5.948853e-02
  2.960606e-02   1.284317e-04   1.684658e+03   9.922531e-01   9.995769e-01   1.515992e-02
  3.311481e-02  -4.074017e-04   1.488931e+03   9.809048e-01   9.880404e-01   5.993302e-03
  6.626772e-03  -1.840543e-04   7.499350e+03   9.886801e-01   9.964249e-01   2.724661e-02
  2.425393e-02  -1.677497e-05   2.064441e+03   9.961271e-01   9.979920e-01   1.938515e-02
  2.820208e-02  -1.249533e-04   1.710170e+03   9.595124e-01   9.747278e-01   2.333809e-02
  4.470015e-02   1.859288e-04   1.024947e+03   9.114659e-01   9.602171e-01   1.164071e-01
  4.440685e-01  -4.817190e-03   7.242273e+01   6.398159e-01   9.103973e-01   2.672264e-01
  3.903799e-02  -1.137623e-03   1.296760e+03   1.007111e+00   1.004158e+00   3.223907e-02
  5.091559e-03   1.821230e-05   9.803153e+03   9.929943e-01   9.892123e-01   1.791634e-03
  3.153005e-02  -3.622019e-04   1.586259e+03   9.950131e-01   1.002416e+00   3.864303e-03
  3.489793e-02   7.762059e-05   1.434674e+03   9.960546e-01   1.005839e+00   1.460775e-03
  2.246523e-02  -1.333796e-04   2.150043e+03   9.609223e-01   9.774090e-01   7.914256e-03
  5.522791e-03   1.028535e-04   9.031745e+03   9.923399e-01   9.885047e-01   1.937101e-02
  2.948989e-01  -1.267284e-03   1.431352e+02   8.397494e-01   9.912442e-01   8.218344e-02
  6.031552e-02  -6.182151e-04   7.939602e+02   9.527040e-01   9.843075e-01   1.349503e-01
  1.270790e-02  -3.986936e-04   3.714698e+03   9.391337e-01   9.822246e-01   7.987224e-02
  1.638303e-02  -4.182135e-04   3.038634e+03   9.903825e-01   9.978632e-01   3.034213e-03
  3.042161e-02   5.051974e-04   1.605315e+03   9.715668e-01   9.892400e-01   3.240075e-02
  7.100904e-02   1.022933e-04   6.765299e+02   9.557202e-01   9.770350e-01   4.352500e-02
  4.810441e-02  -2.938730e-04   1.055573e+03   1.010190e+00   1.024029e+00   4.903480e-02
  1.838702e-02  -2.682842e-04   2.809834e+03   1.027832e+00   1.026215e+00   1.199681e-01
  5.248458e-01  -5.763520e-03   8.622745e+01   9.003419e-01   1.065518e+00   1.911832e-01
  1.135770e-02  -3.259302e-04   4.051641e+03   9.154859e-01   9.729598e-01   5.556629e-02
  1.085953e-01   7.303277e-04   4.508741e+02   9.740843e-01   9.971618e-01   1.034691e-02
  4.958108e-02  -2.646723e-04   9.629822e+02   9.498705e-01   9.780599e-01   1.763977e-02
  4.256770e-02   1.164644e-04   1.165147e+03   9.867130e-01   9.949688e-01   2.004067e-02
  8.588094e-02  -1.928054e-04   5.663279e+02   9.675979e-01   9.958709e-01   4.010131e-02
  1.021090e-01   1.025808e-03   4.565633e+02   9.274602e-01   9.797060e-01   1.975982e-02
  1.446251e-02   1.579819e-04   3.361210e+03   9.670955e-01   9.932458e-01   8.192472e-02
  2.545096e-01   2.191894e-03   1.634635e+02   8.276663e-01   9.620857e-01   2.673338e-01
  8.144366e-02   2.681684e-03   5.942758e+02   9.628873e-01   1.007903e+00   3.604238e-02
  1.366614e-02  -9.085678e-05   3.524686e+03   9.582888e-01   1.004835e+00   9.953554e-02
  1.851716e-02   6.141260e-04   2.691029e+03   9.913404e-01   9.949262e-01   3.599119e-02
  9.429000e-02  -4.748370e-05   5.181229e+02   9.719156e-01   9.993652e-01   2.679893e-02
  4.184473e-02  -3.765376e-05   1.173618e+03   9.770069e-01   1.001068e+00   1.755598e-02
  3.865767e-02   1.793045e-04   1.276555e+03   9.817602e-01   9.954432e-01   5.813477e-02
  3.628829e-02   6.728233e-04   1.318458e+03   9.518376e-01   9.721132e-01   3.923725e-02
  6.477595e-02  -1.857079e-03   6.631455e+02   8.545801e-01   9.865001e-01   2.566113e-01
  2.674624e-02   6.630707e-04   1.812711e+03   9.645426e-01   1.001478e+00   6.486005e-02
  1.823913e-01  -3.988813e-04   2.522919e+02   9.154561e-01   9.955365e-01   6.565498e-02
  2.339429e-02   1.352190e-04   2.029088e+03   9.443672e-01   9.775315e-01   5.016889e-02
  3.134160e-02  -5.995734e-04   1.561620e+03   9.737037e-01   9.993741e-01   2.642009e-02
  2.681924e-02   1.629785e-04   1.901135e+03   1.014354e+00   1.010836e+00   1.073860e-02
  5.969562e-03  -1.772376e-04   8.340214e+03   9.904894e-01   9.863585e-01   5.933644e-03
  2.312216e-02   2.373511e-04   2.071443e+03   9.528651e-01   9.699140e-01   2.148246e-02
  2.156112e-01  -3.900242e-03   2.246348e+02   9.635592e-01   1.047283e+00   5.106999e-02
  4.314489e-02   9.130716e-04   1.125692e+03   9.662272e-01   1.002023e+00   3.728458e-02
  2.383440e-02   1.688217e-04   2.083742e+03   9.880488e-01   9.917008e-01   2.090608e-02
  2.682013e-02   4.544576e-04   1.853266e+03   9.888460e-01   9.964912e-01   3.879523e-03
  3.012990e-02   1.802632e-04   1.651041e+03   9.896593e-01   9.959251e-01   1.194430e-02
  1.339416e-02  -8.039596e-05   3.708690e+03   9.882482e-01   9.917993e-01   4.296887e-03
  1.982623e-02   3.499832e-04   2.498385e+03   9.854388e-01   9.920082e-01   5.447478e-03
  1.625455e-02  -1.786014e-04   3.093332e+03   1.000303e+00   9.993320e-01   1.112023e-02
  2.155878e-01  -8.497922e-03   2.103080e+02   9.020076e-01   1.007952e+00   4.258575e-02
  2.055799e-02   6.303088e-04   2.492092e+03   1.019236e+00   1.019111e+00   6.351200e-02
  1.845370e-02   1.286024e-04   2.767106e+03   1.015873e+00   1.008242e+00   1.043330e-02
  5.163443e-02  -8.192556e-05   9.560685e+02   9.821064e-01   9.971014e-01   1.287231e-02
  2.366421e-02  -2.556878e-04   2.089773e+03   9.838327e-01   9.904469e-01   9.620796e-03
  2.261947e-02  -2.909551e-05   2.214766e+03   9.966451e-01   1.001376e+00   2.135691e-03
  2.179703e-02   3.734039e-04   2.260708e+03   9.803293e-01   9.896618e-01   9.532619e-03
  2.924733e-02   6.811694e-04   1.754706e+03   1.020988e+00   1.019885e+00   5.057324e-02
  3.233661e-01  -4.978655e-03   1.169730e+02   7.525065e-01   9.765185e-01   3.385553e-01
  2.253934e-02  -1.497843e-04   2.249622e+03   1.008744e+00   1.002515e+00   2.329365e-02
  2.974621e-02  -2.171896e-04   1.667917e+03   9.870432e-01   9.947133e-01   3.722636e-03
  2.413748e-02   3.231134e-05   2.044982e+03   9.820002e-01   9.872021e-01   2.883380e-02
  1.847914e-02  -4.396790e-04   2.696314e+03   9.912481e-01   9.940658e-01   8.903151e-03
  3.496044e-02  -1.394578e-04   1.400546e+03   9.741024e-01   9.880049e-01   1.252157e-02
  1.887627e-02  -2.230664e-04   2.655937e+03   9.973878e-01   9.970787e-01   1.074373e-02
  3.244551e-02   1.819713e-04   1.513107e+03   9.766850e-01   9.883713e-01   1.162432e-02
  7.425566e-02  -1.185608e-04   7.197309e+02   1.063236e+00   1.057230e+00   3.741163e-02
  4.013670e-02  -1.017670e-03   1.215563e+03   9.706202e-01   9.820535e-01   1.347554e-02
  2.477182e-02  -1.121246e-05   1.998282e+03   9.847929e-01   9.929625e-01   2.436674e-02
  2.820805e-03  -1.962101e-05   1.788773e+04   1.003826e+00   9.966699e-01   3.103275e-03
  1.652999e-02   8.137660e-05   3.007181e+03   9.889226e-01   9.943822e-01   4.139242e-03
  2.027436e-02  -1.130617e-04   2.456898e+03   9.909794e-01   9.926686e-01   1.292671e-02
  1.591311e-02  -3.707064e-04   3.104412e+03   9.827986e-01   9.889239e-01   7.203701e-03
  2.058717e-02  -1.557668e-04   2.442615e+03   1.000419e+00   1.000097e+00   1.532820e-02
  5.325628e-03   8.046029e-05   9.111503e+03   9.653637e-01   9.890698e-01   5.112428e-02
  3.094997e-02  -1.594469e-05   1.628684e+03   1.002830e+00   1.001873e+00   2.158425e-02
  3.437850e-02   1.601862e-04   1.445314e+03   9.885062e-01   9.946083e-01   8.676905e-03
  2.426281e-02  -5.019486e-04   2.040227e+03   9.848037e-01   1.000366e+00   2.912945e-03
  2.822978e-02   4.939168e-04   1.749487e+03   9.825357e-01   9.919444e-01   7.719898e-03
  1.364583e-02   1.350370e-04   3.634964e+03   9.868022e-01   9.901194e-01   5.371836e-03
  2.452382e-02   2.276720e-04   2.036717e+03   9.936854e-01   9.980759e-01   6.143633e-03
  2.737353e-02  -1.413099e-04   1.806136e+03   9.835842e-01   9.916722e-01   4.421424e-03
  5.772731e-02  -7.055231e-04   8.485198e+02   9.744811e-01   9.885254e-01   1.531711e-02
  1.122810e-02   4.243948e-04   4.326486e+03   9.664332e-01   9.781490e-01   2.595431e-02
  1.951229e-02  -1.548835e-04   2.510198e+03   9.744203e-01   9.862392e-01   1.636943e-02
  6.377309e-02   6.098139e-05   7.571668e+02   9.606368e-01   9.878862e-01   2.168162e-02
  2.584710e-02   6.931249e-06   1.908614e+03   9.814319e-01   9.900271e-01   1.319337e-02
  2.055631e-02   4.628324e-04   2.416721e+03   9.883297e-01   9.942000e-01   3.742256e-03
  2.518786e-02   4.340908e-04   1.953361e+03   9.788225e-01   9.877030e-01   1.209296e-02
  2.854269e-02  -2.263991e-04   1.733911e+03   9.845817e-01   9.915682e-01   1.840365e-02
  3.555229e-02   7.842140e-04   1.380843e+03   9.766568e-01   9.886692e-01   3.298254e-02
  5.832277e-03   1.605215e-04   8.776957e+03   1.018386e+00   1.004865e+00   1.490079e-02
  3.612548e-02   1.931653e-04   1.389943e+03   9.989430e-01   1.003396e+00   1.266517e-02
  2.098813e-02   4.844229e-04   2.381967e+03   9.945802e-01   9.913530e-01   2.354919e-02
  1.395515e-02  -1.303303e-04   3.570356e+03   9.912338e-01   9.918119e-01   8.037827e-03
  2.578916e-02  -9.270882e-05   1.922291e+03   9.862488e-01   9.950214e-01   7.578224e-03
  1.476805e-02  -1.885684e-04   3.403181e+03   9.998578e-01   9.975411e-01   6.797067e-03
  1.281226e-02   3.677163e-04   3.920636e+03   9.993377e-01   9.942118e-01   6.754029e-03
  1.242308e-02  -1.922269e-04   4.079441e+03   1.008231e+00   9.994966e-01   7.676600e-03
  1.072665e-02  -3.571372e-04   4.655826e+03   9.935524e-01   9.932597e-01   7.904297e-03
  2.368178e-02   3.749945e-04   2.083161e+03   9.814480e-01   9.865198e-01   1.350159e-02
  8.077728e-03   2.427314e-05   6.151228e+03   9.885102e-01   9.913697e-01   3.984295e-03
  1.387502e-02  -1.630306e-04   3.609120e+03   9.962429e-01   9.978033e-01   5.333970e-03
  3.138859e-02  -7.741851e-04   1.573802e+03   9.827702e-01   9.925430e-01   1.230781e-02
  2.065975e-02  -2.402238e-04   2.398415e+03   9.857793e-01   9.927293e-01   4.100845e-03
  1.709087e-02   2.357714e-04   2.914509e+03   9.909680e-01   9.973998e-01   3.528127e-03
  1.219658e-02  -2.628092e-04   4.131566e+03   1.002497e+00   9.961988e-01   5.147878e-03
  3.987659e-02   7.817446e-04   1.216525e+03   9.650931e-01   9.853452e-01   6.276719e-03
  1.258673e-02  -2.355706e-04   3.950150e+03   9.891373e-01   9.905978e-01   1.118234e-02
  2.427216e-02  -3.648360e-04   2.046402e+03   9.881653e-01   9.947543e-01   6.575752e-03
  2.426420e-02  -3.303310e-04   2.019576e+03   9.748916e-01   9.862957e-01   9.263594e-03
  2.022253e-02  -4.163045e-05   2.442673e+03   9.827226e-01   9.883553e-01   1.242361e-02
  2.384128e-02   1.214376e-04   2.076315e+03   9.848113e-01   9.909725e-01   1.133243e-02
  4.049870e-02  -8.531313e-04   1.220422e+03   9.832891e-01   9.936914e-01   9.284700e-03
  1.025008e-02   2.275705e-04   4.866032e+03   9.922758e-01   9.933131e-01   4.177316e-03
  7.759947e-02   1.554389e-03   6.264695e+02   9.671389e-01   9.959879e-01   3.646713e-02
  1.237702e-02  -3.269126e-04   4.010134e+03   9.874273e-01   9.905362e-01   9.410790e-03
  2.317292e-02   1.374162e-04   2.114292e+03   9.747110e-01   9.845513e-01   1.099583e-02
  1.920912e-02   3.580653e-04   2.591628e+03   9.903991e-01   9.938020e-01   8.294677e-03
  1.701910e-02   4.422886e-04   2.910789e+03   9.855477e-01   9.907154e-01   5.354782e-03
  1.531267e-02   1.415080e-05   3.239326e+03   9.868153e-01   9.900607e-01   7.324307e-03
  2.390917e-02  -5.919827e-05   2.062343e+03   9.809693e-01   9.876750e-01   1.729373e-02
  3.015899e-02   2.596779e-04   1.632078e+03   9.792374e-01   9.904943e-01   7.318436e-03
  4.742510e-02  -1.330735e-03   1.018466e+03   9.609149e-01   9.779879e-01   3.528170e-02
  2.288044e-02   1.536723e-04   2.180267e+03   9.924399e-01   9.964899e-01   4.363325e-03
  1.522098e-02   2.027667e-04   3.302409e+03   1.000008e+00   9.984692e-01   5.025284e-03
  2.578651e-02   5.276034e-04   1.924317e+03   9.871868e-01   9.968466e-01   6.792925e-03
  2.336373e-02   4.773494e-05   2.134886e+03   9.923092e-01   9.974554e-01   5.129013e-03
  1.822072e-02   1.477977e-04   2.749045e+03   9.965009e-01   9.975600e-01   4.731264e-03
  1.534231e-02   3.764336e-04   3.265504e+03   9.967153e-01   9.957406e-01   7.853842e-03
  3.897739e-02  -3.570816e-04   1.281731e+03   9.938933e-01   9.973022e-01   1.090964e-02
  2.969966e-03  -1.095434e-04   1.733829e+04   1.024443e+00   1.012359e+00   2.396798e-02
  2.669651e-02   4.604475e-04   1.857343e+03   9.864536e-01   9.939269e-01   1.097725e-02
  2.206773e-02  -1.550972e-04   2.237889e+03   9.824860e-01   9.908112e-01   5.021202e-03
  4.765469e-02  -2.456115e-04   1.026340e+03   9.730321e-01   9.889922e-01   1.546699e-02
  2.328985e-02  -3.103683e-04   2.102585e+03   9.742050e-01   9.850950e-01   1.210183e-02
  2.139261e-02   1.481583e-04   2.306347e+03   9.815638e-01   9.893534e-01   7.545456e-03
  2.609910e-02  -4.327036e-04   1.893603e+03   9.832064e-01   9.906490e-01   6.071321e-03
  2.114469e-02   5.541810e-05   2.328878e+03   9.796666e-01   9.851752e-01   1.252754e-02
  3.828813e-02   5.955287e-04   1.271844e+03   9.687867e-01   9.895675e-01   2.824266e-03
  3.203948e-02  -1.048587e-05   1.553060e+03   9.899283e-01   9.949381e-01   6.852593e-03
  3.123317e-02  -5.469429e-04   1.608610e+03   9.995323e-01   1.002482e+00   9.632909e-03
  2.029295e-02  -3.170833e-04   2.462039e+03   9.939628e-01   9.970512e-01   3.002960e-02
  1.733013e-02   2.323497e-04   2.911020e+03   1.003638e+00   1.001094e+00   4.614350e-03
  2.091917e-02  -1.726014e-04   2.395646e+03   9.970047e-01   9.981986e-01   5.767508e-03
  1.764503e-02  -1.489704e-04   2.823779e+03   9.912505e-01   9.953866e-01   1.839796e-02
  1.887708e-02   2.741749e-04   2.653446e+03   9.964955e-01   9.954534e-01   8.132613e-03
  7.309340e-02  -5.479135e-04   6.283686e+02   9.137402e-01   9.569352e-01   4.571267e-02
  1.699985e-02  -4.301254e-04   2.798484e+03   9.464507e-01   9.674291e-01   2.556729e-02
  1.969948e-02   2.593047e-04   2.450105e+03   9.602174e-01   9.756191e-01   1.984020e-02
  1.608534e-03  -4.381139e-05   3.103387e+04   9.931079e-01   9.959496e-01   1.760269e-02
  2.210885e-02   1.660486e-04   2.208227e+03   9.712700e-01   9.845380e-01   8.857760e-03
  2.351530e-02  -6.409594e-05   2.092685e+03   9.790042e-01   9.880257e-01   8.788028e-03
  3.785717e-02   1.089667e-03   1.309058e+03   9.859099e-01   9.962298e-01   5.051541e-03
  2.422697e-02  -3.155093e-04   2.063318e+03   9.944784e-01   9.956434e-01   6.972677e-03
  2.980372e-02  -2.138320e-04   1.786210e+03   1.059091e+00   1.032769e+00   2.581126e-02
  2.127977e-02   8.788914e-05   2.385464e+03   1.009880e+00   1.006556e+00   4.642602e-03
  2.059442e-02   7.235532e-04   2.486586e+03   1.018787e+00   1.010616e+00   8.098310e-03
  2.148281e-02   4.018071e-04   2.332228e+03   9.967638e-01   1.007385e+00   9.780857e-03
  2.449241e-02  -6.191239e-04   2.041688e+03   9.948349e-01   9.976028e-01   9.400516e-03
  1.874589e-02  -6.195576e-06   2.668556e+03   9.952048e-01   9.954841e-01   9.274148e-03
  3.284554e-02   2.788052e-04   1.498781e+03   9.793656e-01   9.932160e-01   2.706292e-02
  1.611854e-02  -3.627965e-04   3.065537e+03   9.830203e-01   9.874566e-01   1.367601e-02
  1.101720e-02   3.627548e-04   4.646162e+03   1.018347e+00   1.017581e+00   8.298715e-03
  4.446323e-02   5.384029e-04   1.088346e+03   9.627155e-01   9.845949e-01   7.242492e-03
  2.261461e-02  -2.410875e-04   2.145123e+03   9.650979e-01   9.805173e-01   6.813417e-03
  7.942821e-02   3.287546e-04   6.092091e+02   9.626564e-01   9.914216e-01   2.096168e-02
  1.884974e-02  -6.653951e-05   2.609367e+03   9.785223e-01   9.880317e-01   9.691307e-03
  1.701220e-02  -4.998211e-05   2.921203e+03   9.886724e-01   9.923473e-01   4.003705e-03
  3.704862e-02  -1.330844e-03   1.330927e+03   9.809715e-01   9.898227e-01   1.736978e-02
  2.320979e-02   2.782223e-04   2.165645e+03   9.999736e-01   9.980894e-01   4.661451e-03
  4.642945e-02   3.772502e-04   1.097997e+03   1.014203e+00   1.010946e+00   7.177464e-03
  4.758467e-02  -9.358252e-06   1.037798e+03   9.824491e-01   9.914552e-01   1.895344e-02
  2.756372e-02  -8.384015e-04   1.817214e+03   9.964924e-01   1.000193e+00   1.520573e-02
  2.677328e-02  -3.919547e-04   1.828644e+03   9.740041e-01   9.839125e-01   4.655018e-02
  2.274815e-02   5.817156e-04   2.190972e+03   9.915465e-01   9.965179e-01   9.899258e-03
  2.191511e-02   2.129214e-04   2.269509e+03   9.894772e-01   9.953160e-01   5.683147e-03
  1.457712e-02  -1.676049e-04   3.428696e+03   9.943311e-01   9.948840e-01   1.216928e-02
  1.677390e-02   3.377637e-04   2.946598e+03   9.832976e-01   9.877220e-01   1.443239e-02
  3.248058e-02  -7.355495e-04   1.540992e+03   9.957593e-01   9.984997e-01   6.118204e-03
  1.538388e-02  -1.246197e-04   3.249361e+03   9.944749e-01   9.909271e-01   1.622109e-02
  2.215935e-02   1.276030e-04   2.228824e+03   9.825688e-01   9.896212e-01   5.482152e-03
  6.871765e-03  -8.927754e-05   7.239392e+03   9.896932e-01   9.916988e-01   5.687137e-03
  2.150810e-02   2.670587e-04   2.292415e+03   9.809019e-01   9.892705e-01   7.566659e-03
  2.738628e-02   2.379712e-04   1.803863e+03   9.828033e-01   9.912290e-01   1.033847e-02
  2.212590e-02   7.298816e-04   2.241257e+03   9.865584e-01   9.914244e-01   8.124241e-03
  1.083565e-02  -2.632250e-05   4.630705e+03   9.982337e-01   9.951021e-01   3.217874e-03
  2.179546e-02  -5.259874e-04   2.201891e+03   9.547551e-01   9.743194e-01   3.624911e-02
  1.351058e-02  -1.088147e-04   3.659301e+03   9.835634e-01   9.901474e-01   5.477787e-03
  2.263555e-02   4.376352e-04   2.167570e+03   9.761003e-01   9.858451e-01   8.848730e-03
  1.504531e-02  -1.679652e-04   3.350186e+03   1.002767e+00   1.001430e+00   4.362663e-03
  2.248538e-02  -4.274754e-04   2.210884e+03   9.890000e-01   9.945825e-01   9.083623e-03
  1.906860e-02  -2.056016e-04   2.601786e+03   9.870077e-01   9.902814e-01   1.156909e-02
  1.832460e-02  -3.372357e-05   2.738574e+03   9.983645e-01   9.980315e-01   6.598898e-03
  3.319067e-02  -2.392345e-04   1.498835e+03   9.896916e-01   9.958361e-01   4.844525e-03
  1.150083e-02   1.603122e-04   4.424432e+03   1.012318e+00   9.963909e-01   9.226932e-03
  2.317482e-02  -1.020584e-05   2.149682e+03   9.911074e-01   9.947981e-01   1.048763e-02
  1.785908e-02  -4.995151e-05   2.789294e+03   9.910224e-01   9.955910e-01   1.068448e-02
  3.025790e-02   8.497257e-04   1.600066e+03   9.631786e-01   9.799501e-01   7.392340e-03
  2.544826e-02  -5.598157e-04   1.945090e+03   9.847545e-01   9.932933e-01   1.279042e-02
  1.383446e-02  -1.375919e-04   3.617457e+03   9.956247e-01   9.959385e-01   4.439860e-03
  2.363786e-02  -3.542687e-04   2.093091e+03   9.842976e-01   9.909284e-01   7.066126e-03
  4.025280e-02  -6.078032e-05   1.229386e+03   9.844971e-01   9.935423e-01   1.306609e-02
  7.052464e-02   8.375380e-04   6.739082e+02   9.455222e-01   1.000459e+00   3.302441e-02
  1.739501e-02   1.401749e-04   2.904526e+03   1.005148e+00   1.001782e+00   6.230788e-03
  3.344798e-02  -1.289032e-05   1.455788e+03   9.687195e-01   9.849772e-01   1.206503e-02
  2.689160e-02   2.829094e-04   1.892277e+03   1.012352e+00   1.013580e+00   2.776823e-02
  2.036721e-02   1.798487e-04   2.438329e+03   9.879929e-01   9.922726e-01   1.089511e-02
  1.895697e-02   2.134840e-04   2.582409e+03   9.739220e-01   9.843534e-01   6.381433e-03
  2.222094e-02   8.047209e-05   2.237008e+03   9.889177e-01   9.929362e-01   9.713329e-03
  1.948396e-02  -1.778551e-04   2.548818e+03   9.879758e-01   9.887387e-01   1.881337e-02
           nan            nan            nan            nan            nan            nan
  1.621994e-02   3.229271e-04   3.024485e+03   9.759571e-01   9.825120e-01   1.727085e-02
  2.249234e-02   1.527375e-04   2.183666e+03   9.771271e-01   9.882382e-01   1.574291e-02
  3.943187e-02  -1.373489e-03   1.233087e+03   9.673221e-01   9.859596e-01   9.196021e-03
  1.575065e-02   4.763052e-04   3.181305e+03   9.968598e-01   9.977014e-01   4.645462e-03
  2.321687e-02  -4.036743e-06   2.170089e+03   1.002332e+00   1.002667e+00   5.102012e-03
  2.158038e-02   6.563706e-07   2.320422e+03   9.962220e-01   9.966038e-01   7.662597e-03
  6.897719e-03  -1.171589e-04   7.278824e+03   9.988420e-01   9.939866e-01   8.775708e-03
           nan            nan            nan            nan            nan            nan
           nan            nan            nan            nan            nan            nan
  3.091787e-02  -1.885088e-04   1.553135e+03   9.553198e-01   9.770976e-01   1.559772e-02
  1.958653e-02  -1.454749e-04   2.516952e+03   9.807593e-01   9.907367e-01   2.460928e-02
  2.340933e-02  -2.114201e-04   2.118445e+03   9.865891e-01   9.967436e-01   6.882454e-03
  2.292673e-02  -2.856299e-05   2.134814e+03   9.737160e-01   9.838514e-01   1.362115e-02
  1.825919e-02   1.127834e-04   2.720828e+03   9.883546e-01   9.915154e-01   9.750951e-03
  2.935582e-02   8.013574e-04   1.708979e+03   9.980701e-01   1.005292e+00   5.256481e-03
           nan            nan            nan            nan            nan            nan
           nan            nan            nan            nan            nan            nan
           nan            nan            nan            nan            nan            nan
  3.634110e-02   1.418858e-03   1.362109e+03   9.847821e-01   9.945854e-01   4.340522e-03
  4.106120e-02  -6.142204e-04   1.192565e+03   9.741901e-01   9.899726e-01   1.462241e-02
  1.792507e-02   6.356994e-05   2.853725e+03   1.017661e+00   1.008069e+00   1.231958e-02
  1.794974e-02   1.997820e-04   2.786285e+03   9.949787e-01   9.959428e-01   7.999081e-03
  5.403104e-02   1.171224e-03   9.044844e+02   9.722424e-01   9.920336e-01   3.424338e-02
           nan            nan            nan            nan            nan            nan
           nan            nan            nan            nan            nan            nan
  2.695503e-02   2.612204e-05   1.843879e+03   9.887862e-01   9.940744e-01   3.396377e-03
  2.709031e-02   1.161211e-04   1.809048e+03   9.749767e-01   9.925205e-01   2.807686e-02
  2.368313e-02   2.587434e-04   2.079455e+03   9.797582e-01   9.865634e-01   1.795707e-02
  1.872391e-02   3.097897e-05   2.646529e+03   9.858332e-01   9.905622e-01   4.923512e-03
  2.542922e-02  -6.356088e-04   1.955370e+03   9.892184e-01   9.949809e-01   5.843133e-03
  1.500014e-02  -5.711150e-04   3.317919e+03   9.901276e-01   9.885538e-01   1.881131e-02
           nan            inf            nan            nan            inf            nan
  1.202952e-02   1.048544e-04   4.068874e+03   9.737612e-01   9.803994e-01   2.238056e-02
  2.073646e-02   1.178981e-04   2.361717e+03   9.742997e-01   9.893141e-01   2.203977e-02
  4.445039e-02  -1.725035e-03   1.105497e+03   9.776046e-01   9.920479e-01   2.317544e-02
  1.055465e-02   7.163245e-05   4.712507e+03   9.895234e-01   9.904674e-01   5.513231e-03
  1.671826e-02   1.690332e-05   3.003100e+03   9.988286e-01   9.980735e-01   6.385570e-03
  2.721162e-02  -6.491058e-04   1.830411e+03   9.909076e-01   9.963739e-01   1.586264e-02
  4.298036e-02  -1.262951e-03   1.152941e+03   9.858416e-01   9.990887e-01   2.215174e-02
  2.533561e-03   2.867380e-05   2.187052e+04   1.102353e+00   1.037296e+00   7.274914e-02
  7.936399e-03  -3.147375e-05   6.233304e+03   9.841740e-01   9.902253e-01   1.466007e-02
  4.199881e-02  -3.086665e-04   1.174047e+03   9.809631e-01   9.945210e-01   1.238053e-02
  1.894930e-02   2.155948e-04   2.613498e+03   9.852477e-01   9.925305e-01   1.434182e-02
  1.734082e-02   2.248509e-04   2.860381e+03   9.867877e-01   9.929456e-01   2.998620e-03
  1.901080e-02  -3.235972e-04   2.579428e+03   9.755598e-01   9.852020e-01   5.584347e-03
  2.278457e-02   6.962802e-04   2.162400e+03   9.801826e-01   9.869724e-01   1.016793e-02
  3.548893e-02   1.043760e-03   1.344460e+03   9.492288e-01   9.845174e-01   5.863515e-02
  4.075344e-04  -7.339256e-07   1.229037e+05   9.964591e-01   9.922969e-01   4.775381e-03
  1.346404e-02   1.378029e-04   3.708122e+03   9.932520e-01   9.981561e-01   8.720580e-03
  2.550013e-02  -1.773615e-04   1.930919e+03   9.795722e-01   9.902357e-01   2.293664e-02
  3.663722e-02   1.279394e-03   1.350969e+03   9.846867e-01   9.976897e-01   2.200071e-02
  2.490020e-02  -2.418547e-05   1.987689e+03   9.846493e-01   9.935210e-01   1.111032e-02
  2.104569e-02   1.436315e-04   2.398093e+03   1.004060e+00   1.003541e+00   6.282579e-03
  2.078763e-02   4.811011e-04   2.442748e+03   1.010215e+00   1.005929e+00   1.471191e-02
  9.916581e-02   3.302038e-03   5.017248e+02   9.898234e-01   1.017318e+00   5.650291e-02
  1.647539e-02   4.685459e-05   2.852079e+03   9.348190e-01   9.642999e-01   2.854975e-03
  5.125460e-02   4.078128e-05   9.385063e+02   9.569741e-01   9.797764e-01   2.483593e-02
  2.847552e-02   4.051214e-04   1.722623e+03   9.758698e-01   9.874615e-01   1.535753e-02
  2.380049e-02  -3.920650e-04   2.101067e+03   9.948459e-01   9.989776e-01   9.344069e-03
  2.295694e-02  -3.913525e-04   2.172740e+03   9.923205e-01   9.958525e-01   6.568833e-03
  2.808794e-02   4.440358e-04   1.738064e+03   9.712157e-01   9.864177e-01   1.172447e-02
  2.451906e-02  -8.641002e-04   2.003141e+03   9.771146e-01   9.862892e-01   8.157043e-03
  8.212338e-02  -2.841275e-03   5.587688e+02   9.129124e-01   9.874864e-01   9.447095e-02
  4.157388e-02  -3.434034e-05   1.159548e+03   9.590457e-01   9.775729e-01   3.865928e-02
  1.777636e-02  -5.303249e-04   2.807763e+03   9.929640e-01   9.906791e-01   1.054110e-02
  2.125374e-02   2.131836e-04   2.324136e+03   9.827136e-01   9.892717e-01   4.828571e-03
  2.908755e-02  -7.609499e-04   1.671999e+03   9.675498e-01   9.828787e-01   1.432270e-02
  2.283887e-02  -9.640481e-05   2.141463e+03   9.730054e-01   9.848633e-01   6.183635e-03
  2.331264e-02  -8.647577e-05   2.138117e+03   9.916375e-01   9.955480e-01   9.855661e-03
  2.255726e-02  -2.829749e-04   2.237543e+03   1.004125e+00   1.004436e+00   2.156618e-02
  1.491472e-01  -5.175417e-03   3.045887e+02   9.037725e-01   9.932963e-01   1.282999e-01
  2.291748e-02  -6.889131e-04   2.112497e+03   9.631481e-01   9.748749e-01   1.811686e-02
  2.774197e-02  -1.473340e-04   1.735977e+03   9.581010e-01   9.788328e-01   1.017381e-02
  3.146762e-02  -3.897959e-04   1.539611e+03   9.638403e-01   9.809873e-01   1.394322e-02
  2.797539e-02   2.497206e-04   1.775039e+03   9.879024e-01   9.922360e-01   5.395537e-03
  2.284040e-02   2.071639e-04   2.156582e+03   9.799411e-01   9.880682e-01   1.280705e-02
  2.146125e-02  -3.037143e-04   2.295602e+03   9.801255e-01   9.871922e-01   9.858178e-03
  3.509878e-02   1.039550e-03   1.370598e+03   9.570449e-01   9.776181e-01   1.293905e-02
  6.875381e-02   8.121321e-04   6.986650e+02   9.556435e-01   9.996156e-01   9.238719e-02
  5.652948e-03  -1.422683e-04   8.823220e+03   9.922755e-01   9.925090e-01   1.972760e-02
  3.542648e-02   3.458668e-04   1.381723e+03   9.738212e-01   9.871822e-01   1.987396e-02
  1.835531e-02   9.257725e-06   2.719567e+03   9.930972e-01   9.964765e-01   6.970956e-03
  2.938581e-02   5.215560e-04   1.671592e+03   9.772332e-01   9.909805e-01   1.131056e-02
  1.701466e-02   8.342117e-05   2.926541e+03   9.906222e-01   9.932516e-01   9.397383e-03
  1.830458e-02  -8.017432e-05   2.709720e+03   9.867664e-01   9.915614e-01   9.129713e-03
  3.307430e-02   1.729312e-04   1.530668e+03   1.007168e+00   1.006475e+00   2.429251e-02
  6.781725e-02   2.260605e-03   6.887937e+02   9.293076e-01   9.962790e-01   1.670861e-01
  2.129494e-02  -6.022694e-04   2.279102e+03   9.655403e-01   9.745155e-01   2.214694e-02
  1.985696e-02  -1.459323e-04   2.445754e+03   9.661750e-01   9.784461e-01   1.084702e-02
  1.924198e-02   1.058433e-04   2.565390e+03   9.820494e-01   9.882515e-01   1.554648e-02
  1.992677e-02  -2.875921e-04   2.499767e+03   9.909841e-01   9.938596e-01   1.283981e-02
  2.034564e-02  -7.337112e-05   2.442474e+03   9.886250e-01   9.929722e-01   1.010797e-02
  1.622591e-02  -4.849661e-06   3.086222e+03   9.962453e-01   9.949770e-01   1.217344e-02
  1.781653e-02   6.858123e-05   2.820472e+03   9.997124e-01   9.994470e-01   1.345279e-02
  2.837031e-03   1.612193e-05   1.846787e+04   1.042344e+00   1.034023e+00   1.323701e-02
  8.807570e-03  -1.032537e-04   5.653523e+03   9.906162e-01   9.910612e-01   2.443326e-02
  1.746419e-02   8.123074e-05   2.855023e+03   9.919464e-01   9.937499e-01   1.564937e-02
  2.181754e-02  -1.449266e-04   2.281337e+03   9.902053e-01   9.937406e-01   1.203253e-02
  1.485591e-02  -3.034165e-07   3.358818e+03   9.926949e-01   9.949722e-01   9.432473e-03
  1.831096e-02   7.055687e-05   2.717475e+03   9.899351e-01   9.938744e-01   1.046143e-02
  1.555159e-02   2.100021e-05   3.202498e+03   9.908176e-01   9.938186e-01   6.867552e-03
  3.048692e-02  -7.476195e-05   1.561815e+03   9.472686e-01   9.715741e-01   1.761320e-02
  1.552178e-01  -2.124597e-04   2.784897e+02   8.599653e-01   9.305768e-01   2.286449e-02
  2.247470e-02   3.275308e-04   2.258834e+03   1.009969e+00   1.003910e+00   5.137499e-03
  2.066163e-02  -5.319731e-05   2.418594e+03   9.941634e-01   9.964440e-01   9.807494e-03
  1.831069e-02  -1.084186e-04   2.691728e+03   9.805419e-01   9.869869e-01   1.508001e-02
  2.150596e-02   2.330471e-04   2.312201e+03   9.892693e-01   9.957013e-01   7.969649e-03
  2.027629e-02   7.300986e-05   2.455366e+03   9.904555e-01   9.949207e-01   9.363512e-03
  2.027476e-02  -1.742326e-06   2.446568e+03   9.868321e-01   9.928957e-01   9.993888e-03
  2.138394e-02  -5.023299e-05   2.340772e+03   9.958110e-01   9.970791e-01   2.232407e-02
  2.374519e-02   8.207091e-05   1.946934e+03   9.197229e-01   9.663714e-01   1.386957e-01
  2.162359e-02  -1.185244e-04   2.313940e+03   9.954280e-01   9.975247e-01   6.475114e-03
  2.733768e-02  -9.822984e-05   1.808517e+03   9.835905e-01   9.909797e-01   1.552204e-02
  1.803726e-02   1.429927e-04   2.782503e+03   9.984728e-01   9.987821e-01   6.653229e-03
  2.780424e-02   1.822301e-05   1.777919e+03   9.834523e-01   9.919177e-01   1.495905e-02
  2.400695e-02  -1.629552e-05   2.066388e+03   9.869134e-01   9.932620e-01   1.211081e-02
  2.412867e-02   2.720440e-05   2.062642e+03   9.901191e-01   9.951181e-01   1.150240e-02
  2.156765e-02   1.273677e-04   2.317388e+03   9.943325e-01   9.950535e-01   1.171727e-02
  1.407172e-02   6.827103e-05   3.534677e+03   9.895256e-01   9.885482e-01   7.530123e-03
  2.763547e-02  -1.203929e-04   1.780618e+03   9.789659e-01   9.897425e-01   9.592177e-03
  2.070099e-02   7.767122e-05   2.397478e+03   9.873608e-01   9.907139e-01   1.560728e-02
  2.749025e-02   1.608880e-04   1.791389e+03   9.797124e-01   9.902213e-01   1.102685e-02
  2.058635e-02  -1.379968e-04   2.408964e+03   9.865972e-01   9.909852e-01   1.504345e-02
  2.332582e-02  -4.894681e-05   2.129036e+03   9.879845e-01   9.928491e-01   1.426951e-02
  2.482677e-02  -8.530054e-05   1.996695e+03   9.861936e-01   9.916082e-01   1.528940e-02
  1.759536e-02  -5.527592e-05   2.847590e+03   9.967951e-01   9.972754e-01   8.321744e-03
  3.985727e-02  -3.461147e-04   1.254346e+03   9.946152e-01   9.988640e-01   1.894740e-02
  4.376637e-02   2.606082e-04   1.130095e+03   9.839786e-01   9.917618e-01   2.623904e-02
  1.744006e-02   1.361523e-04   2.864790e+03   9.939645e-01   9.951180e-01   1.126660e-02
  2.790373e-02  -2.251067e-04   1.781789e+03   9.891193e-01   9.939295e-01   1.514880e-02
  1.645506e-02  -3.774230e-05   3.023651e+03   9.898313e-01   9.931667e-01   9.707288e-03
  1.723576e-02  -5.684111e-05   2.878479e+03   9.870149e-01   9.906657e-01   1.312279e-02
  1.731622e-02  -6.338837e-05   2.879757e+03   9.920628e-01   9.935087e-01   1.151807e-02
  2.846603e-02  -2.271569e-04   1.743904e+03   9.875968e-01   9.938336e-01   1.274321e-02
  1.122477e-02   7.891545e-05   4.472002e+03   9.986415e-01   9.948685e-01   1.309136e-02
  2.283540e-02  -1.791979e-04   2.200901e+03   9.998603e-01   9.953230e-01   1.689744e-02
  2.318105e-02  -1.362017e-04   2.143356e+03   9.884565e-01   9.928063e-01   1.190819e-02
  2.034679e-02  -1.731916e-04   2.435684e+03   9.859322e-01   9.907707e-01   1.351676e-02
  2.090666e-02   1.013216e-04   2.374973e+03   9.878104e-01   9.930047e-01   1.104769e-02
  1.358630e-02   2.383796e-05   3.679675e+03   9.945822e-01   9.960250e-01   7.175920e-03
  1.679098e-02   9.695600e-05   2.958936e+03   9.884204e-01   9.927867e-01   7.994417e-03
  2.270735e-02   1.165815e-04   2.187238e+03   9.880812e-01   9.905313e-01   2.017725e-02
  1.461019e-02   1.696830e-04   3.379690e+03   9.823426e-01   9.875862e-01   6.853911e-03
  1.705208e-02  -2.473924e-04   2.924465e+03   9.920968e-01   9.947622e-01   8.602542e-03
  1.905311e-02  -2.566144e-04   2.620961e+03   9.934740e-01   9.943400e-01   1.299553e-02
  1.754520e-02   2.242676e-04   2.844585e+03   9.929046e-01   9.952742e-01   8.550833e-03
  1.855794e-02   2.111877e-05   2.677250e+03   9.884367e-01   9.931095e-01   9.607150e-03
  2.199203e-02   1.290276e-04   2.253799e+03   9.860767e-01   9.936713e-01   8.028386e-03
  2.378663e-02   2.930452e-05   2.093018e+03   9.904576e-01   9.952608e-01   1.041037e-02
  1.128727e-02   1.711198e-04   4.433761e+03   9.956152e-01   9.942264e-01   8.015261e-03
  3.284899e-02  -2.512555e-04   1.530888e+03   1.000451e+00   1.002057e+00   1.151281e-02
  2.285223e-02   3.631526e-04   2.147882e+03   9.764932e-01   9.842510e-01   2.683890e-02
  1.708281e-02   1.078372e-04   2.908533e+03   9.884701e-01   9.924003e-01   8.015564e-03
  2.252141e-02   9.614991e-05   2.204346e+03   9.876554e-01   9.939512e-01   9.863494e-03
  2.382774e-02  -6.335808e-05   2.082619e+03   9.872404e-01   9.941829e-01   9.697675e-03
  2.934144e-02  -6.343559e-05   1.688590e+03   9.856798e-01   9.935156e-01   1.516366e-02
  2.331864e-02  -3.940022e-06   2.117106e+03   9.821459e-01   9.892863e-01   1.383048e-02
  1.929929e-02  -7.488332e-05   2.580811e+03   9.908954e-01   9.949979e-01   7.260271e-03
  2.139389e-02  -6.188308e-05   2.295491e+03   9.770019e-01   9.839820e-01   1.990594e-02
  3.886514e-03   4.402702e-05   1.295137e+04   1.001396e+00   9.939705e-01   1.486900e-02
  2.760052e-02   2.516669e-04   1.808416e+03   9.929924e-01   9.975728e-01   1.248338e-02
  2.529324e-02  -2.431891e-04   1.956016e+03   9.842539e-01   9.913973e-01   1.566892e-02
  2.669949e-02   4.717855e-05   1.844931e+03   9.799709e-01   9.889066e-01   1.912594e-02
  2.054427e-02  -9.829937e-05   2.412354e+03   9.859659e-01   9.903164e-01   1.593096e-02
  2.038232e-02   4.666929e-05   2.449369e+03   9.932030e-01   9.953125e-01   1.144251e-02
  2.797010e-02  -1.517863e-04   1.771459e+03   9.857239e-01   9.922717e-01   1.376955e-02
  1.530358e-02   2.247943e-04   3.277239e+03   9.977722e-01   9.948283e-01   1.300777e-02
  1.476746e-02  -3.071862e-04   3.389163e+03   9.956999e-01   9.972542e-01   4.228917e-03
  2.495256e-02  -9.407941e-05   1.978724e+03   9.822689e-01   9.877748e-01   2.018741e-02
  2.094934e-02  -1.009813e-04   2.380430e+03   9.921011e-01   9.938736e-01   1.417705e-02
  1.457826e-02   9.877856e-06   3.427839e+03   9.941598e-01   9.939456e-01   1.226792e-02
  1.456865e-02  -7.116766e-07   3.425326e+03   9.927760e-01   9.943234e-01   8.968750e-03
  2.023572e-02  -7.800086e-05   2.440429e+03   9.824604e-01   9.890241e-01   1.237703e-02
  1.817169e-02   5.045684e-05   2.736109e+03   9.891425e-01   9.909404e-01   1.401413e-02
  1.906172e-02  -7.516900e-05   2.602517e+03   9.869286e-01   9.903383e-01   9.561985e-03
  4.474935e-02  -5.240121e-04   1.098109e+03   9.776026e-01   9.914403e-01   2.154080e-02
  1.333266e-02  -1.216444e-04   3.766365e+03   9.990088e-01   9.958520e-01   1.203276e-02
  1.688996e-02   1.983605e-04   2.944135e+03   9.892736e-01   9.923648e-01   9.892008e-03
  1.599724e-02  -1.028492e-04   3.114305e+03   9.911430e-01   9.947635e-01   7.751737e-03
  1.990898e-02   1.308473e-04   2.497190e+03   9.890787e-01   9.943858e-01   7.939194e-03
  1.821215e-02  -1.016659e-04   2.748094e+03   9.956872e-01   9.964831e-01   1.163706e-02
  1.857321e-02   3.150120e-05   2.689332e+03   9.937144e-01   9.959118e-01   7.362892e-03
  2.161663e-02  -1.371135e-04   2.306501e+03   9.919085e-01   9.933347e-01   1.552910e-02
  2.316472e-02   2.694909e-04   2.188549e+03   1.008587e+00   1.002431e+00   2.182530e-02
  1.363041e-02  -2.831402e-06   3.656778e+03   9.916025e-01   9.931961e-01   7.843724e-03
  1.967781e-02   9.243254e-05   2.536161e+03   9.928503e-01   9.968226e-01   8.857620e-03
  1.910452e-02  -1.855494e-05   2.603207e+03   9.894070e-01   9.942174e-01   1.083218e-02
  2.462165e-02  -1.849652e-05   2.012276e+03   9.856776e-01   9.925410e-01   1.447092e-02
  1.909209e-02  -5.637345e-06   2.594690e+03   9.855281e-01   9.910928e-01   9.667700e-03
  3.036897e-02  -9.654790e-05   1.625967e+03   9.823626e-01   9.902739e-01   1.657911e-02
  1.760431e-02   1.143638e-05   2.832611e+03   9.920556e-01   9.915877e-01   1.248879e-02
  2.043730e-02   7.612236e-04   2.417017e+03   9.827279e-01   9.888917e-01   8.183322e-03
  2.164513e-02   3.657349e-04   2.323689e+03   1.000618e+00   1.000675e+00   7.227372e-03
  2.793792e-02  -2.655444e-04   1.766830e+03   9.820168e-01   9.900854e-01   1.573127e-02
  2.423386e-02   2.548256e-04   2.055653e+03   9.910661e-01   9.963361e-01   1.013575e-02
  1.763243e-02  -9.847286e-05   2.823794e+03   9.905475e-01   9.934626e-01   1.384020e-02
  2.070956e-02   2.209759e-04   2.414590e+03   9.948198e-01   9.970513e-01   1.053334e-02
  1.727249e-02   5.314390e-05   2.891317e+03   9.935294e-01   9.925400e-01   1.857970e-02
  1.740767e-02   5.139812e-06   2.887985e+03   1.000151e+00   9.977576e-01   7.390033e-03
  3.190242e-02   1.638375e-04   1.596217e+03   1.013085e+00   1.010460e+00   2.833352e-02
  2.542721e-02   7.961836e-05   1.933033e+03   9.778405e-01   9.880295e-01   1.663397e-02
  1.618355e-02  -5.417664e-05   3.094858e+03   9.964251e-01   9.943819e-01   1.562389e-02
  2.303130e-02   1.344902e-04   2.139328e+03   9.802255e-01   9.878127e-01   1.872322e-02
  1.916523e-02   3.540735e-06   2.604055e+03   9.928743e-01   9.965034e-01   6.956544e-03
  2.288526e-02   7.141131e-05   2.161201e+03   9.839682e-01   9.910024e-01   1.208540e-02
  6.722781e-03   3.180706e-05   7.450542e+03   9.964763e-01   9.949539e-01   6.427960e-03
  2.087666e-02   1.732446e-04   2.372261e+03   9.852663e-01   9.903927e-01   1.102134e-02
  1.308372e-02  -4.644016e-04   3.748952e+03   9.758232e-01   9.796673e-01   1.403387e-02
  2.152509e-02  -4.498821e-04   2.321990e+03   9.943413e-01   9.962626e-01   1.614244e-02
  1.633651e-02   1.915330e-04   3.054815e+03   9.928284e-01   9.966034e-01   5.271882e-03
  1.421172e-02  -2.610046e-04   3.524904e+03   9.966073e-01   9.957975e-01   1.050780e-02
  2.553674e-02   9.114103e-05   1.927731e+03   9.793591e-01   9.885704e-01   1.514074e-02
  2.271760e-02  -2.117034e-04   2.191725e+03   9.905548e-01   9.944549e-01   1.461327e-02
  1.975157e-02  -5.684211e-05   2.533273e+03   9.954368e-01   9.987032e-01   4.920112e-03
  2.369536e-02  -5.447449e-05   2.105205e+03   9.924023e-01   9.938571e-01   1.803845e-02
  1.023995e-02  -2.632686e-05   4.856387e+03   9.893306e-01   9.896214e-01   1.024347e-02
  2.356569e-02  -5.504720e-05   2.080427e+03   9.753552e-01   9.844187e-01   1.499703e-02
  2.522031e-02  -2.413787e-06   1.962676e+03   9.847572e-01   9.931071e-01   1.284419e-02
  1.537528e-02  -2.408253e-04   3.206626e+03   9.808477e-01   9.891535e-01   9.376506e-03
  1.973109e-02   2.881120e-05   2.531304e+03   9.936317e-01   9.950731e-01   1.361204e-02
  2.052458e-02   3.388248e-05   2.414342e+03   9.858327e-01   9.906009e-01   1.289356e-02
  3.413565e-02  -1.159997e-04   1.444143e+03   9.807282e-01   9.905152e-01   1.821980e-02
  2.044941e-02  -1.572957e-04   2.435912e+03   9.909976e-01   9.911509e-01   1.468331e-02
  2.034612e-02   8.467245e-05   2.477589e+03   1.002862e+00   1.000030e+00   5.397356e-03
  1.700723e-02   2.132611e-04   2.954350e+03   9.995984e-01   9.980578e-01   1.429271e-02
  2.569528e-02  -2.877703e-04   1.934843e+03   9.890747e-01   9.937608e-01   1.480500e-02
  2.325964e-02   3.101100e-04   2.134621e+03   9.877657e-01   9.942928e-01   1.221739e-02
  1.549897e-02  -5.364189e-05   3.190384e+03   9.837300e-01   9.892448e-01   1.122504e-02
  1.659471e-02  -1.728900e-05   3.004563e+03   9.919301e-01   9.937681e-01   1.099337e-02
  1.852453e-02   5.563428e-05   2.688094e+03   9.906535e-01   9.907298e-01   1.688746e-02
  1.629838e-02   1.966529e-04   3.071965e+03   9.960721e-01   9.943626e-01   8.764530e-03
  2.435647e-02   1.959853e-04   1.994803e+03   9.665947e-01   9.791585e-01   1.043407e-02
  2.139436e-02   1.183553e-04   2.309619e+03   9.830367e-01   9.897745e-01   9.981888e-03
  1.934824e-02   2.280964e-05   2.558879e+03   9.849665e-01   9.901980e-01   1.293959e-02
  2.868003e-02   2.752854e-04   1.727141e+03   9.854568e-01   9.932867e-01   1.382101e-02
  1.714866e-02   7.088543e-05   2.931149e+03   9.999962e-01   1.000059e+00   6.588687e-03
  1.865208e-02  -1.124539e-04   2.662707e+03   9.880542e-01   9.927416e-01   8.421696e-03
  1.458523e-02   1.019502e-04   3.414628e+03   9.908020e-01   9.928206e-01   8.546963e-03
  2.016125e-02   8.488022e-05   2.465639e+03   9.889559e-01   9.915547e-01   1.071848e-02
  2.413254e-02   2.803832e-04   2.073469e+03   9.954760e-01   9.968983e-01   2.617684e-02
  2.306220e-02  -1.783790e-04   2.169017e+03   9.951622e-01   9.968193e-01   1.498913e-02
  2.072036e-02   1.120492e-04   2.398010e+03   9.885043e-01   9.933127e-01   1.267972e-02
  1.985242e-02   6.812695e-06   2.472517e+03   9.765236e-01   9.850003e-01   2.300742e-02
  2.443704e-02   1.052435e-05   2.004847e+03   9.746751e-01   9.869611e-01   1.063813e-02
  2.441251e-02   1.230883e-04   2.030974e+03   9.863862e-01   9.928692e-01   1.133679e-02
  2.249137e-02  -5.689714e-05   2.218593e+03   9.927129e-01   9.953141e-01   9.558796e-03
  1.816799e-02  -1.918155e-04   2.749612e+03   9.938217e-01   9.937377e-01   9.823784e-03
  2.186560e-02  -5.394026e-04   2.243940e+03   9.761191e-01   9.826287e-01   7.911165e-03
  2.407613e-02  -2.212913e-04   2.060305e+03   9.868436e-01   9.913716e-01   1.005565e-02
  2.250611e-02  -5.493354e-05   2.192999e+03   9.819041e-01   9.889868e-01   1.254078e-02
  9.201259e-03  -1.601522e-04   5.519854e+03   1.010427e+00   1.002680e+00   6.713489e-03
  2.763175e-02  -1.157797e-04   1.810580e+03   9.953055e-01   9.987898e-01   1.657872e-02
  2.044212e-02   1.246478e-04   2.411474e+03   9.807054e-01   9.875401e-01   1.572896e-02
  2.174991e-02  -9.974605e-05   2.275335e+03   9.845391e-01   9.897089e-01   1.360670e-02
  1.792293e-02  -2.013372e-04   2.765550e+03   9.860995e-01   9.899994e-01   9.665083e-03
  1.340341e-02  -2.269989e-04   3.568792e+03   9.516268e-01   9.740047e-01   5.142773e-02
  1.588283e-02   2.843728e-04   3.065524e+03   9.686408e-01   9.795009e-01   2.219770e-02
  1.788221e-02  -7.520133e-05   2.776326e+03   9.876924e-01   9.918728e-01   1.570592e-02
  2.254767e-02  -2.339621e-04   2.174369e+03   9.753604e-01   9.886275e-01   7.247517e-03
  1.842446e-02   2.950327e-05   2.658935e+03   9.746137e-01   9.830815e-01   1.472251e-02
  1.659022e-02  -9.478292e-05   3.016995e+03   9.957650e-01   9.964136e-01   8.280866e-03
  1.907250e-02   6.171043e-06   2.624374e+03   9.957803e-01   9.960734e-01   9.865215e-03
  2.750761e-02   1.166258e-04   1.817912e+03   9.948457e-01   9.971658e-01   1.219790e-02
           nan            nan            nan            nan            nan            nan
  1.414732e-02   1.742138e-05   3.694227e+03   1.039748e+00   1.023792e+00   4.083191e-03
  1.839538e-02   3.582702e-05   2.741608e+03   1.003331e+00   1.001933e+00   8.566685e-03
  3.880406e-02   2.217515e-04   1.286231e+03   9.929476e-01   9.996695e-01   2.018514e-02
  1.526896e-02   7.787381e-05   3.292567e+03   1.000171e+00   9.994577e-01   8.465779e-03
  2.252974e-02   2.094432e-05   2.180644e+03   9.773970e-01   9.872395e-01   1.359112e-02
  2.131576e-02   9.036078e-05   2.315388e+03   9.818718e-01   9.881357e-01   1.330938e-02
  2.152865e-02   2.968874e-04   2.273574e+03   9.737693e-01   9.815339e-01   2.672220e-02
           nan            nan            nan            nan            nan            nan
           nan            nan            nan            nan            nan            nan
  2.435471e-02   1.351786e-04   2.040255e+03   9.885476e-01   9.942216e-01   1.372894e-02
  1.639336e-02   1.748019e-04   3.002659e+03   9.792741e-01   9.843096e-01   2.054704e-02
  2.466295e-02  -5.959983e-05   1.998108e+03   9.803793e-01   9.898835e-01   9.386031e-03
  2.260426e-02   1.607878e-05   2.235080e+03   1.005110e+00   1.002425e+00   1.645044e-02
  1.672509e-02  -2.047744e-05   3.001437e+03   9.986838e-01   9.967101e-01   1.119507e-02
  8.162124e-03  -1.386362e-04   6.212130e+03   1.008728e+00   9.994447e-01   1.268986e-02
           nan            inf            nan            nan            inf            nan
  2.651192e-02   2.266894e-05   1.928753e+03   1.017298e+00   1.007887e+00   2.676339e-02
  2.303230e-02  -2.299383e-05   2.191696e+03   1.004264e+00   1.001987e+00   1.272800e-02
  4.469102e-03  -5.495478e-05   1.132580e+04   1.006977e+00   1.002386e+00   4.269668e-03
  2.225229e-02  -1.055402e-04   2.234138e+03   9.890424e-01   9.941114e-01   1.674578e-02
  1.856707e-02  -7.942566e-05   2.672416e+03   9.871377e-01   9.910426e-01   9.386785e-03
  1.745612e-02  -2.131851e-05   2.847509e+03   9.888787e-01   9.929198e-01   7.044243e-03
  1.149448e-02  -1.296948e-04   4.339567e+03   9.923519e-01   9.929602e-01   4.736034e-03
  1.400428e-02  -4.509923e-04   3.837250e+03   1.069082e+00   1.056221e+00   1.541170e-02
  1.423312e-02   3.615751e-05   3.490456e+03   9.883537e-01   9.912753e-01   5.531260e-03
  1.814005e-02  -9.875936e-05   2.734559e+03   9.868608e-01   9.914423e-01   1.094681e-02
  2.531816e-02  -8.156147e-05   1.957268e+03   9.858541e-01   9.961887e-01   3.999347e-03
  2.020510e-02   4.125170e-05   2.458715e+03   9.883244e-01   9.931562e-01   8.778569e-03
  1.636512e-02   1.442697e-05   3.060767e+03   9.965055e-01   9.969981e-01   9.939183e-03
  2.864256e-02  -3.539106e-05   1.741471e+03   9.923347e-01   9.970824e-01   1.061237e-02
  3.819865e-02   3.902866e-04   1.318300e+03   1.001826e+00   1.007246e+00   5.428479e-03
  1.739241e-02   3.548124e-04   2.751648e+03   9.521007e-01   9.718214e-01   4.041673e-03
  1.893210e-02   1.476425e-04   2.599887e+03   9.792269e-01   9.868271e-01   1.342738e-02
  2.050173e-02  -6.316070e-05   2.431056e+03   9.915526e-01   9.952613e-01   9.195352e-03
  4.359063e-02   1.724848e-04   1.126034e+03   9.765056e-01   9.908240e-01   3.066032e-02
  2.123121e-02   7.754961e-05   2.328035e+03   9.833189e-01   9.901948e-01   1.568031e-02
  2.344159e-02   1.125143e-04   2.124743e+03   9.908860e-01   9.963061e-01   7.492279e-03
  2.751569e-02   4.116779e-05   1.783604e+03   9.763582e-01   9.852799e-01   2.193393e-02
  5.170010e-02   2.151241e-04   9.256516e+02   9.520705e-01   9.738841e-01   4.259013e-02
  2.480216e-02   2.224975e-04   2.028821e+03   1.001067e+00   9.998283e-01   2.018640e-02
  1.881612e-02   6.543624e-06   2.653390e+03   9.932562e-01   9.941883e-01   1.055114e-02
  2.452367e-02   1.011935e-04   2.015725e+03   9.834379e-01   9.904952e-01   1.390537e-02
  1.380287e-02  -3.329904e-05   3.609606e+03   9.911957e-01   9.901982e-01   1.759090e-02
  1.692803e-02  -1.548108e-05   2.958308e+03   9.962765e-01   9.969436e-01   1.017119e-02
  2.693669e-02   1.358386e-05   1.827006e+03   9.790715e-01   9.884719e-01   2.065247e-02
  1.333505e-02  -5.474125e-07   3.769711e+03   1.000075e+00   9.961505e-01   1.544719e-02
  4.051470e-03  -1.430880e-05   1.235295e+04   9.956652e-01   9.922910e-01   4.390113e-02
  2.273188e-02  -4.206573e-04   2.154086e+03   9.741564e-01   9.831961e-01   9.851032e-03
  1.684021e-02  -1.161428e-04   2.917472e+03   9.774266e-01   9.854737e-01   1.026388e-02
  1.989808e-02   1.203411e-04   2.497885e+03   9.888119e-01   9.923524e-01   1.111979e-02
  8.634941e-03  -9.063986e-05   5.783370e+03   9.935060e-01   9.957762e-01   3.397851e-03
  2.134886e-02  -5.976798e-05   2.319002e+03   9.849313e-01   9.917093e-01   9.526975e-03
  1.538440e-02  -9.703724e-05   3.275750e+03   1.002585e+00   9.990913e-01   1.289173e-02
  1.676581e-02   5.746686e-06   2.997884e+03   9.999298e-01   9.997640e-01   7.762449e-03
  7.340527e-03   2.787139e-05   7.128585e+03   1.041024e+00   1.031228e+00   4.307430e-03
  1.314029e-02  -1.585888e-04   3.773233e+03   9.863901e-01   9.899801e-01   1.976224e-02
  2.122107e-02  -2.353259e-05   2.362004e+03   9.971901e-01   9.987856e-01   7.836394e-03
  1.738762e-02  -1.412277e-04   2.843015e+03   9.834435e-01   9.898930e-01   8.520605e-03
  2.487091e-02   9.629969e-05   1.996517e+03   9.878588e-01   9.954342e-01   9.307942e-03
  2.252379e-02   4.045097e-05   2.213314e+03   9.917781e-01   9.957603e-01   1.350244e-02
  1.564741e-02  -2.855665e-07   3.173033e+03   9.877499e-01   9.924012e-01   6.042475e-03
  2.503326e-02  -1.653190e-05   1.958790e+03   9.755185e-01   9.866007e-01   1.156797e-02
  8.232228e-02  -6.447550e-04   5.866226e+02   9.607409e-01   9.822412e-01   3.553509e-03
  2.241267e-02   6.020846e-04   2.201331e+03   9.815427e-01   9.893117e-01   7.046857e-03
  2.720367e-02   2.303229e-04   1.794032e+03   9.709299e-01   9.822521e-01   1.394184e-02
  2.233299e-02  -6.634587e-05   2.220337e+03   9.864977e-01   9.933568e-01   1.076282e-02
  2.850843e-02   3.632668e-04   1.742389e+03   9.882082e-01   9.950336e-01   1.619557e-02
  2.048225e-02   7.378591e-05   2.421284e+03   9.866281e-01   9.918913e-01   1.251646e-02
  2.467591e-02   3.811988e-05   2.017831e+03   9.905763e-01   9.962476e-01   1.090231e-02
  2.286050e-02  -6.978738e-06   2.188789e+03   9.954506e-01   9.971503e-01   2.342301e-02
  7.526466e-02   4.040237e-04   6.317574e+02   9.459575e-01   9.780705e-01   7.598033e-02
  3.097497e-02   4.550068e-04   1.609178e+03   9.916200e-01   9.972621e-01   2.506396e-02
  2.178769e-02  -4.695498e-05   2.288954e+03   9.921522e-01   9.935397e-01   1.292800e-02
  2.601954e-02   2.072846e-04   1.893711e+03   9.802649e-01   9.894546e-01   1.388366e-02
  2.150065e-02  -1.027744e-04   2.303442e+03   9.852785e-01   9.909082e-01   1.582563e-02
  2.022686e-02  -1.164170e-04   2.472592e+03   9.949724e-01   9.966876e-01   1.210639e-02
  2.607148e-02   2.582176e-06   1.897654e+03   9.842668e-01   9.907602e-01   1.741843e-02
  2.238327e-02   4.821681e-05   2.201517e+03   9.803374e-01   9.866115e-01   1.559420e-02
  4.757792e-04  -1.489465e-06   1.073038e+05   1.015666e+00   1.007214e+00   2.030084e-02
  1.597361e-02   9.547268e-05   3.111617e+03   9.888249e-01   9.917934e-01   1.144182e-02
  2.077188e-02   2.031970e-05   2.399260e+03   9.914782e-01   9.940231e-01   1.761185e-02
  1.858095e-02   4.918314e-05   2.679179e+03   9.903753e-01   9.935364e-01   1.658319e-02
  2.086591e-02   2.365581e-05   2.394818e+03   9.941227e-01   9.973868e-01   1.544146e-02
  2.153129e-02   1.652113e-05   2.305768e+03   9.876788e-01   9.929151e-01   1.789273e-02
  2.023241e-02  -1.864188e-06   2.458776e+03   9.896846e-01   9.935822e-01   1.566579e-02
  1.958545e-02  -2.761712e-05   2.537643e+03   9.887673e-01   9.919236e-01   1.665965e-02
  2.139376e-02  -7.222897e-05   2.296653e+03   9.774903e-01   9.863091e-01   2.174796e-02
  2.761551e-02   4.885178e-04   1.808277e+03   9.934550e-01   9.955153e-01   2.657378e-02
  2.066673e-02   9.792921e-05   2.419136e+03   9.946314e-01   9.955460e-01   1.871750e-02
  1.934016e-02   3.034593e-06   2.587018e+03   9.953819e-01   9.974130e-01   1.458768e-02
  2.326416e-02   3.318481e-05   2.140497e+03   9.906772e-01   9.948563e-01   1.797294e-02
  2.045326e-02   1.530658e-05   2.458159e+03   1.000236e+00   9.999090e-01   1.626896e-02
  2.014781e-02   4.164151e-06   2.488513e+03   9.974658e-01   9.981435e-01   1.699977e-02
  1.882073e-02   8.932704e-06   2.692336e+03   1.008082e+00   1.003869e+00   1.621912e-02
  2.121427e-02  -4.733175e-04   2.449887e+03   1.033961e+00   1.019885e+00   2.915950e-02
  1.638820e-02  -1.572219e-04   3.090704e+03   1.007671e+00   1.000018e+00   1.801696e-02
  1.977986e-02  -3.984384e-05   2.534581e+03   9.973773e-01   9.970813e-01   1.504514e-02
  2.250073e-02   5.330920e-06   2.210983e+03   9.897195e-01   9.941590e-01   1.808341e-02
  2.027686e-02  -3.260949e-05   2.456625e+03   9.909911e-01   9.940704e-01   1.896630e-02
  1.956628e-02  -3.426900e-05   2.538280e+03   9.880480e-01   9.926561e-01   1.618860e-02
  2.014763e-02   3.757838e-05   2.481120e+03   9.944934e-01   9.962762e-01   1.604053e-02
  2.136136e-02   4.726737e-05   2.332140e+03   9.910910e-01   9.938490e-01   1.563961e-02
  2.099734e-02   3.100890e-04   2.382157e+03   9.950956e-01   9.950441e-01   1.480224e-02
  2.007524e-02  -3.074790e-04   2.496940e+03   9.972384e-01   9.968546e-01   1.623449e-02
  2.054077e-02  -3.472716e-05   2.433590e+03   9.944758e-01   9.958430e-01   1.645491e-02
  2.073542e-02   3.157588e-05   2.418930e+03   9.978524e-01   9.979701e-01   1.822959e-02
  1.821969e-02  -5.496635e-05   2.739712e+03   9.930615e-01   9.955973e-01   1.483589e-02
  1.955967e-02  -2.416646e-05   2.557208e+03   9.950794e-01   9.969195e-01   1.645589e-02
  1.994048e-02  -2.316035e-05   2.496341e+03   9.903065e-01   9.936597e-01   1.742149e-02
  1.998493e-02  -1.847301e-05   2.509257e+03   9.976492e-01   9.970275e-01   1.894364e-02
  1.811672e-02   2.412302e-04   2.787543e+03   1.004688e+00   1.000071e+00   1.759890e-02
  2.286366e-02   1.433460e-04   2.205882e+03   1.003363e+00   9.999365e-01   1.787608e-02
  2.037277e-02   5.413848e-05   2.449340e+03   9.927259e-01   9.944818e-01   1.705176e-02
  1.747425e-02  -4.063032e-05   2.851744e+03   9.913779e-01   9.939120e-01   1.467765e-02
  1.991941e-02   1.942270e-05   2.494951e+03   9.887094e-01   9.934636e-01   1.626570e-02
  1.995861e-02  -1.102379e-05   2.488793e+03   9.882101e-01   9.928942e-01   1.621496e-02
  1.917336e-02  -4.681351e-05   2.605615e+03   9.938910e-01   9.960087e-01   1.521050e-02
  1.823024e-02  -1.343920e-05   2.728277e+03   9.894889e-01   9.923734e-01   1.388132e-02
  2.115193e-02  -2.766231e-04   2.374252e+03   9.990956e-01   9.980534e-01   1.240216e-02
  1.571820e-02   1.355100e-04   3.116334e+03   9.744888e-01   9.821317e-01   1.929582e-02
  2.002468e-02  -1.335844e-05   2.454044e+03   9.776377e-01   9.853028e-01   1.970857e-02
  1.929133e-02  -4.581932e-05   2.555879e+03   9.809181e-01   9.885134e-01   1.701905e-02
  2.150516e-02   4.858043e-05   2.296805e+03   9.826455e-01   9.899065e-01   1.836098e-02
  2.044113e-02   3.496933e-05   2.425574e+03   9.863918e-01   9.921591e-01   1.806311e-02
  2.193305e-02   1.441311e-05   2.260154e+03   9.862048e-01   9.918923e-01   1.805415e-02
  2.170093e-02  -5.177958e-05   2.302954e+03   9.942456e-01   9.961672e-01   1.715816e-02
  2.220932e-02  -1.200763e-04   2.245748e+03   9.922622e-01   9.937563e-01   2.186596e-02
  1.488684e-02  -1.535400e-04   3.396951e+03   1.006055e+00   1.000874e+00   1.473368e-02
  1.837598e-02  -4.635085e-05   2.750308e+03   1.005453e+00   1.002042e+00   1.499962e-02
  2.277702e-02   5.447381e-05   2.200298e+03   9.970311e-01   9.983299e-01   1.653196e-02
  2.008811e-02  -7.913894e-06   2.491548e+03   9.957230e-01   9.972622e-01   1.683667e-02
  2.164605e-02   6.282906e-05   2.309329e+03   9.944771e-01   9.970101e-01   1.660849e-02
  2.059831e-02   5.347913e-05   2.432269e+03   9.967206e-01   9.973082e-01   1.774377e-02
  2.285903e-02   4.336632e-05   2.186803e+03   9.944835e-01   9.955472e-01   1.830122e-02
  1.804051e-02   2.373208e-04   2.781185e+03   9.981802e-01   9.956142e-01   1.715553e-02
  2.528028e-02  -2.521871e-04   1.992673e+03   1.002185e+00   1.000629e+00   1.339127e-02
  2.148240e-02   1.051264e-05   2.334578e+03   9.977489e-01   9.983290e-01   1.330234e-02
  2.109584e-02   5.813014e-05   2.377172e+03   9.976714e-01   9.980056e-01   1.760292e-02
  1.931947e-02  -1.937778e-05   2.601927e+03   1.000047e+00   9.999204e-01   1.392907e-02
  1.953139e-02  -3.972045e-05   2.568242e+03   9.979280e-01   9.983167e-01   1.617718e-02
  1.915916e-02  -1.481274e-05   2.618506e+03   9.980683e-01   9.982676e-01   1.429223e-02
  1.893690e-02   7.615947e-05   2.652389e+03   9.992546e-01   9.976167e-01   1.652963e-02
  1.835831e-02  -4.304250e-06   2.750130e+03   1.004422e+00   1.000662e+00   1.327676e-02
  2.143181e-02   1.063414e-04   2.315410e+03   9.872266e-01   9.899002e-01   2.634292e-02
  2.261271e-02   6.236522e-05   2.186138e+03   9.834683e-01   9.888204e-01   2.249480e-02
  1.729215e-02  -5.388513e-05   2.872469e+03   9.881763e-01   9.919401e-01   1.626046e-02
  2.078060e-02  -3.495069e-05   2.373426e+03   9.812148e-01   9.888830e-01   1.829492e-02
  1.869773e-02  -7.407225e-05   2.651482e+03   9.862973e-01   9.914562e-01   1.600562e-02
  2.019763e-02  -2.527742e-05   2.459050e+03   9.880931e-01   9.925347e-01   1.750586e-02
  1.810481e-02  -5.685690e-05   2.756701e+03   9.929191e-01   9.946594e-01   1.407291e-02
  2.263073e-02  -1.567003e-04   2.209077e+03   9.945799e-01   9.948475e-01   1.858760e-02
  1.775351e-02   1.135659e-04   2.788553e+03   9.849023e-01   9.874665e-01   1.472538e-02
  1.803088e-02  -4.354099e-05   2.728400e+03   9.787126e-01   9.852300e-01   1.930362e-02
  1.902974e-02  -1.412807e-05   2.581124e+03   9.771738e-01   9.860412e-01   1.714994e-02
  2.034078e-02  -2.820906e-05   2.429384e+03   9.830913e-01   9.896700e-01   1.915897e-02
  2.031603e-02   3.640624e-05   2.435268e+03   9.842732e-01   9.907513e-01   1.784870e-02
  1.956656e-02  -2.482099e-05   2.538484e+03   9.881414e-01   9.922845e-01   1.738463e-02
  2.123121e-02  -6.178669e-05   2.345105e+03   9.905289e-01   9.935998e-01   1.721825e-02
  1.857384e-02   6.300386e-05   2.690306e+03   9.941077e-01   9.934716e-01   1.927202e-02
  2.060691e-02   2.188720e-04   2.400345e+03   9.840488e-01   9.899773e-01   1.440861e-02
  1.783407e-02  -6.526015e-06   2.812849e+03   9.979918e-01   9.974945e-01   1.408792e-02
  2.233077e-02   1.653345e-05   2.240192e+03   9.952197e-01   9.972149e-01   1.705656e-02
  1.944900e-02   4.531911e-05   2.570296e+03   9.945133e-01   9.964340e-01   1.537662e-02
  2.103284e-02   5.497092e-05   2.380383e+03   9.960357e-01   9.978328e-01   1.598992e-02
  1.926205e-02   2.943121e-05   2.602345e+03   9.972351e-01   9.979315e-01   1.490658e-02
  2.069562e-02   6.563018e-05   2.414821e+03   9.942452e-01   9.954040e-01   1.684784e-02
  1.768126e-02   2.636434e-05   2.837719e+03   9.981886e-01   9.963759e-01   1.410255e-02
  2.608301e-02   3.921897e-05   1.934357e+03   1.003747e+00   1.002237e+00   1.851021e-02
  2.084811e-02   4.513400e-05   2.402428e+03   9.964310e-01   9.973339e-01   1.485972e-02
  2.101664e-02  -1.419746e-06   2.373611e+03   9.924371e-01   9.950131e-01   1.770138e-02
  2.002125e-02   5.774092e-05   2.497571e+03   9.948078e-01   9.972641e-01   1.435615e-02
  2.007758e-02  -5.659153e-05   2.472629e+03   9.876441e-01   9.920828e-01   1.779329e-02
  2.092977e-02   3.311498e-05   2.378320e+03   9.902957e-01   9.941770e-01   1.618295e-02
  1.948015e-02   1.009501e-05   2.558675e+03   9.916024e-01   9.938160e-01   1.644474e-02
  2.110482e-02   2.186593e-05   2.357525e+03   9.898469e-01   9.921435e-01   1.673076e-02
  2.786980e-02  -2.461058e-04   1.795656e+03   9.956053e-01   9.960888e-01   2.084438e-02
  2.297744e-02   1.164563e-05   2.192062e+03   1.002039e+00   1.000468e+00   1.709206e-02
  1.763793e-02  -3.303902e-05   2.863526e+03   1.004798e+00   1.002168e+00   1.375719e-02
  2.204699e-02   7.780462e-06   2.268437e+03   9.949615e-01   9.974847e-01   1.730195e-02
  1.877412e-02  -2.811915e-06   2.677866e+03   1.000181e+00   9.997201e-01   1.475878e-02
  2.187858e-02  -2.642844e-05   2.282347e+03   9.934156e-01   9.958024e-01   1.786294e-02
  2.054988e-02  -7.500706e-05   2.427062e+03   9.922484e-01   9.944817e-01   1.659115e-02
  1.965838e-02   4.833921e-05   2.533308e+03   9.907542e-01   9.921526e-01   1.988950e-02
  1.978747e-02   3.947580e-05   2.501499e+03   9.847383e-01   9.873494e-01   2.943181e-02
  2.011055e-02  -4.508060e-05   2.441622e+03   9.768603e-01   9.845239e-01   2.101152e-02
  2.069413e-02  -1.939746e-06   2.382887e+03   9.810268e-01   9.886704e-01   1.712784e-02
  2.134484e-02  -8.859353e-05   2.320788e+03   9.855041e-01   9.909102e-01   1.982348e-02
  2.060600e-02   8.907174e-05   2.404784e+03   9.858251e-01   9.920078e-01   1.590655e-02
  1.984054e-02   1.120658e-05   2.514033e+03   9.923265e-01   9.946811e-01   1.667874e-02
  2.075567e-02   3.028745e-05   2.410215e+03   9.952283e-01   9.960060e-01   1.638720e-02
  2.120643e-02  -7.643389e-05   2.380478e+03   1.004296e+00   1.000609e+00   1.426609e-02
  9.582999e-03  -1.231187e-04   5.318467e+03   1.013954e+00   1.003466e+00   1.380032e-02
  1.541445e-02  -4.229899e-05   3.254402e+03   9.979975e-01   9.970083e-01   1.749871e-02
  2.305967e-02   8.412622e-05   2.167708e+03   9.944522e-01   9.965245e-01   2.080904e-02
  1.686092e-02   1.318432e-05   2.948734e+03   9.891154e-01   9.927279e-01   1.702966e-02
  2.077045e-02  -3.966524e-05   2.394706e+03   9.895280e-01   9.935865e-01   1.872751e-02
  1.746094e-02  -1.323973e-07   2.851395e+03   9.905012e-01   9.935631e-01   1.654755e-02
  1.966327e-02   1.108517e-04   2.537333e+03   9.925747e-01   9.942237e-01   1.646398e-02
  1.891706e-02  -7.813821e-05   2.628171e+03   9.890937e-01   9.907724e-01   2.139753e-02
  2.065524e-02  -1.154716e-04   2.421559e+03   9.950742e-01   9.958785e-01   1.232153e-02
  1.884974e-02   2.107349e-06   2.640636e+03   9.902481e-01   9.934581e-01   1.152692e-02
  1.905760e-02   1.283179e-06   2.604006e+03   9.872798e-01   9.910902e-01   1.621236e-02
  1.745758e-02   6.292599e-06   2.863670e+03   9.945739e-01   9.971210e-01   1.105176e-02
  2.042433e-02  -8.219244e-05   2.432178e+03   9.882648e-01   9.933732e-01   1.618316e-02
  2.012548e-02  -5.054351e-05   2.475462e+03   9.911349e-01   9.946299e-01   1.430105e-02
  1.965901e-02  -3.533512e-05   2.522420e+03   9.865271e-01   9.909034e-01   1.630721e-02
  1.692071e-02   8.633828e-05   2.960959e+03   9.967380e-01   9.950117e-01   1.385426e-02
  2.549883e-02   3.316628e-04   1.994105e+03   1.011576e+00   1.005267e+00   1.966241e-02
  2.407907e-02   4.907586e-05   2.086615e+03   9.995676e-01   9.993085e-01   1.821496e-02
  1.670379e-02  -4.908753e-05   3.016316e+03   1.002356e+00   1.000799e+00   1.384443e-02
  2.445767e-02   2.109969e-06   2.037600e+03   9.914350e-01   9.961927e-01   1.587525e-02
  1.946255e-02   7.617171e-06   2.575360e+03   9.971666e-01   9.980043e-01   1.615594e-02
  2.155768e-02  -9.321140e-07   2.314750e+03   9.927415e-01   9.954832e-01   1.736592e-02
  2.136106e-02  -1.159704e-04   2.338697e+03   9.938642e-01   9.954216e-01   1.733933e-02
  2.063490e-02   5.624927e-05   2.405460e+03   9.874856e-01   9.907618e-01   1.787998e-02
  1.745777e-02   2.260937e-06   2.884227e+03   1.001725e+00   9.981577e-01   1.326431e-02
  2.066069e-02   2.008822e-05   2.413550e+03   9.920447e-01   9.935405e-01   1.814942e-02
  2.064552e-02  -3.659090e-05   2.409907e+03   9.898201e-01   9.940701e-01   1.309435e-02
  2.349612e-02   5.853433e-05   2.100200e+03   9.817183e-01   9.890542e-01   2.436327e-02
  2.106790e-02   9.983196e-05   2.352818e+03   9.861424e-01   9.918727e-01   1.612326e-02
  1.925437e-02   7.884161e-05   2.581800e+03   9.889674e-01   9.928913e-01   1.567077e-02
  2.123010e-02   3.458259e-05   2.339068e+03   9.879273e-01   9.916626e-01   1.773616e-02
  1.994310e-02   1.037536e-05   2.505011e+03   9.938766e-01   9.932588e-01   1.989708e-02
  2.086141e-02  -1.104222e-04   2.372574e+03   9.846766e-01   9.887948e-01   2.112803e-02
  1.813530e-02  -3.879751e-05   2.746458e+03   9.908957e-01   9.932908e-01   1.546428e-02
  2.234031e-02   4.151097e-05   2.213566e+03   9.838111e-01   9.903565e-01   1.922776e-02
  1.849144e-02  -1.114767e-04   2.705207e+03   9.951794e-01   9.961186e-01   1.501877e-02
  2.062720e-02   1.485238e-05   2.410261e+03   9.890870e-01   9.932838e-01   1.865960e-02
  2.191914e-02  -1.475768e-05   2.263634e+03   9.870969e-01   9.923909e-01   1.753694e-02
  1.939479e-02   5.031657e-05   2.577908e+03   9.946785e-01   9.953593e-01   1.669680e-02
  1.704985e-02  -1.029643e-04   2.936593e+03   9.960805e-01   9.948852e-01   1.409750e-02
  1.308856e-02   2.136464e-05   3.828171e+03   9.968119e-01   9.939043e-01   1.539857e-02
  1.890138e-02   4.952620e-06   2.643710e+03   9.941168e-01   9.952181e-01   1.617538e-02
  1.991670e-02   6.550858e-06   2.500596e+03   9.908116e-01   9.937691e-01   1.666830e-02
  1.748298e-02   5.383661e-05   2.824788e+03   9.824975e-01   9.893628e-01   1.716204e-02
  1.871009e-02  -7.049049e-05   2.659933e+03   9.900944e-01   9.941212e-01   1.529888e-02
  2.154148e-02  -7.227894e-05   2.311853e+03   9.907542e-01   9.938903e-01   1.797334e-02
  1.877789e-02  -4.354518e-05   2.652271e+03   9.908201e-01   9.931977e-01   1.480327e-02
  1.923702e-02  -1.007719e-04   2.601903e+03   9.957699e-01   9.956199e-01   1.508335e-02
  1.658356e-02   2.572669e-05   3.031056e+03   1.000004e+00   9.995049e-01   4.458084e-03
  2.317560e-02  -3.674384e-06   2.171324e+03   1.001119e+00   1.000020e+00   1.349979e-02
  1.940762e-02  -2.832765e-05   2.572074e+03   9.930838e-01   9.954762e-01   1.417351e-02
  1.908799e-02   1.194171e-04   2.644609e+03   1.004273e+00   1.002947e+00   1.327523e-02
  2.057768e-02  -5.331416e-05   2.419564e+03   9.905212e-01   9.947678e-01   1.606853e-02
  1.853413e-02   1.085873e-05   2.670039e+03   9.845092e-01   9.900431e-01   1.706881e-02
  2.053706e-02   1.705758e-06   2.413874e+03   9.862409e-01   9.909701e-01   1.743699e-02
  2.166155e-02   1.427994e-04   2.276747e+03   9.811478e-01   9.871288e-01   1.827107e-02
  3.155778e-02   1.635122e-04   1.508252e+03   9.469137e-01   9.674359e-01   2.306226e-02
  2.041750e-02   1.096190e-04   2.407715e+03   9.779978e-01   9.856047e-01   2.066217e-02
  2.034073e-02   4.104649e-05   2.438667e+03   9.868457e-01   9.920969e-01   1.585422e-02
  2.379160e-02  -1.185704e-04   2.074203e+03   9.817594e-01   9.898539e-01   1.582765e-02
  2.113868e-02   7.167469e-05   2.360160e+03   9.925430e-01   9.955113e-01   1.720625e-02
  1.963568e-02   5.103928e-06   2.558156e+03   9.993167e-01   9.994510e-01   1.430007e-02
  2.139771e-02  -4.279525e-06   2.344852e+03   9.981889e-01   9.980285e-01   1.602383e-02
  2.282028e-02  -3.959545e-05   2.203884e+03   1.000552e+00   9.982168e-01   1.947036e-02
  2.009051e-02  -1.255281e-04   2.464548e+03   9.850502e-01   9.880767e-01   2.633681e-02
  1.707017e-02  -4.216011e-05   2.928859e+03   9.946412e-01   9.952302e-01   1.349034e-02
  2.198440e-02   2.028588e-05   2.244263e+03   9.815641e-01   9.891002e-01   1.849731e-02
  2.344011e-02  -1.600776e-04   2.125979e+03   9.913996e-01   9.950672e-01   1.917019e-02
  1.983114e-02   3.147853e-05   2.506962e+03   9.890664e-01   9.932858e-01   1.687541e-02
  2.118847e-02   4.156593e-05   2.342307e+03   9.873555e-01   9.922233e-01   1.765604e-02
  2.023685e-02   8.780624e-06   2.463969e+03   9.919924e-01   9.938836e-01   1.727044e-02
  1.763484e-02  -2.491299e-05   2.850669e+03   1.000112e+00   9.971768e-01   1.741932e-02
           inf           -inf            nan            nan            inf            nan
  2.277000e-02  -1.058088e-04   2.161656e+03   9.792192e-01   9.870243e-01   1.974912e-02
  1.991804e-02  -1.575641e-05   2.483163e+03   9.839700e-01   9.896577e-01   1.998509e-02
  1.920097e-02   1.743192e-04   2.568985e+03   9.813293e-01   9.885905e-01   1.792786e-02
  1.915967e-02  -7.103648e-05   2.595477e+03   9.893168e-01   9.938311e-01   1.546761e-02
  1.918897e-02   7.787222e-06   2.614343e+03   9.980320e-01   9.981254e-01   1.687372e-02
  1.933299e-02   4.700969e-05   2.581516e+03   9.928962e-01   9.944223e-01   1.609090e-02
  1.825468e-02   1.441500e-04   2.740907e+03   9.954022e-01   9.952414e-01   1.400591e-02
  1.395650e-02   1.990960e-04   3.986805e+03   1.106960e+00   1.056679e+00   2.673361e-02
  2.033732e-02   3.267428e-05   2.485722e+03   1.005719e+00   1.002260e+00   1.783502e-02
  1.740761e-02  -2.674395e-05   2.883858e+03   9.987187e-01   9.984012e-01   1.306541e-02
  1.961164e-02   1.758228e-04   2.555030e+03   9.968733e-01   9.986172e-01   1.493871e-02
  2.143660e-02   4.703921e-05   2.319316e+03   9.891128e-01   9.938922e-01   1.628799e-02
  2.087042e-02  -3.551322e-05   2.382447e+03   9.892007e-01   9.935651e-01   1.529408e-02
  2.039857e-02  -1.373128e-05   2.442221e+03   9.910939e-01   9.938483e-01   1.648105e-02
  2.317103e-02   6.865022e-05   2.145753e+03   9.891338e-01   9.925107e-01   1.905248e-02
  2.473791e-02  -1.461323e-04   1.952347e+03   9.608378e-01   9.785617e-01   9.953552e-03
  2.170674e-02   7.685388e-06   2.272495e+03   9.813585e-01   9.881476e-01   1.460104e-02
  2.068079e-02   3.173627e-05   2.396433e+03   9.859671e-01   9.918524e-01   1.514202e-02
  2.304419e-02  -2.020631e-04   2.138114e+03   9.802174e-01   9.887711e-01   1.843674e-02
  2.150016e-02  -2.758460e-05   2.303571e+03   9.853109e-01   9.913786e-01   1.910236e-02
  2.151420e-02   2.143148e-05   2.314533e+03   9.906468e-01   9.941187e-01   1.876817e-02
  2.081018e-02  -1.110993e-04   2.399844e+03   9.935485e-01   9.949476e-01   1.691935e-02
  1.945627e-02  -2.097453e-04   2.560127e+03   9.909489e-01   9.916293e-01   2.257716e-02
  2.109906e-02  -1.411736e-05   2.437361e+03   1.023088e+00   1.012118e+00   2.871360e-02
  2.156990e-02   6.626572e-06   2.307404e+03   9.901518e-01   9.930749e-01   2.251467e-02
  2.271148e-02   2.640630e-06   2.190007e+03   9.895123e-01   9.936256e-01   1.903597e-02
  1.983180e-02  -9.472782e-05   2.509900e+03   9.902588e-01   9.940034e-01   1.839883e-02
  1.932938e-02   3.793971e-05   2.561678e+03   9.850826e-01   9.907370e-01   1.700665e-02
  1.981648e-02  -4.778665e-05   2.492925e+03   9.828017e-01   9.890386e-01   1.791887e-02
  2.036630e-02   1.830193e-05   2.431075e+03   9.850096e-01   9.900028e-01   1.894255e-02
  1.838245e-02  -2.697095e-04   2.716767e+03   9.935414e-01   9.941994e-01   2.137642e-02
  1.679092e-02   7.737360e-05   2.944610e+03   9.836314e-01   9.865257e-01   1.319506e-02
  1.855888e-02  -1.296429e-05   2.669035e+03   9.854536e-01   9.892136e-01   1.519602e-02
  2.104228e-02  -2.960211e-05   2.354873e+03   9.858037e-01   9.909187e-01   1.733798e-02
  1.963131e-02   4.872215e-05   2.533582e+03   9.894967e-01   9.937432e-01   1.558515e-02
  1.973542e-02   2.873135e-05   2.529314e+03   9.930685e-01   9.960459e-01   1.601569e-02
  1.891695e-02   1.926110e-05   2.659630e+03   1.000927e+00   1.000054e+00   1.573308e-02
  2.010323e-02   1.703648e-04   2.513890e+03   1.005408e+00   1.001950e+00   1.588639e-02
  1.768223e-02   2.474244e-04   2.839198e+03   9.987642e-01   9.965375e-01   1.736737e-02
  1.928686e-02  -1.748040e-04   2.575120e+03   9.880733e-01   9.917100e-01   1.354426e-02
  1.950800e-02   8.309391e-05   2.552150e+03   9.904878e-01   9.934128e-01   1.513983e-02
  1.848307e-02  -8.014538e-06   2.695368e+03   9.911110e-01   9.939117e-01   1.588174e-02
  2.107068e-02   3.394537e-05   2.377251e+03   9.965145e-01   9.983424e-01   1.527929e-02
  2.075319e-02  -4.946342e-05   2.403929e+03   9.925142e-01   9.956561e-01   1.568051e-02
  2.002928e-02   4.569890e-05   2.488528e+03   9.916036e-01   9.948626e-01   1.493731e-02
  1.976893e-02  -4.429849e-05   2.510414e+03   9.873213e-01   9.912695e-01   1.690500e-02
  2.227351e-02   4.586123e-04   2.258650e+03   1.000847e+00   9.999139e-01   1.905956e-02
  2.513403e-02  -6.012406e-06   1.976490e+03   9.882956e-01   9.922596e-01   1.986314e-02
  2.205272e-02  -2.997768e-05   2.262951e+03   9.928129e-01   9.949366e-01   1.647302e-02
  1.961354e-02   2.461453e-05   2.543365e+03   9.924184e-01   9.956290e-01   1.384032e-02
  2.289027e-02   9.434964e-06   2.162092e+03   9.845894e-01   9.909943e-01   1.853802e-02
  2.090679e-02  -2.755970e-06   2.380643e+03   9.901747e-01   9.943201e-01   1.633997e-02
  2.084029e-02  -7.093763e-06   2.401657e+03   9.957374e-01   9.972852e-01   1.724503e-02
  2.000082e-02  -1.122553e-04   2.516432e+03   1.001297e+00   9.998621e-01   1.574849e-02
  2.593573e-02  -2.761726e-04   1.946856e+03   1.004529e+00   1.003075e+00   1.518871e-02
  2.323090e-02   3.607732e-05   2.150961e+03   9.940969e-01   9.938216e-01   2.599351e-02
  2.019100e-02  -8.878402e-05   2.457677e+03   9.872171e-01   9.911423e-01   1.828196e-02
  2.242918e-02  -1.238482e-05   2.206470e+03   9.845586e-01   9.911222e-01   1.895383e-02
  1.844322e-02  -1.088463e-05   2.699961e+03   9.906598e-01   9.935366e-01   1.886652e-02
  1.954007e-02  -6.121327e-07   2.535196e+03   9.855255e-01   9.912810e-01   1.827442e-02
  2.045810e-02  -2.128251e-05   2.422846e+03   9.861008e-01   9.912639e-01   1.767756e-02
  2.109190e-02  -2.026344e-06   2.337701e+03   9.809230e-01   9.876974e-01   1.830850e-02
  2.620086e-02  -3.993201e-04   1.878661e+03   9.792512e-01   9.870914e-01   2.767290e-02
  9.263037e-03  -1.215465e-04   5.405461e+03   9.961307e-01   9.933058e-01   1.709734e-02
  1.865455e-02  -2.923347e-05   2.664288e+03   9.887718e-01   9.920163e-01   1.766416e-02
  2.138841e-02  -5.773236e-05   2.324491e+03   9.890915e-01   9.929755e-01   2.050359e-02
  1.675507e-02  -1.149325e-07   2.952627e+03   9.842033e-01   9.903758e-01   1.428737e-02
  2.001335e-02   1.062341e-05   2.478344e+03   9.867602e-01   9.922691e-01   1.710445e-02
  1.955834e-02  -5.893247e-06   2.537799e+03   9.874597e-01   9.918667e-01   1.823500e-02
  2.038161e-02   5.080492e-05   2.467264e+03   1.000424e+00   9.989767e-01   1.935944e-02
  2.165687e-02   4.054401e-04   2.364471e+03   1.018732e+00   1.008330e+00   1.783268e-02
  2.389226e-02   3.413747e-05   2.082444e+03   9.898306e-01   9.918283e-01   3.006825e-02
  2.105815e-02  -1.721693e-05   2.360016e+03   9.887018e-01   9.921810e-01   2.367513e-02
  2.052521e-02   7.843489e-06   2.425709e+03   9.905043e-01   9.939479e-01   2.520280e-02
  2.031831e-02  -2.342197e-05   2.452659e+03   9.914139e-01   9.944928e-01   2.381989e-02
  2.019602e-02  -2.550259e-06   2.464929e+03   9.903765e-01   9.942837e-01   2.280485e-02
  1.983370e-02  -6.363268e-06   2.515263e+03   9.924699e-01   9.951538e-01   2.294402e-02
  1.957393e-02   9.376708e-06   2.552861e+03   9.941119e-01   9.954410e-01   2.133540e-02
  1.525786e-02   1.301293e-05   3.305491e+03   1.003367e+00   9.989393e-01   1.426949e-02
  1.590932e-02  -5.355816e-05   3.144683e+03   9.953104e-01   9.934370e-01   2.815739e-02
  2.001725e-02   6.779901e-06   2.492186e+03   9.924649e-01   9.939863e-01   2.605014e-02
  2.000752e-02  -1.827778e-05   2.491911e+03   9.918728e-01   9.947999e-01   2.289264e-02
  1.993920e-02  -1.981093e-05   2.497109e+03   9.905477e-01   9.940502e-01   2.301861e-02
  1.998173e-02  -2.794108e-06   2.488806e+03   9.893597e-01   9.938159e-01   2.329601e-02
  2.011381e-02   7.992180e-06   2.470042e+03   9.883909e-01   9.930386e-01   2.162220e-02
  2.055307e-02   5.034164e-08   2.400571e+03   9.815705e-01   9.882798e-01   2.306446e-02
  2.515947e-02  -6.626598e-05   1.955411e+03   9.787451e-01   9.879425e-01   1.882162e-02
  1.505899e-02   3.659605e-05   3.355213e+03   1.005185e+00   1.000149e+00   1.743802e-02
  1.911948e-02  -2.275175e-06   2.615385e+03   9.948141e-01   9.954175e-01   2.232063e-02
  2.027427e-02  -4.515831e-06   2.455078e+03   9.902406e-01   9.937846e-01   2.444388e-02
  1.970242e-02   1.702653e-05   2.528690e+03   9.911636e-01   9.947321e-01   2.248755e-02
  2.010650e-02   4.519920e-06   2.477583e+03   9.910483e-01   9.948876e-01   2.283085e-02
  2.048057e-02   2.056467e-06   2.426662e+03   9.887383e-01   9.932519e-01   2.408685e-02
  2.025897e-02  -1.187992e-05   2.462694e+03   9.925626e-01   9.942721e-01   2.547695e-02
  2.239249e-02  -2.016191e-05   2.190442e+03   9.758079e-01   9.835858e-01   3.603341e-02
  2.083764e-02   5.317257e-05   2.403778e+03   9.964903e-01   9.963079e-01   2.116323e-02
  2.075792e-02  -4.693143e-06   2.404049e+03   9.927899e-01   9.946233e-01   2.345222e-02
  1.980781e-02   7.007512e-06   2.523368e+03   9.943681e-01   9.959636e-01   2.279144e-02
  2.054162e-02   7.057225e-06   2.423445e+03   9.903709e-01   9.945938e-01   2.286430e-02
  2.058484e-02   5.291926e-06   2.414778e+03   9.889057e-01   9.933593e-01   2.344351e-02
  1.992712e-02   2.177884e-06   2.497932e+03   9.902740e-01   9.939365e-01   2.242732e-02
  2.016098e-02   1.337011e-05   2.466514e+03   9.892942e-01   9.922299e-01   2.260780e-02
  1.626553e-02   4.658380e-05   3.066179e+03   9.921921e-01   9.917206e-01   2.258603e-02
  1.984197e-02  -1.292042e-04   2.516336e+03   9.933074e-01   9.935162e-01   2.581401e-02
  2.041965e-02  -9.109990e-06   2.440981e+03   9.916145e-01   9.935657e-01   2.499487e-02
  2.031536e-02  -2.886934e-06   2.448094e+03   9.894248e-01   9.931704e-01   2.316905e-02
  2.086813e-02  -1.320779e-05   2.382167e+03   9.889761e-01   9.935406e-01   2.427460e-02
  2.058277e-02  -3.406502e-06   2.418908e+03   9.904977e-01   9.943791e-01   2.319069e-02
  2.020666e-02  -9.070343e-06   2.460126e+03   9.889676e-01   9.932240e-01   2.303494e-02
  1.977714e-02  -6.124563e-06   2.523284e+03   9.927954e-01   9.946007e-01   2.283884e-02
  1.911229e-02  -4.711677e-05   2.608891e+03   9.919707e-01   9.934714e-01   2.277123e-02
  2.004291e-02  -6.371327e-05   2.502121e+03   9.976984e-01   9.959954e-01   2.402682e-02
  1.914755e-02   9.577479e-06   2.613098e+03   9.954034e-01   9.960104e-01   2.235639e-02
  2.008370e-02  -1.624362e-05   2.486143e+03   9.933446e-01   9.956585e-01   2.341691e-02
  1.996603e-02  -1.676480e-05   2.495233e+03   9.911355e-01   9.944369e-01   2.333652e-02
  2.067923e-02  -1.051690e-05   2.402067e+03   9.882112e-01   9.927679e-01   2.408092e-02
  2.114261e-02  -1.727813e-05   2.354565e+03   9.903744e-01   9.938159e-01   2.354522e-02
  2.084795e-02  -1.823240e-05   2.386897e+03   9.899816e-01   9.932008e-01   2.261445e-02
  2.174887e-02  -2.116480e-06   2.295286e+03   9.931242e-01   9.940052e-01   2.383000e-02
  1.816816e-02   6.317754e-05   2.756883e+03   9.964588e-01   9.956776e-01   2.029876e-02
  2.009647e-02   8.007220e-06   2.478021e+03   9.907292e-01   9.934499e-01   2.341220e-02
  2.076336e-02  -2.450459e-05   2.394294e+03   9.890203e-01   9.932846e-01   2.352759e-02
  1.990524e-02   1.548903e-05   2.498560e+03   9.894351e-01   9.935506e-01   2.292389e-02
  1.991172e-02  -1.125625e-05   2.501676e+03   9.909914e-01   9.944360e-01   2.334056e-02
  2.019974e-02   1.121969e-05   2.459880e+03   9.885301e-01   9.925098e-01   2.413871e-02
  2.115476e-02   1.386682e-06   2.353965e+03   9.906909e-01   9.933789e-01   2.487095e-02
  1.979492e-02   3.324341e-05   2.505039e+03   9.865028e-01   9.892078e-01   2.862396e-02
  2.329720e-02  -2.021890e-05   2.148151e+03   9.956317e-01   9.960343e-01   2.295163e-02
  2.051507e-02  -2.905390e-05   2.438298e+03   9.951529e-01   9.958675e-01   2.318965e-02
  1.919657e-02   2.502327e-05   2.600294e+03   9.930614e-01   9.952834e-01   2.300729e-02
  2.015541e-02   8.969761e-06   2.472693e+03   9.914983e-01   9.950402e-01   2.298316e-02
  1.933863e-02   1.773691e-05   2.572118e+03   9.895702e-01   9.938418e-01   2.198157e-02
  1.959771e-02   8.463795e-06   2.546504e+03   9.928412e-01   9.953855e-01   2.188132e-02
  1.933700e-02   2.594538e-05   2.576997e+03   9.913639e-01   9.934344e-01   2.282808e-02
  1.785518e-02   7.485083e-07   2.813210e+03   9.993016e-01   9.968212e-01   2.085352e-02
  2.205697e-02   3.041646e-05   2.250983e+03   9.877527e-01   9.904620e-01   2.826369e-02
  1.998475e-02  -1.478826e-05   2.487475e+03   9.889802e-01   9.922461e-01   2.383202e-02
  2.002038e-02   6.111280e-06   2.485012e+03   9.897626e-01   9.935929e-01   2.195812e-02
  2.027695e-02  -1.203107e-05   2.452043e+03   9.891474e-01   9.938150e-01   2.270204e-02
  2.058827e-02  -6.045313e-06   2.418351e+03   9.905338e-01   9.946463e-01   2.283883e-02
  2.039095e-02  -4.383554e-06   2.435283e+03   9.879089e-01   9.926223e-01   2.344563e-02
  1.962550e-02  -3.775003e-06   2.540037e+03   9.917242e-01   9.940256e-01   2.203181e-02
  1.967348e-02  -3.526031e-05   2.523214e+03   9.875644e-01   9.906782e-01   2.352502e-02
  1.911785e-02   3.009162e-05   2.619350e+03   9.962372e-01   9.948392e-01   2.649895e-02
  1.993302e-02   1.662408e-05   2.510922e+03   9.957183e-01   9.963732e-01   2.258011e-02
  2.091414e-02  -1.034146e-05   2.379613e+03   9.900942e-01   9.938528e-01   2.490047e-02
  2.082083e-02   3.672821e-06   2.388682e+03   9.894331e-01   9.937794e-01   2.386580e-02
  2.102180e-02  -2.418366e-06   2.360373e+03   9.871446e-01   9.922391e-01   2.425402e-02
  2.047811e-02   1.573766e-05   2.434701e+03   9.918948e-01   9.948203e-01   2.323134e-02
  2.097260e-02  -6.964335e-06   2.372824e+03   9.900291e-01   9.929724e-01   2.365039e-02
  2.021160e-02   4.402067e-05   2.473394e+03   9.945442e-01   9.942291e-01   2.598318e-02
  1.949207e-02  -8.593721e-05   2.561365e+03   9.932522e-01   9.928605e-01   2.512857e-02
  2.081134e-02  -8.849206e-06   2.385864e+03   9.878157e-01   9.918917e-01   2.444541e-02
  2.033395e-02  -2.631955e-05   2.447632e+03   9.901432e-01   9.937030e-01   2.335546e-02
  2.078914e-02  -5.392071e-06   2.389406e+03   9.882269e-01   9.926920e-01   2.480128e-02
  1.963919e-02  -1.305595e-05   2.534988e+03   9.904434e-01   9.940757e-01   2.312248e-02
  2.068164e-02  -5.031094e-06   2.399565e+03   9.872967e-01   9.920058e-01   2.415746e-02
  2.055657e-02  -7.002530e-06   2.422757e+03   9.908106e-01   9.932054e-01   2.432895e-02
  1.882661e-02  -3.116122e-06   2.645925e+03   9.910143e-01   9.922147e-01   2.345880e-02
  1.603289e-02  -5.245452e-05   3.123472e+03   9.962754e-01   9.945754e-01   2.240622e-02
  1.979048e-02  -3.863582e-06   2.526221e+03   9.946212e-01   9.954525e-01   2.367647e-02
  2.005961e-02   1.387357e-05   2.478700e+03   9.891828e-01   9.929529e-01   2.390120e-02
  1.990733e-02  -3.937585e-06   2.500657e+03   9.903695e-01   9.942793e-01   2.287447e-02
  2.000010e-02   2.229884e-05   2.482703e+03   9.878412e-01   9.928963e-01   2.286936e-02
  1.984028e-02  -6.514641e-06   2.513582e+03   9.921355e-01   9.949103e-01   2.353719e-02
  1.954685e-02   1.078487e-05   2.549767e+03   9.915334e-01   9.938375e-01   2.283962e-02
  1.927861e-02  -1.809308e-05   2.592899e+03   9.944697e-01   9.942695e-01   2.477630e-02
  2.045926e-02   1.842078e-05   2.454175e+03   9.989084e-01   9.975815e-01   2.000876e-02
  1.944232e-02  -1.553213e-05   2.555777e+03   9.885558e-01   9.917192e-01   2.267975e-02
  1.991354e-02   2.232438e-05   2.500094e+03   9.904553e-01   9.940412e-01   2.235521e-02
  1.938367e-02  -2.256280e-07   2.561028e+03   9.875987e-01   9.926020e-01   2.309655e-02
  2.093505e-02   2.155607e-06   2.375919e+03   9.895456e-01   9.939202e-01   2.372864e-02
  2.005340e-02  -1.588087e-05   2.478625e+03   9.888470e-01   9.930617e-01   2.308005e-02
  2.035674e-02  -1.309542e-05   2.448981e+03   9.917994e-01   9.940261e-01   2.304827e-02
  1.860203e-02   1.436106e-06   2.684553e+03   9.934876e-01   9.934584e-01   2.387486e-02
  1.927327e-02   9.990897e-05   2.578091e+03   9.885161e-01   9.910533e-01   2.547296e-02
  1.992723e-02   3.404288e-05   2.509082e+03   9.946999e-01   9.954674e-01   2.222918e-02
  2.112920e-02  -5.710768e-06   2.350077e+03   9.878596e-01   9.924896e-01   2.407549e-02
  2.011109e-02   2.416859e-05   2.477755e+03   9.913431e-01   9.947640e-01   2.183043e-02
  2.000336e-02  -1.112931e-05   2.481337e+03   9.874584e-01   9.922290e-01   2.438387e-02
  2.023110e-02   2.134748e-05   2.464021e+03   9.917314e-01   9.945463e-01   2.347703e-02
  2.108102e-02   1.061632e-05   2.360764e+03   9.900895e-01   9.928884e-01   2.514156e-02
  1.867383e-02   3.793144e-06   2.681527e+03   9.961984e-01   9.953222e-01   2.210520e-02
  1.968620e-02   6.484770e-05   2.556741e+03   1.001334e+00   9.990177e-01   2.160082e-02
  2.044458e-02   4.279833e-05   2.424006e+03   9.859205e-01   9.905710e-01   2.310567e-02
  1.958744e-02  -1.202364e-05   2.541050e+03   9.901958e-01   9.935403e-01   2.363172e-02
  2.096250e-02   1.873826e-05   2.361427e+03   9.847990e-01   9.911824e-01   2.419443e-02
  1.936866e-02  -2.722118e-06   2.573479e+03   9.916316e-01   9.950264e-01   2.146653e-02
  1.993551e-02   2.254470e-05   2.493947e+03   9.891102e-01   9.932248e-01   2.263413e-02
  1.961619e-02   1.246790e-07   2.544751e+03   9.930932e-01   9.946163e-01   2.372154e-02
  2.048892e-02   1.158495e-05   2.435955e+03   9.929300e-01   9.938623e-01   2.411386e-02
  2.331240e-02  -4.505043e-05   2.128460e+03   9.871487e-01   9.907726e-01   2.480025e-02
  2.077815e-02  -4.831980e-05   2.401746e+03   9.928054e-01   9.945740e-01   2.343852e-02
  1.970221e-02   1.479588e-05   2.525444e+03   9.898804e-01   9.936157e-01   2.167065e-02
  1.990319e-02  -2.520301e-05   2.503696e+03   9.913669e-01   9.947524e-01   2.308562e-02
  2.055298e-02   1.235700e-05   2.412263e+03   9.863470e-01   9.921712e-01   2.345897e-02
  2.043018e-02  -1.514657e-05   2.438522e+03   9.911262e-01   9.945785e-01   2.365616e-02
  1.914522e-02   1.018021e-05   2.604800e+03   9.921214e-01   9.937035e-01   2.199340e-02
  1.939376e-02   7.769880e-06   2.575000e+03   9.935032e-01   9.935321e-01   2.618410e-02
  1.953057e-02  -5.584204e-05   2.539829e+03   9.868463e-01   9.889315e-01   2.877062e-02
  2.077591e-02  -1.628368e-05   2.378716e+03   9.831798e-01   9.888641e-01   2.428062e-02
  2.041032e-02   1.865111e-05   2.431133e+03   9.871624e-01   9.920025e-01   2.372969e-02
  2.112537e-02  -4.433927e-05   2.341846e+03   9.842214e-01   9.906856e-01   2.330530e-02
  2.105325e-02   1.713779e-05   2.364745e+03   9.904526e-01   9.942378e-01   2.378773e-02
  2.099134e-02  -4.768279e-06   2.366358e+03   9.882135e-01   9.924591e-01   2.400458e-02
  2.054833e-02  -7.512349e-06   2.428403e+03   9.927215e-01   9.951814e-01   2.291645e-02
  1.877056e-02  -2.354793e-05   2.665863e+03   9.955092e-01   9.945832e-01   2.341237e-02
  1.797025e-02  -2.836552e-05   2.792497e+03   9.983364e-01   9.964317e-01   1.993095e-02
  1.936855e-02   1.634093e-05   2.579588e+03   9.939800e-01   9.952510e-01   2.357960e-02
  2.059144e-02  -3.193746e-05   2.417354e+03   9.902782e-01   9.939612e-01   2.281583e-02
  1.956632e-02   2.740331e-05   2.540766e+03   9.890175e-01   9.932510e-01   2.463008e-02
  2.035545e-02  -1.812640e-05   2.434478e+03   9.858630e-01   9.915481e-01   2.453735e-02
  2.015215e-02   2.191267e-06   2.472099e+03   9.910998e-01   9.941880e-01   2.420409e-02
  2.111396e-02  -6.292081e-07   2.359744e+03   9.912078e-01   9.933087e-01   2.468285e-02
  1.896397e-02   3.381877e-05   2.638356e+03   9.953890e-01   9.947595e-01   2.305625e-02
  1.971000e-02  -4.933968e-06   2.508697e+03   9.837055e-01   9.884339e-01   2.321413e-02
  2.030736e-02   1.682238e-05   2.439996e+03   9.857633e-01   9.903661e-01   2.181223e-02
  2.072126e-02  -2.545163e-06   2.391006e+03   9.856596e-01   9.909742e-01   2.397993e-02
  2.021024e-02   9.741770e-06   2.456900e+03   9.878454e-01   9.931005e-01   2.074831e-02
  1.923716e-02   2.014054e-06   2.593088e+03   9.924036e-01   9.951100e-01   2.180982e-02
  1.936508e-02  -1.348358e-05   2.568251e+03   9.894343e-01   9.932066e-01   2.230553e-02
  1.959020e-02   1.461614e-05   2.547073e+03   9.926824e-01   9.943294e-01   2.378981e-02
  1.829662e-02   2.413159e-05   2.735496e+03   9.957199e-01   9.950853e-01   2.200509e-02
  2.025114e-02   5.187866e-05   2.470788e+03   9.954402e-01   9.950021e-01   2.597532e-02
  2.028146e-02   1.567553e-05   2.455373e+03   9.907107e-01   9.932352e-01   2.549968e-02
  1.984560e-02   1.365827e-05   2.507817e+03   9.901254e-01   9.937123e-01   2.324588e-02
  2.167835e-02   3.323888e-05   2.278819e+03   9.828021e-01   9.897794e-01   2.729355e-02
  2.007090e-02   2.126468e-06   2.464992e+03   9.842659e-01   9.908145e-01   2.283856e-02
  2.041563e-02  -1.096069e-06   2.438094e+03   9.902466e-01   9.939100e-01   2.273251e-02
  1.980026e-02  -4.481872e-06   2.521757e+03   9.933542e-01   9.948275e-01   2.201033e-02
  2.263231e-02  -1.774017e-05   2.209355e+03   9.947742e-01   9.950239e-01   2.455268e-02
  1.995228e-02   4.265488e-05   2.492208e+03   9.892521e-01   9.911923e-01   2.316334e-02
  2.037777e-02  -4.718776e-05   2.444142e+03   9.908621e-01   9.934319e-01   2.108554e-02
  2.048536e-02   5.781211e-06   2.423451e+03   9.876610e-01   9.922929e-01   2.302191e-02
  1.914107e-02  -1.039862e-05   2.609190e+03   9.935786e-01   9.956483e-01   2.246763e-02
  2.091740e-02  -6.284062e-06   2.383491e+03   9.918619e-01   9.952473e-01   2.339304e-02
  2.066342e-02   2.282477e-05   2.401882e+03   9.873793e-01   9.921760e-01   2.456292e-02
  2.046823e-02  -4.573054e-06   2.432452e+03   9.905003e-01   9.932347e-01   2.423562e-02
  1.984029e-02  -3.145102e-05   2.513828e+03   9.922330e-01   9.927473e-01   2.681547e-02
  1.942097e-02  -6.613515e-05   2.563330e+03   9.903886e-01   9.919628e-01   2.816208e-02
  2.003018e-02   2.559369e-05   2.468770e+03   9.837745e-01   9.893687e-01   2.708260e-02
  2.048258e-02  -8.328385e-06   2.427125e+03   9.890241e-01   9.930462e-01   2.515347e-02
  1.927443e-02  -3.378530e-05   2.565996e+03   9.839376e-01   9.905155e-01   2.229012e-02
  2.105395e-02   1.240905e-06   2.346663e+03   9.829116e-01   9.898349e-01   2.434330e-02
  2.028106e-02  -1.471873e-05   2.457205e+03   9.914305e-01   9.943776e-01   2.335013e-02
  2.004890e-02  -1.113067e-05   2.490688e+03   9.934364e-01   9.947622e-01   2.285567e-02
  1.883688e-02  -3.575601e-05   2.662987e+03   9.979486e-01   9.963489e-01   2.138944e-02
  1.788763e-02  -3.380499e-05   2.837423e+03   1.009734e+00   1.003319e+00   2.318986e-02
  1.848550e-02   2.603436e-05   2.728562e+03   1.003449e+00   1.000616e+00   2.085283e-02
  1.948624e-02  -3.266382e-06   2.564386e+03   9.941267e-01   9.959893e-01   2.226071e-02
  2.148579e-02  -3.280284e-06   2.324934e+03   9.937842e-01   9.967461e-01   2.313974e-02
  1.932646e-02   8.007905e-06   2.581240e+03   9.924547e-01   9.952787e-01   2.352673e-02
  2.043737e-02   1.001618e-05   2.428263e+03   9.873040e-01   9.921137e-01   2.431641e-02
  2.031281e-02   1.765265e-05   2.447876e+03   9.892124e-01   9.924610e-01   2.406896e-02
  2.070250e-02   6.926093e-05   2.401741e+03   9.891889e-01   9.914972e-01   2.640287e-02
  2.182698e-02   1.645446e-04   2.301213e+03   9.992649e-01   9.974196e-01   2.735455e-02
  2.147514e-02  -6.439856e-06   2.307990e+03   9.860528e-01   9.910008e-01   2.388150e-02
  2.014724e-02   2.540203e-05   2.470861e+03   9.903621e-01   9.940075e-01   2.317448e-02
  2.202580e-02   2.509690e-05   2.240908e+03   9.819421e-01   9.891891e-01   2.582066e-02
  2.073098e-02  -1.307211e-06   2.391163e+03   9.861870e-01   9.919983e-01   2.204765e-02
  1.973058e-02   4.998178e-08   2.531845e+03   9.938189e-01   9.956704e-01   2.384372e-02
  1.989829e-02  -9.383558e-06   2.509956e+03   9.936009e-01   9.947344e-01   2.360218e-02
  1.905036e-02  -1.225095e-05   2.633588e+03   9.981166e-01   9.959050e-01   2.538882e-02
  1.759293e-02   2.941068e-05   2.927018e+03   1.024457e+00   1.010857e+00   3.373604e-02
  2.062486e-02  -1.570442e-05   2.443938e+03   1.002793e+00   1.000158e+00   2.544797e-02
  2.055060e-02   2.290517e-06   2.435803e+03   9.958570e-01   9.970790e-01   2.356931e-02
  1.770300e-02   6.457380e-06   2.828353e+03   9.961176e-01   9.969717e-01   2.297975e-02
  2.039046e-02  -6.229520e-06   2.441285e+03   9.903204e-01   9.941858e-01   2.481620e-02
  2.009006e-02  -8.540688e-06   2.476743e+03   9.899025e-01   9.935899e-01   2.219562e-02
  1.925802e-02   2.185625e-06   2.585807e+03   9.906902e-01   9.932056e-01   2.234301e-02
  1.801425e-02  -5.114723e-05   2.773234e+03   9.938776e-01   9.937208e-01   2.230924e-02
  1.841069e-02  -1.362889e-04   2.771883e+03   1.015255e+00   1.007030e+00   1.394824e-02
  1.989275e-02  -2.617104e-05   2.498748e+03   9.888889e-01   9.922011e-01   1.969817e-02
  2.006539e-02  -6.705765e-06   2.481041e+03   9.904022e-01   9.937524e-01   2.227150e-02
  1.911409e-02  -1.673537e-05   2.596569e+03   9.873786e-01   9.927021e-01   1.977954e-02
  2.006477e-02  -1.877938e-06   2.477888e+03   9.891131e-01   9.934650e-01   2.174056e-02
  1.966163e-02  -5.201279e-06   2.534544e+03   9.914015e-01   9.944195e-01   2.360122e-02
  1.998953e-02  -8.851020e-06   2.498931e+03   9.937723e-01   9.952942e-01   2.225441e-02
  1.840049e-02   4.251559e-05   2.733378e+03   1.000597e+00   9.981268e-01   2.045700e-02
  1.990077e-02   3.770515e-05   2.490954e+03   9.862016e-01   9.897529e-01   2.461187e-02
  2.032889e-02   3.651791e-05   2.451769e+03   9.915702e-01   9.939710e-01   2.531838e-02
  2.006017e-02  -7.072651e-06   2.486549e+03   9.923425e-01   9.949791e-01   2.290542e-02
  2.148813e-02   1.092973e-05   2.319751e+03   9.916767e-01   9.954654e-01   2.418604e-02
  2.082737e-02   5.464506e-06   2.386099e+03   9.886741e-01   9.933257e-01   2.482666e-02
  2.021702e-02   7.419122e-06   2.466626e+03   9.920890e-01   9.950163e-01   2.142960e-02
  2.174030e-02   9.305828e-06   2.284323e+03   9.879916e-01   9.919724e-01   2.418794e-02
  2.264406e-02   2.619029e-05   2.197309e+03   9.898643e-01   9.930464e-01   2.289434e-02
  1.858976e-02   5.278261e-05   2.720251e+03   1.006034e+00   1.000628e+00   2.250270e-02
  2.024937e-02  -2.508431e-06   2.462126e+03   9.918635e-01   9.936944e-01   2.187818e-02
  2.000007e-02  -3.947267e-06   2.487409e+03   9.897120e-01   9.932867e-01   2.291397e-02
  2.093115e-02  -4.855081e-06   2.370629e+03   9.871584e-01   9.922480e-01   2.389565e-02
  1.941959e-02   1.935394e-06   2.565871e+03   9.912997e-01   9.946127e-01   2.260567e-02
  2.100043e-02   1.185513e-05   2.364281e+03   9.877735e-01   9.925407e-01   2.524301e-02
  1.972036e-02   3.626056e-06   2.531348e+03   9.931089e-01   9.943815e-01   2.595247e-02
  2.327154e-02   3.301730e-05   2.137052e+03   9.893968e-01   9.915360e-01   3.638263e-02
  1.953445e-02  -3.365177e-05   2.548790e+03   9.905250e-01   9.926183e-01   1.990031e-02
  1.998240e-02  -7.016832e-06   2.488814e+03   9.893962e-01   9.925763e-01   2.406923e-02
  2.024359e-02   2.225491e-05   2.462843e+03   9.918695e-01   9.946085e-01   2.260040e-02
  2.030608e-02  -4.746679e-06   2.455606e+03   9.920070e-01   9.950322e-01   2.385459e-02
  2.014093e-02  -3.022266e-06   2.469899e+03   9.896667e-01   9.939521e-01   2.253929e-02
  2.001827e-02  -1.033132e-05   2.496877e+03   9.943831e-01   9.959864e-01   2.372253e-02
  1.872635e-02   2.519485e-07   2.669437e+03   9.944958e-01   9.954964e-01   2.055538e-02
  1.603996e-02   1.560591e-05   3.146899e+03   1.004191e+00   9.979137e-01   2.379463e-02
  2.049037e-02  -2.545487e-05   2.441473e+03   9.952493e-01   9.951663e-01   2.616726e-02
  1.918115e-02  -1.108411e-05   2.604435e+03   9.938442e-01   9.948804e-01   2.143538e-02
  2.051332e-02  -1.181392e-05   2.420986e+03   9.880035e-01   9.922324e-01   2.357004e-02
  1.999824e-02  -9.636740e-06   2.485595e+03   9.888994e-01   9.932709e-01   2.299738e-02
  2.034865e-02  -2.467069e-06   2.446572e+03   9.904297e-01   9.943795e-01   2.343379e-02
  1.956381e-02  -5.258946e-06   2.541811e+03   9.892972e-01   9.931407e-01   2.229438e-02
  2.015815e-02  -1.317083e-05   2.466621e+03   9.891979e-01   9.928989e-01   2.289261e-02
  1.502746e-02  -8.072732e-05   3.339559e+03   9.984007e-01   9.966400e-01   1.521929e-02
  1.970575e-02  -1.435827e-05   2.531761e+03   9.925346e-01   9.932349e-01   2.410422e-02
  2.040218e-02   2.344096e-05   2.437373e+03   9.893018e-01   9.928318e-01   2.251157e-02
  1.963043e-02  -2.176539e-06   2.541755e+03   9.926441e-01   9.948979e-01   2.289834e-02
  2.014826e-02   3.726491e-05   2.476653e+03   9.927341e-01   9.955023e-01   2.284666e-02
  2.029938e-02   1.572777e-05   2.450645e+03   9.896768e-01   9.939645e-01   2.331686e-02
  2.002817e-02   2.357274e-06   2.491731e+03   9.928250e-01   9.955108e-01   2.264928e-02
  2.080966e-02  -1.883715e-07   2.398676e+03   9.930399e-01   9.952278e-01   2.306556e-02
  2.332586e-02   2.186531e-05   2.136720e+03   9.915515e-01   9.939718e-01   2.307316e-02
  1.930177e-02   5.778630e-05   2.599550e+03   9.982180e-01   9.970054e-01   2.405643e-02
  2.080481e-02   6.134562e-06   2.398087e+03   9.925647e-01   9.944447e-01   2.385926e-02
  2.088573e-02   1.167715e-05   2.379141e+03   9.885528e-01   9.929114e-01   2.284258e-02
  2.044066e-02   4.533969e-06   2.430507e+03   9.883756e-01   9.928148e-01   2.342563e-02
  2.041064e-02  -1.266471e-05   2.438586e+03   9.902048e-01   9.942476e-01   2.387234e-02
  2.063008e-02  -4.721322e-06   2.408111e+03   9.883425e-01   9.928077e-01   2.354655e-02
  2.049192e-02  -2.374667e-06   2.421859e+03   9.873284e-01   9.915910e-01   2.456967e-02
  2.088487e-02   2.251832e-05   2.390564e+03   9.932584e-01   9.930600e-01   3.218572e-02
  1.838083e-02  -1.980597e-05   2.686984e+03   9.825629e-01   9.869354e-01   3.425196e-02
  2.023733e-02  -8.405475e-06   2.454971e+03   9.883931e-01   9.918510e-01   3.236186e-02
  2.013603e-02   6.425421e-06   2.463555e+03   9.868842e-01   9.917445e-01   3.221600e-02
  2.006157e-02   3.117100e-06   2.480388e+03   9.899534e-01   9.941482e-01   3.140086e-02
  2.030422e-02  -7.328592e-07   2.440303e+03   9.857354e-01   9.915926e-01   3.225546e-02
  2.006671e-02   3.432669e-06   2.471983e+03   9.868511e-01   9.918278e-01   3.161678e-02
  2.004902e-02  -1.482510e-06   2.479349e+03   9.889194e-01   9.921638e-01   3.149634e-02
  2.000083e-02   3.475407e-05   2.493998e+03   9.923714e-01   9.931398e-01   3.180770e-02
  1.921242e-02   5.319047e-05   2.582983e+03   9.872652e-01   9.902741e-01   3.555347e-02
  2.030385e-02   2.163810e-05   2.452501e+03   9.906443e-01   9.932989e-01   3.271692e-02
  2.022818e-02   2.066885e-06   2.463766e+03   9.914855e-01   9.946184e-01   3.152018e-02
  2.043882e-02   4.644133e-06   2.448232e+03   9.954937e-01   9.973620e-01   2.965149e-02
  2.019209e-02   4.055824e-06   2.492696e+03   1.001338e+00   1.000910e+00   2.915181e-02
  2.018746e-02  -6.980952e-06   2.492922e+03   1.001199e+00   1.000292e+00   2.950443e-02
  1.981173e-02  -4.322433e-06   2.545201e+03   1.003170e+00   1.000807e+00   2.984716e-02
  1.909565e-02  -9.688574e-05   2.663120e+03   1.011708e+00   1.004695e+00   3.025389e-02
  1.919184e-02   5.301251e-06   2.619568e+03   1.000176e+00   9.976007e-01   3.207897e-02
  2.013165e-02  -3.638647e-06   2.483529e+03   9.946693e-01   9.955317e-01   3.078622e-02
  2.048431e-02   2.250161e-06   2.429164e+03   9.899387e-01   9.936526e-01   3.181295e-02
  2.033863e-02  -4.577208e-06   2.447436e+03   9.902917e-01   9.943139e-01   3.151635e-02
  2.034881e-02  -3.090966e-06   2.445513e+03   9.900092e-01   9.942223e-01   3.060483e-02
  2.003850e-02   5.901496e-06   2.496345e+03   9.951758e-01   9.966210e-01   2.936012e-02
  2.012602e-02   9.588479e-06   2.488555e+03   9.964038e-01   9.968450e-01   2.880031e-02
  2.087361e-02  -7.077444e-07   2.396943e+03   9.953722e-01   9.950029e-01   2.976054e-02
  1.850185e-02  -5.565631e-05   2.735495e+03   1.006888e+00   1.001818e+00   2.856044e-02
  2.024183e-02  -8.414563e-06   2.489650e+03   1.002578e+00   1.000437e+00   2.887853e-02
  2.018614e-02   1.525705e-06   2.496864e+03   1.002717e+00   1.001319e+00   2.903033e-02
  2.009638e-02  -9.052165e-06   2.489700e+03   9.953940e-01   9.971549e-01   2.954542e-02
  2.016760e-02  -3.732663e-06   2.479529e+03   9.948405e-01   9.970425e-01   3.084164e-02
  2.026104e-02  -2.762167e-06   2.461223e+03   9.920714e-01   9.948546e-01   3.141705e-02
  2.013861e-02  -3.576732e-06   2.484395e+03   9.953601e-01   9.959630e-01   3.171551e-02
  1.919738e-02   5.826018e-05   2.616624e+03   9.993404e-01   9.971771e-01   3.277606e-02
  1.896439e-02   3.998136e-05   2.658163e+03   1.002884e+00   9.995110e-01   2.916859e-02
  2.007263e-02   7.546707e-06   2.484813e+03   9.922660e-01   9.942164e-01   3.122724e-02
  2.010560e-02  -3.902472e-06   2.481560e+03   9.925947e-01   9.952574e-01   3.021125e-02
  2.009600e-02   7.997771e-07   2.474875e+03   9.894481e-01   9.937548e-01   3.104854e-02
  2.018550e-02  -3.864107e-06   2.463642e+03   9.893437e-01   9.936502e-01   3.057063e-02
  1.986445e-02  -4.520625e-06   2.505489e+03   9.901460e-01   9.937280e-01   3.054777e-02
  1.979574e-02  -6.261982e-07   2.502758e+03   9.856454e-01   9.899699e-01   3.106954e-02
  1.989622e-02  -2.363827e-05   2.519495e+03   9.972734e-01   9.961583e-01   2.827526e-02
  2.077138e-02   3.484169e-05   2.348343e+03   9.704140e-01   9.802504e-01   3.882970e-02
  2.038814e-02  -1.778329e-06   2.395338e+03   9.715708e-01   9.818972e-01   3.678158e-02
  2.025951e-02  -2.771297e-06   2.412373e+03   9.723074e-01   9.831535e-01   3.642432e-02
  2.037396e-02   4.193194e-06   2.411046e+03   9.772625e-01   9.865533e-01   3.439015e-02
  2.015767e-02   2.800027e-06   2.448108e+03   9.817503e-01   9.890572e-01   3.415031e-02
  2.047278e-02  -5.290217e-06   2.420410e+03   9.858159e-01   9.913321e-01   3.277527e-02
  2.021403e-02  -1.005516e-05   2.465843e+03   9.916272e-01   9.937744e-01   3.214984e-02
  1.997875e-02  -4.181509e-05   2.500326e+03   9.937910e-01   9.940982e-01   3.396127e-02
  1.915771e-02  -2.498889e-05   2.593235e+03   9.883611e-01   9.903484e-01   3.695492e-02
  1.974431e-02  -4.272596e-06   2.542687e+03   9.987690e-01   9.979562e-01   3.119263e-02
  2.032708e-02  -9.747724e-07   2.453254e+03   9.920822e-01   9.949447e-01   3.179579e-02
  2.019264e-02   8.732351e-07   2.471338e+03   9.927855e-01   9.957738e-01   3.106701e-02
  2.031116e-02   7.561270e-06   2.452514e+03   9.910063e-01   9.946397e-01   3.061052e-02
  2.020269e-02   9.752276e-06   2.469189e+03   9.924160e-01   9.948775e-01   3.126980e-02
  2.019365e-02   5.786758e-06   2.475832e+03   9.946406e-01   9.956951e-01   3.026740e-02
  1.960214e-02   5.151222e-05   2.537540e+03   9.895702e-01   9.912838e-01   3.232706e-02
  1.953427e-02  -4.284524e-05   2.623362e+03   1.019496e+00   1.009572e+00   2.342887e-02
  1.994756e-02  -5.026787e-06   2.560772e+03   1.016227e+00   1.008757e+00   2.410570e-02
  2.026951e-02   7.242993e-06   2.516823e+03   1.014907e+00   1.008583e+00   2.559246e-02
  2.000750e-02  -4.434212e-06   2.540023e+03   1.011022e+00   1.006605e+00   2.553642e-02
  2.020308e-02  -3.345356e-06   2.507961e+03   1.008019e+00   1.004889e+00   2.742738e-02
  2.010302e-02  -5.812408e-06   2.512180e+03   1.004713e+00   1.002493e+00   2.753692e-02
  2.008291e-02   9.043756e-06   2.506699e+03   1.001518e+00   9.998826e-01   2.931892e-02
  1.933433e-02  -5.381692e-06   2.606892e+03   1.002726e+00   9.992750e-01   3.022515e-02
  1.980688e-02  -1.669230e-05   2.557593e+03   1.007808e+00   1.002033e+00   3.049872e-02
  2.054070e-02   9.383657e-06   2.425064e+03   9.909882e-01   9.933413e-01   3.219503e-02
  2.014202e-02  -7.375064e-06   2.475956e+03   9.921471e-01   9.947011e-01   3.083202e-02
  2.036053e-02  -5.216184e-06   2.433078e+03   9.855423e-01   9.912716e-01   3.178376e-02
  2.016774e-02  -9.959276e-06   2.458310e+03   9.863340e-01   9.920184e-01   3.108996e-02
  2.026584e-02  -1.968299e-06   2.452039e+03   9.886036e-01   9.927839e-01   3.155042e-02
  1.988568e-02  -5.537212e-06   2.507257e+03   9.919035e-01   9.938884e-01   3.043030e-02
  1.958557e-02  -3.156575e-05   2.567877e+03   1.000554e+00   9.979387e-01   2.953674e-02
  1.932618e-02   7.091601e-06   2.530828e+03   9.730583e-01   9.809903e-01   3.459204e-02
  1.991064e-02  -5.640638e-06   2.444099e+03   9.681310e-01   9.794211e-01   3.702502e-02
  1.984679e-02  -4.614829e-07   2.455971e+03   9.697137e-01   9.812851e-01   3.613561e-02
  2.012903e-02  -5.389048e-06   2.432875e+03   9.742552e-01   9.845196e-01   3.532043e-02
  2.007852e-02  -1.421676e-06   2.455921e+03   9.810163e-01   9.887581e-01   3.404108e-02
  2.009380e-02  -4.798952e-06   2.463258e+03   9.846961e-01   9.903215e-01   3.284427e-02
  2.003980e-02  -9.484132e-06   2.484303e+03   9.904396e-01   9.931982e-01   3.171909e-02
  1.982872e-02   1.062277e-05   2.522272e+03   9.949856e-01   9.947460e-01   3.247871e-02
  1.900860e-02   4.819352e-05   2.580593e+03   9.758875e-01   9.833693e-01   3.605375e-02
  1.976763e-02   5.024779e-06   2.512756e+03   9.881778e-01   9.917551e-01   3.282264e-02
  2.005494e-02   5.134719e-06   2.475893e+03   9.878325e-01   9.921993e-01   3.279328e-02
  2.002970e-02   6.859468e-06   2.482278e+03   9.891336e-01   9.932661e-01   3.149459e-02
  2.016431e-02   8.811568e-06   2.474886e+03   9.928158e-01   9.956675e-01   3.037745e-02
  1.989528e-02   2.061552e-06   2.513305e+03   9.947761e-01   9.964325e-01   3.017540e-02
  2.008611e-02   4.767306e-06   2.488059e+03   9.942294e-01   9.955840e-01   3.036717e-02
  1.896431e-02   2.074398e-07   2.643550e+03   9.973661e-01   9.958245e-01   3.063837e-02
  2.083454e-02   3.968483e-05   2.424294e+03   1.004846e+00   1.000650e+00   2.910540e-02
  1.991852e-02   7.000986e-06   2.529068e+03   1.002185e+00   1.000235e+00   2.788829e-02
  2.025160e-02   1.608818e-06   2.478568e+03   9.985968e-01   9.987674e-01   2.883755e-02
  2.020815e-02   3.721896e-06   2.484319e+03   9.987668e-01   9.992536e-01   2.830676e-02
  2.026939e-02  -3.761934e-06   2.462360e+03   9.929384e-01   9.956828e-01   3.053305e-02
  2.000896e-02   7.053705e-06   2.498691e+03   9.946433e-01   9.965153e-01   2.940734e-02
  1.993434e-02   2.660522e-06   2.506725e+03   9.941199e-01   9.952842e-01   3.030367e-02
  1.992012e-02   1.055081e-05   2.503249e+03   9.920333e-01   9.931978e-01   3.137263e-02
  2.008009e-02  -4.241644e-05   2.531225e+03   1.011175e+00   1.004294e+00   2.854390e-02
  2.022680e-02   1.705285e-06   2.507281e+03   1.008928e+00   1.004346e+00   2.754300e-02
  1.999430e-02  -4.775014e-06   2.530407e+03   1.006530e+00   1.003491e+00   2.805786e-02
  2.031832e-02   9.207647e-06   2.473522e+03   9.998474e-01   9.999243e-01   2.887452e-02
  1.994225e-02  -3.238846e-06   2.514726e+03   9.976885e-01   9.985620e-01   2.925718e-02
  2.034161e-02  -1.020511e-06   2.448027e+03   9.906759e-01   9.939478e-01   3.153397e-02
  2.013573e-02  -8.728092e-06   2.467252e+03   9.883509e-01   9.916129e-01   3.206234e-02
  1.927148e-02   1.160052e-05   2.567011e+03   9.841763e-01   9.880992e-01   3.576996e-02
  2.060839e-02   4.464601e-06   2.424181e+03   9.938923e-01   9.937572e-01   3.291783e-02
  2.037019e-02  -6.845943e-06   2.430312e+03   9.848889e-01   9.896866e-01   3.220903e-02
  1.995741e-02  -3.811922e-06   2.485080e+03   9.866760e-01   9.915913e-01   3.075868e-02
  2.025542e-02  -1.419978e-05   2.450109e+03   9.873171e-01   9.920983e-01   3.119966e-02
  2.018342e-02   1.268990e-05   2.471963e+03   9.925832e-01   9.955914e-01   2.961785e-02
  2.014877e-02  -1.490209e-08   2.488213e+03   9.973927e-01   9.981968e-01   2.891117e-02
  1.998184e-02   4.113592e-06   2.518587e+03   1.001204e+00   9.996456e-01   2.844961e-02
  1.951397e-02   1.679247e-06   2.599598e+03   1.009211e+00   1.003338e+00   2.649586e-02
  1.868549e-02  -1.594495e-05   2.673476e+03   9.938272e-01   9.935041e-01   3.326424e-02
  1.938737e-02  -1.010458e-05   2.557009e+03   9.862366e-01   9.903169e-01   3.383067e-02
  2.002817e-02   1.090940e-05   2.475252e+03   9.862589e-01   9.913329e-01   3.347337e-02
  1.994102e-02   8.034643e-07   2.474348e+03   9.816084e-01   9.889202e-01   3.336591e-02
  2.036225e-02  -4.295890e-06   2.427487e+03   9.833608e-01   9.899354e-01   3.333722e-02
  2.015254e-02  -2.625639e-06   2.461957e+03   9.870532e-01   9.917692e-01   3.250041e-02
  2.032649e-02   1.246653e-05   2.459292e+03   9.944952e-01   9.955474e-01   3.068100e-02
  1.921854e-02  -2.428821e-05   2.607789e+03   9.970639e-01   9.959545e-01   3.211757e-02
  1.933101e-02  -5.552876e-05   2.566598e+03   9.870577e-01   9.899152e-01   3.082404e-02
  1.950537e-02  -5.022871e-06   2.545487e+03   9.877685e-01   9.914520e-01   2.982270e-02
  2.008562e-02  -1.034655e-06   2.468655e+03   9.864520e-01   9.914200e-01   3.074385e-02
  1.966038e-02   2.918891e-06   2.530084e+03   9.895940e-01   9.935628e-01   2.971166e-02
  2.018068e-02  -6.703044e-06   2.461308e+03   9.881704e-01   9.930058e-01   3.077742e-02
  1.969511e-02  -1.520788e-06   2.526358e+03   9.898820e-01   9.935609e-01   3.007373e-02
  1.993095e-02  -2.890514e-07   2.490273e+03   9.874270e-01   9.911000e-01   3.146727e-02
  1.923166e-02   1.648892e-05   2.594088e+03   9.925024e-01   9.929848e-01   3.034862e-02
  1.995450e-02   4.808101e-05   2.543228e+03   1.009616e+00   1.003678e+00   2.826444e-02
  2.028919e-02   7.853769e-06   2.490190e+03   1.005142e+00   1.001961e+00   2.839469e-02
  1.969186e-02   3.143659e-07   2.559124e+03   1.002555e+00   1.001143e+00   2.840470e-02
  2.069475e-02  -5.154216e-06   2.426440e+03   9.989875e-01   9.996659e-01   2.826914e-02
  1.995093e-02  -1.821595e-06   2.515913e+03   9.985942e-01   9.993111e-01   2.906030e-02
  2.051916e-02  -3.284156e-06   2.440798e+03   9.963719e-01   9.975414e-01   2.979005e-02
  2.021601e-02  -1.491272e-05   2.467183e+03   9.922634e-01   9.944826e-01   3.100263e-02
  1.926335e-02   9.643006e-06   2.579627e+03   9.885962e-01   9.911459e-01   3.341632e-02
  2.037163e-02   6.067938e-06   2.480133e+03   1.005150e+00   1.000862e+00   2.723553e-02
  2.022196e-02   7.147997e-06   2.465902e+03   9.920402e-01   9.939220e-01   2.999849e-02
  2.014010e-02  -8.076842e-06   2.474978e+03   9.916610e-01   9.946637e-01   2.837411e-02
  2.049815e-02   1.512680e-05   2.417380e+03   9.858020e-01   9.915821e-01   3.206485e-02
  2.011117e-02   1.142484e-05   2.472202e+03   9.891257e-01   9.933016e-01   2.958335e-02
  2.000696e-02   8.551871e-06   2.489549e+03   9.909047e-01   9.941218e-01   3.019775e-02
  2.009569e-02  -5.818516e-07   2.484337e+03   9.932159e-01   9.944857e-01   3.010440e-02
  1.975753e-02  -1.902521e-06   2.534565e+03   9.962451e-01   9.952157e-01   3.123696e-02
  2.019007e-02  -8.706132e-06   2.447091e+03   9.829197e-01   9.876446e-01   3.512450e-02
  2.013404e-02  -7.376340e-06   2.466217e+03   9.878527e-01   9.916558e-01   3.206074e-02
  2.045822e-02   4.799140e-06   2.419189e+03   9.846182e-01   9.905236e-01   3.286642e-02
  2.025539e-02  -2.036138e-05   2.455474e+03   9.894779e-01   9.938041e-01   3.082221e-02
  2.040319e-02   2.443818e-06   2.429691e+03   9.862323e-01   9.917828e-01   3.223648e-02
  2.039907e-02  -3.210261e-07   2.432174e+03   9.870408e-01   9.920292e-01   3.146902e-02
  2.020960e-02   8.679524e-06   2.470246e+03   9.931800e-01   9.948947e-01   3.047995e-02
  1.890665e-02   8.294129e-06   2.650965e+03   9.971229e-01   9.961958e-01   3.014482e-02
  2.003076e-02   2.227059e-05   2.475782e+03   9.865973e-01   9.895517e-01   3.367507e-02
  1.977460e-02   1.125528e-05   2.516945e+03   9.901739e-01   9.929564e-01   3.125576e-02
  2.019532e-02   3.150149e-06   2.453292e+03   9.856670e-01   9.910130e-01   3.150806e-02
  2.019877e-02   9.441547e-06   2.449862e+03   9.844566e-01   9.906683e-01   3.206767e-02
  2.010318e-02  -4.878041e-06   2.467610e+03   9.868960e-01   9.923089e-01   3.082504e-02
  2.029549e-02  -1.378537e-05   2.454915e+03   9.912108e-01   9.943294e-01   3.072686e-02
  1.989993e-02  -1.207219e-05   2.505097e+03   9.917591e-01   9.937849e-01   3.016043e-02
  1.962416e-02  -3.468281e-05   2.555135e+03   9.975509e-01   9.961725e-01   3.011937e-02
  1.843055e-02  -2.541224e-06   2.775293e+03   1.017601e+00   1.008246e+00   2.429304e-02
  2.006141e-02  -5.301449e-06   2.523526e+03   1.007162e+00   1.003112e+00   2.625464e-02
  2.016003e-02  -4.028040e-06   2.494974e+03   1.000662e+00   1.000045e+00   2.798397e-02
  1.978868e-02   1.426341e-05   2.530444e+03   9.961934e-01   9.975712e-01   2.919916e-02
  2.034346e-02  -9.949405e-06   2.446188e+03   9.900220e-01   9.940605e-01   3.075840e-02
  2.021317e-02   3.336956e-06   2.449021e+03   9.848207e-01   9.905982e-01   3.207190e-02
  2.020394e-02   6.084553e-07   2.441895e+03   9.815066e-01   9.880221e-01   3.313467e-02
  1.927974e-02   1.960862e-06   2.538069e+03   9.734971e-01   9.821758e-01   3.558966e-02
  1.996717e-02   3.642069e-05   2.490277e+03   9.892231e-01   9.914783e-01   3.022038e-02
  2.066512e-02   2.544871e-05   2.397873e+03   9.858124e-01   9.903303e-01   3.218986e-02
  2.019123e-02   1.028464e-05   2.472631e+03   9.932357e-01   9.956012e-01   2.941589e-02
  2.049941e-02  -3.602121e-06   2.420872e+03   9.872872e-01   9.924236e-01   3.013828e-02
  2.028020e-02   4.300235e-06   2.460500e+03   9.927176e-01   9.957577e-01   2.987037e-02
  2.001457e-02  -3.277028e-06   2.494426e+03   9.932239e-01   9.955397e-01   3.032683e-02
  2.013523e-02  -3.995446e-06   2.482289e+03   9.943494e-01   9.953110e-01   3.022437e-02
  2.030190e-02  -1.117654e-05   2.460812e+03   9.939059e-01   9.939939e-01   3.281254e-02
  2.009010e-02  -1.242138e-05   2.473829e+03   9.887397e-01   9.910762e-01   3.605440e-02
  1.974750e-02  -3.606774e-06   2.529520e+03   9.937573e-01   9.949390e-01   3.093798e-02
  2.048926e-02  -5.202447e-07   2.418200e+03   9.857089e-01   9.910954e-01   3.202866e-02
  2.046554e-02  -2.074900e-05   2.440079e+03   9.934757e-01   9.962502e-01   3.055011e-02
  2.032763e-02   1.157093e-05   2.447859e+03   9.899273e-01   9.939397e-01   3.074170e-02
  2.039440e-02   3.645571e-06   2.449403e+03   9.938055e-01   9.960042e-01   2.988217e-02
  2.026566e-02   2.300723e-06   2.472044e+03   9.966600e-01   9.968575e-01   2.931178e-02
  1.981466e-02  -8.922720e-06   2.552261e+03   1.006102e+00   1.001417e+00   2.879500e-02
  1.991818e-02  -3.216679e-05   2.471213e+03   9.792418e-01   9.851445e-01   3.747192e-02
  2.024835e-02  -1.324630e-05   2.447400e+03   9.858812e-01   9.904976e-01   3.209182e-02
  2.034396e-02   7.078688e-07   2.432238e+03   9.843999e-01   9.902230e-01   3.318929e-02
  2.054182e-02   9.108206e-06   2.405443e+03   9.830242e-01   9.899894e-01   3.225958e-02
  2.020943e-02  -1.552781e-05   2.452911e+03   9.862022e-01   9.919503e-01   3.148271e-02
  2.011827e-02   7.629735e-06   2.473028e+03   9.898053e-01   9.935634e-01   3.169160e-02
  2.016316e-02   5.191522e-06   2.461101e+03   9.872297e-01   9.913032e-01   3.196594e-02
  1.895952e-02   2.223169e-05   2.624989e+03   9.901137e-01   9.916060e-01   3.213696e-02
  1.746693e-02   5.773397e-05   2.944483e+03   1.023189e+00   1.011046e+00   2.995632e-02
  1.962212e-02   9.028018e-06   2.565508e+03   1.001497e+00   9.994331e-01   2.957209e-02
  1.980960e-02   8.861293e-07   2.529790e+03   9.969885e-01   9.977413e-01   2.895898e-02
  1.995209e-02   3.257241e-05   2.510676e+03   9.965732e-01   9.979273e-01   2.959777e-02
  2.022906e-02   1.176193e-05   2.471460e+03   9.946253e-01   9.967619e-01   2.939948e-02
  2.020448e-02  -6.509861e-06   2.474062e+03   9.944624e-01   9.965553e-01   2.933352e-02
  2.018875e-02   1.956023e-06   2.468439e+03   9.914300e-01   9.936359e-01   3.071448e-02
  2.024320e-02   1.533579e-05   2.453465e+03   9.880733e-01   9.908601e-01   3.230770e-02
  1.967135e-02  -2.354931e-05   2.556869e+03   1.000628e+00   9.985553e-01   2.489263e-02
  2.060767e-02  -1.070527e-05   2.423924e+03   9.937517e-01   9.953452e-01   2.850209e-02
  2.031608e-02   1.823048e-06   2.456929e+03   9.930307e-01   9.955395e-01   2.955793e-02
  2.061745e-02  -1.836157e-05   2.399111e+03   9.840461e-01   9.906592e-01   3.137932e-02
  2.050452e-02  -7.883879e-06   2.416734e+03   9.858447e-01   9.915938e-01   3.181086e-02
  2.062722e-02   5.972295e-06   2.404567e+03   9.867516e-01   9.918993e-01   3.271870e-02
  2.046049e-02  -1.125184e-05   2.430916e+03   9.895010e-01   9.926304e-01   3.196395e-02
  1.949450e-02  -1.718961e-05   2.553576e+03   9.903557e-01   9.917507e-01   3.467180e-02
  2.017991e-02   3.181875e-06   2.511828e+03   1.008415e+00   1.002996e+00   3.267442e-02
  2.029966e-02   9.401145e-06   2.464549e+03   9.953052e-01   9.960463e-01   3.192270e-02
  2.021871e-02   1.139072e-06   2.460355e+03   9.896492e-01   9.934449e-01   3.108318e-02
  2.023285e-02  -1.298897e-05   2.447248e+03   9.850657e-01   9.912579e-01   3.291338e-02
  2.026103e-02   5.127594e-06   2.435100e+03   9.815410e-01   9.890484e-01   3.299777e-02
  2.027796e-02  -1.416746e-05   2.429386e+03   9.800561e-01   9.877370e-01   3.372916e-02
  2.020313e-02  -8.286695e-06   2.449732e+03   9.846169e-01   9.895936e-01   3.317350e-02
  1.944431e-02  -5.531423e-05   2.561602e+03   9.909104e-01   9.920965e-01   3.253144e-02
  1.903235e-02   2.801684e-05   2.598285e+03   9.838056e-01   9.877027e-01   3.257199e-02
  2.002668e-02  -6.827526e-06   2.466112e+03   9.825439e-01   9.883601e-01   3.207094e-02
  2.045072e-02  -9.043174e-07   2.419456e+03   9.843657e-01   9.903004e-01   3.224799e-02
  2.035066e-02   2.829646e-06   2.437546e+03   9.868734e-01   9.922642e-01   3.136358e-02
  2.028629e-02   7.318941e-06   2.451246e+03   9.892810e-01   9.934912e-01   3.144958e-02
  2.015456e-02   6.978309e-06   2.472956e+03   9.915621e-01   9.946138e-01   3.164701e-02
  2.010106e-02   2.871793e-05   2.493154e+03   9.970072e-01   9.968215e-01   3.046651e-02
  1.934948e-02   1.700235e-05   2.577557e+03   9.922192e-01   9.929800e-01   3.359851e-02
  1.932107e-02  -4.964656e-05   2.564718e+03   9.858275e-01   9.894895e-01   3.336847e-02
  2.004565e-02   8.462341e-06   2.485959e+03   9.913893e-01   9.937484e-01   3.147743e-02
  2.004880e-02  -8.036187e-06   2.485463e+03   9.913474e-01   9.944311e-01   3.060526e-02
  2.016258e-02   2.569905e-06   2.486542e+03   9.974060e-01   9.984521e-01   2.939671e-02
  2.015009e-02  -9.150418e-06   2.485405e+03   9.963325e-01   9.979809e-01   2.917484e-02
  2.000368e-02   8.805434e-06   2.510753e+03   9.991804e-01   9.991153e-01   2.859409e-02
  2.000627e-02   6.154774e-07   2.502103e+03   9.958671e-01   9.962413e-01   2.991642e-02
  1.889212e-02   6.712843e-05   2.670995e+03   1.003885e+00   9.996265e-01   2.979737e-02
  1.936201e-02  -3.407984e-06   2.589641e+03   9.975166e-01   9.964746e-01   3.152133e-02
  2.034933e-02  -5.024462e-06   2.468014e+03   9.991435e-01   9.984636e-01   2.912933e-02
  2.017532e-02   8.828530e-07   2.482614e+03   9.964598e-01   9.976544e-01   2.919560e-02
  2.061973e-02   1.098365e-06   2.419233e+03   9.924091e-01   9.956985e-01   2.993076e-02
  2.042806e-02   5.281923e-07   2.450543e+03   9.959087e-01   9.975625e-01   2.954929e-02
  2.033225e-02   5.193398e-06   2.463654e+03   9.965410e-01   9.975534e-01   3.000376e-02
  2.013743e-02  -4.911199e-06   2.482065e+03   9.943686e-01   9.951967e-01   3.068227e-02
  1.957703e-02   2.370054e-05   2.568011e+03   1.000170e+00   9.979514e-01   2.906731e-02
  1.994184e-02  -1.328466e-05   2.538382e+03   1.007053e+00   1.002292e+00   2.950967e-02
  2.034674e-02  -1.578499e-05   2.456637e+03   9.944114e-01   9.953831e-01   3.061300e-02
  2.038456e-02  -2.243158e-06   2.443355e+03   9.908731e-01   9.943151e-01   3.079400e-02
  2.034137e-02  -2.677335e-06   2.445168e+03   9.895074e-01   9.935897e-01   3.192491e-02
  2.026126e-02  -1.137952e-06   2.454277e+03   9.892818e-01   9.937154e-01   3.127671e-02
  2.028869e-02  -2.653926e-06   2.454171e+03   9.905790e-01   9.938969e-01   3.104729e-02
  2.029722e-02  -7.315753e-06   2.451184e+03   9.897890e-01   9.925902e-01   3.153987e-02
  2.047009e-02  -5.826473e-05   2.437035e+03   9.924569e-01   9.932022e-01   3.365280e-02
  1.947987e-02  -1.532477e-05   2.577223e+03   9.987762e-01   9.968914e-01   3.360934e-02
  2.011798e-02  -4.156736e-06   2.473341e+03   9.899164e-01   9.928853e-01   3.231807e-02
  2.049214e-02  -1.233198e-05   2.426517e+03   9.892379e-01   9.932269e-01   3.247538e-02
  1.995926e-02   2.069760e-06   2.470953e+03   9.811585e-01   9.885180e-01   3.267027e-02
  2.022454e-02   4.023306e-06   2.438491e+03   9.811377e-01   9.888003e-01   3.361601e-02
  2.012695e-02   2.736547e-06   2.450783e+03   9.813252e-01   9.884576e-01   3.409168e-02
  2.003047e-02   1.058751e-05   2.485889e+03   9.906106e-01   9.930084e-01   3.276737e-02
  1.942295e-02   4.783570e-05   2.582720e+03   9.979818e-01   9.963035e-01   3.267741e-02
  1.973223e-02   6.558168e-06   2.537410e+03   9.960862e-01   9.955151e-01   4.161221e-02
  2.028300e-02  -4.831767e-06   2.461735e+03   9.933531e-01   9.947467e-01   4.015683e-02
  2.028024e-02  -2.406534e-07   2.457021e+03   9.913160e-01   9.944560e-01   4.089231e-02
  2.020136e-02  -3.259663e-06   2.467717e+03   9.917589e-01   9.949971e-01   4.008881e-02
  2.022066e-02  -1.263970e-06   2.461943e+03   9.903835e-01   9.943813e-01   3.968143e-02
  2.003212e-02  -3.508563e-06   2.490826e+03   9.926600e-01   9.951367e-01   3.941615e-02
  1.994058e-02  -1.372143e-07   2.502472e+03   9.927439e-01   9.945396e-01   3.875681e-02
  1.878524e-02   1.904116e-06   2.667172e+03   9.967771e-01   9.956779e-01   3.791442e-02
  1.974616e-02  -1.851709e-05   2.533726e+03   9.953422e-01   9.947257e-01   4.316873e-02
  2.025459e-02  -3.378395e-06   2.461956e+03   9.920509e-01   9.940939e-01   4.064640e-02
  2.025057e-02  -8.980153e-06   2.459330e+03   9.907961e-01   9.942469e-01   3.970374e-02
  2.023209e-02  -4.362738e-06   2.457557e+03   9.891780e-01   9.936816e-01   3.952669e-02
  2.026489e-02   6.870473e-07   2.452368e+03   9.886897e-01   9.931675e-01   3.980551e-02
  2.020094e-02   2.312072e-06   2.461939e+03   9.894162e-01   9.932982e-01   3.877395e-02
  2.018787e-02   7.079977e-07   2.463020e+03   9.892103e-01   9.923222e-01   3.919684e-02
  1.965251e-02  -1.897363e-05   2.539104e+03   9.927246e-01   9.939593e-01   3.714752e-02
  1.848631e-02   3.082788e-06   2.715636e+03   9.987391e-01   9.966434e-01   4.015638e-02
  1.992611e-02  -1.943712e-07   2.508193e+03   9.942909e-01   9.953570e-01   4.003086e-02
  2.020488e-02  -2.178454e-06   2.467644e+03   9.919022e-01   9.947670e-01   4.066826e-02
  2.014719e-02   1.463618e-06   2.474365e+03   9.917645e-01   9.949364e-01   3.985549e-02
  2.018857e-02   7.552612e-07   2.466570e+03   9.906702e-01   9.944695e-01   3.968873e-02
  2.028097e-02   1.761002e-06   2.455377e+03   9.906882e-01   9.942392e-01   4.005112e-02
  2.020427e-02   2.046301e-09   2.467296e+03   9.917321e-01   9.938765e-01   4.014788e-02
  2.046697e-02  -3.677544e-06   2.429181e+03   9.891078e-01   9.913993e-01   4.373032e-02
  1.992002e-02   1.829074e-05   2.514208e+03   9.963709e-01   9.955773e-01   3.989563e-02
  2.019648e-02   3.291233e-06   2.469685e+03   9.923103e-01   9.942896e-01   3.963547e-02
  2.006299e-02   3.754988e-06   2.483678e+03   9.913365e-01   9.943721e-01   3.932738e-02
  2.028377e-02   1.917803e-07   2.451927e+03   9.894329e-01   9.938827e-01   3.956800e-02
  2.026632e-02   5.537947e-07   2.452708e+03   9.888965e-01   9.932000e-01   3.964863e-02
  2.022540e-02  -1.908851e-06   2.460430e+03   9.900070e-01   9.936130e-01   3.930985e-02
  2.014704e-02   4.786417e-07   2.471033e+03   9.904212e-01   9.931184e-01   3.927668e-02
  1.948355e-02   6.689788e-06   2.565038e+03   9.942416e-01   9.940187e-01   4.052924e-02
  1.937305e-02  -3.108033e-05   2.580715e+03   9.946454e-01   9.941215e-01   4.227150e-02
  2.026438e-02  -8.763389e-06   2.461344e+03   9.922834e-01   9.942771e-01   4.089778e-02
  2.029126e-02  -7.592833e-06   2.455402e+03   9.912012e-01   9.942733e-01   4.025625e-02
  2.035762e-02  -1.962553e-06   2.445703e+03   9.905148e-01   9.943276e-01   4.028154e-02
  2.027393e-02  -2.211300e-06   2.457104e+03   9.910410e-01   9.948236e-01   3.969959e-02
  2.016039e-02  -1.404129e-06   2.470007e+03   9.906658e-01   9.940424e-01   3.975847e-02
  2.008794e-02  -5.001443e-06   2.483521e+03   9.925066e-01   9.941912e-01   3.958516e-02
  1.920391e-02  -7.307914e-06   2.596881e+03   9.921378e-01   9.931725e-01   4.058844e-02
  1.918212e-02  -4.142356e-05   2.609090e+03   9.956705e-01   9.950157e-01   3.876487e-02
  1.990513e-02  -1.250222e-05   2.505362e+03   9.921229e-01   9.940131e-01   3.937535e-02
  1.993867e-02  -1.534581e-05   2.497991e+03   9.908709e-01   9.941203e-01   3.949879e-02
  2.022943e-02  -1.192817e-05   2.461636e+03   9.906895e-01   9.944543e-01   3.974497e-02
  2.028674e-02  -7.628401e-06   2.451486e+03   9.894000e-01   9.937541e-01   3.976460e-02
  2.041813e-02  -6.803524e-06   2.440273e+03   9.912531e-01   9.943060e-01   3.968877e-02
  2.025915e-02  -3.006268e-06   2.459966e+03   9.914721e-01   9.937429e-01   3.939257e-02
  1.985069e-02  -5.717644e-06   2.522860e+03   9.963202e-01   9.955688e-01   4.037100e-02
  1.910691e-02  -1.300923e-05   2.614249e+03   9.937281e-01   9.940279e-01   4.061445e-02
  2.017396e-02   3.925471e-07   2.467527e+03   9.903378e-01   9.929370e-01   4.041321e-02
  2.032842e-02  -9.531842e-06   2.447380e+03   9.897719e-01   9.936265e-01   4.002854e-02
  2.027605e-02   4.110204e-06   2.452969e+03   9.894766e-01   9.937593e-01   4.007529e-02
  2.022872e-02  -5.138387e-06   2.463267e+03   9.913115e-01   9.948808e-01   3.973388e-02
  2.022708e-02   1.448778e-06   2.461470e+03   9.905075e-01   9.939978e-01   4.010033e-02
  2.027375e-02  -1.391636e-06   2.460838e+03   9.925381e-01   9.942332e-01   3.999446e-02
  1.952470e-02  -1.067041e-06   2.551011e+03   9.908935e-01   9.922422e-01   4.212855e-02
  1.948091e-02   5.483300e-06   2.566356e+03   9.946179e-01   9.944208e-01   3.877530e-02
  2.004873e-02   7.910794e-06   2.487966e+03   9.923422e-01   9.942283e-01   3.960531e-02
  1.999962e-02   1.572287e-05   2.489897e+03   9.906799e-01   9.940418e-01   3.984049e-02
  2.018090e-02   1.218297e-05   2.469759e+03   9.915743e-01   9.948971e-01   3.972492e-02
  2.011801e-02   1.233184e-05   2.473062e+03   9.898062e-01   9.941344e-01   3.954364e-02
  2.011641e-02   8.397574e-06   2.481780e+03   9.932168e-01   9.956217e-01   3.924901e-02
  2.001870e-02   9.460307e-06   2.493574e+03   9.930893e-01   9.946271e-01   3.939676e-02
  1.897665e-02   1.164646e-05   2.647043e+03   9.993340e-01   9.974298e-01   3.947002e-02
  2.009546e-02  -2.292727e-06   2.480763e+03   9.917755e-01   9.929850e-01   4.152157e-02
  2.022509e-02  -8.069754e-06   2.459001e+03   9.894170e-01   9.925293e-01   4.003892e-02
  2.020398e-02  -5.740760e-06   2.460948e+03   9.891668e-01   9.931068e-01   3.934164e-02
  2.034991e-02  -5.054102e-06   2.441566e+03   9.884644e-01   9.930928e-01   3.990678e-02
  2.023820e-02  -6.986064e-06   2.460558e+03   9.906848e-01   9.947297e-01   3.953878e-02
  2.022193e-02  -4.592003e-06   2.461131e+03   9.901191e-01   9.936681e-01   3.988132e-02
  2.002767e-02  -3.524500e-06   2.490667e+03   9.923760e-01   9.941991e-01   3.956269e-02
  1.951724e-02  -1.406192e-05   2.551796e+03   9.908191e-01   9.926289e-01   4.119063e-02
  1.964486e-02  -1.459257e-05   2.544458e+03   9.944306e-01   9.940030e-01   4.150514e-02
  2.005159e-02  -1.133150e-05   2.489826e+03   9.932256e-01   9.946033e-01   3.974951e-02
  2.022829e-02  -1.008364e-05   2.460903e+03   9.903390e-01   9.937899e-01   4.046451e-02
  2.031551e-02  -7.890173e-06   2.452202e+03   9.910924e-01   9.946314e-01   4.005869e-02
  2.036028e-02  -3.328148e-06   2.440680e+03   9.886091e-01   9.931622e-01   4.010373e-02
  2.019766e-02   2.033197e-06   2.470040e+03   9.925105e-01   9.951479e-01   3.972363e-02
  2.017234e-02   3.554940e-06   2.474314e+03   9.929814e-01   9.947722e-01   3.972371e-02
  1.958996e-02   2.029893e-05   2.560019e+03   9.977159e-01   9.962890e-01   4.200802e-02
  2.013873e-02  -2.772209e-05   2.476726e+03   9.922934e-01   9.930914e-01   4.077017e-02
  2.022539e-02  -8.506293e-06   2.456441e+03   9.884013e-01   9.918114e-01   3.966068e-02
  2.020246e-02  -9.601277e-06   2.460752e+03   9.890132e-01   9.932009e-01   3.929092e-02
  2.040694e-02  -1.759573e-06   2.432393e+03   9.875103e-01   9.923893e-01   4.016588e-02
  2.026521e-02  -4.414549e-06   2.455615e+03   9.900147e-01   9.940300e-01   3.979276e-02
  2.029185e-02  -2.865933e-06   2.453026e+03   9.902704e-01   9.938743e-01   4.008076e-02
  2.019020e-02  -5.474145e-06   2.471484e+03   9.927239e-01   9.945113e-01   4.015963e-02
  1.943803e-02  -1.320810e-05   2.567189e+03   9.927508e-01   9.934474e-01   4.157167e-02
  1.871587e-02  -3.508671e-06   2.673649e+03   9.955073e-01   9.944490e-01   4.068847e-02
  2.000140e-02   8.716827e-06   2.496508e+03   9.933985e-01   9.944503e-01   3.980274e-02
  2.018246e-02   8.053966e-06   2.465518e+03   9.899480e-01   9.934779e-01   4.019836e-02
  2.023482e-02   6.118634e-06   2.460292e+03   9.904126e-01   9.941562e-01   3.970657e-02
  2.022424e-02   8.047452e-06   2.455906e+03   9.881296e-01   9.929837e-01   3.992244e-02
  2.017550e-02   6.220690e-06   2.470094e+03   9.914433e-01   9.944095e-01   4.002996e-02
  2.009140e-02   7.822629e-06   2.482345e+03   9.922074e-01   9.942393e-01   3.998290e-02
  1.945272e-02   9.108138e-06   2.575039e+03   9.965390e-01   9.956660e-01   4.198434e-02
  1.967768e-02   8.753895e-06   2.538454e+03   9.937412e-01   9.940954e-01   3.807655e-02
  1.995915e-02   3.499163e-06   2.487689e+03   9.877983e-01   9.914629e-01   3.912216e-02
  2.008030e-02   8.613780e-06   2.476642e+03   9.893810e-01   9.932303e-01   3.899440e-02
  2.022744e-02   1.676971e-06   2.452077e+03   9.867451e-01   9.919804e-01   3.981516e-02
  2.032800e-02   1.100716e-06   2.448211e+03   9.900879e-01   9.941820e-01   3.971401e-02
  2.017335e-02  -7.473801e-06   2.468708e+03   9.907814e-01   9.939613e-01   3.982752e-02
  2.009211e-02  -8.867083e-06   2.486934e+03   9.940770e-01   9.951917e-01   3.981200e-02
  1.937461e-02  -1.974633e-05   2.581885e+03   9.951762e-01   9.946267e-01   4.158749e-02
  1.962034e-02   2.719797e-05   2.543723e+03   9.929022e-01   9.935453e-01   4.154109e-02
  2.005734e-02   6.737918e-06   2.487562e+03   9.926071e-01   9.942306e-01   3.947843e-02
  2.037372e-02   4.025190e-06   2.440820e+03   9.893186e-01   9.934079e-01   4.001076e-02
  2.018433e-02   5.636747e-06   2.466349e+03   9.903733e-01   9.941485e-01   3.945364e-02
  2.029032e-02   4.560324e-06   2.447440e+03   9.879413e-01   9.930552e-01   4.024004e-02
  2.014940e-02   9.657275e-06   2.472576e+03   9.911559e-01   9.943885e-01   3.989894e-02
  2.025414e-02   1.193439e-05   2.459442e+03   9.910154e-01   9.933084e-01   4.045838e-02
  1.905865e-02   1.767322e-05   2.628264e+03   9.965321e-01   9.955981e-01   4.072046e-02
  1.942948e-02   1.215305e-05   2.569211e+03   9.930960e-01   9.936048e-01   3.893402e-02
  2.009799e-02   5.974228e-06   2.466924e+03   9.863672e-01   9.906012e-01   3.918870e-02
  2.005258e-02  -2.344826e-06   2.477495e+03   9.883559e-01   9.924226e-01   3.962189e-02
  2.047452e-02  -2.777592e-07   2.419998e+03   9.857317e-01   9.915889e-01   3.986844e-02
  2.009241e-02  -3.168524e-06   2.478398e+03   9.906799e-01   9.942585e-01   3.930409e-02
  2.022994e-02   2.481767e-07   2.461441e+03   9.906362e-01   9.940190e-01   3.981636e-02
  2.001603e-02  -2.038222e-06   2.498252e+03   9.948200e-01   9.955713e-01   3.992846e-02
  1.937137e-02  -1.580483e-06   2.586409e+03   9.967531e-01   9.956722e-01   4.108950e-02
  2.019951e-02  -3.565614e-08   2.471765e+03   9.932947e-01   9.940803e-01   4.033371e-02
  2.022743e-02  -3.338214e-06   2.464979e+03   9.919372e-01   9.941484e-01   3.974460e-02
  2.017514e-02   3.855715e-06   2.467078e+03   9.902150e-01   9.939116e-01   3.920634e-02
  2.014375e-02   1.345506e-06   2.471657e+03   9.905095e-01   9.943900e-01   3.994771e-02
  2.030841e-02   8.559077e-07   2.445114e+03   9.878822e-01   9.926057e-01   3.997552e-02
  2.023422e-02   2.145371e-06   2.461520e+03   9.908772e-01   9.941673e-01   4.013144e-02
  2.009152e-02   3.545374e-06   2.479715e+03   9.911625e-01   9.935080e-01   3.991493e-02
  1.940523e-02   9.276266e-06   2.578098e+03   9.952871e-01   9.948292e-01   4.165523e-02
  1.987327e-02   8.899929e-06   2.498166e+03   9.876904e-01   9.902616e-01   4.216824e-02
  2.035412e-02   3.912485e-06   2.432995e+03   9.851986e-01   9.902386e-01   3.981844e-02
  2.021983e-02   1.060231e-05   2.453381e+03   9.868988e-01   9.917412e-01   4.004328e-02
  2.041094e-02  -5.545151e-06   2.429004e+03   9.863280e-01   9.919928e-01   3.932182e-02
  2.029659e-02   9.482936e-06   2.454451e+03   9.910774e-01   9.945156e-01   3.955178e-02
  2.029076e-02   2.388323e-06   2.455161e+03   9.910795e-01   9.944643e-01   3.995748e-02
  2.004548e-02   2.785679e-07   2.495125e+03   9.950360e-01   9.958200e-01   3.977009e-02
  1.904025e-02  -1.730447e-06   2.634175e+03   9.978090e-01   9.961607e-01   4.092743e-02
  1.951493e-02  -6.217115e-06   2.569530e+03   9.975873e-01   9.963441e-01   3.956005e-02
  1.995557e-02   2.503477e-06   2.502304e+03   9.934234e-01   9.947857e-01   3.976929e-02
  2.011213e-02  -3.981694e-06   2.479239e+03   9.919881e-01   9.948406e-01   3.904908e-02
  2.014299e-02   7.134491e-06   2.472483e+03   9.908030e-01   9.944885e-01   4.033757e-02
  2.030345e-02  -2.707227e-06   2.446207e+03   9.880824e-01   9.930575e-01   4.007061e-02
  2.022063e-02   3.532074e-06   2.463249e+03   9.909079e-01   9.941002e-01   4.020118e-02
  2.031057e-02   3.994452e-06   2.452855e+03   9.911152e-01   9.934476e-01   4.015627e-02
  1.955319e-02   1.175687e-05   2.558018e+03   9.950650e-01   9.945898e-01   4.105913e-02
  1.965799e-02  -9.849577e-06   2.526419e+03   9.880403e-01   9.906542e-01   4.109440e-02
  2.027340e-02  -3.566862e-06   2.446763e+03   9.868445e-01   9.909190e-01   3.903085e-02
  2.032134e-02  -1.807110e-06   2.442425e+03   9.874244e-01   9.921657e-01   3.997004e-02
  2.020884e-02  -3.717021e-06   2.458370e+03   9.883682e-01   9.930135e-01   3.850749e-02
  2.007730e-02  -3.367574e-07   2.483312e+03   9.918974e-01   9.952811e-01   3.925418e-02
  2.008451e-02  -1.225147e-06   2.482549e+03   9.919487e-01   9.948610e-01   3.964082e-02
  1.999166e-02   5.486719e-06   2.501414e+03   9.948658e-01   9.957035e-01   4.015161e-02
  1.890944e-02   1.739195e-05   2.650863e+03   9.972318e-01   9.959990e-01   4.047193e-02
  1.976488e-02  -4.551851e-06   2.541078e+03   9.991771e-01   9.972963e-01   4.132259e-02
  2.007622e-02   6.734792e-06   2.487915e+03   9.936825e-01   9.949497e-01   4.050005e-02
  2.008761e-02  -1.249631e-06   2.484950e+03   9.930614e-01   9.953544e-01   3.953857e-02
  2.043959e-02   8.765352e-06   2.434359e+03   9.898899e-01   9.940095e-01   4.082717e-02
  2.022327e-02  -1.179746e-06   2.456727e+03   9.884132e-01   9.930653e-01   3.964001e-02
  2.020795e-02  -2.002785e-06   2.464847e+03   9.909288e-01   9.940885e-01   3.988951e-02
  2.010394e-02  -3.599729e-06   2.479574e+03   9.917184e-01   9.940904e-01   3.944909e-02
  1.971061e-02  -9.074297e-06   2.537882e+03   9.951801e-01   9.948214e-01   4.019451e-02
  1.939144e-02   3.233043e-05   2.572781e+03   9.925285e-01   9.933672e-01   4.027763e-02
  2.011600e-02  -2.031760e-06   2.475188e+03   9.905583e-01   9.931176e-01   3.847344e-02
  2.023357e-02   9.244477e-06   2.458283e+03   9.895428e-01   9.933535e-01   3.943943e-02
  2.007717e-02  -2.026235e-07   2.479659e+03   9.904316e-01   9.943143e-01   3.909469e-02
  2.017381e-02   1.263045e-06   2.471410e+03   9.918886e-01   9.949954e-01   3.961978e-02
  2.026651e-02   4.415196e-06   2.459004e+03   9.914444e-01   9.945139e-01   4.021563e-02
  2.015054e-02   4.640199e-08   2.478745e+03   9.936846e-01   9.951502e-01   4.035992e-02
  1.944785e-02   2.873138e-06   2.572961e+03   9.954856e-01   9.948977e-01   4.166177e-02
  1.974678e-02   6.713136e-06   2.542207e+03   9.987052e-01   9.969629e-01   4.203419e-02
  2.014064e-02   4.915119e-06   2.475290e+03   9.918120e-01   9.941930e-01   4.110369e-02
  2.020049e-02   2.743845e-06   2.469045e+03   9.922498e-01   9.948297e-01   4.031746e-02
  2.014311e-02  -3.432785e-06   2.467595e+03   9.888504e-01   9.934411e-01   4.004491e-02
  2.041238e-02   7.208499e-07   2.433647e+03   9.882832e-01   9.929547e-01   3.994750e-02
  2.014630e-02  -7.097059e-06   2.472371e+03   9.909212e-01   9.941474e-01   3.998803e-02
  2.013700e-02  -6.874247e-06   2.475848e+03   9.918565e-01   9.938833e-01   3.959748e-02
  1.963078e-02  -1.897917e-05   2.548532e+03   9.953085e-01   9.947940e-01   4.000573e-02
  1.874764e-02  -1.877822e-05   2.675611e+03   9.979292e-01   9.963887e-01   4.073635e-02
  1.972648e-02   9.590076e-07   2.534713e+03   9.947376e-01   9.955144e-01   3.874724e-02
  2.008370e-02  -3.481981e-06   2.481002e+03   9.912903e-01   9.942912e-01   3.939011e-02
  2.014067e-02  -1.067969e-06   2.474089e+03   9.913325e-01   9.947327e-01   3.933956e-02
  2.003272e-02   3.278949e-06   2.487332e+03   9.912969e-01   9.947538e-01   4.000730e-02
  2.023011e-02   8.607039e-06   2.462270e+03   9.909783e-01   9.942212e-01   4.010941e-02
  2.010677e-02   1.210755e-05   2.481745e+03   9.927264e-01   9.944121e-01   4.025931e-02
  1.979546e-02   2.452319e-05   2.526282e+03   9.948958e-01   9.945067e-01   4.132864e-02
  2.000699e-02   2.947550e-05   2.516086e+03   1.001469e+00   9.988618e-01   4.101826e-02
  2.025788e-02   1.439614e-06   2.462373e+03   9.923799e-01   9.943322e-01   3.992260e-02
  2.019452e-02   5.421815e-06   2.470549e+03   9.925610e-01   9.951334e-01   3.986338e-02
  2.057708e-02   2.701533e-06   2.414039e+03   9.882304e-01   9.929117e-01   4.050933e-02
  2.029114e-02  -9.609184e-07   2.451267e+03   9.895257e-01   9.937048e-01   3.938221e-02
  2.008980e-02  -2.576928e-06   2.480181e+03   9.912637e-01   9.943397e-01   4.014627e-02
  2.009308e-02  -8.525727e-06   2.480864e+03   9.916980e-01   9.938269e-01   3.988880e-02
  1.971971e-02  -8.289442e-06   2.535083e+03   9.945410e-01   9.942020e-01   4.130778e-02
  1.916054e-02   1.583129e-05   2.620948e+03   9.990708e-01   9.970193e-01   4.403846e-02
  2.009450e-02   2.694849e-06   2.489626e+03   9.952715e-01   9.959198e-01   4.030878e-02
  2.025996e-02   4.938598e-06   2.461407e+03   9.920928e-01   9.949062e-01   3.984401e-02
  1.990063e-02   5.257934e-06   2.507936e+03   9.929181e-01   9.957652e-01   3.982870e-02
  2.022372e-02   3.550911e-06   2.464165e+03   9.914273e-01   9.947685e-01   4.028095e-02
  2.005617e-02   2.401044e-06   2.486148e+03   9.919847e-01   9.947937e-01   3.926246e-02
  1.997136e-02   3.678450e-06   2.497952e+03   9.924801e-01   9.942353e-01   3.969019e-02
  1.950995e-02  -1.044610e-05   2.565947e+03   9.959422e-01   9.951171e-01   4.005896e-02
  1.892167e-02  -1.211885e-05   2.673418e+03   1.006367e+00   1.001301e+00   3.699272e-02
  2.006792e-02  -3.336174e-06   2.489957e+03   9.940870e-01   9.953835e-01   3.840413e-02
  2.010475e-02   1.394394e-06   2.483149e+03   9.931885e-01   9.956683e-01   3.931854e-02
  1.997324e-02  -4.765263e-06   2.490781e+03   9.897241e-01   9.939020e-01   3.880637e-02
  2.013318e-02  -1.895546e-06   2.473225e+03   9.906178e-01   9.943211e-01   3.915675e-02
  2.003547e-02  -4.457415e-06   2.485653e+03   9.907641e-01   9.941776e-01   3.995416e-02
  1.996389e-02  -5.105879e-06   2.496999e+03   9.917304e-01   9.939045e-01   3.954318e-02
  1.938902e-02   4.329452e-06   2.578678e+03   9.946791e-01   9.944901e-01   4.002008e-02
  1.965886e-02   1.398510e-05   2.536655e+03   9.920872e-01   9.931881e-01   4.245369e-02
  2.023414e-02   9.309041e-06   2.465208e+03   9.923581e-01   9.941754e-01   4.078984e-02
  2.028860e-02   1.730587e-07   2.456306e+03   9.914360e-01   9.948489e-01   3.979213e-02
  2.025321e-02   6.926838e-07   2.463970e+03   9.927945e-01   9.955980e-01   3.995671e-02
  2.035756e-02  -3.611942e-06   2.447787e+03   9.913555e-01   9.948290e-01   4.026102e-02
  2.008512e-02  -4.394022e-06   2.485310e+03   9.930820e-01   9.955980e-01   3.896098e-02
  2.028201e-02  -8.545715e-07   2.460162e+03   9.926697e-01   9.944669e-01   3.962398e-02
  1.993052e-02   6.781258e-06   2.513161e+03   9.964811e-01   9.957395e-01   3.939144e-02
  1.871466e-02   6.140477e-06   2.696469e+03   1.003940e+00   9.997411e-01   3.986282e-02
  2.003136e-02  -6.281703e-06   2.496459e+03   9.948669e-01   9.956167e-01   3.889062e-02
  2.013309e-02  -3.063989e-06   2.478361e+03   9.926707e-01   9.955626e-01   3.975259e-02
  2.024541e-02  -3.758245e-06   2.458383e+03   9.901623e-01   9.941275e-01   3.951373e-02
  2.008366e-02  -1.372591e-06   2.481120e+03   9.913357e-01   9.950294e-01   3.942087e-02
  2.030711e-02   3.809065e-07   2.449843e+03   9.897293e-01   9.935793e-01   4.025258e-02
  2.010187e-02  -1.652200e-06   2.478619e+03   9.912347e-01   9.934006e-01   4.050236e-02
  2.030280e-02  -2.261019e-07   2.456506e+03   9.922108e-01   9.931993e-01   4.303248e-02
  1.940061e-02  -8.009294e-06   2.574375e+03   9.936131e-01   9.942378e-01   3.940692e-02
  2.017302e-02   2.809702e-06   2.471498e+03   9.918846e-01   9.940947e-01   4.022122e-02
  2.018218e-02   4.781665e-06   2.469815e+03   9.916600e-01   9.948904e-01   3.946529e-02
  2.016866e-02   3.539000e-06   2.473703e+03   9.925554e-01   9.956603e-01   3.985633e-02
  2.021069e-02   4.381238e-06   2.466022e+03   9.915353e-01   9.947782e-01   3.951032e-02
  2.011409e-02   4.014147e-06   2.484228e+03   9.940815e-01   9.961470e-01   3.956882e-02
  1.988970e-02   4.626073e-06   2.512931e+03   9.943490e-01   9.955639e-01   3.883232e-02
  1.952306e-02   1.371308e-05   2.570693e+03   9.984545e-01   9.965576e-01   4.073287e-02
  1.934659e-02   6.985447e-06   2.594559e+03   9.986152e-01   9.969462e-01   4.207120e-02
  2.001809e-02  -5.033706e-07   2.495726e+03   9.939162e-01   9.951287e-01   3.947057e-02
  2.039797e-02   7.642648e-07   2.442119e+03   9.910232e-01   9.942613e-01   4.025990e-02
  2.016306e-02  -2.352637e-06   2.468237e+03   9.900875e-01   9.939871e-01   3.949416e-02
  2.027366e-02   1.140966e-07   2.455942e+03   9.905592e-01   9.945603e-01   3.980695e-02
  2.006899e-02  -1.026715e-06   2.479571e+03   9.899931e-01   9.936950e-01   3.926296e-02
  1.998423e-02  -5.708548e-06   2.492633e+03   9.910052e-01   9.933544e-01   3.949835e-02
  1.897163e-02  -2.147091e-05   2.636375e+03   9.950430e-01   9.946721e-01   3.868432e-02
  1.956067e-02   9.268848e-06   2.556974e+03   9.950392e-01   9.948075e-01   4.067955e-02
  2.017422e-02   6.430445e-06   2.473708e+03   9.928308e-01   9.944681e-01   3.972387e-02
  2.007987e-02   4.142643e-06   2.482897e+03   9.918583e-01   9.944852e-01   3.988635e-02
  2.018227e-02   6.036168e-06   2.471987e+03   9.925361e-01   9.955952e-01   3.976583e-02
  2.023332e-02   3.306028e-06   2.462258e+03   9.911307e-01   9.945262e-01   3.963089e-02
  2.006097e-02   2.695721e-07   2.489775e+03   9.936703e-01   9.957705e-01   3.925602e-02
  2.009053e-02   1.008564e-06   2.486272e+03   9.937342e-01   9.950075e-01   3.901240e-02
  1.965464e-02   5.651050e-06   2.549406e+03   9.968603e-01   9.958713e-01   3.923075e-02
  1.941802e-02   1.670040e-06   2.581518e+03   9.972645e-01   9.960657e-01   4.193076e-02
  2.026604e-02  -1.476143e-06   2.461895e+03   9.925871e-01   9.943317e-01   4.018508e-02
  2.043617e-02  -3.003823e-06   2.436499e+03   9.905945e-01   9.938858e-01   3.989960e-02
  2.026635e-02  -5.559334e-06   2.453688e+03   9.892932e-01   9.937311e-01   3.958061e-02
  2.028267e-02  -8.844118e-06   2.452120e+03   9.894574e-01   9.936632e-01   3.991907e-02
  2.027154e-02  -8.782280e-06   2.453944e+03   9.896497e-01   9.933494e-01   3.934585e-02
  2.018389e-02  -6.917319e-06   2.467016e+03   9.906195e-01   9.932414e-01   3.971796e-02
  2.007360e-02  -8.487114e-06   2.489165e+03   9.940519e-01   9.941121e-01   4.154543e-02
  1.899107e-02  -1.220441e-05   2.604605e+03   9.840599e-01   9.882045e-01   5.471537e-02
  2.030411e-02  -5.925820e-06   2.439167e+03   9.852707e-01   9.900335e-01   5.178177e-02
  2.038135e-02  -1.215846e-06   2.428118e+03   9.845387e-01   9.902693e-01   5.143684e-02
  2.027911e-02   3.753228e-07   2.432503e+03   9.813692e-01   9.887938e-01   5.217492e-02
  2.037252e-02  -2.430768e-07   2.407071e+03   9.755823e-01   9.852970e-01   5.373208e-02
  2.019065e-02   3.488776e-06   2.429699e+03   9.759617e-01   9.851163e-01   5.358008e-02
  2.010093e-02   2.234913e-06   2.455151e+03   9.818032e-01   9.879599e-01   5.223990e-02
  1.994614e-02   1.414554e-05   2.497080e+03   9.908809e-01   9.920403e-01   5.094870e-02
  1.906214e-02   4.020047e-06   2.564484e+03   9.725272e-01   9.813662e-01   6.036003e-02
  2.043305e-02   4.493167e-06   2.416992e+03   9.825134e-01   9.884837e-01   5.330376e-02
  2.048153e-02  -6.517624e-07   2.412642e+03   9.830721e-01   9.894940e-01   5.255957e-02
  2.034768e-02   9.324884e-07   2.448676e+03   9.912347e-01   9.948335e-01   4.882452e-02
  2.025619e-02   1.007123e-06   2.467638e+03   9.944190e-01   9.966675e-01   4.816353e-02
  2.015401e-02  -1.949974e-06   2.483744e+03   9.958607e-01   9.969055e-01   4.812963e-02
  1.998181e-02  -6.529012e-07   2.507246e+03   9.966944e-01   9.967559e-01   4.893822e-02
  1.906111e-02  -1.488256e-05   2.645326e+03   1.003131e+00   9.995648e-01   4.891646e-02
  1.881153e-02  -1.291553e-06   2.647776e+03   9.909126e-01   9.920831e-01   5.390500e-02
  2.016759e-02  -2.406279e-06   2.464007e+03   9.886128e-01   9.920618e-01   5.130989e-02
  2.037278e-02  -9.267216e-07   2.428505e+03   9.842818e-01   9.904592e-01   5.218615e-02
  2.028527e-02  -1.897887e-06   2.451992e+03   9.895323e-01   9.937743e-01   4.954163e-02
  2.026531e-02  -1.039230e-06   2.460350e+03   9.919281e-01   9.951238e-01   4.816155e-02
  2.000805e-02   3.147995e-06   2.507846e+03   9.982418e-01   9.984837e-01   4.614799e-02
  1.996900e-02   3.805939e-06   2.516894e+03   9.998880e-01   9.988729e-01   4.593930e-02
  2.028595e-02   2.757844e-06   2.474281e+03   9.985609e-01   9.967586e-01   4.751257e-02
  1.877882e-02  -1.088759e-05   2.703644e+03   1.010062e+00   1.003845e+00   4.706801e-02
  2.025370e-02  -4.869506e-07   2.495369e+03   1.005471e+00   1.002372e+00   4.583561e-02
  2.032115e-02   1.765712e-07   2.478892e+03   1.002157e+00   1.001263e+00   4.677026e-02
  2.037797e-02  -1.348696e-06   2.450048e+03   9.932659e-01   9.961307e-01   4.792580e-02
  2.033635e-02  -1.346112e-06   2.446304e+03   9.897227e-01   9.940325e-01   4.915613e-02
  2.035437e-02  -2.880520e-06   2.444294e+03   9.897860e-01   9.935837e-01   4.926811e-02
  2.019504e-02  -3.228190e-06   2.477691e+03   9.954560e-01   9.960388e-01   4.855744e-02
  1.926849e-02   7.819415e-07   2.591415e+03   9.933785e-01   9.939127e-01   5.181283e-02
  1.854818e-02  -2.689768e-06   2.755308e+03   1.016720e+00   1.007780e+00   4.419341e-02
  2.014444e-02  -3.056980e-07   2.501583e+03   1.002536e+00   1.000564e+00   4.637361e-02
  2.025262e-02  -3.958079e-06   2.491102e+03   1.003697e+00   1.002080e+00   4.530277e-02
  2.020213e-02   2.987035e-07   2.476064e+03   9.951515e-01   9.972668e-01   4.720242e-02
  2.021640e-02  -1.535122e-06   2.467214e+03   9.922953e-01   9.956141e-01   4.756431e-02
  2.002520e-02   2.380285e-07   2.482848e+03   9.891388e-01   9.930893e-01   4.861585e-02
  2.000717e-02   9.234459e-07   2.471531e+03   9.837438e-01   9.890990e-01   5.034680e-02
  1.994659e-02  -1.605166e-06   2.515238e+03   9.981090e-01   9.966059e-01   4.684006e-02
  1.963837e-02   1.275342e-05   2.488795e+03   9.723548e-01   9.814179e-01   5.754357e-02
  2.054419e-02   5.949037e-07   2.354091e+03   9.621491e-01   9.764480e-01   5.941721e-02
  2.057111e-02   1.878414e-06   2.357160e+03   9.646656e-01   9.785446e-01   5.828986e-02
  2.056181e-02  -2.600340e-07   2.366987e+03   9.682499e-01   9.810946e-01   5.586865e-02
  2.040816e-02   1.011205e-08   2.397894e+03   9.735631e-01   9.842853e-01   5.426669e-02
  2.049920e-02  -6.003560e-06   2.399585e+03   9.785953e-01   9.869185e-01   5.253468e-02
  2.035239e-02  -5.428440e-06   2.424870e+03   9.818249e-01   9.879172e-01   5.248159e-02
  1.953419e-02  -1.877601e-05   2.551620e+03   9.916113e-01   9.928794e-01   5.201853e-02
  1.913247e-02  -6.191240e-06   2.526919e+03   9.618172e-01   9.747809e-01   6.479159e-02
  1.994017e-02  -1.539207e-06   2.462621e+03   9.769147e-01   9.849897e-01   5.661066e-02
  2.019087e-02  -1.878368e-06   2.414581e+03   9.698997e-01   9.815831e-01   5.788441e-02
  2.013693e-02  -1.171398e-06   2.438391e+03   9.768473e-01   9.861036e-01   5.416455e-02
  2.021011e-02   2.203737e-07   2.430098e+03   9.770629e-01   9.860756e-01   5.319977e-02
  2.003615e-02   1.712851e-06   2.466340e+03   9.830989e-01   9.893581e-01   5.173951e-02
  1.993072e-02   9.600668e-07   2.497473e+03   9.902707e-01   9.929287e-01   4.963831e-02
  1.994020e-02   9.147882e-06   2.479145e+03   9.834712e-01   9.875023e-01   5.240671e-02
  1.936243e-02  -5.389596e-06   2.641560e+03   1.017538e+00   1.007883e+00   4.371819e-02
  1.974989e-02  -1.504711e-06   2.612527e+03   1.026492e+00   1.014718e+00   3.944444e-02
  1.990990e-02   1.815422e-06   2.579592e+03   1.021763e+00   1.012650e+00   4.109515e-02
  2.004106e-02  -2.375779e-06   2.547493e+03   1.015696e+00   1.009479e+00   4.129396e-02
  2.013968e-02  -1.110746e-06   2.517128e+03   1.008528e+00   1.005014e+00   4.367669e-02
  2.026628e-02  -4.045915e-06   2.483490e+03   1.001305e+00   1.000666e+00   4.524593e-02
  2.024317e-02  -1.347050e-06   2.473864e+03   9.962871e-01   9.967210e-01   4.728520e-02
  1.957559e-02  -6.468556e-06   2.538863e+03   9.887452e-01   9.912458e-01   5.226558e-02
  1.885133e-02   7.053738e-08   2.769243e+03   1.038564e+00   1.020294e+00   3.823639e-02
  2.012141e-02   3.465637e-06   2.532008e+03   1.013570e+00   1.006835e+00   4.277336e-02
  2.014441e-02  -1.547790e-06   2.527886e+03   1.013077e+00   1.007237e+00   4.233762e-02
  2.023089e-02   2.240827e-07   2.489741e+03   1.002073e+00   1.001162e+00   4.459749e-02
  2.024369e-02  -1.618438e-07   2.475176e+03   9.968411e-01   9.980836e-01   4.593753e-02
  2.016756e-02  -3.820565e-07   2.483089e+03   9.962671e-01   9.973918e-01   4.703659e-02
  1.998153e-02  -1.213348e-06   2.504390e+03   9.955447e-01   9.962317e-01   4.783095e-02
  1.949869e-02  -4.190354e-06   2.591000e+03   1.005086e+00   1.000478e+00   4.629511e-02
  2.001658e-02   8.461879e-07   2.474720e+03   9.854764e-01   9.885270e-01   5.111222e-02
  2.018519e-02  -1.729966e-06   2.402071e+03   9.646034e-01   9.774010e-01   5.730634e-02
  2.025132e-02   6.351686e-07   2.398163e+03   9.661891e-01   9.791157e-01   5.656517e-02
  2.044608e-02  -1.693601e-06   2.370078e+03   9.640571e-01   9.783652e-01   5.668736e-02
  2.041712e-02  -4.520652e-07   2.388219e+03   9.700603e-01   9.820487e-01   5.484425e-02
  2.043491e-02  -1.053600e-06   2.394569e+03   9.734872e-01   9.836906e-01   5.321696e-02
  2.026784e-02  -1.682414e-06   2.436018e+03   9.822409e-01   9.883527e-01   5.102414e-02
  1.984583e-02   5.627307e-06   2.510449e+03   9.911759e-01   9.927635e-01   5.070819e-02
  1.948343e-02   1.247065e-05   2.466442e+03   9.560191e-01   9.709929e-01   6.412342e-02
  2.003544e-02   3.436055e-06   2.428824e+03   9.681105e-01   9.794140e-01   5.839902e-02
  2.004824e-02   3.534410e-06   2.431294e+03   9.697149e-01   9.812346e-01   5.718919e-02
  2.015157e-02   2.564193e-06   2.431180e+03   9.746665e-01   9.846712e-01   5.460051e-02
  2.011659e-02   1.993651e-06   2.458454e+03   9.838902e-01   9.901061e-01   5.122724e-02
  2.007422e-02  -2.720834e-07   2.475648e+03   9.886842e-01   9.926576e-01   5.035231e-02
  2.001494e-02   2.895920e-07   2.494285e+03   9.931860e-01   9.947390e-01   4.925966e-02
  1.918578e-02  -1.792470e-06   2.619254e+03   9.997401e-01   9.972248e-01   4.877830e-02
  1.999790e-02   8.753955e-06   2.504572e+03   9.964332e-01   9.951110e-01   4.883021e-02
  1.971664e-02   7.376788e-07   2.547808e+03   9.993780e-01   9.982195e-01   4.678152e-02
  1.988623e-02   6.044521e-07   2.518462e+03   9.963643e-01   9.972933e-01   4.737467e-02
  2.011743e-02  -8.051532e-08   2.486188e+03   9.950312e-01   9.970191e-01   4.678552e-02
  2.023809e-02   1.212339e-07   2.455423e+03   9.886123e-01   9.932014e-01   4.856851e-02
  2.014876e-02   1.815018e-06   2.473189e+03   9.913700e-01   9.946729e-01   4.699933e-02
  2.010949e-02  -1.247017e-07   2.474878e+03   9.901137e-01   9.930563e-01   4.797925e-02
  2.000953e-02   5.922073e-06   2.487229e+03   9.901087e-01   9.924752e-01   4.946744e-02
  1.951730e-02  -1.103198e-07   2.621930e+03   1.018055e+00   1.008391e+00   4.323593e-02
  1.993085e-02   3.608087e-06   2.556047e+03   1.013502e+00   1.006843e+00   4.287383e-02
  1.997405e-02   1.455227e-06   2.539109e+03   1.008968e+00   1.005086e+00   4.398601e-02
  2.017765e-02   4.053311e-06   2.498602e+03   1.002993e+00   1.001816e+00   4.506204e-02
  2.016035e-02  -9.479832e-07   2.480808e+03   9.949959e-01   9.972082e-01   4.751745e-02
  2.029852e-02  -1.004331e-06   2.444608e+03   9.871969e-01   9.920039e-01   5.080235e-02
  2.017573e-02  -2.538427e-06   2.452677e+03   9.844640e-01   9.896022e-01   5.247414e-02
  1.928850e-02  -5.091502e-06   2.545826e+03   9.769163e-01   9.838075e-01   5.794429e-02
  2.017689e-02  -3.943114e-06   2.511969e+03   1.008321e+00   1.002689e+00   4.425170e-02
  1.999110e-02  -2.060014e-06   2.505779e+03   9.965744e-01   9.967299e-01   4.655575e-02
  1.997542e-02  -2.757161e-06   2.505747e+03   9.957799e-01   9.970041e-01   4.634790e-02
  2.019891e-02  -3.309297e-06   2.468447e+03   9.919316e-01   9.951885e-01   4.711707e-02
  2.019547e-02   2.057300e-06   2.474150e+03   9.940541e-01   9.965631e-01   4.635462e-02
  2.004864e-02   1.213625e-06   2.490827e+03   9.934785e-01   9.958052e-01   4.647406e-02
  1.993972e-02   6.002702e-07   2.504859e+03   9.936477e-01   9.950539e-01   4.697527e-02
  1.987821e-02   2.890151e-06   2.525218e+03   9.986339e-01   9.972098e-01   4.716194e-02
  1.973235e-02   3.972522e-06   2.515893e+03   9.876457e-01   9.905231e-01   5.267815e-02
  2.007013e-02  -3.732507e-07   2.447887e+03   9.773987e-01   9.852853e-01   5.378918e-02
  2.018030e-02   2.880385e-06   2.439089e+03   9.792317e-01   9.870934e-01   5.297205e-02
  2.036812e-02   1.364452e-09   2.407565e+03   9.755714e-01   9.853911e-01   5.355989e-02
  2.035110e-02  -9.333893e-07   2.423780e+03   9.813215e-01   9.887241e-01   5.173507e-02
  2.044964e-02  -1.601568e-06   2.429611e+03   9.884454e-01   9.928726e-01   5.045175e-02
  2.023016e-02   1.240294e-06   2.489685e+03   1.002014e+00   9.999351e-01   4.713394e-02
  1.895180e-02  -6.248306e-06   2.676927e+03   1.009293e+00   1.003350e+00   4.791555e-02
  2.014965e-02  -2.086244e-05   2.441285e+03   9.786245e-01   9.849226e-01   5.341980e-02
  1.985614e-02  -2.805954e-06   2.480403e+03   9.798221e-01   9.867003e-01   5.168426e-02
  2.004242e-02  -2.718255e-06   2.457011e+03   9.796870e-01   9.874959e-01   5.156941e-02
  2.004794e-02   1.408100e-07   2.458345e+03   9.804890e-01   9.883256e-01   5.098970e-02
  2.024423e-02  -6.369618e-07   2.427553e+03   9.776874e-01   9.866602e-01   5.165073e-02
  1.998273e-02   3.047098e-07   2.468377e+03   9.812880e-01   9.882808e-01   5.050567e-02
  1.999618e-02   6.129310e-07   2.475021e+03   9.845915e-01   9.894989e-01   4.979387e-02
  1.989663e-02   2.904070e-06   2.504667e+03   9.914246e-01   9.925579e-01   4.904233e-02
  1.995919e-02   1.136810e-05   2.518925e+03   1.000203e+00   9.982604e-01   4.899851e-02
  2.004156e-02   1.925351e-06   2.513384e+03   1.002122e+00   1.000140e+00   4.566348e-02
  2.002142e-02   2.259601e-06   2.510898e+03   1.000125e+00   9.994956e-01   4.624493e-02
  2.032371e-02  -2.621902e-06   2.471790e+03   9.994120e-01   9.997448e-01   4.603150e-02
  2.018827e-02  -1.340381e-06   2.485461e+03   9.982430e-01   9.989444e-01   4.691550e-02
  2.040899e-02  -6.149409e-07   2.451542e+03   9.953848e-01   9.969173e-01   4.848929e-02
  2.031635e-02  -1.470034e-06   2.445096e+03   9.882611e-01   9.918681e-01   5.162892e-02
  1.904777e-02   4.062823e-06   2.597480e+03   9.842976e-01   9.884532e-01   5.626595e-02
  2.003196e-02   1.000332e-06   2.551348e+03   1.016771e+00   1.008040e+00   4.149876e-02
  2.007779e-02   2.786982e-06   2.498852e+03   9.981286e-01   9.977168e-01   4.570522e-02
  2.014745e-02  -2.037916e-06   2.490942e+03   9.984216e-01   9.988236e-01   4.486502e-02
  2.025806e-02   4.260048e-06   2.459831e+03   9.913643e-01   9.948007e-01   4.756540e-02
  2.017179e-02   1.628251e-06   2.475983e+03   9.936242e-01   9.961762e-01   4.625891e-02
  1.995115e-02  -3.271104e-07   2.508332e+03   9.955959e-01   9.969769e-01   4.664968e-02
  1.989430e-02  -2.153130e-06   2.514179e+03   9.950729e-01   9.958853e-01   4.737762e-02
  1.969879e-02  -7.189869e-06   2.543109e+03   9.966320e-01   9.955394e-01   4.870139e-02
  2.031118e-02   2.944391e-06   2.425497e+03   9.800903e-01   9.865113e-01   5.458133e-02
  2.031597e-02  -2.287565e-06   2.423000e+03   9.793117e-01   9.865392e-01   5.209986e-02
  2.036548e-02   2.004119e-06   2.421968e+03   9.812805e-01   9.884917e-01   5.147723e-02
  2.043211e-02  -5.122463e-06   2.419756e+03   9.835915e-01   9.901903e-01   5.079159e-02
  2.043209e-02   6.765581e-07   2.419355e+03   9.834276e-01   9.902377e-01   5.105775e-02
  2.047642e-02   5.308082e-08   2.419523e+03   9.856301e-01   9.909940e-01   5.070258e-02
  2.030280e-02   2.165371e-06   2.466307e+03   9.961692e-01   9.966303e-01   4.841858e-02
  1.896061e-02   6.871997e-06   2.656362e+03   1.002004e+00   9.992719e-01   4.951956e-02
  2.031911e-02   1.038734e-05   2.395368e+03   9.682936e-01   9.786638e-01   5.961752e-02
  2.005534e-02   5.413597e-06   2.459564e+03   9.813374e-01   9.876158e-01   5.237123e-02
  2.022008e-02   1.795243e-06   2.427140e+03   9.763553e-01   9.854075e-01   5.320929e-02
  2.024034e-02   2.364620e-06   2.442149e+03   9.833773e-01   9.900755e-01   5.082562e-02
  2.020214e-02  -1.114698e-06   2.446325e+03   9.831997e-01   9.898413e-01   5.040281e-02
  2.008903e-02  -3.897460e-06   2.480109e+03   9.911964e-01   9.944462e-01   4.877730e-02
  1.998020e-02  -4.591351e-06   2.502874e+03   9.948763e-01   9.957079e-01   4.755887e-02
  1.950667e-02  -1.622456e-05   2.597237e+03   1.007917e+00   1.002549e+00   4.487566e-02
  1.951722e-02   9.119184e-08   2.610761e+03   1.013714e+00   1.006145e+00   4.493476e-02
  2.006832e-02  -1.755474e-06   2.513131e+03   1.003359e+00   1.000876e+00   4.474996e-02
  2.019406e-02  -5.850194e-07   2.480932e+03   9.967097e-01   9.978906e-01   4.677112e-02
  2.026027e-02   8.770972e-07   2.455038e+03   9.895402e-01   9.938471e-01   4.880240e-02
  2.039574e-02  -2.099467e-06   2.430394e+03   9.861577e-01   9.918569e-01   5.015147e-02
  2.041536e-02   7.931002e-07   2.423544e+03   9.843241e-01   9.903374e-01   5.086635e-02
  2.034735e-02   2.186350e-07   2.422096e+03   9.804590e-01   9.872542e-01   5.290628e-02
  1.944888e-02  -1.039558e-06   2.514786e+03   9.730292e-01   9.822939e-01   5.782990e-02
  1.962583e-02   1.272924e-05   2.594704e+03   1.013085e+00   1.005582e+00   4.366309e-02
  2.031574e-02   7.302619e-06   2.461691e+03   9.949388e-01   9.957908e-01   4.759063e-02
  2.020226e-02   3.904647e-06   2.491765e+03   1.001468e+00   1.000546e+00   4.521837e-02
  2.029082e-02   1.454767e-06   2.449284e+03   9.887101e-01   9.932548e-01   4.884407e-02
  2.025520e-02   8.069232e-08   2.459895e+03   9.912499e-01   9.947353e-01   4.827372e-02
  2.017446e-02  -2.626338e-06   2.458043e+03   9.865556e-01   9.915559e-01   5.102498e-02
  2.013235e-02  -2.565071e-06   2.461612e+03   9.859259e-01   9.903511e-01   5.153212e-02
  1.967774e-02  -6.120307e-06   2.499044e+03   9.783162e-01   9.845435e-01   5.645503e-02
  1.974131e-02   1.235801e-06   2.495313e+03   9.800112e-01   9.859847e-01   5.502536e-02
  2.016010e-02  -3.563911e-07   2.456349e+03   9.851743e-01   9.899743e-01   5.061920e-02
  2.036639e-02   5.201007e-07   2.430072e+03   9.846079e-01   9.906185e-01   5.017392e-02
  2.032175e-02  -2.080074e-06   2.449662e+03   9.903695e-01   9.942679e-01   4.894625e-02
  2.034349e-02   3.690588e-06   2.445669e+03   9.898133e-01   9.941260e-01   4.898400e-02
  2.029598e-02  -7.098042e-07   2.461035e+03   9.937061e-01   9.958406e-01   4.797073e-02
  2.016968e-02   3.465398e-07   2.496063e+03   1.001578e+00   9.999314e-01   4.616337e-02
  1.939197e-02  -4.112173e-06   2.626006e+03   1.013089e+00   1.005995e+00   4.582868e-02
  1.973464e-02  -3.762376e-06   2.490234e+03   9.776862e-01   9.844382e-01   5.745235e-02
  2.025613e-02  -1.772419e-06   2.441532e+03   9.838958e-01   9.892315e-01   5.163633e-02
  2.031823e-02   1.466468e-06   2.422827e+03   9.793511e-01   9.873055e-01   5.302965e-02
  2.038507e-02  -7.817142e-07   2.426328e+03   9.839928e-01   9.905478e-01   5.077093e-02
  2.032573e-02  -4.290350e-06   2.432430e+03   9.835958e-01   9.900730e-01   5.098976e-02
  2.033669e-02   2.179133e-06   2.445894e+03   9.895734e-01   9.933900e-01   5.041778e-02
  2.032211e-02   4.408354e-07   2.447427e+03   9.894839e-01   9.924828e-01   5.037732e-02
  1.944346e-02   4.041316e-06   2.584087e+03   9.995646e-01   9.971122e-01   4.984915e-02
  1.895151e-02   1.391762e-05   2.642955e+03   9.964689e-01   9.959391e-01   5.137547e-02
  2.001447e-02   4.121165e-06   2.492368e+03   9.923995e-01   9.942209e-01   4.910965e-02
  2.009287e-02   1.719735e-06   2.480862e+03   9.916870e-01   9.947989e-01   4.833753e-02
  2.018000e-02   5.117021e-06   2.476771e+03   9.943453e-01   9.966649e-01   4.787668e-02
  2.022669e-02   3.298542e-06   2.473340e+03   9.952649e-01   9.973018e-01   4.757163e-02
  2.019307e-02  -2.863113e-06   2.477179e+03   9.951531e-01   9.967936e-01   4.750815e-02
  2.019025e-02  -8.372930e-07   2.463021e+03   9.893276e-01   9.924202e-01   4.980877e-02
  1.979241e-02  -3.990001e-06   2.501444e+03   9.849625e-01   9.889525e-01   5.364381e-02
  1.933724e-02  -2.289107e-06   2.616185e+03   1.006452e+00   1.001997e+00   4.636513e-02
  2.024970e-02  -4.041064e-06   2.475545e+03   9.972858e-01   9.973801e-01   4.664909e-02
  2.023877e-02   7.542190e-07   2.477888e+03   9.976910e-01   9.983601e-01   4.666869e-02
  2.043285e-02  -2.241940e-06   2.437149e+03   9.906979e-01   9.945047e-01   4.844661e-02
  2.040084e-02  -1.903224e-06   2.445200e+03   9.924131e-01   9.954730e-01   4.817192e-02
  2.048863e-02   3.376518e-06   2.437410e+03   9.935086e-01   9.957402e-01   4.931125e-02
  2.036854e-02   7.812695e-07   2.451468e+03   9.933819e-01   9.950193e-01   4.979380e-02
  1.945041e-02   1.388539e-06   2.571073e+03   9.948861e-01   9.942695e-01   5.276956e-02
  1.939555e-02   9.820050e-07   2.623682e+03   1.012380e+00   1.005631e+00   4.641221e-02
  2.019563e-02   2.821187e-06   2.485310e+03   9.985462e-01   9.980687e-01   4.721712e-02
  2.030046e-02   3.556300e-07   2.452579e+03   9.905105e-01   9.940287e-01   4.842750e-02
  2.037600e-02  -1.813252e-06   2.418329e+03   9.803124e-01   9.883318e-01   5.211978e-02
  2.041299e-02   1.143155e-06   2.406004e+03   9.770869e-01   9.862097e-01   5.299921e-02
  2.038834e-02  -4.792997e-06   2.402955e+03   9.746699e-01   9.843465e-01   5.390684e-02
  2.025152e-02  -3.967673e-06   2.433732e+03   9.805293e-01   9.871550e-01   5.265648e-02
  1.965887e-02  -1.494688e-05   2.534176e+03   9.911183e-01   9.923241e-01   5.145057e-02
  1.934054e-02   5.075972e-06   2.563164e+03   9.862231e-01   9.899007e-01   5.287244e-02
  2.035748e-02  -2.928909e-06   2.417385e+03   9.790392e-01   9.862961e-01   5.234916e-02
  2.039077e-02   2.862980e-07   2.416182e+03   9.801523e-01   9.878387e-01   5.233551e-02
  2.039043e-02  -1.276136e-09   2.416545e+03   9.802829e-01   9.881853e-01   5.250383e-02
  2.039967e-02   2.444839e-06   2.414698e+03   9.799772e-01   9.878118e-01   5.292158e-02
  2.036373e-02   5.594292e-06   2.419304e+03   9.801171e-01   9.875207e-01   5.406551e-02
  2.021268e-02   8.278529e-06   2.462341e+03   9.901528e-01   9.928472e-01   5.156230e-02
  1.927458e-02   7.847594e-06   2.572793e+03   9.865518e-01   9.895694e-01   5.506709e-02
  1.954820e-02  -1.298039e-05   2.503019e+03   9.734218e-01   9.821611e-01   5.889565e-02
  2.022270e-02   5.197512e-07   2.439979e+03   9.816470e-01   9.878865e-01   5.270306e-02
  2.023405e-02  -2.152683e-06   2.447228e+03   9.851160e-01   9.907685e-01   5.076667e-02
  2.019240e-02   5.021749e-07   2.473861e+03   9.937873e-01   9.962859e-01   4.837164e-02
  2.019721e-02  -1.743256e-06   2.474070e+03   9.941079e-01   9.964176e-01   4.823434e-02
  2.004808e-02   1.517869e-06   2.502255e+03   9.980091e-01   9.984359e-01   4.729278e-02
  2.002432e-02  -8.089006e-07   2.507223e+03   9.988056e-01   9.980848e-01   4.736747e-02
  1.949446e-02   1.000466e-05   2.580310e+03   1.000721e+00   9.979711e-01   4.907133e-02
  1.922424e-02  -1.940520e-06   2.575903e+03   9.851648e-01   9.889846e-01   5.559756e-02
  2.025370e-02  -3.217866e-06   2.471599e+03   9.958929e-01   9.964331e-01   4.809027e-02
  2.029945e-02  -1.329926e-06   2.463675e+03   9.949422e-01   9.968353e-01   4.813422e-02
  2.037889e-02   1.709899e-06   2.457817e+03   9.964610e-01   9.980336e-01   4.711146e-02
  2.032410e-02   2.227705e-06   2.471043e+03   9.991296e-01   9.994614e-01   4.667530e-02
  2.024106e-02   5.646995e-06   2.485268e+03   1.000775e+00   1.000160e+00   4.683533e-02
  2.017586e-02   5.815087e-06   2.480587e+03   9.956731e-01   9.963363e-01   4.897839e-02
  1.919342e-02   2.413669e-05   2.626427e+03   1.002877e+00   9.993880e-01   4.890648e-02
  1.892206e-02  -1.112330e-05   2.684386e+03   1.010517e+00   1.004454e+00   4.665281e-02
  2.025365e-02  -5.061319e-06   2.478202e+03   9.985509e-01   9.980119e-01   4.718217e-02
  2.033646e-02  -2.570434e-06   2.457018e+03   9.940628e-01   9.963181e-01   4.796221e-02
  2.033253e-02   6.129622e-07   2.453629e+03   9.924998e-01   9.954953e-01   4.845329e-02
  2.028672e-02  -1.011817e-06   2.465825e+03   9.951860e-01   9.971647e-01   4.746618e-02
  2.017086e-02   1.226995e-06   2.483000e+03   9.963944e-01   9.975802e-01   4.720599e-02
  2.013944e-02  -1.360554e-06   2.478171e+03   9.929078e-01   9.945421e-01   4.885249e-02
  1.995522e-02  -3.850833e-06   2.511314e+03   9.969826e-01   9.957601e-01   4.977773e-02
  1.900902e-02  -6.402265e-06   2.669676e+03   1.009598e+00   1.003810e+00   4.814654e-02
  2.042328e-02  -9.239550e-07   2.434489e+03   9.891528e-01   9.924838e-01   5.042806e-02
  2.051712e-02  -3.872166e-06   2.421203e+03   9.882746e-01   9.927161e-01   5.045305e-02
  2.042803e-02   1.220628e-06   2.406736e+03   9.781042e-01   9.870209e-01   5.259740e-02
  2.046754e-02   1.255406e-06   2.399714e+03   9.771365e-01   9.864322e-01   5.315616e-02
  2.031168e-02   2.642811e-06   2.423930e+03   9.794811e-01   9.874041e-01   5.307253e-02
  2.012065e-02   5.247783e-06   2.470641e+03   9.889670e-01   9.923349e-01   5.112037e-02
  1.914169e-02   1.395144e-05   2.604446e+03   9.918038e-01   9.927553e-01   5.231070e-02
  1.956166e-02   3.015582e-06   2.545758e+03   9.907245e-01   9.920667e-01   6.234302e-02
  2.025121e-02  -3.766590e-06   2.453532e+03   9.884913e-01   9.920048e-01   6.082510e-02
  2.029283e-02  -1.778135e-06   2.447873e+03   9.882384e-01   9.926051e-01   6.097437e-02
  2.025916e-02  -5.935719e-06   2.454957e+03   9.894539e-01   9.937139e-01   6.052665e-02
  2.027410e-02  -7.772379e-06   2.453371e+03   9.895439e-01   9.937181e-01   6.048793e-02
  2.014520e-02  -8.569092e-06   2.476441e+03   9.924980e-01   9.951576e-01   6.044719e-02
  2.004350e-02  -5.382627e-06   2.493976e+03   9.944794e-01   9.954757e-01   6.019446e-02
  1.931193e-02   3.972299e-07   2.599132e+03   9.985829e-01   9.969899e-01   6.190214e-02
  1.981233e-02  -2.721595e-05   2.520608e+03   9.935073e-01   9.939830e-01   6.356580e-02
  2.022696e-02  -1.049951e-05   2.461303e+03   9.904347e-01   9.932310e-01   6.086265e-02
  2.029342e-02  -1.104027e-05   2.452000e+03   9.899330e-01   9.935682e-01   6.087103e-02
  2.028283e-02  -2.742050e-06   2.448543e+03   9.880215e-01   9.928257e-01   6.032064e-02
  2.025545e-02  -4.445409e-07   2.455934e+03   9.896664e-01   9.939504e-01   6.047024e-02
  2.015377e-02  -1.527405e-06   2.473111e+03   9.915853e-01   9.946282e-01   5.976756e-02
  2.009578e-02  -2.713111e-06   2.482873e+03   9.926346e-01   9.945326e-01   6.008095e-02
  1.964568e-02  -1.144671e-05   2.547266e+03   9.955691e-01   9.955883e-01   6.085912e-02
  1.935447e-02  -1.460527e-05   2.575708e+03   9.917631e-01   9.927707e-01   6.249791e-02
  2.020696e-02  -4.936969e-06   2.461294e+03   9.894516e-01   9.925458e-01   6.114331e-02
  2.031279e-02  -6.474467e-06   2.446003e+03   9.884546e-01   9.926892e-01   6.136205e-02
  2.026576e-02   1.522892e-06   2.453521e+03   9.891972e-01   9.935167e-01   6.075893e-02
  2.028353e-02   3.027934e-06   2.451545e+03   9.892671e-01   9.937027e-01   6.065050e-02
  2.024866e-02   8.389198e-06   2.462105e+03   9.918203e-01   9.947691e-01   6.079510e-02
  2.013094e-02   8.364774e-06   2.482066e+03   9.940484e-01   9.953514e-01   6.063334e-02
  1.959839e-02   1.024544e-05   2.554588e+03   9.960275e-01   9.957906e-01   6.405027e-02
  1.986743e-02   1.078718e-06   2.512841e+03   9.932004e-01   9.938607e-01   6.167865e-02
  2.014300e-02   3.832555e-06   2.469721e+03   9.896968e-01   9.926061e-01   6.019831e-02
  2.014495e-02   2.516523e-06   2.470004e+03   9.899063e-01   9.936133e-01   6.025128e-02
  2.030470e-02   6.963067e-07   2.445625e+03   9.879081e-01   9.928217e-01   6.022570e-02
  2.025911e-02  -1.177418e-07   2.455520e+03   9.896778e-01   9.938280e-01   6.053384e-02
  2.018472e-02  -1.697873e-06   2.470753e+03   9.921610e-01   9.949511e-01   6.008339e-02
  2.011598e-02   1.043085e-06   2.483311e+03   9.938081e-01   9.950544e-01   6.023428e-02
  1.962111e-02  -7.388246e-06   2.552988e+03   9.965577e-01   9.959711e-01   6.231962e-02
  1.962188e-02  -8.420931e-06   2.544181e+03   9.931588e-01   9.936343e-01   6.341405e-02
  2.022121e-02   3.820670e-06   2.462326e+03   9.905647e-01   9.931078e-01   6.124344e-02
  2.032296e-02   3.956817e-06   2.447591e+03   9.895914e-01   9.933826e-01   6.116108e-02
  2.030433e-02   6.014452e-06   2.448803e+03   9.891740e-01   9.935805e-01   6.096768e-02
  2.030202e-02   3.489494e-06   2.449886e+03   9.894991e-01   9.936440e-01   6.071971e-02
  2.024168e-02   4.346142e-06   2.461138e+03   9.910893e-01   9.942827e-01   6.079984e-02
  2.014644e-02   1.673294e-07   2.477567e+03   9.930108e-01   9.945939e-01   6.069816e-02
  1.951438e-02   9.355590e-06   2.562601e+03   9.948689e-01   9.951260e-01   6.418103e-02
  1.984128e-02  -2.626842e-05   2.515748e+03   9.930405e-01   9.935346e-01   6.120096e-02
  2.003257e-02  -1.979470e-05   2.483626e+03   9.898126e-01   9.927455e-01   6.009924e-02
  2.007531e-02  -1.737766e-05   2.478271e+03   9.897861e-01   9.935089e-01   6.021134e-02
  2.027150e-02  -1.359503e-05   2.449476e+03   9.878461e-01   9.928192e-01   6.029656e-02
  2.026611e-02  -8.364086e-06   2.453954e+03   9.893886e-01   9.936921e-01   6.078349e-02
  2.026959e-02  -6.545840e-06   2.460013e+03   9.920017e-01   9.948536e-01   6.049735e-02
  2.016119e-02  -5.259538e-06   2.479312e+03   9.944374e-01   9.955885e-01   6.061165e-02
  1.959666e-02  -1.659065e-06   2.560043e+03   9.980661e-01   9.967235e-01   6.304562e-02
  1.948580e-02  -4.907928e-05   2.565130e+03   9.943921e-01   9.944867e-01   6.264256e-02
  2.019313e-02  -2.206563e-05   2.467839e+03   9.914037e-01   9.938115e-01   6.117094e-02
  2.029510e-02  -2.604440e-05   2.452905e+03   9.903807e-01   9.939462e-01   6.106960e-02
  2.029403e-02  -1.157802e-05   2.449360e+03   9.888967e-01   9.934339e-01   6.106558e-02
  2.028831e-02  -1.308699e-05   2.451049e+03   9.893002e-01   9.936896e-01   6.087162e-02
  2.028684e-02  -4.673232e-06   2.452607e+03   9.898569e-01   9.935709e-01   6.100309e-02
  2.022309e-02  -2.205981e-06   2.464841e+03   9.916687e-01   9.939301e-01   6.097850e-02
  1.961721e-02  -7.131851e-06   2.543692e+03   9.927320e-01   9.936878e-01   6.465449e-02
  1.980846e-02  -6.131255e-06   2.519624e+03   9.929251e-01   9.934547e-01   6.084797e-02
  2.004046e-02   1.573187e-05   2.483762e+03   9.902570e-01   9.930050e-01   6.020605e-02
  2.006840e-02   1.429074e-05   2.479097e+03   9.897749e-01   9.934749e-01   6.037691e-02
  2.028274e-02   1.555184e-05   2.448955e+03   9.881832e-01   9.929089e-01   6.051346e-02
  2.028272e-02   1.241418e-05   2.453039e+03   9.898305e-01   9.938413e-01   6.081312e-02
  2.021636e-02   8.507024e-06   2.466257e+03   9.919082e-01   9.948506e-01   6.061617e-02
  2.013050e-02   6.271581e-06   2.482916e+03   9.943673e-01   9.953480e-01   6.079647e-02
  1.936150e-02   5.608465e-06   2.593043e+03   9.988008e-01   9.969906e-01   6.328429e-02
  1.968601e-02   6.855128e-06   2.539620e+03   9.946187e-01   9.947832e-01   6.301518e-02
  2.020183e-02   1.320783e-05   2.465538e+03   9.909063e-01   9.932968e-01   6.121123e-02
  2.024945e-02   1.240533e-05   2.459120e+03   9.906565e-01   9.940674e-01   6.081586e-02
  2.030782e-02   1.292942e-05   2.446213e+03   9.882976e-01   9.930398e-01   6.094095e-02
  2.027897e-02   7.007278e-06   2.451431e+03   9.889986e-01   9.935300e-01   6.064915e-02
  2.028689e-02   5.163745e-06   2.450295e+03   9.889267e-01   9.930692e-01   6.078052e-02
  2.016976e-02   1.657022e-06   2.470589e+03   9.913601e-01   9.936508e-01   6.068705e-02
  1.948698e-02  -6.741786e-06   2.559785e+03   9.923803e-01   9.933498e-01   6.366414e-02
  1.973211e-02  -3.454657e-06   2.529378e+03   9.929273e-01   9.934209e-01   6.179507e-02
  2.007360e-02  -1.208663e-05   2.481667e+03   9.910580e-01   9.934399e-01   6.062620e-02
  2.018495e-02  -1.019092e-05   2.464260e+03   9.895651e-01   9.933547e-01   6.098367e-02
  2.031800e-02  -1.190760e-05   2.446735e+03   9.890044e-01   9.934653e-01   6.066825e-02
  2.024366e-02  -7.717855e-06   2.458883e+03   9.902781e-01   9.941310e-01   6.088436e-02
  2.020908e-02  -2.697455e-06   2.467716e+03   9.921373e-01   9.949822e-01   6.091881e-02
  2.011779e-02   2.580430e-06   2.483659e+03   9.940367e-01   9.953583e-01   6.111483e-02
  1.920749e-02   1.985061e-05   2.612666e+03   9.983544e-01   9.968346e-01   6.318099e-02
  1.974309e-02  -4.127479e-05   2.536087e+03   9.961150e-01   9.955810e-01   6.202307e-02
  2.013774e-02  -2.111295e-05   2.475267e+03   9.916603e-01   9.939826e-01   6.062951e-02
  2.015624e-02  -1.951277e-05   2.473227e+03   9.917533e-01   9.946796e-01   6.028032e-02
  2.029561e-02  -1.221064e-05   2.448130e+03   9.884774e-01   9.931714e-01   6.076975e-02
  2.027045e-02  -7.891483e-06   2.452510e+03   9.890182e-01   9.934034e-01   6.047301e-02
  2.031117e-02  -8.376587e-06   2.446070e+03   9.884026e-01   9.927137e-01   6.083423e-02
  2.018133e-02  -6.710533e-06   2.468089e+03   9.909247e-01   9.933922e-01   6.072607e-02
  1.935260e-02  -2.100485e-05   2.576462e+03   9.919581e-01   9.931317e-01   6.328323e-02
  1.955288e-02  -1.424785e-06   2.554278e+03   9.935943e-01   9.937253e-01   6.211289e-02
  2.012032e-02   5.731414e-06   2.478613e+03   9.921417e-01   9.940532e-01   6.086333e-02
  2.019335e-02   5.325769e-06   2.465195e+03   9.903526e-01   9.938778e-01   6.104949e-02
  2.025714e-02   5.760867e-06   2.456215e+03   9.898620e-01   9.939582e-01   6.055095e-02
  2.020887e-02   5.667338e-06   2.463457e+03   9.904149e-01   9.941992e-01   6.073504e-02
  2.017410e-02   1.017413e-05   2.473373e+03   9.926905e-01   9.952408e-01   6.073032e-02
  2.009010e-02   9.501640e-06   2.487225e+03   9.940936e-01   9.952366e-01   6.095072e-02
  1.908034e-02   2.598193e-05   2.629823e+03   9.982576e-01   9.967523e-01   6.267521e-02
  1.961061e-02   1.607745e-05   2.557640e+03   9.978395e-01   9.964654e-01   6.093734e-02
  1.998621e-02   1.406539e-05   2.496166e+03   9.925080e-01   9.942295e-01   6.016612e-02
  2.002309e-02   1.235542e-05   2.491427e+03   9.924514e-01   9.950430e-01   6.006600e-02
  2.025459e-02   7.207330e-06   2.453630e+03   9.886958e-01   9.932681e-01   6.069281e-02
  2.024279e-02   1.650365e-06   2.456489e+03   9.892711e-01   9.937296e-01   6.043164e-02
  2.027374e-02  -8.663772e-06   2.450309e+03   9.882909e-01   9.926510e-01   6.075561e-02
  2.018350e-02  -1.273288e-05   2.466741e+03   9.904903e-01   9.931842e-01   6.069739e-02
  1.929890e-02  -3.582819e-05   2.582847e+03   9.916569e-01   9.928467e-01   6.320399e-02
  1.963217e-02   3.025742e-05   2.543836e+03   9.935450e-01   9.938268e-01   6.242414e-02
  2.012387e-02   1.337766e-05   2.479669e+03   9.927398e-01   9.945594e-01   6.083959e-02
  2.025299e-02   1.312231e-05   2.460136e+03   9.912392e-01   9.944331e-01   6.096867e-02
  2.021003e-02   9.142384e-06   2.463701e+03   9.905699e-01   9.943749e-01   6.048522e-02
  2.024310e-02   9.460610e-06   2.458604e+03   9.901379e-01   9.939999e-01   6.087817e-02
  2.014738e-02   1.088866e-05   2.476868e+03   9.927767e-01   9.952453e-01   6.071653e-02
  2.010628e-02   1.007935e-05   2.485405e+03   9.941665e-01   9.952987e-01   6.095303e-02
  1.902811e-02   2.258524e-05   2.637530e+03   9.984426e-01   9.965897e-01   6.233867e-02
  1.947756e-02   1.473255e-05   2.577824e+03   9.988910e-01   9.969473e-01   6.094584e-02
  1.995088e-02   2.785341e-07   2.502711e+03   9.933515e-01   9.949078e-01   6.006531e-02
  1.999202e-02  -6.260134e-07   2.497244e+03   9.932256e-01   9.955639e-01   6.019463e-02
  2.032328e-02  -5.281032e-06   2.447039e+03   9.893837e-01   9.937096e-01   6.071525e-02
  2.018069e-02  -1.991521e-06   2.466658e+03   9.903188e-01   9.942731e-01   6.036596e-02
  2.027338e-02  -3.255704e-06   2.451991e+03   9.889523e-01   9.930010e-01   6.074722e-02
  2.018090e-02   1.980901e-06   2.466566e+03   9.902923e-01   9.929843e-01   6.078389e-02
  1.911664e-02  -4.322975e-06   2.606978e+03   9.914688e-01   9.927791e-01   6.214910e-02
  1.960960e-02   4.453174e-06   2.550427e+03   9.949742e-01   9.949089e-01   6.124301e-02
  2.012490e-02  -1.863093e-06   2.479961e+03   9.929076e-01   9.944671e-01   6.070318e-02
  2.021807e-02  -7.335936e-07   2.464956e+03   9.914687e-01   9.945767e-01   6.057913e-02
  2.021045e-02  -1.783183e-06   2.462756e+03   9.902106e-01   9.941740e-01   6.088097e-02
  2.027192e-02  -4.222096e-06   2.452904e+03   9.892491e-01   9.937779e-01   6.101575e-02
  2.020393e-02   6.743011e-07   2.467068e+03   9.916241e-01   9.946273e-01   6.113356e-02
  2.009932e-02   3.810552e-06   2.484413e+03   9.934255e-01   9.949030e-01   6.086377e-02
  1.915018e-02   1.565900e-05   2.618482e+03   9.975912e-01   9.962753e-01   6.220675e-02
  1.963633e-02   2.043682e-05   2.553367e+03   9.974788e-01   9.961075e-01   6.273890e-02
  2.003630e-02   8.018822e-06   2.492393e+03   9.934913e-01   9.949259e-01   6.053266e-02
  2.003589e-02   1.007833e-05   2.490961e+03   9.929004e-01   9.953890e-01   6.062156e-02
  2.027395e-02   2.257242e-06   2.453877e+03   9.897405e-01   9.938509e-01   6.067715e-02
  2.019145e-02   5.429660e-06   2.466811e+03   9.909083e-01   9.945450e-01   6.057203e-02
  2.026152e-02  -9.310470e-07   2.455265e+03   9.896928e-01   9.934715e-01   6.078575e-02
  2.015032e-02  -5.842640e-06   2.470717e+03   9.904560e-01   9.931394e-01   6.070195e-02
  1.903607e-02  -9.463419e-06   2.618028e+03   9.914747e-01   9.926897e-01   6.169470e-02
  1.940924e-02   1.484596e-05   2.581633e+03   9.968581e-01   9.958801e-01   6.083151e-02
  2.004609e-02   9.935391e-06   2.491203e+03   9.935025e-01   9.950496e-01   6.062876e-02
  2.015870e-02   7.556552e-06   2.473298e+03   9.919026e-01   9.948311e-01   6.038570e-02
  2.021703e-02   8.619866e-06   2.462649e+03   9.904897e-01   9.942872e-01   6.111466e-02
  2.026057e-02   5.120615e-06   2.454789e+03   9.894547e-01   9.938193e-01   6.086515e-02
  2.020492e-02   7.895245e-06   2.466012e+03   9.912486e-01   9.943901e-01   6.121498e-02
  2.013852e-02   6.127144e-06   2.477175e+03   9.924632e-01   9.941837e-01   6.096025e-02
  1.931368e-02   6.397589e-06   2.593960e+03   9.966862e-01   9.956147e-01   6.226363e-02
  1.944434e-02   7.521155e-06   2.577839e+03   9.971925e-01   9.962953e-01   6.238349e-02
  2.003565e-02  -5.818806e-06   2.493868e+03   9.940476e-01   9.951225e-01   6.062309e-02
  2.011465e-02  -1.683012e-07   2.480995e+03   9.928152e-01   9.953198e-01   6.092324e-02
  2.019495e-02  -5.448866e-06   2.465999e+03   9.907543e-01   9.945088e-01   6.043448e-02
  2.016438e-02  -1.642056e-06   2.470760e+03   9.911639e-01   9.946419e-01   6.065836e-02
  2.021805e-02  -3.563955e-07   2.461230e+03   9.899690e-01   9.936313e-01   6.078986e-02
  2.013783e-02   4.818840e-06   2.472508e+03   9.905595e-01   9.932137e-01   6.091308e-02
  1.913069e-02   1.779027e-05   2.604628e+03   9.913031e-01   9.922997e-01   6.165375e-02
  1.939605e-02  -2.546105e-05   2.585339e+03   9.976106e-01   9.964609e-01   6.163962e-02
  2.006524e-02  -5.651236e-06   2.488983e+03   9.935656e-01   9.950404e-01   6.097361e-02
  2.011028e-02  -1.107480e-05   2.480204e+03   9.922832e-01   9.949837e-01   6.043990e-02
  2.024892e-02   4.391011e-07   2.460473e+03   9.911760e-01   9.947322e-01   6.121530e-02
  2.021742e-02  -3.043737e-06   2.462147e+03   9.903070e-01   9.942807e-01   6.054668e-02
  2.020635e-02   4.288837e-07   2.467062e+03   9.917404e-01   9.946601e-01   6.107084e-02
  2.012765e-02   1.468460e-06   2.477637e+03   9.921123e-01   9.939205e-01   6.087982e-02
  1.936521e-02  -1.586220e-07   2.584649e+03   9.957583e-01   9.950263e-01   6.164259e-02
  1.938842e-02   1.883754e-05   2.587471e+03   9.980401e-01   9.968975e-01   6.226058e-02
  2.000706e-02   5.677545e-06   2.499327e+03   9.948013e-01   9.957444e-01   6.035615e-02
  2.012659e-02   5.228261e-06   2.480013e+03   9.930115e-01   9.953858e-01   6.074180e-02
  2.015963e-02  -2.427794e-07   2.472360e+03   9.915722e-01   9.949452e-01   6.041918e-02
  2.018543e-02   7.928760e-07   2.468855e+03   9.914335e-01   9.948367e-01   6.079602e-02
  2.018161e-02   3.134326e-06   2.466573e+03   9.903301e-01   9.937961e-01   6.083081e-02
  2.012385e-02   7.366573e-07   2.475218e+03   9.909564e-01   9.934004e-01   6.090288e-02
  1.945916e-02   1.636449e-05   2.560986e+03   9.914285e-01   9.924145e-01   6.191673e-02
  1.938939e-02   1.807540e-05   2.586960e+03   9.978932e-01   9.967669e-01   6.237296e-02
  2.008574e-02   6.795958e-06   2.486834e+03   9.937218e-01   9.949129e-01   6.122069e-02
  2.012134e-02   8.677309e-06   2.480221e+03   9.928356e-01   9.953297e-01   6.058997e-02
  2.019242e-02  -2.071720e-07   2.469325e+03   9.919661e-01   9.952385e-01   6.104241e-02
  2.024325e-02  -3.638577e-07   2.460678e+03   9.909809e-01   9.948406e-01   6.058558e-02
  2.017314e-02  -9.591496e-06   2.472823e+03   9.924226e-01   9.951029e-01   6.099072e-02
  2.011814e-02  -1.097230e-05   2.479977e+03   9.925800e-01   9.942076e-01   6.078533e-02
  1.939278e-02  -2.790793e-05   2.580035e+03   9.953956e-01   9.948222e-01   6.108901e-02
  1.925756e-02  -9.509764e-06   2.602752e+03   9.971584e-01   9.961547e-01   6.301932e-02
  1.998413e-02  -2.821805e-06   2.501787e+03   9.946397e-01   9.958019e-01   6.047624e-02
  2.014997e-02  -1.158100e-06   2.474595e+03   9.919931e-01   9.948312e-01   6.071963e-02
  2.015272e-02   4.166121e-07   2.471725e+03   9.909780e-01   9.946142e-01   6.047909e-02
  2.016451e-02   3.563830e-06   2.470183e+03   9.909388e-01   9.947345e-01   6.086560e-02
  2.014473e-02   8.353591e-06   2.472059e+03   9.907187e-01   9.940489e-01   6.073706e-02
  2.006818e-02   1.289476e-05   2.483532e+03   9.915347e-01   9.936962e-01   6.079098e-02
  1.962509e-02   3.142148e-05   2.541921e+03   9.924391e-01   9.933581e-01   6.128167e-02
  1.935460e-02  -1.108360e-06   2.595006e+03   9.992004e-01   9.972125e-01   6.197296e-02
  2.009884e-02  -3.142234e-06   2.488459e+03   9.950198e-01   9.956862e-01   6.066938e-02
  2.011925e-02  -4.479318e-06   2.482340e+03   9.935809e-01   9.958166e-01   6.047037e-02
  2.022566e-02  -1.956288e-06   2.466707e+03   9.925457e-01   9.955207e-01   6.100468e-02
  2.019783e-02  -3.516687e-06   2.467545e+03   9.915164e-01   9.949299e-01   6.047557e-02
  2.012956e-02  -3.091651e-06   2.478977e+03   9.927432e-01   9.952026e-01   6.105804e-02
  2.007125e-02  -5.115417e-06   2.486795e+03   9.929892e-01   9.945046e-01   6.076795e-02
  1.951381e-02  -5.001755e-06   2.563709e+03   9.952702e-01   9.947612e-01   6.179308e-02
  1.923523e-02   4.317678e-06   2.601914e+03   9.956813e-01   9.952333e-01   6.310399e-02
  2.011381e-02   1.881998e-06   2.482746e+03   9.934749e-01   9.950599e-01   6.079325e-02
  2.025536e-02   2.105250e-06   2.459735e+03   9.911936e-01   9.943618e-01   6.072388e-02
  2.018427e-02   4.414420e-06   2.466113e+03   9.902757e-01   9.942029e-01   6.067668e-02
  2.023699e-02   4.381918e-06   2.459759e+03   9.903043e-01   9.941791e-01   6.090407e-02
  2.006986e-02   5.602509e-06   2.483101e+03   9.914452e-01   9.944665e-01   6.034812e-02
  2.001880e-02   1.499034e-06   2.491665e+03   9.923340e-01   9.941352e-01   6.058499e-02
  1.962505e-02  -2.590250e-06   2.545923e+03   9.939996e-01   9.941194e-01   6.081896e-02
  1.910406e-02   1.419320e-05   2.632009e+03   1.000330e+00   9.979080e-01   6.100813e-02
  2.004512e-02   4.570327e-06   2.496273e+03   9.954762e-01   9.960428e-01   6.029838e-02
  2.011353e-02   7.378266e-06   2.482973e+03   9.935520e-01   9.957119e-01   6.045661e-02
  2.012623e-02   2.581813e-06   2.478570e+03   9.924161e-01   9.954732e-01   6.064746e-02
  2.014783e-02   4.325080e-06   2.473308e+03   9.913720e-01   9.947246e-01   6.041119e-02
  2.006128e-02   1.375077e-06   2.486797e+03   9.924972e-01   9.950773e-01   6.067735e-02
  1.998329e-02  -1.573137e-06   2.498461e+03   9.932753e-01   9.947301e-01   6.025096e-02
  1.960336e-02  -5.914408e-06   2.552827e+03   9.955934e-01   9.952323e-01   6.125540e-02
  1.932461e-02   2.268593e-05   2.581285e+03   9.923776e-01   9.932998e-01   6.216453e-02
  2.020328e-02   1.001696e-05   2.466361e+03   9.913082e-01   9.936871e-01   6.069119e-02
  2.026547e-02   3.404005e-06   2.454760e+03   9.896824e-01   9.934695e-01   6.040305e-02
  2.022882e-02  -1.971684e-06   2.458034e+03   9.892105e-01   9.935533e-01   6.064663e-02
  2.027444e-02  -5.357189e-06   2.452734e+03   9.893033e-01   9.936326e-01   6.086780e-02
  2.005599e-02  -7.975893e-06   2.486424e+03   9.920865e-01   9.949145e-01   6.019863e-02
  2.004145e-02  -5.155371e-06   2.490576e+03   9.930223e-01   9.946304e-01   6.047860e-02
  1.975713e-02  -3.277762e-06   2.533023e+03   9.956191e-01   9.953341e-01   6.108216e-02
  1.905878e-02   9.730760e-06   2.633931e+03   9.986874e-01   9.970498e-01   6.204827e-02
  2.006141e-02  -4.943528e-06   2.492631e+03   9.948320e-01   9.956869e-01   6.047568e-02
  2.017509e-02  -4.234688e-06   2.473780e+03   9.929027e-01   9.954073e-01   6.072539e-02
  2.017820e-02  -8.315853e-06   2.470675e+03   9.918092e-01   9.951258e-01   6.056384e-02
  2.014163e-02  -8.355282e-06   2.473545e+03   9.911616e-01   9.946009e-01   6.042297e-02
  2.008550e-02  -1.162315e-05   2.481941e+03   9.917546e-01   9.946333e-01   6.055591e-02
  1.998846e-02  -8.308339e-06   2.496768e+03   9.928595e-01   9.945482e-01   6.039741e-02
  1.994573e-02  -1.412463e-05   2.506958e+03   9.947801e-01   9.947208e-01   6.256437e-02
  1.936618e-02  -6.320510e-06   2.573352e+03   9.914554e-01   9.928670e-01   6.132844e-02
  2.019751e-02  -3.998158e-06   2.463599e+03   9.899153e-01   9.928427e-01   6.039399e-02
  2.023557e-02  -1.012508e-06   2.456738e+03   9.890183e-01   9.931309e-01   6.020307e-02
  2.025608e-02   2.335570e-06   2.453972e+03   9.889065e-01   9.933365e-01   6.051694e-02
  2.023991e-02   2.390187e-06   2.456513e+03   9.891398e-01   9.935301e-01   6.042312e-02
  2.007759e-02   2.770653e-06   2.484530e+03   9.923984e-01   9.950209e-01   6.024569e-02
  2.000110e-02   3.645572e-06   2.497521e+03   9.937870e-01   9.951520e-01   6.024145e-02
  1.968339e-02   4.905857e-06   2.546875e+03   9.973273e-01   9.959900e-01   6.176006e-02
  1.925254e-02  -9.960285e-06   2.602637e+03   9.968547e-01   9.959900e-01   6.291632e-02
  2.013503e-02  -3.258925e-07   2.481252e+03   9.939245e-01   9.951310e-01   6.081208e-02
  2.029571e-02   1.429292e-06   2.457197e+03   9.921429e-01   9.949264e-01   6.109018e-02
  2.020251e-02   3.024783e-06   2.465554e+03   9.909461e-01   9.945863e-01   6.058867e-02
  2.021094e-02   4.496603e-06   2.463702e+03   9.906147e-01   9.944335e-01   6.055181e-02
  2.006801e-02   3.863909e-06   2.482728e+03   9.912052e-01   9.943296e-01   6.022613e-02
  1.998611e-02  -1.537930e-06   2.494746e+03   9.919387e-01   9.940464e-01   6.017366e-02
  1.969075e-02  -7.753615e-06   2.538979e+03   9.946071e-01   9.947627e-01   6.124378e-02
  1.949652e-02   1.467141e-05   2.553413e+03   9.903946e-01   9.922574e-01   6.158467e-02
  2.022963e-02   7.557582e-06   2.456415e+03   9.885982e-01   9.919773e-01   6.041251e-02
  2.023617e-02   7.118811e-06   2.455423e+03   9.885185e-01   9.927606e-01   6.031177e-02
  2.024075e-02   5.580880e-06   2.457390e+03   9.895342e-01   9.937170e-01   6.025145e-02
  2.024369e-02   5.990492e-06   2.457745e+03   9.898213e-01   9.939413e-01   6.022886e-02
  2.009881e-02   5.048629e-06   2.483100e+03   9.928752e-01   9.953032e-01   6.019761e-02
  2.003438e-02   2.339237e-06   2.494789e+03   9.943512e-01   9.953932e-01   6.015178e-02
  1.947146e-02   3.017062e-07   2.577219e+03   9.983436e-01   9.969823e-01   6.144419e-02
  1.960744e-02   7.855686e-06   2.550864e+03   9.950347e-01   9.949362e-01   6.377229e-02
  2.021015e-02  -1.660570e-06   2.467553e+03   9.921245e-01   9.941020e-01   6.094606e-02
  2.034415e-02  -1.186312e-06   2.448630e+03   9.910436e-01   9.943194e-01   6.100456e-02
  2.021973e-02  -5.338771e-06   2.459789e+03   9.894716e-01   9.937392e-01   6.031907e-02
  2.026405e-02  -5.315254e-06   2.456128e+03   9.901648e-01   9.940032e-01   6.053058e-02
  2.013006e-02  -6.957656e-06   2.475431e+03   9.913479e-01   9.944130e-01   5.997925e-02
  2.006424e-02  -5.338794e-06   2.485494e+03   9.921229e-01   9.939934e-01   6.021032e-02
  1.985997e-02  -1.600588e-05   2.517448e+03   9.946477e-01   9.948071e-01   6.186946e-02
  1.863944e-02  -1.198541e-05   2.719113e+03   1.008301e+00   1.003043e+00   7.055310e-02
  2.030116e-02  -3.297636e-06   2.456606e+03   9.921711e-01   9.942637e-01   7.322901e-02
  2.036003e-02  -1.561880e-06   2.448263e+03   9.916685e-01   9.948015e-01   7.287276e-02
  2.035175e-02   1.668152e-06   2.415509e+03   9.780039e-01   9.868100e-01   7.699640e-02
  2.049053e-02   1.657818e-07   2.378785e+03   9.697026e-01   9.818560e-01   7.960573e-02
  2.027676e-02   3.883986e-06   2.405278e+03   9.702730e-01   9.817211e-01   7.944987e-02
  2.015133e-02   2.974081e-06   2.439602e+03   9.780317e-01   9.856558e-01   7.676242e-02
  2.017323e-02   1.023543e-05   2.459418e+03   9.870473e-01   9.898717e-01   7.480628e-02
  1.897647e-02  -2.679773e-06   2.563982e+03   9.679670e-01   9.788020e-01   8.741001e-02
  2.058921e-02   1.252487e-06   2.390029e+03   9.789779e-01   9.864259e-01   7.812137e-02
  2.062644e-02  -9.001705e-07   2.390508e+03   9.809446e-01   9.883348e-01   7.713149e-02
  2.040133e-02  -5.217392e-08   2.425001e+03   9.842392e-01   9.905931e-01   7.457735e-02
  2.034137e-02   3.204519e-07   2.430234e+03   9.834638e-01   9.900935e-01   7.516857e-02
  2.025536e-02   5.663027e-07   2.436483e+03   9.818233e-01   9.886861e-01   7.619362e-02
  2.014316e-02   6.055129e-07   2.454364e+03   9.835507e-01   9.888133e-01   7.677922e-02
  1.877961e-02   3.157247e-06   2.663260e+03   9.950163e-01   9.948321e-01   7.532037e-02
  1.882087e-02  -1.026560e-05   2.597128e+03   9.724408e-01   9.807786e-01   8.560308e-02
  2.020919e-02  -3.253542e-06   2.434674e+03   9.788586e-01   9.862935e-01   7.940717e-02
  2.035334e-02  -3.516901e-06   2.411684e+03   9.765314e-01   9.856895e-01   7.967945e-02
  2.013201e-02   1.822655e-07   2.473730e+03   9.907629e-01   9.946138e-01   7.274991e-02
  2.011159e-02   2.171227e-07   2.490207e+03   9.963502e-01   9.978228e-01   7.025327e-02
  1.986610e-02   3.416894e-06   2.538428e+03   1.003247e+00   1.001456e+00   6.772520e-02
  1.981519e-02   3.101209e-06   2.540301e+03   1.001414e+00   9.994984e-01   6.843315e-02
  2.029551e-02   8.472361e-06   2.483764e+03   1.002860e+00   9.994697e-01   6.815046e-02
  1.858922e-02   6.920022e-08   2.695863e+03   9.969861e-01   9.959963e-01   7.622826e-02
  2.023267e-02  -2.939429e-07   2.480581e+03   9.984743e-01   9.982314e-01   7.137593e-02
  2.035289e-02  -1.362125e-07   2.451165e+03   9.924959e-01   9.954793e-01   7.341748e-02
  2.037357e-02  -4.541436e-08   2.441825e+03   9.897190e-01   9.941519e-01   7.218465e-02
  2.038683e-02  -8.860197e-07   2.437142e+03   9.884635e-01   9.931920e-01   7.250759e-02
  2.032575e-02  -1.640252e-06   2.456682e+03   9.934032e-01   9.957132e-01   7.101634e-02
  2.013493e-02  -1.654457e-06   2.503791e+03   1.002948e+00   1.000690e+00   6.881148e-02
  1.904337e-02  -3.597676e-06   2.620194e+03   9.926753e-01   9.935301e-01   7.658052e-02
  1.824855e-02  -1.231565e-05   2.851541e+03   1.035233e+00   1.018708e+00   6.023380e-02
  1.987638e-02  -3.060747e-06   2.591487e+03   1.024747e+00   1.014113e+00   6.178374e-02
  1.993463e-02  -4.023427e-06   2.582488e+03   1.024180e+00   1.014510e+00   6.172158e-02
  2.000913e-02  -2.627602e-07   2.537573e+03   1.010129e+00   1.006472e+00   6.517846e-02
  2.007271e-02  -7.017888e-07   2.512067e+03   1.003154e+00   1.002108e+00   6.737413e-02
  1.990137e-02   1.649293e-06   2.519734e+03   9.976263e-01   9.981426e-01   6.931770e-02
  1.990404e-02   1.403402e-06   2.510736e+03   9.941969e-01   9.953459e-01   7.056667e-02
  2.025808e-02   2.821004e-06   2.486701e+03   1.002194e+00   9.989224e-01   6.824665e-02
  1.915710e-02   5.078268e-06   2.631014e+03   1.002728e+00   9.996284e-01   6.999118e-02
  2.063568e-02   8.461550e-08   2.376643e+03   9.756921e-01   9.845713e-01   7.759095e-02
  2.061162e-02   5.890855e-07   2.396698e+03   9.827784e-01   9.896371e-01   7.474104e-02
  2.058364e-02  -9.055708e-07   2.389003e+03   9.782930e-01   9.872933e-01   7.544058e-02
  2.050308e-02  -7.605793e-07   2.408527e+03   9.824281e-01   9.896690e-01   7.398977e-02
  2.055265e-02  -3.352393e-06   2.402780e+03   9.824536e-01   9.892625e-01   7.426460e-02
  2.045291e-02  -3.527869e-06   2.406971e+03   9.793910e-01   9.864788e-01   7.646027e-02
  1.909842e-02  -1.387192e-05   2.633102e+03   1.000450e+00   9.984548e-01   7.341392e-02
  1.930321e-02  -7.320417e-06   2.441466e+03   9.375841e-01   9.599649e-01   9.720558e-02
  2.042132e-02  -1.367353e-06   2.316471e+03   9.411109e-01   9.637227e-01   9.513799e-02
  2.052669e-02  -2.962591e-06   2.301505e+03   9.398552e-01   9.638045e-01   9.475407e-02
  2.037691e-02  -8.329198e-07   2.350715e+03   9.529461e-01   9.718839e-01   8.777386e-02
  2.032927e-02  -3.791557e-07   2.378383e+03   9.619085e-01   9.771894e-01   8.356108e-02
  2.001927e-02   1.165494e-07   2.449697e+03   9.756427e-01   9.849577e-01   7.839531e-02
  1.985083e-02  -8.613443e-08   2.498357e+03   9.866502e-01   9.906277e-01   7.452166e-02
  2.018484e-02  -1.558998e-07   2.465154e+03   9.899187e-01   9.912997e-01   7.241153e-02
  1.946301e-02   6.483014e-07   2.512439e+03   9.728274e-01   9.811226e-01   8.294249e-02
  1.963769e-02   6.202114e-08   2.571298e+03   1.004553e+00   1.001214e+00   6.988842e-02
  1.987006e-02   8.201370e-07   2.521761e+03   9.968580e-01   9.973293e-01   7.243617e-02
  1.999311e-02  -1.381440e-06   2.513134e+03   9.995997e-01   9.997302e-01   6.939292e-02
  2.013944e-02  -8.608458e-07   2.481112e+03   9.940859e-01   9.963172e-01   7.080270e-02
  2.028344e-02  -3.485696e-06   2.456514e+03   9.912678e-01   9.944252e-01   7.141646e-02
  2.024286e-02  -3.002911e-06   2.462700e+03   9.917755e-01   9.939927e-01   7.169560e-02
  1.948440e-02  -1.226255e-05   2.515838e+03   9.752139e-01   9.835570e-01   8.243641e-02
  1.844328e-02   2.840976e-06   2.875538e+03   1.055085e+00   1.029639e+00   5.387619e-02
  1.956027e-02   1.657302e-06   2.691959e+03   1.047547e+00   1.026989e+00   5.439478e-02
  1.956131e-02   8.243341e-07   2.683742e+03   1.044405e+00   1.025907e+00   5.491366e-02
  1.978303e-02   2.029133e-07   2.622658e+03   1.032202e+00   1.019240e+00   5.750127e-02
  1.988071e-02  -5.589706e-07   2.578510e+03   1.019837e+00   1.011900e+00   6.144084e-02
  1.979910e-02  -1.556680e-06   2.571269e+03   1.012799e+00   1.007272e+00   6.441564e-02
  1.981633e-02  -2.269848e-06   2.544357e+03   1.003070e+00   1.000628e+00   6.840187e-02
  1.960988e-02  -9.128785e-06   2.574014e+03   1.004190e+00   9.998385e-01   6.881380e-02
  1.972981e-02  -3.457922e-06   2.632389e+03   1.033244e+00   1.016938e+00   5.687799e-02
  2.011846e-02  -2.380936e-06   2.479793e+03   9.925224e-01   9.939177e-01   7.007359e-02
  2.020061e-02  -8.217706e-07   2.468730e+03   9.921294e-01   9.943532e-01   6.994920e-02
  2.048044e-02  -9.878309e-07   2.406744e+03   9.806171e-01   9.880032e-01   7.363881e-02
  2.057657e-02  -1.787424e-07   2.388463e+03   9.777359e-01   9.864804e-01   7.459340e-02
  2.054116e-02  -9.441089e-07   2.396353e+03   9.792776e-01   9.872402e-01   7.401976e-02
  2.033375e-02  -1.055762e-06   2.435624e+03   9.852756e-01   9.900154e-01   7.279766e-02
  1.975320e-02   7.113122e-07   2.535317e+03   9.963227e-01   9.965861e-01   7.400635e-02
  1.985472e-02   9.855113e-06   2.413801e+03   9.534441e-01   9.692788e-01   8.853655e-02
  2.035325e-02   3.606883e-06   2.347632e+03   9.505911e-01   9.689968e-01   8.909148e-02
  2.036014e-02   3.030538e-06   2.355375e+03   9.540495e-01   9.718149e-01   8.709986e-02
  2.037633e-02   1.440490e-06   2.363604e+03   9.581438e-01   9.746663e-01   8.477815e-02
  2.023790e-02   3.188334e-07   2.417860e+03   9.734793e-01   9.838853e-01   7.880904e-02
  2.012110e-02  -2.108627e-06   2.447976e+03   9.799164e-01   9.874092e-01   7.712420e-02
  1.996633e-02  -1.414444e-06   2.493193e+03   9.903403e-01   9.930172e-01   7.355468e-02
  1.929883e-02  -7.219073e-06   2.607490e+03   1.001115e+00   9.980091e-01   7.119664e-02
  2.042792e-02  -3.214419e-06   2.379039e+03   9.668430e-01   9.774066e-01   8.259144e-02
  1.971066e-02  -2.425209e-06   2.497194e+03   9.792277e-01   9.861398e-01   7.749745e-02
  1.983736e-02  -1.733343e-06   2.482356e+03   9.796663e-01   9.871488e-01   7.664934e-02
  2.010941e-02  -5.683215e-07   2.455337e+03   9.822918e-01   9.892604e-01   7.447681e-02
  2.022613e-02  -3.600058e-07   2.445169e+03   9.839016e-01   9.905817e-01   7.287261e-02
  2.016769e-02  -4.223406e-08   2.472912e+03   9.921904e-01   9.950901e-01   6.920911e-02
  2.013461e-02  -5.732939e-08   2.481217e+03   9.938895e-01   9.953106e-01   6.889014e-02
  2.013787e-02   3.743070e-06   2.500784e+03   1.001889e+00   1.000078e+00   7.036731e-02
  1.962464e-02   7.179808e-06   2.592631e+03   1.012214e+00   1.005048e+00   6.758836e-02
  1.976400e-02   3.107280e-06   2.575058e+03   1.012493e+00   1.006266e+00   6.512053e-02
  1.988886e-02   2.792217e-06   2.545160e+03   1.007060e+00   1.003802e+00   6.658542e-02
  2.005878e-02   1.226785e-06   2.515682e+03   1.003900e+00   1.002330e+00   6.728037e-02
  2.016065e-02   1.790200e-07   2.473344e+03   9.920170e-01   9.952435e-01   7.155617e-02
  2.032775e-02  -1.622468e-06   2.442098e+03   9.876035e-01   9.921651e-01   7.427907e-02
  2.025084e-02  -2.189169e-06   2.439614e+03   9.828661e-01   9.885742e-01   7.669308e-02
  1.942934e-02  -9.036813e-06   2.521030e+03   9.744650e-01   9.824184e-01   8.234258e-02
  2.020033e-02  -1.035630e-05   2.555115e+03   1.026831e+00   1.013729e+00   5.952373e-02
  1.960276e-02  -3.091484e-06   2.608287e+03   1.017191e+00   1.009027e+00   6.220957e-02
  1.972034e-02  -3.088317e-06   2.579802e+03   1.012117e+00   1.006866e+00   6.346820e-02
  2.002442e-02  -1.490666e-06   2.524702e+03   1.005773e+00   1.003433e+00   6.515548e-02
  2.006664e-02  -5.753407e-07   2.503972e+03   9.996187e-01   9.998634e-01   6.697999e-02
  2.001684e-02  -1.221731e-07   2.486514e+03   9.901857e-01   9.938136e-01   6.972276e-02
  2.004915e-02  -3.597352e-07   2.460712e+03   9.814920e-01   9.879571e-01   7.346245e-02
  2.054290e-02  -2.264994e-06   2.391412e+03   9.773415e-01   9.850752e-01   7.941938e-02
  2.005306e-02   3.442746e-06   2.505242e+03   9.994487e-01   9.976647e-01   7.145953e-02
  2.019641e-02   6.536934e-07   2.452997e+03   9.856016e-01   9.901962e-01   7.359923e-02
  2.026743e-02   2.204915e-06   2.446501e+03   9.864478e-01   9.915500e-01   7.297463e-02
  2.043705e-02   1.960323e-07   2.416079e+03   9.823348e-01   9.894995e-01   7.453959e-02
  2.030658e-02   5.785206e-07   2.452757e+03   9.908809e-01   9.947191e-01   7.171403e-02
  2.041985e-02  -3.354552e-08   2.451326e+03   9.958267e-01   9.972616e-01   7.144652e-02
  2.015849e-02   1.346812e-07   2.509785e+03   1.006525e+00   1.002680e+00   6.859786e-02
  1.860739e-02  -1.802719e-06   2.737886e+03   1.013517e+00   1.005575e+00   6.983491e-02
  2.057146e-02  -9.711619e-06   2.388867e+03   9.776586e-01   9.846905e-01   7.800205e-02
  1.992809e-02  -1.280865e-06   2.456004e+03   9.736995e-01   9.830105e-01   7.858409e-02
  2.002821e-02  -2.385135e-06   2.444983e+03   9.742001e-01   9.841722e-01   7.780043e-02
  2.020825e-02  -3.604485e-07   2.417619e+03   9.719559e-01   9.832216e-01   7.809219e-02
  2.034936e-02  -5.494028e-07   2.397688e+03   9.706743e-01   9.825458e-01   7.770760e-02
  2.007824e-02  -8.543061e-07   2.449442e+03   9.784147e-01   9.866950e-01   7.424412e-02
  1.994119e-02  -9.586380e-07   2.499404e+03   9.915574e-01   9.936986e-01   6.969239e-02
  2.038962e-02  -4.936195e-07   2.472984e+03   1.003138e+00   1.000444e+00   6.836754e-02
  2.016829e-02   1.854117e-06   2.447048e+03   9.818423e-01   9.878468e-01   7.992951e-02
  2.006730e-02   3.093292e-09   2.487662e+03   9.931397e-01   9.947518e-01   7.142717e-02
  2.008936e-02   1.127518e-06   2.478795e+03   9.906878e-01   9.940668e-01   7.226549e-02
  2.028737e-02  -1.450449e-06   2.459094e+03   9.925007e-01   9.955382e-01   7.156728e-02
  2.024531e-02  -8.414198e-07   2.458438e+03   9.901795e-01   9.940716e-01   7.315040e-02
  2.052087e-02   4.349630e-07   2.414575e+03   9.857499e-01   9.912039e-01   7.557148e-02
  2.052854e-02   9.092675e-07   2.397966e+03   9.793346e-01   9.866234e-01   7.852502e-02
  1.896614e-02   5.949945e-06   2.587312e+03   9.762428e-01   9.837011e-01   8.508208e-02
  1.987998e-02  -1.352941e-06   2.601510e+03   1.028896e+00   1.015594e+00   6.069098e-02
  1.984833e-02   1.118895e-06   2.564416e+03   1.012611e+00   1.006384e+00   6.400318e-02
  1.988077e-02  -5.150732e-08   2.556664e+03   1.011200e+00   1.006325e+00   6.398755e-02
  2.003647e-02   1.034008e-06   2.516732e+03   1.003202e+00   1.002006e+00   6.665400e-02
  2.001280e-02  -1.766982e-08   2.520168e+03   1.003385e+00   1.002147e+00   6.627028e-02
  1.977293e-02  -1.592874e-06   2.547828e+03   1.002239e+00   1.000929e+00   6.706234e-02
  1.980075e-02  -2.083432e-06   2.518316e+03   9.920236e-01   9.939065e-01   7.130435e-02
  2.018422e-02  -6.268673e-06   2.462369e+03   9.887701e-01   9.913008e-01   7.483363e-02
  2.030395e-02   3.205292e-06   2.486053e+03   1.004202e+00   1.001326e+00   7.040541e-02
  2.040231e-02  -1.236616e-06   2.431037e+03   9.867361e-01   9.909311e-01   7.218060e-02
  2.035879e-02   9.412813e-08   2.449771e+03   9.922195e-01   9.950560e-01   7.010420e-02
  2.046058e-02  -2.531422e-06   2.422973e+03   9.862719e-01   9.918494e-01   7.282965e-02
  2.045651e-02  -3.008900e-07   2.430992e+03   9.893395e-01   9.936106e-01   7.214183e-02
  2.057822e-02   4.969460e-07   2.412020e+03   9.874587e-01   9.923102e-01   7.360718e-02
  2.035571e-02   1.863435e-06   2.460817e+03   9.965422e-01   9.969990e-01   7.152373e-02
  1.884291e-02   5.269277e-06   2.660280e+03   9.972536e-01   9.970596e-01   7.771286e-02
  2.054359e-02   1.064577e-05   2.326682e+03   9.509188e-01   9.684472e-01   9.145639e-02
  2.024366e-02   3.422938e-06   2.411883e+03   9.713494e-01   9.816679e-01   8.025123e-02
  2.032330e-02   2.590217e-06   2.400476e+03   9.705584e-01   9.820140e-01   7.976495e-02
  2.021192e-02   1.342455e-06   2.445189e+03   9.832188e-01   9.899186e-01   7.471610e-02
  2.020615e-02   6.015083e-08   2.447186e+03   9.837409e-01   9.904072e-01   7.409591e-02
  1.997551e-02  -2.672814e-06   2.498288e+03   9.928198e-01   9.952861e-01   7.140635e-02
  1.981869e-02  -2.637756e-06   2.545435e+03   1.003615e+00   1.001035e+00   6.779618e-02
  1.956565e-02  -1.075619e-05   2.630975e+03   1.024097e+00   1.012226e+00   6.297434e-02
  1.992709e-02   2.414236e-06   2.487680e+03   9.862079e-01   9.901674e-01   7.967628e-02
  2.007997e-02  -1.443128e-06   2.486261e+03   9.932074e-01   9.948155e-01   7.073380e-02
  2.024408e-02  -3.942991e-07   2.439178e+03   9.823623e-01   9.891368e-01   7.459737e-02
  2.041218e-02  -8.734941e-07   2.427798e+03   9.858982e-01   9.916789e-01   7.310898e-02
  2.042453e-02  -7.925692e-07   2.420547e+03   9.835483e-01   9.902526e-01   7.439927e-02
  2.047675e-02  -6.966763e-07   2.426454e+03   9.884693e-01   9.929140e-01   7.251677e-02
  2.041034e-02  -1.207827e-07   2.430587e+03   9.869418e-01   9.913196e-01   7.429834e-02
  1.917806e-02  -2.570453e-06   2.597508e+03   9.910415e-01   9.935374e-01   7.834350e-02
  1.931393e-02   1.283449e-05   2.692380e+03   1.034516e+00   1.018301e+00   6.060851e-02
  2.012432e-02   4.102874e-06   2.514650e+03   1.006767e+00   1.002864e+00   6.637413e-02
  2.006351e-02   3.601739e-06   2.527869e+03   1.009001e+00   1.005026e+00   6.556134e-02
  2.025754e-02   1.504876e-06   2.457010e+03   9.902019e-01   9.941672e-01   7.199368e-02
  2.019968e-02   1.473037e-07   2.465657e+03   9.908485e-01   9.947500e-01   7.188877e-02
  2.022969e-02  -1.564457e-06   2.442538e+03   9.830162e-01   9.893727e-01   7.632889e-02
  2.018133e-02  -2.079369e-06   2.435197e+03   9.777187e-01   9.854440e-01   7.913124e-02
  1.980388e-02  -8.113480e-06   2.440653e+03   9.615822e-01   9.741508e-01   8.764607e-02
  1.986337e-02   2.886574e-06   2.522274e+03   9.967251e-01   9.964307e-01   7.212577e-02
  2.022594e-02  -2.786670e-07   2.456924e+03   9.886225e-01   9.920062e-01   7.127057e-02
  2.026802e-02   2.333325e-07   2.468605e+03   9.953894e-01   9.968703e-01   6.861258e-02
  2.032932e-02  -7.543875e-07   2.448321e+03   9.901967e-01   9.943642e-01   7.166371e-02
  2.034814e-02   9.275422e-07   2.448714e+03   9.912720e-01   9.949428e-01   7.111201e-02
  2.035125e-02  -1.882618e-06   2.440068e+03   9.879232e-01   9.924510e-01   7.284355e-02
  2.010610e-02  -1.063818e-06   2.494802e+03   9.979160e-01   9.976438e-01   7.036443e-02
  1.905985e-02  -1.215433e-06   2.637143e+03   9.999617e-01   9.984409e-01   7.532003e-02
  1.990867e-02   2.699340e-06   2.443825e+03   9.679270e-01   9.787274e-01   8.560818e-02
  2.032477e-02   1.484330e-06   2.421983e+03   9.793249e-01   9.864958e-01   7.628846e-02
  2.039939e-02   2.513256e-06   2.404231e+03   9.757165e-01   9.850369e-01   7.759350e-02
  2.035218e-02   3.668308e-08   2.431393e+03   9.844558e-01   9.907788e-01   7.450013e-02
  2.029208e-02  -6.380168e-07   2.438339e+03   9.843532e-01   9.906563e-01   7.477668e-02
  2.028683e-02   4.581545e-07   2.460622e+03   9.930917e-01   9.954730e-01   7.361791e-02
  2.013710e-02  -2.824313e-07   2.501711e+03   1.002223e+00   9.999759e-01   7.069134e-02
  1.871058e-02  -3.732660e-07   2.745264e+03   1.021884e+00   1.010056e+00   6.587485e-02
  1.950383e-02   6.774361e-06   2.517500e+03   9.768311e-01   9.845504e-01   8.205012e-02
  2.012367e-02   1.762009e-06   2.455892e+03   9.832107e-01   9.888567e-01   7.464456e-02
  2.021483e-02   8.874212e-07   2.441498e+03   9.818759e-01   9.888422e-01   7.490294e-02
  2.025724e-02   5.189933e-07   2.456508e+03   9.899852e-01   9.941369e-01   7.229489e-02
  2.024862e-02   2.589914e-07   2.456086e+03   9.893939e-01   9.937176e-01   7.221388e-02
  2.019444e-02  -2.705640e-06   2.469728e+03   9.922268e-01   9.952049e-01   7.109680e-02
  2.023860e-02  -2.127768e-06   2.452155e+03   9.873216e-01   9.912790e-01   7.343334e-02
  1.959700e-02  -5.733286e-06   2.532909e+03   9.875050e-01   9.910072e-01   7.715125e-02
  1.928709e-02   1.410012e-06   2.585303e+03   9.919921e-01   9.937397e-01   7.593213e-02
  2.021135e-02   3.811236e-07   2.465327e+03   9.912880e-01   9.937606e-01   7.141325e-02
  2.015718e-02   8.819196e-07   2.488215e+03   9.978098e-01   9.984490e-01   6.926922e-02
  2.025335e-02  -8.441308e-07   2.482610e+03   1.000312e+00   1.000248e+00   6.870157e-02
  2.017339e-02   3.571794e-08   2.506665e+03   1.006017e+00   1.003599e+00   6.718996e-02
  2.016737e-02   2.590579e-06   2.516521e+03   1.009671e+00   1.005464e+00   6.813059e-02
  2.013877e-02   1.649287e-06   2.504742e+03   1.003520e+00   1.000973e+00   7.112577e-02
  1.888639e-02   5.870683e-06   2.659447e+03   9.992414e-01   9.966921e-01   7.575363e-02
  1.893291e-02   3.433244e-06   2.709426e+03   1.020528e+00   1.010840e+00   6.636809e-02
  2.009562e-02   2.091745e-06   2.518127e+03   1.006721e+00   1.002985e+00   6.637131e-02
  2.026086e-02   1.054889e-06   2.480628e+03   9.998841e-01   9.996205e-01   6.809072e-02
  2.041606e-02  -5.060074e-07   2.431492e+03   9.875857e-01   9.926246e-01   7.261414e-02
  2.045800e-02  -4.166635e-08   2.419011e+03   9.845352e-01   9.907692e-01   7.304631e-02
  2.037620e-02  -2.607207e-06   2.427976e+03   9.842324e-01   9.901809e-01   7.320328e-02
  2.029518e-02  -2.455530e-06   2.440928e+03   9.855483e-01   9.902067e-01   7.365488e-02
  1.961740e-02  -3.483998e-06   2.561740e+03   9.997849e-01   9.979659e-01   7.243122e-02
  1.906434e-02   1.504919e-06   2.648492e+03   1.004502e+00   1.001413e+00   7.069171e-02
  2.043481e-02  -7.605216e-07   2.426157e+03   9.863242e-01   9.907602e-01   7.294799e-02
  2.050917e-02   5.365171e-07   2.406972e+03   9.820858e-01   9.889814e-01   7.496809e-02
  2.052600e-02   7.133686e-07   2.383707e+03   9.733910e-01   9.840870e-01   7.880625e-02
  2.051966e-02   1.037927e-06   2.379673e+03   9.714436e-01   9.830106e-01   7.995962e-02
  2.054358e-02   4.191838e-06   2.373281e+03   9.699637e-01   9.816184e-01   8.258259e-02
  2.029532e-02   4.963303e-06   2.433806e+03   9.826795e-01   9.885356e-01   7.888518e-02
  1.903514e-02   1.023622e-05   2.602802e+03   9.856607e-01   9.887613e-01   8.037076e-02
  1.937285e-02  -5.478452e-07   2.525325e+03   9.732870e-01   9.825896e-01   8.366245e-02
  2.038263e-02   1.690356e-06   2.399510e+03   9.730000e-01   9.826807e-01   7.948909e-02
  2.041365e-02   3.049593e-07   2.408772e+03   9.782423e-01   9.866635e-01   7.709216e-02
  2.022439e-02   6.856435e-07   2.448246e+03   9.850556e-01   9.909981e-01   7.485602e-02
  2.029477e-02   3.861420e-07   2.433203e+03   9.824097e-01   9.895330e-01   7.523484e-02
  2.015175e-02   6.808131e-07   2.458247e+03   9.855269e-01   9.908606e-01   7.468765e-02
  2.003291e-02  -8.017260e-08   2.495112e+03   9.944075e-01   9.954325e-01   7.177894e-02
  1.979326e-02   5.350984e-07   2.515001e+03   9.903428e-01   9.919414e-01   7.631770e-02
  1.928305e-02   1.997348e-07   2.507865e+03   9.620774e-01   9.757081e-01   9.012522e-02
  2.035308e-02  -7.498464e-07   2.432502e+03   9.849483e-01   9.898406e-01   7.516336e-02
  2.038510e-02  -9.724037e-07   2.438101e+03   9.887686e-01   9.930380e-01   7.377307e-02
  2.024605e-02   6.271243e-07   2.475752e+03   9.971895e-01   9.983477e-01   7.018385e-02
  2.020875e-02   1.734084e-06   2.484955e+03   9.990519e-01   9.994596e-01   6.992569e-02
  2.010699e-02   4.773975e-06   2.507721e+03   1.003129e+00   1.001472e+00   6.987502e-02
  2.006341e-02   6.166212e-06   2.506538e+03   1.000482e+00   9.990879e-01   7.152959e-02
  1.866096e-02   2.084510e-05   2.710740e+03   1.006357e+00   1.001214e+00   7.180033e-02
  1.889786e-02  -3.219791e-07   2.652683e+03   9.973053e-01   9.963183e-01   7.685557e-02
  2.013740e-02  -6.508397e-07   2.503233e+03   1.002848e+00   1.000607e+00   6.907577e-02
  2.023620e-02  -1.653381e-07   2.479049e+03   9.980313e-01   9.985250e-01   7.026095e-02
  2.019122e-02   1.054948e-06   2.493491e+03   1.001614e+00   1.001086e+00   6.815450e-02
  2.014930e-02   5.580560e-07   2.506604e+03   1.004792e+00   1.002928e+00   6.667897e-02
  2.000863e-02   2.487923e-06   2.529314e+03   1.006816e+00   1.003760e+00   6.622587e-02
  2.007598e-02   1.454097e-06   2.494426e+03   9.962711e-01   9.966017e-01   7.017359e-02
  1.998680e-02   7.458165e-06   2.523675e+03   1.003476e+00   9.996273e-01   6.959762e-02
  1.839834e-02  -4.647034e-06   2.788434e+03   1.020632e+00   1.010445e+00   6.811103e-02
  2.044291e-02  -9.280801e-07   2.448291e+03   9.957171e-01   9.964392e-01   7.108607e-02
  2.053220e-02  -1.376454e-06   2.432621e+03   9.936651e-01   9.960523e-01   7.187891e-02
  2.045699e-02   1.383979e-06   2.422747e+03   9.860071e-01   9.917421e-01   7.340534e-02
  2.044459e-02   1.478651e-06   2.430662e+03   9.886285e-01   9.933267e-01   7.262466e-02
  2.022242e-02   3.734302e-06   2.466860e+03   9.924480e-01   9.951302e-01   7.210084e-02
  2.008872e-02   4.459046e-06   2.493752e+03   9.966338e-01   9.969134e-01   7.183159e-02
  1.883201e-02   1.254646e-05   2.657661e+03   9.956954e-01   9.948981e-01   7.460398e-02
  1.914568e-02   2.123818e-05   2.602131e+03   9.911289e-01   9.925910e-01   8.710528e-02
  2.022447e-02   2.328269e-06   2.455894e+03   9.881365e-01   9.917727e-01   8.588355e-02
  2.025933e-02   3.107990e-06   2.453014e+03   9.886785e-01   9.928543e-01   8.592853e-02
  2.027969e-02  -6.574176e-06   2.448234e+03   9.877441e-01   9.926908e-01   8.542636e-02
  2.026872e-02  -1.151726e-05   2.453281e+03   9.892448e-01   9.936074e-01   8.564343e-02
  2.020096e-02  -1.003447e-05   2.466398e+03   9.912094e-01   9.944076e-01   8.552803e-02
  2.006911e-02  -3.852882e-06   2.491008e+03   9.945654e-01   9.955238e-01   8.559632e-02
  1.929215e-02   3.429087e-06   2.599884e+03   9.978489e-01   9.967407e-01   8.896613e-02
  1.949523e-02  -2.853857e-05   2.564622e+03   9.946763e-01   9.947408e-01   8.945698e-02
  2.017076e-02  -1.359851e-05   2.473148e+03   9.924360e-01   9.944188e-01   8.636583e-02
  2.023647e-02  -1.158673e-05   2.464039e+03   9.920018e-01   9.947830e-01   8.630195e-02
  2.023814e-02  -8.287038e-06   2.459857e+03   9.904001e-01   9.943419e-01   8.574286e-02
  2.023411e-02  -9.563901e-06   2.461822e+03   9.909939e-01   9.946434e-01   8.587085e-02
  2.014857e-02  -1.281768e-05   2.475009e+03   9.920902e-01   9.949171e-01   8.533705e-02
  2.008707e-02  -1.346098e-05   2.484912e+03   9.930193e-01   9.946737e-01   8.552453e-02
  1.950954e-02  -1.451692e-05   2.565400e+03   9.957087e-01   9.952825e-01   8.737853e-02
  1.918436e-02  -3.951158e-05   2.598653e+03   9.918039e-01   9.925704e-01   8.802405e-02
  2.021141e-02  -1.640447e-05   2.460585e+03   9.893850e-01   9.924879e-01   8.631773e-02
  2.029846e-02  -1.610707e-05   2.448358e+03   9.887087e-01   9.928817e-01   8.640994e-02
  2.030610e-02  -6.168313e-08   2.445815e+03   9.880532e-01   9.928767e-01   8.571793e-02
  2.025188e-02   4.470264e-06   2.455850e+03   9.894578e-01   9.937415e-01   8.576924e-02
  2.025715e-02   1.146459e-05   2.458183e+03   9.906554e-01   9.940193e-01   8.588967e-02
  2.013718e-02   9.977726e-06   2.480471e+03   9.937173e-01   9.951500e-01   8.604154e-02
  1.911657e-02   2.520234e-05   2.620833e+03   9.967347e-01   9.962076e-01   8.889701e-02
  1.957150e-02  -2.885563e-05   2.558244e+03   9.960850e-01   9.955767e-01   8.740929e-02
  2.006016e-02  -6.604289e-06   2.488379e+03   9.930727e-01   9.947312e-01   8.584092e-02
  2.013026e-02  -1.014698e-05   2.478444e+03   9.925641e-01   9.951136e-01   8.592731e-02
  2.024417e-02  -1.798335e-06   2.458590e+03   9.901845e-01   9.941851e-01   8.558103e-02
  2.023975e-02  -1.811247e-06   2.461619e+03   9.911883e-01   9.946988e-01   8.587878e-02
  2.021393e-02  -1.776901e-07   2.467292e+03   9.922052e-01   9.949907e-01   8.541277e-02
  2.013794e-02   5.176878e-06   2.480413e+03   9.937316e-01   9.950594e-01   8.554944e-02
  1.938352e-02  -1.207996e-05   2.581514e+03   9.954909e-01   9.952369e-01   8.770439e-02
  1.923594e-02  -1.757959e-06   2.598531e+03   9.944240e-01   9.942573e-01   8.864023e-02
  2.020100e-02   2.223205e-05   2.466666e+03   9.913188e-01   9.936116e-01   8.665690e-02
  2.028401e-02   1.966943e-05   2.452470e+03   9.896635e-01   9.934183e-01   8.668271e-02
  2.030783e-02   1.748307e-05   2.446886e+03   9.885699e-01   9.931966e-01   8.618066e-02
  2.030011e-02   1.123073e-05   2.448648e+03   9.889058e-01   9.933972e-01   8.612700e-02
  2.031095e-02   1.164472e-05   2.450321e+03   9.901099e-01   9.937657e-01   8.610167e-02
  2.017558e-02   9.214133e-06   2.472323e+03   9.923420e-01   9.942999e-01   8.626330e-02
  1.907732e-02   1.863381e-05   2.622714e+03   9.954017e-01   9.952724e-01   8.899440e-02
  1.975899e-02   7.498400e-06   2.537525e+03   9.974821e-01   9.963852e-01   8.682464e-02
  1.997361e-02   1.552907e-06   2.500861e+03   9.937483e-01   9.949940e-01   8.542279e-02
  2.002676e-02   5.499836e-06   2.491525e+03   9.926726e-01   9.951862e-01   8.553301e-02
  2.025771e-02   1.408174e-06   2.454796e+03   9.893179e-01   9.935815e-01   8.572880e-02
  2.022478e-02   3.614571e-06   2.462493e+03   9.908066e-01   9.945070e-01   8.594321e-02
  2.027071e-02  -1.150604e-06   2.458785e+03   9.915612e-01   9.945239e-01   8.576750e-02
  2.018141e-02  -5.972550e-06   2.474019e+03   9.933094e-01   9.948846e-01   8.588012e-02
  1.933781e-02   8.932684e-07   2.585314e+03   9.946052e-01   9.948397e-01   8.811030e-02
  1.927224e-02  -7.058513e-05   2.598141e+03   9.961512e-01   9.956158e-01   8.849880e-02
  2.018023e-02  -4.918029e-05   2.473356e+03   9.929856e-01   9.946994e-01   8.701854e-02
  2.028538e-02  -4.543892e-05   2.456690e+03   9.914336e-01   9.944877e-01   8.681799e-02
  2.029363e-02  -3.132230e-05   2.450666e+03   9.894050e-01   9.937631e-01   8.640615e-02
  2.031304e-02  -2.344581e-05   2.446680e+03   9.887400e-01   9.933594e-01   8.627171e-02
  2.027678e-02  -1.012436e-05   2.453144e+03   9.895828e-01   9.934416e-01   8.612154e-02
  2.017559e-02  -3.940742e-06   2.470610e+03   9.916547e-01   9.938613e-01   8.617489e-02
  1.919189e-02  -7.066726e-07   2.604197e+03   9.943097e-01   9.947242e-01   8.953637e-02
  1.979593e-02  -5.139675e-05   2.533979e+03   9.979503e-01   9.966781e-01   8.626540e-02
  1.992564e-02  -1.304416e-05   2.508357e+03   9.943325e-01   9.954006e-01   8.532295e-02
  2.000014e-02  -1.631184e-05   2.495278e+03   9.928465e-01   9.952507e-01   8.554210e-02
  2.028973e-02  -6.831058e-06   2.450177e+03   9.890174e-01   9.934883e-01   8.584315e-02
  2.020974e-02  -5.889296e-06   2.463800e+03   9.905952e-01   9.944024e-01   8.601464e-02
  2.027216e-02  -4.867214e-06   2.456073e+03   9.905386e-01   9.940131e-01   8.594656e-02
  2.019269e-02  -1.484316e-06   2.469366e+03   9.919955e-01   9.941742e-01   8.622275e-02
  1.929353e-02  -7.386179e-06   2.588954e+03   9.937249e-01   9.942586e-01   8.874363e-02
  1.938472e-02   4.367330e-06   2.585704e+03   9.971683e-01   9.960682e-01   9.016025e-02
  2.009317e-02   3.562329e-05   2.487278e+03   9.942671e-01   9.955174e-01   8.697815e-02
  2.021980e-02   3.198029e-05   2.468710e+03   9.930634e-01   9.955033e-01   8.664831e-02
  2.027368e-02   3.464148e-05   2.455404e+03   9.903433e-01   9.942514e-01   8.654630e-02
  2.029853e-02   2.446254e-05   2.449178e+03   9.890430e-01   9.934266e-01   8.617865e-02
  2.027947e-02   1.933269e-05   2.450762e+03   9.887532e-01   9.929705e-01   8.624278e-02
  2.017957e-02   9.055393e-06   2.468785e+03   9.911177e-01   9.935437e-01   8.604219e-02
  1.936604e-02  -2.601661e-06   2.579018e+03   9.936316e-01   9.943316e-01   8.990915e-02
  1.968755e-02   4.593360e-05   2.545541e+03   9.970158e-01   9.960641e-01   8.649490e-02
  2.000129e-02   2.021783e-05   2.497885e+03   9.939411e-01   9.951770e-01   8.602406e-02
  2.007647e-02   1.897407e-05   2.484978e+03   9.925220e-01   9.951517e-01   8.605673e-02
  2.024940e-02   7.908356e-06   2.456031e+03   9.894097e-01   9.936832e-01   8.585365e-02
  2.019655e-02   4.966924e-06   2.466051e+03   9.908534e-01   9.945175e-01   8.597686e-02
  2.025606e-02   5.140769e-06   2.459358e+03   9.910757e-01   9.943531e-01   8.615082e-02
  2.016681e-02   5.085834e-06   2.473442e+03   9.923596e-01   9.943057e-01   8.634956e-02
  1.924706e-02   2.838819e-05   2.597432e+03   9.945779e-01   9.945595e-01   8.855871e-02
  1.956922e-02  -3.808971e-05   2.566015e+03   9.989942e-01   9.976654e-01   8.899606e-02
  2.003765e-02  -2.849594e-05   2.496259e+03   9.951000e-01   9.959645e-01   8.620463e-02
  2.010790e-02  -2.675533e-05   2.484244e+03   9.937821e-01   9.959924e-01   8.591670e-02
  2.023943e-02  -2.317806e-05   2.461144e+03   9.909811e-01   9.947254e-01   8.640446e-02
  2.024966e-02  -1.356309e-05   2.456985e+03   9.898069e-01   9.940492e-01   8.580161e-02
  2.030765e-02  -1.417383e-05   2.445782e+03   9.881150e-01   9.925838e-01   8.639169e-02
  2.019479e-02  -7.023979e-06   2.464135e+03   9.899973e-01   9.928778e-01   8.603144e-02
  1.936292e-02  -2.393614e-05   2.576208e+03   9.923888e-01   9.934318e-01   8.945344e-02
  1.963092e-02  -1.535222e-05   2.548530e+03   9.953152e-01   9.946351e-01   8.714045e-02
  2.008164e-02  -1.437373e-05   2.486588e+03   9.934208e-01   9.947989e-01   8.666925e-02
  2.017543e-02  -9.566065e-06   2.471306e+03   9.919265e-01   9.947723e-01   8.667130e-02
  2.023845e-02  -8.585103e-06   2.458721e+03   9.899576e-01   9.939170e-01   8.611117e-02
  2.021942e-02  -1.426546e-06   2.464001e+03   9.911511e-01   9.946529e-01   8.625538e-02
  2.019055e-02   9.978921e-06   2.469757e+03   9.920476e-01   9.948384e-01   8.609905e-02
  2.011794e-02   1.304266e-05   2.481952e+03   9.933609e-01   9.948042e-01   8.615525e-02
  1.924873e-02   5.057759e-05   2.601207e+03   9.961097e-01   9.953498e-01   8.791269e-02
  1.959835e-02   9.276041e-06   2.566014e+03   1.000481e+00   9.985780e-01   8.835743e-02
  1.995638e-02   1.156876e-05   2.508290e+03   9.958399e-01   9.962830e-01   8.576074e-02
  2.002765e-02   8.608848e-06   2.494641e+03   9.939587e-01   9.959704e-01   8.562196e-02
  2.018948e-02   7.211065e-06   2.468262e+03   9.913944e-01   9.947696e-01   8.615550e-02
  2.021815e-02  -1.224421e-06   2.461465e+03   9.900685e-01   9.939585e-01   8.568472e-02
  2.026150e-02  -9.042983e-06   2.452185e+03   9.884508e-01   9.928057e-01   8.610600e-02
  2.021689e-02  -1.198892e-05   2.459431e+03   9.891887e-01   9.923372e-01   8.613564e-02
  1.925539e-02  -4.204379e-05   2.587634e+03   9.912546e-01   9.927366e-01   8.823024e-02
  1.974586e-02   4.939857e-05   2.532983e+03   9.950354e-01   9.948420e-01   8.842952e-02
  2.014660e-02   2.931894e-05   2.480424e+03   9.941635e-01   9.953681e-01   8.665325e-02
  2.023894e-02   2.661046e-05   2.464205e+03   9.921899e-01   9.948417e-01   8.679003e-02
  2.022615e-02   1.942004e-05   2.462777e+03   9.909880e-01   9.946605e-01   8.616803e-02
  2.023195e-02   1.147456e-05   2.462285e+03   9.910746e-01   9.946876e-01   8.647460e-02
  2.012759e-02   8.047322e-06   2.478004e+03   9.922568e-01   9.950143e-01   8.622616e-02
  2.006067e-02   3.207325e-07   2.490241e+03   9.938411e-01   9.951350e-01   8.621752e-02
  1.931672e-02   1.227483e-05   2.592461e+03   9.962674e-01   9.958900e-01   8.809159e-02
  1.969320e-02   3.826212e-05   2.555943e+03   1.001377e+00   9.991286e-01   8.808180e-02
  1.989730e-02   1.040561e-05   2.518155e+03   9.967970e-01   9.968602e-01   8.549921e-02
  1.994976e-02   9.013263e-06   2.506851e+03   9.949389e-01   9.965283e-01   8.535222e-02
  2.018525e-02   1.557485e-06   2.470239e+03   9.919808e-01   9.951767e-01   8.604947e-02
  2.019315e-02   6.470985e-06   2.465086e+03   9.902989e-01   9.941598e-01   8.563316e-02
  2.029221e-02  -5.276619e-07   2.449658e+03   9.889290e-01   9.930654e-01   8.618334e-02
  2.021947e-02   2.983110e-06   2.458533e+03   9.889538e-01   9.922710e-01   8.601431e-02
  1.931885e-02  -1.502967e-05   2.575156e+03   9.897260e-01   9.916601e-01   8.892244e-02
  1.982605e-02   7.359191e-06   2.524624e+03   9.957790e-01   9.953560e-01   8.901270e-02
  2.014167e-02  -7.203116e-06   2.481292e+03   9.942683e-01   9.953602e-01   8.627664e-02
  2.022512e-02  -6.363626e-06   2.465603e+03   9.920749e-01   9.948747e-01   8.625930e-02
  2.023422e-02  -9.436272e-06   2.461620e+03   9.909175e-01   9.945398e-01   8.622497e-02
  2.023008e-02  -8.191395e-06   2.462753e+03   9.911711e-01   9.947131e-01   8.632925e-02
  2.016971e-02   3.040127e-06   2.474095e+03   9.927644e-01   9.952054e-01   8.647027e-02
  2.007825e-02   1.434788e-05   2.489374e+03   9.943658e-01   9.954354e-01   8.627022e-02
  1.942950e-02   3.800692e-05   2.577089e+03   9.961421e-01   9.953582e-01   8.800418e-02
  1.964550e-02   1.049606e-05   2.563857e+03   1.002044e+00   9.996512e-01   8.854403e-02
  1.986741e-02  -8.897892e-08   2.525027e+03   9.980161e-01   9.975673e-01   8.558600e-02
  1.996146e-02  -6.349812e-07   2.507704e+03   9.958608e-01   9.971424e-01   8.562041e-02
  2.016411e-02  -5.230346e-06   2.473557e+03   9.922729e-01   9.953525e-01   8.606247e-02
  2.020768e-02  -7.596554e-06   2.462861e+03   9.901167e-01   9.940698e-01   8.596461e-02
  2.025104e-02  -1.307950e-05   2.454837e+03   9.890087e-01   9.930766e-01   8.606101e-02
  2.021883e-02  -1.514973e-05   2.458955e+03   9.890920e-01   9.923005e-01   8.609356e-02
  1.924904e-02  -2.128332e-05   2.583662e+03   9.894068e-01   9.914419e-01   8.798137e-02
  1.984674e-02   3.108983e-05   2.519114e+03   9.946429e-01   9.949589e-01   8.954548e-02
  2.009943e-02   1.941393e-05   2.483038e+03   9.928813e-01   9.946269e-01   8.603404e-02
  2.018351e-02   1.508033e-05   2.468286e+03   9.911109e-01   9.943904e-01   8.587047e-02
  2.024511e-02   1.314201e-05   2.457324e+03   9.897208e-01   9.939962e-01   8.647000e-02
  2.024376e-02   1.080549e-05   2.459651e+03   9.905919e-01   9.944711e-01   8.624458e-02
  2.019411e-02   1.107735e-05   2.470552e+03   9.925421e-01   9.950997e-01   8.669172e-02
  2.012167e-02   1.460385e-06   2.483672e+03   9.942335e-01   9.953025e-01   8.659515e-02
  1.946099e-02   4.726781e-07   2.573532e+03   9.963794e-01   9.954906e-01   8.770591e-02
  1.959376e-02   4.443104e-05   2.567241e+03   1.000725e+00   9.984655e-01   8.923357e-02
  1.991546e-02   5.531717e-06   2.518166e+03   9.977114e-01   9.974339e-01   8.568300e-02
  2.001665e-02   1.324177e-05   2.498769e+03   9.950565e-01   9.966348e-01   8.578103e-02
  2.017376e-02   3.000061e-07   2.471686e+03   9.919969e-01   9.952073e-01   8.613325e-02
  2.020497e-02   2.747484e-06   2.462780e+03   9.899520e-01   9.939776e-01   8.605296e-02
  2.023278e-02  -1.126677e-06   2.457273e+03   9.890977e-01   9.930727e-01   8.614234e-02
  2.016911e-02  -2.063557e-09   2.466091e+03   9.895235e-01   9.925481e-01   8.600318e-02
  1.937514e-02   9.259417e-06   2.568168e+03   9.899160e-01   9.918527e-01   8.739146e-02
  1.964004e-02  -3.923958e-05   2.543949e+03   9.939876e-01   9.947834e-01   8.912945e-02
  2.010557e-02  -1.743434e-05   2.479487e+03   9.917640e-01   9.939069e-01   8.602426e-02
  2.016316e-02  -1.660750e-05   2.468879e+03   9.903496e-01   9.938496e-01   8.560254e-02
  2.026398e-02  -3.188549e-06   2.452441e+03   9.886747e-01   9.933320e-01   8.648266e-02
  2.024621e-02  -3.846164e-06   2.457164e+03   9.897104e-01   9.939678e-01   8.608531e-02
  2.018389e-02   1.200165e-06   2.471374e+03   9.923698e-01   9.950645e-01   8.658190e-02
  2.010724e-02   6.895570e-06   2.486085e+03   9.944859e-01   9.955206e-01   8.642432e-02
  1.948883e-02   5.048681e-06   2.571897e+03   9.971704e-01   9.960345e-01   8.791674e-02
  1.943559e-02  -9.357579e-06   2.581489e+03   9.981555e-01   9.969014e-01   9.011213e-02
  2.000023e-02  -3.716126e-06   2.503264e+03   9.960286e-01   9.964116e-01   8.609844e-02
  2.012154e-02  -9.995330e-06   2.481225e+03   9.932476e-01   9.955836e-01   8.630934e-02
  2.017937e-02  -2.704608e-06   2.470592e+03   9.918335e-01   9.951278e-01   8.615354e-02
  2.020963e-02  -2.748276e-06   2.463065e+03   9.902945e-01   9.941845e-01   8.609476e-02
  2.018587e-02   7.528379e-06   2.464809e+03   9.898308e-01   9.935754e-01   8.603436e-02
  2.013280e-02   6.531537e-06   2.472615e+03   9.903546e-01   9.930336e-01   8.604199e-02
  1.966990e-02   3.709722e-05   2.533942e+03   9.915829e-01   9.928410e-01   8.749646e-02
  1.939516e-02   2.237315e-05   2.574219e+03   9.932738e-01   9.942866e-01   8.790748e-02
  2.011098e-02   9.839815e-06   2.477840e+03   9.913723e-01   9.937243e-01   8.567397e-02
  2.015507e-02   9.235782e-06   2.469660e+03   9.902653e-01   9.938480e-01   8.536095e-02
  2.025186e-02  -1.227623e-06   2.455457e+03   9.892987e-01   9.936313e-01   8.613567e-02
  2.023868e-02  -2.844866e-06   2.458385e+03   9.898335e-01   9.938753e-01   8.581248e-02
  2.017628e-02  -1.181010e-05   2.473415e+03   9.928149e-01   9.953175e-01   8.646100e-02
  2.007658e-02  -1.862440e-05   2.490384e+03   9.946862e-01   9.956161e-01   8.628984e-02
  1.971392e-02  -4.658815e-05   2.544179e+03   9.978168e-01   9.964423e-01   8.856854e-02
  1.924275e-02   1.478010e-05   2.601544e+03   9.959287e-01   9.956643e-01   8.958200e-02
  2.007914e-02   5.247277e-06   2.489391e+03   9.944167e-01   9.954406e-01   8.613235e-02
  2.019016e-02   1.140004e-05   2.469450e+03   9.919050e-01   9.947693e-01   8.620912e-02
  2.019055e-02   1.378204e-06   2.467097e+03   9.909794e-01   9.947063e-01   8.595076e-02
  2.022258e-02   3.716036e-06   2.460639e+03   9.899531e-01   9.940586e-01   8.604150e-02
  2.014977e-02   2.115138e-07   2.470948e+03   9.905211e-01   9.938595e-01   8.603132e-02
  2.006545e-02   4.090662e-06   2.483749e+03   9.914860e-01   9.937034e-01   8.590514e-02
  1.989176e-02   1.121698e-05   2.508346e+03   9.926377e-01   9.933993e-01   8.787865e-02
  1.925514e-02  -1.238717e-05   2.592960e+03   9.932824e-01   9.940253e-01   8.756379e-02
  2.009790e-02  -6.839548e-06   2.479324e+03   9.913208e-01   9.936446e-01   8.525706e-02
  2.016930e-02  -7.509045e-06   2.468403e+03   9.904605e-01   9.939099e-01   8.527151e-02
  2.024186e-02  -4.066688e-06   2.459274e+03   9.903473e-01   9.942128e-01   8.580187e-02
  2.020608e-02  -4.650252e-06   2.463816e+03   9.904223e-01   9.941815e-01   8.546304e-02
  2.013183e-02  -4.904601e-06   2.479598e+03   9.931038e-01   9.954491e-01   8.617114e-02
  2.003618e-02   2.700237e-06   2.497314e+03   9.954472e-01   9.960977e-01   8.609149e-02
  1.965345e-02   3.635083e-06   2.554501e+03   9.987919e-01   9.970512e-01   8.803601e-02
  1.918206e-02  -1.290367e-05   2.607085e+03   9.949030e-01   9.950547e-01   8.943475e-02
  2.011094e-02  -5.394172e-06   2.483154e+03   9.934963e-01   9.949630e-01   8.581746e-02
  2.022940e-02  -8.558921e-06   2.463104e+03   9.912790e-01   9.944226e-01   8.596188e-02
  2.022167e-02  -1.633296e-06   2.460027e+03   9.896622e-01   9.939054e-01   8.588239e-02
  2.026457e-02  -1.852070e-06   2.453463e+03   9.891156e-01   9.935836e-01   8.605577e-02
  2.008585e-02   1.617834e-06   2.479833e+03   9.909294e-01   9.942128e-01   8.563734e-02
  1.999230e-02  -1.834471e-06   2.494978e+03   9.923379e-01   9.942582e-01   8.556552e-02
  1.993555e-02   6.404121e-06   2.507560e+03   9.945113e-01   9.947627e-01   8.682657e-02
  1.912649e-02   4.042059e-06   2.610478e+03   9.933118e-01   9.939184e-01   8.783611e-02
  2.011694e-02   1.624814e-06   2.476366e+03   9.910761e-01   9.935843e-01   8.528929e-02
  2.019530e-02   6.162370e-06   2.464801e+03   9.902900e-01   9.938547e-01   8.538617e-02
  2.020365e-02   8.798469e-06   2.463755e+03   9.902790e-01   9.941718e-01   8.559343e-02
  2.019784e-02   1.176086e-05   2.463990e+03   9.900884e-01   9.940136e-01   8.545093e-02
  2.006650e-02   8.906723e-06   2.487270e+03   9.929440e-01   9.953977e-01   8.571833e-02
  1.995156e-02   1.714028e-06   2.508064e+03   9.955100e-01   9.960497e-01   8.553345e-02
  1.977182e-02  -1.320807e-05   2.540762e+03   9.994036e-01   9.974525e-01   8.788053e-02
  1.914252e-02   3.004999e-05   2.609784e+03   9.938793e-01   9.946175e-01   8.864068e-02
  2.014253e-02   1.525763e-05   2.476077e+03   9.922209e-01   9.942344e-01   8.554867e-02
  2.025083e-02   1.242053e-05   2.457611e+03   9.901163e-01   9.937144e-01   8.578843e-02
  2.027067e-02   5.091160e-06   2.450234e+03   9.881113e-01   9.928427e-01   8.579875e-02
  2.027838e-02   4.684899e-06   2.449039e+03   9.880047e-01   9.928222e-01   8.603540e-02
  2.008858e-02   4.336893e-06   2.479390e+03   9.908873e-01   9.940991e-01   8.554644e-02
  2.002890e-02   2.817906e-07   2.490713e+03   9.924554e-01   9.942413e-01   8.570012e-02
  1.989680e-02   5.888202e-06   2.515159e+03   9.955865e-01   9.951801e-01   8.710633e-02
  1.906572e-02   3.055252e-05   2.618342e+03   9.931383e-01   9.940057e-01   8.857888e-02
  2.015625e-02   4.137385e-06   2.472336e+03   9.913964e-01   9.936682e-01   8.563092e-02
  2.023466e-02   4.284591e-07   2.460377e+03   9.904391e-01   9.939020e-01   8.575591e-02
  2.021266e-02  -1.258632e-05   2.461491e+03   9.898104e-01   9.938882e-01   8.569387e-02
  2.021153e-02  -1.331516e-05   2.460910e+03   9.895211e-01   9.937197e-01   8.572403e-02
  2.003154e-02  -1.875952e-05   2.490193e+03   9.923788e-01   9.950648e-01   8.544773e-02
  1.991514e-02  -1.475646e-05   2.511089e+03   9.948915e-01   9.957810e-01   8.525912e-02
  1.973098e-02  -1.742351e-05   2.544250e+03   9.987084e-01   9.975210e-01   8.693286e-02
  1.915522e-02   5.267501e-06   2.603944e+03   9.923135e-01   9.934864e-01   8.857228e-02
  2.017968e-02  -1.057827e-05   2.466802e+03   9.903272e-01   9.931561e-01   8.562634e-02
  2.024372e-02  -7.423101e-06   2.456114e+03   9.891657e-01   9.932420e-01   8.568612e-02
  2.027642e-02  -8.214271e-06   2.447452e+03   9.872692e-01   9.924758e-01   8.570228e-02
  2.027400e-02  -9.066437e-06   2.448507e+03   9.875770e-01   9.927334e-01   8.593852e-02
  2.011992e-02  -1.090848e-05   2.474719e+03   9.905631e-01   9.940215e-01   8.553598e-02
  2.003241e-02  -4.397764e-06   2.490791e+03   9.926600e-01   9.943976e-01   8.556251e-02
  1.983154e-02  -1.476356e-05   2.525229e+03   9.962935e-01   9.958215e-01   8.812989e-02
  1.910080e-02  -2.598223e-05   2.614941e+03   9.936728e-01   9.939980e-01   8.961884e-02
  2.018629e-02  -9.977806e-06   2.471674e+03   9.926084e-01   9.943170e-01   8.597037e-02
  2.029827e-02  -6.345715e-06   2.454632e+03   9.912324e-01   9.944128e-01   8.622463e-02
  2.022467e-02   2.258495e-06   2.459808e+03   9.897210e-01   9.939085e-01   8.584951e-02
  2.022185e-02   2.380687e-06   2.459912e+03   9.896247e-01   9.938660e-01   8.579176e-02
  2.003446e-02   2.349236e-06   2.489018e+03   9.920551e-01   9.948737e-01   8.527273e-02
  1.991875e-02   9.595775e-07   2.507750e+03   9.937485e-01   9.950137e-01   8.512274e-02
  1.974550e-02  -1.087881e-05   2.538254e+03   9.970876e-01   9.963101e-01   8.737249e-02
  1.905570e-02  -5.439726e-06   2.614857e+03   9.912952e-01   9.924324e-01   8.724729e-02
  2.019932e-02   5.342771e-06   2.460594e+03   9.887961e-01   9.922206e-01   8.554901e-02
  2.025471e-02   5.278193e-06   2.454304e+03   9.889731e-01   9.929740e-01   8.570044e-02
  2.028330e-02   1.125347e-05   2.447756e+03   9.877270e-01   9.927287e-01   8.538362e-02
  2.027834e-02   1.324234e-05   2.450240e+03   9.884874e-01   9.931974e-01   8.576676e-02
  2.016037e-02   1.293240e-05   2.470874e+03   9.910127e-01   9.942275e-01   8.551065e-02
  2.004206e-02   6.134872e-06   2.492594e+03   9.938574e-01   9.951592e-01   8.544176e-02
  1.945904e-02   3.649007e-06   2.576792e+03   9.975412e-01   9.966396e-01   8.811729e-02
  1.913042e-02   3.570920e-06   2.612740e+03   9.943765e-01   9.943615e-01   8.868442e-02
  2.019113e-02   2.837326e-06   2.471416e+03   9.927425e-01   9.944592e-01   8.622019e-02
  2.030782e-02   2.401190e-06   2.454760e+03   9.917506e-01   9.947046e-01   8.638752e-02
  2.023712e-02   3.045576e-06   2.459319e+03   9.901332e-01   9.941089e-01   8.576120e-02
  2.022867e-02   6.551201e-06   2.461448e+03   9.905771e-01   9.943289e-01   8.579194e-02
  2.007765e-02   4.823439e-06   2.483686e+03   9.920642e-01   9.948359e-01   8.529305e-02
  2.000677e-02   2.708012e-06   2.495087e+03   9.930998e-01   9.947534e-01   8.544897e-02
  1.962993e-02  -1.835020e-05   2.550195e+03   9.959151e-01   9.957540e-01   8.736895e-02
  1.806388e-02  -7.680384e-06   2.891205e+03   1.039011e+00   1.021138e+00   8.807406e-02
  2.014707e-02  -1.928350e-06   2.509530e+03   1.005853e+00   1.002554e+00   9.647231e-02
  2.021628e-02  -2.328474e-06   2.494627e+03   1.003314e+00   1.001748e+00   9.698436e-02
  2.030153e-02   2.042933e-06   2.442327e+03   9.864220e-01   9.918804e-01   1.019169e-01
  2.041874e-02   8.072975e-07   2.420419e+03   9.832178e-01   9.899462e-01   1.026612e-01
  2.016422e-02   4.577335e-06   2.461545e+03   9.874595e-01   9.920323e-01   1.009307e-01
  1.999852e-02   4.566997e-06   2.497679e+03   9.937213e-01   9.950602e-01   9.851160e-02
  2.073378e-02   1.377779e-05   2.404874e+03   9.919754e-01   9.930352e-01   1.000593e-01
  1.803414e-02  -1.138493e-06   2.790232e+03   1.001073e+00   9.978502e-01   1.028297e-01
  2.051960e-02  -1.583116e-07   2.433435e+03   9.933879e-01   9.951107e-01   1.017786e-01
  2.053663e-02  -3.260167e-07   2.437223e+03   9.957599e-01   9.973452e-01   1.007128e-01
  2.043576e-02   2.101631e-07   2.412088e+03   9.806500e-01   9.886194e-01   1.052572e-01
  2.048087e-02  -1.981666e-08   2.386750e+03   9.724908e-01   9.835572e-01   1.090945e-01
  2.042479e-02   9.309594e-07   2.378625e+03   9.665265e-01   9.795019e-01   1.116993e-01
  2.032878e-02   1.309904e-06   2.401987e+03   9.714314e-01   9.817823e-01   1.100028e-01
  1.853783e-02   2.239670e-06   2.673702e+03   9.860574e-01   9.892646e-01   1.063496e-01
  1.910058e-02  -1.996403e-05   2.530489e+03   9.615703e-01   9.741293e-01   1.169918e-01
  2.040907e-02  -4.099692e-06   2.395074e+03   9.724614e-01   9.827313e-01   1.113264e-01
  2.047002e-02  -4.445566e-06   2.393585e+03   9.747594e-01   9.848580e-01   1.096061e-01
  2.017784e-02   9.501874e-07   2.462104e+03   9.883512e-01   9.933147e-01   1.021505e-01
  2.001781e-02   1.476048e-06   2.494639e+03   9.934693e-01   9.961384e-01   9.987095e-02
  1.984155e-02   4.959859e-06   2.520535e+03   9.949437e-01   9.963964e-01   9.892847e-02
  1.982688e-02   3.791944e-06   2.507399e+03   9.890266e-01   9.920388e-01   1.013736e-01
  2.073714e-02   1.041563e-05   2.429390e+03   1.002250e+00   9.990732e-01   9.507646e-02
  1.861095e-02   2.818443e-06   2.586689e+03   9.577297e-01   9.727695e-01   1.234786e-01
  2.040710e-02  -1.029827e-06   2.392863e+03   9.714696e-01   9.823606e-01   1.130483e-01
  2.055336e-02  -1.228189e-06   2.362618e+03   9.660654e-01   9.799928e-01   1.150342e-01
  2.028434e-02  -3.377037e-07   2.433997e+03   9.822248e-01   9.898332e-01   1.051126e-01
  2.025663e-02   8.576361e-08   2.455801e+03   9.896702e-01   9.940884e-01   1.020395e-01
  2.011367e-02   2.012812e-07   2.500100e+03   1.000412e+00   9.999233e-01   9.757376e-02
  1.993139e-02   6.229319e-08   2.539592e+03   1.007005e+00   1.002867e+00   9.549606e-02
  1.859290e-02  -4.500687e-06   2.692130e+03   9.958023e-01   9.954601e-01   1.035391e-01
  1.826447e-02  -1.578036e-05   2.807860e+03   1.020264e+00   1.009468e+00   9.145188e-02
  1.941510e-02  -3.234821e-06   2.670734e+03   1.031574e+00   1.018152e+00   8.726705e-02
  1.958563e-02  -4.201655e-06   2.626245e+03   1.023300e+00   1.014051e+00   9.029149e-02
  1.979310e-02   1.069238e-06   2.572791e+03   1.013091e+00   1.008357e+00   9.172090e-02
  1.995051e-02  -8.078928e-07   2.531360e+03   1.004704e+00   1.003084e+00   9.487506e-02
  1.976417e-02   3.143713e-06   2.552273e+03   1.003543e+00   1.001737e+00   9.469009e-02
  1.966671e-02   2.517236e-06   2.581020e+03   1.009842e+00   1.004621e+00   9.236827e-02
  2.094823e-02   5.528772e-06   2.390760e+03   9.963533e-01   9.957659e-01   9.704580e-02
  1.826227e-02   5.012865e-06   2.923480e+03   1.062148e+00   1.035162e+00   7.600319e-02
  1.993815e-02  -1.493767e-06   2.606501e+03   1.033886e+00   1.019643e+00   8.332505e-02
  1.992204e-02  -1.379428e-07   2.622146e+03   1.039252e+00   1.023787e+00   8.146252e-02
  2.009465e-02  -1.330240e-06   2.552360e+03   1.020358e+00   1.012835e+00   8.759645e-02
  2.002812e-02  -5.830117e-07   2.549445e+03   1.015818e+00   1.009736e+00   8.991956e-02
  2.026163e-02  -2.591257e-06   2.491269e+03   1.004211e+00   1.002217e+00   9.517959e-02
  2.031341e-02  -2.180464e-06   2.458331e+03   9.934664e-01   9.949345e-01   1.000464e-01
  1.847407e-02  -1.159311e-05   2.752764e+03   1.011723e+00   1.005230e+00   9.963112e-02
  1.930969e-02  -1.133362e-05   2.546670e+03   9.783140e-01   9.838045e-01   1.032861e-01
  2.086390e-02  -2.092442e-06   2.265233e+03   9.402398e-01   9.630912e-01   1.236462e-01
  2.076472e-02  -2.779741e-06   2.296524e+03   9.486964e-01   9.688838e-01   1.190084e-01
  2.070239e-02  -3.876288e-07   2.311091e+03   9.518483e-01   9.714157e-01   1.166753e-01
  2.044269e-02  -4.249645e-07   2.374879e+03   9.658501e-01   9.796034e-01   1.105610e-01
  2.008155e-02  -3.295544e-08   2.448246e+03   9.780981e-01   9.865123e-01   1.050049e-01
  1.988862e-02   4.195239e-07   2.485958e+03   9.836227e-01   9.889140e-01   1.029555e-01
  2.055241e-02  -8.122435e-07   2.473541e+03   1.011375e+00   1.004656e+00   9.000155e-02
  2.086315e-02   5.181885e-06   2.171773e+03   9.014143e-01   9.389810e-01   1.458253e-01
  2.036585e-02  -1.032733e-06   2.304929e+03   9.338784e-01   9.588667e-01   1.297984e-01
  2.049235e-02  -6.977528e-07   2.279594e+03   9.293500e-01   9.570630e-01   1.309219e-01
  2.047966e-02  -1.763196e-06   2.326720e+03   9.479750e-01   9.688037e-01   1.211823e-01
  2.046047e-02  -1.255345e-06   2.355793e+03   9.589212e-01   9.754017e-01   1.159253e-01
  2.045860e-02  -1.927221e-06   2.386294e+03   9.712477e-01   9.825485e-01   1.104892e-01
  2.022709e-02  -1.617466e-06   2.451096e+03   9.863338e-01   9.907104e-01   1.046019e-01
  1.935617e-02  -8.513741e-06   2.533103e+03   9.754445e-01   9.840673e-01   1.168656e-01
  1.891343e-02   3.431101e-06   2.659308e+03   1.000620e+00   9.959912e-01   9.861570e-02
  1.903090e-02   2.378641e-06   2.748930e+03   1.040766e+00   1.022361e+00   8.410872e-02
  1.915595e-02   1.268346e-06   2.714124e+03   1.034341e+00   1.019260e+00   8.600999e-02
  1.933837e-02   3.551575e-07   2.687128e+03   1.033805e+00   1.019722e+00   8.448885e-02
  1.953302e-02  -7.332847e-07   2.633934e+03   1.023539e+00   1.013736e+00   8.827617e-02
  1.949415e-02  -2.450278e-06   2.617800e+03   1.015245e+00   1.008537e+00   9.132305e-02
  1.966873e-02  -3.086403e-06   2.564446e+03   1.003460e+00   1.000789e+00   9.565202e-02
  2.022198e-02  -1.213110e-05   2.456514e+03   9.882642e-01   9.898003e-01   1.003938e-01
  1.938314e-02  -3.319118e-06   2.814493e+03   1.085312e+00   1.048506e+00   6.460977e-02
  1.929988e-02  -3.092003e-06   2.745130e+03   1.054017e+00   1.030679e+00   7.401518e-02
  1.944198e-02  -2.977079e-06   2.713968e+03   1.049725e+00   1.028804e+00   7.525420e-02
  1.984370e-02  -1.124788e-06   2.617559e+03   1.033354e+00   1.019586e+00   8.149751e-02
  1.997312e-02  -7.654328e-07   2.559844e+03   1.017161e+00   1.009987e+00   8.809068e-02
  2.015934e-02   4.849044e-08   2.519271e+03   1.010372e+00   1.005750e+00   9.157709e-02
  2.011332e-02  -4.709886e-07   2.505619e+03   1.002603e+00   1.000392e+00   9.592514e-02
  1.947456e-02   4.831826e-07   2.589878e+03   1.003407e+00   1.001137e+00   1.043059e-01
  1.978883e-02   1.542593e-05   2.569491e+03   1.011573e+00   1.003410e+00   8.972350e-02
  2.031484e-02   4.760942e-06   2.412227e+03   9.749036e-01   9.834646e-01   1.058611e-01
  2.038945e-02   5.021751e-06   2.404710e+03   9.754352e-01   9.844945e-01   1.051176e-01
  2.047223e-02   4.042996e-07   2.377807e+03   9.684385e-01   9.807970e-01   1.082724e-01
  2.030658e-02   8.760961e-07   2.416309e+03   9.761563e-01   9.855873e-01   1.057113e-01
  2.016725e-02  -3.332448e-06   2.436057e+03   9.773819e-01   9.860213e-01   1.062973e-01
  1.995511e-02  -2.508755e-06   2.486980e+03   9.873166e-01   9.912187e-01   1.026306e-01
  1.934189e-02  -1.206286e-05   2.593905e+03   9.981206e-01   9.962341e-01   9.740172e-02
  2.185856e-02  -8.745911e-06   2.155824e+03   9.374866e-01   9.601790e-01   1.220979e-01
  2.020141e-02  -3.057969e-06   2.354606e+03   9.463027e-01   9.663463e-01   1.190850e-01
  2.017972e-02  -2.320217e-06   2.373211e+03   9.527559e-01   9.711483e-01   1.155103e-01
  2.042388e-02  -9.400838e-07   2.362880e+03   9.600858e-01   9.758892e-01   1.132086e-01
  2.022098e-02  -5.118688e-07   2.437842e+03   9.807039e-01   9.884345e-01   1.043769e-01
  2.008248e-02  -1.452683e-06   2.484719e+03   9.927154e-01   9.952959e-01   9.889524e-02
  1.994193e-02   6.349956e-07   2.530443e+03   1.003908e+00   1.001418e+00   9.471489e-02
  1.977521e-02  -3.930947e-07   2.594080e+03   1.020551e+00   1.012072e+00   9.629077e-02
  2.018975e-02   1.701044e-05   2.425575e+03   9.742624e-01   9.820016e-01   1.109282e-01
  1.989254e-02   3.971479e-06   2.490105e+03   9.854579e-01   9.900046e-01   1.038412e-01
  1.998006e-02   4.115960e-06   2.477925e+03   9.849518e-01   9.905101e-01   1.034144e-01
  2.007888e-02   1.682787e-07   2.474162e+03   9.883206e-01   9.930093e-01   1.016234e-01
  2.022546e-02   7.147768e-08   2.447964e+03   9.849941e-01   9.911358e-01   1.028510e-01
  2.020588e-02  -1.722430e-06   2.472271e+03   9.938113e-01   9.959471e-01   1.003576e-01
  2.016460e-02  -2.999243e-06   2.479202e+03   9.945613e-01   9.956096e-01   9.975840e-02
  1.883281e-02  -1.075018e-05   2.664332e+03   9.982369e-01   9.959446e-01   9.848538e-02
  2.093829e-02  -1.352714e-05   2.462507e+03   1.025767e+00   1.013578e+00   8.574752e-02
  1.933959e-02  -3.090746e-06   2.665337e+03   1.025486e+00   1.014059e+00   8.546322e-02
  1.948972e-02  -3.568911e-06   2.625744e+03   1.018095e+00   1.010432e+00   8.778927e-02
  1.979468e-02  -1.000477e-06   2.576590e+03   1.014668e+00   1.008876e+00   8.954690e-02
  1.997962e-02  -1.384848e-06   2.516409e+03   1.000227e+00   1.000180e+00   9.567311e-02
  2.003344e-02  -1.540360e-08   2.479304e+03   9.881333e-01   9.926796e-01   9.923930e-02
  2.013558e-02  -9.157629e-07   2.431681e+03   9.740941e-01   9.833594e-01   1.057930e-01
  2.143047e-02   2.060276e-06   2.253181e+03   9.606337e-01   9.765816e-01   1.188013e-01
  1.973501e-02   9.144217e-06   2.616656e+03   1.027340e+00   1.014780e+00   8.778751e-02
  1.991914e-02   6.899885e-07   2.565482e+03   1.016646e+00   1.008722e+00   8.946689e-02
  2.006824e-02   2.082560e-06   2.536507e+03   1.012687e+00   1.007271e+00   9.047191e-02
  2.014773e-02   3.422700e-07   2.515932e+03   1.008452e+00   1.005041e+00   9.259498e-02
  2.002240e-02   5.245147e-07   2.536492e+03   1.010369e+00   1.006232e+00   9.238677e-02
  2.023367e-02   1.443784e-07   2.493491e+03   1.003720e+00   1.001906e+00   9.709673e-02
  2.015204e-02   3.869198e-07   2.484172e+03   9.959349e-01   9.963470e-01   1.005451e-01
  1.826555e-02   1.292536e-06   2.729578e+03   9.918780e-01   9.920747e-01   1.071971e-01
  2.130800e-02  -1.012925e-05   2.345815e+03   9.944124e-01   9.952643e-01   9.920518e-02
  2.006474e-02  -2.566916e-06   2.449976e+03   9.779697e-01   9.856964e-01   1.044573e-01
  2.017112e-02  -1.681658e-06   2.440368e+03   9.792995e-01   9.872421e-01   1.032875e-01
  2.035924e-02  -7.700689e-07   2.405368e+03   9.742567e-01   9.845734e-01   1.055658e-01
  2.031340e-02   1.376707e-07   2.428155e+03   9.812716e-01   9.888381e-01   1.024556e-01
  1.993056e-02  -3.037846e-06   2.502026e+03   9.920679e-01   9.949989e-01   9.678499e-02
  1.961223e-02  -1.493708e-06   2.593624e+03   1.011962e+00   1.005977e+00   8.959629e-02
  2.065478e-02  -4.782380e-06   2.499973e+03   1.027273e+00   1.015620e+00   8.791295e-02
  2.063626e-02   2.435418e-06   2.332386e+03   9.575501e-01   9.739652e-01   1.222031e-01
  2.023110e-02   3.042973e-08   2.417371e+03   9.729554e-01   9.829041e-01   1.095405e-01
  2.033977e-02   1.369881e-07   2.397581e+03   9.701737e-01   9.818770e-01   1.098942e-01
  2.044275e-02  -9.709067e-07   2.394235e+03   9.737245e-01   9.843012e-01   1.084498e-01
  2.056605e-02  -2.124859e-07   2.371889e+03   9.704552e-01   9.823496e-01   1.099195e-01
  2.079547e-02   9.261953e-07   2.348956e+03   9.717932e-01   9.829073e-01   1.102493e-01
  2.068300e-02   2.131283e-06   2.381602e+03   9.799702e-01   9.865856e-01   1.061995e-01
  1.839868e-02   6.521220e-06   2.692090e+03   9.853859e-01   9.891633e-01   1.092994e-01
  2.016024e-02   1.815000e-06   2.509837e+03   1.006633e+00   1.002555e+00   9.705883e-02
  1.963168e-02   1.257996e-06   2.591757e+03   1.012236e+00   1.006131e+00   9.216057e-02
  1.978619e-02   8.203466e-07   2.555317e+03   1.005859e+00   1.003130e+00   9.419884e-02
  1.993357e-02   1.372390e-06   2.533434e+03   1.004673e+00   1.002692e+00   9.411355e-02
  1.988559e-02   7.651418e-08   2.534026e+03   1.002489e+00   1.001391e+00   9.539803e-02
  1.970380e-02  -8.224437e-07   2.549605e+03   9.994318e-01   9.992239e-01   9.562406e-02
  1.985352e-02  -1.758390e-06   2.488145e+03   9.827506e-01   9.883414e-01   1.026029e-01
  2.099480e-02  -7.218055e-06   2.342701e+03   9.784953e-01   9.858422e-01   1.072678e-01
  1.935638e-02  -2.926386e-06   2.731629e+03   1.051903e+00   1.030570e+00   8.240528e-02
  2.008321e-02  -1.612871e-06   2.544716e+03   1.016723e+00   1.009080e+00   8.940026e-02
  2.003757e-02  -1.195466e-06   2.555145e+03   1.018570e+00   1.010847e+00   8.803611e-02
  2.028935e-02  -1.558342e-06   2.481391e+03   1.001598e+00   1.000938e+00   9.549815e-02
  2.028725e-02  -2.538940e-07   2.485193e+03   1.003029e+00   1.001803e+00   9.512846e-02
  2.059348e-02   2.267804e-07   2.427509e+03   9.945366e-01   9.964337e-01   9.981780e-02
  2.053979e-02   1.420428e-06   2.416148e+03   9.873013e-01   9.912725e-01   1.033638e-01
  1.859374e-02   4.973829e-06   2.628378e+03   9.722655e-01   9.825934e-01   1.187500e-01
  2.057398e-02   1.191274e-05   2.380505e+03   9.743554e-01   9.827423e-01   1.092540e-01
  2.044327e-02   4.497894e-06   2.397228e+03   9.749665e-01   9.838910e-01   1.066341e-01
  2.035382e-02   5.095193e-06   2.429073e+03   9.835958e-01   9.898199e-01   1.021905e-01
  2.015946e-02   1.775824e-06   2.460470e+03   9.867955e-01   9.920619e-01   1.011375e-01
  2.015092e-02   8.065329e-07   2.471876e+03   9.909496e-01   9.945461e-01   9.948864e-02
  1.992089e-02  -1.527328e-06   2.503640e+03   9.922267e-01   9.948755e-01   9.907436e-02
  1.968280e-02  -1.700583e-06   2.569864e+03   1.006299e+00   1.002462e+00   9.404658e-02
  2.003948e-02  -8.496774e-06   2.554754e+03   1.018511e+00   1.009445e+00   9.178727e-02
  2.058268e-02  -2.611664e-06   2.287485e+03   9.366782e-01   9.615420e-01   1.352322e-01
  2.018249e-02  -2.748601e-06   2.427324e+03   9.746142e-01   9.835679e-01   1.082961e-01
  2.047802e-02  -2.035857e-06   2.365321e+03   9.636251e-01   9.780123e-01   1.119053e-01
  2.035505e-02  -9.530174e-07   2.435567e+03   9.862850e-01   9.918324e-01   1.022130e-01
  2.037833e-02  -1.211126e-06   2.429479e+03   9.849447e-01   9.910765e-01   1.025608e-01
  2.039002e-02  -5.528696e-08   2.460167e+03   9.979584e-01   9.985164e-01   9.735995e-02
  2.031027e-02  -9.454172e-07   2.484312e+03   1.003811e+00   1.001345e+00   9.514970e-02
  1.825802e-02   2.217105e-06   2.829917e+03   1.027916e+00   1.015769e+00   9.404316e-02
  1.892806e-02   1.202794e-05   2.707843e+03   1.019670e+00   1.009134e+00   9.529566e-02
  1.992500e-02   5.158229e-06   2.541055e+03   1.007263e+00   1.003175e+00   9.427983e-02
  2.005998e-02   4.311505e-06   2.498345e+03   9.970411e-01   9.977302e-01   9.816748e-02
  2.025231e-02   2.006528e-06   2.454720e+03   9.890237e-01   9.935479e-01   1.003696e-01
  2.019667e-02   7.986367e-07   2.457898e+03   9.875830e-01   9.925866e-01   1.015297e-01
  2.021992e-02  -4.570681e-07   2.455268e+03   9.876624e-01   9.921625e-01   1.022705e-01
  2.030965e-02  -2.259148e-06   2.418827e+03   9.773216e-01   9.851683e-01   1.074429e-01
  2.020027e-02  -6.867724e-06   2.409851e+03   9.684506e-01   9.780273e-01   1.116588e-01
  1.918707e-02   9.333861e-07   2.734689e+03   1.043871e+00   1.025003e+00   8.540762e-02
  1.993872e-02  -1.467927e-06   2.547946e+03   1.010690e+00   1.005040e+00   9.113677e-02
  1.986159e-02   3.452907e-07   2.574592e+03   1.017308e+00   1.010051e+00   8.797134e-02
  2.025816e-02  -1.108534e-06   2.469201e+03   9.951455e-01   9.972112e-01   9.807910e-02
  2.026707e-02  -6.074477e-07   2.468880e+03   9.954536e-01   9.974470e-01   9.747057e-02
  2.045801e-02  -3.310178e-06   2.410885e+03   9.812284e-01   9.885549e-01   1.039801e-01
  2.034490e-02  -2.651528e-06   2.418260e+03   9.787881e-01   9.862281e-01   1.057930e-01
  1.970342e-02  -5.792509e-06   2.434527e+03   9.543031e-01   9.720802e-01   1.262217e-01
  1.952542e-02   5.764339e-06   2.545444e+03   9.887669e-01   9.918099e-01   1.044069e-01
  2.027679e-02   1.638253e-06   2.449265e+03   9.880183e-01   9.916934e-01   1.007584e-01
  2.031065e-02   2.249244e-06   2.449416e+03   9.897295e-01   9.934876e-01   9.969640e-02
  2.031997e-02   6.423358e-07   2.441977e+03   9.871761e-01   9.924338e-01   1.015775e-01
  2.032780e-02   1.100661e-06   2.443617e+03   9.882200e-01   9.930806e-01   1.013857e-01
  2.032815e-02  -3.540149e-07   2.447997e+03   9.900085e-01   9.936450e-01   1.031380e-01
  1.996992e-02  -1.026318e-06   2.534772e+03   1.007037e+00   1.002857e+00   9.699340e-02
  1.869369e-02  -4.497927e-06   2.746881e+03   1.021562e+00   1.009182e+00   9.299405e-02
  1.987149e-02   5.637933e-06   2.451269e+03   9.690619e-01   9.809960e-01   1.178072e-01
  2.016372e-02   1.789760e-06   2.445027e+03   9.808088e-01   9.873873e-01   1.044524e-01
  2.036425e-02   1.039256e-06   2.400908e+03   9.726892e-01   9.832810e-01   1.072738e-01
  2.033911e-02  -1.394976e-06   2.427377e+03   9.821984e-01   9.894342e-01   1.041045e-01
  2.035634e-02  -5.935294e-07   2.415056e+03   9.780410e-01   9.870283e-01   1.052154e-01
  2.027409e-02  -3.710935e-06   2.440283e+03   9.842641e-01   9.904743e-01   1.025551e-01
  2.024228e-02  -3.247471e-06   2.456280e+03   9.891618e-01   9.924645e-01   1.005524e-01
  1.933365e-02  -5.726634e-06   2.608022e+03   1.003125e+00   1.000784e+00   1.012090e-01
  1.933997e-02   1.252496e-06   2.512007e+03   9.665109e-01   9.789815e-01   1.171678e-01
  2.025047e-02   1.142759e-06   2.429755e+03   9.788763e-01   9.865155e-01   1.056608e-01
  2.020921e-02   1.319337e-06   2.452922e+03   9.861960e-01   9.914059e-01   1.025006e-01
  2.008125e-02   6.256961e-07   2.502709e+03   9.998414e-01   9.998792e-01   9.712078e-02
  1.999686e-02   3.693708e-07   2.528877e+03   1.006050e+00   1.003672e+00   9.546865e-02
  2.005032e-02   1.364539e-06   2.531296e+03   1.009705e+00   1.005430e+00   9.628997e-02
  2.015091e-02   1.821053e-06   2.495892e+03   1.000577e+00   9.989702e-01   1.003203e-01
  1.899324e-02   6.792331e-06   2.614855e+03   9.880450e-01   9.893941e-01   1.063133e-01
  1.904042e-02   5.026174e-06   2.651951e+03   1.004552e+00   1.001950e+00   1.037163e-01
  1.993130e-02   2.010574e-06   2.539871e+03   1.007111e+00   1.003112e+00   9.444712e-02
  2.000610e-02   1.163679e-06   2.533615e+03   1.008401e+00   1.004641e+00   9.291186e-02
  2.009329e-02  -7.218553e-07   2.521243e+03   1.007850e+00   1.004724e+00   9.293021e-02
  2.006146e-02   1.185803e-07   2.531678e+03   1.010418e+00   1.006298e+00   9.112476e-02
  1.990937e-02  -2.450062e-06   2.563204e+03   1.015245e+00   1.008799e+00   8.953020e-02
  2.001151e-02  -3.093465e-06   2.524106e+03   1.004888e+00   1.001770e+00   9.402205e-02
  1.944218e-02  -8.292597e-06   2.611610e+03   1.010144e+00   1.004365e+00   9.778173e-02
  1.813839e-02   3.982911e-07   2.865493e+03   1.034018e+00   1.018994e+00   8.956111e-02
  2.015154e-02   1.011140e-06   2.523717e+03   1.011764e+00   1.005899e+00   9.187659e-02
  2.037083e-02   2.018947e-07   2.465044e+03   9.989953e-01   9.991263e-01   9.647569e-02
  2.062211e-02   3.841334e-07   2.388925e+03   9.800898e-01   9.881317e-01   1.040607e-01
  2.057967e-02   3.425313e-07   2.387899e+03   9.776528e-01   9.866025e-01   1.054786e-01
  2.064670e-02   3.515467e-06   2.374050e+03   9.751482e-01   9.846725e-01   1.084952e-01
  2.051837e-02   3.261232e-06   2.396694e+03   9.783304e-01   9.857942e-01   1.080040e-01
  1.869505e-02   1.347620e-05   2.673742e+03   9.944347e-01   9.931571e-01   1.017354e-01
  1.883206e-02   4.287842e-06   2.688226e+03   1.007149e+00   1.003391e+00   1.003175e-01
  2.046945e-02   1.198308e-06   2.411386e+03   9.819809e-01   9.881298e-01   1.045368e-01
  2.052814e-02   1.692435e-06   2.399674e+03   9.800133e-01   9.877512e-01   1.050072e-01
  2.044091e-02   8.150791e-07   2.393683e+03   9.734127e-01   9.841121e-01   1.083492e-01
  2.053867e-02   2.627338e-07   2.369615e+03   9.682338e-01   9.809410e-01   1.097273e-01
  2.039351e-02   6.848770e-07   2.385079e+03   9.676650e-01   9.801285e-01   1.107991e-01
  2.011982e-02  -1.043177e-07   2.457786e+03   9.837808e-01   9.891532e-01   1.044603e-01
  2.011943e-02   2.342714e-06   2.443030e+03   9.778555e-01   9.845605e-01   1.098270e-01
  1.881835e-02  -5.963411e-06   2.559101e+03   9.580744e-01   9.737471e-01   1.226327e-01
  2.051575e-02   4.843805e-07   2.378591e+03   9.708169e-01   9.814248e-01   1.109858e-01
  2.055288e-02  -4.289980e-07   2.391943e+03   9.780335e-01   9.866575e-01   1.073699e-01
  2.026139e-02  -2.593752e-07   2.444214e+03   9.852321e-01   9.912295e-01   1.036432e-01
  2.030995e-02   8.206350e-07   2.434438e+03   9.836437e-01   9.902513e-01   1.047264e-01
  2.018138e-02   2.869832e-06   2.458539e+03   9.870933e-01   9.918391e-01   1.045586e-01
  2.004446e-02   3.315872e-06   2.497714e+03   9.960177e-01   9.964400e-01   1.010387e-01
  1.849502e-02   1.635965e-05   2.701483e+03   9.940018e-01   9.931978e-01   1.023092e-01
  1.938920e-02  -1.588422e-06   2.484567e+03   9.583867e-01   9.737117e-01   1.245572e-01
  2.013162e-02   3.291460e-07   2.485843e+03   9.955948e-01   9.962270e-01   1.014577e-01
  2.025470e-02   1.082271e-07   2.466898e+03   9.940474e-01   9.961848e-01   1.012280e-01
  1.998916e-02   9.213330e-07   2.531507e+03   1.006709e+00   1.004058e+00   9.463844e-02
  1.995283e-02   6.960407e-07   2.539053e+03   1.007875e+00   1.004730e+00   9.375919e-02
  1.980216e-02   2.346805e-06   2.564736e+03   1.010381e+00   1.005802e+00   9.279187e-02
  1.993245e-02   3.532920e-06   2.519596e+03   9.991294e-01   9.983058e-01   9.706422e-02
  2.006112e-02   9.313799e-06   2.524861e+03   1.007680e+00   1.002435e+00   9.466216e-02
  1.793856e-02  -4.442482e-06   2.817853e+03   1.005625e+00   1.001356e+00   1.043170e-01
  2.023126e-02   4.085267e-07   2.496061e+03   1.004635e+00   1.001894e+00   9.704951e-02
  2.034792e-02  -4.663945e-07   2.470101e+03   9.999189e-01   9.997242e-01   9.878284e-02
  2.015382e-02   5.035589e-07   2.508969e+03   1.005965e+00   1.003521e+00   9.425763e-02
  1.998890e-02  -6.031772e-08   2.551445e+03   1.014624e+00   1.008707e+00   9.130320e-02
  1.985121e-02   3.282164e-06   2.577097e+03   1.017766e+00   1.010294e+00   9.052577e-02
  1.991009e-02   3.155394e-06   2.544677e+03   1.007943e+00   1.003517e+00   9.473360e-02
  1.863633e-02   1.430137e-05   2.713115e+03   1.005909e+00   1.000885e+00   9.630759e-02
  1.893059e-02   2.795479e-05   2.654665e+03   9.997788e-01   9.975438e-01   1.163416e-01
  2.007891e-02   1.181552e-05   2.491564e+03   9.952731e-01   9.959551e-01   1.162580e-01
  2.020267e-02   1.166137e-05   2.469820e+03   9.926684e-01   9.951729e-01   1.167504e-01
  2.023067e-02   5.018924e-06   2.458847e+03   9.896282e-01   9.938432e-01   1.156114e-01
  2.025610e-02   3.229739e-06   2.457066e+03   9.901542e-01   9.940062e-01   1.160623e-01
  2.024220e-02   7.175821e-06   2.458829e+03   9.901847e-01   9.937009e-01   1.154384e-01
  2.013691e-02   1.256341e-05   2.474893e+03   9.914697e-01   9.937483e-01   1.153132e-01
  1.923660e-02   8.466487e-06   2.595623e+03   9.933449e-01   9.943005e-01   1.186549e-01
  1.923892e-02  -3.891527e-06   2.605489e+03   9.972410e-01   9.963438e-01   1.199022e-01
  2.012579e-02  -2.415223e-07   2.484956e+03   9.949514e-01   9.957818e-01   1.162974e-01
  2.020903e-02   2.539051e-06   2.470170e+03   9.931217e-01   9.955162e-01   1.160377e-01
  2.023276e-02  -8.059875e-06   2.463817e+03   9.917302e-01   9.950330e-01   1.160210e-01
  2.022542e-02  -1.960531e-05   2.461442e+03   9.904152e-01   9.943138e-01   1.156780e-01
  2.015649e-02  -2.231562e-05   2.472089e+03   9.913092e-01   9.944801e-01   1.151690e-01
  2.010510e-02  -1.834536e-05   2.482680e+03   9.930181e-01   9.947163e-01   1.153344e-01
  1.946887e-02  -2.156504e-05   2.571296e+03   9.959168e-01   9.958924e-01   1.198288e-01
  1.911359e-02  -3.610993e-05   2.624972e+03   9.981529e-01   9.960089e-01   1.182553e-01
  2.011409e-02  -1.683405e-05   2.485193e+03   9.944677e-01   9.954915e-01   1.166374e-01
  2.020469e-02  -1.320507e-05   2.469528e+03   9.926501e-01   9.952129e-01   1.165137e-01
  2.025915e-02  -5.670586e-06   2.455852e+03   9.898137e-01   9.938767e-01   1.156870e-01
  2.021924e-02  -1.192821e-06   2.461991e+03   9.903334e-01   9.942725e-01   1.154444e-01
  2.021725e-02   1.012263e-06   2.461405e+03   9.900003e-01   9.936569e-01   1.149190e-01
  2.016335e-02  -5.727029e-06   2.471434e+03   9.913836e-01   9.937364e-01   1.154559e-01
  1.900363e-02   3.619918e-05   2.626800e+03   9.931017e-01   9.942589e-01   1.182503e-01
  1.949203e-02  -7.823909e-05   2.578032e+03   9.997134e-01   9.980424e-01   1.162601e-01
  1.998479e-02  -3.933956e-05   2.506376e+03   9.964969e-01   9.967609e-01   1.157265e-01
  2.011787e-02  -3.854628e-05   2.483482e+03   9.939699e-01   9.960040e-01   1.158750e-01
  2.017632e-02  -1.394995e-05   2.472966e+03   9.926365e-01   9.956572e-01   1.156334e-01
  2.025783e-02  -4.399620e-06   2.458633e+03   9.908701e-01   9.944771e-01   1.159353e-01
  2.028609e-02  -1.087767e-06   2.452493e+03   9.897745e-01   9.936679e-01   1.158979e-01
  2.022387e-02   4.219231e-06   2.462457e+03   9.907479e-01   9.933276e-01   1.158006e-01
  1.941025e-02  -1.208052e-05   2.571138e+03   9.928568e-01   9.941141e-01   1.213048e-01
  1.914381e-02  -3.923457e-05   2.615247e+03   9.960273e-01   9.955214e-01   1.180565e-01
  2.012926e-02   1.204954e-05   2.480679e+03   9.934099e-01   9.949153e-01   1.165998e-01
  2.020727e-02   5.855527e-06   2.467906e+03   9.921252e-01   9.949453e-01   1.159524e-01
  2.025196e-02   1.286277e-05   2.457670e+03   9.901949e-01   9.940667e-01   1.153740e-01
  2.027204e-02   3.530394e-06   2.456510e+03   9.907090e-01   9.943893e-01   1.157618e-01
  2.027758e-02   1.267868e-05   2.455897e+03   9.907327e-01   9.939421e-01   1.158070e-01
  2.014928e-02   1.854272e-05   2.476471e+03   9.927110e-01   9.944217e-01   1.153801e-01
  1.893393e-02   2.333548e-05   2.640245e+03   9.945238e-01   9.949101e-01   1.192388e-01
  1.992743e-02   4.558280e-05   2.523869e+03   1.000572e+00   9.987997e-01   1.187798e-01
  1.995592e-02   5.650117e-05   2.510055e+03   9.965178e-01   9.967968e-01   1.166754e-01
  2.000799e-02   5.001444e-05   2.496707e+03   9.938051e-01   9.960895e-01   1.163403e-01
  2.021378e-02   3.859824e-05   2.468031e+03   9.924949e-01   9.956412e-01   1.163037e-01
  2.022147e-02   2.663010e-05   2.463277e+03   9.909599e-01   9.946970e-01   1.156506e-01
  2.036454e-02   1.060342e-05   2.443377e+03   9.899091e-01   9.935485e-01   1.164943e-01
  2.026491e-02  -3.438148e-07   2.455935e+03   9.901288e-01   9.929969e-01   1.159306e-01
  1.923908e-02  -6.173539e-06   2.591543e+03   9.919111e-01   9.934938e-01   1.204078e-01
  1.927714e-02  -1.044129e-05   2.595940e+03   9.955596e-01   9.950212e-01   1.204372e-01
  2.019330e-02  -2.031699e-05   2.472817e+03   9.934119e-01   9.948715e-01   1.167585e-01
  2.029571e-02  -1.166156e-05   2.455272e+03   9.913658e-01   9.944799e-01   1.165471e-01
  2.029952e-02  -1.293207e-05   2.451919e+03   9.901980e-01   9.942011e-01   1.161441e-01
  2.024937e-02  -2.018550e-06   2.459615e+03   9.908521e-01   9.945331e-01   1.155184e-01
  2.020275e-02   4.995742e-06   2.466387e+03   9.912924e-01   9.944985e-01   1.154994e-01
  2.010390e-02   2.511651e-06   2.483359e+03   9.932304e-01   9.948405e-01   1.153330e-01
  1.906805e-02   2.921003e-05   2.623201e+03   9.951031e-01   9.952656e-01   1.192560e-01
  1.995111e-02  -9.512165e-05   2.522688e+03   1.001292e+00   9.989254e-01   1.165836e-01
  1.990599e-02  -7.287881e-05   2.515979e+03   9.963708e-01   9.968938e-01   1.167063e-01
  2.001867e-02  -6.715995e-05   2.495820e+03   9.939821e-01   9.962332e-01   1.168703e-01
  2.022289e-02  -5.891708e-05   2.466183e+03   9.921988e-01   9.954619e-01   1.167721e-01
  2.024941e-02  -4.147422e-05   2.457895e+03   9.901611e-01   9.941815e-01   1.161635e-01
  2.028779e-02  -3.135635e-05   2.454569e+03   9.906953e-01   9.941893e-01   1.157109e-01
  2.024915e-02  -1.344438e-05   2.459672e+03   9.908642e-01   9.933420e-01   1.158628e-01
  1.917229e-02  -1.514928e-05   2.601743e+03   9.923588e-01   9.934155e-01   1.202015e-01
  1.941088e-02  -7.531077e-05   2.575765e+03   9.946760e-01   9.948031e-01   1.195942e-01
  2.014824e-02   3.604216e-06   2.478144e+03   9.933306e-01   9.948730e-01   1.163205e-01
  2.028649e-02   1.820790e-06   2.454387e+03   9.905584e-01   9.939179e-01   1.166618e-01
  2.024564e-02   1.436279e-05   2.458854e+03   9.903629e-01   9.942057e-01   1.158974e-01
  2.027064e-02   8.205324e-06   2.456191e+03   9.905120e-01   9.943578e-01   1.160048e-01
  2.019761e-02   1.178296e-05   2.467790e+03   9.916041e-01   9.945809e-01   1.159668e-01
  2.014391e-02   7.092251e-06   2.477584e+03   9.928927e-01   9.944790e-01   1.161681e-01
  1.911258e-02  -1.185839e-05   2.616567e+03   9.949047e-01   9.947431e-01   1.198441e-01
  1.993011e-02   8.924052e-05   2.523062e+03   1.000386e+00   9.981934e-01   1.175779e-01
  1.995145e-02   6.761198e-05   2.510765e+03   9.965766e-01   9.969334e-01   1.167968e-01
  2.006347e-02   6.304907e-05   2.490969e+03   9.942705e-01   9.963094e-01   1.166067e-01
  2.020777e-02   4.718880e-05   2.467345e+03   9.919241e-01   9.952810e-01   1.166249e-01
  2.020457e-02   3.100266e-05   2.461523e+03   9.894264e-01   9.938127e-01   1.159809e-01
  2.023587e-02   2.163231e-05   2.460631e+03   9.906007e-01   9.941186e-01   1.156930e-01
  2.015652e-02   7.562064e-06   2.471793e+03   9.911920e-01   9.935765e-01   1.152993e-01
  1.890700e-02   2.304068e-05   2.639235e+03   9.927292e-01   9.940217e-01   1.171273e-01
  1.949917e-02   3.058358e-05   2.566981e+03   9.957927e-01   9.959034e-01   1.197922e-01
  2.008445e-02   1.693922e-05   2.487543e+03   9.939412e-01   9.951688e-01   1.154945e-01
  2.014910e-02   9.258578e-06   2.473809e+03   9.916353e-01   9.946675e-01   1.151238e-01
  2.023520e-02   1.721370e-06   2.461336e+03   9.908515e-01   9.944128e-01   1.160450e-01
  2.020846e-02   3.019716e-06   2.464528e+03   9.908255e-01   9.946421e-01   1.155348e-01
  2.024893e-02  -4.811599e-06   2.462873e+03   9.921429e-01   9.949420e-01   1.167405e-01
  2.012975e-02  -1.701676e-06   2.479286e+03   9.928765e-01   9.947021e-01   1.159791e-01
  1.932724e-02  -3.303967e-05   2.587214e+03   9.947921e-01   9.949627e-01   1.215765e-01
  1.975127e-02  -6.182894e-06   2.540091e+03   9.981010e-01   9.968993e-01   1.166718e-01
  2.005029e-02  -2.850760e-05   2.495253e+03   9.953264e-01   9.960446e-01   1.169165e-01
  2.013659e-02  -2.313753e-05   2.479121e+03   9.931478e-01   9.955773e-01   1.165351e-01
  2.023903e-02  -2.880265e-05   2.462400e+03   9.914672e-01   9.949184e-01   1.164167e-01
  2.027167e-02  -9.578466e-06   2.453458e+03   9.894601e-01   9.936165e-01   1.163233e-01
  2.024480e-02  -1.101403e-06   2.459167e+03   9.904476e-01   9.938878e-01   1.163420e-01
  2.016623e-02   8.916546e-06   2.470691e+03   9.912277e-01   9.935312e-01   1.160986e-01
  1.938533e-02   6.711970e-05   2.575352e+03   9.932072e-01   9.930812e-01   1.188460e-01
  1.965815e-02  -2.507820e-05   2.546300e+03   9.958237e-01   9.966970e-01   1.183712e-01
  1.996229e-02  -1.970540e-05   2.499895e+03   9.928011e-01   9.946500e-01   1.144843e-01
  2.006271e-02  -1.548074e-05   2.483870e+03   9.913996e-01   9.944848e-01   1.145103e-01
  2.022607e-02  -1.176639e-05   2.460990e+03   9.902654e-01   9.942138e-01   1.158518e-01
  2.021468e-02  -7.818530e-06   2.462719e+03   9.904027e-01   9.942344e-01   1.158481e-01
  2.017906e-02  -2.313238e-06   2.471250e+03   9.920823e-01   9.950902e-01   1.159935e-01
  2.014537e-02   3.960670e-06   2.479055e+03   9.935543e-01   9.949214e-01   1.165680e-01
  1.907664e-02  -1.060729e-05   2.624546e+03   9.960619e-01   9.957977e-01   1.182351e-01
  1.992696e-02   4.038380e-05   2.512429e+03   9.960131e-01   9.950814e-01   1.207306e-01
  2.017776e-02   2.746859e-05   2.475374e+03   9.936742e-01   9.950596e-01   1.169539e-01
  2.027444e-02   2.796980e-05   2.457813e+03   9.913522e-01   9.943920e-01   1.169357e-01
  2.022274e-02   1.820404e-05   2.462378e+03   9.906607e-01   9.943221e-01   1.160879e-01
  2.028836e-02  -5.782679e-07   2.452928e+03   9.900609e-01   9.940569e-01   1.162609e-01
  2.012679e-02   3.245902e-08   2.475327e+03   9.911452e-01   9.944565e-01   1.157727e-01
  2.008638e-02  -1.011954e-05   2.480924e+03   9.913918e-01   9.937085e-01   1.159623e-01
  1.923454e-02   1.299787e-05   2.597116e+03   9.938103e-01   9.948024e-01   1.165301e-01
  1.995721e-02   7.389902e-05   2.505342e+03   9.947112e-01   9.958385e-01   1.182736e-01
  2.001771e-02   3.274739e-05   2.490704e+03   9.918972e-01   9.938961e-01   1.151261e-01
  2.004983e-02   2.761609e-05   2.483020e+03   9.904237e-01   9.939120e-01   1.144490e-01
  2.022410e-02   2.202993e-05   2.460204e+03   9.898528e-01   9.940240e-01   1.157236e-01
  2.019588e-02   1.800502e-05   2.464355e+03   9.901391e-01   9.941823e-01   1.153281e-01
  2.025853e-02  -2.306631e-06   2.460980e+03   9.918501e-01   9.946674e-01   1.168882e-01
  2.010493e-02  -1.191682e-05   2.486590e+03   9.945735e-01   9.955603e-01   1.160563e-01
  1.920104e-02  -5.359534e-05   2.609910e+03   9.969664e-01   9.960253e-01   1.204205e-01
  1.981574e-02   4.933704e-05   2.523589e+03   9.948533e-01   9.953581e-01   1.209694e-01
  2.014411e-02   2.260998e-06   2.477876e+03   9.930196e-01   9.946983e-01   1.160907e-01
  2.024766e-02   2.387002e-06   2.460389e+03   9.910800e-01   9.943508e-01   1.159996e-01
  2.025166e-02  -2.178550e-06   2.458820e+03   9.906438e-01   9.945216e-01   1.162536e-01
  2.023033e-02   6.409541e-06   2.461826e+03   9.908099e-01   9.945276e-01   1.158966e-01
  2.022187e-02   1.809534e-05   2.466505e+03   9.922784e-01   9.949895e-01   1.166124e-01
  2.011379e-02   3.175005e-05   2.480842e+03   9.927115e-01   9.944648e-01   1.161351e-01
  1.939182e-02   6.234785e-05   2.578572e+03   9.947821e-01   9.945755e-01   1.171722e-01
  2.006397e-02  -1.710151e-05   2.490103e+03   9.939496e-01   9.949505e-01   1.197746e-01
  2.000214e-02  -2.231561e-05   2.491439e+03   9.914183e-01   9.937357e-01   1.147257e-01
  2.007937e-02  -2.006330e-05   2.477816e+03   9.898043e-01   9.935369e-01   1.149411e-01
  2.020432e-02  -2.147548e-05   2.462890e+03   9.899639e-01   9.940696e-01   1.153102e-01
  2.021300e-02  -2.351427e-05   2.461650e+03   9.898907e-01   9.939653e-01   1.155145e-01
  2.015277e-02  -2.159322e-05   2.473758e+03   9.917954e-01   9.947245e-01   1.153539e-01
  2.007469e-02  -8.472553e-06   2.489746e+03   9.943379e-01   9.954843e-01   1.158726e-01
  1.916629e-02  -1.687583e-05   2.615516e+03   9.972991e-01   9.963183e-01   1.182012e-01
  1.963955e-02  -2.401644e-06   2.547905e+03   9.955085e-01   9.956467e-01   1.207221e-01
  2.010487e-02   9.021298e-06   2.483467e+03   9.933212e-01   9.947857e-01   1.155389e-01
  2.021295e-02  -3.166206e-06   2.465974e+03   9.916269e-01   9.945817e-01   1.154057e-01
  2.022753e-02   3.145476e-06   2.461159e+03   9.904048e-01   9.943796e-01   1.156469e-01
  2.024453e-02  -1.554021e-06   2.459023e+03   9.903767e-01   9.942314e-01   1.158941e-01
  2.017697e-02   5.892692e-06   2.471468e+03   9.920670e-01   9.947931e-01   1.160619e-01
  2.015048e-02  -4.524215e-06   2.477839e+03   9.933191e-01   9.948407e-01   1.167169e-01
  1.943187e-02   5.819316e-06   2.573252e+03   9.947801e-01   9.942590e-01   1.184267e-01
  1.999744e-02   8.696291e-05   2.498944e+03   9.941706e-01   9.949937e-01   1.197191e-01
  2.003171e-02   2.697304e-05   2.487996e+03   9.915117e-01   9.938094e-01   1.146495e-01
  2.008254e-02   2.765835e-05   2.477730e+03   9.899260e-01   9.936645e-01   1.146203e-01
  2.022466e-02   6.944324e-06   2.460381e+03   9.899513e-01   9.938747e-01   1.154601e-01
  2.017945e-02   8.097747e-06   2.465531e+03   9.898056e-01   9.939260e-01   1.150003e-01
  2.016187e-02  -2.783882e-06   2.472962e+03   9.919238e-01   9.948364e-01   1.156917e-01
  2.005567e-02  -1.405779e-05   2.491682e+03   9.941687e-01   9.953114e-01   1.158951e-01
  1.926187e-02  -9.601114e-06   2.602310e+03   9.972119e-01   9.964923e-01   1.175620e-01
  1.936408e-02  -9.942567e-07   2.585608e+03   9.960696e-01   9.963981e-01   1.182542e-01
  2.006177e-02  -1.124072e-05   2.487771e+03   9.929097e-01   9.945434e-01   1.147725e-01
  2.009559e-02   3.313384e-06   2.480148e+03   9.915364e-01   9.946421e-01   1.140741e-01
  2.021674e-02   1.220606e-06   2.459969e+03   9.893978e-01   9.937070e-01   1.150768e-01
  2.025647e-02   4.087850e-07   2.456661e+03   9.900090e-01   9.940284e-01   1.156965e-01
  2.021123e-02  -3.902731e-06   2.467006e+03   9.919579e-01   9.947989e-01   1.161180e-01
  2.013468e-02   2.912798e-06   2.481468e+03   9.939935e-01   9.952481e-01   1.164715e-01
  1.960271e-02  -1.422980e-05   2.552015e+03   9.952439e-01   9.949507e-01   1.195053e-01
  1.977437e-02  -5.690130e-05   2.522824e+03   9.924754e-01   9.945033e-01   1.211513e-01
  2.011290e-02  -2.756414e-05   2.477083e+03   9.911636e-01   9.935497e-01   1.150981e-01
  2.024036e-02  -2.769016e-05   2.458074e+03   9.897908e-01   9.934819e-01   1.158868e-01
  2.022986e-02  -4.907035e-06   2.458572e+03   9.894774e-01   9.936752e-01   1.156276e-01
  2.023182e-02  -4.792707e-06   2.458008e+03   9.893464e-01   9.936316e-01   1.156390e-01
  2.012166e-02   1.074126e-05   2.478905e+03   9.923246e-01   9.951169e-01   1.155477e-01
  2.006210e-02   2.018929e-05   2.491504e+03   9.944162e-01   9.954425e-01   1.161433e-01
  1.973648e-02   6.336254e-05   2.542540e+03   9.983155e-01   9.967017e-01   1.178817e-01
  1.933368e-02  -1.743374e-05   2.587372e+03   9.951841e-01   9.957413e-01   1.195357e-01
  2.007896e-02  -3.744767e-06   2.480702e+03   9.909366e-01   9.933916e-01   1.144584e-01
  2.012902e-02  -1.693968e-05   2.472379e+03   9.900744e-01   9.937031e-01   1.142207e-01
  2.030222e-02  -4.203750e-06   2.445258e+03   9.876394e-01   9.926269e-01   1.156146e-01
  2.023948e-02  -5.864339e-06   2.456352e+03   9.890541e-01   9.934118e-01   1.152599e-01
  2.026279e-02  -3.166389e-07   2.458475e+03   9.910491e-01   9.942737e-01   1.166330e-01
  2.011194e-02  -1.148480e-05   2.484599e+03   9.941235e-01   9.953126e-01   1.161668e-01
  1.956723e-02  -1.394193e-05   2.560979e+03   9.969319e-01   9.961585e-01   1.189034e-01
  1.954229e-02   4.531328e-05   2.554724e+03   9.932296e-01   9.940159e-01   1.216045e-01
  2.016443e-02   1.641183e-05   2.473084e+03   9.920988e-01   9.940298e-01   1.154626e-01
  2.024568e-02   2.030227e-05   2.459545e+03   9.906433e-01   9.941390e-01   1.157060e-01
  2.024068e-02   1.466886e-06   2.458687e+03   9.900531e-01   9.939755e-01   1.158818e-01
  2.022441e-02   4.139500e-06   2.460099e+03   9.898254e-01   9.938446e-01   1.155446e-01
  2.014081e-02  -6.316819e-06   2.476803e+03   9.924267e-01   9.951394e-01   1.161801e-01
  2.002793e-02  -1.663126e-05   2.494115e+03   9.937627e-01   9.951247e-01   1.160599e-01
  1.998913e-02  -2.601223e-05   2.508710e+03   9.976415e-01   9.969743e-01   1.198390e-01
  1.905793e-02   1.314218e-05   2.622795e+03   9.944208e-01   9.949936e-01   1.181914e-01
  2.009170e-02   3.882184e-06   2.475749e+03   9.895858e-01   9.926769e-01   1.142286e-01
  2.020333e-02   1.238306e-05   2.461221e+03   9.892448e-01   9.931626e-01   1.151012e-01
  2.033879e-02   1.389312e-06   2.438494e+03   9.866814e-01   9.919801e-01   1.158445e-01
  2.022871e-02  -8.892800e-08   2.457275e+03   9.888993e-01   9.934097e-01   1.152030e-01
  2.018552e-02  -1.056833e-05   2.467666e+03   9.909609e-01   9.940845e-01   1.158326e-01
  2.007237e-02   3.346962e-06   2.488905e+03   9.938875e-01   9.951134e-01   1.159532e-01
  1.967321e-02  -2.059754e-05   2.547757e+03   9.971566e-01   9.964670e-01   1.193180e-01
  1.913064e-02  -1.478604e-05   2.611057e+03   9.937470e-01   9.945755e-01   1.192917e-01
  2.010423e-02  -8.715278e-06   2.481100e+03   9.923432e-01   9.943428e-01   1.150948e-01
  2.024813e-02  -1.543971e-05   2.460374e+03   9.910971e-01   9.942880e-01   1.159176e-01
  2.018793e-02  -1.334105e-05   2.468087e+03   9.912480e-01   9.946733e-01   1.155540e-01
  2.023401e-02  -1.390824e-05   2.460650e+03   9.905170e-01   9.942642e-01   1.158267e-01
  2.006642e-02  -1.004537e-05   2.485947e+03   9.924118e-01   9.950093e-01   1.153653e-01
  1.997301e-02  -3.042303e-07   2.500094e+03   9.934132e-01   9.948743e-01   1.150993e-01
  2.004178e-02   2.530987e-05   2.503746e+03   9.982899e-01   9.974313e-01   1.171232e-01
  1.893837e-02  -1.770544e-05   2.638564e+03   9.941236e-01   9.948735e-01   1.192452e-01
  2.015056e-02  -1.152928e-05   2.468819e+03   9.897067e-01   9.927531e-01   1.146950e-01
  2.019585e-02  -1.126238e-05   2.462993e+03   9.895904e-01   9.934417e-01   1.147978e-01
  2.025552e-02   1.521935e-07   2.450092e+03   9.873157e-01   9.923906e-01   1.147818e-01
  2.021998e-02   2.913646e-06   2.460032e+03   9.895818e-01   9.937266e-01   1.150310e-01
  2.011385e-02   4.247459e-07   2.478066e+03   9.916038e-01   9.945099e-01   1.152039e-01
  1.999926e-02  -4.976819e-06   2.499165e+03   9.943494e-01   9.954324e-01   1.154676e-01
  1.991066e-02  -2.600231e-05   2.520554e+03   9.984167e-01   9.976113e-01   1.201615e-01
  1.903077e-02   4.415713e-06   2.629758e+03   9.956400e-01   9.958382e-01   1.190094e-01
  2.012209e-02   7.322666e-06   2.481606e+03   9.934273e-01   9.949219e-01   1.158359e-01
  2.021520e-02   1.168432e-05   2.468292e+03   9.926697e-01   9.952427e-01   1.159394e-01
  2.015343e-02   2.135353e-05   2.475596e+03   9.925649e-01   9.957022e-01   1.153245e-01
  2.020621e-02   2.234036e-05   2.466848e+03   9.916474e-01   9.950576e-01   1.156269e-01
  2.004583e-02   2.296860e-05   2.488813e+03   9.925365e-01   9.950974e-01   1.151929e-01
  2.003020e-02   1.124302e-05   2.493128e+03   9.934820e-01   9.947997e-01   1.155213e-01
  2.021969e-02   1.068780e-06   2.479675e+03   9.974689e-01   9.961256e-01   1.198403e-01
  1.883416e-02   3.884247e-05   2.653114e+03   9.941055e-01   9.946522e-01   1.194540e-01
  2.020717e-02   2.098592e-05   2.462844e+03   9.900851e-01   9.929119e-01   1.154350e-01
  2.025164e-02   1.570201e-05   2.455831e+03   9.894383e-01   9.933011e-01   1.153019e-01
  2.021560e-02   2.000077e-06   2.456323e+03   9.878754e-01   9.929631e-01   1.145856e-01
  2.020257e-02   4.333694e-06   2.463247e+03   9.900216e-01   9.940097e-01   1.150231e-01
  1.998439e-02   1.262175e-06   2.495695e+03   9.922307e-01   9.949453e-01   1.141588e-01
  1.988649e-02  -5.682283e-06   2.514856e+03   9.949505e-01   9.958132e-01   1.144797e-01
  1.967509e-02  -2.246636e-06   2.555207e+03   1.000168e+00   9.983101e-01   1.163997e-01
  1.909057e-02   4.098841e-05   2.623365e+03   9.963404e-01   9.956644e-01   1.200203e-01
  2.011575e-02  -3.772565e-06   2.483471e+03   9.938605e-01   9.951021e-01   1.162691e-01
  2.013874e-02  -4.106525e-06   2.478768e+03   9.931126e-01   9.955912e-01   1.155619e-01
  2.019082e-02  -2.089901e-05   2.469478e+03   9.919489e-01   9.951790e-01   1.157063e-01
  2.017897e-02  -1.993158e-05   2.469636e+03   9.914297e-01   9.950291e-01   1.153757e-01
  2.007990e-02  -2.515057e-05   2.483890e+03   9.922568e-01   9.948935e-01   1.149992e-01
  2.001699e-02  -1.837962e-05   2.495024e+03   9.935816e-01   9.949384e-01   1.147917e-01
  1.983142e-02  -3.050277e-05   2.526735e+03   9.968817e-01   9.964963e-01   1.185578e-01
  1.880701e-02  -1.050501e-05   2.654918e+03   9.933471e-01   9.936927e-01   1.205952e-01
  2.023778e-02  -2.152619e-05   2.460949e+03   9.908217e-01   9.933783e-01   1.159940e-01
  2.033974e-02  -1.554331e-05   2.445861e+03   9.897083e-01   9.934957e-01   1.162688e-01
  2.023876e-02  -1.219392e-05   2.456595e+03   9.891167e-01   9.935186e-01   1.151553e-01
  2.019521e-02  -1.442676e-05   2.464501e+03   9.901651e-01   9.941802e-01   1.151289e-01
  2.001696e-02  -1.355477e-05   2.492450e+03   9.925555e-01   9.950418e-01   1.144680e-01
  1.985864e-02  -2.941536e-06   2.518839e+03   9.951306e-01   9.959109e-01   1.139372e-01
  1.956987e-02  -3.038081e-05   2.570411e+03   1.000738e+00   9.989208e-01   1.159749e-01
  1.896719e-02  -3.376605e-05   2.644432e+03   9.978505e-01   9.967124e-01   1.187613e-01
  2.008116e-02  -9.168203e-06   2.489726e+03   9.946501e-01   9.955863e-01   1.161436e-01
  2.017235e-02  -8.446500e-06   2.473690e+03   9.927318e-01   9.952332e-01   1.163355e-01
  2.022700e-02   5.197545e-06   2.460541e+03   9.901298e-01   9.941131e-01   1.158543e-01
  2.025378e-02   2.632857e-06   2.457832e+03   9.903495e-01   9.942153e-01   1.161862e-01
  2.015668e-02   4.088156e-06   2.471876e+03   9.912329e-01   9.944233e-01   1.150307e-01
  2.002832e-02   1.307501e-06   2.491750e+03   9.928400e-01   9.945583e-01   1.144507e-01
  1.944938e-02   5.130530e-06   2.572945e+03   9.955575e-01   9.962024e-01   1.177413e-01
  1.892700e-02  -4.263853e-05   2.640139e+03   9.941195e-01   9.941615e-01   1.199455e-01
  2.019913e-02   1.049584e-06   2.469972e+03   9.925552e-01   9.943910e-01   1.162822e-01
  2.032005e-02  -1.757689e-06   2.452046e+03   9.912509e-01   9.944338e-01   1.163174e-01
  2.020923e-02   1.631976e-05   2.463650e+03   9.905099e-01   9.944246e-01   1.154029e-01
  2.026136e-02   2.586610e-05   2.455598e+03   9.898196e-01   9.939543e-01   1.160741e-01
  2.003754e-02   2.627495e-05   2.489023e+03   9.922099e-01   9.952095e-01   1.144311e-01
  1.995584e-02   1.326971e-05   2.505259e+03   9.946100e-01   9.955933e-01   1.145122e-01
  1.961314e-02  -1.009221e-05   2.560641e+03   9.991392e-01   9.977393e-01   1.188387e-01
  1.749224e-02  -5.973698e-06   2.918215e+03   1.015530e+00   1.004682e+00   1.170608e-01
  2.023487e-02  -2.151781e-06   2.499366e+03   1.006144e+00   1.002933e+00   1.282365e-01
  2.045169e-02  -3.660706e-06   2.456302e+03   9.994040e-01   9.998733e-01   1.308270e-01
  1.997034e-02   3.621066e-06   2.531570e+03   1.005786e+00   1.004009e+00   1.263184e-01
  1.964959e-02  -6.180842e-07   2.599303e+03   1.016110e+00   1.009971e+00   1.216210e-01
  1.922752e-02   5.716258e-06   2.679982e+03   1.025145e+00   1.015173e+00   1.188439e-01
  1.939047e-02   8.277998e-06   2.643396e+03   1.019719e+00   1.011130e+00   1.216610e-01
  2.257940e-02   1.952566e-05   2.245350e+03   1.008618e+00   1.006031e+00   1.378311e-01
  1.484003e-02   5.514403e-06   3.565096e+03   1.052534e+00   1.025643e+00   9.583481e-02
  2.047713e-02   1.491457e-06   2.496237e+03   1.016916e+00   1.009732e+00   1.243523e-01
  2.056776e-02  -1.004339e-06   2.477351e+03   1.013689e+00   1.008726e+00   1.255915e-01
  2.065003e-02  -1.860082e-07   2.397899e+03   9.851031e-01   9.923005e-01   1.397880e-01
  2.081741e-02  -2.202527e-06   2.357205e+03   9.762344e-01   9.869506e-01   1.446471e-01
  2.088703e-02  -1.224433e-06   2.348769e+03   9.759938e-01   9.863021e-01   1.454793e-01
  2.066106e-02   4.361864e-07   2.400056e+03   9.865158e-01   9.918265e-01   1.405496e-01
  1.938975e-02  -1.240277e-06   2.558010e+03   9.867443e-01   9.899995e-01   1.365028e-01
  1.871558e-02  -2.979035e-05   2.710663e+03   1.009273e+00   1.002665e+00   1.199307e-01
  2.041291e-02  -4.591881e-06   2.453268e+03   9.962769e-01   9.983683e-01   1.359171e-01
  2.038825e-02  -3.321507e-06   2.467776e+03   1.000958e+00   1.002123e+00   1.329582e-01
  2.007214e-02  -4.660505e-07   2.469012e+03   9.859322e-01   9.926934e-01   1.367649e-01
  2.017932e-02   4.376204e-06   2.436369e+03   9.780918e-01   9.872944e-01   1.399356e-01
  1.984406e-02   8.657474e-06   2.452008e+03   9.680158e-01   9.808712e-01   1.459062e-01
  1.987912e-02   6.164107e-06   2.439381e+03   9.647323e-01   9.782082e-01   1.485798e-01
  2.362745e-02   1.836999e-05   2.106710e+03   9.902655e-01   9.958853e-01   1.479813e-01
  1.682386e-02   5.753702e-06   2.796233e+03   9.358994e-01   9.581597e-01   1.549595e-01
  2.106415e-02  -1.622569e-06   2.247970e+03   9.420297e-01   9.661394e-01   1.651748e-01
  2.105237e-02  -2.887168e-06   2.258164e+03   9.457724e-01   9.693194e-01   1.630906e-01
  2.069770e-02  -7.037953e-07   2.357932e+03   9.709203e-01   9.842054e-01   1.476864e-01
  2.052654e-02   1.862209e-06   2.411638e+03   9.848230e-01   9.920671e-01   1.403949e-01
  2.066281e-02   3.403602e-06   2.414145e+03   9.923908e-01   9.956102e-01   1.351602e-01
  2.073085e-02   2.824228e-07   2.393975e+03   9.873402e-01   9.916044e-01   1.376089e-01
  1.774513e-02  -7.435469e-06   2.834339e+03   1.000601e+00   9.981871e-01   1.317512e-01
  2.164448e-02  -1.327569e-05   2.173633e+03   9.359738e-01   9.601373e-01   1.572211e-01
  2.099464e-02  -2.980081e-07   2.325220e+03   9.711863e-01   9.832685e-01   1.503199e-01
  2.109557e-02  -3.303360e-06   2.281214e+03   9.573870e-01   9.760894e-01   1.568969e-01
  2.022033e-02   3.465885e-06   2.422286e+03   9.744149e-01   9.859861e-01   1.427533e-01
  2.008168e-02  -1.910287e-06   2.444642e+03   9.766645e-01   9.867621e-01   1.408268e-01
  1.966259e-02   4.868399e-06   2.537077e+03   9.924406e-01   9.958909e-01   1.343930e-01
  1.945895e-02   3.528552e-06   2.605802e+03   1.008767e+00   1.004574e+00   1.270839e-01
  2.442087e-02   4.659422e-06   2.019925e+03   9.813558e-01   9.908381e-01   1.532900e-01
  1.859574e-02   1.260478e-05   2.854739e+03   1.056112e+00   1.030132e+00   9.842187e-02
  1.982387e-02  -5.405012e-07   2.729438e+03   1.076445e+00   1.045432e+00   9.774056e-02
  1.987424e-02   2.574662e-06   2.699311e+03   1.067268e+00   1.040678e+00   1.012058e-01
  1.990772e-02   1.153502e-06   2.647544e+03   1.048564e+00   1.029774e+00   1.076401e-01
  2.021602e-02  -1.389941e-06   2.567210e+03   1.032493e+00   1.019842e+00   1.149727e-01
  2.029461e-02  -3.512618e-06   2.517445e+03   1.016414e+00   1.009487e+00   1.216015e-01
  2.020881e-02  -1.936117e-06   2.516052e+03   1.011557e+00   1.005802e+00   1.248139e-01
  1.674724e-02  -1.012908e-05   2.976688e+03   9.917602e-01   9.921359e-01   1.380654e-01
  2.093664e-02  -2.031610e-05   2.645361e+03   1.101849e+00   1.059878e+00   8.363113e-02
  1.997533e-02  -2.321427e-06   2.610285e+03   1.037318e+00   1.022728e+00   1.182792e-01
  2.004643e-02  -1.279176e-06   2.623047e+03   1.046100e+00   1.028867e+00   1.136255e-01
  1.945139e-02   2.070997e-07   2.637820e+03   1.020765e+00   1.013735e+00   1.210566e-01
  1.957323e-02   1.371605e-06   2.611172e+03   1.016783e+00   1.010798e+00   1.224335e-01
  1.970131e-02  -3.105185e-06   2.569961e+03   1.007284e+00   1.005155e+00   1.279949e-01
  1.991071e-02   1.996472e-07   2.506381e+03   9.928049e-01   9.955402e-01   1.354558e-01
  2.421118e-02  -3.968682e-06   2.135431e+03   1.028565e+00   1.018535e+00   1.274596e-01
  2.137671e-02   8.646302e-06   2.195313e+03   9.336139e-01   9.604962e-01   1.725559e-01
  2.106846e-02  -3.578214e-06   2.129128e+03   8.924109e-01   9.357293e-01   1.938789e-01
  2.096688e-02  -2.053700e-06   2.157239e+03   8.998333e-01   9.409435e-01   1.886780e-01
  2.074210e-02  -3.185770e-06   2.207931e+03   9.111051e-01   9.477274e-01   1.794217e-01
  2.053680e-02   4.018931e-07   2.291253e+03   9.361296e-01   9.624470e-01   1.648204e-01
  2.024857e-02   3.094092e-07   2.373479e+03   9.561146e-01   9.735424e-01   1.516012e-01
  2.003983e-02   1.796572e-06   2.450095e+03   9.768032e-01   9.849665e-01   1.412230e-01
  1.603865e-02  -9.357955e-06   3.134436e+03   1.000132e+00   9.986332e-01   1.406588e-01
  2.497159e-02   7.165547e-06   1.759863e+03   8.742890e-01   9.226249e-01   2.031048e-01
  2.112700e-02   3.614887e-06   2.233273e+03   9.386632e-01   9.616577e-01   1.684624e-01
  2.120151e-02   1.460995e-06   2.213153e+03   9.334873e-01   9.593169e-01   1.707102e-01
  2.056561e-02   4.247953e-07   2.332638e+03   9.543752e-01   9.716770e-01   1.532353e-01
  2.032309e-02  -1.495881e-06   2.390429e+03   9.664865e-01   9.793850e-01   1.468323e-01
  2.032141e-02  -3.189470e-06   2.412444e+03   9.753067e-01   9.852485e-01   1.448056e-01
  2.008423e-02  -5.154871e-06   2.465791e+03   9.852388e-01   9.908630e-01   1.405014e-01
  2.445378e-02  -3.047000e-05   1.996255e+03   9.711632e-01   9.835481e-01   1.523103e-01
  2.448894e-02  -5.698621e-06   2.129063e+03   1.037262e+00   1.020488e+00   1.216573e-01
  1.945561e-02  -3.509291e-06   2.765845e+03   1.070540e+00   1.040033e+00   9.754631e-02
  1.942226e-02  -6.192677e-06   2.751267e+03   1.063072e+00   1.036435e+00   1.002101e-01
  1.953553e-02  -4.620892e-07   2.721521e+03   1.057711e+00   1.033569e+00   1.004784e-01
  1.972382e-02  -1.915570e-06   2.647725e+03   1.038949e+00   1.022583e+00   1.095123e-01
  1.930298e-02   2.696577e-06   2.672649e+03   1.026352e+00   1.014524e+00   1.133135e-01
  1.942427e-02  -1.487777e-06   2.607200e+03   1.007510e+00   1.002690e+00   1.227452e-01
  1.702040e-02   8.552935e-06   2.917230e+03   9.878035e-01   9.925329e-01   1.514548e-01
  2.169552e-02   2.185448e-05   2.569243e+03   1.108933e+00   1.063508e+00   8.620221e-02
  1.972127e-02   6.494364e-06   2.705571e+03   1.061510e+00   1.035635e+00   1.052591e-01
  1.985421e-02   6.590062e-06   2.665288e+03   1.052754e+00   1.031315e+00   1.086409e-01
  1.982056e-02   1.301380e-06   2.615214e+03   1.031225e+00   1.018634e+00   1.155580e-01
  1.999908e-02   2.597707e-06   2.535781e+03   1.008909e+00   1.005852e+00   1.257913e-01
  2.036501e-02  -5.328481e-07   2.462324e+03   9.976079e-01   9.990884e-01   1.341882e-01
  2.035007e-02   6.903875e-08   2.447016e+03   9.906790e-01   9.944403e-01   1.389118e-01
  2.233956e-02  -1.357361e-06   2.222035e+03   9.875422e-01   9.917094e-01   1.379878e-01
  2.549868e-02  -1.265067e-05   1.957000e+03   9.927472e-01   9.988439e-01   1.535688e-01
  1.960903e-02  -4.119424e-06   2.468106e+03   9.628306e-01   9.775836e-01   1.494889e-01
  1.977683e-02  -2.093071e-06   2.455597e+03   9.661488e-01   9.804560e-01   1.468917e-01
  1.997183e-02  -1.603922e-07   2.419007e+03   9.611367e-01   9.772854e-01   1.471723e-01
  1.977979e-02   9.595240e-07   2.492768e+03   9.809203e-01   9.886670e-01   1.368686e-01
  1.922063e-02  -4.240548e-06   2.562584e+03   9.798868e-01   9.869777e-01   1.345237e-01
  1.908000e-02   2.350189e-06   2.615970e+03   9.929815e-01   9.939507e-01   1.284077e-01
  1.882686e-02  -1.105647e-05   2.681157e+03   1.004223e+00   1.004477e+00   1.488526e-01
  2.227541e-02   3.665442e-05   2.092470e+03   9.272893e-01   9.561406e-01   1.796322e-01
  2.042792e-02   5.679395e-06   2.308049e+03   9.379926e-01   9.627630e-01   1.657709e-01
  2.050335e-02   6.680728e-06   2.320083e+03   9.463646e-01   9.687210e-01   1.608740e-01
  2.075245e-02  -1.419120e-06   2.309436e+03   9.534663e-01   9.730908e-01   1.546351e-01
  2.028288e-02  -6.041975e-07   2.417738e+03   9.755936e-01   9.861741e-01   1.431798e-01
  2.061721e-02  -3.686438e-06   2.431091e+03   9.971515e-01   9.987727e-01   1.343661e-01
  2.036623e-02  -4.071870e-06   2.505764e+03   1.015268e+00   1.008774e+00   1.260437e-01
  1.852910e-02  -2.249574e-05   2.822785e+03   1.040548e+00   1.021914e+00   1.081870e-01
  2.574667e-02  -1.260376e-05   1.904727e+03   9.756270e-01   9.888532e-01   1.624813e-01
  1.956914e-02   2.350660e-06   2.530476e+03   9.851540e-01   9.899324e-01   1.349629e-01
  1.972152e-02  -3.073608e-07   2.507492e+03   9.838073e-01   9.902244e-01   1.357851e-01
  1.983011e-02   1.421844e-07   2.500578e+03   9.864970e-01   9.915283e-01   1.319527e-01
  1.976476e-02  -2.322207e-06   2.486063e+03   9.775385e-01   9.864837e-01   1.371480e-01
  1.911856e-02   3.018668e-06   2.584168e+03   9.828923e-01   9.891939e-01   1.332195e-01
  1.896004e-02  -3.092372e-06   2.608331e+03   9.838575e-01   9.890044e-01   1.340660e-01
  2.059046e-02   7.123124e-06   2.397786e+03   9.822151e-01   9.933418e-01   1.671454e-01
  2.040062e-02   1.049438e-05   2.543740e+03   1.032396e+00   1.019970e+00   1.241253e-01
  1.931431e-02  -2.316712e-06   2.697969e+03   1.036684e+00   1.020492e+00   1.115135e-01
  1.934547e-02  -4.590816e-07   2.670669e+03   1.027850e+00   1.016362e+00   1.156223e-01
  2.004400e-02   1.567062e-06   2.574471e+03   1.026603e+00   1.015902e+00   1.163708e-01
  2.019896e-02  -1.382945e-06   2.521868e+03   1.013402e+00   1.008127e+00   1.231689e-01
  2.080349e-02   3.387509e-06   2.403098e+03   9.945756e-01   9.967033e-01   1.343769e-01
  2.095914e-02   5.453594e-07   2.320700e+03   9.676596e-01   9.801728e-01   1.490955e-01
  1.712513e-02   5.234258e-06   2.779192e+03   9.468529e-01   9.621834e-01   1.486538e-01
  2.260278e-02  -6.422448e-06   2.303801e+03   1.035945e+00   1.024856e+00   1.304299e-01
  1.916582e-02  -2.573418e-06   2.652042e+03   1.011202e+00   1.005932e+00   1.227671e-01
  1.937064e-02   1.342118e-06   2.623002e+03   1.010818e+00   1.006718e+00   1.226979e-01
  1.943883e-02  -1.012360e-07   2.596884e+03   1.004275e+00   1.002764e+00   1.241477e-01
  1.934525e-02   1.701125e-06   2.632063e+03   1.012980e+00   1.007719e+00   1.200850e-01
  1.904307e-02  -7.893954e-06   2.678827e+03   1.014873e+00   1.008534e+00   1.190528e-01
  1.897517e-02  -1.614556e-06   2.691849e+03   1.016170e+00   1.007948e+00   1.178183e-01
  2.255823e-02  -9.347357e-06   2.273638e+03   1.020367e+00   1.014505e+00   1.439567e-01
  1.865842e-02  -2.009457e-06   2.604624e+03   9.668299e-01   9.819841e-01   1.634221e-01
  1.972754e-02  -1.602607e-06   2.448166e+03   9.608241e-01   9.756636e-01   1.493131e-01
  1.981462e-02  -1.519943e-06   2.442371e+03   9.627812e-01   9.779788e-01   1.478342e-01
  2.054329e-02  -2.529563e-06   2.352541e+03   9.614739e-01   9.774754e-01   1.490370e-01
  2.053062e-02  -6.795860e-08   2.363853e+03   9.655005e-01   9.798042e-01   1.470769e-01
  2.071503e-02  -1.814037e-06   2.369787e+03   9.766188e-01   9.859049e-01   1.422079e-01
  2.017180e-02   3.139114e-06   2.508045e+03   1.006492e+00   1.002593e+00   1.278466e-01
  1.459772e-02   9.453481e-06   3.518799e+03   1.021903e+00   1.007796e+00   1.121186e-01
  2.219222e-02   2.606461e-06   2.107633e+03   9.305201e-01   9.610806e-01   1.853579e-01
  1.970887e-02   3.038107e-07   2.471607e+03   9.691061e-01   9.804938e-01   1.440895e-01
  1.987237e-02  -1.119957e-06   2.433939e+03   9.622534e-01   9.773146e-01   1.478752e-01
  1.986040e-02   3.305360e-06   2.471141e+03   9.763728e-01   9.855978e-01   1.382886e-01
  1.995792e-02  -3.248873e-07   2.450546e+03   9.729897e-01   9.836309e-01   1.398225e-01
  1.971148e-02   1.826146e-06   2.498310e+03   9.797058e-01   9.876686e-01   1.371112e-01
  1.943627e-02  -8.327672e-07   2.542323e+03   9.830456e-01   9.889988e-01   1.359183e-01
  2.351415e-02  -1.133757e-05   2.131745e+03   9.972284e-01   1.001801e+00   1.517505e-01
  1.771542e-02  -1.194962e-05   2.966897e+03   1.045645e+00   1.026382e+00   1.211354e-01
  1.917827e-02  -3.498672e-06   2.697713e+03   1.029284e+00   1.015599e+00   1.125654e-01
  1.957409e-02  -6.095889e-06   2.617837e+03   1.019423e+00   1.010836e+00   1.171282e-01
  2.030118e-02  -2.616498e-06   2.497025e+03   1.008497e+00   1.004929e+00   1.234218e-01
  2.031659e-02   2.489859e-07   2.485497e+03   1.004602e+00   1.002807e+00   1.262124e-01
  2.019983e-02   1.502656e-06   2.484744e+03   9.985266e-01   9.984811e-01   1.293523e-01
  2.021833e-02   2.989501e-07   2.421762e+03   9.741074e-01   9.834634e-01   1.425691e-01
  1.465555e-02   1.050914e-05   3.270491e+03   9.535535e-01   9.680199e-01   1.502913e-01
  1.839404e-02   1.257095e-05   2.901239e+03   1.061673e+00   1.037067e+00   1.130154e-01
  1.957382e-02   4.886434e-06   2.597096e+03   1.011332e+00   1.005835e+00   1.231442e-01
  1.964159e-02   9.048295e-06   2.618367e+03   1.023145e+00   1.013871e+00   1.174457e-01
  1.998415e-02   2.356234e-06   2.508747e+03   9.974080e-01   9.989059e-01   1.288964e-01
  1.995079e-02   2.683295e-06   2.522017e+03   1.001010e+00   1.000728e+00   1.265526e-01
  2.008619e-02  -2.482080e-07   2.473015e+03   9.882217e-01   9.932818e-01   1.352652e-01
  2.000332e-02   1.651238e-06   2.481765e+03   9.876265e-01   9.918877e-01   1.357118e-01
  2.290734e-02  -8.607949e-07   2.122460e+03   9.672624e-01   9.815599e-01   1.576437e-01
  1.861916e-02  -7.938326e-07   2.515423e+03   9.317539e-01   9.603020e-01   1.865091e-01
  1.984270e-02  -3.439586e-06   2.436351e+03   9.617690e-01   9.758847e-01   1.468237e-01
  1.980459e-02  -1.719881e-06   2.456750e+03   9.679590e-01   9.806902e-01   1.439041e-01
  2.026665e-02   2.853127e-06   2.447545e+03   9.868310e-01   9.926239e-01   1.344285e-01
  2.042139e-02  -1.707744e-06   2.436824e+03   9.900101e-01   9.942622e-01   1.332226e-01
  2.018092e-02   2.113533e-06   2.484897e+03   9.976530e-01   9.978216e-01   1.274774e-01
  1.982114e-02  -1.927232e-06   2.578130e+03   1.016632e+00   1.008557e+00   1.190754e-01
  1.491172e-02  -8.759426e-07   3.513977e+03   1.042454e+00   1.021840e+00   1.098963e-01
  1.947334e-02   1.229511e-05   2.408717e+03   9.331605e-01   9.579757e-01   1.755347e-01
  2.012720e-02   4.899740e-06   2.435043e+03   9.750348e-01   9.839103e-01   1.423529e-01
  2.040046e-02   2.222430e-06   2.354877e+03   9.557365e-01   9.733954e-01   1.520565e-01
  2.022126e-02   2.296185e-06   2.442506e+03   9.825939e-01   9.902347e-01   1.376228e-01
  2.026909e-02   4.707273e-07   2.430272e+03   9.799847e-01   9.886685e-01   1.386317e-01
  2.020455e-02   2.635827e-06   2.490416e+03   1.001040e+00   1.000909e+00   1.303770e-01
  1.993229e-02  -1.281633e-06   2.524000e+03   1.000868e+00   1.000176e+00   1.308956e-01
  2.006937e-02  -4.135205e-06   2.589114e+03   1.033749e+00   1.018888e+00   1.162224e-01
  1.808956e-02  -5.893366e-06   2.905151e+03   1.045507e+00   1.026133e+00   1.238411e-01
  1.971103e-02  -2.163724e-06   2.591914e+03   1.016389e+00   1.008097e+00   1.181746e-01
  1.997581e-02   2.369300e-06   2.540151e+03   1.009472e+00   1.004679e+00   1.209241e-01
  2.032903e-02   9.847112e-07   2.454825e+03   9.928129e-01   9.958975e-01   1.301816e-01
  2.043120e-02  -6.248861e-07   2.437698e+03   9.908408e-01   9.947845e-01   1.319821e-01
  2.013534e-02  -5.545176e-06   2.453344e+03   9.827601e-01   9.894020e-01   1.354705e-01
  2.027509e-02  -3.207290e-06   2.387937e+03   9.631986e-01   9.769610e-01   1.465745e-01
  1.658162e-02  -4.972556e-06   2.829473e+03   9.333891e-01   9.587685e-01   1.734861e-01
  1.767258e-02  -3.269930e-06   2.977056e+03   1.046688e+00   1.026688e+00   1.163729e-01
  1.996736e-02  -2.608492e-06   2.546056e+03   1.011390e+00   1.005859e+00   1.237835e-01
  2.000311e-02  -2.726008e-07   2.564700e+03   1.020621e+00   1.012176e+00   1.188388e-01
  2.031880e-02  -2.361390e-06   2.462771e+03   9.955250e-01   9.981590e-01   1.321166e-01
  2.023350e-02   1.925807e-06   2.478800e+03   9.977980e-01   9.993389e-01   1.303328e-01
  2.053481e-02  -1.122098e-06   2.409838e+03   9.844841e-01   9.913130e-01   1.402055e-01
  2.043073e-02  -1.891048e-06   2.432390e+03   9.886607e-01   9.925360e-01   1.381922e-01
  1.972763e-02  -8.064868e-06   2.470294e+03   9.695135e-01   9.764962e-01   1.362541e-01
  1.813135e-02   6.005911e-06   2.769897e+03   9.991343e-01   1.000958e+00   1.462019e-01
  1.977586e-02   3.283369e-06   2.527786e+03   9.945021e-01   9.956840e-01   1.296386e-01
  1.992371e-02  -9.243128e-07   2.482939e+03   9.841619e-01   9.903283e-01   1.345318e-01
  2.031902e-02  -4.949437e-06   2.416760e+03   9.769367e-01   9.868064e-01   1.388077e-01
  2.058916e-02  -1.018175e-06   2.371845e+03   9.715275e-01   9.835158e-01   1.420007e-01
  2.039519e-02  -5.339342e-06   2.400578e+03   9.740333e-01   9.847095e-01   1.398732e-01
  1.993451e-02  -4.620528e-06   2.509273e+03   9.951388e-01   9.962649e-01   1.302666e-01
  1.741759e-02  -1.892704e-06   2.947779e+03   1.021440e+00   1.011636e+00   1.280283e-01
  1.794116e-02  -9.192641e-07   2.686322e+03   9.588235e-01   9.752996e-01   1.615810e-01
  2.028785e-02   1.562584e-06   2.401287e+03   9.691931e-01   9.811638e-01   1.461003e-01
  2.049507e-02  -3.552530e-07   2.366237e+03   9.648012e-01   9.791368e-01   1.474474e-01
  2.067925e-02  -1.854637e-06   2.373174e+03   9.763254e-01   9.866575e-01   1.428879e-01
  2.060768e-02  -1.410960e-06   2.374793e+03   9.736099e-01   9.847254e-01   1.434149e-01
  2.093102e-02  -8.452855e-07   2.342581e+03   9.754730e-01   9.858229e-01   1.450930e-01
  2.069816e-02   2.630810e-06   2.380720e+03   9.803251e-01   9.879106e-01   1.431802e-01
  1.853521e-02   1.699108e-05   2.657152e+03   9.798146e-01   9.828532e-01   1.280203e-01
  1.802498e-02   5.663415e-06   2.651186e+03   9.507036e-01   9.699932e-01   1.668465e-01
  2.004148e-02   2.793174e-06   2.451725e+03   9.775338e-01   9.849501e-01   1.378504e-01
  2.008189e-02   1.699136e-06   2.478697e+03   9.902804e-01   9.934732e-01   1.314378e-01
  2.004613e-02  -2.892050e-06   2.540333e+03   1.013098e+00   1.007891e+00   1.213760e-01
  2.010170e-02  -6.258485e-07   2.554146e+03   1.021430e+00   1.012699e+00   1.179261e-01
  1.992049e-02  -5.332254e-06   2.595524e+03   1.028620e+00   1.016522e+00   1.151308e-01
  1.985230e-02  -6.259310e-06   2.570168e+03   1.015085e+00   1.007880e+00   1.218647e-01
  1.887810e-02  -2.238758e-05   2.657382e+03   9.980271e-01   9.978867e-01   1.392935e-01
  1.667654e-02   7.593514e-07   3.056000e+03   1.013887e+00   1.005580e+00   1.268089e-01
  1.997083e-02   1.629644e-06   2.569784e+03   1.020993e+00   1.011131e+00   1.195180e-01
  2.020201e-02  -2.660352e-06   2.525050e+03   1.014833e+00   1.008629e+00   1.218293e-01
  2.029029e-02   6.112520e-07   2.498793e+03   1.008669e+00   1.005902e+00   1.269961e-01
  2.020440e-02  -1.916858e-06   2.518731e+03   1.012414e+00   1.008029e+00   1.251858e-01
  2.050685e-02   1.147023e-06   2.488295e+03   1.015152e+00   1.009490e+00   1.264147e-01
  2.065884e-02  -4.653150e-07   2.428543e+03   9.981183e-01   9.986609e-01   1.350169e-01
  1.840854e-02   7.338337e-06   2.770059e+03   1.014468e+00   1.003995e+00   1.127068e-01
  1.612965e-02   7.143394e-06   3.282474e+03   1.053310e+00   1.029196e+00   1.102368e-01
  1.968459e-02   7.463796e-07   2.594472e+03   1.016028e+00   1.008188e+00   1.208817e-01
  2.004216e-02   3.604965e-06   2.506365e+03   9.993534e-01   9.994219e-01   1.280775e-01
  2.033126e-02   7.706573e-07   2.417141e+03   9.776794e-01   9.870393e-01   1.393215e-01
  2.033657e-02  -7.942836e-07   2.410342e+03   9.751838e-01   9.857262e-01   1.410332e-01
  2.029485e-02   1.579003e-06   2.406269e+03   9.715391e-01   9.833532e-01   1.443468e-01
  2.019656e-02  -2.192861e-06   2.431680e+03   9.770437e-01   9.856558e-01   1.420010e-01
  1.960238e-02  -2.262428e-07   2.533540e+03   9.880225e-01   9.923730e-01   1.455191e-01
  1.525704e-02  -1.304887e-05   3.340632e+03   1.013980e+00   1.005300e+00   1.230052e-01
  2.061870e-02   2.048313e-07   2.374234e+03   9.739014e-01   9.839089e-01   1.444592e-01
  2.073763e-02   1.801901e-06   2.365010e+03   9.757133e-01   9.857373e-01   1.427135e-01
  2.090278e-02  -1.311498e-07   2.320284e+03   9.648847e-01   9.801364e-01   1.504395e-01
  2.085467e-02   2.893615e-06   2.313121e+03   9.596918e-01   9.770440e-01   1.526015e-01
  2.112991e-02   1.178106e-06   2.281066e+03   9.588831e-01   9.764004e-01   1.551356e-01
  2.094678e-02  -3.602289e-07   2.356017e+03   9.818063e-01   9.891662e-01   1.440602e-01
  1.965693e-02   1.476392e-05   2.485418e+03   9.719531e-01   9.794250e-01   1.359460e-01
  1.672854e-02  -1.078224e-06   2.825550e+03   9.403534e-01   9.619200e-01   1.620653e-01
  2.035082e-02  -1.094850e-07   2.392752e+03   9.687458e-01   9.801513e-01   1.462591e-01
  2.039782e-02  -7.377261e-08   2.401976e+03   9.747261e-01   9.848051e-01   1.423834e-01
  2.031442e-02  -4.500994e-07   2.431235e+03   9.825657e-01   9.895644e-01   1.370379e-01
  2.041453e-02   2.136012e-06   2.406558e+03   9.773853e-01   9.866727e-01   1.392476e-01
  2.015618e-02   3.904509e-07   2.444257e+03   9.801336e-01   9.879845e-01   1.391574e-01
  1.990542e-02   5.409388e-06   2.498349e+03   9.893606e-01   9.929955e-01   1.359610e-01
  2.118785e-02   2.019136e-05   2.360625e+03   9.950479e-01   9.968858e-01   1.431061e-01
  1.578117e-02  -9.227555e-06   3.000207e+03   9.419344e-01   9.601442e-01   1.519730e-01
  2.067452e-02   9.910530e-07   2.413145e+03   9.925423e-01   9.947664e-01   1.357424e-01
  2.081993e-02   2.016026e-06   2.386746e+03   9.885889e-01   9.933726e-01   1.369905e-01
  2.052330e-02  -8.197200e-07   2.479235e+03   1.012267e+00   1.007833e+00   1.257723e-01
  2.043408e-02  -1.499055e-06   2.508483e+03   1.019756e+00   1.012173e+00   1.222127e-01
  2.070976e-02   2.911420e-06   2.478331e+03   1.021091e+00   1.012873e+00   1.221454e-01
  2.088292e-02   4.006963e-06   2.418879e+03   1.004929e+00   1.002673e+00   1.308008e-01
  1.957748e-02   1.783528e-05   2.600116e+03   1.012697e+00   1.004713e+00   1.195392e-01
