# B2  M_xy  beta  p  rho  v2
  2.000000e-02  -0.000000e+00   2.498286e+03   9.940364e-01   9.940364e-01   1.319733e-01
  2.000000e-02  -0.000000e+00   2.505616e+03   9.969529e-01   9.969529e-01   1.319733e-01
  2.000000e-02  -0.000000e+00   2.510514e+03   9.989020e-01   9.989020e-01   1.319733e-01
  2.000000e-02  -0.000000e+00   2.512967e+03   9.998779e-01   9.998779e-01   1.320763e-01
  1.999300e-02  -0.000000e+00   2.513848e+03   9.998779e-01   9.998779e-01   1.319733e-01
  2.000000e-02  -0.000000e+00   2.510514e+03   9.989020e-01   9.989020e-01   1.319733e-01
  2.000000e-02  -0.000000e+00   2.505616e+03   9.969529e-01   9.969529e-01   1.319219e-01
  2.000000e-02  -0.000000e+00   2.498286e+03   9.940364e-01   9.940364e-01   1.319733e-01
  2.000000e-02  -0.000000e+00   2.498286e+03   9.940364e-01   9.940364e-01   1.317674e-01
  2.000000e-02  -0.000000e+00   2.505616e+03   9.969529e-01   9.969529e-01   1.319733e-01
  2.000000e-02  -0.000000e+00   2.510514e+03   9.989020e-01   9.989020e-01   1.319733e-01
  1.999300e-02  -0.000000e+00   2.513848e+03   9.998779e-01   9.995621e-01   1.319733e-01
  2.000000e-02  -0.000000e+00   2.512967e+03   9.998779e-01   9.995621e-01   1.319733e-01
  2.000000e-02  -0.000000e+00   2.510514e+03   9.989020e-01   9.989020e-01   1.319733e-01
  1.999300e-02  -0.000000e+00   2.506494e+03   9.969529e-01   9.969529e-01   1.319733e-01
  2.000000e-02  -0.000000e+00   2.498286e+03   9.940364e-01   9.940364e-01   1.319733e-01
  2.000000e-02  -0.000000e+00   2.498286e+03   9.940364e-01   9.940364e-01   1.317674e-01
  2.000000e-02  -0.000000e+00   2.505616e+03   9.969529e-01   9.969529e-01   1.319733e-01
  2.000000e-02  -0.000000e+00   2.510514e+03   9.989020e-01   9.989020e-01   1.319733e-01
  2.000000e-02  -0.000000e+00   2.512967e+03   9.998779e-01   9.998779e-01   1.319733e-01
  2.000000e-02  -0.000000e+00   2.512967e+03   9.998779e-01   9.998779e-01   1.319733e-01
  2.000000e-02  -0.000000e+00   2.510514e+03   9.989020e-01   9.989020e-01   1.319733e-01
  2.000000e-02  -0.000000e+00   2.505616e+03   9.969529e-01   9.969529e-01   1.319733e-01
  2.000350e-02  -0.000000e+00   2.497849e+03   9.940364e-01   9.940364e-01   1.317674e-01
  2.000000e-02  -0.000000e+00   2.498286e+03   9.940364e-01   9.940364e-01   1.319733e-01
  2.000000e-02  -0.000000e+00   2.505616e+03   9.969529e-01   9.969529e-01   1.319733e-01
  2.000000e-02  -0.000000e+00   2.510514e+03   9.989020e-01   9.989020e-01   1.319733e-01
  2.000000e-02  -0.000000e+00   2.512967e+03   9.998779e-01   9.998779e-01   1.319733e-01
  2.000000e-02  -0.000000e+00   2.512967e+03   9.998779e-01   9.998779e-01   1.320763e-01
  2.000701e-02  -0.000000e+00   2.509635e+03   9.989020e-01   9.989020e-01   1.319733e-01
  2.000000e-02  -0.000000e+00   2.505616e+03   9.969529e-01   9.969529e-01   1.319733e-01
  2.000000e-02  -0.000000e+00   2.498286e+03   9.940364e-01   9.940364e-01   1.321793e-01
  2.000000e-02  -0.000000e+00   2.498286e+03   9.940364e-01   9.940364e-01   1.319733e-01
  2.000000e-02  -0.000000e+00   2.505616e+03   9.969529e-01   9.969529e-01   1.319733e-01
  2.001401e-02  -0.000000e+00   2.508757e+03   9.989020e-01   9.989020e-01   1.319733e-01
  2.000000e-02  -0.000000e+00   2.512967e+03   9.998779e-01   9.998779e-01   1.319733e-01
  2.000000e-02  -0.000000e+00   2.512967e+03   9.998779e-01   9.998779e-01   1.319733e-01
  2.000000e-02  -0.000000e+00   2.510514e+03   9.989020e-01   9.989020e-01   1.319733e-01
  2.000000e-02  -0.000000e+00   2.505616e+03   9.969529e-01   9.969529e-01   1.317674e-01
  2.000000e-02  -0.000000e+00   2.498286e+03   9.940364e-01   9.940364e-01   1.319733e-01
  2.000000e-02  -0.000000e+00   2.498286e+03   9.940364e-01   9.940364e-01   1.319733e-01
  2.000000e-02  -0.000000e+00   2.505616e+03   9.969529e-01   9.969529e-01   1.319733e-01
  2.000000e-02  -0.000000e+00   2.510514e+03   9.989020e-01   9.989020e-01   1.319733e-01
  2.000000e-02  -0.000000e+00   2.512967e+03   9.998779e-01   9.998779e-01   1.319733e-01
  2.000000e-02  -0.000000e+00   2.512967e+03   9.998779e-01   9.998779e-01   1.319733e-01
  2.000000e-02  -0.000000e+00   2.510514e+03   9.989020e-01   9.989020e-01   1.319733e-01
  2.000000e-02  -0.000000e+00   2.505616e+03   9.969529e-01   9.969529e-01   1.319733e-01
  2.000000e-02  -0.000000e+00   2.498286e+03   9.940364e-01   9.940364e-01   1.319733e-01
  2.000000e-02  -0.000000e+00   2.498286e+03   9.940364e-01   9.939579e-01   1.319733e-01
  2.000000e-02  -0.000000e+00   2.505616e+03   9.969529e-01   9.969529e-01   1.319733e-01
  2.000000e-02  -0.000000e+00   2.510514e+03   9.989020e-01   9.989020e-01   1.319733e-01
  2.000000e-02  -0.000000e+00   2.512967e+03   9.998779e-01   9.998779e-01   1.319733e-01
  2.000000e-02  -0.000000e+00   2.512967e+03   9.998779e-01   9.998779e-01   1.319733e-01
  2.000000e-02  -0.000000e+00   2.510514e+03   9.989020e-01   9.989020e-01   1.319733e-01
  2.000000e-02  -0.000000e+00   2.505616e+03   9.969529e-01   9.969529e-01   1.319733e-01
  2.000000e-02  -0.000000e+00   2.498286e+03   9.940364e-01   9.940364e-01   1.319733e-01
  2.001401e-02  -0.000000e+00   2.496537e+03   9.940364e-01   9.940364e-01   1.319733e-01
  2.000000e-02  -0.000000e+00   2.505616e+03   9.969529e-01   9.969529e-01   1.319733e-01
  2.000000e-02  -0.000000e+00   2.510514e+03   9.989020e-01   9.989020e-01   1.319733e-01
  2.000000e-02  -0.000000e+00   2.512967e+03   9.998779e-01   9.998779e-01   1.319733e-01
  2.000000e-02  -0.000000e+00   2.512967e+03   9.998779e-01   9.998779e-01   1.319733e-01
  2.000000e-02  -0.000000e+00   2.510514e+03   9.989020e-01   9.989809e-01   1.319733e-01
  2.000000e-02  -0.000000e+00   2.505616e+03   9.969529e-01   9.969529e-01   1.319733e-01
  2.000000e-02  -0.000000e+00   2.498286e+03   9.940364e-01   9.940364e-01   1.321793e-01
  2.000000e-02  -0.000000e+00   2.498286e+03   9.940364e-01   9.940364e-01   1.317674e-01
  2.001401e-02  -0.000000e+00   2.503862e+03   9.969529e-01   9.969529e-01   1.319733e-01
  2.000000e-02  -0.000000e+00   2.510514e+03   9.989020e-01   9.989020e-01   1.318703e-01
  2.000000e-02  -0.000000e+00   2.512967e+03   9.998779e-01   9.998779e-01   1.319733e-01
  2.000000e-02  -0.000000e+00   2.512967e+03   9.998779e-01   9.998779e-01   1.319733e-01
  2.000000e-02  -0.000000e+00   2.510514e+03   9.989020e-01   9.989020e-01   1.319733e-01
  2.000000e-02  -0.000000e+00   2.505616e+03   9.969529e-01   9.969529e-01   1.319733e-01
  2.000000e-02  -0.000000e+00   2.498286e+03   9.940364e-01   9.940364e-01   1.319733e-01
  2.000000e-02  -0.000000e+00   2.498286e+03   9.940364e-01   9.940364e-01   1.319733e-01
  2.000000e-02  -0.000000e+00   2.505616e+03   9.969529e-01   9.969529e-01   1.319733e-01
  2.000000e-02  -0.000000e+00   2.510514e+03   9.989020e-01   9.989020e-01   1.319733e-01
  2.000000e-02  -0.000000e+00   2.512967e+03   9.998779e-01   9.998779e-01   1.319733e-01
  2.000000e-02  -0.000000e+00   2.512967e+03   9.998779e-01   9.998779e-01   1.319733e-01
  2.000000e-02  -0.000000e+00   2.510514e+03   9.989020e-01   9.989020e-01   1.319733e-01
  2.000000e-02  -0.000000e+00   2.505616e+03   9.969529e-01   9.969529e-01   1.319733e-01
  1.999300e-02  -0.000000e+00   2.499161e+03   9.940364e-01   9.940364e-01   1.319733e-01
  2.000000e-02  -0.000000e+00   2.498286e+03   9.940364e-01   9.940364e-01   1.319733e-01
  2.000000e-02  -0.000000e+00   2.505616e+03   9.969529e-01   9.969529e-01   1.319733e-01
  2.000000e-02  -0.000000e+00   2.510514e+03   9.989020e-01   9.989020e-01   1.319733e-01
  2.000000e-02  -0.000000e+00   2.512967e+03   9.998779e-01   9.995621e-01   1.319733e-01
  2.000000e-02  -0.000000e+00   2.512967e+03   9.998779e-01   9.998779e-01   1.319733e-01
  2.000000e-02  -0.000000e+00   2.510514e+03   9.989020e-01   9.989020e-01   1.319733e-01
  2.000000e-02  -0.000000e+00   2.505616e+03   9.969529e-01   9.969529e-01   1.319733e-01
  2.000000e-02  -0.000000e+00   2.498286e+03   9.940364e-01   9.940364e-01   1.319733e-01
  2.000000e-02  -0.000000e+00   2.498286e+03   9.940364e-01   9.940364e-01   1.319733e-01
  2.000000e-02  -0.000000e+00   2.505616e+03   9.969529e-01   9.969529e-01   1.319733e-01
  2.000000e-02  -0.000000e+00   2.510514e+03   9.989020e-01   9.989020e-01   1.319733e-01
  2.000000e-02  -0.000000e+00   2.512967e+03   9.998779e-01   9.998779e-01   1.319733e-01
  2.000000e-02  -0.000000e+00   2.512967e+03   9.998779e-01   9.998779e-01   1.319733e-01
  2.000000e-02  -0.000000e+00   2.510514e+03   9.989020e-01   9.989020e-01   1.319733e-01
  2.000000e-02  -0.000000e+00   2.505616e+03   9.969529e-01   9.969529e-01   1.319733e-01
  2.000000e-02  -0.000000e+00   2.498286e+03   9.940364e-01   9.940364e-01   1.319733e-01
  2.000000e-02  -0.000000e+00   2.498286e+03   9.940364e-01   9.940364e-01   1.319733e-01
  2.000000e-02  -0.000000e+00   2.505616e+03   9.969529e-01   9.969529e-01   1.319733e-01
  2.000000e-02  -0.000000e+00   2.510514e+03   9.989020e-01   9.989020e-01   1.319733e-01
  2.000000e-02  -0.000000e+00   2.512967e+03   9.998779e-01   9.995621e-01   1.319733e-01
  2.000000e-02  -0.000000e+00   2.512967e+03   9.998779e-01   9.998779e-01   1.319733e-01
  2.000000e-02  -0.000000e+00   2.510514e+03   9.989020e-01   9.989020e-01   1.319733e-01
  2.000000e-02  -0.000000e+00   2.505616e+03   9.969529e-01   9.969529e-01   1.319733e-01
  2.000000e-02  -0.000000e+00   2.498286e+03   9.940364e-01   9.940364e-01   1.319733e-01
  2.000350e-02  -0.000000e+00   2.497849e+03   9.940364e-01   9.940364e-01   1.319733e-01
  2.000000e-02  -0.000000e+00   2.505616e+03   9.969529e-01   9.969529e-01   1.319733e-01
  2.000000e-02  -0.000000e+00   2.510514e+03   9.989020e-01   9.989020e-01   1.319733e-01
  2.000000e-02  -0.000000e+00   2.512967e+03   9.998779e-01   9.995621e-01   1.319733e-01
  2.000000e-02  -0.000000e+00   2.512967e+03   9.998779e-01   9.998779e-01   1.319733e-01
  2.000000e-02  -0.000000e+00   2.510514e+03   9.989020e-01   9.989020e-01   1.319733e-01
  2.000000e-02  -0.000000e+00   2.505616e+03   9.969529e-01   9.969529e-01   1.320248e-01
  2.000000e-02  -0.000000e+00   2.498286e+03   9.940364e-01   9.940364e-01   1.319733e-01
  2.000000e-02  -0.000000e+00   2.498286e+03   9.940364e-01   9.940364e-01   1.319733e-01
  2.000000e-02  -0.000000e+00   2.505616e+03   9.969529e-01   9.969529e-01   1.319733e-01
  2.000000e-02  -0.000000e+00   2.510514e+03   9.989020e-01   9.989020e-01   1.319733e-01
  2.000000e-02  -0.000000e+00   2.512967e+03   9.998779e-01   9.998779e-01   1.319733e-01
  2.000000e-02  -0.000000e+00   2.512967e+03   9.998779e-01   9.998779e-01   1.319733e-01
  2.000000e-02  -0.000000e+00   2.510514e+03   9.989020e-01   9.989020e-01   1.319733e-01
  2.000000e-02  -0.000000e+00   2.505616e+03   9.969529e-01   9.969529e-01   1.319733e-01
  2.000000e-02  -0.000000e+00   2.498286e+03   9.940364e-01   9.937224e-01   1.319733e-01
  2.000000e-02  -0.000000e+00   2.498286e+03   9.940364e-01   9.940364e-01   1.319733e-01
  2.000000e-02  -0.000000e+00   2.505616e+03   9.969529e-01   9.969529e-01   1.319733e-01
  2.000000e-02  -0.000000e+00   2.510514e+03   9.989020e-01   9.989020e-01   1.319733e-01
  2.000701e-02  -0.000000e+00   2.512087e+03   9.998779e-01   9.998779e-01   1.319733e-01
  2.000000e-02  -0.000000e+00   2.512967e+03   9.998779e-01   9.998779e-01   1.319733e-01
  1.999300e-02  -0.000000e+00   2.511394e+03   9.989020e-01   9.989020e-01   1.319733e-01
  2.000000e-02  -0.000000e+00   2.505616e+03   9.969529e-01   9.969529e-01   1.319733e-01
  2.000000e-02  -0.000000e+00   2.498286e+03   9.940364e-01   9.940364e-01   1.319733e-01
  2.000000e-02  -0.000000e+00   2.498286e+03   9.940364e-01   9.940364e-01   1.319733e-01
  2.000000e-02  -0.000000e+00   2.505616e+03   9.969529e-01   9.969529e-01   1.319733e-01
  2.000000e-02  -0.000000e+00   2.510514e+03   9.989020e-01   9.989020e-01   1.319733e-01
  2.000000e-02  -0.000000e+00   2.512967e+03   9.998779e-01   9.998779e-01   1.319733e-01
  2.000000e-02  -0.000000e+00   2.512967e+03   9.998779e-01   9.995621e-01   1.319733e-01
  2.000000e-02  -0.000000e+00   2.510514e+03   9.989020e-01   9.985864e-01   1.319733e-01
  2.000000e-02  -0.000000e+00   2.505616e+03   9.969529e-01   9.969529e-01   1.319733e-01
  2.000000e-02  -0.000000e+00   2.498286e+03   9.940364e-01   9.943504e-01   1.319733e-01
  2.000000e-02  -0.000000e+00   2.498286e+03   9.940364e-01   9.940364e-01   1.319733e-01
  2.000000e-02  -0.000000e+00   2.505616e+03   9.969529e-01   9.971104e-01   1.319733e-01
  2.000000e-02  -0.000000e+00   2.510514e+03   9.989020e-01   9.989020e-01   1.319733e-01
  2.000000e-02  -0.000000e+00   2.512967e+03   9.998779e-01   1.000036e+00   1.319733e-01
  2.000000e-02  -0.000000e+00   2.512967e+03   9.998779e-01   9.998779e-01   1.319733e-01
  2.000000e-02  -0.000000e+00   2.510514e+03   9.989020e-01   9.989020e-01   1.319218e-01
  2.000000e-02  -0.000000e+00   2.505616e+03   9.969529e-01   9.969529e-01   1.319733e-01
  2.000000e-02  -0.000000e+00   2.498286e+03   9.940364e-01   9.940364e-01   1.319733e-01
  2.000000e-02  -0.000000e+00   2.498286e+03   9.940364e-01   9.940364e-01   1.319733e-01
  2.000000e-02  -0.000000e+00   2.505616e+03   9.969529e-01   9.969529e-01   1.319733e-01
  2.000000e-02  -0.000000e+00   2.510514e+03   9.989020e-01   9.989020e-01   1.319733e-01
  2.000000e-02  -0.000000e+00   2.512967e+03   9.998779e-01   9.998779e-01   1.319733e-01
  2.000000e-02  -0.000000e+00   2.512967e+03   9.998779e-01   9.998779e-01   1.319733e-01
  2.000000e-02  -0.000000e+00   2.510514e+03   9.989020e-01   9.989020e-01   1.319733e-01
  2.000000e-02  -0.000000e+00   2.505616e+03   9.969529e-01   9.969529e-01   1.320763e-01
  2.000000e-02  -0.000000e+00   2.498286e+03   9.940364e-01   9.940364e-01   1.319733e-01
  2.000701e-02  -0.000000e+00   2.497411e+03   9.940364e-01   9.940364e-01   1.319733e-01
  2.000000e-02  -0.000000e+00   2.505616e+03   9.969529e-01   9.969529e-01   1.319733e-01
  2.000000e-02  -0.000000e+00   2.510514e+03   9.989020e-01   9.989020e-01   1.319733e-01
  2.000000e-02  -0.000000e+00   2.512967e+03   9.998779e-01   9.998779e-01   1.319733e-01
  2.000000e-02  -0.000000e+00   2.512967e+03   9.998779e-01   9.998779e-01   1.319733e-01
  2.000000e-02  -0.000000e+00   2.510514e+03   9.989020e-01   9.989020e-01   1.319733e-01
  2.000000e-02  -0.000000e+00   2.505616e+03   9.969529e-01   9.969529e-01   1.319733e-01
  2.000000e-02  -0.000000e+00   2.498286e+03   9.940364e-01   9.940364e-01   1.319733e-01
  2.000000e-02  -0.000000e+00   2.498286e+03   9.940364e-01   9.940364e-01   1.319733e-01
  2.000701e-02  -0.000000e+00   2.504739e+03   9.969529e-01   9.969529e-01   1.319733e-01
  2.000000e-02  -0.000000e+00   2.510514e+03   9.989020e-01   9.989020e-01   1.319733e-01
  2.000000e-02  -0.000000e+00   2.512967e+03   9.998779e-01   9.998779e-01   1.319733e-01
  2.000000e-02  -0.000000e+00   2.512967e+03   9.998779e-01   9.998779e-01   1.319733e-01
  2.000000e-02  -0.000000e+00   2.510514e+03   9.989020e-01   9.989020e-01   1.319733e-01
  2.000000e-02  -0.000000e+00   2.505616e+03   9.969529e-01   9.969529e-01   1.319733e-01
  2.000000e-02  -0.000000e+00   2.498286e+03   9.940364e-01   9.940364e-01   1.319733e-01
  2.000000e-02  -0.000000e+00   2.498286e+03   9.940364e-01   9.940364e-01   1.319733e-01
  2.000000e-02  -0.000000e+00   2.505616e+03   9.969529e-01   9.969529e-01   1.319733e-01
  2.000701e-02  -0.000000e+00   2.509635e+03   9.989020e-01   9.989020e-01   1.319733e-01
  2.000000e-02  -0.000000e+00   2.512967e+03   9.998779e-01   9.998779e-01   1.319733e-01
  2.000701e-02  -0.000000e+00   2.512087e+03   9.998779e-01   9.998779e-01   1.319733e-01
  2.000000e-02  -0.000000e+00   2.510514e+03   9.989020e-01   9.989020e-01   1.319733e-01
  2.000000e-02  -0.000000e+00   2.505616e+03   9.969529e-01   9.969529e-01   1.319733e-01
  2.000000e-02  -0.000000e+00   2.498286e+03   9.940364e-01   9.940364e-01   1.319733e-01
  2.000000e-02  -0.000000e+00   2.498286e+03   9.940364e-01   9.940364e-01   1.319733e-01
  2.000000e-02  -0.000000e+00   2.505616e+03   9.969529e-01   9.969529e-01   1.319733e-01
  2.000000e-02  -0.000000e+00   2.510514e+03   9.989020e-01   9.989020e-01   1.319733e-01
  2.000000e-02  -0.000000e+00   2.512967e+03   9.998779e-01   9.998779e-01   1.319733e-01
  2.000000e-02  -0.000000e+00   2.512967e+03   9.998779e-01   9.998779e-01   1.319733e-01
  2.000000e-02  -0.000000e+00   2.510514e+03   9.989020e-01   9.989020e-01   1.319733e-01
  2.000000e-02  -0.000000e+00   2.505616e+03   9.969529e-01   9.969529e-01   1.319733e-01
  2.000000e-02  -0.000000e+00   2.498286e+03   9.940364e-01   9.940364e-01   1.319733e-01
  2.000000e-02  -0.000000e+00   2.498286e+03   9.940364e-01   9.940364e-01   1.319733e-01
  2.000000e-02  -0.000000e+00   2.505616e+03   9.969529e-01   9.968742e-01   1.319733e-01
  1.999300e-02  -0.000000e+00   2.511394e+03   9.989020e-01   9.989020e-01   1.319733e-01
  2.000000e-02  -0.000000e+00   2.512967e+03   9.998779e-01   9.998779e-01   1.319733e-01
  2.000000e-02  -0.000000e+00   2.512967e+03   9.998779e-01   9.998779e-01   1.319733e-01
  2.000000e-02  -0.000000e+00   2.510514e+03   9.989020e-01   9.989020e-01   1.319733e-01
  2.000000e-02  -0.000000e+00   2.505616e+03   9.969529e-01   9.969529e-01   1.319733e-01
  2.000000e-02  -0.000000e+00   2.498286e+03   9.940364e-01   9.940364e-01   1.319733e-01
  2.000000e-02  -0.000000e+00   2.498286e+03   9.940364e-01   9.940364e-01   1.319733e-01
  2.000701e-02  -0.000000e+00   2.504739e+03   9.969529e-01   9.969529e-01   1.319733e-01
  2.000000e-02  -0.000000e+00   2.510514e+03   9.989020e-01   9.989020e-01   1.319733e-01
  2.000000e-02  -0.000000e+00   2.512967e+03   9.998779e-01   9.998779e-01   1.319733e-01
  2.000000e-02  -0.000000e+00   2.512967e+03   9.998779e-01   9.998779e-01   1.319733e-01
  2.000000e-02  -0.000000e+00   2.510514e+03   9.989020e-01   9.989020e-01   1.319733e-01
  2.000000e-02  -0.000000e+00   2.505616e+03   9.969529e-01   9.969529e-01   1.319733e-01
  2.000000e-02  -0.000000e+00   2.498286e+03   9.940364e-01   9.940364e-01   1.319733e-01
  2.000000e-02  -0.000000e+00   2.498286e+03   9.940364e-01   9.940364e-01   1.319733e-01
  2.000000e-02  -0.000000e+00   2.505616e+03   9.969529e-01   9.969529e-01   1.319733e-01
  2.000000e-02  -0.000000e+00   2.510514e+03   9.989020e-01   9.992175e-01   1.319733e-01
  2.000000e-02  -0.000000e+00   2.512967e+03   9.998779e-01   9.998779e-01   1.319733e-01
  2.000000e-02  -0.000000e+00   2.512967e+03   9.998779e-01   9.998779e-01   1.319733e-01
  2.000000e-02  -0.000000e+00   2.510514e+03   9.989020e-01   9.989020e-01   1.319733e-01
  2.000000e-02  -0.000000e+00   2.505616e+03   9.969529e-01   9.969529e-01   1.319733e-01
  2.000000e-02  -0.000000e+00   2.498286e+03   9.940364e-01   9.940364e-01   1.319733e-01
  2.000000e-02  -0.000000e+00   2.498286e+03   9.940364e-01   9.940364e-01   1.319733e-01
  2.000000e-02  -0.000000e+00   2.505616e+03   9.969529e-01   9.969529e-01   1.319733e-01
  2.000000e-02  -0.000000e+00   2.510514e+03   9.989020e-01   9.989020e-01   1.319733e-01
  2.000000e-02  -0.000000e+00   2.512967e+03   9.998779e-01   9.998779e-01   1.319733e-01
  2.000000e-02  -0.000000e+00   2.512967e+03   9.998779e-01   9.998779e-01   1.319733e-01
  2.000000e-02  -0.000000e+00   2.510514e+03   9.989020e-01   9.989020e-01   1.319733e-01
  2.000000e-02  -0.000000e+00   2.505616e+03   9.969529e-01   9.969529e-01   1.319733e-01
  2.000000e-02  -0.000000e+00   2.498286e+03   9.940364e-01   9.940364e-01   1.319733e-01
  2.000000e-02  -0.000000e+00   2.498286e+03   9.940364e-01   9.940364e-01   1.319733e-01
  2.000000e-02  -0.000000e+00   2.505616e+03   9.969529e-01   9.969529e-01   1.319733e-01
  2.000000e-02  -0.000000e+00   2.510514e+03   9.989020e-01   9.989020e-01   1.319733e-01
  2.000000e-02  -0.000000e+00   2.512967e+03   9.998779e-01   9.998779e-01   1.319733e-01
  2.000000e-02  -0.000000e+00   2.512967e+03   9.998779e-01   9.998779e-01   1.319733e-01
  2.000000e-02  -0.000000e+00   2.510514e+03   9.989020e-01   9.989020e-01   1.319733e-01
  2.000000e-02  -0.000000e+00   2.505616e+03   9.969529e-01   9.969529e-01   1.319733e-01
  2.000000e-02  -0.000000e+00   2.498286e+03   9.940364e-01   9.940364e-01   1.319733e-01
  2.000000e-02  -0.000000e+00   2.498286e+03   9.940364e-01   9.940364e-01   1.319733e-01
  2.000000e-02  -0.000000e+00   2.505616e+03   9.969529e-01   9.969529e-01   1.319733e-01
  2.000000e-02  -0.000000e+00   2.510514e+03   9.989020e-01   9.989020e-01   1.319733e-01
  2.000701e-02  -0.000000e+00   2.512087e+03   9.998779e-01   9.998779e-01   1.319733e-01
  2.000000e-02  -0.000000e+00   2.512967e+03   9.998779e-01   9.998779e-01   1.319733e-01
  2.000000e-02  -0.000000e+00   2.510514e+03   9.989020e-01   9.989020e-01   1.319733e-01
  2.000000e-02  -0.000000e+00   2.505616e+03   9.969529e-01   9.969529e-01   1.319733e-01
  2.000000e-02  -0.000000e+00   2.498286e+03   9.940364e-01   9.940364e-01   1.319733e-01
  2.000000e-02  -0.000000e+00   2.498286e+03   9.940364e-01   9.940364e-01   1.319733e-01
  2.000000e-02  -0.000000e+00   2.505616e+03   9.969529e-01   9.969529e-01   1.320763e-01
  2.000000e-02  -0.000000e+00   2.510514e+03   9.989020e-01   9.989020e-01   1.319733e-01
  2.000000e-02  -0.000000e+00   2.512967e+03   9.998779e-01   9.998779e-01   1.319733e-01
  2.000000e-02  -0.000000e+00   2.512967e+03   9.998779e-01   9.995621e-01   1.319733e-01
  2.000000e-02  -0.000000e+00   2.510514e+03   9.989020e-01   9.985864e-01   1.319733e-01
  2.000000e-02  -0.000000e+00   2.505616e+03   9.969529e-01   9.969529e-01   1.319733e-01
  2.000000e-02  -0.000000e+00   2.498286e+03   9.940364e-01   9.940364e-01   1.319733e-01
  2.000000e-02  -0.000000e+00   2.498286e+03   9.940364e-01   9.940364e-01   1.319733e-01
  2.000000e-02  -0.000000e+00   2.505616e+03   9.969529e-01   9.969529e-01   1.319733e-01
  2.000000e-02  -0.000000e+00   2.510514e+03   9.989020e-01   9.985864e-01   1.319733e-01
  2.000000e-02  -0.000000e+00   2.512967e+03   9.998779e-01   9.998779e-01   1.319733e-01
  2.000000e-02  -0.000000e+00   2.512967e+03   9.998779e-01   9.998779e-01   1.319733e-01
  2.000000e-02  -0.000000e+00   2.510514e+03   9.989020e-01   9.989020e-01   1.319733e-01
  2.000000e-02  -0.000000e+00   2.505616e+03   9.969529e-01   9.969529e-01   1.319733e-01
  2.000000e-02  -0.000000e+00   2.498286e+03   9.940364e-01   9.940364e-01   1.319733e-01
  2.000000e-02  -0.000000e+00   2.498286e+03   9.940364e-01   9.940364e-01   1.319733e-01
  2.000000e-02  -0.000000e+00   2.505616e+03   9.969529e-01   9.969529e-01   1.319733e-01
  2.000000e-02  -0.000000e+00   2.510514e+03   9.989020e-01   9.989020e-01   1.319733e-01
  2.000000e-02  -0.000000e+00   2.512967e+03   9.998779e-01   9.995621e-01   1.319733e-01
  2.000000e-02  -0.000000e+00   2.512967e+03   9.998779e-01   1.000194e+00   1.319733e-01
  2.000000e-02  -0.000000e+00   2.510514e+03   9.989020e-01   9.989020e-01   1.319733e-01
  2.000000e-02  -0.000000e+00   2.505616e+03   9.969529e-01   9.969529e-01   1.319733e-01
  2.000000e-02  -0.000000e+00   2.498286e+03   9.940364e-01   9.940364e-01   1.319733e-01
  2.000000e-02  -0.000000e+00   2.498286e+03   9.940364e-01   9.940364e-01   1.154938e-01
  2.001401e-02  -0.000000e+00   2.503862e+03   9.969529e-01   9.969529e-01   1.154938e-01
  2.000000e-02  -0.000000e+00   2.510514e+03   9.989020e-01   9.989020e-01   1.154938e-01
  2.000000e-02  -0.000000e+00   2.512967e+03   9.998779e-01   9.998779e-01   1.154938e-01
  2.000000e-02  -0.000000e+00   2.512967e+03   9.998779e-01   9.998779e-01   1.154938e-01
  2.000000e-02  -0.000000e+00   2.510514e+03   9.989020e-01   9.989020e-01   1.154938e-01
  2.000000e-02  -0.000000e+00   2.505616e+03   9.969529e-01   9.969529e-01   1.154938e-01
  2.000000e-02  -0.000000e+00   2.498286e+03   9.940364e-01   9.940364e-01   1.154938e-01
  2.000000e-02  -0.000000e+00   2.498286e+03   9.940364e-01   9.940364e-01   1.154938e-01
  2.000000e-02  -0.000000e+00   2.505616e+03   9.969529e-01   9.969529e-01   1.154938e-01
  2.000000e-02  -0.000000e+00   2.510514e+03   9.989020e-01   9.989020e-01   1.154938e-01
  2.000000e-02  -0.000000e+00   2.512967e+03   9.998779e-01   9.998779e-01   1.154938e-01
  2.000000e-02  -0.000000e+00   2.512967e+03   9.998779e-01   9.998779e-01   1.154938e-01
  2.000000e-02  -0.000000e+00   2.510514e+03   9.989020e-01   9.989020e-01   1.154938e-01
  2.000000e-02  -0.000000e+00   2.505616e+03   9.969529e-01   9.969529e-01   1.154938e-01
  2.000000e-02  -0.000000e+00   2.498286e+03   9.940364e-01   9.940364e-01   1.154939e-01
  2.000000e-02  -0.000000e+00   2.498286e+03   9.940364e-01   9.940364e-01   1.154938e-01
  2.000000e-02  -0.000000e+00   2.505616e+03   9.969529e-01   9.969529e-01   1.154938e-01
  2.000000e-02  -0.000000e+00   2.510514e+03   9.989020e-01   9.989020e-01   1.154938e-01
  2.000000e-02  -0.000000e+00   2.512967e+03   9.998779e-01   9.998779e-01   1.153913e-01
  2.000000e-02  -0.000000e+00   2.512967e+03   9.998779e-01   9.998779e-01   1.154938e-01
  2.000000e-02  -0.000000e+00   2.510514e+03   9.989020e-01   9.989020e-01   1.154938e-01
  2.000000e-02  -0.000000e+00   2.505616e+03   9.969529e-01   9.969529e-01   1.154938e-01
  2.000000e-02  -0.000000e+00   2.498286e+03   9.940364e-01   9.940364e-01   1.154938e-01
  2.000000e-02  -0.000000e+00   2.498286e+03   9.940364e-01   9.940364e-01   1.154938e-01
  2.001491e-02  -0.000000e+00   2.503750e+03   9.969529e-01   9.969529e-01   1.154938e-01
  2.001491e-02  -0.000000e+00   2.508645e+03   9.989020e-01   9.989020e-01   1.154938e-01
  2.000000e-02  -0.000000e+00   2.512967e+03   9.998779e-01   9.997939e-01   1.154938e-01
  2.000000e-02  -0.000000e+00   2.512967e+03   9.998779e-01   9.998779e-01   1.154938e-01
  2.000000e-02  -0.000000e+00   2.510514e+03   9.989020e-01   9.989020e-01   1.154938e-01
  2.000000e-02  -0.000000e+00   2.505616e+03   9.969529e-01   9.969529e-01   1.154938e-01
  2.000000e-02  -0.000000e+00   2.498286e+03   9.940364e-01   9.940364e-01   1.154938e-01
  2.000000e-02  -0.000000e+00   2.498286e+03   9.940364e-01   9.940364e-01   1.154938e-01
  2.000000e-02  -0.000000e+00   2.505616e+03   9.969529e-01   9.969529e-01   1.154938e-01
  2.000000e-02  -0.000000e+00   2.510514e+03   9.989020e-01   9.988180e-01   1.154938e-01
  2.000000e-02  -0.000000e+00   2.512967e+03   9.998779e-01   9.998779e-01   1.154938e-01
  2.000000e-02  -0.000000e+00   2.512967e+03   9.998779e-01   9.998779e-01   1.154938e-01
  2.000000e-02  -0.000000e+00   2.510514e+03   9.989020e-01   9.989020e-01   1.154938e-01
  2.000000e-02  -0.000000e+00   2.505616e+03   9.969529e-01   9.969529e-01   1.154938e-01
  1.998555e-02  -0.000000e+00   2.500092e+03   9.940364e-01   9.940364e-01   1.154938e-01
  2.000000e-02  -0.000000e+00   2.498286e+03   9.940364e-01   9.940364e-01   1.154938e-01
  2.000000e-02  -0.000000e+00   2.505616e+03   9.969529e-01   9.969529e-01   1.154938e-01
  2.000000e-02  -0.000000e+00   2.510514e+03   9.989020e-01   9.989020e-01   1.154938e-01
  2.000000e-02  -0.000000e+00   2.512967e+03   9.998779e-01   9.998779e-01   1.154938e-01
  2.000000e-02  -0.000000e+00   2.512967e+03   9.998779e-01   9.998779e-01   1.154938e-01
  2.000000e-02  -0.000000e+00   2.510514e+03   9.989020e-01   9.989020e-01   1.154938e-01
  2.000000e-02  -0.000000e+00   2.505616e+03   9.969529e-01   9.969529e-01   1.154938e-01
  2.000000e-02  -0.000000e+00   2.498286e+03   9.940364e-01   9.939554e-01   1.154938e-01
  2.000000e-02  -0.000000e+00   2.498286e+03   9.940364e-01   9.940364e-01   1.154938e-01
  2.000000e-02  -0.000000e+00   2.505616e+03   9.969529e-01   9.969529e-01   1.154938e-01
  2.000000e-02  -0.000000e+00   2.510514e+03   9.989020e-01   9.989020e-01   1.156988e-01
  1.998510e-02  -0.000000e+00   2.514841e+03   9.998779e-01   9.998779e-01   1.154938e-01
  2.000000e-02  -0.000000e+00   2.512967e+03   9.998779e-01   9.998779e-01   1.154938e-01
  2.000000e-02  -0.000000e+00   2.510514e+03   9.989020e-01   9.989020e-01   1.154938e-01
  2.001491e-02  -0.000000e+00   2.503750e+03   9.969529e-01   9.968691e-01   1.154938e-01
  1.998555e-02  -0.000000e+00   2.500092e+03   9.940364e-01   9.940364e-01   1.154938e-01
  2.000000e-02  -0.000000e+00   2.498286e+03   9.940364e-01   9.940364e-01   1.156926e-01
  2.000000e-02  -0.000000e+00   2.505616e+03   9.969529e-01   9.969529e-01   1.154938e-01
  2.000000e-02  -0.000000e+00   2.510514e+03   9.989020e-01   9.989020e-01   1.154938e-01
  2.000000e-02  -0.000000e+00   2.512967e+03   9.998779e-01   9.998779e-01   1.154938e-01
  2.000000e-02  -0.000000e+00   2.512967e+03   9.998779e-01   9.998779e-01   1.154938e-01
  2.000000e-02  -0.000000e+00   2.510514e+03   9.989020e-01   9.989020e-01   1.154938e-01
  2.000000e-02  -0.000000e+00   2.505616e+03   9.969529e-01   9.969529e-01   1.154938e-01
  1.998555e-02  -0.000000e+00   2.500092e+03   9.940364e-01   9.940364e-01   1.154938e-01
  2.000000e-02  -0.000000e+00   2.498286e+03   9.940364e-01   9.941174e-01   1.154938e-01
  2.000000e-02  -0.000000e+00   2.505616e+03   9.969529e-01   9.969529e-01   1.154938e-01
  2.000000e-02  -0.000000e+00   2.510514e+03   9.989020e-01   9.989020e-01   1.154938e-01
  2.000000e-02  -0.000000e+00   2.512967e+03   9.998779e-01   9.998779e-01   1.154938e-01
  1.998510e-02  -0.000000e+00   2.514841e+03   9.998779e-01   9.998779e-01   1.154938e-01
  2.000000e-02  -0.000000e+00   2.510514e+03   9.989020e-01   9.989020e-01   1.154938e-01
  2.000000e-02  -0.000000e+00   2.505616e+03   9.969529e-01   9.969529e-01   1.154938e-01
  2.000000e-02  -0.000000e+00   2.498286e+03   9.940364e-01   9.940364e-01   1.153945e-01
  2.000000e-02  -0.000000e+00   2.498286e+03   9.940364e-01   9.940364e-01   1.154938e-01
  2.000000e-02  -0.000000e+00   2.505616e+03   9.969529e-01   9.971204e-01   1.154939e-01
  1.998510e-02  -0.000000e+00   2.512386e+03   9.989020e-01   9.989020e-01   1.154938e-01
  2.000000e-02  -0.000000e+00   2.512967e+03   9.998779e-01   9.998779e-01   1.154938e-01
  2.000000e-02  -0.000000e+00   2.512967e+03   9.998779e-01   9.998779e-01   1.154938e-01
  2.000000e-02  -0.000000e+00   2.510514e+03   9.989020e-01   9.989020e-01   1.154938e-01
  2.000000e-02  -0.000000e+00   2.505616e+03   9.969529e-01   9.969529e-01   1.154938e-01
  2.000000e-02  -0.000000e+00   2.498286e+03   9.940364e-01   9.940364e-01   1.155931e-01
  2.000000e-02  -0.000000e+00   2.498286e+03   9.940364e-01   9.940364e-01   1.154938e-01
  2.000000e-02  -0.000000e+00   2.505616e+03   9.969529e-01   9.969529e-01   1.154939e-01
  2.000000e-02  -0.000000e+00   2.510514e+03   9.989020e-01   9.989020e-01   1.154938e-01
  1.998510e-02  -0.000000e+00   2.514841e+03   9.998779e-01   9.998779e-01   1.154938e-01
  2.000000e-02  -0.000000e+00   2.512967e+03   9.998779e-01   9.998779e-01   1.154938e-01
  2.000000e-02  -0.000000e+00   2.510514e+03   9.989020e-01   9.989020e-01   1.154938e-01
  2.000000e-02  -0.000000e+00   2.505616e+03   9.969529e-01   9.969529e-01   1.154938e-01
  2.000723e-02  -0.000000e+00   2.497384e+03   9.940364e-01   9.940364e-01   1.154938e-01
  2.000000e-02  -0.000000e+00   2.498286e+03   9.940364e-01   9.939554e-01   1.154938e-01
  1.999255e-02  -0.000000e+00   2.506550e+03   9.969529e-01   9.969529e-01   1.154938e-01
  2.000000e-02  -0.000000e+00   2.510514e+03   9.989020e-01   9.989020e-01   1.154938e-01
  2.000000e-02  -0.000000e+00   2.512967e+03   9.998779e-01   9.998779e-01   1.154938e-01
  2.000000e-02  -0.000000e+00   2.512967e+03   9.998779e-01   9.998779e-01   1.154938e-01
  2.000000e-02  -0.000000e+00   2.510514e+03   9.989020e-01   9.989020e-01   1.154938e-01
  2.000000e-02  -0.000000e+00   2.505616e+03   9.969529e-01   9.969529e-01   1.154938e-01
  2.000000e-02  -0.000000e+00   2.498286e+03   9.940364e-01   9.940364e-01   1.154938e-01
  2.000000e-02  -0.000000e+00   2.498286e+03   9.940364e-01   9.940364e-01   1.154938e-01
  2.000000e-02  -0.000000e+00   2.505616e+03   9.969529e-01   9.969529e-01   1.154938e-01
  2.000000e-02  -0.000000e+00   2.510514e+03   9.989020e-01   9.989020e-01   1.154938e-01
  2.000000e-02  -0.000000e+00   2.512967e+03   9.998779e-01   9.998779e-01   1.154938e-01
  2.000000e-02  -0.000000e+00   2.512967e+03   9.998779e-01   9.998779e-01   1.154938e-01
  2.000000e-02  -0.000000e+00   2.510514e+03   9.989020e-01   9.989020e-01   1.154938e-01
  2.000000e-02  -0.000000e+00   2.505616e+03   9.969529e-01   9.969529e-01   1.154938e-01
  2.000000e-02  -0.000000e+00   2.498286e+03   9.940364e-01   9.940364e-01   1.154938e-01
  2.000000e-02  -0.000000e+00   2.498286e+03   9.940364e-01   9.940364e-01   1.154938e-01
  2.000000e-02  -0.000000e+00   2.505616e+03   9.969529e-01   9.969529e-01   1.154938e-01
  2.000000e-02  -0.000000e+00   2.510514e+03   9.989020e-01   9.989020e-01   1.154939e-01
  2.000000e-02  -0.000000e+00   2.512967e+03   9.998779e-01   9.998779e-01   1.154938e-01
  2.000000e-02  -0.000000e+00   2.512967e+03   9.998779e-01   1.000214e+00   1.154938e-01
  2.000000e-02  -0.000000e+00   2.510514e+03   9.989020e-01   9.992377e-01   1.154938e-01
  2.000000e-02  -0.000000e+00   2.505616e+03   9.969529e-01   9.967854e-01   1.154938e-01
  2.000000e-02  -0.000000e+00   2.498286e+03   9.940364e-01   9.940364e-01   1.154938e-01
  2.000000e-02  -0.000000e+00   2.498286e+03   9.940364e-01   9.940364e-01   1.154938e-01
  2.000000e-02  -0.000000e+00   2.505616e+03   9.969529e-01   9.969529e-01   1.155963e-01
  2.000000e-02  -0.000000e+00   2.510514e+03   9.989020e-01   9.989020e-01   1.154938e-01
  2.000000e-02  -0.000000e+00   2.512967e+03   9.998779e-01   9.998779e-01   1.154938e-01
  2.000000e-02  -0.000000e+00   2.512967e+03   9.998779e-01   9.998779e-01   1.154938e-01
  2.001491e-02  -0.000000e+00   2.508645e+03   9.989020e-01   9.989020e-01   1.154938e-01
  2.000000e-02  -0.000000e+00   2.505616e+03   9.969529e-01   9.969529e-01   1.154938e-01
  2.000000e-02  -0.000000e+00   2.498286e+03   9.940364e-01   9.940364e-01   1.154938e-01
  2.000000e-02  -0.000000e+00   2.498286e+03   9.940364e-01   9.940364e-01   1.154938e-01
  2.000000e-02  -0.000000e+00   2.505616e+03   9.969529e-01   9.969529e-01   1.155963e-01
  2.000000e-02  -0.000000e+00   2.510514e+03   9.989020e-01   9.989020e-01   1.154938e-01
  2.000000e-02  -0.000000e+00   2.512967e+03   9.998779e-01   9.998779e-01   1.154938e-01
  2.000000e-02  -0.000000e+00   2.512967e+03   9.998779e-01   9.998779e-01   1.154938e-01
  2.000000e-02  -0.000000e+00   2.510514e+03   9.989020e-01   9.989020e-01   1.154938e-01
  2.000000e-02  -0.000000e+00   2.505616e+03   9.969529e-01   9.969529e-01   1.154938e-01
  2.000000e-02  -0.000000e+00   2.498286e+03   9.940364e-01   9.940364e-01   1.154938e-01
  2.000000e-02  -0.000000e+00   2.498286e+03   9.940364e-01   9.943603e-01   1.154938e-01
  2.000000e-02  -0.000000e+00   2.505616e+03   9.969529e-01   9.969529e-01   1.154938e-01
  2.000000e-02  -0.000000e+00   2.510514e+03   9.989020e-01   9.989020e-01   1.154938e-01
  2.000000e-02  -0.000000e+00   2.512967e+03   9.998779e-01   9.998779e-01   1.154938e-01
  2.000000e-02  -0.000000e+00   2.512967e+03   9.998779e-01   9.998779e-01   1.154938e-01
  2.000000e-02  -0.000000e+00   2.510514e+03   9.989020e-01   9.989020e-01   1.154938e-01
  2.000000e-02  -0.000000e+00   2.505616e+03   9.969529e-01   9.969529e-01   1.154938e-01
  2.000000e-02  -0.000000e+00   2.498286e+03   9.940364e-01   9.940364e-01   1.154938e-01
  2.000000e-02  -0.000000e+00   2.498286e+03   9.940364e-01   9.940364e-01   1.154938e-01
  2.000000e-02  -0.000000e+00   2.505616e+03   9.969529e-01   9.969529e-01   1.154938e-01
  2.000000e-02  -0.000000e+00   2.510514e+03   9.989020e-01   9.989020e-01   1.154938e-01
  2.000000e-02  -0.000000e+00   2.512967e+03   9.998779e-01   9.998779e-01   1.154938e-01
  2.000000e-02  -0.000000e+00   2.512967e+03   9.998779e-01   9.998779e-01   1.154938e-01
  2.000000e-02  -0.000000e+00   2.510514e+03   9.989020e-01   9.989020e-01   1.154938e-01
  2.000000e-02  -0.000000e+00   2.505616e+03   9.969529e-01   9.969529e-01   1.154938e-01
  2.000000e-02  -0.000000e+00   2.498286e+03   9.940364e-01   9.940364e-01   1.154938e-01
  2.000000e-02  -0.000000e+00   2.498286e+03   9.940364e-01   9.940364e-01   1.154938e-01
  2.000000e-02  -0.000000e+00   2.505616e+03   9.969529e-01   9.969529e-01   1.154938e-01
  2.000000e-02  -0.000000e+00   2.510514e+03   9.989020e-01   9.989020e-01   1.154938e-01
  2.000000e-02  -0.000000e+00   2.512967e+03   9.998779e-01   9.998779e-01   1.154938e-01
  2.000000e-02  -0.000000e+00   2.512967e+03   9.998779e-01   9.998779e-01   1.154938e-01
  2.000000e-02  -0.000000e+00   2.510514e+03   9.989020e-01   9.989020e-01   1.154938e-01
  2.000000e-02  -0.000000e+00   2.505616e+03   9.969529e-01   9.969529e-01   1.154938e-01
  1.999639e-02  -0.000000e+00   2.498737e+03   9.940364e-01   9.940364e-01   1.154938e-01
  2.000000e-02  -0.000000e+00   2.498286e+03   9.940364e-01   9.940364e-01   1.154938e-01
  2.000000e-02  -0.000000e+00   2.505616e+03   9.969529e-01   9.969529e-01   1.154938e-01
  2.000000e-02  -0.000000e+00   2.510514e+03   9.989020e-01   9.989020e-01   1.154938e-01
  2.000000e-02  -0.000000e+00   2.512967e+03   9.998779e-01   9.995419e-01   1.154938e-01
  2.000000e-02  -0.000000e+00   2.512967e+03   9.998779e-01   9.998779e-01   1.154938e-01
  2.000000e-02  -0.000000e+00   2.510514e+03   9.989020e-01   9.989020e-01   1.154938e-01
  2.000000e-02  -0.000000e+00   2.505616e+03   9.969529e-01   9.969529e-01   1.154938e-01
  2.000000e-02  -0.000000e+00   2.498286e+03   9.940364e-01   9.940364e-01   1.154938e-01
  2.000000e-02  -0.000000e+00   2.498286e+03   9.940364e-01   9.940364e-01   1.154938e-01
  2.000000e-02  -0.000000e+00   2.505616e+03   9.969529e-01   9.969529e-01   1.154938e-01
  2.000000e-02  -0.000000e+00   2.510514e+03   9.989020e-01   9.989020e-01   1.154938e-01
  2.000000e-02  -0.000000e+00   2.512967e+03   9.998779e-01   9.998779e-01   1.154938e-01
  2.000000e-02  -0.000000e+00   2.512967e+03   9.998779e-01   9.997099e-01   1.154938e-01
  2.000000e-02  -0.000000e+00   2.510514e+03   9.989020e-01   9.987341e-01   1.154938e-01
  2.000000e-02  -0.000000e+00   2.505616e+03   9.969529e-01   9.969529e-01   1.154938e-01
  2.000000e-02  -0.000000e+00   2.498286e+03   9.940364e-01   9.940364e-01   1.154938e-01
  2.000000e-02  -0.000000e+00   2.498286e+03   9.940364e-01   9.940364e-01   1.154938e-01
  2.000000e-02  -0.000000e+00   2.505616e+03   9.969529e-01   9.969529e-01   1.154938e-01
  2.000000e-02  -0.000000e+00   2.510514e+03   9.989020e-01   9.989859e-01   1.154938e-01
  2.000000e-02  -0.000000e+00   2.512967e+03   9.998779e-01   9.998779e-01   1.154938e-01
  2.000000e-02  -0.000000e+00   2.512967e+03   9.998779e-01   9.998779e-01   1.154938e-01
  2.000000e-02  -0.000000e+00   2.510514e+03   9.989020e-01   9.989020e-01   1.154938e-01
  2.000745e-02  -0.000000e+00   2.504683e+03   9.969529e-01   9.969529e-01   1.154938e-01
  2.000000e-02  -0.000000e+00   2.498286e+03   9.940364e-01   9.940364e-01   1.154938e-01
  2.000000e-02  -0.000000e+00   2.498286e+03   9.940364e-01   9.940364e-01   1.154938e-01
  2.000000e-02  -0.000000e+00   2.505616e+03   9.969529e-01   9.969529e-01   1.154939e-01
  2.000000e-02  -0.000000e+00   2.510514e+03   9.989020e-01   9.989020e-01   1.154938e-01
  2.000000e-02  -0.000000e+00   2.512967e+03   9.998779e-01   9.998779e-01   1.154939e-01
  2.000000e-02  -0.000000e+00   2.512967e+03   9.998779e-01   9.998779e-01   1.154939e-01
  2.000000e-02  -0.000000e+00   2.510514e+03   9.989020e-01   9.989020e-01   1.154938e-01
  1.999255e-02  -0.000000e+00   2.506550e+03   9.969529e-01   9.970367e-01   1.154938e-01
  2.000000e-02  -0.000000e+00   2.498286e+03   9.940364e-01   9.940364e-01   1.154938e-01
  1.999278e-02  -0.000000e+00   2.499189e+03   9.940364e-01   9.940364e-01   1.154938e-01
  2.000000e-02  -0.000000e+00   2.505616e+03   9.969529e-01   9.969529e-01   1.154938e-01
  2.000000e-02  -0.000000e+00   2.510514e+03   9.989020e-01   9.989020e-01   1.154938e-01
  2.000000e-02  -0.000000e+00   2.512967e+03   9.998779e-01   9.998779e-01   1.154938e-01
  2.000000e-02  -0.000000e+00   2.512967e+03   9.998779e-01   9.998779e-01   1.154938e-01
  2.000000e-02  -0.000000e+00   2.510514e+03   9.989020e-01   9.989020e-01   1.154938e-01
  2.000000e-02  -0.000000e+00   2.505616e+03   9.969529e-01   9.969529e-01   1.154938e-01
  2.000000e-02  -0.000000e+00   2.498286e+03   9.940364e-01   9.940364e-01   1.154938e-01
  2.000000e-02  -0.000000e+00   2.498286e+03   9.940364e-01   9.940364e-01   1.154939e-01
  2.000000e-02  -0.000000e+00   2.505616e+03   9.969529e-01   9.969529e-01   1.154938e-01
  2.000000e-02  -0.000000e+00   2.510514e+03   9.989020e-01   9.989020e-01   1.154938e-01
  2.000000e-02  -0.000000e+00   2.512967e+03   9.998779e-01   9.998779e-01   1.154938e-01
  2.000000e-02  -0.000000e+00   2.512967e+03   9.998779e-01   9.998779e-01   1.154938e-01
  2.000000e-02  -0.000000e+00   2.510514e+03   9.989020e-01   9.989020e-01   1.154938e-01
  2.000000e-02  -0.000000e+00   2.505616e+03   9.969529e-01   9.969529e-01   1.154938e-01
  2.000000e-02  -0.000000e+00   2.498286e+03   9.940364e-01   9.940364e-01   1.154939e-01
  2.000000e-02  -0.000000e+00   2.498286e+03   9.940364e-01   9.940364e-01   1.154939e-01
  2.000000e-02  -0.000000e+00   2.505616e+03   9.969529e-01   9.969529e-01   1.154938e-01
  2.000000e-02  -0.000000e+00   2.510514e+03   9.989020e-01   9.992377e-01   1.154938e-01
  2.000000e-02  -0.000000e+00   2.512967e+03   9.998779e-01   9.995419e-01   1.154938e-01
  2.000000e-02  -0.000000e+00   2.512967e+03   9.998779e-01   9.998779e-01   1.154938e-01
  2.000000e-02  -0.000000e+00   2.510514e+03   9.989020e-01   9.989020e-01   1.154938e-01
  2.000000e-02  -0.000000e+00   2.505616e+03   9.969529e-01   9.969529e-01   1.154938e-01
  2.000000e-02  -0.000000e+00   2.498286e+03   9.940364e-01   9.940364e-01   1.154939e-01
  2.000000e-02  -0.000000e+00   2.498286e+03   9.940364e-01   9.940364e-01   1.154938e-01
  2.000000e-02  -0.000000e+00   2.505616e+03   9.969529e-01   9.969529e-01   1.154938e-01
  2.000000e-02  -0.000000e+00   2.510514e+03   9.989020e-01   9.989020e-01   1.154938e-01
  2.000000e-02  -0.000000e+00   2.512967e+03   9.998779e-01   9.998779e-01   1.154938e-01
  2.000000e-02  -0.000000e+00   2.512967e+03   9.998779e-01   9.998779e-01   1.154938e-01
  2.000000e-02  -0.000000e+00   2.510514e+03   9.989020e-01   9.989020e-01   1.154938e-01
  2.000000e-02  -0.000000e+00   2.505616e+03   9.969529e-01   9.969529e-01   1.154938e-01
  2.000000e-02  -0.000000e+00   2.498286e+03   9.940364e-01   9.941984e-01   1.154938e-01
  2.000000e-02  -0.000000e+00   2.498286e+03   9.940364e-01   9.940364e-01   1.154938e-01
  2.000000e-02  -0.000000e+00   2.505616e+03   9.969529e-01   9.969529e-01   1.154938e-01
  1.999627e-02  -0.000000e+00   2.510982e+03   9.989020e-01   9.989020e-01   1.154938e-01
  2.000000e-02  -0.000000e+00   2.512967e+03   9.998779e-01   9.998779e-01   1.154938e-01
  2.000000e-02  -0.000000e+00   2.512967e+03   9.998779e-01   9.998779e-01   1.154938e-01
  2.000000e-02  -0.000000e+00   2.510514e+03   9.989020e-01   9.989020e-01   1.154938e-01
  2.000000e-02  -0.000000e+00   2.505616e+03   9.969529e-01   9.969529e-01   1.154938e-01
  2.000000e-02  -0.000000e+00   2.498286e+03   9.940364e-01   9.940364e-01   1.154938e-01
  2.000000e-02  -0.000000e+00   2.498286e+03   9.940364e-01   9.940364e-01   1.154938e-01
  2.000000e-02  -0.000000e+00   2.505616e+03   9.969529e-01   9.969529e-01   1.154938e-01
  2.000000e-02  -0.000000e+00   2.510514e+03   9.989020e-01   9.989020e-01   1.154938e-01
  2.000000e-02  -0.000000e+00   2.512967e+03   9.998779e-01   9.998779e-01   1.154938e-01
  2.000000e-02  -0.000000e+00   2.512967e+03   9.998779e-01   9.998779e-01   1.154938e-01
  2.000000e-02  -0.000000e+00   2.510514e+03   9.989020e-01   9.989020e-01   1.154938e-01
  2.000000e-02  -0.000000e+00   2.505616e+03   9.969529e-01   9.969529e-01   1.154938e-01
  2.000000e-02  -0.000000e+00   2.498286e+03   9.940364e-01   9.940364e-01   1.154939e-01
  2.000000e-02  -0.000000e+00   2.498286e+03   9.940364e-01   9.943603e-01   1.154938e-01
  1.999627e-02  -0.000000e+00   2.506083e+03   9.969529e-01   9.969529e-01   1.154938e-01
  2.000000e-02  -0.000000e+00   2.510514e+03   9.989020e-01   9.989020e-01   1.154938e-01
  2.000000e-02  -0.000000e+00   2.512967e+03   9.998779e-01   9.998779e-01   1.154938e-01
  2.000000e-02  -0.000000e+00   2.512967e+03   9.998779e-01   9.998779e-01   1.154938e-01
  2.000000e-02  -0.000000e+00   2.510514e+03   9.989020e-01   9.989020e-01   1.154938e-01
  2.000000e-02  -0.000000e+00   2.505616e+03   9.969529e-01   9.969529e-01   1.154938e-01
  2.000000e-02  -0.000000e+00   2.498286e+03   9.940364e-01   9.943603e-01   1.154938e-01
  2.000000e-02  -0.000000e+00   2.498286e+03   9.940364e-01   9.940364e-01   1.154938e-01
  2.000000e-02  -0.000000e+00   2.505616e+03   9.969529e-01   9.969529e-01   1.154938e-01
  2.000000e-02  -0.000000e+00   2.510514e+03   9.989020e-01   9.989020e-01   1.154938e-01
  2.000000e-02  -0.000000e+00   2.512967e+03   9.998779e-01   9.998779e-01   1.154938e-01
  2.000000e-02  -0.000000e+00   2.512967e+03   9.998779e-01   1.000214e+00   1.154938e-01
  2.000000e-02  -0.000000e+00   2.510514e+03   9.989020e-01   9.989020e-01   1.154938e-01
  2.000000e-02  -0.000000e+00   2.505616e+03   9.969529e-01   9.969529e-01   1.154938e-01
  2.000000e-02  -0.000000e+00   2.498286e+03   9.940364e-01   9.940364e-01   1.154938e-01
  2.000000e-02  -0.000000e+00   2.498286e+03   9.940364e-01   9.940364e-01   1.154938e-01
  2.000000e-02  -0.000000e+00   2.505616e+03   9.969529e-01   9.969529e-01   1.154938e-01
  2.000000e-02  -0.000000e+00   2.510514e+03   9.989020e-01   9.989020e-01   1.154938e-01
  2.000000e-02  -0.000000e+00   2.512967e+03   9.998779e-01   1.000194e+00   1.154938e-01
  1.999300e-02  -0.000000e+00   2.513848e+03   9.998779e-01   9.998779e-01   1.154939e-01
  2.000701e-02  -0.000000e+00   2.509635e+03   9.989020e-01   9.989020e-01   1.154938e-01
  2.000000e-02  -0.000000e+00   2.505616e+03   9.969529e-01   9.969529e-01   1.154938e-01
  2.000000e-02  -0.000000e+00   2.498286e+03   9.940364e-01   9.940364e-01   1.154938e-01
  2.000000e-02  -0.000000e+00   2.498286e+03   9.940364e-01   9.940364e-01   1.001129e-01
  2.001401e-02  -0.000000e+00   2.503862e+03   9.969529e-01   9.969529e-01   1.001129e-01
  2.000000e-02  -0.000000e+00   2.510514e+03   9.989020e-01   9.989020e-01   1.001129e-01
  2.000000e-02  -0.000000e+00   2.512967e+03   9.998779e-01   9.998779e-01   1.001129e-01
  2.000000e-02  -0.000000e+00   2.512967e+03   9.998779e-01   9.995621e-01   1.001129e-01
  2.000000e-02  -0.000000e+00   2.510514e+03   9.989020e-01   9.992175e-01   1.001129e-01
  2.000000e-02  -0.000000e+00   2.505616e+03   9.969529e-01   9.969529e-01   1.000233e-01
  2.000000e-02  -0.000000e+00   2.498286e+03   9.940364e-01   9.940364e-01   1.001129e-01
  2.000000e-02  -0.000000e+00   2.498286e+03   9.940364e-01   9.940364e-01   1.002980e-01
  1.998510e-02  -0.000000e+00   2.507484e+03   9.969529e-01   9.969529e-01   1.001129e-01
  2.000000e-02  -0.000000e+00   2.510514e+03   9.989020e-01   9.989020e-01   1.001129e-01
  2.000000e-02  -0.000000e+00   2.512967e+03   9.998779e-01   9.995419e-01   1.001129e-01
  2.000000e-02  -0.000000e+00   2.512967e+03   9.998779e-01   9.998779e-01   1.001129e-01
  2.000000e-02  -0.000000e+00   2.510514e+03   9.989020e-01   9.989020e-01   1.002084e-01
  2.000000e-02  -0.000000e+00   2.505616e+03   9.969529e-01   9.969529e-01   1.000175e-01
  2.000000e-02  -0.000000e+00   2.498286e+03   9.940364e-01   9.940364e-01   1.001130e-01
  2.000000e-02  -0.000000e+00   2.498286e+03   9.940364e-01   9.940364e-01   1.001129e-01
  2.000000e-02  -0.000000e+00   2.505616e+03   9.969529e-01   9.969529e-01   1.001129e-01
  2.000000e-02  -0.000000e+00   2.510514e+03   9.989020e-01   9.989020e-01   1.001129e-01
  1.999207e-02  -0.000000e+00   2.513964e+03   9.998779e-01   9.998779e-01   1.001129e-01
  2.000000e-02  -0.000000e+00   2.512967e+03   9.998779e-01   9.998779e-01   1.001130e-01
  2.000000e-02  -0.000000e+00   2.510514e+03   9.989020e-01   9.989020e-01   1.001129e-01
  2.000793e-02  -0.000000e+00   2.504623e+03   9.969529e-01   9.969529e-01   1.001129e-01
  2.000000e-02  -0.000000e+00   2.498286e+03   9.940364e-01   9.940364e-01   1.001129e-01
  2.001445e-02  -0.000000e+00   2.496482e+03   9.940364e-01   9.941174e-01   1.001129e-01
  2.000000e-02  -0.000000e+00   2.505616e+03   9.969529e-01   9.969529e-01   1.001129e-01
  2.000000e-02  -0.000000e+00   2.510514e+03   9.989020e-01   9.989020e-01   1.001129e-01
  2.000000e-02  -0.000000e+00   2.512967e+03   9.998779e-01   9.998779e-01   1.001129e-01
  2.000000e-02  -0.000000e+00   2.512967e+03   9.998779e-01   9.998779e-01   1.001129e-01
  2.000000e-02  -0.000000e+00   2.510514e+03   9.989020e-01   9.989020e-01   1.001129e-01
  2.000000e-02  -0.000000e+00   2.505616e+03   9.969529e-01   9.969529e-01   1.001129e-01
  2.000000e-02  -0.000000e+00   2.498286e+03   9.940364e-01   9.940364e-01   1.001129e-01
  2.000000e-02  -0.000000e+00   2.498286e+03   9.940364e-01   9.940364e-01   1.001129e-01
  2.000000e-02  -0.000000e+00   2.505616e+03   9.969529e-01   9.969529e-01   1.001129e-01
  2.000000e-02  -0.000000e+00   2.510514e+03   9.989020e-01   9.989020e-01   9.991010e-02
  2.000000e-02  -0.000000e+00   2.512967e+03   9.998779e-01   9.996992e-01   1.001129e-01
  2.000000e-02  -0.000000e+00   2.512967e+03   9.998779e-01   9.998779e-01   1.001129e-01
  2.000000e-02  -0.000000e+00   2.510514e+03   9.989020e-01   9.989020e-01   1.003160e-01
  2.001586e-02  -0.000000e+00   2.503631e+03   9.969529e-01   9.969529e-01   1.001129e-01
  2.000000e-02  -0.000000e+00   2.498286e+03   9.940364e-01   9.940364e-01   1.001130e-01
  2.000000e-02  -0.000000e+00   2.498286e+03   9.940364e-01   9.940364e-01   1.001129e-01
  2.000000e-02  -0.000000e+00   2.505616e+03   9.969529e-01   9.969529e-01   1.001129e-01
  2.000000e-02  -0.000000e+00   2.510514e+03   9.989020e-01   9.989020e-01   1.001129e-01
  2.000000e-02  -0.000000e+00   2.512967e+03   9.998779e-01   9.998779e-01   1.001129e-01
  2.000000e-02  -0.000000e+00   2.512967e+03   9.998779e-01   9.998779e-01   1.001129e-01
  2.000000e-02  -0.000000e+00   2.510514e+03   9.989020e-01   9.989020e-01   1.001129e-01
  2.000000e-02  -0.000000e+00   2.505616e+03   9.969529e-01   9.969529e-01   1.001129e-01
  2.000000e-02  -0.000000e+00   2.498286e+03   9.940364e-01   9.939554e-01   1.001129e-01
  2.000000e-02  -0.000000e+00   2.498286e+03   9.940364e-01   9.941174e-01   1.001129e-01
  2.000000e-02  -0.000000e+00   2.505616e+03   9.969529e-01   9.969529e-01   1.001129e-01
  2.000000e-02  -0.000000e+00   2.510514e+03   9.989020e-01   9.989020e-01   1.001130e-01
  1.998415e-02  -0.000000e+00   2.514961e+03   9.998779e-01   9.998779e-01   1.001129e-01
  2.000000e-02  -0.000000e+00   2.512967e+03   9.998779e-01   9.998779e-01   9.991006e-02
  1.998415e-02  -0.000000e+00   2.512506e+03   9.989020e-01   9.989020e-01   9.991005e-02
  2.000000e-02  -0.000000e+00   2.505616e+03   9.969529e-01   9.969529e-01   1.001129e-01
  2.001445e-02  -0.000000e+00   2.496482e+03   9.940364e-01   9.940364e-01   1.001129e-01
  2.000000e-02  -0.000000e+00   2.498286e+03   9.940364e-01   9.940364e-01   1.001129e-01
  2.000000e-02  -0.000000e+00   2.505616e+03   9.969529e-01   9.969529e-01   1.001129e-01
  2.000000e-02  -0.000000e+00   2.510514e+03   9.989020e-01   9.989020e-01   1.001129e-01
  2.000000e-02  -0.000000e+00   2.512967e+03   9.998779e-01   9.998779e-01   1.001129e-01
  2.000000e-02  -0.000000e+00   2.512967e+03   9.998779e-01   9.998779e-01   1.001129e-01
  2.001586e-02  -0.000000e+00   2.508526e+03   9.989020e-01   9.989020e-01   1.001129e-01
  2.000000e-02  -0.000000e+00   2.505616e+03   9.969529e-01   9.969529e-01   1.001131e-01
  2.000000e-02  -0.000000e+00   2.498286e+03   9.940364e-01   9.940364e-01   1.001129e-01
  2.001445e-02  -0.000000e+00   2.496482e+03   9.940364e-01   9.940364e-01   1.001129e-01
  2.000000e-02  -0.000000e+00   2.505616e+03   9.969529e-01   9.969529e-01   1.001130e-01
  2.000000e-02  -0.000000e+00   2.510514e+03   9.989020e-01   9.989020e-01   1.001130e-01
  2.000000e-02  -0.000000e+00   2.512967e+03   9.998779e-01   9.998779e-01   1.001129e-01
  2.000000e-02  -0.000000e+00   2.512967e+03   9.998779e-01   9.998779e-01   1.001129e-01
  2.000000e-02  -0.000000e+00   2.510514e+03   9.989020e-01   9.989020e-01   1.001129e-01
  2.000000e-02  -0.000000e+00   2.505616e+03   9.969529e-01   9.969529e-01   1.001129e-01
  2.000000e-02  -0.000000e+00   2.498286e+03   9.940364e-01   9.940364e-01   1.001130e-01
  1.998555e-02  -0.000000e+00   2.500092e+03   9.940364e-01   9.940364e-01   1.001129e-01
  2.000000e-02  -0.000000e+00   2.505616e+03   9.969529e-01   9.969529e-01   1.001130e-01
  2.000000e-02  -0.000000e+00   2.510514e+03   9.989020e-01   9.989020e-01   1.001130e-01
  2.000000e-02  -0.000000e+00   2.512967e+03   9.998779e-01   9.998779e-01   1.001129e-01
  2.000000e-02  -0.000000e+00   2.512967e+03   9.998779e-01   9.998779e-01   1.001129e-01
  2.000000e-02  -0.000000e+00   2.510514e+03   9.989020e-01   9.989020e-01   1.001129e-01
  2.000000e-02  -0.000000e+00   2.505616e+03   9.969529e-01   9.969529e-01   1.000115e-01
  2.000000e-02  -0.000000e+00   2.498286e+03   9.940364e-01   9.940364e-01   1.001129e-01
  2.000000e-02  -0.000000e+00   2.498286e+03   9.940364e-01   9.940364e-01   1.001129e-01
  2.000000e-02  -0.000000e+00   2.505616e+03   9.969529e-01   9.969529e-01   1.001129e-01
  2.000000e-02  -0.000000e+00   2.510514e+03   9.989020e-01   9.989020e-01   1.001129e-01
  2.000000e-02  -0.000000e+00   2.512967e+03   9.998779e-01   9.998779e-01   1.001129e-01
  2.000000e-02  -0.000000e+00   2.512967e+03   9.998779e-01   9.998779e-01   1.001129e-01
  2.000000e-02  -0.000000e+00   2.510514e+03   9.989020e-01   9.989020e-01   1.001129e-01
  2.000000e-02  -0.000000e+00   2.505616e+03   9.969529e-01   9.969529e-01   1.001130e-01
  2.000000e-02  -0.000000e+00   2.498286e+03   9.940364e-01   9.940364e-01   1.000204e-01
  2.000000e-02  -0.000000e+00   2.498286e+03   9.940364e-01   9.940364e-01   1.002055e-01
  2.000000e-02  -0.000000e+00   2.505616e+03   9.969529e-01   9.969529e-01   1.001129e-01
  2.000000e-02  -0.000000e+00   2.510514e+03   9.989020e-01   9.989020e-01   1.001129e-01
  2.000000e-02  -0.000000e+00   2.512967e+03   9.998779e-01   9.998779e-01   1.001129e-01
  2.000000e-02  -0.000000e+00   2.512967e+03   9.998779e-01   9.998779e-01   1.001129e-01
  1.999207e-02  -0.000000e+00   2.511510e+03   9.989020e-01   9.989020e-01   1.001129e-01
  2.000000e-02  -0.000000e+00   2.505616e+03   9.969529e-01   9.969529e-01   1.001130e-01
  1.999639e-02  -0.000000e+00   2.498737e+03   9.940364e-01   9.940364e-01   1.001129e-01
  2.000000e-02  -0.000000e+00   2.498286e+03   9.940364e-01   9.940364e-01   1.001129e-01
  2.001586e-02  -0.000000e+00   2.503631e+03   9.969529e-01   9.969529e-01   1.001129e-01
  2.000000e-02  -0.000000e+00   2.510514e+03   9.989020e-01   9.985449e-01   1.001129e-01
  2.000000e-02  -0.000000e+00   2.512967e+03   9.998779e-01   9.998779e-01   1.001129e-01
  2.000000e-02  -0.000000e+00   2.512967e+03   9.998779e-01   9.998779e-01   1.001129e-01
  2.000000e-02  -0.000000e+00   2.510514e+03   9.989020e-01   9.989020e-01   1.001130e-01
  2.000000e-02  -0.000000e+00   2.505616e+03   9.969529e-01   9.969529e-01   1.001130e-01
  2.000000e-02  -0.000000e+00   2.498286e+03   9.940364e-01   9.940364e-01   1.002054e-01
  2.000000e-02  -0.000000e+00   2.498286e+03   9.940364e-01   9.940364e-01   1.001129e-01
  2.000000e-02  -0.000000e+00   2.505616e+03   9.969529e-01   9.969529e-01   1.001129e-01
  2.000000e-02  -0.000000e+00   2.510514e+03   9.989020e-01   9.989020e-01   1.001129e-01
  2.000000e-02  -0.000000e+00   2.512967e+03   9.998779e-01   9.998779e-01   1.001129e-01
  2.000000e-02  -0.000000e+00   2.512967e+03   9.998779e-01   9.998779e-01   1.001129e-01
  2.000000e-02  -0.000000e+00   2.510514e+03   9.989020e-01   9.989020e-01   1.001129e-01
  2.000000e-02  -0.000000e+00   2.505616e+03   9.969529e-01   9.969529e-01   1.001129e-01
  2.000000e-02  -0.000000e+00   2.498286e+03   9.940364e-01   9.940364e-01   1.001129e-01
  2.000000e-02  -0.000000e+00   2.498286e+03   9.940364e-01   9.940364e-01   1.001129e-01
  2.000000e-02  -0.000000e+00   2.505616e+03   9.969529e-01   9.969529e-01   1.001129e-01
  2.000000e-02  -0.000000e+00   2.510514e+03   9.989020e-01   9.989020e-01   1.001130e-01
  1.998415e-02  -0.000000e+00   2.514961e+03   9.998779e-01   9.998779e-01   1.001129e-01
  2.000000e-02  -0.000000e+00   2.512967e+03   9.998779e-01   9.995205e-01   1.001129e-01
  2.000000e-02  -0.000000e+00   2.510514e+03   9.989020e-01   9.989020e-01   1.001129e-01
  2.000000e-02  -0.000000e+00   2.505616e+03   9.969529e-01   9.971311e-01   1.001129e-01
  2.000000e-02  -0.000000e+00   2.498286e+03   9.940364e-01   9.940364e-01   1.002054e-01
  2.000000e-02  -0.000000e+00   2.498286e+03   9.940364e-01   9.940364e-01   1.001129e-01
  2.000000e-02  -0.000000e+00   2.505616e+03   9.969529e-01   9.969529e-01   1.001129e-01
  2.000000e-02  -0.000000e+00   2.510514e+03   9.989020e-01   9.989020e-01   1.001130e-01
  2.000000e-02  -0.000000e+00   2.512967e+03   9.998779e-01   9.998779e-01   1.001130e-01
  2.000000e-02  -0.000000e+00   2.512967e+03   9.998779e-01   9.998779e-01   1.001129e-01
  2.000000e-02  -0.000000e+00   2.510514e+03   9.989020e-01   9.989020e-01   1.001130e-01
  2.000793e-02  -0.000000e+00   2.504623e+03   9.969529e-01   9.965965e-01   1.001129e-01
  2.000000e-02  -0.000000e+00   2.498286e+03   9.940364e-01   9.940364e-01   1.001129e-01
  2.000000e-02  -0.000000e+00   2.498286e+03   9.940364e-01   9.940364e-01   1.000205e-01
  2.000000e-02  -0.000000e+00   2.505616e+03   9.969529e-01   9.969529e-01   1.001129e-01
  2.000000e-02  -0.000000e+00   2.510514e+03   9.989020e-01   9.989020e-01   1.001129e-01
  2.000000e-02  -0.000000e+00   2.512967e+03   9.998779e-01   1.000235e+00   1.001130e-01
  2.000000e-02  -0.000000e+00   2.512967e+03   9.998779e-01   9.998779e-01   1.001129e-01
  2.000000e-02  -0.000000e+00   2.510514e+03   9.989020e-01   9.989020e-01   1.001130e-01
  2.000000e-02  -0.000000e+00   2.505616e+03   9.969529e-01   9.969529e-01   1.001129e-01
  2.000000e-02  -0.000000e+00   2.498286e+03   9.940364e-01   9.943603e-01   1.001129e-01
  2.000000e-02  -0.000000e+00   2.498286e+03   9.940364e-01   9.940364e-01   1.002054e-01
  2.000000e-02  -0.000000e+00   2.505616e+03   9.969529e-01   9.967747e-01   1.001129e-01
  2.000000e-02  -0.000000e+00   2.510514e+03   9.989020e-01   9.989020e-01   1.001129e-01
  2.000000e-02  -0.000000e+00   2.512967e+03   9.998779e-01   9.998779e-01   1.001129e-01
  2.000000e-02  -0.000000e+00   2.512967e+03   9.998779e-01   9.998779e-01   1.001129e-01
  2.000000e-02  -0.000000e+00   2.510514e+03   9.989020e-01   9.989020e-01   1.001129e-01
  2.000000e-02  -0.000000e+00   2.505616e+03   9.969529e-01   9.969529e-01   1.001129e-01
  2.000000e-02  -0.000000e+00   2.498286e+03   9.940364e-01   9.940364e-01   1.000204e-01
  2.000723e-02  -0.000000e+00   2.497384e+03   9.940364e-01   9.940364e-01   1.001129e-01
  2.000000e-02  -0.000000e+00   2.505616e+03   9.969529e-01   9.969529e-01   1.001129e-01
  2.000000e-02  -0.000000e+00   2.510514e+03   9.989020e-01   9.989020e-01   1.001129e-01
  2.000000e-02  -0.000000e+00   2.512967e+03   9.998779e-01   9.998779e-01   1.001129e-01
  2.000000e-02  -0.000000e+00   2.512967e+03   9.998779e-01   9.998779e-01   1.001129e-01
  2.000000e-02  -0.000000e+00   2.510514e+03   9.989020e-01   9.989020e-01   1.001130e-01
  2.000000e-02  -0.000000e+00   2.505616e+03   9.969529e-01   9.969529e-01   1.001129e-01
  2.000000e-02  -0.000000e+00   2.498286e+03   9.940364e-01   9.940364e-01   1.001130e-01
  2.000000e-02  -0.000000e+00   2.498286e+03   9.940364e-01   9.940364e-01   1.001129e-01
  2.000000e-02  -0.000000e+00   2.505616e+03   9.969529e-01   9.969529e-01   1.001129e-01
  2.000000e-02  -0.000000e+00   2.510514e+03   9.989020e-01   9.989020e-01   1.001129e-01
  2.000000e-02  -0.000000e+00   2.512967e+03   9.998779e-01   9.998779e-01   1.001129e-01
  2.000000e-02  -0.000000e+00   2.512967e+03   9.998779e-01   9.998779e-01   1.001129e-01
  2.000000e-02  -0.000000e+00   2.510514e+03   9.989020e-01   9.989020e-01   1.001129e-01
  2.000000e-02  -0.000000e+00   2.505616e+03   9.969529e-01   9.969529e-01   1.001129e-01
  2.000361e-02  -0.000000e+00   2.497835e+03   9.940364e-01   9.940364e-01   1.001129e-01
  2.000000e-02  -0.000000e+00   2.498286e+03   9.940364e-01   9.940364e-01   1.001129e-01
  2.000000e-02  -0.000000e+00   2.505616e+03   9.969529e-01   9.969529e-01   1.001129e-01
  2.000000e-02  -0.000000e+00   2.510514e+03   9.989020e-01   9.989020e-01   1.001129e-01
  2.000000e-02  -0.000000e+00   2.512967e+03   9.998779e-01   9.998779e-01   1.001129e-01
  2.000000e-02  -0.000000e+00   2.512967e+03   9.998779e-01   9.998779e-01   1.001129e-01
  2.000000e-02  -0.000000e+00   2.510514e+03   9.989020e-01   9.989020e-01   1.001129e-01
  2.000000e-02  -0.000000e+00   2.505616e+03   9.969529e-01   9.969529e-01   1.001129e-01
  2.000000e-02  -0.000000e+00   2.498286e+03   9.940364e-01   9.938745e-01   1.001129e-01
  2.000000e-02  -0.000000e+00   2.498286e+03   9.940364e-01   9.939959e-01   1.001131e-01
  1.999207e-02  -0.000000e+00   2.506609e+03   9.969529e-01   9.969529e-01   1.001129e-01
  2.000000e-02  -0.000000e+00   2.510514e+03   9.989020e-01   9.989020e-01   1.001129e-01
  2.000000e-02  -0.000000e+00   2.512967e+03   9.998779e-01   9.998779e-01   1.001129e-01
  2.000000e-02  -0.000000e+00   2.512967e+03   9.998779e-01   9.998779e-01   1.001129e-01
  2.000000e-02  -0.000000e+00   2.510514e+03   9.989020e-01   9.989912e-01   1.001129e-01
  2.000000e-02  -0.000000e+00   2.505616e+03   9.969529e-01   9.969974e-01   1.001129e-01
  2.000000e-02  -0.000000e+00   2.498286e+03   9.940364e-01   9.940364e-01   1.001129e-01
  2.000000e-02  -0.000000e+00   2.498286e+03   9.940364e-01   9.940364e-01   1.001129e-01
  2.000000e-02  -0.000000e+00   2.505616e+03   9.969529e-01   9.969529e-01   1.001129e-01
  2.000000e-02  -0.000000e+00   2.510514e+03   9.989020e-01   9.989020e-01   1.001129e-01
  2.000000e-02  -0.000000e+00   2.512967e+03   9.998779e-01   9.998779e-01   1.001129e-01
  2.000000e-02  -0.000000e+00   2.512967e+03   9.998779e-01   9.999673e-01   1.001129e-01
  2.000000e-02  -0.000000e+00   2.510514e+03   9.989020e-01   9.989020e-01   1.001129e-01
  2.000000e-02  -0.000000e+00   2.505616e+03   9.969529e-01   9.969529e-01   1.001129e-01
  2.000000e-02  -0.000000e+00   2.498286e+03   9.940364e-01   9.940364e-01   1.001129e-01
  2.000000e-02  -0.000000e+00   2.498286e+03   9.940364e-01   9.940364e-01   1.002054e-01
  2.000000e-02  -0.000000e+00   2.505616e+03   9.969529e-01   9.969529e-01   1.001129e-01
  2.000000e-02  -0.000000e+00   2.510514e+03   9.989020e-01   9.989020e-01   1.001129e-01
  2.000000e-02  -0.000000e+00   2.512967e+03   9.998779e-01   9.998779e-01   1.001129e-01
  2.000000e-02  -0.000000e+00   2.512967e+03   9.998779e-01   9.996992e-01   1.001129e-01
  2.000000e-02  -0.000000e+00   2.510514e+03   9.989020e-01   9.989020e-01   1.001129e-01
  2.000000e-02  -0.000000e+00   2.505616e+03   9.969529e-01   9.969529e-01   1.001129e-01
  2.000000e-02  -0.000000e+00   2.498286e+03   9.940364e-01   9.940364e-01   1.001129e-01
  2.000000e-02  -0.000000e+00   2.498286e+03   9.940364e-01   9.940364e-01   1.002055e-01
  2.000000e-02  -0.000000e+00   2.505616e+03   9.969529e-01   9.969529e-01   1.001129e-01
  2.000000e-02  -0.000000e+00   2.510514e+03   9.989020e-01   9.992591e-01   1.001129e-01
  2.000000e-02  -0.000000e+00   2.512967e+03   9.998779e-01   9.995205e-01   1.001129e-01
  2.000000e-02  -0.000000e+00   2.512967e+03   9.998779e-01   9.998779e-01   1.001129e-01
  2.000793e-02  -0.000000e+00   2.509520e+03   9.989020e-01   9.989020e-01   1.001129e-01
  2.000000e-02  -0.000000e+00   2.505616e+03   9.969529e-01   9.969529e-01   1.001129e-01
  2.000723e-02  -0.000000e+00   2.497384e+03   9.940364e-01   9.940364e-01   1.001130e-01
  2.000000e-02  -0.000000e+00   2.498286e+03   9.940364e-01   9.940364e-01   1.001130e-01
  2.000000e-02  -0.000000e+00   2.505616e+03   9.969529e-01   9.969529e-01   1.001129e-01
  2.000000e-02  -0.000000e+00   2.510514e+03   9.989020e-01   9.989020e-01   1.001129e-01
  2.000000e-02  -0.000000e+00   2.512967e+03   9.998779e-01   9.998779e-01   1.001132e-01
  2.000000e-02  -0.000000e+00   2.512967e+03   9.998779e-01   9.998779e-01   1.001129e-01
  2.000000e-02  -0.000000e+00   2.510514e+03   9.989020e-01   9.989020e-01   1.001129e-01
  2.000000e-02  -0.000000e+00   2.505616e+03   9.969529e-01   9.969529e-01   1.001129e-01
  2.000000e-02  -0.000000e+00   2.498286e+03   9.940364e-01   9.940364e-01   1.000205e-01
  2.000000e-02  -0.000000e+00   2.498286e+03   9.940364e-01   9.941984e-01   1.001129e-01
  2.000000e-02  -0.000000e+00   2.505616e+03   9.969529e-01   9.969529e-01   1.001129e-01
  2.000396e-02  -0.000000e+00   2.510017e+03   9.989020e-01   9.989020e-01   1.001129e-01
  2.000000e-02  -0.000000e+00   2.512967e+03   9.998779e-01   9.998779e-01   1.001129e-01
  2.000000e-02  -0.000000e+00   2.512967e+03   9.998779e-01   1.000057e+00   1.001129e-01
  2.000000e-02  -0.000000e+00   2.510514e+03   9.989020e-01   9.989020e-01   1.001129e-01
  2.000000e-02  -0.000000e+00   2.505616e+03   9.969529e-01   9.969529e-01   1.001129e-01
  2.000000e-02  -0.000000e+00   2.498286e+03   9.940364e-01   9.938745e-01   1.001130e-01
  2.000000e-02  -0.000000e+00   2.498286e+03   9.940364e-01   9.940364e-01   1.000204e-01
  2.000000e-02  -0.000000e+00   2.505616e+03   9.969529e-01   9.969529e-01   1.001129e-01
  2.000000e-02  -0.000000e+00   2.510514e+03   9.989020e-01   9.989020e-01   1.001129e-01
  2.000000e-02  -0.000000e+00   2.512967e+03   9.998779e-01   9.998779e-01   1.001129e-01
  2.000000e-02  -0.000000e+00   2.512967e+03   9.998779e-01   9.998779e-01   1.001129e-01
  2.000000e-02  -0.000000e+00   2.510514e+03   9.989020e-01   9.989020e-01   1.001129e-01
  2.000000e-02  -0.000000e+00   2.505616e+03   9.969529e-01   9.971311e-01   1.001129e-01
  2.000000e-02  -0.000000e+00   2.498286e+03   9.940364e-01   9.940364e-01   1.001129e-01
  2.000000e-02  -0.000000e+00   2.498286e+03   9.940364e-01   9.940364e-01   1.002054e-01
  2.000000e-02  -0.000000e+00   2.505616e+03   9.969529e-01   9.969529e-01   1.001129e-01
  2.000000e-02  -0.000000e+00   2.510514e+03   9.989020e-01   9.985449e-01   1.001131e-01
  2.000000e-02  -0.000000e+00   2.512967e+03   9.998779e-01   9.998779e-01   1.001129e-01
  2.000000e-02  -0.000000e+00   2.512967e+03   9.998779e-01   9.998779e-01   1.001129e-01
  2.000000e-02  -0.000000e+00   2.510514e+03   9.989020e-01   9.989020e-01   1.001129e-01
  2.000000e-02  -0.000000e+00   2.505616e+03   9.969529e-01   9.969529e-01   1.001129e-01
  2.000000e-02  -0.000000e+00   2.498286e+03   9.940364e-01   9.943603e-01   1.001129e-01
  2.000000e-02  -0.000000e+00   2.498286e+03   9.940364e-01   9.940364e-01   1.001129e-01
  2.000000e-02  -0.000000e+00   2.505616e+03   9.969529e-01   9.973093e-01   1.001129e-01
  2.000000e-02  -0.000000e+00   2.510514e+03   9.989020e-01   9.989020e-01   1.001129e-01
  2.000000e-02  -0.000000e+00   2.512967e+03   9.998779e-01   9.998779e-01   1.001129e-01
  2.000000e-02  -0.000000e+00   2.512967e+03   9.998779e-01   9.998779e-01   1.001129e-01
  2.000000e-02  -0.000000e+00   2.510514e+03   9.989020e-01   9.989020e-01   1.001129e-01
  2.000000e-02  -0.000000e+00   2.505616e+03   9.969529e-01   9.969529e-01   1.001129e-01
  2.000000e-02  -0.000000e+00   2.498286e+03   9.940364e-01   9.940364e-01   1.001130e-01
  2.000000e-02  -0.000000e+00   2.498286e+03   9.940364e-01   9.940364e-01   1.001129e-01
  2.000000e-02  -0.000000e+00   2.505616e+03   9.969529e-01   9.969529e-01   1.001129e-01
  2.000000e-02  -0.000000e+00   2.510514e+03   9.989020e-01   9.989020e-01   1.001129e-01
  2.000000e-02  -0.000000e+00   2.512967e+03   9.998779e-01   9.998779e-01   1.001131e-01
  2.000000e-02  -0.000000e+00   2.512967e+03   9.998779e-01   9.998779e-01   1.001129e-01
  2.000000e-02  -0.000000e+00   2.510514e+03   9.989020e-01   9.989020e-01   1.001129e-01
  2.000000e-02  -0.000000e+00   2.505616e+03   9.969529e-01   9.972879e-01   1.001129e-01
  1.999639e-02  -0.000000e+00   2.498737e+03   9.940364e-01   9.940364e-01   1.001129e-01
  2.000000e-02  -0.000000e+00   2.498286e+03   9.940364e-01   9.940364e-01   1.001129e-01
  2.000000e-02  -0.000000e+00   2.505616e+03   9.969529e-01   9.969529e-01   1.001129e-01
  2.000000e-02  -0.000000e+00   2.510514e+03   9.989020e-01   9.989020e-01   1.001129e-01
  2.000000e-02  -0.000000e+00   2.512967e+03   9.998779e-01   9.995621e-01   1.001129e-01
  2.000000e-02  -0.000000e+00   2.512967e+03   9.998779e-01   9.995621e-01   1.001131e-01
  2.000000e-02  -0.000000e+00   2.510514e+03   9.989020e-01   9.989020e-01   1.001129e-01
  2.000000e-02  -0.000000e+00   2.505616e+03   9.969529e-01   9.969529e-01   1.001131e-01
  2.000000e-02  -0.000000e+00   2.498286e+03   9.940364e-01   9.940364e-01   1.001129e-01
  2.000000e-02  -0.000000e+00   2.498286e+03   9.940364e-01   9.940364e-01   8.583069e-02
  2.000000e-02  -0.000000e+00   2.505616e+03   9.969529e-01   9.969529e-01   8.583069e-02
  2.000000e-02  -0.000000e+00   2.510514e+03   9.989020e-01   9.989020e-01   8.583069e-02
  2.000000e-02  -0.000000e+00   2.512967e+03   9.998779e-01   9.998779e-01   8.583069e-02
  2.000000e-02  -0.000000e+00   2.512967e+03   9.998779e-01   9.998779e-01   8.583069e-02
  2.000000e-02  -0.000000e+00   2.510514e+03   9.989020e-01   9.989020e-01   8.583083e-02
  2.000000e-02  -0.000000e+00   2.505616e+03   9.969529e-01   9.969529e-01   8.583069e-02
  2.000000e-02  -0.000000e+00   2.498286e+03   9.940364e-01   9.940364e-01   8.583083e-02
  2.000000e-02  -0.000000e+00   2.498286e+03   9.940364e-01   9.940364e-01   8.600207e-02
  2.000000e-02  -0.000000e+00   2.505616e+03   9.969529e-01   9.969529e-01   8.583069e-02
  2.000000e-02  -0.000000e+00   2.510514e+03   9.989020e-01   9.989020e-01   8.583069e-02
  1.999255e-02  -0.000000e+00   2.513904e+03   9.998779e-01   9.998779e-01   8.583069e-02
  2.000000e-02  -0.000000e+00   2.512967e+03   9.998779e-01   9.998779e-01   8.583069e-02
  2.000000e-02  -0.000000e+00   2.510514e+03   9.989020e-01   9.989020e-01   8.583069e-02
  2.000000e-02  -0.000000e+00   2.505616e+03   9.969529e-01   9.969529e-01   8.583069e-02
  2.000000e-02  -0.000000e+00   2.498286e+03   9.940364e-01   9.940364e-01   8.583069e-02
  2.000000e-02  -0.000000e+00   2.498286e+03   9.940364e-01   9.940364e-01   8.583069e-02
  2.000000e-02  -0.000000e+00   2.505616e+03   9.969529e-01   9.969529e-01   8.583069e-02
  2.000000e-02  -0.000000e+00   2.510514e+03   9.989020e-01   9.989020e-01   8.583069e-02
  2.000000e-02  -0.000000e+00   2.512967e+03   9.998779e-01   9.998779e-01   8.583069e-02
  2.000000e-02  -0.000000e+00   2.512967e+03   9.998779e-01   9.998779e-01   8.583069e-02
  2.000000e-02  -0.000000e+00   2.510514e+03   9.989020e-01   9.989020e-01   8.583069e-02
  2.000000e-02  -0.000000e+00   2.505616e+03   9.969529e-01   9.969529e-01   8.583069e-02
  2.000000e-02  -0.000000e+00   2.498286e+03   9.940364e-01   9.940364e-01   8.583069e-02
  2.000000e-02  -0.000000e+00   2.498286e+03   9.940364e-01   9.940364e-01   8.583069e-02
  2.001635e-02  -0.000000e+00   2.503569e+03   9.969529e-01   9.969529e-01   8.583069e-02
  2.000000e-02  -0.000000e+00   2.510514e+03   9.989020e-01   9.989020e-01   8.583069e-02
  2.000000e-02  -0.000000e+00   2.512967e+03   9.998779e-01   9.998779e-01   8.563090e-02
  2.000000e-02  -0.000000e+00   2.512967e+03   9.998779e-01   9.998779e-01   8.583069e-02
  1.999157e-02  -0.000000e+00   2.511573e+03   9.989020e-01   9.989020e-01   8.583069e-02
  2.000000e-02  -0.000000e+00   2.505616e+03   9.969529e-01   9.969529e-01   8.583069e-02
  2.000000e-02  -0.000000e+00   2.498286e+03   9.940364e-01   9.940364e-01   8.583073e-02
  2.000000e-02  -0.000000e+00   2.498286e+03   9.940364e-01   9.940364e-01   8.583069e-02
  2.000000e-02  -0.000000e+00   2.505616e+03   9.969529e-01   9.969529e-01   8.583069e-02
  2.000000e-02  -0.000000e+00   2.510514e+03   9.989020e-01   9.989020e-01   8.583069e-02
  2.000000e-02  -0.000000e+00   2.512967e+03   9.998779e-01   9.998779e-01   8.583069e-02
  2.000000e-02  -0.000000e+00   2.512967e+03   9.998779e-01   9.998779e-01   8.583069e-02
  2.000000e-02  -0.000000e+00   2.510514e+03   9.989020e-01   9.989020e-01   8.583069e-02
  2.000000e-02  -0.000000e+00   2.505616e+03   9.969529e-01   9.969529e-01   8.583069e-02
  2.000000e-02  -0.000000e+00   2.498286e+03   9.940364e-01   9.940364e-01   8.583069e-02
  2.000000e-02  -0.000000e+00   2.498286e+03   9.940364e-01   9.940364e-01   8.583069e-02
  2.000000e-02  -0.000000e+00   2.505616e+03   9.969529e-01   9.969529e-01   8.583069e-02
  2.000000e-02  -0.000000e+00   2.510514e+03   9.989020e-01   9.989020e-01   8.583070e-02
  2.000000e-02  -0.000000e+00   2.512967e+03   9.998779e-01   9.998779e-01   8.563090e-02
  1.999157e-02  -0.000000e+00   2.514027e+03   9.998779e-01   9.998779e-01   8.583069e-02
  2.000000e-02  -0.000000e+00   2.510514e+03   9.989020e-01   9.989020e-01   8.583069e-02
  2.000409e-02  -0.000000e+00   2.505104e+03   9.969529e-01   9.969529e-01   8.583069e-02
  2.000000e-02  -0.000000e+00   2.498286e+03   9.940364e-01   9.940364e-01   8.583069e-02
  2.000000e-02  -0.000000e+00   2.498286e+03   9.940364e-01   9.940364e-01   8.583069e-02
  2.000000e-02  -0.000000e+00   2.505616e+03   9.969529e-01   9.969529e-01   8.583069e-02
  2.000000e-02  -0.000000e+00   2.510514e+03   9.989020e-01   9.989020e-01   8.583070e-02
  2.000000e-02  -0.000000e+00   2.512967e+03   9.998779e-01   9.998779e-01   8.583069e-02
  2.000000e-02  -0.000000e+00   2.512967e+03   9.998779e-01   9.998779e-01   8.603071e-02
  2.000000e-02  -0.000000e+00   2.510514e+03   9.989020e-01   9.989020e-01   8.583069e-02
  2.000000e-02  -0.000000e+00   2.505616e+03   9.969529e-01   9.969529e-01   8.583069e-02
  2.000000e-02  -0.000000e+00   2.498286e+03   9.940364e-01   9.940364e-01   8.583069e-02
  2.000000e-02  -0.000000e+00   2.498286e+03   9.940364e-01   9.941984e-01   8.583069e-02
  2.000000e-02  -0.000000e+00   2.505616e+03   9.969529e-01   9.969529e-01   8.583088e-02
  2.000000e-02  -0.000000e+00   2.510514e+03   9.989020e-01   9.989020e-01   8.583069e-02
  2.000000e-02  -0.000000e+00   2.512967e+03   9.998779e-01   9.998779e-01   8.603071e-02
  2.000000e-02  -0.000000e+00   2.512967e+03   9.998779e-01   9.998779e-01   8.583090e-02
  2.000000e-02  -0.000000e+00   2.510514e+03   9.989020e-01   9.989020e-01   8.583069e-02
  2.000000e-02  -0.000000e+00   2.505616e+03   9.969529e-01   9.969529e-01   8.583069e-02
  2.000000e-02  -0.000000e+00   2.498286e+03   9.940364e-01   9.940364e-01   8.583069e-02
  2.000000e-02  -0.000000e+00   2.498286e+03   9.940364e-01   9.940364e-01   8.583069e-02
  2.000000e-02  -0.000000e+00   2.505616e+03   9.969529e-01   9.969529e-01   8.583069e-02
  2.000000e-02  -0.000000e+00   2.510514e+03   9.989020e-01   9.989020e-01   8.583072e-02
  2.000000e-02  -0.000000e+00   2.512967e+03   9.998779e-01   9.998779e-01   8.583069e-02
  2.000000e-02  -0.000000e+00   2.512967e+03   9.998779e-01   9.998779e-01   8.583069e-02
  1.999157e-02  -0.000000e+00   2.511573e+03   9.989020e-01   9.989020e-01   8.583069e-02
  2.000000e-02  -0.000000e+00   2.505616e+03   9.969529e-01   9.969529e-01   8.583088e-02
  2.000000e-02  -0.000000e+00   2.498286e+03   9.940364e-01   9.940364e-01   8.583069e-02
  2.000000e-02  -0.000000e+00   2.498286e+03   9.940364e-01   9.940364e-01   8.583069e-02
  2.000000e-02  -0.000000e+00   2.505616e+03   9.969529e-01   9.969069e-01   8.583069e-02
  2.000000e-02  -0.000000e+00   2.510514e+03   9.989020e-01   9.989020e-01   8.583069e-02
  2.000000e-02  -0.000000e+00   2.512967e+03   9.998779e-01   9.998779e-01   8.583069e-02
  2.000000e-02  -0.000000e+00   2.512967e+03   9.998779e-01   9.998779e-01   8.583069e-02
  2.000000e-02  -0.000000e+00   2.510514e+03   9.989020e-01   9.989020e-01   8.583069e-02
  2.000000e-02  -0.000000e+00   2.505616e+03   9.969529e-01   9.969529e-01   8.573383e-02
  2.000000e-02  -0.000000e+00   2.498286e+03   9.940364e-01   9.939959e-01   8.583069e-02
  2.000000e-02  -0.000000e+00   2.498286e+03   9.940364e-01   9.940364e-01   8.591636e-02
  2.000000e-02  -0.000000e+00   2.505616e+03   9.969529e-01   9.969529e-01   8.583069e-02
  2.000000e-02  -0.000000e+00   2.510514e+03   9.989020e-01   9.989020e-01   8.583069e-02
  2.000000e-02  -0.000000e+00   2.512967e+03   9.998779e-01   9.998779e-01   8.583069e-02
  2.000000e-02  -0.000000e+00   2.512967e+03   9.998779e-01   9.998779e-01   8.583069e-02
  2.000000e-02  -0.000000e+00   2.510514e+03   9.989020e-01   9.988070e-01   8.583069e-02
  2.000000e-02  -0.000000e+00   2.505616e+03   9.969529e-01   9.969529e-01   8.583069e-02
  2.000000e-02  -0.000000e+00   2.498286e+03   9.940364e-01   9.941174e-01   8.583069e-02
  2.000000e-02  -0.000000e+00   2.498286e+03   9.940364e-01   9.940364e-01   8.574506e-02
  2.000000e-02  -0.000000e+00   2.505616e+03   9.969529e-01   9.969529e-01   8.583069e-02
  2.000000e-02  -0.000000e+00   2.510514e+03   9.989020e-01   9.989020e-01   8.583069e-02
  2.000000e-02  -0.000000e+00   2.512967e+03   9.998779e-01   9.998779e-01   8.583069e-02
  2.000000e-02  -0.000000e+00   2.512967e+03   9.998779e-01   9.998779e-01   8.583069e-02
  2.000000e-02  -0.000000e+00   2.510514e+03   9.989020e-01   9.989020e-01   8.583069e-02
  2.000000e-02  -0.000000e+00   2.505616e+03   9.969529e-01   9.969529e-01   8.583069e-02
  2.000000e-02  -0.000000e+00   2.498286e+03   9.940364e-01   9.940364e-01   8.583069e-02
  2.000000e-02  -0.000000e+00   2.498286e+03   9.940364e-01   9.940364e-01   8.583069e-02
  2.000000e-02  -0.000000e+00   2.505616e+03   9.969529e-01   9.969529e-01   8.583069e-02
  2.000000e-02  -0.000000e+00   2.510514e+03   9.989020e-01   9.989020e-01   8.583069e-02
  2.000000e-02  -0.000000e+00   2.512967e+03   9.998779e-01   9.998779e-01   8.583069e-02
  2.000000e-02  -0.000000e+00   2.512967e+03   9.998779e-01   9.998779e-01   8.583072e-02
  2.000000e-02  -0.000000e+00   2.510514e+03   9.989020e-01   9.989020e-01   8.583069e-02
  2.000000e-02  -0.000000e+00   2.505616e+03   9.969529e-01   9.969529e-01   8.583069e-02
  2.000000e-02  -0.000000e+00   2.498286e+03   9.940364e-01   9.940364e-01   8.583073e-02
  2.000000e-02  -0.000000e+00   2.498286e+03   9.940364e-01   9.940364e-01   8.583069e-02
  2.000000e-02  -0.000000e+00   2.505616e+03   9.969529e-01   9.969529e-01   8.583069e-02
  2.000000e-02  -0.000000e+00   2.510514e+03   9.989020e-01   9.989020e-01   8.583069e-02
  1.999157e-02  -0.000000e+00   2.514027e+03   9.998779e-01   9.998779e-01   8.583069e-02
  2.000000e-02  -0.000000e+00   2.512967e+03   9.998779e-01   9.998779e-01   8.583069e-02
  2.000000e-02  -0.000000e+00   2.510514e+03   9.989020e-01   9.989020e-01   8.583072e-02
  2.000000e-02  -0.000000e+00   2.505616e+03   9.969529e-01   9.969529e-01   8.583069e-02
  1.999639e-02  -0.000000e+00   2.498737e+03   9.940364e-01   9.940364e-01   8.583077e-02
  2.000000e-02  -0.000000e+00   2.498286e+03   9.940364e-01   9.940364e-01   8.583069e-02
  2.000000e-02  -0.000000e+00   2.505616e+03   9.969529e-01   9.969529e-01   8.583069e-02
  2.000000e-02  -0.000000e+00   2.510514e+03   9.989020e-01   9.989020e-01   8.583069e-02
  2.000000e-02  -0.000000e+00   2.512967e+03   9.998779e-01   9.998779e-01   8.583092e-02
  2.000000e-02  -0.000000e+00   2.512967e+03   9.998779e-01   9.998779e-01   8.583069e-02
  2.000000e-02  -0.000000e+00   2.510514e+03   9.989020e-01   9.989020e-01   8.583069e-02
  2.000818e-02  -0.000000e+00   2.504592e+03   9.969529e-01   9.968610e-01   8.583069e-02
  2.000000e-02  -0.000000e+00   2.498286e+03   9.940364e-01   9.940364e-01   8.583069e-02
  2.000000e-02  -0.000000e+00   2.498286e+03   9.940364e-01   9.940364e-01   8.583069e-02
  2.000000e-02  -0.000000e+00   2.505616e+03   9.969529e-01   9.969529e-01   8.583069e-02
  2.000000e-02  -0.000000e+00   2.510514e+03   9.989020e-01   9.989020e-01   8.583072e-02
  2.000000e-02  -0.000000e+00   2.512967e+03   9.998779e-01   1.000258e+00   8.583069e-02
  2.000000e-02  -0.000000e+00   2.512967e+03   9.998779e-01   9.998779e-01   8.583069e-02
  2.000000e-02  -0.000000e+00   2.510514e+03   9.989020e-01   9.989020e-01   8.583069e-02
  2.000000e-02  -0.000000e+00   2.505616e+03   9.969529e-01   9.969529e-01   8.583069e-02
  2.000000e-02  -0.000000e+00   2.498286e+03   9.940364e-01   9.940364e-01   8.583069e-02
  2.000000e-02  -0.000000e+00   2.498286e+03   9.940364e-01   9.938745e-01   8.583069e-02
  2.000000e-02  -0.000000e+00   2.505616e+03   9.969529e-01   9.969529e-01   8.583069e-02
  2.000000e-02  -0.000000e+00   2.510514e+03   9.989020e-01   9.989020e-01   8.583069e-02
  2.000843e-02  -0.000000e+00   2.511908e+03   9.998779e-01   9.998779e-01   8.583069e-02
  2.000843e-02  -0.000000e+00   2.511908e+03   9.998779e-01   9.998779e-01   8.583069e-02
  2.000000e-02  -0.000000e+00   2.510514e+03   9.989020e-01   9.989020e-01   8.583069e-02
  2.000000e-02  -0.000000e+00   2.505616e+03   9.969529e-01   9.969529e-01   8.583069e-02
  2.000000e-02  -0.000000e+00   2.498286e+03   9.940364e-01   9.940364e-01   8.591636e-02
  2.000000e-02  -0.000000e+00   2.498286e+03   9.940364e-01   9.940364e-01   8.583069e-02
  2.000000e-02  -0.000000e+00   2.505616e+03   9.969529e-01   9.969529e-01   8.583088e-02
  2.000000e-02  -0.000000e+00   2.510514e+03   9.989020e-01   9.990919e-01   8.583069e-02
  2.000000e-02  -0.000000e+00   2.512967e+03   9.998779e-01   9.998779e-01   8.583069e-02
  2.000000e-02  -0.000000e+00   2.512967e+03   9.998779e-01   9.998779e-01   8.583069e-02
  2.000000e-02  -0.000000e+00   2.510514e+03   9.989020e-01   9.989020e-01   8.583069e-02
  2.000000e-02  -0.000000e+00   2.505616e+03   9.969529e-01   9.969529e-01   8.583069e-02
  2.000000e-02  -0.000000e+00   2.498286e+03   9.940364e-01   9.940364e-01   8.574508e-02
  2.000723e-02  -0.000000e+00   2.497384e+03   9.940364e-01   9.940364e-01   8.583069e-02
  2.000000e-02  -0.000000e+00   2.505616e+03   9.969529e-01   9.969529e-01   8.583069e-02
  2.000000e-02  -0.000000e+00   2.510514e+03   9.989020e-01   9.989020e-01   8.583069e-02
  2.000000e-02  -0.000000e+00   2.512967e+03   9.998779e-01   9.998779e-01   8.583069e-02
  2.000000e-02  -0.000000e+00   2.512967e+03   9.998779e-01   9.998779e-01   8.583069e-02
  2.000000e-02  -0.000000e+00   2.510514e+03   9.989020e-01   9.989020e-01   8.583069e-02
  2.000000e-02  -0.000000e+00   2.505616e+03   9.969529e-01   9.969529e-01   8.583069e-02
  2.000000e-02  -0.000000e+00   2.498286e+03   9.940364e-01   9.940364e-01   8.583069e-02
  2.000000e-02  -0.000000e+00   2.498286e+03   9.940364e-01   9.940364e-01   8.583069e-02
  2.000000e-02  -0.000000e+00   2.505616e+03   9.969529e-01   9.970448e-01   8.583069e-02
  2.000000e-02  -0.000000e+00   2.510514e+03   9.989020e-01   9.987120e-01   8.583069e-02
  2.000000e-02  -0.000000e+00   2.512967e+03   9.998779e-01   9.998779e-01   8.583069e-02
  2.000000e-02  -0.000000e+00   2.512967e+03   9.998779e-01   9.998779e-01   8.583069e-02
  1.999578e-02  -0.000000e+00   2.511044e+03   9.989020e-01   9.987120e-01   8.583069e-02
  2.000000e-02  -0.000000e+00   2.505616e+03   9.969529e-01   9.969529e-01   8.583069e-02
  2.000000e-02  -0.000000e+00   2.498286e+03   9.940364e-01   9.940364e-01   8.591636e-02
  2.000000e-02  -0.000000e+00   2.498286e+03   9.940364e-01   9.940364e-01   8.583069e-02
  2.000000e-02  -0.000000e+00   2.505616e+03   9.969529e-01   9.969529e-01   8.583069e-02
  2.000000e-02  -0.000000e+00   2.510514e+03   9.989020e-01   9.989969e-01   8.583069e-02
  2.000000e-02  -0.000000e+00   2.512967e+03   9.998779e-01   9.998779e-01   8.583069e-02
  2.000000e-02  -0.000000e+00   2.512967e+03   9.998779e-01   9.998779e-01   8.583069e-02
  2.000000e-02  -0.000000e+00   2.510514e+03   9.989020e-01   9.988070e-01   8.583069e-02
  2.000000e-02  -0.000000e+00   2.505616e+03   9.969529e-01   9.969529e-01   8.583069e-02
  2.000000e-02  -0.000000e+00   2.498286e+03   9.940364e-01   9.940364e-01   8.583069e-02
  2.000000e-02  -0.000000e+00   2.498286e+03   9.940364e-01   9.940364e-01   8.583069e-02
  1.999183e-02  -0.000000e+00   2.506640e+03   9.969529e-01   9.970448e-01   8.583069e-02
  2.000000e-02  -0.000000e+00   2.510514e+03   9.989020e-01   9.989020e-01   8.583069e-02
  2.000000e-02  -0.000000e+00   2.512967e+03   9.998779e-01   9.998779e-01   8.583069e-02
  2.000000e-02  -0.000000e+00   2.512967e+03   9.998779e-01   9.998779e-01   8.583069e-02
  2.000000e-02  -0.000000e+00   2.510514e+03   9.989020e-01   9.989020e-01   8.583069e-02
  2.000000e-02  -0.000000e+00   2.505616e+03   9.969529e-01   9.969529e-01   8.583088e-02
  2.000000e-02  -0.000000e+00   2.498286e+03   9.940364e-01   9.940364e-01   8.583084e-02
  2.000000e-02  -0.000000e+00   2.498286e+03   9.940364e-01   9.941174e-01   8.583069e-02
  2.000000e-02  -0.000000e+00   2.505616e+03   9.969529e-01   9.969529e-01   8.583069e-02
  2.000000e-02  -0.000000e+00   2.510514e+03   9.989020e-01   9.989020e-01   8.583069e-02
  2.000000e-02  -0.000000e+00   2.512967e+03   9.998779e-01   9.998779e-01   8.583069e-02
  2.000000e-02  -0.000000e+00   2.512967e+03   9.998779e-01   9.998779e-01   8.583069e-02
  2.000000e-02  -0.000000e+00   2.510514e+03   9.989020e-01   9.989495e-01   8.583069e-02
  2.000000e-02  -0.000000e+00   2.505616e+03   9.969529e-01   9.971367e-01   8.583069e-02
  1.998555e-02  -0.000000e+00   2.500092e+03   9.940364e-01   9.940364e-01   8.583084e-02
  2.000000e-02  -0.000000e+00   2.498286e+03   9.940364e-01   9.940364e-01   8.583069e-02
  2.000000e-02  -0.000000e+00   2.505616e+03   9.969529e-01   9.969529e-01   8.583069e-02
  2.000000e-02  -0.000000e+00   2.510514e+03   9.989020e-01   9.989020e-01   8.583090e-02
  2.000000e-02  -0.000000e+00   2.512967e+03   9.998779e-01   9.998779e-01   8.583069e-02
  2.000000e-02  -0.000000e+00   2.512967e+03   9.998779e-01   9.998779e-01   8.583070e-02
  2.000000e-02  -0.000000e+00   2.510514e+03   9.989020e-01   9.989020e-01   8.583069e-02
  2.000000e-02  -0.000000e+00   2.505616e+03   9.969529e-01   9.969529e-01   8.583088e-02
  2.000000e-02  -0.000000e+00   2.498286e+03   9.940364e-01   9.940769e-01   8.583069e-02
  2.000000e-02  -0.000000e+00   2.498286e+03   9.940364e-01   9.941984e-01   8.583077e-02
  2.000000e-02  -0.000000e+00   2.505616e+03   9.969529e-01   9.967691e-01   8.583069e-02
  2.000000e-02  -0.000000e+00   2.510514e+03   9.989020e-01   9.989020e-01   8.583069e-02
  2.000000e-02  -0.000000e+00   2.512967e+03   9.998779e-01   9.998779e-01   8.583069e-02
  2.000000e-02  -0.000000e+00   2.512967e+03   9.998779e-01   9.998779e-01   8.583069e-02
  2.000000e-02  -0.000000e+00   2.510514e+03   9.989020e-01   9.989020e-01   8.583069e-02
  2.000000e-02  -0.000000e+00   2.505616e+03   9.969529e-01   9.969529e-01   8.583069e-02
  2.000000e-02  -0.000000e+00   2.498286e+03   9.940364e-01   9.938745e-01   8.583077e-02
  2.000000e-02  -0.000000e+00   2.498286e+03   9.940364e-01   9.940364e-01   8.583069e-02
  2.000000e-02  -0.000000e+00   2.505616e+03   9.969529e-01   9.969529e-01   8.583069e-02
  2.000000e-02  -0.000000e+00   2.510514e+03   9.989020e-01   9.989020e-01   8.583101e-02
  2.000000e-02  -0.000000e+00   2.512967e+03   9.998779e-01   9.998779e-01   8.583069e-02
  2.000000e-02  -0.000000e+00   2.512967e+03   9.998779e-01   9.998779e-01   8.583069e-02
  2.000000e-02  -0.000000e+00   2.510514e+03   9.989020e-01   9.989020e-01   8.583069e-02
  2.000000e-02  -0.000000e+00   2.505616e+03   9.969529e-01   9.969529e-01   8.583069e-02
  2.000000e-02  -0.000000e+00   2.498286e+03   9.940364e-01   9.940364e-01   8.574506e-02
  2.000000e-02  -0.000000e+00   2.498286e+03   9.940364e-01   9.940364e-01   8.583084e-02
  2.000000e-02  -0.000000e+00   2.505616e+03   9.969529e-01   9.969529e-01   8.583069e-02
  2.000000e-02  -0.000000e+00   2.510514e+03   9.989020e-01   9.989969e-01   8.583069e-02
  2.000000e-02  -0.000000e+00   2.512967e+03   9.998779e-01   1.000068e+00   8.583069e-02
  2.000000e-02  -0.000000e+00   2.512967e+03   9.998779e-01   9.998779e-01   8.583090e-02
  2.000000e-02  -0.000000e+00   2.510514e+03   9.989020e-01   9.989020e-01   8.583069e-02
  2.000000e-02  -0.000000e+00   2.505616e+03   9.969529e-01   9.969529e-01   8.583069e-02
  2.000000e-02  -0.000000e+00   2.498286e+03   9.940364e-01   9.940364e-01   8.583092e-02
  2.000000e-02  -0.000000e+00   2.498286e+03   9.940364e-01   9.940364e-01   8.583069e-02
  2.000000e-02  -0.000000e+00   2.505616e+03   9.969529e-01   9.969529e-01   8.583069e-02
  2.000000e-02  -0.000000e+00   2.510514e+03   9.989020e-01   9.989020e-01   8.583069e-02
  2.000000e-02  -0.000000e+00   2.512967e+03   9.998779e-01   9.998779e-01   8.583069e-02
  2.000000e-02  -0.000000e+00   2.512967e+03   9.998779e-01   9.998779e-01   8.583069e-02
  2.000000e-02  -0.000000e+00   2.510514e+03   9.989020e-01   9.989020e-01   8.583069e-02
  2.000000e-02  -0.000000e+00   2.505616e+03   9.969529e-01   9.970448e-01   8.583069e-02
  2.000000e-02  -0.000000e+00   2.498286e+03   9.940364e-01   9.938745e-01   8.574506e-02
  1.999639e-02  -0.000000e+00   2.498737e+03   9.940364e-01   9.940364e-01   8.583069e-02
  2.000000e-02  -0.000000e+00   2.505616e+03   9.969529e-01   9.969529e-01   8.583069e-02
  2.000000e-02  -0.000000e+00   2.510514e+03   9.989020e-01   9.989020e-01   8.583069e-02
  2.000000e-02  -0.000000e+00   2.512967e+03   9.998779e-01   9.998779e-01   8.583090e-02
  2.000000e-02  -0.000000e+00   2.512967e+03   9.998779e-01   9.998779e-01   8.583069e-02
  2.000000e-02  -0.000000e+00   2.510514e+03   9.989020e-01   9.989020e-01   8.583069e-02
  2.000000e-02  -0.000000e+00   2.505616e+03   9.969529e-01   9.969529e-01   8.583069e-02
  2.000000e-02  -0.000000e+00   2.498286e+03   9.940364e-01   9.940364e-01   8.583077e-02
  2.000000e-02  -0.000000e+00   2.498286e+03   9.940364e-01   9.940364e-01   8.583069e-02
  2.000000e-02  -0.000000e+00   2.505616e+03   9.969529e-01   9.969529e-01   8.583069e-02
  2.000000e-02  -0.000000e+00   2.510514e+03   9.989020e-01   9.989020e-01   8.583087e-02
  2.000000e-02  -0.000000e+00   2.512967e+03   9.998779e-01   9.998779e-01   8.583087e-02
  2.000000e-02  -0.000000e+00   2.512967e+03   9.998779e-01   9.995205e-01   8.583069e-02
  2.000396e-02  -0.000000e+00   2.510017e+03   9.989020e-01   9.992591e-01   8.583069e-02
  2.000000e-02  -0.000000e+00   2.505616e+03   9.969529e-01   9.969529e-01   8.583069e-02
  2.000000e-02  -0.000000e+00   2.498286e+03   9.940364e-01   9.937125e-01   8.583077e-02
  2.000000e-02  -0.000000e+00   2.498286e+03   9.940364e-01   9.940364e-01   8.583069e-02
  2.000000e-02  -0.000000e+00   2.505616e+03   9.969529e-01   9.969529e-01   8.583069e-02
  2.000000e-02  -0.000000e+00   2.510514e+03   9.989020e-01   9.989020e-01   8.583069e-02
  2.000000e-02  -0.000000e+00   2.512967e+03   9.998779e-01   9.998779e-01   8.583069e-02
  2.000000e-02  -0.000000e+00   2.512967e+03   9.998779e-01   9.998779e-01   8.583069e-02
  2.000000e-02  -0.000000e+00   2.510514e+03   9.989020e-01   9.989020e-01   8.583071e-02
  2.000000e-02  -0.000000e+00   2.505616e+03   9.969529e-01   9.969529e-01   8.583071e-02
  2.000000e-02  -0.000000e+00   2.498286e+03   9.940364e-01   9.940364e-01   8.583069e-02
  2.000000e-02  -0.000000e+00   2.498286e+03   9.940364e-01   9.940364e-01   8.583069e-02
  2.000000e-02  -0.000000e+00   2.505616e+03   9.969529e-01   9.969529e-01   8.583069e-02
  2.000000e-02  -0.000000e+00   2.510514e+03   9.989020e-01   9.989020e-01   8.583069e-02
  2.000000e-02  -0.000000e+00   2.512967e+03   9.998779e-01   9.998779e-01   8.583071e-02
  2.000000e-02  -0.000000e+00   2.512967e+03   9.998779e-01   1.000036e+00   8.583069e-02
  2.000000e-02  -0.000000e+00   2.510514e+03   9.989020e-01   9.989020e-01   8.583069e-02
  2.000000e-02  -0.000000e+00   2.505616e+03   9.969529e-01   9.969726e-01   8.583069e-02
  2.000000e-02  -0.000000e+00   2.498286e+03   9.940364e-01   9.940364e-01   8.583069e-02
  2.000000e-02  -0.000000e+00   2.498286e+03   9.940364e-01   9.940364e-01   7.264709e-02
  2.000000e-02  -0.000000e+00   2.505616e+03   9.969529e-01   9.969529e-01   7.264709e-02
  2.001401e-02  -0.000000e+00   2.508757e+03   9.989020e-01   9.989020e-01   7.264709e-02
  2.000000e-02  -0.000000e+00   2.512967e+03   9.998779e-01   9.998779e-01   7.257072e-02
  2.000000e-02  -0.000000e+00   2.512967e+03   9.998779e-01   9.998779e-01   7.264717e-02
  2.000000e-02  -0.000000e+00   2.510514e+03   9.989020e-01   9.989020e-01   7.264717e-02
  1.998599e-02  -0.000000e+00   2.507372e+03   9.969529e-01   9.969529e-01   7.264709e-02
  2.000000e-02  -0.000000e+00   2.498286e+03   9.940364e-01   9.940364e-01   7.264709e-02
  2.000000e-02  -0.000000e+00   2.498286e+03   9.940364e-01   9.940364e-01   7.264709e-02
  2.000000e-02  -0.000000e+00   2.505616e+03   9.969529e-01   9.969529e-01   7.264709e-02
  2.000000e-02  -0.000000e+00   2.510514e+03   9.989020e-01   9.989020e-01   7.264709e-02
  2.000000e-02  -0.000000e+00   2.512967e+03   9.998779e-01   9.998779e-01   7.264709e-02
  2.000000e-02  -0.000000e+00   2.512967e+03   9.998779e-01   9.998779e-01   7.264709e-02
  2.000000e-02  -0.000000e+00   2.510514e+03   9.989020e-01   9.989020e-01   7.264709e-02
  2.000000e-02  -0.000000e+00   2.505616e+03   9.969529e-01   9.969529e-01   7.264709e-02
  2.000000e-02  -0.000000e+00   2.498286e+03   9.940364e-01   9.940364e-01   7.264713e-02
  2.000000e-02  -0.000000e+00   2.498286e+03   9.940364e-01   9.940364e-01   7.264709e-02
  2.001586e-02  -0.000000e+00   2.503631e+03   9.969529e-01   9.969529e-01   7.264709e-02
  2.000000e-02  -0.000000e+00   2.510514e+03   9.989020e-01   9.989020e-01   7.264716e-02
  2.000000e-02  -0.000000e+00   2.512967e+03   9.998779e-01   9.998779e-01   7.264709e-02
  2.000000e-02  -0.000000e+00   2.512967e+03   9.998779e-01   9.998779e-01   7.264709e-02
  2.000000e-02  -0.000000e+00   2.510514e+03   9.989020e-01   9.989020e-01   7.264709e-02
  2.000000e-02  -0.000000e+00   2.505616e+03   9.969529e-01   9.969529e-01   7.264709e-02
  2.000000e-02  -0.000000e+00   2.498286e+03   9.940364e-01   9.940364e-01   7.280477e-02
  2.000000e-02  -0.000000e+00   2.498286e+03   9.940364e-01   9.940364e-01   7.264709e-02
  2.000000e-02  -0.000000e+00   2.505616e+03   9.969529e-01   9.969529e-01   7.264709e-02
  2.000000e-02  -0.000000e+00   2.510514e+03   9.989020e-01   9.989020e-01   7.264709e-02
  2.000000e-02  -0.000000e+00   2.512967e+03   9.998779e-01   1.000068e+00   7.283112e-02
  2.000000e-02  -0.000000e+00   2.512967e+03   9.998779e-01   9.996878e-01   7.264709e-02
  2.000000e-02  -0.000000e+00   2.510514e+03   9.989020e-01   9.989020e-01   7.264709e-02
  2.000000e-02  -0.000000e+00   2.505616e+03   9.969529e-01   9.973205e-01   7.264709e-02
  2.000000e-02  -0.000000e+00   2.498286e+03   9.940364e-01   9.940364e-01   7.280477e-02
  2.000000e-02  -0.000000e+00   2.498286e+03   9.940364e-01   9.940364e-01   7.264709e-02
  2.000000e-02  -0.000000e+00   2.505616e+03   9.969529e-01   9.969529e-01   7.264709e-02
  2.000000e-02  -0.000000e+00   2.510514e+03   9.989020e-01   9.989020e-01   7.264713e-02
  2.000000e-02  -0.000000e+00   2.512967e+03   9.998779e-01   9.998779e-01   7.264715e-02
  2.000000e-02  -0.000000e+00   2.512967e+03   9.998779e-01   9.998779e-01   7.264709e-02
  2.000000e-02  -0.000000e+00   2.510514e+03   9.989020e-01   9.989020e-01   7.264709e-02
  2.000000e-02  -0.000000e+00   2.505616e+03   9.969529e-01   9.969529e-01   7.264709e-02
  2.001445e-02  -0.000000e+00   2.496482e+03   9.940364e-01   9.940364e-01   7.264709e-02
  2.000000e-02  -0.000000e+00   2.498286e+03   9.940364e-01   9.940364e-01   7.264709e-02
  1.998365e-02  -0.000000e+00   2.507666e+03   9.969529e-01   9.969529e-01   7.264709e-02
  2.000000e-02  -0.000000e+00   2.510514e+03   9.989020e-01   9.989020e-01   7.284287e-02
  2.000000e-02  -0.000000e+00   2.512967e+03   9.998779e-01   9.998779e-01   7.264709e-02
  2.000000e-02  -0.000000e+00   2.512967e+03   9.998779e-01   9.998779e-01   7.264709e-02
  2.000000e-02  -0.000000e+00   2.510514e+03   9.989020e-01   9.989020e-01   7.264709e-02
  2.000000e-02  -0.000000e+00   2.505616e+03   9.969529e-01   9.969529e-01   7.264709e-02
  2.000000e-02  -0.000000e+00   2.498286e+03   9.940364e-01   9.940364e-01   7.264715e-02
  2.000000e-02  -0.000000e+00   2.498286e+03   9.940364e-01   9.940364e-01   7.264709e-02
  2.000000e-02  -0.000000e+00   2.505616e+03   9.969529e-01   9.969529e-01   7.264709e-02
  2.000000e-02  -0.000000e+00   2.510514e+03   9.989020e-01   9.989020e-01   7.264713e-02
  2.000000e-02  -0.000000e+00   2.512967e+03   9.998779e-01   9.998779e-01   7.264709e-02
  2.000000e-02  -0.000000e+00   2.512967e+03   9.998779e-01   9.998779e-01   7.264709e-02
  2.000000e-02  -0.000000e+00   2.510514e+03   9.989020e-01   9.989020e-01   7.264709e-02
  2.000000e-02  -0.000000e+00   2.505616e+03   9.969529e-01   9.969529e-01   7.246888e-02
  2.000000e-02  -0.000000e+00   2.498286e+03   9.940364e-01   9.940364e-01   7.264711e-02
  2.000000e-02  -0.000000e+00   2.498286e+03   9.940364e-01   9.940364e-01   7.264709e-02
  2.000000e-02  -0.000000e+00   2.505616e+03   9.969529e-01   9.969529e-01   7.264709e-02
  2.000000e-02  -0.000000e+00   2.510514e+03   9.989020e-01   9.989020e-01   7.264709e-02
  2.000000e-02  -0.000000e+00   2.512967e+03   9.998779e-01   9.998779e-01   7.264709e-02
  2.000000e-02  -0.000000e+00   2.512967e+03   9.998779e-01   9.998779e-01   7.264709e-02
  2.000000e-02  -0.000000e+00   2.510514e+03   9.989020e-01   9.989020e-01   7.274494e-02
  2.000000e-02  -0.000000e+00   2.505616e+03   9.969529e-01   9.969529e-01   7.264709e-02
  2.000000e-02  -0.000000e+00   2.498286e+03   9.940364e-01   9.940364e-01   7.264709e-02
  2.000000e-02  -0.000000e+00   2.498286e+03   9.940364e-01   9.940364e-01   7.264709e-02
  2.000000e-02  -0.000000e+00   2.505616e+03   9.969529e-01   9.969529e-01   7.264709e-02
  2.001794e-02  -0.000000e+00   2.508264e+03   9.989020e-01   9.989020e-01   7.264709e-02
  2.000000e-02  -0.000000e+00   2.512967e+03   9.998779e-01   9.998779e-01   7.264709e-02
  2.000000e-02  -0.000000e+00   2.512967e+03   9.998779e-01   9.998779e-01   7.264709e-02
  2.000000e-02  -0.000000e+00   2.510514e+03   9.989020e-01   9.989020e-01   7.264709e-02
  2.000000e-02  -0.000000e+00   2.505616e+03   9.969529e-01   9.969529e-01   7.264709e-02
  2.000000e-02  -0.000000e+00   2.498286e+03   9.940364e-01   9.940364e-01   7.264711e-02
  2.000000e-02  -0.000000e+00   2.498286e+03   9.940364e-01   9.940364e-01   7.264709e-02
  2.000000e-02  -0.000000e+00   2.505616e+03   9.969529e-01   9.969529e-01   7.264709e-02
  2.000000e-02  -0.000000e+00   2.510514e+03   9.989020e-01   9.989020e-01   7.264709e-02
  2.001794e-02  -0.000000e+00   2.510715e+03   9.998779e-01   9.998779e-01   7.264709e-02
  2.000000e-02  -0.000000e+00   2.512967e+03   9.998779e-01   9.998779e-01   7.264709e-02
  2.000000e-02  -0.000000e+00   2.510514e+03   9.989020e-01   9.989020e-01   7.264713e-02
  2.000000e-02  -0.000000e+00   2.505616e+03   9.969529e-01   9.969529e-01   7.264709e-02
  2.001445e-02  -0.000000e+00   2.496482e+03   9.940364e-01   9.940364e-01   7.264709e-02
  2.000000e-02  -0.000000e+00   2.498286e+03   9.940364e-01   9.940364e-01   7.264711e-02
  1.998365e-02  -0.000000e+00   2.507666e+03   9.969529e-01   9.969529e-01   7.264709e-02
  2.000000e-02  -0.000000e+00   2.510514e+03   9.989020e-01   9.989020e-01   7.264709e-02
  2.000000e-02  -0.000000e+00   2.512967e+03   9.998779e-01   9.998779e-01   7.264715e-02
  2.000000e-02  -0.000000e+00   2.512967e+03   9.998779e-01   9.998779e-01   7.264709e-02
  2.000000e-02  -0.000000e+00   2.510514e+03   9.989020e-01   9.989020e-01   7.264709e-02
  2.000000e-02  -0.000000e+00   2.505616e+03   9.969529e-01   9.969529e-01   7.264709e-02
  2.000000e-02  -0.000000e+00   2.498286e+03   9.940364e-01   9.940364e-01   7.264709e-02
  2.000000e-02  -0.000000e+00   2.498286e+03   9.940364e-01   9.940364e-01   7.264709e-02
  2.000000e-02  -0.000000e+00   2.505616e+03   9.969529e-01   9.969529e-01   7.264712e-02
  2.000000e-02  -0.000000e+00   2.510514e+03   9.989020e-01   9.989020e-01   7.264715e-02
  2.000000e-02  -0.000000e+00   2.512967e+03   9.998779e-01   9.998779e-01   7.264709e-02
  2.000000e-02  -0.000000e+00   2.512967e+03   9.998779e-01   9.998779e-01   7.264709e-02
  2.000000e-02  -0.000000e+00   2.510514e+03   9.989020e-01   9.989020e-01   7.264709e-02
  2.000000e-02  -0.000000e+00   2.505616e+03   9.969529e-01   9.969529e-01   7.264709e-02
  2.000000e-02  -0.000000e+00   2.498286e+03   9.940364e-01   9.940364e-01   7.264711e-02
  1.999278e-02  -0.000000e+00   2.499189e+03   9.940364e-01   9.940364e-01   7.264709e-02
  2.000000e-02  -0.000000e+00   2.505616e+03   9.969529e-01   9.969529e-01   7.264709e-02
  2.000000e-02  -0.000000e+00   2.510514e+03   9.989020e-01   9.989020e-01   7.264709e-02
  2.000000e-02  -0.000000e+00   2.512967e+03   9.998779e-01   9.998779e-01   7.264709e-02
  2.000000e-02  -0.000000e+00   2.512967e+03   9.998779e-01   9.998779e-01   7.264709e-02
  2.000000e-02  -0.000000e+00   2.510514e+03   9.989020e-01   9.989020e-01   7.264709e-02
  2.000000e-02  -0.000000e+00   2.505616e+03   9.969529e-01   9.969529e-01   7.264709e-02
  2.000000e-02  -0.000000e+00   2.498286e+03   9.940364e-01   9.940364e-01   7.264709e-02
  2.000000e-02  -0.000000e+00   2.498286e+03   9.940364e-01   9.940364e-01   7.264709e-02
  2.000000e-02  -0.000000e+00   2.505616e+03   9.969529e-01   9.969529e-01   7.264709e-02
  2.000000e-02  -0.000000e+00   2.510514e+03   9.989020e-01   9.991040e-01   7.264709e-02
  2.000000e-02  -0.000000e+00   2.512967e+03   9.998779e-01   1.000080e+00   7.264715e-02
  2.001794e-02  -0.000000e+00   2.510715e+03   9.998779e-01   9.998779e-01   7.264709e-02
  2.000000e-02  -0.000000e+00   2.510514e+03   9.989020e-01   9.989020e-01   7.264709e-02
  2.000000e-02  -0.000000e+00   2.505616e+03   9.969529e-01   9.969529e-01   7.264709e-02
  2.000000e-02  -0.000000e+00   2.498286e+03   9.940364e-01   9.940364e-01   7.264713e-02
  2.000000e-02  -0.000000e+00   2.498286e+03   9.940364e-01   9.940364e-01   7.264709e-02
  2.000000e-02  -0.000000e+00   2.505616e+03   9.969529e-01   9.969529e-01   7.264712e-02
  2.000000e-02  -0.000000e+00   2.510514e+03   9.989020e-01   9.989020e-01   7.264709e-02
  2.001794e-02  -0.000000e+00   2.510715e+03   9.998779e-01   1.000080e+00   7.264709e-02
  2.000000e-02  -0.000000e+00   2.512967e+03   9.998779e-01   9.998779e-01   7.264709e-02
  2.000000e-02  -0.000000e+00   2.510514e+03   9.989020e-01   9.989020e-01   7.264713e-02
  2.000000e-02  -0.000000e+00   2.505616e+03   9.969529e-01   9.970448e-01   7.264709e-02
  2.000000e-02  -0.000000e+00   2.498286e+03   9.940364e-01   9.940364e-01   7.264709e-02
  2.000000e-02  -0.000000e+00   2.498286e+03   9.940364e-01   9.940364e-01   7.264709e-02
  2.000000e-02  -0.000000e+00   2.505616e+03   9.969529e-01   9.969529e-01   7.264709e-02
  2.000000e-02  -0.000000e+00   2.510514e+03   9.989020e-01   9.989020e-01   7.264709e-02
  2.000000e-02  -0.000000e+00   2.512967e+03   9.998779e-01   9.998779e-01   7.264709e-02
  2.000000e-02  -0.000000e+00   2.512967e+03   9.998779e-01   9.998779e-01   7.264709e-02
  2.000000e-02  -0.000000e+00   2.510514e+03   9.989020e-01   9.989020e-01   7.264709e-02
  2.000000e-02  -0.000000e+00   2.505616e+03   9.969529e-01   9.969529e-01   7.264709e-02
  1.999278e-02  -0.000000e+00   2.499189e+03   9.940364e-01   9.937125e-01   7.264709e-02
  2.000000e-02  -0.000000e+00   2.498286e+03   9.940364e-01   9.940364e-01   7.264709e-02
  1.999183e-02  -0.000000e+00   2.506640e+03   9.969529e-01   9.969529e-01   7.264709e-02
  2.000000e-02  -0.000000e+00   2.510514e+03   9.989020e-01   9.989020e-01   7.264709e-02
  2.000000e-02  -0.000000e+00   2.512967e+03   9.998779e-01   9.998779e-01   7.264709e-02
  2.000000e-02  -0.000000e+00   2.512967e+03   9.998779e-01   9.998779e-01   7.264709e-02
  2.000897e-02  -0.000000e+00   2.509389e+03   9.989020e-01   9.989020e-01   7.264709e-02
  1.999183e-02  -0.000000e+00   2.506640e+03   9.969529e-01   9.969529e-01   7.264709e-02
  1.999639e-02  -0.000000e+00   2.498737e+03   9.940364e-01   9.940364e-01   7.264709e-02
  2.000000e-02  -0.000000e+00   2.498286e+03   9.940364e-01   9.940364e-01   7.264709e-02
  2.000000e-02  -0.000000e+00   2.505616e+03   9.969529e-01   9.969529e-01   7.264710e-02
  2.000000e-02  -0.000000e+00   2.510514e+03   9.989020e-01   9.989020e-01   7.264709e-02
  2.000000e-02  -0.000000e+00   2.512967e+03   9.998779e-01   9.998779e-01   7.264709e-02
  2.000000e-02  -0.000000e+00   2.512967e+03   9.998779e-01   9.998779e-01   7.264709e-02
  2.000000e-02  -0.000000e+00   2.510514e+03   9.989020e-01   9.989020e-01   7.264709e-02
  2.000000e-02  -0.000000e+00   2.505616e+03   9.969529e-01   9.969529e-01   7.264709e-02
  2.000000e-02  -0.000000e+00   2.498286e+03   9.940364e-01   9.940364e-01   7.264709e-02
  2.000000e-02  -0.000000e+00   2.498286e+03   9.940364e-01   9.940364e-01   7.264709e-02
  2.000000e-02  -0.000000e+00   2.505616e+03   9.969529e-01   9.969529e-01   7.264709e-02
  2.000000e-02  -0.000000e+00   2.510514e+03   9.989020e-01   9.989020e-01   7.264709e-02
  2.000000e-02  -0.000000e+00   2.512967e+03   9.998779e-01   9.998779e-01   7.264709e-02
  2.000000e-02  -0.000000e+00   2.512967e+03   9.998779e-01   9.998779e-01   7.264713e-02
  2.000000e-02  -0.000000e+00   2.510514e+03   9.989020e-01   9.989020e-01   7.264709e-02
  2.000000e-02  -0.000000e+00   2.505616e+03   9.969529e-01   9.969529e-01   7.264709e-02
  2.000000e-02  -0.000000e+00   2.498286e+03   9.940364e-01   9.940364e-01   7.264709e-02
  2.000000e-02  -0.000000e+00   2.498286e+03   9.940364e-01   9.940364e-01   7.264725e-02
  2.000000e-02  -0.000000e+00   2.505616e+03   9.969529e-01   9.969529e-01   7.264729e-02
  2.000000e-02  -0.000000e+00   2.510514e+03   9.989020e-01   9.989020e-01   7.264713e-02
  2.000000e-02  -0.000000e+00   2.512967e+03   9.998779e-01   9.998779e-01   7.264709e-02
  2.000000e-02  -0.000000e+00   2.512967e+03   9.998779e-01   9.998779e-01   7.264709e-02
  2.000000e-02  -0.000000e+00   2.510514e+03   9.989020e-01   9.989020e-01   7.264709e-02
  2.000000e-02  -0.000000e+00   2.505616e+03   9.969529e-01   9.969529e-01   7.264709e-02
  2.000000e-02  -0.000000e+00   2.498286e+03   9.940364e-01   9.940364e-01   7.264711e-02
  2.000000e-02  -0.000000e+00   2.498286e+03   9.940364e-01   9.940364e-01   7.264725e-02
  2.000000e-02  -0.000000e+00   2.505616e+03   9.969529e-01   9.969529e-01   7.264729e-02
  2.000000e-02  -0.000000e+00   2.510514e+03   9.989020e-01   9.989020e-01   7.264709e-02
  2.000000e-02  -0.000000e+00   2.512967e+03   9.998779e-01   9.998779e-01   7.264709e-02
  2.000000e-02  -0.000000e+00   2.512967e+03   9.998779e-01   9.998779e-01   7.264709e-02
  2.000000e-02  -0.000000e+00   2.510514e+03   9.989020e-01   9.989020e-01   7.264709e-02
  2.000000e-02  -0.000000e+00   2.505616e+03   9.969529e-01   9.969529e-01   7.264709e-02
  2.000000e-02  -0.000000e+00   2.498286e+03   9.940364e-01   9.940364e-01   7.264709e-02
  2.000000e-02  -0.000000e+00   2.498286e+03   9.940364e-01   9.940364e-01   7.264709e-02
  2.000000e-02  -0.000000e+00   2.505616e+03   9.969529e-01   9.969529e-01   7.264709e-02
  2.000000e-02  -0.000000e+00   2.510514e+03   9.989020e-01   9.989020e-01   7.264709e-02
  2.000000e-02  -0.000000e+00   2.512967e+03   9.998779e-01   9.997768e-01   7.264733e-02
  2.000000e-02  -0.000000e+00   2.512967e+03   9.998779e-01   9.998779e-01   7.264713e-02
  2.000000e-02  -0.000000e+00   2.510514e+03   9.989020e-01   9.989020e-01   7.264709e-02
  2.000000e-02  -0.000000e+00   2.505616e+03   9.969529e-01   9.969529e-01   7.264709e-02
  1.999278e-02  -0.000000e+00   2.499189e+03   9.940364e-01   9.940364e-01   7.264709e-02
  2.000000e-02  -0.000000e+00   2.498286e+03   9.940364e-01   9.940364e-01   7.264709e-02
  2.000000e-02  -0.000000e+00   2.505616e+03   9.969529e-01   9.969529e-01   7.264709e-02
  2.000000e-02  -0.000000e+00   2.510514e+03   9.989020e-01   9.989020e-01   7.264709e-02
  2.000000e-02  -0.000000e+00   2.512967e+03   9.998779e-01   9.998779e-01   7.264709e-02
  2.000000e-02  -0.000000e+00   2.512967e+03   9.998779e-01   9.997768e-01   7.264709e-02
  2.000897e-02  -0.000000e+00   2.509389e+03   9.989020e-01   9.989020e-01   7.264713e-02
  2.000000e-02  -0.000000e+00   2.505616e+03   9.969529e-01   9.969529e-01   7.264729e-02
  2.000000e-02  -0.000000e+00   2.498286e+03   9.940364e-01   9.940364e-01   7.264709e-02
  2.000000e-02  -0.000000e+00   2.498286e+03   9.940364e-01   9.940364e-01   7.264709e-02
  2.000000e-02  -0.000000e+00   2.505616e+03   9.969529e-01   9.969529e-01   7.264709e-02
  2.000000e-02  -0.000000e+00   2.510514e+03   9.989020e-01   9.989020e-01   7.264713e-02
  2.000000e-02  -0.000000e+00   2.512967e+03   9.998779e-01   9.998779e-01   7.264713e-02
  2.000000e-02  -0.000000e+00   2.512967e+03   9.998779e-01   9.998779e-01   7.264709e-02
  2.000000e-02  -0.000000e+00   2.510514e+03   9.989020e-01   9.989020e-01   7.264709e-02
  2.000000e-02  -0.000000e+00   2.505616e+03   9.969529e-01   9.969529e-01   7.264709e-02
  2.000000e-02  -0.000000e+00   2.498286e+03   9.940364e-01   9.940364e-01   7.264709e-02
  2.000000e-02  -0.000000e+00   2.498286e+03   9.940364e-01   9.940364e-01   7.264709e-02
  2.000000e-02  -0.000000e+00   2.505616e+03   9.969529e-01   9.969529e-01   7.264709e-02
  2.000000e-02  -0.000000e+00   2.510514e+03   9.989020e-01   9.989020e-01   7.264709e-02
  2.000000e-02  -0.000000e+00   2.512967e+03   9.998779e-01   9.998779e-01   7.264709e-02
  2.000000e-02  -0.000000e+00   2.512967e+03   9.998779e-01   9.998779e-01   7.264709e-02
  2.000000e-02  -0.000000e+00   2.510514e+03   9.989020e-01   9.989020e-01   7.264733e-02
  2.000000e-02  -0.000000e+00   2.505616e+03   9.969529e-01   9.969529e-01   7.264712e-02
  2.000000e-02  -0.000000e+00   2.498286e+03   9.940364e-01   9.940364e-01   7.264709e-02
  2.000000e-02  -0.000000e+00   2.498286e+03   9.940364e-01   9.940364e-01   7.264709e-02
  2.000000e-02  -0.000000e+00   2.505616e+03   9.969529e-01   9.969529e-01   7.264720e-02
  2.000000e-02  -0.000000e+00   2.510514e+03   9.989020e-01   9.989020e-01   7.264722e-02
  2.000000e-02  -0.000000e+00   2.512967e+03   9.998779e-01   9.998779e-01   7.264709e-02
  2.000000e-02  -0.000000e+00   2.512967e+03   9.998779e-01   9.998779e-01   7.264709e-02
  2.000000e-02  -0.000000e+00   2.510514e+03   9.989020e-01   9.989020e-01   7.264709e-02
  2.000000e-02  -0.000000e+00   2.505616e+03   9.969529e-01   9.969529e-01   7.264709e-02
  2.000000e-02  -0.000000e+00   2.498286e+03   9.940364e-01   9.941984e-01   7.264709e-02
  2.000000e-02  -0.000000e+00   2.498286e+03   9.940364e-01   9.940364e-01   7.264709e-02
  2.000000e-02  -0.000000e+00   2.505616e+03   9.969529e-01   9.969529e-01   7.264709e-02
  2.000000e-02  -0.000000e+00   2.510514e+03   9.989020e-01   9.989020e-01   7.264709e-02
  2.000000e-02  -0.000000e+00   2.512967e+03   9.998779e-01   9.998779e-01   7.264709e-02
  2.000000e-02  -0.000000e+00   2.512967e+03   9.998779e-01   9.998779e-01   7.264709e-02
  2.000000e-02  -0.000000e+00   2.510514e+03   9.989020e-01   9.989020e-01   7.264709e-02
  2.000000e-02  -0.000000e+00   2.505616e+03   9.969529e-01   9.969529e-01   7.264709e-02
  2.000000e-02  -0.000000e+00   2.498286e+03   9.940364e-01   9.940364e-01   7.264709e-02
  2.000000e-02  -0.000000e+00   2.498286e+03   9.940364e-01   9.938745e-01   7.264709e-02
  2.000000e-02  -0.000000e+00   2.505616e+03   9.969529e-01   9.969529e-01   7.264709e-02
  2.000000e-02  -0.000000e+00   2.510514e+03   9.989020e-01   9.989020e-01   7.264733e-02
  2.000000e-02  -0.000000e+00   2.512967e+03   9.998779e-01   9.998779e-01   7.264709e-02
  2.000000e-02  -0.000000e+00   2.512967e+03   9.998779e-01   9.996757e-01   7.264709e-02
  2.000000e-02  -0.000000e+00   2.510514e+03   9.989020e-01   9.989020e-01   7.264709e-02
  2.000000e-02  -0.000000e+00   2.505616e+03   9.969529e-01   9.969529e-01   7.264709e-02
  2.000000e-02  -0.000000e+00   2.498286e+03   9.940364e-01   9.940364e-01   7.264709e-02
  2.000000e-02  -0.000000e+00   2.498286e+03   9.940364e-01   9.940364e-01   7.272591e-02
  2.000000e-02  -0.000000e+00   2.505616e+03   9.969529e-01   9.969529e-01   7.264709e-02
  2.000000e-02  -0.000000e+00   2.510514e+03   9.989020e-01   9.990919e-01   7.264730e-02
  2.000000e-02  -0.000000e+00   2.512967e+03   9.998779e-01   9.998779e-01   7.264709e-02
  2.000000e-02  -0.000000e+00   2.512967e+03   9.998779e-01   9.998779e-01   7.264730e-02
  2.000000e-02  -0.000000e+00   2.510514e+03   9.989020e-01   9.989020e-01   7.264712e-02
  2.000000e-02  -0.000000e+00   2.505616e+03   9.969529e-01   9.969529e-01   7.264729e-02
  2.000000e-02  -0.000000e+00   2.498286e+03   9.940364e-01   9.940364e-01   7.264725e-02
  2.000000e-02  -0.000000e+00   2.498286e+03   9.940364e-01   9.940364e-01   7.264709e-02
  2.000000e-02  -0.000000e+00   2.505616e+03   9.969529e-01   9.969529e-01   7.264709e-02
  2.000000e-02  -0.000000e+00   2.510514e+03   9.989020e-01   9.989020e-01   7.264709e-02
  2.000000e-02  -0.000000e+00   2.512967e+03   9.998779e-01   9.998779e-01   7.264728e-02
  2.000000e-02  -0.000000e+00   2.512967e+03   9.998779e-01   9.998779e-01   7.264709e-02
  2.000000e-02  -0.000000e+00   2.510514e+03   9.989020e-01   9.989020e-01   7.264709e-02
  2.000000e-02  -0.000000e+00   2.505616e+03   9.969529e-01   9.969529e-01   7.264709e-02
  2.000000e-02  -0.000000e+00   2.498286e+03   9.940364e-01   9.937125e-01   7.264709e-02
  2.000000e-02  -0.000000e+00   2.498286e+03   9.940364e-01   9.940364e-01   7.264709e-02
  2.000000e-02  -0.000000e+00   2.505616e+03   9.969529e-01   9.969529e-01   7.264709e-02
  2.000373e-02  -0.000000e+00   2.510047e+03   9.989020e-01   9.989020e-01   7.264709e-02
  2.000000e-02  -0.000000e+00   2.512967e+03   9.998779e-01   9.998779e-01   7.264709e-02
  2.000000e-02  -0.000000e+00   2.512967e+03   9.998779e-01   9.998779e-01   7.264709e-02
  2.000000e-02  -0.000000e+00   2.510514e+03   9.989020e-01   9.989020e-01   7.264709e-02
  2.000000e-02  -0.000000e+00   2.505616e+03   9.969529e-01   9.969529e-01   7.264709e-02
  2.000000e-02  -0.000000e+00   2.498286e+03   9.940364e-01   9.940364e-01   7.264717e-02
  2.000000e-02  -0.000000e+00   2.498286e+03   9.940364e-01   9.940364e-01   7.264724e-02
  2.000000e-02  -0.000000e+00   2.505616e+03   9.969529e-01   9.969529e-01   7.264709e-02
  2.000000e-02  -0.000000e+00   2.510514e+03   9.989020e-01   9.989020e-01   7.264724e-02
  2.000000e-02  -0.000000e+00   2.512967e+03   9.998779e-01   9.998779e-01   7.264709e-02
  2.000000e-02  -0.000000e+00   2.512967e+03   9.998779e-01   9.998779e-01   7.264724e-02
  2.000000e-02  -0.000000e+00   2.510514e+03   9.989020e-01   9.989020e-01   7.264709e-02
  2.000000e-02  -0.000000e+00   2.505616e+03   9.969529e-01   9.969529e-01   7.264709e-02
  2.000000e-02  -0.000000e+00   2.498286e+03   9.940364e-01   9.940364e-01   7.264717e-02
  2.000000e-02  -0.000000e+00   2.498286e+03   9.940364e-01   9.940364e-01   6.056221e-02
  1.998599e-02  -0.000000e+00   2.507372e+03   9.969529e-01   9.969529e-01   6.056213e-02
  2.000000e-02  -0.000000e+00   2.510514e+03   9.989020e-01   9.989020e-01   6.056213e-02
  2.000000e-02  -0.000000e+00   2.512967e+03   9.998779e-01   9.998779e-01   6.063191e-02
  1.998599e-02  -0.000000e+00   2.514729e+03   9.998779e-01   9.998779e-01   6.056213e-02
  2.000000e-02  -0.000000e+00   2.510514e+03   9.989020e-01   9.989020e-01   6.056213e-02
  1.998599e-02  -0.000000e+00   2.507372e+03   9.969529e-01   9.969529e-01   6.056221e-02
  2.000000e-02  -0.000000e+00   2.498286e+03   9.940364e-01   9.940364e-01   6.056213e-02
  2.000000e-02  -0.000000e+00   2.498286e+03   9.940364e-01   9.940364e-01   6.056213e-02
  2.001491e-02  -0.000000e+00   2.503750e+03   9.969529e-01   9.969529e-01   6.056213e-02
  2.000000e-02  -0.000000e+00   2.510514e+03   9.989020e-01   9.989020e-01   6.056213e-02
  2.000000e-02  -0.000000e+00   2.512967e+03   9.998779e-01   9.998779e-01   6.056213e-02
  2.000000e-02  -0.000000e+00   2.512967e+03   9.998779e-01   9.997939e-01   6.056213e-02
  2.000000e-02  -0.000000e+00   2.510514e+03   9.989020e-01   9.989020e-01   6.056213e-02
  2.000000e-02  -0.000000e+00   2.505616e+03   9.969529e-01   9.969529e-01   6.056213e-02
  2.000000e-02  -0.000000e+00   2.498286e+03   9.940364e-01   9.941174e-01   6.056213e-02
  2.000000e-02  -0.000000e+00   2.498286e+03   9.940364e-01   9.940364e-01   6.056213e-02
  2.000000e-02  -0.000000e+00   2.505616e+03   9.969529e-01   9.973093e-01   6.040437e-02
  2.000000e-02  -0.000000e+00   2.510514e+03   9.989020e-01   9.989020e-01   6.056213e-02
  2.000000e-02  -0.000000e+00   2.512967e+03   9.998779e-01   9.998779e-01   6.056213e-02
  2.000000e-02  -0.000000e+00   2.512967e+03   9.998779e-01   9.998779e-01   6.056213e-02
  2.000000e-02  -0.000000e+00   2.510514e+03   9.989020e-01   9.989020e-01   6.056213e-02
  2.000000e-02  -0.000000e+00   2.505616e+03   9.969529e-01   9.969529e-01   6.056216e-02
  2.000000e-02  -0.000000e+00   2.498286e+03   9.940364e-01   9.940364e-01   6.041833e-02
  2.000000e-02  -0.000000e+00   2.498286e+03   9.940364e-01   9.943603e-01   6.056213e-02
  2.000000e-02  -0.000000e+00   2.505616e+03   9.969529e-01   9.969529e-01   6.056218e-02
  2.000000e-02  -0.000000e+00   2.510514e+03   9.989020e-01   9.992818e-01   6.056213e-02
  2.000000e-02  -0.000000e+00   2.512967e+03   9.998779e-01   9.998779e-01   6.056219e-02
  2.001687e-02  -0.000000e+00   2.510850e+03   9.998779e-01   9.998779e-01   6.056213e-02
  2.001687e-02  -0.000000e+00   2.508399e+03   9.989020e-01   9.989020e-01   6.056219e-02
  2.000000e-02  -0.000000e+00   2.505616e+03   9.969529e-01   9.969529e-01   6.056213e-02
  2.000000e-02  -0.000000e+00   2.498286e+03   9.940364e-01   9.940364e-01   6.056213e-02
  2.000000e-02  -0.000000e+00   2.498286e+03   9.940364e-01   9.943603e-01   6.056213e-02
  2.000000e-02  -0.000000e+00   2.505616e+03   9.969529e-01   9.969529e-01   6.056213e-02
  2.000000e-02  -0.000000e+00   2.510514e+03   9.989020e-01   9.989020e-01   6.038366e-02
  2.001794e-02  -0.000000e+00   2.510715e+03   9.998779e-01   9.998779e-01   6.074087e-02
  2.000000e-02  -0.000000e+00   2.512967e+03   9.998779e-01   9.998779e-01   6.074087e-02
  2.000000e-02  -0.000000e+00   2.510514e+03   9.989020e-01   9.989020e-01   6.056213e-02
  2.000000e-02  -0.000000e+00   2.505616e+03   9.969529e-01   9.965853e-01   6.056213e-02
  2.000000e-02  -0.000000e+00   2.498286e+03   9.940364e-01   9.940364e-01   6.056215e-02
  2.000000e-02  -0.000000e+00   2.498286e+03   9.940364e-01   9.940364e-01   6.056213e-02
  2.000000e-02  -0.000000e+00   2.505616e+03   9.969529e-01   9.969529e-01   6.056213e-02
  2.001850e-02  -0.000000e+00   2.508194e+03   9.989020e-01   9.989020e-01   6.056213e-02
  2.000000e-02  -0.000000e+00   2.512967e+03   9.998779e-01   9.998779e-01   6.056213e-02
  2.000000e-02  -0.000000e+00   2.512967e+03   9.998779e-01   9.998779e-01   6.056213e-02
  2.000000e-02  -0.000000e+00   2.510514e+03   9.989020e-01   9.989020e-01   6.056213e-02
  2.000000e-02  -0.000000e+00   2.505616e+03   9.969529e-01   9.969529e-01   6.056214e-02
  2.000000e-02  -0.000000e+00   2.498286e+03   9.940364e-01   9.940364e-01   6.056215e-02
  2.000000e-02  -0.000000e+00   2.498286e+03   9.940364e-01   9.940364e-01   6.056213e-02
  2.000000e-02  -0.000000e+00   2.505616e+03   9.969529e-01   9.965853e-01   6.056216e-02
  2.000000e-02  -0.000000e+00   2.510514e+03   9.989020e-01   9.989020e-01   6.056220e-02
  2.000000e-02  -0.000000e+00   2.512967e+03   9.998779e-01   9.998779e-01   6.037232e-02
  2.000000e-02  -0.000000e+00   2.512967e+03   9.998779e-01   9.998779e-01   6.056217e-02
  1.998151e-02  -0.000000e+00   2.512838e+03   9.989020e-01   9.989020e-01   6.056213e-02
  2.000000e-02  -0.000000e+00   2.505616e+03   9.969529e-01   9.969529e-01   6.056213e-02
  2.000000e-02  -0.000000e+00   2.498286e+03   9.940364e-01   9.940364e-01   6.056213e-02
  2.000000e-02  -0.000000e+00   2.498286e+03   9.940364e-01   9.940364e-01   6.056213e-02
  2.000000e-02  -0.000000e+00   2.505616e+03   9.969529e-01   9.969529e-01   6.056213e-02
  2.000000e-02  -0.000000e+00   2.510514e+03   9.989020e-01   9.989020e-01   6.037808e-02
  2.000000e-02  -0.000000e+00   2.512967e+03   9.998779e-01   9.998779e-01   6.056213e-02
  2.000000e-02  -0.000000e+00   2.512967e+03   9.998779e-01   9.998779e-01   6.056213e-02
  2.000000e-02  -0.000000e+00   2.510514e+03   9.989020e-01   9.989020e-01   6.056213e-02
  2.000000e-02  -0.000000e+00   2.505616e+03   9.969529e-01   9.969529e-01   6.056213e-02
  2.000000e-02  -0.000000e+00   2.498286e+03   9.940364e-01   9.940364e-01   6.041833e-02
  2.000000e-02  -0.000000e+00   2.498286e+03   9.940364e-01   9.940364e-01   6.056213e-02
  2.000000e-02  -0.000000e+00   2.505616e+03   9.969529e-01   9.969529e-01   6.056213e-02
  2.000000e-02  -0.000000e+00   2.510514e+03   9.989020e-01   9.989020e-01   6.056213e-02
  2.000000e-02  -0.000000e+00   2.512967e+03   9.998779e-01   9.998779e-01   6.056213e-02
  2.000000e-02  -0.000000e+00   2.512967e+03   9.998779e-01   9.998779e-01   6.056213e-02
  2.000000e-02  -0.000000e+00   2.510514e+03   9.989020e-01   9.989020e-01   6.056213e-02
  2.000000e-02  -0.000000e+00   2.505616e+03   9.969529e-01   9.969529e-01   6.048078e-02
  2.000000e-02  -0.000000e+00   2.498286e+03   9.940364e-01   9.940364e-01   6.056215e-02
  2.000000e-02  -0.000000e+00   2.498286e+03   9.940364e-01   9.940364e-01   6.056213e-02
  2.000000e-02  -0.000000e+00   2.505616e+03   9.969529e-01   9.969529e-01   6.056213e-02
  2.000000e-02  -0.000000e+00   2.510514e+03   9.989020e-01   9.989020e-01   6.056213e-02
  2.000000e-02  -0.000000e+00   2.512967e+03   9.998779e-01   9.998779e-01   6.056213e-02
  2.000000e-02  -0.000000e+00   2.512967e+03   9.998779e-01   9.998779e-01   6.056213e-02
  2.000000e-02  -0.000000e+00   2.510514e+03   9.989020e-01   9.989020e-01   6.056213e-02
  2.000000e-02  -0.000000e+00   2.505616e+03   9.969529e-01   9.969529e-01   6.056213e-02
  2.000000e-02  -0.000000e+00   2.498286e+03   9.940364e-01   9.940364e-01   6.056213e-02
  1.998555e-02  -0.000000e+00   2.500092e+03   9.940364e-01   9.940364e-01   6.056213e-02
  2.000000e-02  -0.000000e+00   2.505616e+03   9.969529e-01   9.969529e-01   6.056213e-02
  2.000000e-02  -0.000000e+00   2.510514e+03   9.989020e-01   9.989020e-01   6.056220e-02
  2.000000e-02  -0.000000e+00   2.512967e+03   9.998779e-01   9.998779e-01   6.056213e-02
  2.000000e-02  -0.000000e+00   2.512967e+03   9.998779e-01   9.998779e-01   6.056220e-02
  2.000000e-02  -0.000000e+00   2.510514e+03   9.989020e-01   9.989020e-01   6.056213e-02
  2.000000e-02  -0.000000e+00   2.505616e+03   9.969529e-01   9.969529e-01   6.056218e-02
  2.001445e-02  -0.000000e+00   2.496482e+03   9.940364e-01   9.940364e-01   6.056213e-02
  2.000000e-02  -0.000000e+00   2.498286e+03   9.940364e-01   9.940364e-01   6.056213e-02
  2.000000e-02  -0.000000e+00   2.505616e+03   9.969529e-01   9.969529e-01   6.056218e-02
  2.000000e-02  -0.000000e+00   2.510514e+03   9.989020e-01   9.989020e-01   6.056213e-02
  2.000000e-02  -0.000000e+00   2.512967e+03   9.998779e-01   9.998242e-01   6.056213e-02
  2.000000e-02  -0.000000e+00   2.512967e+03   9.998779e-01   9.998779e-01   6.056213e-02
  2.000000e-02  -0.000000e+00   2.510514e+03   9.989020e-01   9.987978e-01   6.056213e-02
  2.000000e-02  -0.000000e+00   2.505616e+03   9.969529e-01   9.969529e-01   6.056218e-02
  2.000000e-02  -0.000000e+00   2.498286e+03   9.940364e-01   9.940364e-01   6.056213e-02
  2.000000e-02  -0.000000e+00   2.498286e+03   9.940364e-01   9.940364e-01   6.056213e-02
  2.000000e-02  -0.000000e+00   2.505616e+03   9.969529e-01   9.969529e-01   6.056221e-02
  2.001850e-02  -0.000000e+00   2.508194e+03   9.989020e-01   9.989020e-01   6.056213e-02
  2.000000e-02  -0.000000e+00   2.512967e+03   9.998779e-01   9.998779e-01   6.056213e-02
  2.000000e-02  -0.000000e+00   2.512967e+03   9.998779e-01   9.998779e-01   6.056213e-02
  2.000000e-02  -0.000000e+00   2.510514e+03   9.989020e-01   9.989020e-01   6.056213e-02
  2.000000e-02  -0.000000e+00   2.505616e+03   9.969529e-01   9.969529e-01   6.056218e-02
  2.000000e-02  -0.000000e+00   2.498286e+03   9.940364e-01   9.940364e-01   6.056213e-02
  2.001445e-02  -0.000000e+00   2.496482e+03   9.940364e-01   9.940364e-01   6.056213e-02
  2.000000e-02  -0.000000e+00   2.505616e+03   9.969529e-01   9.969529e-01   6.056213e-02
  2.000000e-02  -0.000000e+00   2.510514e+03   9.989020e-01   9.989020e-01   6.056213e-02
  2.000000e-02  -0.000000e+00   2.512967e+03   9.998779e-01   9.998779e-01   6.056213e-02
  2.000000e-02  -0.000000e+00   2.512967e+03   9.998779e-01   9.998779e-01   6.056213e-02
  2.000000e-02  -0.000000e+00   2.510514e+03   9.989020e-01   9.989020e-01   6.056213e-02
  2.000000e-02  -0.000000e+00   2.505616e+03   9.969529e-01   9.969529e-01   6.056213e-02
  2.000000e-02  -0.000000e+00   2.498286e+03   9.940364e-01   9.940364e-01   6.049021e-02
  2.000000e-02  -0.000000e+00   2.498286e+03   9.940364e-01   9.940364e-01   6.056213e-02
  2.000000e-02  -0.000000e+00   2.505616e+03   9.969529e-01   9.969529e-01   6.056213e-02
  2.000000e-02  -0.000000e+00   2.510514e+03   9.989020e-01   9.989020e-01   6.056213e-02
  2.000000e-02  -0.000000e+00   2.512967e+03   9.998779e-01   9.998779e-01   6.056213e-02
  2.000000e-02  -0.000000e+00   2.512967e+03   9.998779e-01   9.998779e-01   6.056213e-02
  2.000000e-02  -0.000000e+00   2.510514e+03   9.989020e-01   9.989020e-01   6.056213e-02
  2.000000e-02  -0.000000e+00   2.505616e+03   9.969529e-01   9.969529e-01   6.056213e-02
  2.001445e-02  -0.000000e+00   2.496482e+03   9.940364e-01   9.941174e-01   6.056213e-02
  2.000000e-02  -0.000000e+00   2.498286e+03   9.940364e-01   9.939554e-01   6.056213e-02
  2.000000e-02  -0.000000e+00   2.505616e+03   9.969529e-01   9.969529e-01   6.056213e-02
  2.000000e-02  -0.000000e+00   2.510514e+03   9.989020e-01   9.989020e-01   6.056213e-02
  2.000000e-02  -0.000000e+00   2.512967e+03   9.998779e-01   9.998779e-01   6.056213e-02
  2.000000e-02  -0.000000e+00   2.512967e+03   9.998779e-01   9.998779e-01   6.056213e-02
  2.000000e-02  -0.000000e+00   2.510514e+03   9.989020e-01   9.989020e-01   6.056213e-02
  2.000000e-02  -0.000000e+00   2.505616e+03   9.969529e-01   9.969529e-01   6.056213e-02
  2.000000e-02  -0.000000e+00   2.498286e+03   9.940364e-01   9.941984e-01   6.056213e-02
  2.000000e-02  -0.000000e+00   2.498286e+03   9.940364e-01   9.940364e-01   6.056213e-02
  2.000000e-02  -0.000000e+00   2.505616e+03   9.969529e-01   9.969529e-01   6.056213e-02
  2.000000e-02  -0.000000e+00   2.510514e+03   9.989020e-01   9.989020e-01   6.056220e-02
  2.000000e-02  -0.000000e+00   2.512967e+03   9.998779e-01   9.998779e-01   6.056213e-02
  2.000000e-02  -0.000000e+00   2.512967e+03   9.998779e-01   9.998779e-01   6.056220e-02
  2.000000e-02  -0.000000e+00   2.510514e+03   9.989020e-01   9.989020e-01   6.056213e-02
  2.000000e-02  -0.000000e+00   2.505616e+03   9.969529e-01   9.969529e-01   6.056213e-02
  2.000000e-02  -0.000000e+00   2.498286e+03   9.940364e-01   9.940364e-01   6.056213e-02
  2.000000e-02  -0.000000e+00   2.498286e+03   9.940364e-01   9.940364e-01   6.056215e-02
  2.000000e-02  -0.000000e+00   2.505616e+03   9.969529e-01   9.969529e-01   6.056213e-02
  2.000000e-02  -0.000000e+00   2.510514e+03   9.989020e-01   9.989020e-01   6.056213e-02
  2.000000e-02  -0.000000e+00   2.512967e+03   9.998779e-01   9.998779e-01   6.056213e-02
  2.000000e-02  -0.000000e+00   2.512967e+03   9.998779e-01   9.998779e-01   6.056213e-02
  2.000000e-02  -0.000000e+00   2.510514e+03   9.989020e-01   9.989020e-01   6.056217e-02
  2.000000e-02  -0.000000e+00   2.505616e+03   9.969529e-01   9.969529e-01   6.056213e-02
  2.000000e-02  -0.000000e+00   2.498286e+03   9.940364e-01   9.940364e-01   6.056217e-02
  2.000000e-02  -0.000000e+00   2.498286e+03   9.940364e-01   9.940364e-01   6.056213e-02
  2.000000e-02  -0.000000e+00   2.505616e+03   9.969529e-01   9.969529e-01   6.056213e-02
  2.000000e-02  -0.000000e+00   2.510514e+03   9.989020e-01   9.989020e-01   6.056213e-02
  1.999046e-02  -0.000000e+00   2.514166e+03   9.998779e-01   9.998779e-01   6.056213e-02
  2.000954e-02  -0.000000e+00   2.511769e+03   9.998779e-01   9.998779e-01   6.056217e-02
  2.000000e-02  -0.000000e+00   2.510514e+03   9.989020e-01   9.989020e-01   6.056213e-02
  2.000000e-02  -0.000000e+00   2.505616e+03   9.969529e-01   9.969529e-01   6.056216e-02
  2.000000e-02  -0.000000e+00   2.498286e+03   9.940364e-01   9.940364e-01   6.056213e-02
  2.000000e-02  -0.000000e+00   2.498286e+03   9.940364e-01   9.940364e-01   6.056213e-02
  2.000000e-02  -0.000000e+00   2.505616e+03   9.969529e-01   9.969529e-01   6.056236e-02
  2.000000e-02  -0.000000e+00   2.510514e+03   9.989020e-01   9.989020e-01   6.056217e-02
  2.000000e-02  -0.000000e+00   2.512967e+03   9.998779e-01   9.998779e-01   6.056213e-02
  2.000000e-02  -0.000000e+00   2.512967e+03   9.998779e-01   9.998779e-01   6.056213e-02
  2.000000e-02  -0.000000e+00   2.510514e+03   9.989020e-01   9.989020e-01   6.056213e-02
  2.000000e-02  -0.000000e+00   2.505616e+03   9.969529e-01   9.969529e-01   6.056213e-02
  2.000000e-02  -0.000000e+00   2.498286e+03   9.940364e-01   9.940364e-01   6.063410e-02
  2.000000e-02  -0.000000e+00   2.498286e+03   9.940364e-01   9.940364e-01   6.056213e-02
  2.000000e-02  -0.000000e+00   2.505616e+03   9.969529e-01   9.969529e-01   6.056233e-02
  2.000000e-02  -0.000000e+00   2.510514e+03   9.989020e-01   9.989020e-01   6.056213e-02
  2.000000e-02  -0.000000e+00   2.512967e+03   9.998779e-01   9.998779e-01   6.056213e-02
  2.000000e-02  -0.000000e+00   2.512967e+03   9.998779e-01   9.998779e-01   6.056213e-02
  2.000000e-02  -0.000000e+00   2.510514e+03   9.989020e-01   9.989020e-01   6.056213e-02
  2.000000e-02  -0.000000e+00   2.505616e+03   9.969529e-01   9.969529e-01   6.056213e-02
  2.000000e-02  -0.000000e+00   2.498286e+03   9.940364e-01   9.940364e-01   6.056213e-02
  2.000723e-02  -0.000000e+00   2.497384e+03   9.940364e-01   9.940364e-01   6.056213e-02
  2.000000e-02  -0.000000e+00   2.505616e+03   9.969529e-01   9.969529e-01   6.056213e-02
  2.000000e-02  -0.000000e+00   2.510514e+03   9.989020e-01   9.989020e-01   6.056226e-02
  2.000000e-02  -0.000000e+00   2.512967e+03   9.998779e-01   9.998779e-01   6.056227e-02
  2.000000e-02  -0.000000e+00   2.512967e+03   9.998779e-01   9.998779e-01   6.056213e-02
  2.000000e-02  -0.000000e+00   2.510514e+03   9.989020e-01   9.989020e-01   6.056213e-02
  2.000000e-02  -0.000000e+00   2.505616e+03   9.969529e-01   9.969529e-01   6.056213e-02
  2.000000e-02  -0.000000e+00   2.498286e+03   9.940364e-01   9.940364e-01   6.056213e-02
  2.000000e-02  -0.000000e+00   2.498286e+03   9.940364e-01   9.940364e-01   6.056221e-02
  2.000000e-02  -0.000000e+00   2.505616e+03   9.969529e-01   9.969529e-01   6.056213e-02
  2.000000e-02  -0.000000e+00   2.510514e+03   9.989020e-01   9.989020e-01   6.056213e-02
  2.000000e-02  -0.000000e+00   2.512967e+03   9.998779e-01   9.998779e-01   6.056227e-02
  2.000000e-02  -0.000000e+00   2.512967e+03   9.998779e-01   9.998779e-01   6.056213e-02
  2.000000e-02  -0.000000e+00   2.510514e+03   9.989020e-01   9.989020e-01   6.056213e-02
  2.000000e-02  -0.000000e+00   2.505616e+03   9.969529e-01   9.969529e-01   6.056213e-02
  2.000000e-02  -0.000000e+00   2.498286e+03   9.940364e-01   9.937125e-01   6.056213e-02
  2.000000e-02  -0.000000e+00   2.498286e+03   9.940364e-01   9.940364e-01   6.056213e-02
  2.000000e-02  -0.000000e+00   2.505616e+03   9.969529e-01   9.969529e-01   6.056213e-02
  2.000000e-02  -0.000000e+00   2.510514e+03   9.989020e-01   9.989020e-01   6.056213e-02
  2.000000e-02  -0.000000e+00   2.512967e+03   9.998779e-01   9.998779e-01   6.056240e-02
  2.000000e-02  -0.000000e+00   2.512967e+03   9.998779e-01   9.998779e-01   6.056213e-02
  2.000000e-02  -0.000000e+00   2.510514e+03   9.989020e-01   9.989020e-01   6.056213e-02
  2.000000e-02  -0.000000e+00   2.505616e+03   9.969529e-01   9.969529e-01   6.056213e-02
  2.000000e-02  -0.000000e+00   2.498286e+03   9.940364e-01   9.940364e-01   6.056213e-02
  2.000000e-02  -0.000000e+00   2.498286e+03   9.940364e-01   9.940364e-01   6.056221e-02
  2.000000e-02  -0.000000e+00   2.505616e+03   9.969529e-01   9.969529e-01   6.056213e-02
  2.000000e-02  -0.000000e+00   2.510514e+03   9.989020e-01   9.989020e-01   6.056213e-02
  2.000000e-02  -0.000000e+00   2.512967e+03   9.998779e-01   9.998779e-01   6.056213e-02
  2.000000e-02  -0.000000e+00   2.512967e+03   9.998779e-01   9.998779e-01   6.056213e-02
  2.000000e-02  -0.000000e+00   2.510514e+03   9.989020e-01   9.989020e-01   6.056238e-02
  2.000000e-02  -0.000000e+00   2.505616e+03   9.969529e-01   9.969529e-01   6.056213e-02
  2.000000e-02  -0.000000e+00   2.498286e+03   9.940364e-01   9.940364e-01   6.056213e-02
  2.000000e-02  -0.000000e+00   2.498286e+03   9.940364e-01   9.940364e-01   6.056213e-02
  2.000000e-02  -0.000000e+00   2.505616e+03   9.969529e-01   9.969529e-01   6.048075e-02
  2.000000e-02  -0.000000e+00   2.510514e+03   9.989020e-01   9.989020e-01   6.056213e-02
  2.000000e-02  -0.000000e+00   2.512967e+03   9.998779e-01   9.998779e-01   6.056213e-02
  2.000000e-02  -0.000000e+00   2.512967e+03   9.998779e-01   9.998779e-01   6.056213e-02
  2.000000e-02  -0.000000e+00   2.510514e+03   9.989020e-01   9.989020e-01   6.056213e-02
  2.000000e-02  -0.000000e+00   2.505616e+03   9.969529e-01   9.969529e-01   6.056213e-02
  2.000000e-02  -0.000000e+00   2.498286e+03   9.940364e-01   9.940364e-01   6.056221e-02
  2.000000e-02  -0.000000e+00   2.498286e+03   9.940364e-01   9.940364e-01   6.056213e-02
  2.000000e-02  -0.000000e+00   2.505616e+03   9.969529e-01   9.969529e-01   6.056213e-02
  2.000000e-02  -0.000000e+00   2.510514e+03   9.989020e-01   9.989020e-01   6.056213e-02
  2.000000e-02  -0.000000e+00   2.512967e+03   9.998779e-01   9.998779e-01   6.056213e-02
  2.000000e-02  -0.000000e+00   2.512967e+03   9.998779e-01   9.998779e-01   6.056213e-02
  2.000000e-02  -0.000000e+00   2.510514e+03   9.989020e-01   9.990061e-01   6.056213e-02
  2.000000e-02  -0.000000e+00   2.505616e+03   9.969529e-01   9.969529e-01   6.056213e-02
  2.000000e-02  -0.000000e+00   2.498286e+03   9.940364e-01   9.940364e-01   6.049025e-02
  2.000000e-02  -0.000000e+00   2.498286e+03   9.940364e-01   9.940364e-01   6.056213e-02
  2.000000e-02  -0.000000e+00   2.505616e+03   9.969529e-01   9.969529e-01   6.056213e-02
  2.000000e-02  -0.000000e+00   2.510514e+03   9.989020e-01   9.989020e-01   6.056213e-02
  2.000000e-02  -0.000000e+00   2.512967e+03   9.998779e-01   9.998779e-01   6.056213e-02
  2.000000e-02  -0.000000e+00   2.512967e+03   9.998779e-01   9.998779e-01   6.056214e-02
  2.000000e-02  -0.000000e+00   2.510514e+03   9.989020e-01   9.989020e-01   6.056213e-02
  2.000000e-02  -0.000000e+00   2.505616e+03   9.969529e-01   9.969529e-01   6.056213e-02
  2.000000e-02  -0.000000e+00   2.498286e+03   9.940364e-01   9.940364e-01   6.056213e-02
  2.000000e-02  -0.000000e+00   2.498286e+03   9.940364e-01   9.940364e-01   6.056229e-02
  2.000000e-02  -0.000000e+00   2.505616e+03   9.969529e-01   9.969529e-01   6.056216e-02
  2.000000e-02  -0.000000e+00   2.510514e+03   9.989020e-01   9.989020e-01   6.056234e-02
  2.000000e-02  -0.000000e+00   2.512967e+03   9.998779e-01   9.998779e-01   6.056216e-02
  2.000000e-02  -0.000000e+00   2.512967e+03   9.998779e-01   9.998779e-01   6.056213e-02
  2.000000e-02  -0.000000e+00   2.510514e+03   9.989020e-01   9.989020e-01   6.056237e-02
  2.000000e-02  -0.000000e+00   2.505616e+03   9.969529e-01   9.969529e-01   6.056213e-02
  2.000000e-02  -0.000000e+00   2.498286e+03   9.940364e-01   9.940364e-01   6.063410e-02
  2.000000e-02  -0.000000e+00   2.498286e+03   9.940364e-01   9.940364e-01   6.056213e-02
  2.000000e-02  -0.000000e+00   2.505616e+03   9.969529e-01   9.969529e-01   6.056213e-02
  2.000000e-02  -0.000000e+00   2.510514e+03   9.989020e-01   9.989020e-01   6.056213e-02
  2.000000e-02  -0.000000e+00   2.512967e+03   9.998779e-01   9.998779e-01   6.056213e-02
  2.000000e-02  -0.000000e+00   2.512967e+03   9.998779e-01   9.998779e-01   6.056213e-02
  2.000000e-02  -0.000000e+00   2.510514e+03   9.989020e-01   9.988127e-01   6.056213e-02
  2.000000e-02  -0.000000e+00   2.505616e+03   9.969529e-01   9.969529e-01   6.056213e-02
  2.000000e-02  -0.000000e+00   2.498286e+03   9.940364e-01   9.940364e-01   6.056213e-02
  2.000000e-02  -0.000000e+00   2.498286e+03   9.940364e-01   9.940364e-01   6.056213e-02
  2.000000e-02  -0.000000e+00   2.505616e+03   9.969529e-01   9.969529e-01   6.056213e-02
  2.000000e-02  -0.000000e+00   2.510514e+03   9.989020e-01   9.989020e-01   6.056213e-02
  2.000000e-02  -0.000000e+00   2.512967e+03   9.998779e-01   9.998779e-01   6.056213e-02
  2.000000e-02  -0.000000e+00   2.512967e+03   9.998779e-01   9.998779e-01   6.056213e-02
  2.000000e-02  -0.000000e+00   2.510514e+03   9.989020e-01   9.989020e-01   6.056230e-02
  2.000000e-02  -0.000000e+00   2.505616e+03   9.969529e-01   9.969529e-01   6.056213e-02
  2.000000e-02  -0.000000e+00   2.498286e+03   9.940364e-01   9.940364e-01   6.056213e-02
  2.000000e-02  -0.000000e+00   2.498286e+03   9.940364e-01   9.940364e-01   6.056213e-02
  2.000000e-02  -0.000000e+00   2.505616e+03   9.969529e-01   9.969529e-01   6.063191e-02
  2.000000e-02  -0.000000e+00   2.510514e+03   9.989020e-01   9.989020e-01   6.056213e-02
  2.000701e-02  -0.000000e+00   2.512087e+03   9.998779e-01   9.998779e-01   6.056213e-02
  2.000000e-02  -0.000000e+00   2.512967e+03   9.998779e-01   9.998779e-01   6.056213e-02
  2.000000e-02  -0.000000e+00   2.510514e+03   9.989020e-01   9.989020e-01   6.056213e-02
  2.000000e-02  -0.000000e+00   2.505616e+03   9.969529e-01   9.967954e-01   6.056213e-02
  2.000701e-02  -0.000000e+00   2.497411e+03   9.940364e-01   9.940364e-01   6.056213e-02
  2.000000e-02  -0.000000e+00   2.498286e+03   9.940364e-01   9.940364e-01   4.957581e-02
  2.000000e-02  -0.000000e+00   2.505616e+03   9.969529e-01   9.969529e-01   4.957581e-02
  2.000000e-02  -0.000000e+00   2.510514e+03   9.989020e-01   9.989020e-01   4.957588e-02
  2.000000e-02  -0.000000e+00   2.512967e+03   9.998779e-01   9.998779e-01   4.957581e-02
  2.000000e-02  -0.000000e+00   2.512967e+03   9.998779e-01   9.998779e-01   4.957584e-02
  2.000000e-02  -0.000000e+00   2.510514e+03   9.989020e-01   9.989020e-01   4.957581e-02
  2.000000e-02  -0.000000e+00   2.505616e+03   9.969529e-01   9.969529e-01   4.957581e-02
  2.000000e-02  -0.000000e+00   2.498286e+03   9.940364e-01   9.940364e-01   4.957581e-02
  2.000000e-02  -0.000000e+00   2.498286e+03   9.940364e-01   9.940364e-01   4.957581e-02
  2.000000e-02  -0.000000e+00   2.505616e+03   9.969529e-01   9.969529e-01   4.957585e-02
  2.001491e-02  -0.000000e+00   2.508645e+03   9.989020e-01   9.989020e-01   4.957581e-02
  2.001491e-02  -0.000000e+00   2.511096e+03   9.998779e-01   9.998779e-01   4.957585e-02
  2.000000e-02  -0.000000e+00   2.512967e+03   9.998779e-01   9.998779e-01   4.957581e-02
  2.000000e-02  -0.000000e+00   2.510514e+03   9.989020e-01   9.989020e-01   4.957581e-02
  2.000000e-02  -0.000000e+00   2.505616e+03   9.969529e-01   9.969529e-01   4.957581e-02
  2.000000e-02  -0.000000e+00   2.498286e+03   9.940364e-01   9.940364e-01   4.957581e-02
  2.000000e-02  -0.000000e+00   2.498286e+03   9.940364e-01   9.940364e-01   4.957581e-02
  2.000000e-02  -0.000000e+00   2.505616e+03   9.969529e-01   9.969529e-01   4.957585e-02
  2.000000e-02  -0.000000e+00   2.510514e+03   9.989020e-01   9.989020e-01   4.957581e-02
  2.000000e-02  -0.000000e+00   2.512967e+03   9.998779e-01   9.998779e-01   4.957583e-02
  2.000000e-02  -0.000000e+00   2.512967e+03   9.998779e-01   9.998779e-01   4.957581e-02
  2.000000e-02  -0.000000e+00   2.510514e+03   9.989020e-01   9.989020e-01   4.950444e-02
  2.000000e-02  -0.000000e+00   2.505616e+03   9.969529e-01   9.969529e-01   4.957581e-02
  2.000000e-02  -0.000000e+00   2.498286e+03   9.940364e-01   9.940364e-01   4.957581e-02
  2.000000e-02  -0.000000e+00   2.498286e+03   9.940364e-01   9.940364e-01   4.957581e-02
  2.000000e-02  -0.000000e+00   2.505616e+03   9.969529e-01   9.969529e-01   4.957581e-02
  2.000000e-02  -0.000000e+00   2.510514e+03   9.989020e-01   9.989020e-01   4.957581e-02
  2.000000e-02  -0.000000e+00   2.512967e+03   9.998779e-01   9.998779e-01   4.957581e-02
  2.000000e-02  -0.000000e+00   2.512967e+03   9.998779e-01   9.998779e-01   4.957581e-02
  2.000000e-02  -0.000000e+00   2.510514e+03   9.989020e-01   9.989020e-01   4.957581e-02
  2.000000e-02  -0.000000e+00   2.505616e+03   9.969529e-01   9.969529e-01   4.957585e-02
  2.000000e-02  -0.000000e+00   2.498286e+03   9.940364e-01   9.943603e-01   4.957581e-02
  2.000000e-02  -0.000000e+00   2.498286e+03   9.940364e-01   9.940364e-01   4.957581e-02
  2.000000e-02  -0.000000e+00   2.505616e+03   9.969529e-01   9.969529e-01   4.957581e-02
  2.001794e-02  -0.000000e+00   2.508264e+03   9.989020e-01   9.989020e-01   4.973753e-02
  2.000000e-02  -0.000000e+00   2.512967e+03   9.998779e-01   9.998779e-01   4.941434e-02
  2.000000e-02  -0.000000e+00   2.512967e+03   9.998779e-01   9.998779e-01   4.957581e-02
  2.000000e-02  -0.000000e+00   2.510514e+03   9.989020e-01   9.989020e-01   4.957581e-02
  1.998365e-02  -0.000000e+00   2.507666e+03   9.969529e-01   9.969529e-01   4.957586e-02
  2.000000e-02  -0.000000e+00   2.498286e+03   9.940364e-01   9.940364e-01   4.957581e-02
  2.000000e-02  -0.000000e+00   2.498286e+03   9.940364e-01   9.940364e-01   4.957581e-02
  2.000000e-02  -0.000000e+00   2.505616e+03   9.969529e-01   9.969529e-01   4.957581e-02
  2.000000e-02  -0.000000e+00   2.510514e+03   9.989020e-01   9.989020e-01   4.957581e-02
  2.000000e-02  -0.000000e+00   2.512967e+03   9.998779e-01   9.998779e-01   4.957581e-02
  2.000000e-02  -0.000000e+00   2.512967e+03   9.998779e-01   9.996629e-01   4.957581e-02
  2.000000e-02  -0.000000e+00   2.510514e+03   9.989020e-01   9.989020e-01   4.957581e-02
  2.000000e-02  -0.000000e+00   2.505616e+03   9.969529e-01   9.969529e-01   4.957581e-02
  2.000000e-02  -0.000000e+00   2.498286e+03   9.940364e-01   9.940364e-01   4.970608e-02
  2.000000e-02  -0.000000e+00   2.498286e+03   9.940364e-01   9.940364e-01   4.957581e-02
  2.001635e-02  -0.000000e+00   2.503569e+03   9.969529e-01   9.969529e-01   4.957581e-02
  2.000000e-02  -0.000000e+00   2.510514e+03   9.989020e-01   9.989020e-01   4.957581e-02
  2.000000e-02  -0.000000e+00   2.512967e+03   9.998779e-01   9.996492e-01   4.957581e-02
  2.000000e-02  -0.000000e+00   2.512967e+03   9.998779e-01   9.998779e-01   4.957581e-02
  1.998151e-02  -0.000000e+00   2.512838e+03   9.989020e-01   9.989020e-01   4.957581e-02
  2.000000e-02  -0.000000e+00   2.505616e+03   9.969529e-01   9.973205e-01   4.957585e-02
  2.001445e-02  -0.000000e+00   2.496482e+03   9.940364e-01   9.940364e-01   4.957581e-02
  2.000000e-02  -0.000000e+00   2.498286e+03   9.940364e-01   9.940364e-01   4.957581e-02
  1.998365e-02  -0.000000e+00   2.507666e+03   9.969529e-01   9.969529e-01   4.957581e-02
  1.998151e-02  -0.000000e+00   2.512838e+03   9.989020e-01   9.989020e-01   4.957581e-02
  1.997972e-02  -0.000000e+00   2.515519e+03   9.998779e-01   9.998779e-01   4.957581e-02
  2.002029e-02  -0.000000e+00   2.510420e+03   9.998779e-01   9.998779e-01   4.957581e-02
  2.000000e-02  -0.000000e+00   2.510514e+03   9.989020e-01   9.989020e-01   4.957581e-02
  2.000000e-02  -0.000000e+00   2.505616e+03   9.969529e-01   9.969529e-01   4.957581e-02
  2.000000e-02  -0.000000e+00   2.498286e+03   9.940364e-01   9.940364e-01   4.957581e-02
  2.000000e-02  -0.000000e+00   2.498286e+03   9.940364e-01   9.940364e-01   4.970608e-02
  2.000000e-02  -0.000000e+00   2.505616e+03   9.969529e-01   9.969529e-01   4.957581e-02
  1.998151e-02  -0.000000e+00   2.512838e+03   9.989020e-01   9.989020e-01   4.957581e-02
  2.000000e-02  -0.000000e+00   2.512967e+03   9.998779e-01   9.998779e-01   4.957585e-02
  2.000000e-02  -0.000000e+00   2.512967e+03   9.998779e-01   9.998779e-01   4.957581e-02
  2.000000e-02  -0.000000e+00   2.510514e+03   9.989020e-01   9.989020e-01   4.957581e-02
  1.998365e-02  -0.000000e+00   2.507666e+03   9.969529e-01   9.965853e-01   4.957581e-02
  2.000000e-02  -0.000000e+00   2.498286e+03   9.940364e-01   9.940364e-01   4.957581e-02
  2.000000e-02  -0.000000e+00   2.498286e+03   9.940364e-01   9.940364e-01   4.957583e-02
  2.000000e-02  -0.000000e+00   2.505616e+03   9.969529e-01   9.971367e-01   4.957581e-02
  2.000000e-02  -0.000000e+00   2.510514e+03   9.989020e-01   9.989020e-01   4.957581e-02
  2.000000e-02  -0.000000e+00   2.512967e+03   9.998779e-01   9.998779e-01   4.957588e-02
  2.000000e-02  -0.000000e+00   2.512967e+03   9.998779e-01   1.000107e+00   4.957581e-02
  2.000000e-02  -0.000000e+00   2.510514e+03   9.989020e-01   9.989020e-01   4.957584e-02
  2.000000e-02  -0.000000e+00   2.505616e+03   9.969529e-01   9.969529e-01   4.957583e-02
  2.000000e-02  -0.000000e+00   2.498286e+03   9.940364e-01   9.940364e-01   4.957581e-02
  2.000000e-02  -0.000000e+00   2.498286e+03   9.940364e-01   9.940364e-01   4.957581e-02
  2.000000e-02  -0.000000e+00   2.505616e+03   9.969529e-01   9.969529e-01   4.957581e-02
  2.000000e-02  -0.000000e+00   2.510514e+03   9.989020e-01   9.989020e-01   4.957581e-02
  2.000000e-02  -0.000000e+00   2.512967e+03   9.998779e-01   9.998779e-01   4.957581e-02
  2.000000e-02  -0.000000e+00   2.512967e+03   9.998779e-01   9.998779e-01   4.957581e-02
  2.000000e-02  -0.000000e+00   2.510514e+03   9.989020e-01   9.989020e-01   4.957584e-02
  2.000000e-02  -0.000000e+00   2.505616e+03   9.969529e-01   9.969529e-01   4.957585e-02
  2.000000e-02  -0.000000e+00   2.498286e+03   9.940364e-01   9.940364e-01   4.957583e-02
  2.000000e-02  -0.000000e+00   2.498286e+03   9.940364e-01   9.941174e-01   4.957581e-02
  2.000000e-02  -0.000000e+00   2.505616e+03   9.969529e-01   9.969529e-01   4.957585e-02
  2.000000e-02  -0.000000e+00   2.510514e+03   9.989020e-01   9.989020e-01   4.957581e-02
  2.000000e-02  -0.000000e+00   2.512967e+03   9.998779e-01   9.998779e-01   4.957581e-02
  2.000000e-02  -0.000000e+00   2.512967e+03   9.998779e-01   9.998779e-01   4.957581e-02
  2.000000e-02  -0.000000e+00   2.510514e+03   9.989020e-01   9.989020e-01   4.957581e-02
  2.000000e-02  -0.000000e+00   2.505616e+03   9.969529e-01   9.969529e-01   4.957581e-02
  2.000000e-02  -0.000000e+00   2.498286e+03   9.940364e-01   9.939959e-01   4.957581e-02
  2.000000e-02  -0.000000e+00   2.498286e+03   9.940364e-01   9.940364e-01   4.957581e-02
  2.000000e-02  -0.000000e+00   2.505616e+03   9.969529e-01   9.969529e-01   4.957581e-02
  2.000000e-02  -0.000000e+00   2.510514e+03   9.989020e-01   9.989020e-01   4.957581e-02
  2.000000e-02  -0.000000e+00   2.512967e+03   9.998779e-01   9.998779e-01   4.957581e-02
  2.000000e-02  -0.000000e+00   2.512967e+03   9.998779e-01   9.998208e-01   4.957581e-02
  2.000000e-02  -0.000000e+00   2.510514e+03   9.989020e-01   9.989020e-01   4.957587e-02
  2.000000e-02  -0.000000e+00   2.505616e+03   9.969529e-01   9.969529e-01   4.957581e-02
  2.000000e-02  -0.000000e+00   2.498286e+03   9.940364e-01   9.940364e-01   4.957581e-02
  2.000000e-02  -0.000000e+00   2.498286e+03   9.940364e-01   9.940364e-01   4.957581e-02
  2.000000e-02  -0.000000e+00   2.505616e+03   9.969529e-01   9.969529e-01   4.957581e-02
  2.000000e-02  -0.000000e+00   2.510514e+03   9.989020e-01   9.989020e-01   4.957581e-02
  2.002029e-02  -0.000000e+00   2.510420e+03   9.998779e-01   9.998779e-01   4.957581e-02
  2.000000e-02  -0.000000e+00   2.512967e+03   9.998779e-01   9.998779e-01   4.957581e-02
  2.000000e-02  -0.000000e+00   2.510514e+03   9.989020e-01   9.989020e-01   4.957581e-02
  2.000000e-02  -0.000000e+00   2.505616e+03   9.969529e-01   9.969529e-01   4.957581e-02
  2.000000e-02  -0.000000e+00   2.498286e+03   9.940364e-01   9.940364e-01   4.957589e-02
  2.000000e-02  -0.000000e+00   2.498286e+03   9.940364e-01   9.940364e-01   4.957581e-02
  2.000000e-02  -0.000000e+00   2.505616e+03   9.969529e-01   9.969529e-01   4.957581e-02
  2.000000e-02  -0.000000e+00   2.510514e+03   9.989020e-01   9.989020e-01   4.957581e-02
  2.000000e-02  -0.000000e+00   2.512967e+03   9.998779e-01   9.998779e-01   4.957581e-02
  2.000000e-02  -0.000000e+00   2.512967e+03   9.998779e-01   9.998779e-01   4.957581e-02
  2.000000e-02  -0.000000e+00   2.510514e+03   9.989020e-01   9.989020e-01   4.957581e-02
  1.998365e-02  -0.000000e+00   2.507666e+03   9.969529e-01   9.969529e-01   4.957581e-02
  2.000000e-02  -0.000000e+00   2.498286e+03   9.940364e-01   9.940364e-01   4.957581e-02
  2.000000e-02  -0.000000e+00   2.498286e+03   9.940364e-01   9.941174e-01   4.957583e-02
  2.000000e-02  -0.000000e+00   2.505616e+03   9.969529e-01   9.969529e-01   4.957581e-02
  2.000000e-02  -0.000000e+00   2.510514e+03   9.989020e-01   9.989020e-01   4.965917e-02
  1.997972e-02  -0.000000e+00   2.515519e+03   9.998779e-01   9.998779e-01   4.957581e-02
  2.000000e-02  -0.000000e+00   2.512967e+03   9.998779e-01   9.998779e-01   4.957581e-02
  2.000000e-02  -0.000000e+00   2.510514e+03   9.989020e-01   9.989020e-01   4.957581e-02
  2.000000e-02  -0.000000e+00   2.505616e+03   9.969529e-01   9.969529e-01   4.957585e-02
  2.000000e-02  -0.000000e+00   2.498286e+03   9.940364e-01   9.940364e-01   4.964092e-02
  2.000000e-02  -0.000000e+00   2.498286e+03   9.940364e-01   9.940364e-01   4.951074e-02
  2.000000e-02  -0.000000e+00   2.505616e+03   9.969529e-01   9.969529e-01   4.957581e-02
  2.000000e-02  -0.000000e+00   2.510514e+03   9.989020e-01   9.989020e-01   4.957581e-02
  2.000000e-02  -0.000000e+00   2.512967e+03   9.998779e-01   9.998779e-01   4.957585e-02
  2.000000e-02  -0.000000e+00   2.512967e+03   9.998779e-01   9.998779e-01   4.957581e-02
  2.000000e-02  -0.000000e+00   2.510514e+03   9.989020e-01   9.989020e-01   4.957581e-02
  1.998365e-02  -0.000000e+00   2.507666e+03   9.969529e-01   9.969529e-01   4.957581e-02
  2.000000e-02  -0.000000e+00   2.498286e+03   9.940364e-01   9.940364e-01   4.957586e-02
  2.000000e-02  -0.000000e+00   2.498286e+03   9.940364e-01   9.940364e-01   4.951074e-02
  2.000000e-02  -0.000000e+00   2.505616e+03   9.969529e-01   9.969529e-01   4.957581e-02
  2.000000e-02  -0.000000e+00   2.510514e+03   9.989020e-01   9.989020e-01   4.957584e-02
  2.000000e-02  -0.000000e+00   2.512967e+03   9.998779e-01   9.998779e-01   4.957581e-02
  2.000000e-02  -0.000000e+00   2.512967e+03   9.998779e-01   9.998779e-01   4.957581e-02
  2.000000e-02  -0.000000e+00   2.510514e+03   9.989020e-01   9.989020e-01   4.957581e-02
  2.000000e-02  -0.000000e+00   2.505616e+03   9.969529e-01   9.969529e-01   4.957581e-02
  2.000000e-02  -0.000000e+00   2.498286e+03   9.940364e-01   9.940364e-01   4.957581e-02
  2.000000e-02  -0.000000e+00   2.498286e+03   9.940364e-01   9.940364e-01   4.957581e-02
  2.000000e-02  -0.000000e+00   2.505616e+03   9.969529e-01   9.969529e-01   4.957581e-02
  2.000000e-02  -0.000000e+00   2.510514e+03   9.989020e-01   9.989020e-01   4.957581e-02
  2.000000e-02  -0.000000e+00   2.512967e+03   9.998779e-01   9.998779e-01   4.957581e-02
  2.000000e-02  -0.000000e+00   2.512967e+03   9.998779e-01   9.998779e-01   4.957581e-02
  2.000000e-02  -0.000000e+00   2.510514e+03   9.989020e-01   9.989020e-01   4.957581e-02
  2.000000e-02  -0.000000e+00   2.505616e+03   9.969529e-01   9.969529e-01   4.957581e-02
  2.000000e-02  -0.000000e+00   2.498286e+03   9.940364e-01   9.940364e-01   4.957581e-02
  2.000000e-02  -0.000000e+00   2.498286e+03   9.940364e-01   9.940364e-01   4.957581e-02
  2.000000e-02  -0.000000e+00   2.505616e+03   9.969529e-01   9.971367e-01   4.957583e-02
  2.000000e-02  -0.000000e+00   2.510514e+03   9.989020e-01   9.990061e-01   4.957581e-02
  2.000000e-02  -0.000000e+00   2.512967e+03   9.998779e-01   9.999923e-01   4.957581e-02
  2.000000e-02  -0.000000e+00   2.512967e+03   9.998779e-01   1.000107e+00   4.957581e-02
  2.000000e-02  -0.000000e+00   2.510514e+03   9.989020e-01   9.990061e-01   4.957581e-02
  1.999591e-02  -0.000000e+00   2.506128e+03   9.969529e-01   9.967691e-01   4.957581e-02
  2.000000e-02  -0.000000e+00   2.498286e+03   9.940364e-01   9.941984e-01   4.957581e-02
  2.000000e-02  -0.000000e+00   2.498286e+03   9.940364e-01   9.940364e-01   4.957581e-02
  2.000000e-02  -0.000000e+00   2.505616e+03   9.969529e-01   9.969529e-01   4.957581e-02
  2.000000e-02  -0.000000e+00   2.510514e+03   9.989020e-01   9.989020e-01   4.957581e-02
  2.000000e-02  -0.000000e+00   2.512967e+03   9.998779e-01   9.998779e-01   4.957581e-02
  2.000000e-02  -0.000000e+00   2.512967e+03   9.998779e-01   9.998779e-01   4.957581e-02
  2.000000e-02  -0.000000e+00   2.510514e+03   9.989020e-01   9.989020e-01   4.957581e-02
  2.000000e-02  -0.000000e+00   2.505616e+03   9.969529e-01   9.969529e-01   4.957581e-02
  2.000000e-02  -0.000000e+00   2.498286e+03   9.940364e-01   9.940364e-01   4.957581e-02
  2.000000e-02  -0.000000e+00   2.498286e+03   9.940364e-01   9.940364e-01   4.957581e-02
  2.000000e-02  -0.000000e+00   2.505616e+03   9.969529e-01   9.969529e-01   4.957581e-02
  2.000000e-02  -0.000000e+00   2.510514e+03   9.989020e-01   9.989020e-01   4.957581e-02
  2.000000e-02  -0.000000e+00   2.512967e+03   9.998779e-01   9.998779e-01   4.957581e-02
  2.000000e-02  -0.000000e+00   2.512967e+03   9.998779e-01   9.998779e-01   4.957581e-02
  2.000000e-02  -0.000000e+00   2.510514e+03   9.989020e-01   9.989020e-01   4.957581e-02
  2.000000e-02  -0.000000e+00   2.505616e+03   9.969529e-01   9.973205e-01   4.957581e-02
  2.000000e-02  -0.000000e+00   2.498286e+03   9.940364e-01   9.940364e-01   4.957581e-02
  2.000000e-02  -0.000000e+00   2.498286e+03   9.940364e-01   9.940364e-01   4.957581e-02
  2.000000e-02  -0.000000e+00   2.505616e+03   9.969529e-01   9.969529e-01   4.957610e-02
  2.000000e-02  -0.000000e+00   2.510514e+03   9.989020e-01   9.989020e-01   4.957581e-02
  2.000000e-02  -0.000000e+00   2.512967e+03   9.998779e-01   9.998779e-01   4.957596e-02
  2.000000e-02  -0.000000e+00   2.512967e+03   9.998779e-01   9.998779e-01   4.957611e-02
  2.000000e-02  -0.000000e+00   2.510514e+03   9.989020e-01   9.989020e-01   4.957606e-02
  2.000000e-02  -0.000000e+00   2.505616e+03   9.969529e-01   9.969529e-01   4.957581e-02
  2.000000e-02  -0.000000e+00   2.498286e+03   9.940364e-01   9.943603e-01   4.957581e-02
  2.000000e-02  -0.000000e+00   2.498286e+03   9.940364e-01   9.940364e-01   4.957581e-02
  2.000000e-02  -0.000000e+00   2.505616e+03   9.969529e-01   9.969529e-01   4.957600e-02
  2.000000e-02  -0.000000e+00   2.510514e+03   9.989020e-01   9.989020e-01   4.957581e-02
  2.000000e-02  -0.000000e+00   2.512967e+03   9.998779e-01   9.998779e-01   4.957611e-02
  2.000000e-02  -0.000000e+00   2.512967e+03   9.998779e-01   9.998779e-01   4.957581e-02
  2.000000e-02  -0.000000e+00   2.510514e+03   9.989020e-01   9.989020e-01   4.957581e-02
  2.000000e-02  -0.000000e+00   2.505616e+03   9.969529e-01   9.969529e-01   4.957581e-02
  2.000000e-02  -0.000000e+00   2.498286e+03   9.940364e-01   9.940364e-01   4.957581e-02
  2.000000e-02  -0.000000e+00   2.498286e+03   9.940364e-01   9.940364e-01   4.957581e-02
  2.000000e-02  -0.000000e+00   2.505616e+03   9.969529e-01   9.969529e-01   4.957581e-02
  2.000000e-02  -0.000000e+00   2.510514e+03   9.989020e-01   9.989020e-01   4.957581e-02
  2.000000e-02  -0.000000e+00   2.512967e+03   9.998779e-01   9.998779e-01   4.957581e-02
  2.000000e-02  -0.000000e+00   2.512967e+03   9.998779e-01   9.998779e-01   4.957581e-02
  2.000000e-02  -0.000000e+00   2.510514e+03   9.989020e-01   9.989020e-01   4.957581e-02
  2.000000e-02  -0.000000e+00   2.505616e+03   9.969529e-01   9.969529e-01   4.957581e-02
  2.000000e-02  -0.000000e+00   2.498286e+03   9.940364e-01   9.940364e-01   4.957581e-02
  2.000000e-02  -0.000000e+00   2.498286e+03   9.940364e-01   9.940364e-01   4.957581e-02
  2.000000e-02  -0.000000e+00   2.505616e+03   9.969529e-01   9.969529e-01   4.957581e-02
  2.000000e-02  -0.000000e+00   2.510514e+03   9.989020e-01   9.989020e-01   4.957581e-02
  1.998986e-02  -0.000000e+00   2.514242e+03   9.998779e-01   9.998779e-01   4.957581e-02
  2.000000e-02  -0.000000e+00   2.512967e+03   9.998779e-01   9.998779e-01   4.957581e-02
  2.000000e-02  -0.000000e+00   2.510514e+03   9.989020e-01   9.989020e-01   4.957606e-02
  2.000000e-02  -0.000000e+00   2.505616e+03   9.969529e-01   9.968610e-01   4.957581e-02
  2.000000e-02  -0.000000e+00   2.498286e+03   9.940364e-01   9.940364e-01   4.957581e-02
  2.000000e-02  -0.000000e+00   2.498286e+03   9.940364e-01   9.940364e-01   4.957581e-02
  2.000000e-02  -0.000000e+00   2.505616e+03   9.969529e-01   9.969529e-01   4.957581e-02
  2.000000e-02  -0.000000e+00   2.510514e+03   9.989020e-01   9.989020e-01   4.957581e-02
  2.000000e-02  -0.000000e+00   2.512967e+03   9.998779e-01   9.998779e-01   4.957581e-02
  2.000000e-02  -0.000000e+00   2.512967e+03   9.998779e-01   9.998779e-01   4.957581e-02
  2.000000e-02  -0.000000e+00   2.510514e+03   9.989020e-01   9.989020e-01   4.957581e-02
  2.000818e-02  -0.000000e+00   2.504592e+03   9.969529e-01   9.969529e-01   4.957581e-02
  2.000000e-02  -0.000000e+00   2.498286e+03   9.940364e-01   9.940364e-01   4.957581e-02
  2.000000e-02  -0.000000e+00   2.498286e+03   9.940364e-01   9.940364e-01   4.957598e-02
  2.000000e-02  -0.000000e+00   2.505616e+03   9.969529e-01   9.969529e-01   4.957581e-02
  2.000000e-02  -0.000000e+00   2.510514e+03   9.989020e-01   9.989020e-01   4.957581e-02
  2.000000e-02  -0.000000e+00   2.512967e+03   9.998779e-01   9.998779e-01   4.957584e-02
  2.000000e-02  -0.000000e+00   2.512967e+03   9.998779e-01   9.998779e-01   4.957581e-02
  2.000000e-02  -0.000000e+00   2.510514e+03   9.989020e-01   9.989020e-01   4.957581e-02
  2.000000e-02  -0.000000e+00   2.505616e+03   9.969529e-01   9.969529e-01   4.957581e-02
  2.000000e-02  -0.000000e+00   2.498286e+03   9.940364e-01   9.940364e-01   4.957581e-02
  2.000000e-02  -0.000000e+00   2.498286e+03   9.940364e-01   9.940364e-01   4.957589e-02
  2.000000e-02  -0.000000e+00   2.505616e+03   9.969529e-01   9.969529e-01   4.957581e-02
  2.000000e-02  -0.000000e+00   2.510514e+03   9.989020e-01   9.989020e-01   4.957581e-02
  2.000000e-02  -0.000000e+00   2.512967e+03   9.998779e-01   9.998779e-01   4.957581e-02
  2.000000e-02  -0.000000e+00   2.512967e+03   9.998779e-01   9.998779e-01   4.957581e-02
  2.000000e-02  -0.000000e+00   2.510514e+03   9.989020e-01   9.989020e-01   4.957581e-02
  2.000000e-02  -0.000000e+00   2.505616e+03   9.969529e-01   9.969529e-01   4.957581e-02
  2.000000e-02  -0.000000e+00   2.498286e+03   9.940364e-01   9.940364e-01   4.957581e-02
  2.000000e-02  -0.000000e+00   2.498286e+03   9.940364e-01   9.940364e-01   4.957581e-02
  2.000000e-02  -0.000000e+00   2.505616e+03   9.969529e-01   9.969529e-01   4.957590e-02
  2.000000e-02  -0.000000e+00   2.510514e+03   9.989020e-01   9.989020e-01   4.957581e-02
  2.000000e-02  -0.000000e+00   2.512967e+03   9.998779e-01   9.998779e-01   4.957581e-02
  2.000000e-02  -0.000000e+00   2.512967e+03   9.998779e-01   9.998779e-01   4.957581e-02
  2.000000e-02  -0.000000e+00   2.510514e+03   9.989020e-01   9.989020e-01   4.957581e-02
  2.000000e-02  -0.000000e+00   2.505616e+03   9.969529e-01   9.969529e-01   4.957581e-02
  2.000000e-02  -0.000000e+00   2.498286e+03   9.940364e-01   9.940364e-01   4.957581e-02
  2.000000e-02  -0.000000e+00   2.498286e+03   9.940364e-01   9.940364e-01   4.957581e-02
  2.000000e-02  -0.000000e+00   2.505616e+03   9.969529e-01   9.969529e-01   4.957581e-02
  2.000000e-02  -0.000000e+00   2.510514e+03   9.989020e-01   9.989020e-01   4.957581e-02
  2.000000e-02  -0.000000e+00   2.512967e+03   9.998779e-01   9.998779e-01   4.957581e-02
  2.000000e-02  -0.000000e+00   2.512967e+03   9.998779e-01   9.998779e-01   4.957589e-02
  2.000000e-02  -0.000000e+00   2.510514e+03   9.989020e-01   9.989020e-01   4.957581e-02
  2.000000e-02  -0.000000e+00   2.505616e+03   9.969529e-01   9.969529e-01   4.957581e-02
  2.000000e-02  -0.000000e+00   2.498286e+03   9.940364e-01   9.940364e-01   4.957589e-02
  2.000000e-02  -0.000000e+00   2.498286e+03   9.940364e-01   9.940364e-01   4.957595e-02
  2.000000e-02  -0.000000e+00   2.505616e+03   9.969529e-01   9.969529e-01   4.957581e-02
  2.000000e-02  -0.000000e+00   2.510514e+03   9.989020e-01   9.989020e-01   4.957581e-02
  2.000000e-02  -0.000000e+00   2.512967e+03   9.998779e-01   9.998779e-01   4.957581e-02
  2.000000e-02  -0.000000e+00   2.512967e+03   9.998779e-01   9.998779e-01   4.957581e-02
  2.000000e-02  -0.000000e+00   2.510514e+03   9.989020e-01   9.989020e-01   4.957581e-02
  2.000000e-02  -0.000000e+00   2.505616e+03   9.969529e-01   9.969529e-01   4.957581e-02
  2.000000e-02  -0.000000e+00   2.498286e+03   9.940364e-01   9.940364e-01   4.957581e-02
  2.000000e-02  -0.000000e+00   2.498286e+03   9.940364e-01   9.940364e-01   3.968811e-02
  2.000000e-02  -0.000000e+00   2.505616e+03   9.969529e-01   9.969529e-01   3.968811e-02
  2.000000e-02  -0.000000e+00   2.510514e+03   9.989020e-01   9.989020e-01   3.968811e-02
  2.000000e-02  -0.000000e+00   2.512967e+03   9.998779e-01   9.998779e-01   3.968811e-02
  2.000000e-02  -0.000000e+00   2.512967e+03   9.998779e-01   9.998779e-01   3.968811e-02
  2.000000e-02  -0.000000e+00   2.510514e+03   9.989020e-01   9.989020e-01   3.968811e-02
  2.001401e-02  -0.000000e+00   2.503862e+03   9.969529e-01   9.969529e-01   3.968811e-02
  2.000000e-02  -0.000000e+00   2.498286e+03   9.940364e-01   9.939579e-01   3.968811e-02
  2.000000e-02  -0.000000e+00   2.498286e+03   9.940364e-01   9.940364e-01   3.968811e-02
  2.000000e-02  -0.000000e+00   2.505616e+03   9.969529e-01   9.969529e-01   3.980834e-02
  2.000000e-02  -0.000000e+00   2.510514e+03   9.989020e-01   9.989020e-01   3.980834e-02
  2.000000e-02  -0.000000e+00   2.512967e+03   9.998779e-01   9.998779e-01   3.968811e-02
  2.000000e-02  -0.000000e+00   2.512967e+03   9.998779e-01   9.998779e-01   3.968811e-02
  2.000000e-02  -0.000000e+00   2.510514e+03   9.989020e-01   9.989020e-01   3.968811e-02
  2.000000e-02  -0.000000e+00   2.505616e+03   9.969529e-01   9.969529e-01   3.968824e-02
  2.000000e-02  -0.000000e+00   2.498286e+03   9.940364e-01   9.940364e-01   3.968812e-02
  2.000000e-02  -0.000000e+00   2.498286e+03   9.940364e-01   9.940364e-01   3.968811e-02
  2.000000e-02  -0.000000e+00   2.505616e+03   9.969529e-01   9.969529e-01   3.968811e-02
  2.000000e-02  -0.000000e+00   2.510514e+03   9.989020e-01   9.989020e-01   3.968811e-02
  2.000000e-02  -0.000000e+00   2.512967e+03   9.998779e-01   9.998779e-01   3.968811e-02
  2.000000e-02  -0.000000e+00   2.512967e+03   9.998779e-01   9.998779e-01   3.968812e-02
  2.000000e-02  -0.000000e+00   2.510514e+03   9.989020e-01   9.989020e-01   3.968816e-02
  2.000000e-02  -0.000000e+00   2.505616e+03   9.969529e-01   9.969529e-01   3.968811e-02
  2.000000e-02  -0.000000e+00   2.498286e+03   9.940364e-01   9.940364e-01   3.968811e-02
  2.000000e-02  -0.000000e+00   2.498286e+03   9.940364e-01   9.937125e-01   3.968811e-02
  2.000000e-02  -0.000000e+00   2.505616e+03   9.969529e-01   9.969529e-01   3.968811e-02
  2.000000e-02  -0.000000e+00   2.510514e+03   9.989020e-01   9.989020e-01   3.968811e-02
  2.000000e-02  -0.000000e+00   2.512967e+03   9.998779e-01   9.998779e-01   3.968812e-02
  2.000000e-02  -0.000000e+00   2.512967e+03   9.998779e-01   9.998779e-01   3.968811e-02
  2.000000e-02  -0.000000e+00   2.510514e+03   9.989020e-01   9.989020e-01   3.968811e-02
  2.000000e-02  -0.000000e+00   2.505616e+03   9.969529e-01   9.969529e-01   3.968811e-02
  2.000000e-02  -0.000000e+00   2.498286e+03   9.940364e-01   9.940364e-01   3.968811e-02
  2.000000e-02  -0.000000e+00   2.498286e+03   9.940364e-01   9.940364e-01   3.992145e-02
  2.000000e-02  -0.000000e+00   2.505616e+03   9.969529e-01   9.969529e-01   3.968821e-02
  2.000000e-02  -0.000000e+00   2.510514e+03   9.989020e-01   9.989020e-01   3.968811e-02
  2.000000e-02  -0.000000e+00   2.512967e+03   9.998779e-01   9.998779e-01   3.968811e-02
  2.000000e-02  -0.000000e+00   2.512967e+03   9.998779e-01   9.998779e-01   3.968811e-02
  2.000000e-02  -0.000000e+00   2.510514e+03   9.989020e-01   9.989020e-01   3.968817e-02
  2.000000e-02  -0.000000e+00   2.505616e+03   9.969529e-01   9.969529e-01   3.968811e-02
  2.000000e-02  -0.000000e+00   2.498286e+03   9.940364e-01   9.940364e-01   3.968811e-02
  2.000000e-02  -0.000000e+00   2.498286e+03   9.940364e-01   9.940364e-01   3.968811e-02
  2.000000e-02  -0.000000e+00   2.505616e+03   9.969529e-01   9.969529e-01   3.968811e-02
  2.000000e-02  -0.000000e+00   2.510514e+03   9.989020e-01   9.989020e-01   3.968811e-02
  2.000000e-02  -0.000000e+00   2.512967e+03   9.998779e-01   9.998779e-01   3.968811e-02
  2.000000e-02  -0.000000e+00   2.512967e+03   9.998779e-01   9.998779e-01   3.968811e-02
  1.999075e-02  -0.000000e+00   2.511676e+03   9.989020e-01   9.989020e-01   3.968811e-02
  2.000000e-02  -0.000000e+00   2.505616e+03   9.969529e-01   9.969529e-01   3.968816e-02
  2.000000e-02  -0.000000e+00   2.498286e+03   9.940364e-01   9.940364e-01   3.968811e-02
  2.001445e-02  -0.000000e+00   2.496482e+03   9.940364e-01   9.940364e-01   3.968811e-02
  2.001635e-02  -0.000000e+00   2.503569e+03   9.969529e-01   9.969529e-01   3.942499e-02
  2.000000e-02  -0.000000e+00   2.510514e+03   9.989020e-01   9.989020e-01   3.968811e-02
  2.000000e-02  -0.000000e+00   2.512967e+03   9.998779e-01   9.998779e-01   3.968811e-02
  2.000000e-02  -0.000000e+00   2.512967e+03   9.998779e-01   9.998779e-01   3.968811e-02
  2.000000e-02  -0.000000e+00   2.510514e+03   9.989020e-01   9.989020e-01   3.968811e-02
  2.000000e-02  -0.000000e+00   2.505616e+03   9.969529e-01   9.969529e-01   3.968811e-02
  2.000000e-02  -0.000000e+00   2.498286e+03   9.940364e-01   9.940364e-01   3.968811e-02
  1.998555e-02  -0.000000e+00   2.500092e+03   9.940364e-01   9.940364e-01   3.968811e-02
  2.000000e-02  -0.000000e+00   2.505616e+03   9.969529e-01   9.969529e-01   3.968811e-02
  2.000000e-02  -0.000000e+00   2.510514e+03   9.989020e-01   9.989020e-01   3.968811e-02
  2.000000e-02  -0.000000e+00   2.512967e+03   9.998779e-01   1.000114e+00   3.968815e-02
  2.000000e-02  -0.000000e+00   2.512967e+03   9.998779e-01   9.998779e-01   3.951963e-02
  2.000000e-02  -0.000000e+00   2.510514e+03   9.989020e-01   9.989020e-01   3.968814e-02
  2.000000e-02  -0.000000e+00   2.505616e+03   9.969529e-01   9.969529e-01   3.968811e-02
  1.998555e-02  -0.000000e+00   2.500092e+03   9.940364e-01   9.940364e-01   3.968811e-02
  2.000000e-02  -0.000000e+00   2.498286e+03   9.940364e-01   9.940364e-01   3.968813e-02
  2.000000e-02  -0.000000e+00   2.505616e+03   9.969529e-01   9.969529e-01   3.968811e-02
  2.000000e-02  -0.000000e+00   2.510514e+03   9.989020e-01   9.989020e-01   3.968811e-02
  2.000000e-02  -0.000000e+00   2.512967e+03   9.998779e-01   9.998779e-01   3.968811e-02
  2.000000e-02  -0.000000e+00   2.512967e+03   9.998779e-01   9.998779e-01   3.968815e-02
  2.000000e-02  -0.000000e+00   2.510514e+03   9.989020e-01   9.989020e-01   3.968811e-02
  2.000000e-02  -0.000000e+00   2.505616e+03   9.969529e-01   9.965853e-01   3.968814e-02
  2.000000e-02  -0.000000e+00   2.498286e+03   9.940364e-01   9.940364e-01   3.968811e-02
  2.000000e-02  -0.000000e+00   2.498286e+03   9.940364e-01   9.940364e-01   3.980476e-02
  2.000000e-02  -0.000000e+00   2.505616e+03   9.969529e-01   9.969529e-01   3.968816e-02
  2.000000e-02  -0.000000e+00   2.510514e+03   9.989020e-01   9.989020e-01   3.968824e-02
  2.000000e-02  -0.000000e+00   2.512967e+03   9.998779e-01   9.998779e-01   3.968811e-02
  2.002093e-02  -0.000000e+00   2.510340e+03   9.998779e-01   9.998779e-01   3.968811e-02
  2.000000e-02  -0.000000e+00   2.510514e+03   9.989020e-01   9.989020e-01   3.968811e-02
  2.000000e-02  -0.000000e+00   2.505616e+03   9.969529e-01   9.969529e-01   3.968811e-02
  2.000000e-02  -0.000000e+00   2.498286e+03   9.940364e-01   9.940364e-01   3.968811e-02
  2.000000e-02  -0.000000e+00   2.498286e+03   9.940364e-01   9.939554e-01   3.968819e-02
  2.000000e-02  -0.000000e+00   2.505616e+03   9.969529e-01   9.969529e-01   3.968811e-02
  2.000000e-02  -0.000000e+00   2.510514e+03   9.989020e-01   9.989020e-01   3.968811e-02
  2.000000e-02  -0.000000e+00   2.512967e+03   9.998779e-01   9.998779e-01   3.968811e-02
  2.000000e-02  -0.000000e+00   2.512967e+03   9.998779e-01   9.998779e-01   3.968811e-02
  2.000000e-02  -0.000000e+00   2.510514e+03   9.989020e-01   9.989020e-01   3.968811e-02
  2.000000e-02  -0.000000e+00   2.505616e+03   9.969529e-01   9.969529e-01   3.968811e-02
  1.999278e-02  -0.000000e+00   2.499189e+03   9.940364e-01   9.940364e-01   3.968811e-02
  2.000361e-02  -0.000000e+00   2.497835e+03   9.940364e-01   9.940364e-01   3.968811e-02
  2.000000e-02  -0.000000e+00   2.505616e+03   9.969529e-01   9.969529e-01   3.968821e-02
  2.000000e-02  -0.000000e+00   2.510514e+03   9.989020e-01   9.989020e-01   3.968811e-02
  2.000000e-02  -0.000000e+00   2.512967e+03   9.998779e-01   9.998779e-01   3.968819e-02
  2.000000e-02  -0.000000e+00   2.512967e+03   9.998779e-01   9.998779e-01   3.968811e-02
  2.000000e-02  -0.000000e+00   2.510514e+03   9.989020e-01   9.989020e-01   3.968811e-02
  1.999183e-02  -0.000000e+00   2.506640e+03   9.969529e-01   9.969529e-01   3.968811e-02
  2.000000e-02  -0.000000e+00   2.498286e+03   9.940364e-01   9.940364e-01   3.968811e-02
  2.000000e-02  -0.000000e+00   2.498286e+03   9.940364e-01   9.940364e-01   3.968811e-02
  2.000000e-02  -0.000000e+00   2.505616e+03   9.969529e-01   9.969529e-01   3.968811e-02
  2.000000e-02  -0.000000e+00   2.510514e+03   9.989020e-01   9.989020e-01   3.968811e-02
  2.000000e-02  -0.000000e+00   2.512967e+03   9.998779e-01   9.998779e-01   3.968811e-02
  2.000000e-02  -0.000000e+00   2.512967e+03   9.998779e-01   9.998779e-01   3.968811e-02
  2.000000e-02  -0.000000e+00   2.510514e+03   9.989020e-01   9.989020e-01   3.968811e-02
  2.000000e-02  -0.000000e+00   2.505616e+03   9.969529e-01   9.969529e-01   3.968811e-02
  2.000000e-02  -0.000000e+00   2.498286e+03   9.940364e-01   9.940364e-01   3.968811e-02
  1.999278e-02  -0.000000e+00   2.499189e+03   9.940364e-01   9.941174e-01   3.968811e-02
  2.000000e-02  -0.000000e+00   2.505616e+03   9.969529e-01   9.969529e-01   3.955642e-02
  2.000000e-02  -0.000000e+00   2.510514e+03   9.989020e-01   9.989020e-01   3.968824e-02
  2.000000e-02  -0.000000e+00   2.512967e+03   9.998779e-01   9.998779e-01   3.968811e-02
  2.000000e-02  -0.000000e+00   2.512967e+03   9.998779e-01   9.998779e-01   3.968828e-02
  2.000000e-02  -0.000000e+00   2.510514e+03   9.989020e-01   9.989020e-01   3.968817e-02
  2.000000e-02  -0.000000e+00   2.505616e+03   9.969529e-01   9.969529e-01   3.968811e-02
  2.000000e-02  -0.000000e+00   2.498286e+03   9.940364e-01   9.940364e-01   3.968811e-02
  2.000000e-02  -0.000000e+00   2.498286e+03   9.940364e-01   9.940364e-01   3.968811e-02
  2.000000e-02  -0.000000e+00   2.505616e+03   9.969529e-01   9.969529e-01   3.968821e-02
  2.000000e-02  -0.000000e+00   2.510514e+03   9.989020e-01   9.989020e-01   3.968811e-02
  2.000000e-02  -0.000000e+00   2.512967e+03   9.998779e-01   9.998779e-01   3.968811e-02
  2.000000e-02  -0.000000e+00   2.512967e+03   9.998779e-01   9.998779e-01   3.968811e-02
  2.001850e-02  -0.000000e+00   2.508194e+03   9.989020e-01   9.989020e-01   3.968811e-02
  2.000000e-02  -0.000000e+00   2.505616e+03   9.969529e-01   9.969529e-01   3.968811e-02
  2.000000e-02  -0.000000e+00   2.498286e+03   9.940364e-01   9.940364e-01   3.968811e-02
  2.000000e-02  -0.000000e+00   2.498286e+03   9.940364e-01   9.940364e-01   3.980468e-02
  2.000000e-02  -0.000000e+00   2.505616e+03   9.969529e-01   9.969529e-01   3.968811e-02
  2.000000e-02  -0.000000e+00   2.510514e+03   9.989020e-01   9.989020e-01   3.968811e-02
  2.000000e-02  -0.000000e+00   2.512967e+03   9.998779e-01   9.998779e-01   3.968811e-02
  2.000000e-02  -0.000000e+00   2.512967e+03   9.998779e-01   9.998779e-01   3.968811e-02
  2.000000e-02  -0.000000e+00   2.510514e+03   9.989020e-01   9.989020e-01   3.968811e-02
  2.000000e-02  -0.000000e+00   2.505616e+03   9.969529e-01   9.969529e-01   3.968811e-02
  2.000000e-02  -0.000000e+00   2.498286e+03   9.940364e-01   9.940364e-01   3.968811e-02
  2.000000e-02  -0.000000e+00   2.498286e+03   9.940364e-01   9.940364e-01   3.968811e-02
  2.000000e-02  -0.000000e+00   2.505616e+03   9.969529e-01   9.969529e-01   3.968811e-02
  2.000000e-02  -0.000000e+00   2.510514e+03   9.989020e-01   9.989020e-01   3.968817e-02
  2.000000e-02  -0.000000e+00   2.512967e+03   9.998779e-01   9.998779e-01   3.968811e-02
  2.000000e-02  -0.000000e+00   2.512967e+03   9.998779e-01   9.998779e-01   3.968811e-02
  2.000000e-02  -0.000000e+00   2.510514e+03   9.989020e-01   9.989020e-01   3.968811e-02
  1.998365e-02  -0.000000e+00   2.507666e+03   9.969529e-01   9.969529e-01   3.968811e-02
  2.000000e-02  -0.000000e+00   2.498286e+03   9.940364e-01   9.940364e-01   3.968811e-02
  2.000000e-02  -0.000000e+00   2.498286e+03   9.940364e-01   9.940364e-01   3.968811e-02
  2.000000e-02  -0.000000e+00   2.505616e+03   9.969529e-01   9.969529e-01   3.968814e-02
  2.000000e-02  -0.000000e+00   2.510514e+03   9.989020e-01   9.989020e-01   3.968811e-02
  2.000000e-02  -0.000000e+00   2.512967e+03   9.998779e-01   9.998779e-01   3.968811e-02
  2.000000e-02  -0.000000e+00   2.512967e+03   9.998779e-01   9.998779e-01   3.968811e-02
  2.000000e-02  -0.000000e+00   2.510514e+03   9.989020e-01   9.989020e-01   3.968811e-02
  2.000000e-02  -0.000000e+00   2.505616e+03   9.969529e-01   9.969529e-01   3.968811e-02
  2.000000e-02  -0.000000e+00   2.498286e+03   9.940364e-01   9.940364e-01   3.968817e-02
  2.000000e-02  -0.000000e+00   2.498286e+03   9.940364e-01   9.940364e-01   3.968811e-02
  2.000000e-02  -0.000000e+00   2.505616e+03   9.969529e-01   9.969529e-01   3.968811e-02
  2.000000e-02  -0.000000e+00   2.510514e+03   9.989020e-01   9.989020e-01   3.968811e-02
  2.000000e-02  -0.000000e+00   2.512967e+03   9.998779e-01   9.998779e-01   3.968811e-02
  2.000000e-02  -0.000000e+00   2.512967e+03   9.998779e-01   9.998779e-01   3.968811e-02
  2.000000e-02  -0.000000e+00   2.510514e+03   9.989020e-01   9.989020e-01   3.968811e-02
  2.000000e-02  -0.000000e+00   2.505616e+03   9.969529e-01   9.969529e-01   3.968811e-02
  2.000000e-02  -0.000000e+00   2.498286e+03   9.940364e-01   9.940364e-01   3.968811e-02
  2.000361e-02  -0.000000e+00   2.497835e+03   9.940364e-01   9.940364e-01   3.968811e-02
  2.000000e-02  -0.000000e+00   2.505616e+03   9.969529e-01   9.969529e-01   3.968811e-02
  2.000000e-02  -0.000000e+00   2.510514e+03   9.989020e-01   9.989020e-01   3.968811e-02
  2.000000e-02  -0.000000e+00   2.512967e+03   9.998779e-01   9.998779e-01   3.968811e-02
  2.000000e-02  -0.000000e+00   2.512967e+03   9.998779e-01   9.998779e-01   3.968815e-02
  2.000000e-02  -0.000000e+00   2.510514e+03   9.989020e-01   9.989020e-01   3.968811e-02
  2.000000e-02  -0.000000e+00   2.505616e+03   9.969529e-01   9.969529e-01   3.968811e-02
  1.999819e-02  -0.000000e+00   2.498512e+03   9.940364e-01   9.940364e-01   3.968813e-02
  2.000000e-02  -0.000000e+00   2.498286e+03   9.940364e-01   9.940364e-01   3.968819e-02
  2.000000e-02  -0.000000e+00   2.505616e+03   9.969529e-01   9.969529e-01   3.968831e-02
  2.000000e-02  -0.000000e+00   2.510514e+03   9.989020e-01   9.989020e-01   3.968811e-02
  2.000000e-02  -0.000000e+00   2.512967e+03   9.998779e-01   9.998779e-01   3.968843e-02
  2.000000e-02  -0.000000e+00   2.512967e+03   9.998779e-01   9.998779e-01   3.968811e-02
  2.000000e-02  -0.000000e+00   2.510514e+03   9.989020e-01   9.989020e-01   3.968811e-02
  2.000000e-02  -0.000000e+00   2.505616e+03   9.969529e-01   9.969529e-01   3.968811e-02
  2.000000e-02  -0.000000e+00   2.498286e+03   9.940364e-01   9.940364e-01   3.968811e-02
  2.000000e-02  -0.000000e+00   2.498286e+03   9.940364e-01   9.940364e-01   3.968811e-02
  2.000000e-02  -0.000000e+00   2.505616e+03   9.969529e-01   9.965853e-01   3.968811e-02
  2.000000e-02  -0.000000e+00   2.510514e+03   9.989020e-01   9.989020e-01   3.968811e-02
  2.000000e-02  -0.000000e+00   2.512967e+03   9.998779e-01   9.998779e-01   3.968811e-02
  2.000000e-02  -0.000000e+00   2.512967e+03   9.998779e-01   9.998779e-01   3.968811e-02
  2.000000e-02  -0.000000e+00   2.510514e+03   9.989020e-01   9.989020e-01   3.968811e-02
  2.000000e-02  -0.000000e+00   2.505616e+03   9.969529e-01   9.973205e-01   3.968811e-02
  2.000000e-02  -0.000000e+00   2.498286e+03   9.940364e-01   9.940364e-01   3.968811e-02
  2.000000e-02  -0.000000e+00   2.498286e+03   9.940364e-01   9.940364e-01   3.968811e-02
  2.000000e-02  -0.000000e+00   2.505616e+03   9.969529e-01   9.969529e-01   3.968811e-02
  2.000000e-02  -0.000000e+00   2.510514e+03   9.989020e-01   9.989020e-01   3.968811e-02
  2.000000e-02  -0.000000e+00   2.512967e+03   9.998779e-01   1.000350e+00   3.968843e-02
  2.000000e-02  -0.000000e+00   2.512967e+03   9.998779e-01   9.998779e-01   3.968811e-02
  2.000000e-02  -0.000000e+00   2.510514e+03   9.989020e-01   9.989020e-01   3.968811e-02
  2.000000e-02  -0.000000e+00   2.505616e+03   9.969529e-01   9.969529e-01   3.968831e-02
  2.000000e-02  -0.000000e+00   2.498286e+03   9.940364e-01   9.940364e-01   3.968811e-02
  2.000000e-02  -0.000000e+00   2.498286e+03   9.940364e-01   9.940364e-01   3.968826e-02
  2.000000e-02  -0.000000e+00   2.505616e+03   9.969529e-01   9.969529e-01   3.968811e-02
  2.000000e-02  -0.000000e+00   2.510514e+03   9.989020e-01   9.989020e-01   3.968811e-02
  2.000000e-02  -0.000000e+00   2.512967e+03   9.998779e-01   9.998779e-01   3.968811e-02
  2.000000e-02  -0.000000e+00   2.512967e+03   9.998779e-01   9.994062e-01   3.968811e-02
  2.000000e-02  -0.000000e+00   2.510514e+03   9.989020e-01   9.989020e-01   3.968836e-02
  2.000000e-02  -0.000000e+00   2.505616e+03   9.969529e-01   9.969529e-01   3.968811e-02
  2.000000e-02  -0.000000e+00   2.498286e+03   9.940364e-01   9.940364e-01   3.968811e-02
  2.000000e-02  -0.000000e+00   2.498286e+03   9.940364e-01   9.940364e-01   3.968811e-02
  2.000000e-02  -0.000000e+00   2.505616e+03   9.969529e-01   9.969529e-01   3.968811e-02
  2.000000e-02  -0.000000e+00   2.510514e+03   9.989020e-01   9.989020e-01   3.968811e-02
  2.000000e-02  -0.000000e+00   2.512967e+03   9.998779e-01   9.998779e-01   3.968811e-02
  2.000000e-02  -0.000000e+00   2.512967e+03   9.998779e-01   9.998779e-01   3.968811e-02
  2.000000e-02  -0.000000e+00   2.510514e+03   9.989020e-01   9.989020e-01   3.976270e-02
  2.000000e-02  -0.000000e+00   2.505616e+03   9.969529e-01   9.969529e-01   3.968811e-02
  2.000000e-02  -0.000000e+00   2.498286e+03   9.940364e-01   9.940364e-01   3.968819e-02
  2.000000e-02  -0.000000e+00   2.498286e+03   9.940364e-01   9.940364e-01   3.968811e-02
  2.000000e-02  -0.000000e+00   2.505616e+03   9.969529e-01   9.969529e-01   3.968811e-02
  2.000925e-02  -0.000000e+00   2.509354e+03   9.989020e-01   9.989020e-01   3.968811e-02
  1.998986e-02  -0.000000e+00   2.514242e+03   9.998779e-01   9.998779e-01   3.968827e-02
  2.000000e-02  -0.000000e+00   2.512967e+03   9.998779e-01   9.998779e-01   3.968811e-02
  2.000000e-02  -0.000000e+00   2.510514e+03   9.989020e-01   9.989020e-01   3.968824e-02
  1.999183e-02  -0.000000e+00   2.506640e+03   9.969529e-01   9.969529e-01   3.968821e-02
  2.000000e-02  -0.000000e+00   2.498286e+03   9.940364e-01   9.940364e-01   3.968811e-02
  2.000000e-02  -0.000000e+00   2.498286e+03   9.940364e-01   9.940364e-01   3.968811e-02
  2.000000e-02  -0.000000e+00   2.505616e+03   9.969529e-01   9.969529e-01   3.968811e-02
  2.000000e-02  -0.000000e+00   2.510514e+03   9.989020e-01   9.989020e-01   3.968811e-02
  1.999046e-02  -0.000000e+00   2.514166e+03   9.998779e-01   9.998779e-01   3.968811e-02
  2.000000e-02  -0.000000e+00   2.512967e+03   9.998779e-01   9.998779e-01   3.968811e-02
  2.000000e-02  -0.000000e+00   2.510514e+03   9.989020e-01   9.989020e-01   3.968811e-02
  2.000000e-02  -0.000000e+00   2.505616e+03   9.969529e-01   9.969529e-01   3.968811e-02
  2.000000e-02  -0.000000e+00   2.498286e+03   9.940364e-01   9.940364e-01   3.968811e-02
  2.000000e-02  -0.000000e+00   2.498286e+03   9.940364e-01   9.940364e-01   3.968819e-02
  2.000000e-02  -0.000000e+00   2.505616e+03   9.969529e-01   9.969529e-01   3.962224e-02
  2.000000e-02  -0.000000e+00   2.510514e+03   9.989020e-01   9.989020e-01   3.968811e-02
  2.000000e-02  -0.000000e+00   2.512967e+03   9.998779e-01   9.998779e-01   3.968811e-02
  2.000000e-02  -0.000000e+00   2.512967e+03   9.998779e-01   9.998779e-01   3.968811e-02
  2.000000e-02  -0.000000e+00   2.510514e+03   9.989020e-01   9.989020e-01   3.968811e-02
  2.000000e-02  -0.000000e+00   2.505616e+03   9.969529e-01   9.969529e-01   3.968811e-02
  2.000000e-02  -0.000000e+00   2.498286e+03   9.940364e-01   9.940364e-01   3.968811e-02
  2.000000e-02  -0.000000e+00   2.498286e+03   9.940364e-01   9.940364e-01   3.968811e-02
  2.000000e-02  -0.000000e+00   2.505616e+03   9.969529e-01   9.969529e-01   3.968811e-02
  2.000000e-02  -0.000000e+00   2.510514e+03   9.989020e-01   9.989020e-01   3.968811e-02
  2.000000e-02  -0.000000e+00   2.512967e+03   9.998779e-01   9.998779e-01   3.968811e-02
  2.000000e-02  -0.000000e+00   2.512967e+03   9.998779e-01   9.998779e-01   3.968822e-02
  2.000000e-02  -0.000000e+00   2.510514e+03   9.989020e-01   9.989020e-01   3.968811e-02
  2.000000e-02  -0.000000e+00   2.505616e+03   9.969529e-01   9.969529e-01   3.968811e-02
  2.000000e-02  -0.000000e+00   2.498286e+03   9.940364e-01   9.940364e-01   3.968811e-02
  2.000000e-02  -0.000000e+00   2.498286e+03   9.940364e-01   9.940364e-01   3.968811e-02
  2.000000e-02  -0.000000e+00   2.505616e+03   9.969529e-01   9.969529e-01   3.968811e-02
  2.000000e-02  -0.000000e+00   2.510514e+03   9.989020e-01   9.989020e-01   3.968811e-02
  2.000000e-02  -0.000000e+00   2.512967e+03   9.998779e-01   9.998779e-01   3.968811e-02
  2.000000e-02  -0.000000e+00   2.512967e+03   9.998779e-01   9.998779e-01   3.968811e-02
  2.000000e-02  -0.000000e+00   2.510514e+03   9.989020e-01   9.988127e-01   3.968811e-02
  2.000000e-02  -0.000000e+00   2.505616e+03   9.969529e-01   9.969529e-01   3.968811e-02
  2.000000e-02  -0.000000e+00   2.498286e+03   9.940364e-01   9.940364e-01   3.968811e-02
  2.000000e-02  -0.000000e+00   2.498286e+03   9.940364e-01   9.940364e-01   3.968811e-02
  2.000000e-02  -0.000000e+00   2.505616e+03   9.969529e-01   9.969529e-01   3.968827e-02
  2.000000e-02  -0.000000e+00   2.510514e+03   9.989020e-01   9.989020e-01   3.968811e-02
  2.000000e-02  -0.000000e+00   2.512967e+03   9.998779e-01   9.998779e-01   3.968811e-02
  2.000000e-02  -0.000000e+00   2.512967e+03   9.998779e-01   9.998779e-01   3.968811e-02
  2.000000e-02  -0.000000e+00   2.510514e+03   9.989020e-01   9.989020e-01   3.968811e-02
  2.000000e-02  -0.000000e+00   2.505616e+03   9.969529e-01   9.969529e-01   3.968811e-02
  2.000000e-02  -0.000000e+00   2.498286e+03   9.940364e-01   9.940769e-01   3.968811e-02
  2.000000e-02  -0.000000e+00   2.498286e+03   9.940364e-01   9.941149e-01   3.968811e-02
  2.000000e-02  -0.000000e+00   2.505616e+03   9.969529e-01   9.969529e-01   3.968811e-02
  2.000701e-02  -0.000000e+00   2.509635e+03   9.989020e-01   9.989020e-01   3.968811e-02
  2.000000e-02  -0.000000e+00   2.512967e+03   9.998779e-01   9.998779e-01   3.968811e-02
  1.999300e-02  -0.000000e+00   2.513848e+03   9.998779e-01   9.998779e-01   3.968811e-02
  2.000000e-02  -0.000000e+00   2.510514e+03   9.989020e-01   9.989020e-01   3.968811e-02
  2.000000e-02  -0.000000e+00   2.505616e+03   9.969529e-01   9.969529e-01   3.968811e-02
  2.000000e-02  -0.000000e+00   2.498286e+03   9.940364e-01   9.940364e-01   3.968811e-02
  2.000000e-02  -0.000000e+00   2.498286e+03   9.940364e-01   9.940364e-01   3.099885e-02
  2.000000e-02  -0.000000e+00   2.505616e+03   9.969529e-01   9.969529e-01   3.089905e-02
  2.000000e-02  -0.000000e+00   2.510514e+03   9.989020e-01   9.989020e-01   3.089905e-02
  2.000000e-02  -0.000000e+00   2.512967e+03   9.998779e-01   9.998779e-01   3.089905e-02
  2.000000e-02  -0.000000e+00   2.512967e+03   9.998779e-01   9.998779e-01   3.089905e-02
  1.999300e-02  -0.000000e+00   2.511394e+03   9.989020e-01   9.989020e-01   3.079948e-02
  2.000000e-02  -0.000000e+00   2.505616e+03   9.969529e-01   9.969529e-01   3.089905e-02
  2.000000e-02  -0.000000e+00   2.498286e+03   9.940364e-01   9.940364e-01   3.089906e-02
  2.000000e-02  -0.000000e+00   2.498286e+03   9.940364e-01   9.940364e-01   3.079636e-02
  2.000000e-02  -0.000000e+00   2.505616e+03   9.969529e-01   9.969529e-01   3.089905e-02
  2.000000e-02  -0.000000e+00   2.510514e+03   9.989020e-01   9.989020e-01   3.100514e-02
  2.000745e-02  -0.000000e+00   2.512031e+03   9.998779e-01   9.998779e-01   3.089905e-02
  2.000000e-02  -0.000000e+00   2.512967e+03   9.998779e-01   9.998779e-01   3.089905e-02
  2.000000e-02  -0.000000e+00   2.510514e+03   9.989020e-01   9.989020e-01   3.089905e-02
  2.000000e-02  -0.000000e+00   2.505616e+03   9.969529e-01   9.971204e-01   3.089909e-02
  2.000000e-02  -0.000000e+00   2.498286e+03   9.940364e-01   9.940364e-01   3.089905e-02
  2.000000e-02  -0.000000e+00   2.498286e+03   9.940364e-01   9.940364e-01   3.089907e-02
  2.000000e-02  -0.000000e+00   2.505616e+03   9.969529e-01   9.969529e-01   3.089905e-02
  2.000000e-02  -0.000000e+00   2.510514e+03   9.989020e-01   9.989020e-01   3.089905e-02
  2.000000e-02  -0.000000e+00   2.512967e+03   9.998779e-01   9.998779e-01   3.089905e-02
  2.000000e-02  -0.000000e+00   2.512967e+03   9.998779e-01   9.998779e-01   3.089908e-02
  2.000000e-02  -0.000000e+00   2.510514e+03   9.989020e-01   9.990805e-01   3.089905e-02
  2.000000e-02  -0.000000e+00   2.505616e+03   9.969529e-01   9.969529e-01   3.089905e-02
  2.000000e-02  -0.000000e+00   2.498286e+03   9.940364e-01   9.940364e-01   3.089905e-02
  2.000000e-02  -0.000000e+00   2.498286e+03   9.940364e-01   9.940364e-01   3.089905e-02
  2.000000e-02  -0.000000e+00   2.505616e+03   9.969529e-01   9.969529e-01   3.089905e-02
  2.000000e-02  -0.000000e+00   2.510514e+03   9.989020e-01   9.989020e-01   3.089905e-02
  1.999157e-02  -0.000000e+00   2.514027e+03   9.998779e-01   9.998779e-01   3.089905e-02
  2.000000e-02  -0.000000e+00   2.512967e+03   9.998779e-01   9.998779e-01   3.089905e-02
  2.000000e-02  -0.000000e+00   2.510514e+03   9.989020e-01   9.989020e-01   3.089905e-02
  2.000818e-02  -0.000000e+00   2.504592e+03   9.969529e-01   9.965853e-01   3.089906e-02
  2.000000e-02  -0.000000e+00   2.498286e+03   9.940364e-01   9.940364e-01   3.089905e-02
  2.000000e-02  -0.000000e+00   2.498286e+03   9.940364e-01   9.940364e-01   3.110494e-02
  2.000000e-02  -0.000000e+00   2.505616e+03   9.969529e-01   9.969529e-01   3.089905e-02
  1.999103e-02  -0.000000e+00   2.511641e+03   9.989020e-01   9.989020e-01   3.064442e-02
  2.000000e-02  -0.000000e+00   2.512967e+03   9.998779e-01   9.998779e-01   3.089905e-02
  2.000000e-02  -0.000000e+00   2.512967e+03   9.998779e-01   9.998779e-01   3.089905e-02
  2.000000e-02  -0.000000e+00   2.510514e+03   9.989020e-01   9.989020e-01   3.089905e-02
  2.000000e-02  -0.000000e+00   2.505616e+03   9.969529e-01   9.969529e-01   3.089905e-02
  2.000000e-02  -0.000000e+00   2.498286e+03   9.940364e-01   9.940364e-01   3.089905e-02
  1.999278e-02  -0.000000e+00   2.499189e+03   9.940364e-01   9.940364e-01   3.089905e-02
  2.000000e-02  -0.000000e+00   2.505616e+03   9.969529e-01   9.969529e-01   3.089905e-02
  2.000000e-02  -0.000000e+00   2.510514e+03   9.989020e-01   9.990061e-01   3.089905e-02
  2.000000e-02  -0.000000e+00   2.512967e+03   9.998779e-01   9.998779e-01   3.089905e-02
  2.000000e-02  -0.000000e+00   2.512967e+03   9.998779e-01   9.998779e-01   3.089905e-02
  2.000000e-02  -0.000000e+00   2.510514e+03   9.989020e-01   9.989020e-01   3.089908e-02
  2.000000e-02  -0.000000e+00   2.505616e+03   9.969529e-01   9.969529e-01   3.089905e-02
  2.000000e-02  -0.000000e+00   2.498286e+03   9.940364e-01   9.940364e-01   3.089905e-02
  2.000000e-02  -0.000000e+00   2.498286e+03   9.940364e-01   9.940364e-01   3.089905e-02
  2.000000e-02  -0.000000e+00   2.505616e+03   9.969529e-01   9.969529e-01   3.066689e-02
  2.000000e-02  -0.000000e+00   2.510514e+03   9.989020e-01   9.989020e-01   3.089905e-02
  2.000000e-02  -0.000000e+00   2.512967e+03   9.998779e-01   9.998779e-01   3.089905e-02
  2.000000e-02  -0.000000e+00   2.512967e+03   9.998779e-01   9.998779e-01   3.089905e-02
  2.000000e-02  -0.000000e+00   2.510514e+03   9.989020e-01   9.989020e-01   3.089905e-02
  2.000000e-02  -0.000000e+00   2.505616e+03   9.969529e-01   9.969529e-01   3.089905e-02
  2.000000e-02  -0.000000e+00   2.498286e+03   9.940364e-01   9.940364e-01   3.089905e-02
  2.000000e-02  -0.000000e+00   2.498286e+03   9.940364e-01   9.940364e-01   3.089905e-02
  2.000000e-02  -0.000000e+00   2.505616e+03   9.969529e-01   9.969529e-01   3.066689e-02
  2.000000e-02  -0.000000e+00   2.510514e+03   9.989020e-01   9.989020e-01   3.089905e-02
  2.000000e-02  -0.000000e+00   2.512967e+03   9.998779e-01   1.000114e+00   3.089905e-02
  2.000000e-02  -0.000000e+00   2.512967e+03   9.998779e-01   9.998779e-01   3.089905e-02
  2.000000e-02  -0.000000e+00   2.510514e+03   9.989020e-01   9.989020e-01   3.089905e-02
  2.000000e-02  -0.000000e+00   2.505616e+03   9.969529e-01   9.969529e-01   3.089910e-02
  2.000000e-02  -0.000000e+00   2.498286e+03   9.940364e-01   9.940364e-01   3.089905e-02
  2.000000e-02  -0.000000e+00   2.498286e+03   9.940364e-01   9.940364e-01   3.089905e-02
  2.000000e-02  -0.000000e+00   2.505616e+03   9.969529e-01   9.969529e-01   3.089910e-02
  2.000000e-02  -0.000000e+00   2.510514e+03   9.989020e-01   9.989020e-01   3.089905e-02
  2.000000e-02  -0.000000e+00   2.512967e+03   9.998779e-01   9.998779e-01   3.089905e-02
  2.000000e-02  -0.000000e+00   2.512967e+03   9.998779e-01   9.998779e-01   3.089905e-02
  2.000000e-02  -0.000000e+00   2.510514e+03   9.989020e-01   9.989020e-01   3.103076e-02
  2.000000e-02  -0.000000e+00   2.505616e+03   9.969529e-01   9.969529e-01   3.089905e-02
  2.000000e-02  -0.000000e+00   2.498286e+03   9.940364e-01   9.940364e-01   3.089905e-02
  2.000000e-02  -0.000000e+00   2.498286e+03   9.940364e-01   9.940364e-01   3.089905e-02
  2.000000e-02  -0.000000e+00   2.505616e+03   9.969529e-01   9.969529e-01   3.089905e-02
  2.000000e-02  -0.000000e+00   2.510514e+03   9.989020e-01   9.989020e-01   3.089905e-02
  2.000000e-02  -0.000000e+00   2.512967e+03   9.998779e-01   9.998779e-01   3.089913e-02
  2.000000e-02  -0.000000e+00   2.512967e+03   9.998779e-01   9.998779e-01   3.089909e-02
  2.000000e-02  -0.000000e+00   2.510514e+03   9.989020e-01   9.989020e-01   3.089905e-02
  2.000000e-02  -0.000000e+00   2.505616e+03   9.969529e-01   9.969529e-01   3.089907e-02
  2.000000e-02  -0.000000e+00   2.498286e+03   9.940364e-01   9.940364e-01   3.100193e-02
  2.000000e-02  -0.000000e+00   2.498286e+03   9.940364e-01   9.940364e-01   3.089907e-02
  2.000000e-02  -0.000000e+00   2.505616e+03   9.969529e-01   9.969529e-01   3.101545e-02
  2.000000e-02  -0.000000e+00   2.510514e+03   9.989020e-01   9.989020e-01   3.089905e-02
  2.000000e-02  -0.000000e+00   2.512967e+03   9.998779e-01   9.998779e-01   3.089905e-02
  2.000000e-02  -0.000000e+00   2.512967e+03   9.998779e-01   9.998779e-01   3.089905e-02
  2.000000e-02  -0.000000e+00   2.510514e+03   9.989020e-01   9.989020e-01   3.089905e-02
  2.000000e-02  -0.000000e+00   2.505616e+03   9.969529e-01   9.969529e-01   3.089905e-02
  2.000000e-02  -0.000000e+00   2.498286e+03   9.940364e-01   9.940364e-01   3.089905e-02
  2.000000e-02  -0.000000e+00   2.498286e+03   9.940364e-01   9.940364e-01   3.089905e-02
  2.000000e-02  -0.000000e+00   2.505616e+03   9.969529e-01   9.969529e-01   3.089905e-02
  2.000000e-02  -0.000000e+00   2.510514e+03   9.989020e-01   9.989020e-01   3.089905e-02
  2.001046e-02  -0.000000e+00   2.511653e+03   9.998779e-01   9.998779e-01   3.089905e-02
  2.000000e-02  -0.000000e+00   2.512967e+03   9.998779e-01   9.998779e-01   3.089906e-02
  2.000000e-02  -0.000000e+00   2.510514e+03   9.989020e-01   9.989020e-01   3.089905e-02
  2.000000e-02  -0.000000e+00   2.505616e+03   9.969529e-01   9.969529e-01   3.089905e-02
  2.000000e-02  -0.000000e+00   2.498286e+03   9.940364e-01   9.940364e-01   3.089905e-02
  2.000000e-02  -0.000000e+00   2.498286e+03   9.940364e-01   9.940364e-01   3.089905e-02
  2.000000e-02  -0.000000e+00   2.505616e+03   9.969529e-01   9.969529e-01   3.089905e-02
  2.000000e-02  -0.000000e+00   2.510514e+03   9.989020e-01   9.989020e-01   3.089905e-02
  1.998954e-02  -0.000000e+00   2.514282e+03   9.998779e-01   9.998779e-01   3.089905e-02
  2.000000e-02  -0.000000e+00   2.512967e+03   9.998779e-01   9.998779e-01   3.089905e-02
  2.000000e-02  -0.000000e+00   2.510514e+03   9.989020e-01   9.989020e-01   3.089911e-02
  2.000000e-02  -0.000000e+00   2.505616e+03   9.969529e-01   9.969529e-01   3.089905e-02
  2.000000e-02  -0.000000e+00   2.498286e+03   9.940364e-01   9.940364e-01   3.089905e-02
  2.000000e-02  -0.000000e+00   2.498286e+03   9.940364e-01   9.940364e-01   3.089905e-02
  2.000000e-02  -0.000000e+00   2.505616e+03   9.969529e-01   9.969529e-01   3.089905e-02
  2.000000e-02  -0.000000e+00   2.510514e+03   9.989020e-01   9.989020e-01   3.089911e-02
  2.000000e-02  -0.000000e+00   2.512967e+03   9.998779e-01   9.998779e-01   3.089913e-02
  2.000000e-02  -0.000000e+00   2.512967e+03   9.998779e-01   9.998779e-01   3.089913e-02
  2.000000e-02  -0.000000e+00   2.510514e+03   9.989020e-01   9.989020e-01   3.089911e-02
  2.000000e-02  -0.000000e+00   2.505616e+03   9.969529e-01   9.969529e-01   3.089907e-02
  2.000000e-02  -0.000000e+00   2.498286e+03   9.940364e-01   9.940364e-01   3.089905e-02
  2.000000e-02  -0.000000e+00   2.498286e+03   9.940364e-01   9.940364e-01   3.089905e-02
  2.000000e-02  -0.000000e+00   2.505616e+03   9.969529e-01   9.968610e-01   3.089905e-02
  2.000000e-02  -0.000000e+00   2.510514e+03   9.989020e-01   9.989020e-01   3.089905e-02
  2.002093e-02  -0.000000e+00   2.510340e+03   9.998779e-01   9.998779e-01   3.089905e-02
  2.000000e-02  -0.000000e+00   2.512967e+03   9.998779e-01   9.998190e-01   3.089905e-02
  2.000000e-02  -0.000000e+00   2.510514e+03   9.989020e-01   9.989020e-01   3.089905e-02
  2.000000e-02  -0.000000e+00   2.505616e+03   9.969529e-01   9.969529e-01   3.089905e-02
  2.000000e-02  -0.000000e+00   2.498286e+03   9.940364e-01   9.940364e-01   3.089905e-02
  2.000000e-02  -0.000000e+00   2.498286e+03   9.940364e-01   9.940364e-01   3.079636e-02
  2.000000e-02  -0.000000e+00   2.505616e+03   9.969529e-01   9.969529e-01   3.089905e-02
  2.000000e-02  -0.000000e+00   2.510514e+03   9.989020e-01   9.990061e-01   3.103077e-02
  2.000000e-02  -0.000000e+00   2.512967e+03   9.998779e-01   9.998779e-01   3.089905e-02
  2.002093e-02  -0.000000e+00   2.510340e+03   9.998779e-01   9.998779e-01   3.089905e-02
  2.000000e-02  -0.000000e+00   2.510514e+03   9.989020e-01   9.989020e-01   3.089905e-02
  2.000000e-02  -0.000000e+00   2.505616e+03   9.969529e-01   9.969529e-01   3.089910e-02
  2.000000e-02  -0.000000e+00   2.498286e+03   9.940364e-01   9.940364e-01   3.089905e-02
  2.000000e-02  -0.000000e+00   2.498286e+03   9.940364e-01   9.940364e-01   3.089905e-02
  2.000000e-02  -0.000000e+00   2.505616e+03   9.969529e-01   9.969529e-01   3.089905e-02
  1.999075e-02  -0.000000e+00   2.511676e+03   9.989020e-01   9.989020e-01   3.089905e-02
  2.000000e-02  -0.000000e+00   2.512967e+03   9.998779e-01   9.998779e-01   3.089905e-02
  2.000000e-02  -0.000000e+00   2.512967e+03   9.998779e-01   9.998779e-01   3.089905e-02
  2.000000e-02  -0.000000e+00   2.510514e+03   9.989020e-01   9.989020e-01   3.089905e-02
  2.000000e-02  -0.000000e+00   2.505616e+03   9.969529e-01   9.969529e-01   3.089905e-02
  2.000000e-02  -0.000000e+00   2.498286e+03   9.940364e-01   9.940364e-01   3.089905e-02
  2.000000e-02  -0.000000e+00   2.498286e+03   9.940364e-01   9.940364e-01   3.089905e-02
  2.000000e-02  -0.000000e+00   2.505616e+03   9.969529e-01   9.969529e-01   3.089905e-02
  2.000000e-02  -0.000000e+00   2.510514e+03   9.989020e-01   9.989020e-01   3.089905e-02
  2.000000e-02  -0.000000e+00   2.512967e+03   9.998779e-01   9.998779e-01   3.089905e-02
  2.001046e-02  -0.000000e+00   2.511653e+03   9.998779e-01   9.998779e-01   3.089905e-02
  2.000000e-02  -0.000000e+00   2.510514e+03   9.989020e-01   9.989020e-01   3.089905e-02
  2.000000e-02  -0.000000e+00   2.505616e+03   9.969529e-01   9.969529e-01   3.089905e-02
  2.000000e-02  -0.000000e+00   2.498286e+03   9.940364e-01   9.940364e-01   3.089905e-02
  2.000000e-02  -0.000000e+00   2.498286e+03   9.940364e-01   9.938745e-01   3.100191e-02
  1.999183e-02  -0.000000e+00   2.506640e+03   9.969529e-01   9.969529e-01   3.089905e-02
  2.000000e-02  -0.000000e+00   2.510514e+03   9.989020e-01   9.991103e-01   3.089905e-02
  2.000000e-02  -0.000000e+00   2.512967e+03   9.998779e-01   9.998779e-01   3.089905e-02
  2.000000e-02  -0.000000e+00   2.512967e+03   9.998779e-01   9.998779e-01   3.089905e-02
  2.000000e-02  -0.000000e+00   2.510514e+03   9.989020e-01   9.986936e-01   3.089905e-02
  2.000000e-02  -0.000000e+00   2.505616e+03   9.969529e-01   9.969529e-01   3.089905e-02
  2.000000e-02  -0.000000e+00   2.498286e+03   9.940364e-01   9.940364e-01   3.089909e-02
  2.000000e-02  -0.000000e+00   2.498286e+03   9.940364e-01   9.940364e-01   3.089905e-02
  2.000000e-02  -0.000000e+00   2.505616e+03   9.969529e-01   9.969529e-01   3.089924e-02
  2.000000e-02  -0.000000e+00   2.510514e+03   9.989020e-01   9.989020e-01   3.089905e-02
  2.000000e-02  -0.000000e+00   2.512967e+03   9.998779e-01   9.998779e-01   3.089905e-02
  2.000000e-02  -0.000000e+00   2.512967e+03   9.998779e-01   9.998779e-01   3.089905e-02
  2.000925e-02  -0.000000e+00   2.509354e+03   9.989020e-01   9.989020e-01   3.089905e-02
  2.000409e-02  -0.000000e+00   2.505104e+03   9.969529e-01   9.969529e-01   3.089905e-02
  2.000000e-02  -0.000000e+00   2.498286e+03   9.940364e-01   9.940364e-01   3.089905e-02
  2.000000e-02  -0.000000e+00   2.498286e+03   9.940364e-01   9.940364e-01   3.089907e-02
  2.001635e-02  -0.000000e+00   2.503569e+03   9.969529e-01   9.969529e-01   3.084093e-02
  2.000925e-02  -0.000000e+00   2.509354e+03   9.989020e-01   9.989020e-01   3.089905e-02
  2.000000e-02  -0.000000e+00   2.512967e+03   9.998779e-01   9.998779e-01   3.089905e-02
  2.000000e-02  -0.000000e+00   2.512967e+03   9.998779e-01   9.998779e-01   3.089905e-02
  2.000000e-02  -0.000000e+00   2.510514e+03   9.989020e-01   9.989020e-01   3.089905e-02
  2.000000e-02  -0.000000e+00   2.505616e+03   9.969529e-01   9.969529e-01   3.089905e-02
  2.000000e-02  -0.000000e+00   2.498286e+03   9.940364e-01   9.940364e-01   3.089905e-02
  2.000000e-02  -0.000000e+00   2.498286e+03   9.940364e-01   9.940364e-01   3.089905e-02
  2.000000e-02  -0.000000e+00   2.505616e+03   9.969529e-01   9.969529e-01   3.089905e-02
  2.000000e-02  -0.000000e+00   2.510514e+03   9.989020e-01   9.989020e-01   3.089930e-02
  2.000000e-02  -0.000000e+00   2.512967e+03   9.998779e-01   9.998779e-01   3.089905e-02
  2.000000e-02  -0.000000e+00   2.512967e+03   9.998779e-01   9.998779e-01   3.089905e-02
  2.000000e-02  -0.000000e+00   2.510514e+03   9.989020e-01   9.989020e-01   3.089905e-02
  2.000000e-02  -0.000000e+00   2.505616e+03   9.969529e-01   9.969529e-01   3.089905e-02
  2.000000e-02  -0.000000e+00   2.498286e+03   9.940364e-01   9.940364e-01   3.089905e-02
  2.000000e-02  -0.000000e+00   2.498286e+03   9.940364e-01   9.940364e-01   3.089905e-02
  1.998365e-02  -0.000000e+00   2.507666e+03   9.969529e-01   9.969529e-01   3.089905e-02
  2.000000e-02  -0.000000e+00   2.510514e+03   9.989020e-01   9.989020e-01   3.089905e-02
  2.000000e-02  -0.000000e+00   2.512967e+03   9.998779e-01   9.998779e-01   3.089909e-02
  2.000000e-02  -0.000000e+00   2.512967e+03   9.998779e-01   9.998779e-01   3.089937e-02
  2.000000e-02  -0.000000e+00   2.510514e+03   9.989020e-01   9.989020e-01   3.089905e-02
  2.000000e-02  -0.000000e+00   2.505616e+03   9.969529e-01   9.969529e-01   3.089905e-02
  2.000000e-02  -0.000000e+00   2.498286e+03   9.940364e-01   9.937125e-01   3.089905e-02
  2.000000e-02  -0.000000e+00   2.498286e+03   9.940364e-01   9.941984e-01   3.089905e-02
  2.000000e-02  -0.000000e+00   2.505616e+03   9.969529e-01   9.969529e-01   3.089905e-02
  2.000000e-02  -0.000000e+00   2.510514e+03   9.989020e-01   9.989020e-01   3.089930e-02
  2.000000e-02  -0.000000e+00   2.512967e+03   9.998779e-01   9.998779e-01   3.089906e-02
  2.000000e-02  -0.000000e+00   2.512967e+03   9.998779e-01   9.998779e-01   3.089905e-02
  2.000000e-02  -0.000000e+00   2.510514e+03   9.989020e-01   9.989020e-01   3.089930e-02
  2.000000e-02  -0.000000e+00   2.505616e+03   9.969529e-01   9.969529e-01   3.089924e-02
  2.000000e-02  -0.000000e+00   2.498286e+03   9.940364e-01   9.940364e-01   3.089905e-02
  2.000000e-02  -0.000000e+00   2.498286e+03   9.940364e-01   9.940364e-01   3.089907e-02
  2.000000e-02  -0.000000e+00   2.505616e+03   9.969529e-01   9.969529e-01   3.089905e-02
  2.000000e-02  -0.000000e+00   2.510514e+03   9.989020e-01   9.989020e-01   3.089905e-02
  2.000000e-02  -0.000000e+00   2.512967e+03   9.998779e-01   9.998779e-01   3.089905e-02
  2.000000e-02  -0.000000e+00   2.512967e+03   9.998779e-01   9.998779e-01   3.089905e-02
  2.000000e-02  -0.000000e+00   2.510514e+03   9.989020e-01   9.989020e-01   3.089905e-02
  2.000000e-02  -0.000000e+00   2.505616e+03   9.969529e-01   9.969529e-01   3.089924e-02
  2.000000e-02  -0.000000e+00   2.498286e+03   9.940364e-01   9.940364e-01   3.089905e-02
  2.000000e-02  -0.000000e+00   2.498286e+03   9.940364e-01   9.940364e-01   3.089905e-02
  2.000000e-02  -0.000000e+00   2.505616e+03   9.969529e-01   9.969529e-01   3.084093e-02
  2.000000e-02  -0.000000e+00   2.510514e+03   9.989020e-01   9.988499e-01   3.089905e-02
  2.000000e-02  -0.000000e+00   2.512967e+03   9.998779e-01   9.998779e-01   3.089905e-02
  2.000000e-02  -0.000000e+00   2.512967e+03   9.998779e-01   9.998779e-01   3.089905e-02
  2.000000e-02  -0.000000e+00   2.510514e+03   9.989020e-01   9.989020e-01   3.083330e-02
  2.000000e-02  -0.000000e+00   2.505616e+03   9.969529e-01   9.969529e-01   3.089905e-02
  2.000000e-02  -0.000000e+00   2.498286e+03   9.940364e-01   9.940364e-01   3.089905e-02
  2.000000e-02  -0.000000e+00   2.498286e+03   9.940364e-01   9.940364e-01   3.089905e-02
  2.000000e-02  -0.000000e+00   2.505616e+03   9.969529e-01   9.969529e-01   3.089905e-02
  2.000000e-02  -0.000000e+00   2.510514e+03   9.989020e-01   9.989020e-01   3.089905e-02
  2.000000e-02  -0.000000e+00   2.512967e+03   9.998779e-01   9.998779e-01   3.089905e-02
  2.000000e-02  -0.000000e+00   2.512967e+03   9.998779e-01   9.998779e-01   3.089905e-02
  2.000000e-02  -0.000000e+00   2.510514e+03   9.989020e-01   9.989020e-01   3.089905e-02
  2.000000e-02  -0.000000e+00   2.505616e+03   9.969529e-01   9.969529e-01   3.089905e-02
  2.000000e-02  -0.000000e+00   2.498286e+03   9.940364e-01   9.940364e-01   3.089905e-02
  2.000000e-02  -0.000000e+00   2.498286e+03   9.940364e-01   9.940364e-01   3.089920e-02
  2.000000e-02  -0.000000e+00   2.505616e+03   9.969529e-01   9.969529e-01   3.089905e-02
  2.000000e-02  -0.000000e+00   2.510514e+03   9.989020e-01   9.989020e-01   3.089905e-02
  2.000000e-02  -0.000000e+00   2.512967e+03   9.998779e-01   9.998779e-01   3.089905e-02
  2.000000e-02  -0.000000e+00   2.512967e+03   9.998779e-01   9.998779e-01   3.089905e-02
  2.000000e-02  -0.000000e+00   2.510514e+03   9.989020e-01   9.989020e-01   3.089905e-02
  2.000000e-02  -0.000000e+00   2.505616e+03   9.969529e-01   9.969529e-01   3.089905e-02
  2.000000e-02  -0.000000e+00   2.498286e+03   9.940364e-01   9.940364e-01   3.095046e-02
  2.000000e-02  -0.000000e+00   2.498286e+03   9.940364e-01   9.940364e-01   3.089905e-02
  2.000000e-02  -0.000000e+00   2.505616e+03   9.969529e-01   9.969529e-01   3.089905e-02
  2.000000e-02  -0.000000e+00   2.510514e+03   9.989020e-01   9.989020e-01   3.089905e-02
  2.000000e-02  -0.000000e+00   2.512967e+03   9.998779e-01   9.998779e-01   3.089905e-02
  2.000000e-02  -0.000000e+00   2.512967e+03   9.998779e-01   9.998779e-01   3.089908e-02
  2.000000e-02  -0.000000e+00   2.510514e+03   9.989020e-01   9.989020e-01   3.089905e-02
  2.000000e-02  -0.000000e+00   2.505616e+03   9.969529e-01   9.969529e-01   3.089905e-02
  2.000000e-02  -0.000000e+00   2.498286e+03   9.940364e-01   9.940364e-01   3.089905e-02
  1.999278e-02  -0.000000e+00   2.499189e+03   9.940364e-01   9.940364e-01   3.089905e-02
  2.000000e-02  -0.000000e+00   2.505616e+03   9.969529e-01   9.969529e-01   3.089905e-02
  1.999207e-02  -0.000000e+00   2.511510e+03   9.989020e-01   9.989020e-01   3.089905e-02
  2.000000e-02  -0.000000e+00   2.512967e+03   9.998779e-01   9.999673e-01   3.089905e-02
  2.000000e-02  -0.000000e+00   2.512967e+03   9.998779e-01   9.998779e-01   3.089905e-02
  2.000000e-02  -0.000000e+00   2.510514e+03   9.989020e-01   9.989020e-01   3.089905e-02
  2.000000e-02  -0.000000e+00   2.505616e+03   9.969529e-01   9.969529e-01   3.089905e-02
  2.000000e-02  -0.000000e+00   2.498286e+03   9.940364e-01   9.940364e-01   3.089905e-02
  2.000000e-02  -0.000000e+00   2.498286e+03   9.940364e-01   9.940364e-01   3.084768e-02
  2.000000e-02  -0.000000e+00   2.505616e+03   9.969529e-01   9.969529e-01   3.089905e-02
  2.000000e-02  -0.000000e+00   2.510514e+03   9.989020e-01   9.989020e-01   3.089905e-02
  2.000000e-02  -0.000000e+00   2.512967e+03   9.998779e-01   9.998779e-01   3.079314e-02
  2.000000e-02  -0.000000e+00   2.512967e+03   9.998779e-01   9.998779e-01   3.089905e-02
  2.000000e-02  -0.000000e+00   2.510514e+03   9.989020e-01   9.989020e-01   3.089905e-02
  2.000000e-02  -0.000000e+00   2.505616e+03   9.969529e-01   9.969529e-01   3.089905e-02
  2.000000e-02  -0.000000e+00   2.498286e+03   9.940364e-01   9.941174e-01   3.089905e-02
  2.000000e-02  -0.000000e+00   2.498286e+03   9.940364e-01   9.940364e-01   3.089919e-02
  2.000000e-02  -0.000000e+00   2.505616e+03   9.969529e-01   9.969529e-01   3.089905e-02
  2.000000e-02  -0.000000e+00   2.510514e+03   9.989020e-01   9.989020e-01   3.089905e-02
  2.000000e-02  -0.000000e+00   2.512967e+03   9.998779e-01   9.998779e-01   3.089905e-02
  2.000000e-02  -0.000000e+00   2.512967e+03   9.998779e-01   9.998779e-01   3.089905e-02
  2.000000e-02  -0.000000e+00   2.510514e+03   9.989020e-01   9.989020e-01   3.089919e-02
  2.000000e-02  -0.000000e+00   2.505616e+03   9.969529e-01   9.969529e-01   3.089905e-02
  2.000000e-02  -0.000000e+00   2.498286e+03   9.940364e-01   9.940364e-01   3.089905e-02
  2.000000e-02  -0.000000e+00   2.498286e+03   9.940364e-01   9.940364e-01   2.320869e-02
  2.000000e-02  -0.000000e+00   2.505616e+03   9.969529e-01   9.969529e-01   2.312234e-02
  2.000000e-02  -0.000000e+00   2.510514e+03   9.989020e-01   9.989020e-01   2.320862e-02
  2.000000e-02  -0.000000e+00   2.512967e+03   9.998779e-01   9.998779e-01   2.320862e-02
  2.000000e-02  -0.000000e+00   2.512967e+03   9.998779e-01   9.998779e-01   2.320862e-02
  2.000000e-02  -0.000000e+00   2.510514e+03   9.989020e-01   9.989020e-01   2.320862e-02
  2.000000e-02  -0.000000e+00   2.505616e+03   9.969529e-01   9.969529e-01   2.320862e-02
  2.000000e-02  -0.000000e+00   2.498286e+03   9.940364e-01   9.940364e-01   2.320862e-02
  2.000723e-02  -0.000000e+00   2.497384e+03   9.940364e-01   9.940364e-01   2.329786e-02
  2.000000e-02  -0.000000e+00   2.505616e+03   9.969529e-01   9.969529e-01   2.320862e-02
  2.000000e-02  -0.000000e+00   2.510514e+03   9.989020e-01   9.989020e-01   2.330058e-02
  2.000000e-02  -0.000000e+00   2.512967e+03   9.998779e-01   9.998779e-01   2.320862e-02
  2.000000e-02  -0.000000e+00   2.512967e+03   9.998779e-01   9.998779e-01   2.320862e-02
  2.000000e-02  -0.000000e+00   2.510514e+03   9.989020e-01   9.989020e-01   2.320862e-02
  2.000000e-02  -0.000000e+00   2.505616e+03   9.969529e-01   9.969529e-01   2.320862e-02
  2.000000e-02  -0.000000e+00   2.498286e+03   9.940364e-01   9.940364e-01   2.320862e-02
  2.000000e-02  -0.000000e+00   2.498286e+03   9.940364e-01   9.941984e-01   2.320862e-02
  2.000000e-02  -0.000000e+00   2.505616e+03   9.969529e-01   9.969529e-01   2.320862e-02
  2.000000e-02  -0.000000e+00   2.510514e+03   9.989020e-01   9.989020e-01   2.320862e-02
  1.999207e-02  -0.000000e+00   2.513964e+03   9.998779e-01   9.998779e-01   2.330649e-02
  2.000000e-02  -0.000000e+00   2.512967e+03   9.998779e-01   9.998779e-01   2.320862e-02
  2.000000e-02  -0.000000e+00   2.510514e+03   9.989020e-01   9.989020e-01   2.311104e-02
  2.000000e-02  -0.000000e+00   2.505616e+03   9.969529e-01   9.969529e-01   2.320862e-02
  2.000000e-02  -0.000000e+00   2.498286e+03   9.940364e-01   9.940364e-01   2.320862e-02
  2.000000e-02  -0.000000e+00   2.498286e+03   9.940364e-01   9.940364e-01   2.320862e-02
  2.000000e-02  -0.000000e+00   2.505616e+03   9.969529e-01   9.969529e-01   2.320864e-02
  2.000000e-02  -0.000000e+00   2.510514e+03   9.989020e-01   9.989020e-01   2.320862e-02
  2.000000e-02  -0.000000e+00   2.512967e+03   9.998779e-01   9.998779e-01   2.320862e-02
  2.000000e-02  -0.000000e+00   2.512967e+03   9.998779e-01   9.998779e-01   2.320862e-02
  1.999157e-02  -0.000000e+00   2.511573e+03   9.989020e-01   9.989020e-01   2.320862e-02
  2.000000e-02  -0.000000e+00   2.505616e+03   9.969529e-01   9.969529e-01   2.320862e-02
  2.000000e-02  -0.000000e+00   2.498286e+03   9.940364e-01   9.940364e-01   2.320862e-02
  2.000000e-02  -0.000000e+00   2.498286e+03   9.940364e-01   9.940364e-01   2.320862e-02
  2.000000e-02  -0.000000e+00   2.505616e+03   9.969529e-01   9.969529e-01   2.320867e-02
  2.000000e-02  -0.000000e+00   2.510514e+03   9.989020e-01   9.990030e-01   2.320862e-02
  2.000000e-02  -0.000000e+00   2.512967e+03   9.998779e-01   9.998779e-01   2.320862e-02
  2.000000e-02  -0.000000e+00   2.512967e+03   9.998779e-01   9.996757e-01   2.320862e-02
  2.000000e-02  -0.000000e+00   2.510514e+03   9.989020e-01   9.989020e-01   2.320862e-02
  2.000000e-02  -0.000000e+00   2.505616e+03   9.969529e-01   9.969529e-01   2.320862e-02
  2.000000e-02  -0.000000e+00   2.498286e+03   9.940364e-01   9.940364e-01   2.320862e-02
  2.000000e-02  -0.000000e+00   2.498286e+03   9.940364e-01   9.940364e-01   2.320862e-02
  2.000000e-02  -0.000000e+00   2.505616e+03   9.969529e-01   9.969529e-01   2.320862e-02
  2.000000e-02  -0.000000e+00   2.510514e+03   9.989020e-01   9.989020e-01   2.320862e-02
  2.000000e-02  -0.000000e+00   2.512967e+03   9.998779e-01   9.998779e-01   2.320868e-02
  2.000000e-02  -0.000000e+00   2.512967e+03   9.998779e-01   9.998779e-01   2.320862e-02
  2.000000e-02  -0.000000e+00   2.510514e+03   9.989020e-01   9.989020e-01   2.320862e-02
  2.000000e-02  -0.000000e+00   2.505616e+03   9.969529e-01   9.969529e-01   2.320862e-02
  2.000000e-02  -0.000000e+00   2.498286e+03   9.940364e-01   9.940364e-01   2.320862e-02
  2.000000e-02  -0.000000e+00   2.498286e+03   9.940364e-01   9.940364e-01   2.303083e-02
  2.000000e-02  -0.000000e+00   2.505616e+03   9.969529e-01   9.969529e-01   2.320862e-02
  2.000000e-02  -0.000000e+00   2.510514e+03   9.989020e-01   9.989020e-01   2.320862e-02
  2.000000e-02  -0.000000e+00   2.512967e+03   9.998779e-01   9.998779e-01   2.320862e-02
  2.000000e-02  -0.000000e+00   2.512967e+03   9.998779e-01   9.998779e-01   2.320862e-02
  2.000000e-02  -0.000000e+00   2.510514e+03   9.989020e-01   9.989020e-01   2.320862e-02
  2.000000e-02  -0.000000e+00   2.505616e+03   9.969529e-01   9.969529e-01   2.320862e-02
  2.000000e-02  -0.000000e+00   2.498286e+03   9.940364e-01   9.940364e-01   2.320862e-02
  2.000000e-02  -0.000000e+00   2.498286e+03   9.940364e-01   9.940364e-01   2.320862e-02
  2.000000e-02  -0.000000e+00   2.505616e+03   9.969529e-01   9.969529e-01   2.320862e-02
  2.000000e-02  -0.000000e+00   2.510514e+03   9.989020e-01   9.989020e-01   2.320862e-02
  2.002093e-02  -0.000000e+00   2.510340e+03   9.998779e-01   9.998779e-01   2.320862e-02
  2.000000e-02  -0.000000e+00   2.512967e+03   9.998779e-01   9.998779e-01   2.320870e-02
  2.000000e-02  -0.000000e+00   2.510514e+03   9.989020e-01   9.989020e-01   2.320862e-02
  2.000000e-02  -0.000000e+00   2.505616e+03   9.969529e-01   9.969529e-01   2.320862e-02
  2.000000e-02  -0.000000e+00   2.498286e+03   9.940364e-01   9.940364e-01   2.320866e-02
  2.000000e-02  -0.000000e+00   2.498286e+03   9.940364e-01   9.940364e-01   2.320862e-02
  2.000000e-02  -0.000000e+00   2.505616e+03   9.969529e-01   9.969529e-01   2.320862e-02
  2.000000e-02  -0.000000e+00   2.510514e+03   9.989020e-01   9.989020e-01   2.320868e-02
  2.000000e-02  -0.000000e+00   2.512967e+03   9.998779e-01   9.998779e-01   2.333777e-02
  2.000000e-02  -0.000000e+00   2.512967e+03   9.998779e-01   9.998779e-01   2.307990e-02
  2.000000e-02  -0.000000e+00   2.510514e+03   9.989020e-01   9.989020e-01   2.320862e-02
  2.000000e-02  -0.000000e+00   2.505616e+03   9.969529e-01   9.969529e-01   2.320862e-02
  2.000000e-02  -0.000000e+00   2.498286e+03   9.940364e-01   9.940364e-01   2.320862e-02
  2.000000e-02  -0.000000e+00   2.498286e+03   9.940364e-01   9.940364e-01   2.320862e-02
  1.999183e-02  -0.000000e+00   2.506640e+03   9.969529e-01   9.969529e-01   2.320872e-02
  2.000000e-02  -0.000000e+00   2.510514e+03   9.989020e-01   9.989020e-01   2.320862e-02
  2.000000e-02  -0.000000e+00   2.512967e+03   9.998779e-01   9.998779e-01   2.320862e-02
  2.000000e-02  -0.000000e+00   2.512967e+03   9.998779e-01   9.998779e-01   2.320862e-02
  1.999075e-02  -0.000000e+00   2.511676e+03   9.989020e-01   9.989020e-01   2.320862e-02
  2.000818e-02  -0.000000e+00   2.504592e+03   9.969529e-01   9.969529e-01   2.320864e-02
  2.000000e-02  -0.000000e+00   2.498286e+03   9.940364e-01   9.940364e-01   2.320862e-02
  2.000000e-02  -0.000000e+00   2.498286e+03   9.940364e-01   9.940364e-01   2.320862e-02
  2.000000e-02  -0.000000e+00   2.505616e+03   9.969529e-01   9.969529e-01   2.320867e-02
  2.000000e-02  -0.000000e+00   2.510514e+03   9.989020e-01   9.989020e-01   2.320862e-02
  2.000000e-02  -0.000000e+00   2.512967e+03   9.998779e-01   9.998779e-01   2.320862e-02
  2.000000e-02  -0.000000e+00   2.512967e+03   9.998779e-01   9.998779e-01   2.320862e-02
  2.000000e-02  -0.000000e+00   2.510514e+03   9.989020e-01   9.989020e-01   2.320862e-02
  2.000000e-02  -0.000000e+00   2.505616e+03   9.969529e-01   9.969529e-01   2.320862e-02
  2.000000e-02  -0.000000e+00   2.498286e+03   9.940364e-01   9.940364e-01   2.320862e-02
  2.000000e-02  -0.000000e+00   2.498286e+03   9.940364e-01   9.940364e-01   2.320864e-02
  2.000000e-02  -0.000000e+00   2.505616e+03   9.969529e-01   9.969529e-01   2.320862e-02
  2.000000e-02  -0.000000e+00   2.510514e+03   9.989020e-01   9.989020e-01   2.320871e-02
  2.000000e-02  -0.000000e+00   2.512967e+03   9.998779e-01   9.997600e-01   2.320862e-02
  2.000000e-02  -0.000000e+00   2.512967e+03   9.998779e-01   9.998779e-01   2.320862e-02
  2.000000e-02  -0.000000e+00   2.510514e+03   9.989020e-01   9.989020e-01   2.320862e-02
  2.000000e-02  -0.000000e+00   2.505616e+03   9.969529e-01   9.969529e-01   2.320862e-02
  2.000000e-02  -0.000000e+00   2.498286e+03   9.940364e-01   9.940364e-01   2.320862e-02
  2.000000e-02  -0.000000e+00   2.498286e+03   9.940364e-01   9.940364e-01   2.320864e-02
  2.000000e-02  -0.000000e+00   2.505616e+03   9.969529e-01   9.969529e-01   2.320862e-02
  2.000000e-02  -0.000000e+00   2.510514e+03   9.989020e-01   9.989020e-01   2.320868e-02
  2.000000e-02  -0.000000e+00   2.512967e+03   9.998779e-01   9.998779e-01   2.320866e-02
  2.000000e-02  -0.000000e+00   2.512967e+03   9.998779e-01   9.998779e-01   2.320862e-02
  2.000000e-02  -0.000000e+00   2.510514e+03   9.989020e-01   9.989020e-01   2.320862e-02
  2.000000e-02  -0.000000e+00   2.505616e+03   9.969529e-01   9.969529e-01   2.320867e-02
  2.000000e-02  -0.000000e+00   2.498286e+03   9.940364e-01   9.940364e-01   2.320862e-02
  2.000000e-02  -0.000000e+00   2.498286e+03   9.940364e-01   9.940364e-01   2.320862e-02
  2.000000e-02  -0.000000e+00   2.505616e+03   9.969529e-01   9.969529e-01   2.320862e-02
  2.000000e-02  -0.000000e+00   2.510514e+03   9.989020e-01   9.991103e-01   2.332279e-02
  2.000000e-02  -0.000000e+00   2.512967e+03   9.998779e-01   9.996421e-01   2.320862e-02
  2.000000e-02  -0.000000e+00   2.512967e+03   9.998779e-01   9.997600e-01   2.320862e-02
  2.000000e-02  -0.000000e+00   2.510514e+03   9.989020e-01   9.989020e-01   2.320862e-02
  2.000000e-02  -0.000000e+00   2.505616e+03   9.969529e-01   9.969529e-01   2.320869e-02
  2.000000e-02  -0.000000e+00   2.498286e+03   9.940364e-01   9.940364e-01   2.320862e-02
  2.000000e-02  -0.000000e+00   2.498286e+03   9.940364e-01   9.940364e-01   2.320862e-02
  2.000000e-02  -0.000000e+00   2.505616e+03   9.969529e-01   9.969529e-01   2.320862e-02
  2.000000e-02  -0.000000e+00   2.510514e+03   9.989020e-01   9.989020e-01   2.320862e-02
  2.000000e-02  -0.000000e+00   2.512967e+03   9.998779e-01   9.998779e-01   2.320862e-02
  2.000000e-02  -0.000000e+00   2.512967e+03   9.998779e-01   9.998779e-01   2.320862e-02
  2.000000e-02  -0.000000e+00   2.510514e+03   9.989020e-01   9.989020e-01   2.315164e-02
  2.000000e-02  -0.000000e+00   2.505616e+03   9.969529e-01   9.969529e-01   2.320862e-02
  1.999278e-02  -0.000000e+00   2.499189e+03   9.940364e-01   9.940364e-01   2.320864e-02
  2.000000e-02  -0.000000e+00   2.498286e+03   9.940364e-01   9.940364e-01   2.329778e-02
  2.000000e-02  -0.000000e+00   2.505616e+03   9.969529e-01   9.969529e-01   2.320862e-02
  2.000000e-02  -0.000000e+00   2.510514e+03   9.989020e-01   9.989020e-01   2.309473e-02
  2.000000e-02  -0.000000e+00   2.512967e+03   9.998779e-01   9.998779e-01   2.320862e-02
  2.000000e-02  -0.000000e+00   2.512967e+03   9.998779e-01   9.998779e-01   2.320863e-02
  2.000000e-02  -0.000000e+00   2.510514e+03   9.989020e-01   9.989020e-01   2.320862e-02
  2.000000e-02  -0.000000e+00   2.505616e+03   9.969529e-01   9.969529e-01   2.320862e-02
  2.000000e-02  -0.000000e+00   2.498286e+03   9.940364e-01   9.940364e-01   2.320862e-02
  2.000000e-02  -0.000000e+00   2.498286e+03   9.940364e-01   9.940364e-01   2.329778e-02
  2.000000e-02  -0.000000e+00   2.505616e+03   9.969529e-01   9.969529e-01   2.320862e-02
  2.000000e-02  -0.000000e+00   2.510514e+03   9.989020e-01   9.989020e-01   2.320862e-02
  2.000000e-02  -0.000000e+00   2.512967e+03   9.998779e-01   9.998779e-01   2.320862e-02
  2.002093e-02  -0.000000e+00   2.510340e+03   9.998779e-01   9.998779e-01   2.320862e-02
  2.000000e-02  -0.000000e+00   2.510514e+03   9.989020e-01   9.989020e-01   2.320862e-02
  2.000000e-02  -0.000000e+00   2.505616e+03   9.969529e-01   9.969529e-01   2.320862e-02
  2.000000e-02  -0.000000e+00   2.498286e+03   9.940364e-01   9.940364e-01   2.320862e-02
  2.000000e-02  -0.000000e+00   2.498286e+03   9.940364e-01   9.940364e-01   2.320862e-02
  2.000000e-02  -0.000000e+00   2.505616e+03   9.969529e-01   9.969529e-01   2.320862e-02
  2.000000e-02  -0.000000e+00   2.510514e+03   9.989020e-01   9.989020e-01   2.332279e-02
  2.000000e-02  -0.000000e+00   2.512967e+03   9.998779e-01   9.998779e-01   2.320862e-02
  2.000000e-02  -0.000000e+00   2.512967e+03   9.998779e-01   9.998779e-01   2.320862e-02
  2.000000e-02  -0.000000e+00   2.510514e+03   9.989020e-01   9.989020e-01   2.320862e-02
  2.000000e-02  -0.000000e+00   2.505616e+03   9.969529e-01   9.969529e-01   2.320862e-02
  2.000000e-02  -0.000000e+00   2.498286e+03   9.940364e-01   9.940364e-01   2.320862e-02
  2.000000e-02  -0.000000e+00   2.498286e+03   9.940364e-01   9.940364e-01   2.320862e-02
  2.000000e-02  -0.000000e+00   2.505616e+03   9.969529e-01   9.969529e-01   2.320881e-02
  2.000000e-02  -0.000000e+00   2.510514e+03   9.989020e-01   9.989020e-01   2.320862e-02
  2.000000e-02  -0.000000e+00   2.512967e+03   9.998779e-01   9.999959e-01   2.320862e-02
  2.000000e-02  -0.000000e+00   2.512967e+03   9.998779e-01   9.998779e-01   2.320862e-02
  2.000000e-02  -0.000000e+00   2.510514e+03   9.989020e-01   9.990061e-01   2.320863e-02
  2.000000e-02  -0.000000e+00   2.505616e+03   9.969529e-01   9.969529e-01   2.320862e-02
  2.000000e-02  -0.000000e+00   2.498286e+03   9.940364e-01   9.940364e-01   2.320862e-02
  2.000000e-02  -0.000000e+00   2.498286e+03   9.940364e-01   9.940364e-01   2.320864e-02
  2.000000e-02  -0.000000e+00   2.505616e+03   9.969529e-01   9.970448e-01   2.320862e-02
  2.000000e-02  -0.000000e+00   2.510514e+03   9.989020e-01   9.989020e-01   2.320887e-02
  2.000000e-02  -0.000000e+00   2.512967e+03   9.998779e-01   9.998779e-01   2.320862e-02
  2.000000e-02  -0.000000e+00   2.512967e+03   9.998779e-01   9.998779e-01   2.320862e-02
  2.000000e-02  -0.000000e+00   2.510514e+03   9.989020e-01   9.989020e-01   2.320862e-02
  2.000000e-02  -0.000000e+00   2.505616e+03   9.969529e-01   9.969529e-01   2.320862e-02
  2.000000e-02  -0.000000e+00   2.498286e+03   9.940364e-01   9.940364e-01   2.320862e-02
  2.000000e-02  -0.000000e+00   2.498286e+03   9.940364e-01   9.940364e-01   2.320862e-02
  2.000000e-02  -0.000000e+00   2.505616e+03   9.969529e-01   9.969529e-01   2.320872e-02
  2.000000e-02  -0.000000e+00   2.510514e+03   9.989020e-01   9.989020e-01   2.320887e-02
  2.000000e-02  -0.000000e+00   2.512967e+03   9.998779e-01   9.998779e-01   2.320862e-02
  2.000000e-02  -0.000000e+00   2.512967e+03   9.998779e-01   9.998779e-01   2.320894e-02
  2.000000e-02  -0.000000e+00   2.510514e+03   9.989020e-01   9.989020e-01   2.320862e-02
  2.000000e-02  -0.000000e+00   2.505616e+03   9.969529e-01   9.969529e-01   2.320862e-02
  2.000000e-02  -0.000000e+00   2.498286e+03   9.940364e-01   9.941174e-01   2.320862e-02
  2.000000e-02  -0.000000e+00   2.498286e+03   9.940364e-01   9.940364e-01   2.320870e-02
  2.000000e-02  -0.000000e+00   2.505616e+03   9.969529e-01   9.969529e-01   2.320862e-02
  2.000000e-02  -0.000000e+00   2.510514e+03   9.989020e-01   9.989020e-01   2.320887e-02
  2.000000e-02  -0.000000e+00   2.512967e+03   9.998779e-01   9.998779e-01   2.320862e-02
  2.000000e-02  -0.000000e+00   2.512967e+03   9.998779e-01   9.998779e-01   2.320862e-02
  2.000000e-02  -0.000000e+00   2.510514e+03   9.989020e-01   9.989020e-01   2.320862e-02
  1.999183e-02  -0.000000e+00   2.506640e+03   9.969529e-01   9.969529e-01   2.320881e-02
  2.000000e-02  -0.000000e+00   2.498286e+03   9.940364e-01   9.940364e-01   2.320862e-02
  2.000000e-02  -0.000000e+00   2.498286e+03   9.940364e-01   9.940364e-01   2.320862e-02
  2.000000e-02  -0.000000e+00   2.505616e+03   9.969529e-01   9.969529e-01   2.320862e-02
  2.000000e-02  -0.000000e+00   2.510514e+03   9.989020e-01   9.989020e-01   2.320862e-02
  2.000000e-02  -0.000000e+00   2.512967e+03   9.998779e-01   9.998779e-01   2.320862e-02
  2.000000e-02  -0.000000e+00   2.512967e+03   9.998779e-01   9.998779e-01   2.320862e-02
  2.000000e-02  -0.000000e+00   2.510514e+03   9.989020e-01   9.989020e-01   2.320862e-02
  2.000000e-02  -0.000000e+00   2.505616e+03   9.969529e-01   9.969529e-01   2.320862e-02
  2.000000e-02  -0.000000e+00   2.498286e+03   9.940364e-01   9.940364e-01   2.320862e-02
  2.000000e-02  -0.000000e+00   2.498286e+03   9.940364e-01   9.940364e-01   2.320862e-02
  2.000000e-02  -0.000000e+00   2.505616e+03   9.969529e-01   9.969529e-01   2.320862e-02
  2.000000e-02  -0.000000e+00   2.510514e+03   9.989020e-01   9.989020e-01   2.320865e-02
  2.000000e-02  -0.000000e+00   2.512967e+03   9.998779e-01   9.998779e-01   2.320894e-02
  2.000000e-02  -0.000000e+00   2.512967e+03   9.998779e-01   9.998779e-01   2.320862e-02
  2.000000e-02  -0.000000e+00   2.510514e+03   9.989020e-01   9.989020e-01   2.320862e-02
  2.000000e-02  -0.000000e+00   2.505616e+03   9.969529e-01   9.969529e-01   2.320862e-02
  2.000000e-02  -0.000000e+00   2.498286e+03   9.940364e-01   9.940364e-01   2.320862e-02
  2.000000e-02  -0.000000e+00   2.498286e+03   9.940364e-01   9.940364e-01   2.320862e-02
  1.999591e-02  -0.000000e+00   2.506128e+03   9.969529e-01   9.969529e-01   2.320862e-02
  2.000000e-02  -0.000000e+00   2.510514e+03   9.989020e-01   9.989020e-01   2.320887e-02
  2.000000e-02  -0.000000e+00   2.512967e+03   9.998779e-01   9.998779e-01   2.327347e-02
  2.000000e-02  -0.000000e+00   2.512967e+03   9.998779e-01   9.998779e-01   2.320862e-02
  2.000000e-02  -0.000000e+00   2.510514e+03   9.989020e-01   9.989020e-01   2.320862e-02
  2.000000e-02  -0.000000e+00   2.505616e+03   9.969529e-01   9.969529e-01   2.320862e-02
  2.000000e-02  -0.000000e+00   2.498286e+03   9.940364e-01   9.940364e-01   2.320862e-02
  2.000000e-02  -0.000000e+00   2.498286e+03   9.940364e-01   9.940364e-01   2.320862e-02
  2.000409e-02  -0.000000e+00   2.505104e+03   9.969529e-01   9.969529e-01   2.320872e-02
  2.000000e-02  -0.000000e+00   2.510514e+03   9.989020e-01   9.989020e-01   2.320862e-02
  2.000000e-02  -0.000000e+00   2.512967e+03   9.998779e-01   9.998779e-01   2.320862e-02
  2.000000e-02  -0.000000e+00   2.512967e+03   9.998779e-01   9.998779e-01   2.320862e-02
  2.000000e-02  -0.000000e+00   2.510514e+03   9.989020e-01   9.989020e-01   2.320887e-02
  2.000000e-02  -0.000000e+00   2.505616e+03   9.969529e-01   9.969529e-01   2.320881e-02
  2.000000e-02  -0.000000e+00   2.498286e+03   9.940364e-01   9.940364e-01   2.320870e-02
  2.000000e-02  -0.000000e+00   2.498286e+03   9.940364e-01   9.940364e-01   2.320862e-02
  2.000000e-02  -0.000000e+00   2.505616e+03   9.969529e-01   9.969529e-01   2.320862e-02
  2.000000e-02  -0.000000e+00   2.510514e+03   9.989020e-01   9.989020e-01   2.320862e-02
  2.000000e-02  -0.000000e+00   2.512967e+03   9.998779e-01   9.998779e-01   2.320862e-02
  2.000000e-02  -0.000000e+00   2.512967e+03   9.998779e-01   9.998779e-01   2.320862e-02
  2.000000e-02  -0.000000e+00   2.510514e+03   9.989020e-01   9.989020e-01   2.320862e-02
  2.000000e-02  -0.000000e+00   2.505616e+03   9.969529e-01   9.971367e-01   2.320864e-02
  2.000000e-02  -0.000000e+00   2.498286e+03   9.940364e-01   9.940364e-01   2.320862e-02
  2.000000e-02  -0.000000e+00   2.498286e+03   9.940364e-01   9.940364e-01   2.320862e-02
  2.000000e-02  -0.000000e+00   2.505616e+03   9.969529e-01   9.969529e-01   2.310813e-02
  2.000000e-02  -0.000000e+00   2.510514e+03   9.989020e-01   9.989020e-01   2.320862e-02
  2.000000e-02  -0.000000e+00   2.512967e+03   9.998779e-01   9.998779e-01   2.320865e-02
  2.000000e-02  -0.000000e+00   2.512967e+03   9.998779e-01   9.998779e-01   2.320862e-02
  2.000000e-02  -0.000000e+00   2.510514e+03   9.989020e-01   9.989020e-01   2.320862e-02
  2.000000e-02  -0.000000e+00   2.505616e+03   9.969529e-01   9.969529e-01   2.320862e-02
  2.000000e-02  -0.000000e+00   2.498286e+03   9.940364e-01   9.940364e-01   2.320862e-02
  2.000000e-02  -0.000000e+00   2.498286e+03   9.940364e-01   9.940364e-01   2.320862e-02
  2.000000e-02  -0.000000e+00   2.505616e+03   9.969529e-01   9.969529e-01   2.320872e-02
  2.000000e-02  -0.000000e+00   2.510514e+03   9.989020e-01   9.989020e-01   2.320883e-02
  2.000000e-02  -0.000000e+00   2.512967e+03   9.998779e-01   9.998779e-01   2.320862e-02
  2.000000e-02  -0.000000e+00   2.512967e+03   9.998779e-01   9.998779e-01   2.310478e-02
  2.000000e-02  -0.000000e+00   2.510514e+03   9.989020e-01   9.989020e-01   2.310478e-02
  2.000000e-02  -0.000000e+00   2.505616e+03   9.969529e-01   9.969529e-01   2.320862e-02
  2.000000e-02  -0.000000e+00   2.498286e+03   9.940364e-01   9.940364e-01   2.320862e-02
  2.000000e-02  -0.000000e+00   2.498286e+03   9.940364e-01   9.941984e-01   2.320862e-02
  2.000000e-02  -0.000000e+00   2.505616e+03   9.969529e-01   9.969529e-01   2.320880e-02
  2.000000e-02  -0.000000e+00   2.510514e+03   9.989020e-01   9.990805e-01   2.320862e-02
  2.000000e-02  -0.000000e+00   2.512967e+03   9.998779e-01   9.998779e-01   2.320862e-02
  2.000000e-02  -0.000000e+00   2.512967e+03   9.998779e-01   9.998779e-01   2.320864e-02
  2.000000e-02  -0.000000e+00   2.510514e+03   9.989020e-01   9.989020e-01   2.320880e-02
  2.000000e-02  -0.000000e+00   2.505616e+03   9.969529e-01   9.969529e-01   2.320862e-02
  2.000000e-02  -0.000000e+00   2.498286e+03   9.940364e-01   9.940364e-01   2.320862e-02
  2.000000e-02  -0.000000e+00   2.498286e+03   9.940364e-01   9.940364e-01   2.320862e-02
  2.000000e-02  -0.000000e+00   2.505616e+03   9.969529e-01   9.969529e-01   2.320862e-02
  2.000000e-02  -0.000000e+00   2.510514e+03   9.989020e-01   9.989020e-01   2.320862e-02
  2.000000e-02  -0.000000e+00   2.512967e+03   9.998779e-01   9.998779e-01   2.320862e-02
  2.000000e-02  -0.000000e+00   2.512967e+03   9.998779e-01   9.998779e-01   2.320862e-02
  2.000000e-02  -0.000000e+00   2.510514e+03   9.989020e-01   9.989020e-01   2.320862e-02
  1.999627e-02  -0.000000e+00   2.506083e+03   9.969529e-01   9.969529e-01   2.320862e-02
  2.000000e-02  -0.000000e+00   2.498286e+03   9.940364e-01   9.940364e-01   2.320862e-02
  2.000350e-02  -0.000000e+00   2.497849e+03   9.940364e-01   9.940364e-01   2.320862e-02
  2.000000e-02  -0.000000e+00   2.505616e+03   9.969529e-01   9.969529e-01   2.320869e-02
  2.000000e-02  -0.000000e+00   2.510514e+03   9.989020e-01   9.989020e-01   2.320862e-02
  2.000000e-02  -0.000000e+00   2.512967e+03   9.998779e-01   9.998779e-01   2.320862e-02
  2.000000e-02  -0.000000e+00   2.512967e+03   9.998779e-01   9.998779e-01   2.320862e-02
  2.000000e-02  -0.000000e+00   2.510514e+03   9.989020e-01   9.989020e-01   2.320876e-02
  2.000000e-02  -0.000000e+00   2.505616e+03   9.969529e-01   9.969529e-01   2.320862e-02
  2.000000e-02  -0.000000e+00   2.498286e+03   9.940364e-01   9.940364e-01   2.320869e-02
  2.000000e-02  -0.000000e+00   2.498286e+03   9.940364e-01   9.940364e-01   1.661682e-02
  2.000000e-02  -0.000000e+00   2.505616e+03   9.969529e-01   9.969529e-01   1.661682e-02
  2.000000e-02  -0.000000e+00   2.510514e+03   9.989020e-01   9.989020e-01   1.661690e-02
  2.000000e-02  -0.000000e+00   2.512967e+03   9.998779e-01   9.998779e-01   1.661682e-02
  2.000000e-02  -0.000000e+00   2.512967e+03   9.998779e-01   9.998779e-01   1.661682e-02
  2.000701e-02  -0.000000e+00   2.509635e+03   9.989020e-01   9.989020e-01   1.661682e-02
  2.000000e-02  -0.000000e+00   2.505616e+03   9.969529e-01   9.969529e-01   1.661682e-02
  2.000000e-02  -0.000000e+00   2.498286e+03   9.940364e-01   9.940364e-01   1.661682e-02
  2.000000e-02  -0.000000e+00   2.498286e+03   9.940364e-01   9.940364e-01   1.661682e-02
  2.000000e-02  -0.000000e+00   2.505616e+03   9.969529e-01   9.969529e-01   1.661682e-02
  2.000000e-02  -0.000000e+00   2.510514e+03   9.989020e-01   9.989020e-01   1.661686e-02
  2.000000e-02  -0.000000e+00   2.512967e+03   9.998779e-01   9.998779e-01   1.661684e-02
  2.000000e-02  -0.000000e+00   2.512967e+03   9.998779e-01   9.998779e-01   1.661682e-02
  2.000000e-02  -0.000000e+00   2.510514e+03   9.989020e-01   9.989020e-01   1.661682e-02
  2.000000e-02  -0.000000e+00   2.505616e+03   9.969529e-01   9.969529e-01   1.665571e-02
  2.000000e-02  -0.000000e+00   2.498286e+03   9.940364e-01   9.940364e-01   1.657916e-02
  2.000000e-02  -0.000000e+00   2.498286e+03   9.940364e-01   9.940364e-01   1.661684e-02
  2.000000e-02  -0.000000e+00   2.505616e+03   9.969529e-01   9.969529e-01   1.661682e-02
  2.000000e-02  -0.000000e+00   2.510514e+03   9.989020e-01   9.989020e-01   1.669962e-02
  2.000000e-02  -0.000000e+00   2.512967e+03   9.998779e-01   9.998779e-01   1.661682e-02
  2.000000e-02  -0.000000e+00   2.512967e+03   9.998779e-01   1.000235e+00   1.653423e-02
  2.000000e-02  -0.000000e+00   2.510514e+03   9.989020e-01   9.989020e-01   1.653424e-02
  1.999604e-02  -0.000000e+00   2.506113e+03   9.969529e-01   9.969529e-01   1.661682e-02
  2.000000e-02  -0.000000e+00   2.498286e+03   9.940364e-01   9.940364e-01   1.654154e-02
  2.000000e-02  -0.000000e+00   2.498286e+03   9.940364e-01   9.940364e-01   1.661686e-02
  2.000000e-02  -0.000000e+00   2.505616e+03   9.969529e-01   9.969529e-01   1.661682e-02
  2.000000e-02  -0.000000e+00   2.510514e+03   9.989020e-01   9.989020e-01   1.661682e-02
  2.000000e-02  -0.000000e+00   2.512967e+03   9.998779e-01   9.998779e-01   1.661682e-02
  2.000000e-02  -0.000000e+00   2.512967e+03   9.998779e-01   9.998779e-01   1.661682e-02
  2.000000e-02  -0.000000e+00   2.510514e+03   9.989020e-01   9.989020e-01   1.652898e-02
  2.000000e-02  -0.000000e+00   2.505616e+03   9.969529e-01   9.969529e-01   1.661682e-02
  2.000000e-02  -0.000000e+00   2.498286e+03   9.940364e-01   9.937125e-01   1.661682e-02
  2.000000e-02  -0.000000e+00   2.498286e+03   9.940364e-01   9.940364e-01   1.661682e-02
  2.000000e-02  -0.000000e+00   2.505616e+03   9.969529e-01   9.969529e-01   1.661682e-02
  2.000000e-02  -0.000000e+00   2.510514e+03   9.989020e-01   9.989020e-01   1.661682e-02
  2.000000e-02  -0.000000e+00   2.512967e+03   9.998779e-01   9.998779e-01   1.661682e-02
  2.000000e-02  -0.000000e+00   2.512967e+03   9.998779e-01   9.998779e-01   1.661682e-02
  2.000000e-02  -0.000000e+00   2.510514e+03   9.989020e-01   9.987000e-01   1.661682e-02
  2.000000e-02  -0.000000e+00   2.505616e+03   9.969529e-01   9.969529e-01   1.661682e-02
  1.999639e-02  -0.000000e+00   2.498737e+03   9.940364e-01   9.940364e-01   1.661682e-02
  1.999639e-02  -0.000000e+00   2.498737e+03   9.940364e-01   9.940364e-01   1.661682e-02
  2.000409e-02  -0.000000e+00   2.505104e+03   9.969529e-01   9.969529e-01   1.661682e-02
  2.000000e-02  -0.000000e+00   2.510514e+03   9.989020e-01   9.989020e-01   1.661682e-02
  2.000000e-02  -0.000000e+00   2.512967e+03   9.998779e-01   9.998779e-01   1.661682e-02
  2.000000e-02  -0.000000e+00   2.512967e+03   9.998779e-01   9.998779e-01   1.661682e-02
  2.000000e-02  -0.000000e+00   2.510514e+03   9.989020e-01   9.989020e-01   1.661682e-02
  2.000000e-02  -0.000000e+00   2.505616e+03   9.969529e-01   9.969529e-01   1.661687e-02
  2.000000e-02  -0.000000e+00   2.498286e+03   9.940364e-01   9.940364e-01   1.661682e-02
  2.000000e-02  -0.000000e+00   2.498286e+03   9.940364e-01   9.940364e-01   1.661682e-02
  2.000000e-02  -0.000000e+00   2.505616e+03   9.969529e-01   9.969529e-01   1.661682e-02
  2.000000e-02  -0.000000e+00   2.510514e+03   9.989020e-01   9.989020e-01   1.661682e-02
  2.000000e-02  -0.000000e+00   2.512967e+03   9.998779e-01   9.998779e-01   1.661682e-02
  2.000000e-02  -0.000000e+00   2.512967e+03   9.998779e-01   9.998779e-01   1.661682e-02
  2.000000e-02  -0.000000e+00   2.510514e+03   9.989020e-01   9.989020e-01   1.661682e-02
  2.000000e-02  -0.000000e+00   2.505616e+03   9.969529e-01   9.965853e-01   1.661683e-02
  2.000000e-02  -0.000000e+00   2.498286e+03   9.940364e-01   9.940364e-01   1.654154e-02
  2.000000e-02  -0.000000e+00   2.498286e+03   9.940364e-01   9.940364e-01   1.661682e-02
  2.000000e-02  -0.000000e+00   2.505616e+03   9.969529e-01   9.969529e-01   1.661682e-02
  2.000000e-02  -0.000000e+00   2.510514e+03   9.989020e-01   9.986936e-01   1.661685e-02
  2.000000e-02  -0.000000e+00   2.512967e+03   9.998779e-01   9.998779e-01   1.661682e-02
  2.000000e-02  -0.000000e+00   2.512967e+03   9.998779e-01   9.998779e-01   1.661682e-02
  2.000000e-02  -0.000000e+00   2.510514e+03   9.989020e-01   9.986936e-01   1.661682e-02
  2.000000e-02  -0.000000e+00   2.505616e+03   9.969529e-01   9.969529e-01   1.661682e-02
  2.000000e-02  -0.000000e+00   2.498286e+03   9.940364e-01   9.940364e-01   1.661682e-02
  2.000000e-02  -0.000000e+00   2.498286e+03   9.940364e-01   9.940364e-01   1.661684e-02
  2.000818e-02  -0.000000e+00   2.504592e+03   9.969529e-01   9.969529e-01   1.661692e-02
  2.000000e-02  -0.000000e+00   2.510514e+03   9.989020e-01   9.986936e-01   1.661682e-02
  2.000000e-02  -0.000000e+00   2.512967e+03   9.998779e-01   9.998779e-01   1.661686e-02
  2.000000e-02  -0.000000e+00   2.512967e+03   9.998779e-01   1.000350e+00   1.661682e-02
  2.000000e-02  -0.000000e+00   2.510514e+03   9.989020e-01   9.989020e-01   1.661682e-02
  2.000000e-02  -0.000000e+00   2.505616e+03   9.969529e-01   9.969529e-01   1.661682e-02
  2.000000e-02  -0.000000e+00   2.498286e+03   9.940364e-01   9.940364e-01   1.661682e-02
  2.000000e-02  -0.000000e+00   2.498286e+03   9.940364e-01   9.940364e-01   1.661682e-02
  2.000000e-02  -0.000000e+00   2.505616e+03   9.969529e-01   9.969529e-01   1.661682e-02
  2.000000e-02  -0.000000e+00   2.510514e+03   9.989020e-01   9.989020e-01   1.661688e-02
  2.000000e-02  -0.000000e+00   2.512967e+03   9.998779e-01   9.998779e-01   1.661682e-02
  2.000000e-02  -0.000000e+00   2.512967e+03   9.998779e-01   9.998779e-01   1.661682e-02
  2.000000e-02  -0.000000e+00   2.510514e+03   9.989020e-01   9.986936e-01   1.656861e-02
  2.000000e-02  -0.000000e+00   2.505616e+03   9.969529e-01   9.969529e-01   1.657421e-02
  2.000000e-02  -0.000000e+00   2.498286e+03   9.940364e-01   9.940364e-01   1.661682e-02
  2.000000e-02  -0.000000e+00   2.498286e+03   9.940364e-01   9.940364e-01   1.661682e-02
  2.000000e-02  -0.000000e+00   2.505616e+03   9.969529e-01   9.969529e-01   1.661682e-02
  2.000000e-02  -0.000000e+00   2.510514e+03   9.989020e-01   9.989020e-01   1.661682e-02
  2.000000e-02  -0.000000e+00   2.512967e+03   9.998779e-01   9.998779e-01   1.661682e-02
  2.000000e-02  -0.000000e+00   2.512967e+03   9.998779e-01   9.998779e-01   1.661682e-02
  2.000000e-02  -0.000000e+00   2.510514e+03   9.989020e-01   9.989020e-01   1.661682e-02
  2.000000e-02  -0.000000e+00   2.505616e+03   9.969529e-01   9.969529e-01   1.661682e-02
  2.000000e-02  -0.000000e+00   2.498286e+03   9.940364e-01   9.940364e-01   1.661682e-02
  2.000000e-02  -0.000000e+00   2.498286e+03   9.940364e-01   9.938745e-01   1.661684e-02
  2.000000e-02  -0.000000e+00   2.505616e+03   9.969529e-01   9.969529e-01   1.661687e-02
  2.000000e-02  -0.000000e+00   2.510514e+03   9.989020e-01   9.989020e-01   1.661682e-02
  2.000000e-02  -0.000000e+00   2.512967e+03   9.998779e-01   9.998779e-01   1.661682e-02
  2.000000e-02  -0.000000e+00   2.512967e+03   9.998779e-01   9.998779e-01   1.661682e-02
  2.000000e-02  -0.000000e+00   2.510514e+03   9.989020e-01   9.989020e-01   1.661682e-02
  2.000000e-02  -0.000000e+00   2.505616e+03   9.969529e-01   9.969529e-01   1.661687e-02
  2.000000e-02  -0.000000e+00   2.498286e+03   9.940364e-01   9.940364e-01   1.661682e-02
  2.000000e-02  -0.000000e+00   2.498286e+03   9.940364e-01   9.940364e-01   1.661682e-02
  2.000000e-02  -0.000000e+00   2.505616e+03   9.969529e-01   9.969529e-01   1.661682e-02
  2.000000e-02  -0.000000e+00   2.510514e+03   9.989020e-01   9.989020e-01   1.661682e-02
  2.000000e-02  -0.000000e+00   2.512967e+03   9.998779e-01   9.998779e-01   1.661682e-02
  2.000000e-02  -0.000000e+00   2.512967e+03   9.998779e-01   9.998779e-01   1.661682e-02
  2.000000e-02  -0.000000e+00   2.510514e+03   9.989020e-01   9.989020e-01   1.661682e-02
  2.000000e-02  -0.000000e+00   2.505616e+03   9.969529e-01   9.969529e-01   1.661682e-02
  2.000000e-02  -0.000000e+00   2.498286e+03   9.940364e-01   9.940364e-01   1.661682e-02
  2.000000e-02  -0.000000e+00   2.498286e+03   9.940364e-01   9.940364e-01   1.661682e-02
  2.000000e-02  -0.000000e+00   2.505616e+03   9.969529e-01   9.969529e-01   1.661682e-02
  2.000000e-02  -0.000000e+00   2.510514e+03   9.989020e-01   9.989020e-01   1.661682e-02
  2.000000e-02  -0.000000e+00   2.512967e+03   9.998779e-01   9.998779e-01   1.661682e-02
  2.000000e-02  -0.000000e+00   2.512967e+03   9.998779e-01   9.998779e-01   1.661682e-02
  2.000000e-02  -0.000000e+00   2.510514e+03   9.989020e-01   9.989020e-01   1.661682e-02
  2.000000e-02  -0.000000e+00   2.505616e+03   9.969529e-01   9.969529e-01   1.661682e-02
  2.000000e-02  -0.000000e+00   2.498286e+03   9.940364e-01   9.940364e-01   1.661682e-02
  2.000000e-02  -0.000000e+00   2.498286e+03   9.940364e-01   9.940364e-01   1.661682e-02
  2.000000e-02  -0.000000e+00   2.505616e+03   9.969529e-01   9.969529e-01   1.661702e-02
  2.000000e-02  -0.000000e+00   2.510514e+03   9.989020e-01   9.989020e-01   1.661682e-02
  2.000000e-02  -0.000000e+00   2.512967e+03   9.998779e-01   9.998779e-01   1.661682e-02
  2.002093e-02  -0.000000e+00   2.510340e+03   9.998779e-01   9.999959e-01   1.661682e-02
  2.000000e-02  -0.000000e+00   2.510514e+03   9.989020e-01   9.989280e-01   1.661682e-02
  2.000000e-02  -0.000000e+00   2.505616e+03   9.969529e-01   9.969529e-01   1.661682e-02
  2.000000e-02  -0.000000e+00   2.498286e+03   9.940364e-01   9.940364e-01   1.661682e-02
  2.000000e-02  -0.000000e+00   2.498286e+03   9.940364e-01   9.940364e-01   1.661682e-02
  2.000000e-02  -0.000000e+00   2.505616e+03   9.969529e-01   9.969529e-01   1.661702e-02
  2.000000e-02  -0.000000e+00   2.510514e+03   9.989020e-01   9.989020e-01   1.661707e-02
  2.002093e-02  -0.000000e+00   2.510340e+03   9.998779e-01   9.998779e-01   1.661682e-02
  1.997908e-02  -0.000000e+00   2.515598e+03   9.998779e-01   9.998779e-01   1.661682e-02
  2.000000e-02  -0.000000e+00   2.510514e+03   9.989020e-01   9.989020e-01   1.661707e-02
  2.000000e-02  -0.000000e+00   2.505616e+03   9.969529e-01   9.969529e-01   1.661682e-02
  2.000000e-02  -0.000000e+00   2.498286e+03   9.940364e-01   9.941174e-01   1.661682e-02
  2.000000e-02  -0.000000e+00   2.498286e+03   9.940364e-01   9.940364e-01   1.661697e-02
  2.000000e-02  -0.000000e+00   2.505616e+03   9.969529e-01   9.969529e-01   1.661702e-02
  2.000000e-02  -0.000000e+00   2.510514e+03   9.989020e-01   9.989020e-01   1.661682e-02
  2.000000e-02  -0.000000e+00   2.512967e+03   9.998779e-01   9.998779e-01   1.661682e-02
  2.000000e-02  -0.000000e+00   2.512967e+03   9.998779e-01   9.998779e-01   1.661682e-02
  2.000000e-02  -0.000000e+00   2.510514e+03   9.989020e-01   9.989020e-01   1.666510e-02
  2.000000e-02  -0.000000e+00   2.505616e+03   9.969529e-01   9.969529e-01   1.661682e-02
  2.000000e-02  -0.000000e+00   2.498286e+03   9.940364e-01   9.940364e-01   1.661682e-02
  2.000361e-02  -0.000000e+00   2.497835e+03   9.940364e-01   9.938745e-01   1.661682e-02
  2.000409e-02  -0.000000e+00   2.505104e+03   9.969529e-01   9.969529e-01   1.661702e-02
  2.000000e-02  -0.000000e+00   2.510514e+03   9.989020e-01   9.989020e-01   1.661682e-02
  2.000000e-02  -0.000000e+00   2.512967e+03   9.998779e-01   9.998779e-01   1.661682e-02
  2.000000e-02  -0.000000e+00   2.512967e+03   9.998779e-01   1.000114e+00   1.661682e-02
  2.000000e-02  -0.000000e+00   2.510514e+03   9.989020e-01   9.989020e-01   1.661682e-02
  2.000000e-02  -0.000000e+00   2.505616e+03   9.969529e-01   9.969529e-01   1.661682e-02
  2.000000e-02  -0.000000e+00   2.498286e+03   9.940364e-01   9.940364e-01   1.661682e-02
  2.000000e-02  -0.000000e+00   2.498286e+03   9.940364e-01   9.940364e-01   1.661682e-02
  2.000000e-02  -0.000000e+00   2.505616e+03   9.969529e-01   9.969529e-01   1.661682e-02
  2.000000e-02  -0.000000e+00   2.510514e+03   9.989020e-01   9.989020e-01   1.661682e-02
  2.000000e-02  -0.000000e+00   2.512967e+03   9.998779e-01   9.998779e-01   1.661682e-02
  2.000000e-02  -0.000000e+00   2.512967e+03   9.998779e-01   9.998779e-01   1.661682e-02
  2.000000e-02  -0.000000e+00   2.510514e+03   9.989020e-01   9.989020e-01   1.661682e-02
  2.000000e-02  -0.000000e+00   2.505616e+03   9.969529e-01   9.969529e-01   1.661682e-02
  2.000000e-02  -0.000000e+00   2.498286e+03   9.940364e-01   9.940364e-01   1.661682e-02
  2.000000e-02  -0.000000e+00   2.498286e+03   9.940364e-01   9.940364e-01   1.661682e-02
  2.000000e-02  -0.000000e+00   2.505616e+03   9.969529e-01   9.969529e-01   1.661702e-02
  2.000000e-02  -0.000000e+00   2.510514e+03   9.989020e-01   9.989020e-01   1.661685e-02
  2.000000e-02  -0.000000e+00   2.512967e+03   9.998779e-01   9.998779e-01   1.661682e-02
  2.000000e-02  -0.000000e+00   2.512967e+03   9.998779e-01   9.998779e-01   1.661682e-02
  2.000000e-02  -0.000000e+00   2.510514e+03   9.989020e-01   9.989020e-01   1.661682e-02
  2.000000e-02  -0.000000e+00   2.505616e+03   9.969529e-01   9.969529e-01   1.661702e-02
  2.000000e-02  -0.000000e+00   2.498286e+03   9.940364e-01   9.940364e-01   1.661682e-02
  2.000000e-02  -0.000000e+00   2.498286e+03   9.940364e-01   9.940364e-01   1.661682e-02
  2.000000e-02  -0.000000e+00   2.505616e+03   9.969529e-01   9.969529e-01   1.661682e-02
  2.000000e-02  -0.000000e+00   2.510514e+03   9.989020e-01   9.989020e-01   1.661682e-02
  2.000000e-02  -0.000000e+00   2.512967e+03   9.998779e-01   9.998779e-01   1.661682e-02
  2.000000e-02  -0.000000e+00   2.512967e+03   9.998779e-01   9.998779e-01   1.661682e-02
  2.000000e-02  -0.000000e+00   2.510514e+03   9.989020e-01   9.989020e-01   1.661682e-02
  2.000000e-02  -0.000000e+00   2.505616e+03   9.969529e-01   9.969529e-01   1.661682e-02
  2.000000e-02  -0.000000e+00   2.498286e+03   9.940364e-01   9.940364e-01   1.661682e-02
  1.998555e-02  -0.000000e+00   2.500092e+03   9.940364e-01   9.940364e-01   1.661682e-02
  2.000000e-02  -0.000000e+00   2.505616e+03   9.969529e-01   9.973205e-01   1.661682e-02
  2.000925e-02  -0.000000e+00   2.509354e+03   9.989020e-01   9.989020e-01   1.661682e-02
  2.000000e-02  -0.000000e+00   2.512967e+03   9.998779e-01   9.998779e-01   1.661682e-02
  1.998954e-02  -0.000000e+00   2.514282e+03   9.998779e-01   9.998779e-01   1.661682e-02
  2.000000e-02  -0.000000e+00   2.510514e+03   9.989020e-01   9.989020e-01   1.661682e-02
  2.000000e-02  -0.000000e+00   2.505616e+03   9.969529e-01   9.969529e-01   1.661702e-02
  2.000000e-02  -0.000000e+00   2.498286e+03   9.940364e-01   9.940364e-01   1.661682e-02
  2.000000e-02  -0.000000e+00   2.498286e+03   9.940364e-01   9.940364e-01   1.661682e-02
  2.000000e-02  -0.000000e+00   2.505616e+03   9.969529e-01   9.965853e-01   1.661682e-02
  2.000000e-02  -0.000000e+00   2.510514e+03   9.989020e-01   9.989020e-01   1.661682e-02
  2.000000e-02  -0.000000e+00   2.512967e+03   9.998779e-01   9.998779e-01   1.661682e-02
  2.000000e-02  -0.000000e+00   2.512967e+03   9.998779e-01   1.000350e+00   1.661682e-02
  2.000000e-02  -0.000000e+00   2.510514e+03   9.989020e-01   9.989020e-01   1.661682e-02
  2.000000e-02  -0.000000e+00   2.505616e+03   9.969529e-01   9.969529e-01   1.661682e-02
  2.000000e-02  -0.000000e+00   2.498286e+03   9.940364e-01   9.943603e-01   1.661682e-02
  2.000000e-02  -0.000000e+00   2.498286e+03   9.940364e-01   9.940364e-01   1.661682e-02
  2.000000e-02  -0.000000e+00   2.505616e+03   9.969529e-01   9.969529e-01   1.661682e-02
  2.000925e-02  -0.000000e+00   2.509354e+03   9.989020e-01   9.989020e-01   1.661682e-02
  2.000000e-02  -0.000000e+00   2.512967e+03   9.998779e-01   9.998779e-01   1.661682e-02
  2.001046e-02  -0.000000e+00   2.511653e+03   9.998779e-01   9.998779e-01   1.661682e-02
  2.000000e-02  -0.000000e+00   2.510514e+03   9.989020e-01   9.989020e-01   1.661682e-02
  2.000000e-02  -0.000000e+00   2.505616e+03   9.969529e-01   9.969529e-01   1.661682e-02
  2.001445e-02  -0.000000e+00   2.496482e+03   9.940364e-01   9.940364e-01   1.661682e-02
  2.000000e-02  -0.000000e+00   2.498286e+03   9.940364e-01   9.940364e-01   1.661697e-02
  2.000000e-02  -0.000000e+00   2.505616e+03   9.969529e-01   9.969529e-01   1.661682e-02
  2.000000e-02  -0.000000e+00   2.510514e+03   9.989020e-01   9.989020e-01   1.661707e-02
  2.000000e-02  -0.000000e+00   2.512967e+03   9.998779e-01   9.998779e-01   1.661682e-02
  2.000000e-02  -0.000000e+00   2.512967e+03   9.998779e-01   9.998779e-01   1.661682e-02
  2.000000e-02  -0.000000e+00   2.510514e+03   9.989020e-01   9.989020e-01   1.661682e-02
  2.000000e-02  -0.000000e+00   2.505616e+03   9.969529e-01   9.969529e-01   1.661702e-02
  2.000000e-02  -0.000000e+00   2.498286e+03   9.940364e-01   9.940364e-01   1.661684e-02
  2.000000e-02  -0.000000e+00   2.498286e+03   9.940364e-01   9.940364e-01   1.661682e-02
  2.000000e-02  -0.000000e+00   2.505616e+03   9.969529e-01   9.969529e-01   1.661682e-02
  2.000000e-02  -0.000000e+00   2.510514e+03   9.989020e-01   9.989020e-01   1.661720e-02
  2.000000e-02  -0.000000e+00   2.512967e+03   9.998779e-01   9.998779e-01   1.656395e-02
  2.000000e-02  -0.000000e+00   2.512967e+03   9.998779e-01   9.998779e-01   1.661682e-02
  2.000000e-02  -0.000000e+00   2.510514e+03   9.989020e-01   9.989020e-01   1.661682e-02
  2.000000e-02  -0.000000e+00   2.505616e+03   9.969529e-01   9.969529e-01   1.661702e-02
  2.000000e-02  -0.000000e+00   2.498286e+03   9.940364e-01   9.940364e-01   1.661682e-02
  2.000000e-02  -0.000000e+00   2.498286e+03   9.940364e-01   9.940364e-01   1.657924e-02
  2.000000e-02  -0.000000e+00   2.505616e+03   9.969529e-01   9.969529e-01   1.661682e-02
  2.000000e-02  -0.000000e+00   2.510514e+03   9.989020e-01   9.986936e-01   1.666523e-02
  2.000000e-02  -0.000000e+00   2.512967e+03   9.998779e-01   1.000093e+00   1.661682e-02
  2.000000e-02  -0.000000e+00   2.512967e+03   9.998779e-01   9.998779e-01   1.661682e-02
  2.000000e-02  -0.000000e+00   2.510514e+03   9.989020e-01   9.989020e-01   1.661707e-02
  2.000000e-02  -0.000000e+00   2.505616e+03   9.969529e-01   9.969529e-01   1.661704e-02
  2.000000e-02  -0.000000e+00   2.498286e+03   9.940364e-01   9.940364e-01   1.661682e-02
  2.000000e-02  -0.000000e+00   2.498286e+03   9.940364e-01   9.940364e-01   1.661682e-02
  2.000000e-02  -0.000000e+00   2.505616e+03   9.969529e-01   9.969529e-01   1.661692e-02
  2.000000e-02  -0.000000e+00   2.510514e+03   9.989020e-01   9.989020e-01   1.661682e-02
  2.000000e-02  -0.000000e+00   2.512967e+03   9.998779e-01   9.998779e-01   1.661682e-02
  2.000000e-02  -0.000000e+00   2.512967e+03   9.998779e-01   9.998779e-01   1.661682e-02
  2.000000e-02  -0.000000e+00   2.510514e+03   9.989020e-01   9.989020e-01   1.661682e-02
  2.000000e-02  -0.000000e+00   2.505616e+03   9.969529e-01   9.969529e-01   1.661682e-02
  2.000723e-02  -0.000000e+00   2.497384e+03   9.940364e-01   9.939554e-01   1.661682e-02
  2.000000e-02  -0.000000e+00   2.498286e+03   9.940364e-01   9.940364e-01   1.661697e-02
  2.000000e-02  -0.000000e+00   2.505616e+03   9.969529e-01   9.969529e-01   1.661682e-02
  2.000000e-02  -0.000000e+00   2.510514e+03   9.989020e-01   9.989020e-01   1.670510e-02
  2.000000e-02  -0.000000e+00   2.512967e+03   9.998779e-01   9.998779e-01   1.652898e-02
  2.000000e-02  -0.000000e+00   2.512967e+03   9.998779e-01   9.998779e-01   1.661682e-02
  2.000000e-02  -0.000000e+00   2.510514e+03   9.989020e-01   9.989020e-01   1.661682e-02
  2.000000e-02  -0.000000e+00   2.505616e+03   9.969529e-01   9.969529e-01   1.661682e-02
  2.000000e-02  -0.000000e+00   2.498286e+03   9.940364e-01   9.940364e-01   1.661682e-02
  2.000000e-02  -0.000000e+00   2.498286e+03   9.940364e-01   9.940364e-01   1.661682e-02
  2.000000e-02  -0.000000e+00   2.505616e+03   9.969529e-01   9.969529e-01   1.661682e-02
  2.000000e-02  -0.000000e+00   2.510514e+03   9.989020e-01   9.989020e-01   1.661682e-02
  2.000000e-02  -0.000000e+00   2.512967e+03   9.998779e-01   9.998779e-01   1.661701e-02
  2.000000e-02  -0.000000e+00   2.512967e+03   9.998779e-01   9.998779e-01   1.661682e-02
  2.000000e-02  -0.000000e+00   2.510514e+03   9.989020e-01   9.989020e-01   1.661682e-02
  2.000000e-02  -0.000000e+00   2.505616e+03   9.969529e-01   9.969529e-01   1.661682e-02
  2.000723e-02  -0.000000e+00   2.497384e+03   9.940364e-01   9.940364e-01   1.661682e-02
  2.000000e-02  -0.000000e+00   2.498286e+03   9.940364e-01   9.940364e-01   1.661682e-02
  2.000000e-02  -0.000000e+00   2.505616e+03   9.969529e-01   9.969529e-01   1.661682e-02
  2.000000e-02  -0.000000e+00   2.510514e+03   9.989020e-01   9.989020e-01   1.657798e-02
  2.000000e-02  -0.000000e+00   2.512967e+03   9.998779e-01   9.998779e-01   1.661682e-02
  2.000000e-02  -0.000000e+00   2.512967e+03   9.998779e-01   9.998779e-01   1.661682e-02
  2.000000e-02  -0.000000e+00   2.510514e+03   9.989020e-01   9.989020e-01   1.661698e-02
  2.000000e-02  -0.000000e+00   2.505616e+03   9.969529e-01   9.969529e-01   1.661682e-02
  2.000000e-02  -0.000000e+00   2.498286e+03   9.940364e-01   9.940364e-01   1.661690e-02
  2.000000e-02  -0.000000e+00   2.498286e+03   9.940364e-01   9.940364e-01   1.661682e-02
  2.000000e-02  -0.000000e+00   2.505616e+03   9.969529e-01   9.969529e-01   1.661682e-02
  2.000000e-02  -0.000000e+00   2.510514e+03   9.989020e-01   9.989020e-01   1.661682e-02
  2.000000e-02  -0.000000e+00   2.512967e+03   9.998779e-01   9.998779e-01   1.661682e-02
  2.000000e-02  -0.000000e+00   2.512967e+03   9.998779e-01   9.998779e-01   1.661697e-02
  2.000000e-02  -0.000000e+00   2.510514e+03   9.989020e-01   9.989020e-01   1.661697e-02
  2.000000e-02  -0.000000e+00   2.505616e+03   9.969529e-01   9.969529e-01   1.661682e-02
  2.000000e-02  -0.000000e+00   2.498286e+03   9.940364e-01   9.940364e-01   1.661682e-02
  2.000000e-02  -0.000000e+00   2.498286e+03   9.940364e-01   9.938794e-01   1.112366e-02
  2.000000e-02  -0.000000e+00   2.505616e+03   9.969529e-01   9.969529e-01   1.112373e-02
  2.000000e-02  -0.000000e+00   2.510514e+03   9.989020e-01   9.989020e-01   1.112373e-02
  2.000000e-02  -0.000000e+00   2.512967e+03   9.998779e-01   9.998779e-01   1.112369e-02
  2.000000e-02  -0.000000e+00   2.512967e+03   9.998779e-01   9.998779e-01   1.112366e-02
  2.000000e-02  -0.000000e+00   2.510514e+03   9.989020e-01   9.989809e-01   1.112366e-02
  2.000000e-02  -0.000000e+00   2.505616e+03   9.969529e-01   9.969529e-01   1.112366e-02
  2.000000e-02  -0.000000e+00   2.498286e+03   9.940364e-01   9.938794e-01   1.112366e-02
  2.000000e-02  -0.000000e+00   2.498286e+03   9.940364e-01   9.940364e-01   1.112366e-02
  2.000000e-02  -0.000000e+00   2.505616e+03   9.969529e-01   9.969529e-01   1.112366e-02
  2.000000e-02  -0.000000e+00   2.510514e+03   9.989020e-01   9.989020e-01   1.112366e-02
  2.000000e-02  -0.000000e+00   2.512967e+03   9.998779e-01   9.995419e-01   1.112368e-02
  2.000745e-02  -0.000000e+00   2.512031e+03   9.998779e-01   9.995419e-01   1.112366e-02
  2.000000e-02  -0.000000e+00   2.510514e+03   9.989020e-01   9.989020e-01   1.112366e-02
  2.000000e-02  -0.000000e+00   2.505616e+03   9.969529e-01   9.969529e-01   1.112366e-02
  2.000000e-02  -0.000000e+00   2.498286e+03   9.940364e-01   9.937125e-01   1.112366e-02
  2.000000e-02  -0.000000e+00   2.498286e+03   9.940364e-01   9.940364e-01   1.112366e-02
  2.000000e-02  -0.000000e+00   2.505616e+03   9.969529e-01   9.969529e-01   1.112366e-02
  2.000000e-02  -0.000000e+00   2.510514e+03   9.989020e-01   9.989020e-01   1.112366e-02
  2.000000e-02  -0.000000e+00   2.512967e+03   9.998779e-01   9.998779e-01   1.112366e-02
  2.000000e-02  -0.000000e+00   2.512967e+03   9.998779e-01   9.998779e-01   1.112366e-02
  2.000000e-02  -0.000000e+00   2.510514e+03   9.989020e-01   9.989020e-01   1.105610e-02
  2.000000e-02  -0.000000e+00   2.505616e+03   9.969529e-01   9.969529e-01   1.112366e-02
  2.000000e-02  -0.000000e+00   2.498286e+03   9.940364e-01   9.940364e-01   1.112366e-02
  2.000000e-02  -0.000000e+00   2.498286e+03   9.940364e-01   9.940364e-01   1.112366e-02
  2.000000e-02  -0.000000e+00   2.505616e+03   9.969529e-01   9.969529e-01   1.112366e-02
  2.000000e-02  -0.000000e+00   2.510514e+03   9.989020e-01   9.989020e-01   1.112366e-02
  2.000000e-02  -0.000000e+00   2.512967e+03   9.998779e-01   9.998779e-01   1.112366e-02
  2.000000e-02  -0.000000e+00   2.512967e+03   9.998779e-01   9.998779e-01   1.112366e-02
  2.000000e-02  -0.000000e+00   2.510514e+03   9.989020e-01   9.989020e-01   1.112366e-02
  2.000000e-02  -0.000000e+00   2.505616e+03   9.969529e-01   9.969529e-01   1.112366e-02
  2.000000e-02  -0.000000e+00   2.498286e+03   9.940364e-01   9.940364e-01   1.112366e-02
  2.000000e-02  -0.000000e+00   2.498286e+03   9.940364e-01   9.940364e-01   1.112366e-02
  2.000000e-02  -0.000000e+00   2.505616e+03   9.969529e-01   9.969529e-01   1.112366e-02
  2.000000e-02  -0.000000e+00   2.510514e+03   9.989020e-01   9.989020e-01   1.112366e-02
  2.000000e-02  -0.000000e+00   2.512967e+03   9.998779e-01   9.998779e-01   1.112366e-02
  2.000000e-02  -0.000000e+00   2.512967e+03   9.998779e-01   9.994735e-01   1.112366e-02
  2.000000e-02  -0.000000e+00   2.510514e+03   9.989020e-01   9.989020e-01   1.112366e-02
  2.000000e-02  -0.000000e+00   2.505616e+03   9.969529e-01   9.969529e-01   1.112366e-02
  2.000000e-02  -0.000000e+00   2.498286e+03   9.940364e-01   9.940364e-01   1.112366e-02
  2.000000e-02  -0.000000e+00   2.498286e+03   9.940364e-01   9.940364e-01   1.112366e-02
  2.000000e-02  -0.000000e+00   2.505616e+03   9.969529e-01   9.969529e-01   1.112366e-02
  2.000000e-02  -0.000000e+00   2.510514e+03   9.989020e-01   9.989020e-01   1.112367e-02
  2.000000e-02  -0.000000e+00   2.512967e+03   9.998779e-01   9.998779e-01   1.112366e-02
  1.999046e-02  -0.000000e+00   2.514166e+03   9.998779e-01   9.998779e-01   1.112367e-02
  2.000000e-02  -0.000000e+00   2.510514e+03   9.989020e-01   9.991103e-01   1.112366e-02
  2.000000e-02  -0.000000e+00   2.505616e+03   9.969529e-01   9.969529e-01   1.112366e-02
  2.000000e-02  -0.000000e+00   2.498286e+03   9.940364e-01   9.940364e-01   1.112368e-02
  2.000000e-02  -0.000000e+00   2.498286e+03   9.940364e-01   9.940364e-01   1.112366e-02
  2.000000e-02  -0.000000e+00   2.505616e+03   9.969529e-01   9.969529e-01   1.112366e-02
  2.000000e-02  -0.000000e+00   2.510514e+03   9.989020e-01   9.989020e-01   1.112366e-02
  2.000000e-02  -0.000000e+00   2.512967e+03   9.998779e-01   9.998779e-01   1.112366e-02
  2.000000e-02  -0.000000e+00   2.512967e+03   9.998779e-01   9.998779e-01   1.112366e-02
  2.000000e-02  -0.000000e+00   2.510514e+03   9.989020e-01   9.989020e-01   1.112366e-02
  2.000000e-02  -0.000000e+00   2.505616e+03   9.969529e-01   9.969529e-01   1.112366e-02
  2.000000e-02  -0.000000e+00   2.498286e+03   9.940364e-01   9.937125e-01   1.112368e-02
  2.000000e-02  -0.000000e+00   2.498286e+03   9.940364e-01   9.940364e-01   1.112366e-02
  2.000000e-02  -0.000000e+00   2.505616e+03   9.969529e-01   9.965853e-01   1.112371e-02
  2.000925e-02  -0.000000e+00   2.509354e+03   9.989020e-01   9.989020e-01   1.112366e-02
  2.000000e-02  -0.000000e+00   2.512967e+03   9.998779e-01   9.998779e-01   1.112366e-02
  2.000000e-02  -0.000000e+00   2.512967e+03   9.998779e-01   9.998779e-01   1.112366e-02
  2.000000e-02  -0.000000e+00   2.510514e+03   9.989020e-01   9.989020e-01   1.112366e-02
  2.000000e-02  -0.000000e+00   2.505616e+03   9.969529e-01   9.969529e-01   1.112366e-02
  1.999278e-02  -0.000000e+00   2.499189e+03   9.940364e-01   9.940364e-01   1.112366e-02
  1.999278e-02  -0.000000e+00   2.499189e+03   9.940364e-01   9.940364e-01   1.118543e-02
  2.000000e-02  -0.000000e+00   2.505616e+03   9.969529e-01   9.969529e-01   1.112376e-02
  2.000000e-02  -0.000000e+00   2.510514e+03   9.989020e-01   9.989020e-01   1.104486e-02
  2.000000e-02  -0.000000e+00   2.512967e+03   9.998779e-01   9.998779e-01   1.112366e-02
  2.000000e-02  -0.000000e+00   2.512967e+03   9.998779e-01   9.998779e-01   1.112366e-02
  2.000000e-02  -0.000000e+00   2.510514e+03   9.989020e-01   9.993186e-01   1.112366e-02
  2.000818e-02  -0.000000e+00   2.504592e+03   9.969529e-01   9.969529e-01   1.112366e-02
  2.000000e-02  -0.000000e+00   2.498286e+03   9.940364e-01   9.943603e-01   1.112366e-02
  2.000000e-02  -0.000000e+00   2.498286e+03   9.940364e-01   9.940364e-01   1.106216e-02
  2.000000e-02  -0.000000e+00   2.505616e+03   9.969529e-01   9.969529e-01   1.112366e-02
  2.000000e-02  -0.000000e+00   2.510514e+03   9.989020e-01   9.989020e-01   1.112366e-02
  2.000000e-02  -0.000000e+00   2.512967e+03   9.998779e-01   9.998779e-01   1.112366e-02
  2.000000e-02  -0.000000e+00   2.512967e+03   9.998779e-01   9.994062e-01   1.112370e-02
  1.999075e-02  -0.000000e+00   2.511676e+03   9.989020e-01   9.989020e-01   1.108428e-02
  2.000000e-02  -0.000000e+00   2.505616e+03   9.969529e-01   9.969529e-01   1.108880e-02
  2.000000e-02  -0.000000e+00   2.498286e+03   9.940364e-01   9.940364e-01   1.112375e-02
  2.000000e-02  -0.000000e+00   2.498286e+03   9.940364e-01   9.940364e-01   1.112366e-02
  2.000000e-02  -0.000000e+00   2.505616e+03   9.969529e-01   9.969529e-01   1.112366e-02
  2.000000e-02  -0.000000e+00   2.510514e+03   9.989020e-01   9.989020e-01   1.112366e-02
  2.000000e-02  -0.000000e+00   2.512967e+03   9.998779e-01   9.998779e-01   1.112366e-02
  2.000000e-02  -0.000000e+00   2.512967e+03   9.998779e-01   9.998779e-01   1.112368e-02
  2.000000e-02  -0.000000e+00   2.510514e+03   9.989020e-01   9.989020e-01   1.112366e-02
  2.000000e-02  -0.000000e+00   2.505616e+03   9.969529e-01   9.969529e-01   1.112366e-02
  2.000000e-02  -0.000000e+00   2.498286e+03   9.940364e-01   9.940364e-01   1.112366e-02
  2.000000e-02  -0.000000e+00   2.498286e+03   9.940364e-01   9.940364e-01   1.112366e-02
  2.000000e-02  -0.000000e+00   2.505616e+03   9.969529e-01   9.965853e-01   1.112366e-02
  2.000000e-02  -0.000000e+00   2.510514e+03   9.989020e-01   9.991103e-01   1.112366e-02
  2.000000e-02  -0.000000e+00   2.512967e+03   9.998779e-01   9.998779e-01   1.112366e-02
  2.000000e-02  -0.000000e+00   2.512967e+03   9.998779e-01   9.998779e-01   1.112366e-02
  2.000000e-02  -0.000000e+00   2.510514e+03   9.989020e-01   9.989020e-01   1.112366e-02
  2.000000e-02  -0.000000e+00   2.505616e+03   9.969529e-01   9.969529e-01   1.112366e-02
  2.000000e-02  -0.000000e+00   2.498286e+03   9.940364e-01   9.940364e-01   1.112366e-02
  2.000000e-02  -0.000000e+00   2.498286e+03   9.940364e-01   9.940364e-01   1.112370e-02
  2.000000e-02  -0.000000e+00   2.505616e+03   9.969529e-01   9.969529e-01   1.112366e-02
  2.000000e-02  -0.000000e+00   2.510514e+03   9.989020e-01   9.989020e-01   1.112379e-02
  2.000000e-02  -0.000000e+00   2.512967e+03   9.998779e-01   9.998779e-01   1.112366e-02
  2.000000e-02  -0.000000e+00   2.512967e+03   9.998779e-01   9.998779e-01   1.112366e-02
  2.000000e-02  -0.000000e+00   2.510514e+03   9.989020e-01   9.989020e-01   1.112366e-02
  2.000000e-02  -0.000000e+00   2.505616e+03   9.969529e-01   9.969529e-01   1.112367e-02
  2.000000e-02  -0.000000e+00   2.498286e+03   9.940364e-01   9.940364e-01   1.112366e-02
  2.000000e-02  -0.000000e+00   2.498286e+03   9.940364e-01   9.940364e-01   1.112366e-02
  2.000000e-02  -0.000000e+00   2.505616e+03   9.969529e-01   9.969529e-01   1.119354e-02
  2.000000e-02  -0.000000e+00   2.510514e+03   9.989020e-01   9.989020e-01   1.112366e-02
  2.000000e-02  -0.000000e+00   2.512967e+03   9.998779e-01   9.998779e-01   1.112374e-02
  2.000000e-02  -0.000000e+00   2.512967e+03   9.998779e-01   9.998779e-01   1.112366e-02
  2.000000e-02  -0.000000e+00   2.510514e+03   9.989020e-01   9.989020e-01   1.112366e-02
  2.000000e-02  -0.000000e+00   2.505616e+03   9.969529e-01   9.969529e-01   1.112366e-02
  2.000000e-02  -0.000000e+00   2.498286e+03   9.940364e-01   9.940364e-01   1.112366e-02
  2.000000e-02  -0.000000e+00   2.498286e+03   9.940364e-01   9.940364e-01   1.112374e-02
  2.000000e-02  -0.000000e+00   2.505616e+03   9.969529e-01   9.969529e-01   1.119354e-02
  2.000000e-02  -0.000000e+00   2.510514e+03   9.989020e-01   9.989020e-01   1.112366e-02
  2.000000e-02  -0.000000e+00   2.512967e+03   9.998779e-01   9.998779e-01   1.112366e-02
  2.002093e-02  -0.000000e+00   2.510340e+03   9.998779e-01   9.998779e-01   1.112366e-02
  2.000000e-02  -0.000000e+00   2.510514e+03   9.989020e-01   9.989020e-01   1.112366e-02
  2.000000e-02  -0.000000e+00   2.505616e+03   9.969529e-01   9.969529e-01   1.112366e-02
  2.000000e-02  -0.000000e+00   2.498286e+03   9.940364e-01   9.940364e-01   1.112370e-02
  2.000000e-02  -0.000000e+00   2.498286e+03   9.940364e-01   9.940364e-01   1.112366e-02
  2.000000e-02  -0.000000e+00   2.505616e+03   9.969529e-01   9.969529e-01   1.112376e-02
  2.000000e-02  -0.000000e+00   2.510514e+03   9.989020e-01   9.989020e-01   1.112366e-02
  2.000000e-02  -0.000000e+00   2.512967e+03   9.998779e-01   9.999959e-01   1.112370e-02
  2.000000e-02  -0.000000e+00   2.512967e+03   9.998779e-01   9.998779e-01   1.112366e-02
  2.000925e-02  -0.000000e+00   2.509354e+03   9.989020e-01   9.989020e-01   1.112366e-02
  2.000000e-02  -0.000000e+00   2.505616e+03   9.969529e-01   9.968610e-01   1.112366e-02
  2.000000e-02  -0.000000e+00   2.498286e+03   9.940364e-01   9.940364e-01   1.112368e-02
  2.000000e-02  -0.000000e+00   2.498286e+03   9.940364e-01   9.940364e-01   1.112366e-02
  2.000000e-02  -0.000000e+00   2.505616e+03   9.969529e-01   9.969529e-01   1.112366e-02
  2.000000e-02  -0.000000e+00   2.510514e+03   9.989020e-01   9.989020e-01   1.112366e-02
  2.000000e-02  -0.000000e+00   2.512967e+03   9.998779e-01   9.998779e-01   1.112366e-02
  2.000000e-02  -0.000000e+00   2.512967e+03   9.998779e-01   9.998779e-01   1.112366e-02
  1.999075e-02  -0.000000e+00   2.511676e+03   9.989020e-01   9.989020e-01   1.112366e-02
  1.999183e-02  -0.000000e+00   2.506640e+03   9.969529e-01   9.969529e-01   1.112371e-02
  2.000000e-02  -0.000000e+00   2.498286e+03   9.940364e-01   9.941174e-01   1.112372e-02
  2.000000e-02  -0.000000e+00   2.498286e+03   9.940364e-01   9.940364e-01   1.112366e-02
  2.000000e-02  -0.000000e+00   2.505616e+03   9.969529e-01   9.969529e-01   1.112366e-02
  2.000000e-02  -0.000000e+00   2.510514e+03   9.989020e-01   9.989020e-01   1.120274e-02
  2.000000e-02  -0.000000e+00   2.512967e+03   9.998779e-01   9.998779e-01   1.103455e-02
  2.000000e-02  -0.000000e+00   2.512967e+03   9.998779e-01   9.998779e-01   1.112366e-02
  2.000000e-02  -0.000000e+00   2.510514e+03   9.989020e-01   9.989020e-01   1.108422e-02
  2.000000e-02  -0.000000e+00   2.505616e+03   9.969529e-01   9.969529e-01   1.108880e-02
  2.000000e-02  -0.000000e+00   2.498286e+03   9.940364e-01   9.940364e-01   1.112366e-02
  2.000000e-02  -0.000000e+00   2.498286e+03   9.940364e-01   9.940364e-01   1.112366e-02
  2.000000e-02  -0.000000e+00   2.505616e+03   9.969529e-01   9.969529e-01   1.105399e-02
  2.000000e-02  -0.000000e+00   2.510514e+03   9.989020e-01   9.989020e-01   1.112366e-02
  2.000000e-02  -0.000000e+00   2.512967e+03   9.998779e-01   9.998779e-01   1.112366e-02
  2.000000e-02  -0.000000e+00   2.512967e+03   9.998779e-01   9.998779e-01   1.112367e-02
  2.000000e-02  -0.000000e+00   2.510514e+03   9.989020e-01   9.989020e-01   1.112366e-02
  2.000000e-02  -0.000000e+00   2.505616e+03   9.969529e-01   9.969529e-01   1.112366e-02
  2.000000e-02  -0.000000e+00   2.498286e+03   9.940364e-01   9.940364e-01   1.112366e-02
  2.000000e-02  -0.000000e+00   2.498286e+03   9.940364e-01   9.940364e-01   1.112366e-02
  2.000000e-02  -0.000000e+00   2.505616e+03   9.969529e-01   9.969529e-01   1.112366e-02
  2.000000e-02  -0.000000e+00   2.510514e+03   9.989020e-01   9.989020e-01   1.112369e-02
  2.000000e-02  -0.000000e+00   2.512967e+03   9.998779e-01   9.998779e-01   1.112366e-02
  2.000000e-02  -0.000000e+00   2.512967e+03   9.998779e-01   9.998779e-01   1.112366e-02
  2.000000e-02  -0.000000e+00   2.510514e+03   9.989020e-01   9.989020e-01   1.112366e-02
  2.000000e-02  -0.000000e+00   2.505616e+03   9.969529e-01   9.969529e-01   1.112366e-02
  2.000000e-02  -0.000000e+00   2.498286e+03   9.940364e-01   9.940364e-01   1.112366e-02
  2.000000e-02  -0.000000e+00   2.498286e+03   9.940364e-01   9.940364e-01   1.112366e-02
  2.000000e-02  -0.000000e+00   2.505616e+03   9.969529e-01   9.969529e-01   1.112366e-02
  2.000000e-02  -0.000000e+00   2.510514e+03   9.989020e-01   9.989020e-01   1.112379e-02
  2.000000e-02  -0.000000e+00   2.512967e+03   9.998779e-01   9.998779e-01   1.112370e-02
  2.000000e-02  -0.000000e+00   2.512967e+03   9.998779e-01   9.998779e-01   1.112366e-02
  2.000000e-02  -0.000000e+00   2.510514e+03   9.989020e-01   9.989020e-01   1.112366e-02
  2.000000e-02  -0.000000e+00   2.505616e+03   9.969529e-01   9.969529e-01   1.112366e-02
  1.999278e-02  -0.000000e+00   2.499189e+03   9.940364e-01   9.940364e-01   1.112368e-02
  2.000000e-02  -0.000000e+00   2.498286e+03   9.940364e-01   9.940364e-01   1.112366e-02
  2.000000e-02  -0.000000e+00   2.505616e+03   9.969529e-01   9.965853e-01   1.112366e-02
  2.000000e-02  -0.000000e+00   2.510514e+03   9.989020e-01   9.989020e-01   1.112366e-02
  2.000000e-02  -0.000000e+00   2.512967e+03   9.998779e-01   9.998779e-01   1.112366e-02
  2.000000e-02  -0.000000e+00   2.512967e+03   9.998779e-01   1.000350e+00   1.112366e-02
  2.000000e-02  -0.000000e+00   2.510514e+03   9.989020e-01   9.989020e-01   1.112394e-02
  2.000000e-02  -0.000000e+00   2.505616e+03   9.969529e-01   9.973205e-01   1.112366e-02
  2.000000e-02  -0.000000e+00   2.498286e+03   9.940364e-01   9.940364e-01   1.112366e-02
  2.000000e-02  -0.000000e+00   2.498286e+03   9.940364e-01   9.940364e-01   1.112366e-02
  2.000000e-02  -0.000000e+00   2.505616e+03   9.969529e-01   9.969529e-01   1.112366e-02
  2.000925e-02  -0.000000e+00   2.509354e+03   9.989020e-01   9.989020e-01   1.112379e-02
  2.000000e-02  -0.000000e+00   2.512967e+03   9.998779e-01   9.998779e-01   1.112398e-02
  2.000000e-02  -0.000000e+00   2.512967e+03   9.998779e-01   9.998779e-01   1.112366e-02
  2.000000e-02  -0.000000e+00   2.510514e+03   9.989020e-01   9.989020e-01   1.112366e-02
  2.000818e-02  -0.000000e+00   2.504592e+03   9.969529e-01   9.969529e-01   1.112366e-02
  2.000000e-02  -0.000000e+00   2.498286e+03   9.940364e-01   9.940364e-01   1.112366e-02
  1.998555e-02  -0.000000e+00   2.500092e+03   9.940364e-01   9.940364e-01   1.112366e-02
  2.000000e-02  -0.000000e+00   2.505616e+03   9.969529e-01   9.969529e-01   1.112366e-02
  2.000000e-02  -0.000000e+00   2.510514e+03   9.989020e-01   9.989020e-01   1.112366e-02
  2.000000e-02  -0.000000e+00   2.512967e+03   9.998779e-01   9.998779e-01   1.112398e-02
  2.000000e-02  -0.000000e+00   2.512967e+03   9.998779e-01   9.998779e-01   1.112366e-02
  2.000000e-02  -0.000000e+00   2.510514e+03   9.989020e-01   9.989020e-01   1.112366e-02
  2.000000e-02  -0.000000e+00   2.505616e+03   9.969529e-01   9.969529e-01   1.112385e-02
  1.998555e-02  -0.000000e+00   2.500092e+03   9.940364e-01   9.940364e-01   1.115451e-02
  2.000000e-02  -0.000000e+00   2.498286e+03   9.940364e-01   9.940364e-01   1.112389e-02
  2.000000e-02  -0.000000e+00   2.505616e+03   9.969529e-01   9.971367e-01   1.112366e-02
  2.000000e-02  -0.000000e+00   2.510514e+03   9.989020e-01   9.989020e-01   1.112366e-02
  2.000000e-02  -0.000000e+00   2.512967e+03   9.998779e-01   9.998779e-01   1.112366e-02
  2.000000e-02  -0.000000e+00   2.512967e+03   9.998779e-01   9.998779e-01   1.112366e-02
  2.000000e-02  -0.000000e+00   2.510514e+03   9.989020e-01   9.989020e-01   1.112366e-02
  2.000000e-02  -0.000000e+00   2.505616e+03   9.969529e-01   9.969529e-01   1.112366e-02
  2.000000e-02  -0.000000e+00   2.498286e+03   9.940364e-01   9.940364e-01   1.112366e-02
  2.000000e-02  -0.000000e+00   2.498286e+03   9.940364e-01   9.940364e-01   1.112366e-02
  2.000000e-02  -0.000000e+00   2.505616e+03   9.969529e-01   9.969529e-01   1.112366e-02
  2.000000e-02  -0.000000e+00   2.510514e+03   9.989020e-01   9.989020e-01   1.112366e-02
  2.000000e-02  -0.000000e+00   2.512967e+03   9.998779e-01   9.998779e-01   1.112366e-02
  2.000000e-02  -0.000000e+00   2.512967e+03   9.998779e-01   9.998779e-01   1.112366e-02
  2.000000e-02  -0.000000e+00   2.510514e+03   9.989020e-01   9.989020e-01   1.112369e-02
  2.000000e-02  -0.000000e+00   2.505616e+03   9.969529e-01   9.969529e-01   1.112366e-02
  2.000723e-02  -0.000000e+00   2.497384e+03   9.940364e-01   9.940364e-01   1.109285e-02
  2.000000e-02  -0.000000e+00   2.498286e+03   9.940364e-01   9.940364e-01   1.106208e-02
  2.000000e-02  -0.000000e+00   2.505616e+03   9.969529e-01   9.969529e-01   1.112366e-02
  2.000000e-02  -0.000000e+00   2.510514e+03   9.989020e-01   9.989020e-01   1.112372e-02
  2.000000e-02  -0.000000e+00   2.512967e+03   9.998779e-01   9.998779e-01   1.104239e-02
  2.000000e-02  -0.000000e+00   2.512967e+03   9.998779e-01   1.000308e+00   1.112366e-02
  2.000000e-02  -0.000000e+00   2.510514e+03   9.989020e-01   9.989020e-01   1.112366e-02
  2.000000e-02  -0.000000e+00   2.505616e+03   9.969529e-01   9.969529e-01   1.115857e-02
  2.000000e-02  -0.000000e+00   2.498286e+03   9.940364e-01   9.940364e-01   1.112366e-02
  2.000000e-02  -0.000000e+00   2.498286e+03   9.940364e-01   9.941174e-01   1.112366e-02
  2.000000e-02  -0.000000e+00   2.505616e+03   9.969529e-01   9.969529e-01   1.112366e-02
  2.000000e-02  -0.000000e+00   2.510514e+03   9.989020e-01   9.989020e-01   1.112366e-02
  2.000000e-02  -0.000000e+00   2.512967e+03   9.998779e-01   9.998779e-01   1.112366e-02
  2.000000e-02  -0.000000e+00   2.512967e+03   9.998779e-01   9.998779e-01   1.112366e-02
  2.000000e-02  -0.000000e+00   2.510514e+03   9.989020e-01   9.988010e-01   1.112366e-02
  2.000000e-02  -0.000000e+00   2.505616e+03   9.969529e-01   9.969529e-01   1.112366e-02
  2.000000e-02  -0.000000e+00   2.498286e+03   9.940364e-01   9.940364e-01   1.112366e-02
  2.000000e-02  -0.000000e+00   2.498286e+03   9.940364e-01   9.940364e-01   1.112366e-02
  2.000818e-02  -0.000000e+00   2.504592e+03   9.969529e-01   9.969529e-01   1.112366e-02
  1.999157e-02  -0.000000e+00   2.511573e+03   9.989020e-01   9.989495e-01   1.112377e-02
  2.000000e-02  -0.000000e+00   2.512967e+03   9.998779e-01   9.998779e-01   1.112366e-02
  2.000000e-02  -0.000000e+00   2.512967e+03   9.998779e-01   9.998779e-01   1.112366e-02
  2.000000e-02  -0.000000e+00   2.510514e+03   9.989020e-01   9.989020e-01   1.112368e-02
  2.000000e-02  -0.000000e+00   2.505616e+03   9.969529e-01   9.969529e-01   1.112366e-02
  2.000000e-02  -0.000000e+00   2.498286e+03   9.940364e-01   9.940162e-01   1.112366e-02
  2.000000e-02  -0.000000e+00   2.498286e+03   9.940364e-01   9.940364e-01   1.112374e-02
  2.000000e-02  -0.000000e+00   2.505616e+03   9.969529e-01   9.969529e-01   1.112366e-02
  2.000000e-02  -0.000000e+00   2.510514e+03   9.989020e-01   9.989020e-01   1.112366e-02
  2.000000e-02  -0.000000e+00   2.512967e+03   9.998779e-01   9.998779e-01   1.112366e-02
  2.000000e-02  -0.000000e+00   2.512967e+03   9.998779e-01   9.998779e-01   1.112366e-02
  2.000000e-02  -0.000000e+00   2.510514e+03   9.989020e-01   9.989020e-01   1.112368e-02
  2.000000e-02  -0.000000e+00   2.505616e+03   9.969529e-01   9.969529e-01   1.112366e-02
  2.000000e-02  -0.000000e+00   2.498286e+03   9.940364e-01   9.940364e-01   1.112366e-02
  2.000000e-02  -0.000000e+00   2.498286e+03   9.940364e-01   9.940364e-01   1.112374e-02
  2.000000e-02  -0.000000e+00   2.505616e+03   9.969529e-01   9.971204e-01   1.112366e-02
  2.000000e-02  -0.000000e+00   2.510514e+03   9.989020e-01   9.989020e-01   1.112366e-02
  2.000000e-02  -0.000000e+00   2.512967e+03   9.998779e-01   9.998779e-01   1.112366e-02
  2.000000e-02  -0.000000e+00   2.512967e+03   9.998779e-01   9.998779e-01   1.112366e-02
  2.000000e-02  -0.000000e+00   2.510514e+03   9.989020e-01   9.989020e-01   1.115548e-02
  2.000000e-02  -0.000000e+00   2.505616e+03   9.969529e-01   9.969529e-01   1.112366e-02
  2.000000e-02  -0.000000e+00   2.498286e+03   9.940364e-01   9.940364e-01   1.112366e-02
  2.000000e-02  -0.000000e+00   2.498286e+03   9.940364e-01   9.940364e-01   1.112373e-02
  2.000000e-02  -0.000000e+00   2.505616e+03   9.969529e-01   9.969529e-01   1.112373e-02
  2.000000e-02  -0.000000e+00   2.510514e+03   9.989020e-01   9.989020e-01   1.112366e-02
  2.000000e-02  -0.000000e+00   2.512967e+03   9.998779e-01   9.998779e-01   1.112368e-02
  2.000000e-02  -0.000000e+00   2.512967e+03   9.998779e-01   9.998779e-01   1.112366e-02
  2.000000e-02  -0.000000e+00   2.510514e+03   9.989020e-01   9.989020e-01   1.112366e-02
  2.000000e-02  -0.000000e+00   2.505616e+03   9.969529e-01   9.969529e-01   1.112366e-02
  2.000000e-02  -0.000000e+00   2.498286e+03   9.940364e-01   9.940364e-01   1.112366e-02
  2.000000e-02  -0.000000e+00   2.498286e+03   9.940364e-01   9.941934e-01   6.729126e-03
  2.000000e-02  -0.000000e+00   2.505616e+03   9.969529e-01   9.969529e-01   6.729201e-03
  2.000000e-02  -0.000000e+00   2.510514e+03   9.989020e-01   9.989020e-01   6.729126e-03
  2.000000e-02  -0.000000e+00   2.512967e+03   9.998779e-01   9.998779e-01   6.729126e-03
  2.000000e-02  -0.000000e+00   2.512967e+03   9.998779e-01   9.998779e-01   6.729126e-03
  2.000000e-02  -0.000000e+00   2.510514e+03   9.989020e-01   9.989020e-01   6.729126e-03
  2.000000e-02  -0.000000e+00   2.505616e+03   9.969529e-01   9.969529e-01   6.729126e-03
  2.000000e-02  -0.000000e+00   2.498286e+03   9.940364e-01   9.941934e-01   6.752397e-03
  2.000000e-02  -0.000000e+00   2.498286e+03   9.940364e-01   9.940364e-01   6.777212e-03
  2.000000e-02  -0.000000e+00   2.505616e+03   9.969529e-01   9.972879e-01   6.778685e-03
  2.000000e-02  -0.000000e+00   2.510514e+03   9.989020e-01   9.989020e-01   6.729126e-03
  2.000000e-02  -0.000000e+00   2.512967e+03   9.998779e-01   9.998779e-01   6.679749e-03
  2.000000e-02  -0.000000e+00   2.512967e+03   9.998779e-01   9.998779e-01   6.729126e-03
  2.000000e-02  -0.000000e+00   2.510514e+03   9.989020e-01   9.989020e-01   6.729126e-03
  2.000000e-02  -0.000000e+00   2.505616e+03   9.969529e-01   9.969529e-01   6.729126e-03
  2.000000e-02  -0.000000e+00   2.498286e+03   9.940364e-01   9.940364e-01   6.729126e-03
  2.000000e-02  -0.000000e+00   2.498286e+03   9.940364e-01   9.943603e-01   6.729126e-03
  2.000000e-02  -0.000000e+00   2.505616e+03   9.969529e-01   9.969529e-01   6.729126e-03
  2.000000e-02  -0.000000e+00   2.510514e+03   9.989020e-01   9.989020e-01   6.729126e-03
  2.000000e-02  -0.000000e+00   2.512967e+03   9.998779e-01   9.998779e-01   6.729126e-03
  2.000000e-02  -0.000000e+00   2.512967e+03   9.998779e-01   9.998779e-01   6.729126e-03
  2.000000e-02  -0.000000e+00   2.510514e+03   9.989020e-01   9.992591e-01   6.729126e-03
  2.000000e-02  -0.000000e+00   2.505616e+03   9.969529e-01   9.969529e-01   6.729126e-03
  2.000000e-02  -0.000000e+00   2.498286e+03   9.940364e-01   9.940364e-01   6.729126e-03
  2.000000e-02  -0.000000e+00   2.498286e+03   9.940364e-01   9.940364e-01   6.729126e-03
  2.000000e-02  -0.000000e+00   2.505616e+03   9.969529e-01   9.969529e-01   6.729126e-03
  2.000000e-02  -0.000000e+00   2.510514e+03   9.989020e-01   9.989020e-01   6.729126e-03
  2.000000e-02  -0.000000e+00   2.512967e+03   9.998779e-01   9.998779e-01   6.729126e-03
  2.000000e-02  -0.000000e+00   2.512967e+03   9.998779e-01   9.998779e-01   6.729126e-03
  2.000000e-02  -0.000000e+00   2.510514e+03   9.989020e-01   9.989020e-01   6.729126e-03
  2.000000e-02  -0.000000e+00   2.505616e+03   9.969529e-01   9.969529e-01   6.729126e-03
  2.000000e-02  -0.000000e+00   2.498286e+03   9.940364e-01   9.940364e-01   6.729126e-03
  2.000000e-02  -0.000000e+00   2.498286e+03   9.940364e-01   9.937125e-01   6.729126e-03
  2.000000e-02  -0.000000e+00   2.505616e+03   9.969529e-01   9.969529e-01   6.729126e-03
  2.000000e-02  -0.000000e+00   2.510514e+03   9.989020e-01   9.989020e-01   6.729126e-03
  2.000000e-02  -0.000000e+00   2.512967e+03   9.998779e-01   9.998779e-01   6.729126e-03
  2.000000e-02  -0.000000e+00   2.512967e+03   9.998779e-01   9.998779e-01   6.729141e-03
  2.000000e-02  -0.000000e+00   2.510514e+03   9.989020e-01   9.989020e-01   6.729126e-03
  2.000000e-02  -0.000000e+00   2.505616e+03   9.969529e-01   9.969529e-01   6.729126e-03
  2.000000e-02  -0.000000e+00   2.498286e+03   9.940364e-01   9.940364e-01   6.729128e-03
  2.000000e-02  -0.000000e+00   2.498286e+03   9.940364e-01   9.940364e-01   6.729126e-03
  2.000000e-02  -0.000000e+00   2.505616e+03   9.969529e-01   9.969529e-01   6.729126e-03
  2.000000e-02  -0.000000e+00   2.510514e+03   9.989020e-01   9.989020e-01   6.729142e-03
  2.000000e-02  -0.000000e+00   2.512967e+03   9.998779e-01   9.998779e-01   6.729126e-03
  2.000000e-02  -0.000000e+00   2.512967e+03   9.998779e-01   9.998779e-01   6.729126e-03
  2.000000e-02  -0.000000e+00   2.510514e+03   9.989020e-01   9.989020e-01   6.729126e-03
  2.000000e-02  -0.000000e+00   2.505616e+03   9.969529e-01   9.969529e-01   6.729126e-03
  2.000000e-02  -0.000000e+00   2.498286e+03   9.940364e-01   9.940364e-01   6.729126e-03
  2.000000e-02  -0.000000e+00   2.498286e+03   9.940364e-01   9.940364e-01   6.729126e-03
  2.000000e-02  -0.000000e+00   2.505616e+03   9.969529e-01   9.973205e-01   6.621020e-03
  2.000000e-02  -0.000000e+00   2.510514e+03   9.989020e-01   9.989020e-01   6.729126e-03
  2.000000e-02  -0.000000e+00   2.512967e+03   9.998779e-01   9.998779e-01   6.729126e-03
  2.000000e-02  -0.000000e+00   2.512967e+03   9.998779e-01   9.998779e-01   6.729126e-03
  2.000000e-02  -0.000000e+00   2.510514e+03   9.989020e-01   9.989020e-01   6.729126e-03
  2.000000e-02  -0.000000e+00   2.505616e+03   9.969529e-01   9.969529e-01   6.729126e-03
  2.000000e-02  -0.000000e+00   2.498286e+03   9.940364e-01   9.940364e-01   6.729126e-03
  2.000000e-02  -0.000000e+00   2.498286e+03   9.940364e-01   9.940364e-01   6.729126e-03
  2.000000e-02  -0.000000e+00   2.505616e+03   9.969529e-01   9.969529e-01   6.729126e-03
  2.000000e-02  -0.000000e+00   2.510514e+03   9.989020e-01   9.989020e-01   6.729126e-03
  2.000000e-02  -0.000000e+00   2.512967e+03   9.998779e-01   9.998779e-01   6.798754e-03
  2.000000e-02  -0.000000e+00   2.512967e+03   9.998779e-01   9.998779e-01   6.729206e-03
  2.000000e-02  -0.000000e+00   2.510514e+03   9.989020e-01   9.984853e-01   6.729126e-03
  2.000000e-02  -0.000000e+00   2.505616e+03   9.969529e-01   9.969529e-01   6.729126e-03
  2.000000e-02  -0.000000e+00   2.498286e+03   9.940364e-01   9.940364e-01   6.729126e-03
  2.000000e-02  -0.000000e+00   2.498286e+03   9.940364e-01   9.940364e-01   6.729126e-03
  2.000000e-02  -0.000000e+00   2.505616e+03   9.969529e-01   9.969529e-01   6.729126e-03
  2.000000e-02  -0.000000e+00   2.510514e+03   9.989020e-01   9.989020e-01   6.667866e-03
  2.000000e-02  -0.000000e+00   2.512967e+03   9.998779e-01   9.998779e-01   6.729126e-03
  2.000000e-02  -0.000000e+00   2.512967e+03   9.998779e-01   9.998779e-01   6.729126e-03
  2.000000e-02  -0.000000e+00   2.510514e+03   9.989020e-01   9.989020e-01   6.729126e-03
  2.000000e-02  -0.000000e+00   2.505616e+03   9.969529e-01   9.969529e-01   6.702017e-03
  2.000000e-02  -0.000000e+00   2.498286e+03   9.940364e-01   9.940364e-01   6.729126e-03
  2.000000e-02  -0.000000e+00   2.498286e+03   9.940364e-01   9.937125e-01   6.729164e-03
  2.000000e-02  -0.000000e+00   2.505616e+03   9.969529e-01   9.973205e-01   6.729126e-03
  2.000000e-02  -0.000000e+00   2.510514e+03   9.989020e-01   9.989020e-01   6.729142e-03
  2.000000e-02  -0.000000e+00   2.512967e+03   9.998779e-01   9.998779e-01   6.729168e-03
  2.000000e-02  -0.000000e+00   2.512967e+03   9.998779e-01   9.994062e-01   6.729126e-03
  2.000000e-02  -0.000000e+00   2.510514e+03   9.989020e-01   9.989020e-01   6.729189e-03
  2.000000e-02  -0.000000e+00   2.505616e+03   9.969529e-01   9.969529e-01   6.729126e-03
  2.000000e-02  -0.000000e+00   2.498286e+03   9.940364e-01   9.940364e-01   6.729126e-03
  2.000000e-02  -0.000000e+00   2.498286e+03   9.940364e-01   9.940364e-01   6.729126e-03
  2.000000e-02  -0.000000e+00   2.505616e+03   9.969529e-01   9.969529e-01   6.729126e-03
  2.000000e-02  -0.000000e+00   2.510514e+03   9.989020e-01   9.989020e-01   6.729126e-03
  2.000000e-02  -0.000000e+00   2.512967e+03   9.998779e-01   9.996421e-01   6.729126e-03
  2.000000e-02  -0.000000e+00   2.512967e+03   9.998779e-01   9.998779e-01   6.729146e-03
  2.000000e-02  -0.000000e+00   2.510514e+03   9.989020e-01   9.989020e-01   6.729126e-03
  2.000000e-02  -0.000000e+00   2.505616e+03   9.969529e-01   9.969529e-01   6.729126e-03
  2.000000e-02  -0.000000e+00   2.498286e+03   9.940364e-01   9.940364e-01   6.729146e-03
  2.000000e-02  -0.000000e+00   2.498286e+03   9.940364e-01   9.940364e-01   6.729126e-03
  2.000000e-02  -0.000000e+00   2.505616e+03   9.969529e-01   9.969529e-01   6.729126e-03
  2.000000e-02  -0.000000e+00   2.510514e+03   9.989020e-01   9.989020e-01   6.729126e-03
  2.000000e-02  -0.000000e+00   2.512967e+03   9.998779e-01   9.998779e-01   6.729126e-03
  2.001046e-02  -0.000000e+00   2.511653e+03   9.998779e-01   1.000350e+00   6.729146e-03
  2.000000e-02  -0.000000e+00   2.510514e+03   9.989020e-01   9.989020e-01   6.729126e-03
  2.000000e-02  -0.000000e+00   2.505616e+03   9.969529e-01   9.969529e-01   6.729126e-03
  2.000000e-02  -0.000000e+00   2.498286e+03   9.940364e-01   9.940364e-01   6.729126e-03
  2.000000e-02  -0.000000e+00   2.498286e+03   9.940364e-01   9.940364e-01   6.729126e-03
  2.000000e-02  -0.000000e+00   2.505616e+03   9.969529e-01   9.969529e-01   6.729228e-03
  2.000000e-02  -0.000000e+00   2.510514e+03   9.989020e-01   9.989020e-01   6.729142e-03
  2.000000e-02  -0.000000e+00   2.512967e+03   9.998779e-01   9.998779e-01   6.729126e-03
  2.000000e-02  -0.000000e+00   2.512967e+03   9.998779e-01   1.000350e+00   6.729126e-03
  2.000000e-02  -0.000000e+00   2.510514e+03   9.989020e-01   9.989020e-01   6.729126e-03
  2.000409e-02  -0.000000e+00   2.505104e+03   9.969529e-01   9.969529e-01   6.729152e-03
  2.000000e-02  -0.000000e+00   2.498286e+03   9.940364e-01   9.940364e-01   6.729146e-03
  2.000000e-02  -0.000000e+00   2.498286e+03   9.940364e-01   9.940364e-01   6.777174e-03
  2.000000e-02  -0.000000e+00   2.505616e+03   9.969529e-01   9.969529e-01   6.675066e-03
  2.000000e-02  -0.000000e+00   2.510514e+03   9.989020e-01   9.989020e-01   6.729142e-03
  2.000000e-02  -0.000000e+00   2.512967e+03   9.998779e-01   9.998779e-01   6.729126e-03
  2.000000e-02  -0.000000e+00   2.512967e+03   9.998779e-01   9.998779e-01   6.729126e-03
  2.000000e-02  -0.000000e+00   2.510514e+03   9.989020e-01   9.989020e-01   6.729126e-03
  2.000000e-02  -0.000000e+00   2.505616e+03   9.969529e-01   9.969529e-01   6.729126e-03
  2.000000e-02  -0.000000e+00   2.498286e+03   9.940364e-01   9.940364e-01   6.729126e-03
  2.000000e-02  -0.000000e+00   2.498286e+03   9.940364e-01   9.940364e-01   6.729126e-03
  2.000000e-02  -0.000000e+00   2.505616e+03   9.969529e-01   9.969529e-01   6.729126e-03
  2.000000e-02  -0.000000e+00   2.510514e+03   9.989020e-01   9.989020e-01   6.729126e-03
  2.000000e-02  -0.000000e+00   2.512967e+03   9.998779e-01   9.998779e-01   6.729168e-03
  2.000000e-02  -0.000000e+00   2.512967e+03   9.998779e-01   9.998779e-01   6.729206e-03
  2.000000e-02  -0.000000e+00   2.510514e+03   9.989020e-01   9.989020e-01   6.729126e-03
  2.000000e-02  -0.000000e+00   2.505616e+03   9.969529e-01   9.969529e-01   6.729126e-03
  2.000000e-02  -0.000000e+00   2.498286e+03   9.940364e-01   9.940364e-01   6.729126e-03
  2.000000e-02  -0.000000e+00   2.498286e+03   9.940364e-01   9.940364e-01   6.729126e-03
  2.000000e-02  -0.000000e+00   2.505616e+03   9.969529e-01   9.969529e-01   6.729126e-03
  2.000000e-02  -0.000000e+00   2.510514e+03   9.989020e-01   9.989020e-01   6.729189e-03
  2.000000e-02  -0.000000e+00   2.512967e+03   9.998779e-01   9.998779e-01   6.729126e-03
  2.000000e-02  -0.000000e+00   2.512967e+03   9.998779e-01   9.998779e-01   6.729126e-03
  1.999075e-02  -0.000000e+00   2.511676e+03   9.989020e-01   9.989020e-01   6.729126e-03
  2.000000e-02  -0.000000e+00   2.505616e+03   9.969529e-01   9.969529e-01   6.729126e-03
  2.000000e-02  -0.000000e+00   2.498286e+03   9.940364e-01   9.940364e-01   6.729126e-03
  2.000000e-02  -0.000000e+00   2.498286e+03   9.940364e-01   9.940364e-01   6.729126e-03
  2.000000e-02  -0.000000e+00   2.505616e+03   9.969529e-01   9.969529e-01   6.729126e-03
  2.000000e-02  -0.000000e+00   2.510514e+03   9.989020e-01   9.989020e-01   6.790666e-03
  2.000000e-02  -0.000000e+00   2.512967e+03   9.998779e-01   9.998779e-01   6.729168e-03
  2.000000e-02  -0.000000e+00   2.512967e+03   9.998779e-01   1.000114e+00   6.729126e-03
  2.000000e-02  -0.000000e+00   2.510514e+03   9.989020e-01   9.989020e-01   6.729126e-03
  2.000000e-02  -0.000000e+00   2.505616e+03   9.969529e-01   9.969529e-01   6.756338e-03
  2.000000e-02  -0.000000e+00   2.498286e+03   9.940364e-01   9.940364e-01   6.729126e-03
  2.000000e-02  -0.000000e+00   2.498286e+03   9.940364e-01   9.938745e-01   6.729126e-03
  2.000000e-02  -0.000000e+00   2.505616e+03   9.969529e-01   9.967691e-01   6.729126e-03
  2.000000e-02  -0.000000e+00   2.510514e+03   9.989020e-01   9.989020e-01   6.729189e-03
  2.000000e-02  -0.000000e+00   2.512967e+03   9.998779e-01   9.998779e-01   6.729126e-03
  2.000000e-02  -0.000000e+00   2.512967e+03   9.998779e-01   9.998779e-01   6.729126e-03
  2.000000e-02  -0.000000e+00   2.510514e+03   9.989020e-01   9.989020e-01   6.729126e-03
  2.000000e-02  -0.000000e+00   2.505616e+03   9.969529e-01   9.969529e-01   6.729126e-03
  2.000000e-02  -0.000000e+00   2.498286e+03   9.940364e-01   9.940364e-01   6.729126e-03
  2.000000e-02  -0.000000e+00   2.498286e+03   9.940364e-01   9.941984e-01   6.729126e-03
  2.000000e-02  -0.000000e+00   2.505616e+03   9.969529e-01   9.969529e-01   6.729126e-03
  2.000000e-02  -0.000000e+00   2.510514e+03   9.989020e-01   9.989020e-01   6.729126e-03
  2.000000e-02  -0.000000e+00   2.512967e+03   9.998779e-01   9.998779e-01   6.659856e-03
  2.000000e-02  -0.000000e+00   2.512967e+03   9.998779e-01   9.998779e-01   6.729206e-03
  2.000000e-02  -0.000000e+00   2.510514e+03   9.989020e-01   9.989020e-01   6.729197e-03
  2.000000e-02  -0.000000e+00   2.505616e+03   9.969529e-01   9.969529e-01   6.729126e-03
  2.000000e-02  -0.000000e+00   2.498286e+03   9.940364e-01   9.940364e-01   6.777174e-03
  2.000000e-02  -0.000000e+00   2.498286e+03   9.940364e-01   9.940364e-01   6.729126e-03
  2.000000e-02  -0.000000e+00   2.505616e+03   9.969529e-01   9.969529e-01   6.729126e-03
  2.000000e-02  -0.000000e+00   2.510514e+03   9.989020e-01   9.989020e-01   6.729126e-03
  2.000000e-02  -0.000000e+00   2.512967e+03   9.998779e-01   9.998779e-01   6.729126e-03
  2.000000e-02  -0.000000e+00   2.512967e+03   9.998779e-01   9.998779e-01   6.729126e-03
  2.000000e-02  -0.000000e+00   2.510514e+03   9.989020e-01   9.989020e-01   6.729126e-03
  2.000000e-02  -0.000000e+00   2.505616e+03   9.969529e-01   9.969529e-01   6.729128e-03
  2.000000e-02  -0.000000e+00   2.498286e+03   9.940364e-01   9.940364e-01   6.729126e-03
  2.000000e-02  -0.000000e+00   2.498286e+03   9.940364e-01   9.940364e-01   6.729126e-03
  2.000000e-02  -0.000000e+00   2.505616e+03   9.969529e-01   9.969529e-01   6.729126e-03
  2.000000e-02  -0.000000e+00   2.510514e+03   9.989020e-01   9.989020e-01   6.729126e-03
  2.000000e-02  -0.000000e+00   2.512967e+03   9.998779e-01   9.998779e-01   6.729126e-03
  2.000000e-02  -0.000000e+00   2.512967e+03   9.998779e-01   9.998779e-01   6.729126e-03
  2.000000e-02  -0.000000e+00   2.510514e+03   9.989020e-01   9.989020e-01   6.729126e-03
  2.000000e-02  -0.000000e+00   2.505616e+03   9.969529e-01   9.969529e-01   6.729126e-03
  2.000000e-02  -0.000000e+00   2.498286e+03   9.940364e-01   9.940364e-01   6.729126e-03
  2.000000e-02  -0.000000e+00   2.498286e+03   9.940364e-01   9.940364e-01   6.729126e-03
  2.000000e-02  -0.000000e+00   2.505616e+03   9.969529e-01   9.969529e-01   6.729126e-03
  2.000000e-02  -0.000000e+00   2.510514e+03   9.989020e-01   9.989020e-01   6.729257e-03
  2.000000e-02  -0.000000e+00   2.512967e+03   9.998779e-01   9.998779e-01   6.729126e-03
  2.000000e-02  -0.000000e+00   2.512967e+03   9.998779e-01   9.998779e-01   6.729126e-03
  2.000000e-02  -0.000000e+00   2.510514e+03   9.989020e-01   9.989020e-01   6.729126e-03
  2.000000e-02  -0.000000e+00   2.505616e+03   9.969529e-01   9.969529e-01   6.729126e-03
  2.000000e-02  -0.000000e+00   2.498286e+03   9.940364e-01   9.940364e-01   6.729126e-03
  2.000000e-02  -0.000000e+00   2.498286e+03   9.940364e-01   9.940364e-01   6.729126e-03
  2.000000e-02  -0.000000e+00   2.505616e+03   9.969529e-01   9.969529e-01   6.729228e-03
  2.000000e-02  -0.000000e+00   2.510514e+03   9.989020e-01   9.989020e-01   6.729126e-03
  2.000000e-02  -0.000000e+00   2.512967e+03   9.998779e-01   9.998779e-01   6.729168e-03
  2.000000e-02  -0.000000e+00   2.512967e+03   9.998779e-01   9.998779e-01   6.729126e-03
  2.000000e-02  -0.000000e+00   2.510514e+03   9.989020e-01   9.989020e-01   6.729126e-03
  1.999183e-02  -0.000000e+00   2.506640e+03   9.969529e-01   9.969529e-01   6.729132e-03
  2.000000e-02  -0.000000e+00   2.498286e+03   9.940364e-01   9.940364e-01   6.705166e-03
  2.000000e-02  -0.000000e+00   2.498286e+03   9.940364e-01   9.940364e-01   6.729279e-03
  2.000818e-02  -0.000000e+00   2.504592e+03   9.969529e-01   9.969529e-01   6.729126e-03
  2.000000e-02  -0.000000e+00   2.510514e+03   9.989020e-01   9.989020e-01   6.729126e-03
  2.000000e-02  -0.000000e+00   2.512967e+03   9.998779e-01   9.998779e-01   6.729126e-03
  2.000000e-02  -0.000000e+00   2.512967e+03   9.998779e-01   9.998779e-01   6.729126e-03
  2.000000e-02  -0.000000e+00   2.510514e+03   9.989020e-01   9.989020e-01   6.729126e-03
  2.000000e-02  -0.000000e+00   2.505616e+03   9.969529e-01   9.969529e-01   6.729126e-03
  2.000000e-02  -0.000000e+00   2.498286e+03   9.940364e-01   9.940364e-01   6.729126e-03
  2.000000e-02  -0.000000e+00   2.498286e+03   9.940364e-01   9.940364e-01   6.729126e-03
  2.000000e-02  -0.000000e+00   2.505616e+03   9.969529e-01   9.969529e-01   6.729228e-03
  2.000000e-02  -0.000000e+00   2.510514e+03   9.989020e-01   9.989020e-01   6.729126e-03
  2.000000e-02  -0.000000e+00   2.512967e+03   9.998779e-01   9.998779e-01   6.729447e-03
  2.000000e-02  -0.000000e+00   2.512967e+03   9.998779e-01   9.998779e-01   6.729126e-03
  2.000000e-02  -0.000000e+00   2.510514e+03   9.989020e-01   9.989020e-01   6.759861e-03
  2.000000e-02  -0.000000e+00   2.505616e+03   9.969529e-01   9.969529e-01   6.729126e-03
  2.000000e-02  -0.000000e+00   2.498286e+03   9.940364e-01   9.939554e-01   6.729126e-03
  2.000000e-02  -0.000000e+00   2.498286e+03   9.940364e-01   9.940364e-01   6.729126e-03
  2.000000e-02  -0.000000e+00   2.505616e+03   9.969529e-01   9.969529e-01   6.729126e-03
  2.000000e-02  -0.000000e+00   2.510514e+03   9.989020e-01   9.989020e-01   6.729257e-03
  2.000000e-02  -0.000000e+00   2.512967e+03   9.998779e-01   9.998779e-01   6.729126e-03
  2.000000e-02  -0.000000e+00   2.512967e+03   9.998779e-01   9.998779e-01   6.729165e-03
  2.000000e-02  -0.000000e+00   2.510514e+03   9.989020e-01   9.989020e-01   6.729159e-03
  2.000000e-02  -0.000000e+00   2.505616e+03   9.969529e-01   9.969529e-01   6.729126e-03
  2.000000e-02  -0.000000e+00   2.498286e+03   9.940364e-01   9.940769e-01   6.729126e-03
  2.000000e-02  -0.000000e+00   2.498286e+03   9.940364e-01   9.940364e-01   6.729126e-03
  2.000000e-02  -0.000000e+00   2.505616e+03   9.969529e-01   9.969529e-01   6.729126e-03
  2.000000e-02  -0.000000e+00   2.510514e+03   9.989020e-01   9.989020e-01   6.729126e-03
  2.000000e-02  -0.000000e+00   2.512967e+03   9.998779e-01   9.998779e-01   6.665954e-03
  2.000000e-02  -0.000000e+00   2.512967e+03   9.998779e-01   9.998779e-01   6.729126e-03
  2.000000e-02  -0.000000e+00   2.510514e+03   9.989020e-01   9.989020e-01   6.729126e-03
  2.000000e-02  -0.000000e+00   2.505616e+03   9.969529e-01   9.969529e-01   6.729126e-03
  2.000000e-02  -0.000000e+00   2.498286e+03   9.940364e-01   9.940364e-01   6.729164e-03
  2.000000e-02  -0.000000e+00   2.498286e+03   9.940364e-01   9.940364e-01   6.729126e-03
  2.000000e-02  -0.000000e+00   2.505616e+03   9.969529e-01   9.971367e-01   6.729126e-03
  2.000000e-02  -0.000000e+00   2.510514e+03   9.989020e-01   9.989020e-01   6.729126e-03
  2.000000e-02  -0.000000e+00   2.512967e+03   9.998779e-01   9.998779e-01   6.729362e-03
  2.000000e-02  -0.000000e+00   2.512967e+03   9.998779e-01   9.998779e-01   6.729128e-03
  2.000000e-02  -0.000000e+00   2.510514e+03   9.989020e-01   9.989020e-01   6.729126e-03
  2.000000e-02  -0.000000e+00   2.505616e+03   9.969529e-01   9.967691e-01   6.729126e-03
  2.000000e-02  -0.000000e+00   2.498286e+03   9.940364e-01   9.940364e-01   6.729126e-03
  2.000000e-02  -0.000000e+00   2.498286e+03   9.940364e-01   9.940364e-01   6.729206e-03
  2.000000e-02  -0.000000e+00   2.505616e+03   9.969529e-01   9.969529e-01   6.729228e-03
  2.000000e-02  -0.000000e+00   2.510514e+03   9.989020e-01   9.989020e-01   6.729126e-03
  2.000000e-02  -0.000000e+00   2.512967e+03   9.998779e-01   9.998779e-01   6.729126e-03
  2.000000e-02  -0.000000e+00   2.512967e+03   9.998779e-01   9.998779e-01   6.729126e-03
  2.000000e-02  -0.000000e+00   2.510514e+03   9.989020e-01   9.989020e-01   6.729126e-03
  2.000000e-02  -0.000000e+00   2.505616e+03   9.969529e-01   9.969529e-01   6.729152e-03
  2.000000e-02  -0.000000e+00   2.498286e+03   9.940364e-01   9.940364e-01   6.729126e-03
  2.000000e-02  -0.000000e+00   2.498286e+03   9.940364e-01   9.940364e-01   6.729206e-03
  1.999207e-02  -0.000000e+00   2.506609e+03   9.969529e-01   9.969529e-01   6.729126e-03
  2.000000e-02  -0.000000e+00   2.510514e+03   9.989020e-01   9.989020e-01   6.676607e-03
  2.000000e-02  -0.000000e+00   2.512967e+03   9.998779e-01   9.998779e-01   6.729126e-03
  2.000000e-02  -0.000000e+00   2.512967e+03   9.998779e-01   9.998779e-01   6.729126e-03
  2.000000e-02  -0.000000e+00   2.510514e+03   9.989020e-01   9.989020e-01   6.729126e-03
  2.000000e-02  -0.000000e+00   2.505616e+03   9.969529e-01   9.969529e-01   6.729126e-03
  2.000000e-02  -0.000000e+00   2.498286e+03   9.940364e-01   9.940364e-01   6.729126e-03
  2.000000e-02  -0.000000e+00   2.498286e+03   9.940364e-01   9.940364e-01   6.729206e-03
  2.000000e-02  -0.000000e+00   2.505616e+03   9.969529e-01   9.969529e-01   6.729126e-03
  2.000745e-02  -0.000000e+00   2.509579e+03   9.989020e-01   9.989020e-01   6.729211e-03
  2.000000e-02  -0.000000e+00   2.512967e+03   9.998779e-01   9.998779e-01   6.729126e-03
  2.000000e-02  -0.000000e+00   2.512967e+03   9.998779e-01   9.998779e-01   6.729126e-03
  2.000000e-02  -0.000000e+00   2.510514e+03   9.989020e-01   9.989020e-01   6.704415e-03
  2.000000e-02  -0.000000e+00   2.505616e+03   9.969529e-01   9.969529e-01   6.729126e-03
  1.999278e-02  -0.000000e+00   2.499189e+03   9.940364e-01   9.940364e-01   6.729126e-03
  2.000000e-02  -0.000000e+00   2.498286e+03   9.940364e-01   9.940364e-01   6.729126e-03
  2.000000e-02  -0.000000e+00   2.505616e+03   9.969529e-01   9.969529e-01   6.729126e-03
  2.000000e-02  -0.000000e+00   2.510514e+03   9.989020e-01   9.989020e-01   6.729126e-03
  2.000000e-02  -0.000000e+00   2.512967e+03   9.998779e-01   9.997200e-01   6.729126e-03
  2.000000e-02  -0.000000e+00   2.512967e+03   9.998779e-01   9.998779e-01   6.729126e-03
  2.000000e-02  -0.000000e+00   2.510514e+03   9.989020e-01   9.989020e-01   6.729270e-03
  2.000000e-02  -0.000000e+00   2.505616e+03   9.969529e-01   9.969529e-01   6.729126e-03
  2.000000e-02  -0.000000e+00   2.498286e+03   9.940364e-01   9.940364e-01   6.729162e-03
  2.000000e-02  -0.000000e+00   2.498286e+03   9.940364e-01   9.940364e-01   3.433228e-03
  2.000000e-02  -0.000000e+00   2.505616e+03   9.969529e-01   9.969529e-01   3.433228e-03
  2.000000e-02  -0.000000e+00   2.510514e+03   9.989020e-01   9.989020e-01   3.433228e-03
  2.000000e-02  -0.000000e+00   2.512967e+03   9.998779e-01   9.997990e-01   3.433228e-03
  2.000000e-02  -0.000000e+00   2.512967e+03   9.998779e-01   9.998779e-01   3.433228e-03
  2.000000e-02  -0.000000e+00   2.510514e+03   9.989020e-01   9.989020e-01   3.433228e-03
  2.000000e-02  -0.000000e+00   2.505616e+03   9.969529e-01   9.969529e-01   3.433228e-03
  2.000000e-02  -0.000000e+00   2.498286e+03   9.940364e-01   9.940364e-01   3.433228e-03
  1.999639e-02  -0.000000e+00   2.498737e+03   9.940364e-01   9.938745e-01   3.433228e-03
  2.000373e-02  -0.000000e+00   2.505149e+03   9.969529e-01   9.969529e-01   3.433228e-03
  2.000000e-02  -0.000000e+00   2.510514e+03   9.989020e-01   9.990698e-01   3.433228e-03
  2.000000e-02  -0.000000e+00   2.512967e+03   9.998779e-01   1.000046e+00   3.433228e-03
  2.000000e-02  -0.000000e+00   2.512967e+03   9.998779e-01   9.998779e-01   3.433228e-03
  2.000000e-02  -0.000000e+00   2.510514e+03   9.989020e-01   9.989020e-01   3.433228e-03
  2.000000e-02  -0.000000e+00   2.505616e+03   9.969529e-01   9.966178e-01   3.433228e-03
  2.000000e-02  -0.000000e+00   2.498286e+03   9.940364e-01   9.941984e-01   3.433248e-03
  2.000000e-02  -0.000000e+00   2.498286e+03   9.940364e-01   9.940364e-01   3.399054e-03
  2.000000e-02  -0.000000e+00   2.505616e+03   9.969529e-01   9.969529e-01   3.395744e-03
  2.000000e-02  -0.000000e+00   2.510514e+03   9.989020e-01   9.989020e-01   3.433228e-03
  2.000000e-02  -0.000000e+00   2.512967e+03   9.998779e-01   1.000235e+00   3.433228e-03
  2.000000e-02  -0.000000e+00   2.512967e+03   9.998779e-01   9.998779e-01   3.433228e-03
  2.000000e-02  -0.000000e+00   2.510514e+03   9.989020e-01   9.989020e-01   3.433228e-03
  2.000000e-02  -0.000000e+00   2.505616e+03   9.969529e-01   9.969529e-01   3.433228e-03
  2.000000e-02  -0.000000e+00   2.498286e+03   9.940364e-01   9.943603e-01   3.433228e-03
  2.000000e-02  -0.000000e+00   2.498286e+03   9.940364e-01   9.940364e-01   3.433228e-03
  2.000000e-02  -0.000000e+00   2.505616e+03   9.969529e-01   9.969529e-01   3.433228e-03
  2.000000e-02  -0.000000e+00   2.510514e+03   9.989020e-01   9.989020e-01   3.433228e-03
  2.000000e-02  -0.000000e+00   2.512967e+03   9.998779e-01   9.998779e-01   3.393370e-03
  2.000000e-02  -0.000000e+00   2.512967e+03   9.998779e-01   9.998779e-01   3.393363e-03
  2.000000e-02  -0.000000e+00   2.510514e+03   9.989020e-01   9.989020e-01   3.433228e-03
  2.000000e-02  -0.000000e+00   2.505616e+03   9.969529e-01   9.969529e-01   3.433228e-03
  2.000000e-02  -0.000000e+00   2.498286e+03   9.940364e-01   9.940364e-01   3.433228e-03
  2.000723e-02  -0.000000e+00   2.497384e+03   9.940364e-01   9.940364e-01   3.433228e-03
  2.000000e-02  -0.000000e+00   2.505616e+03   9.969529e-01   9.969529e-01   3.433228e-03
  2.000000e-02  -0.000000e+00   2.510514e+03   9.989020e-01   9.989020e-01   3.433228e-03
  2.000000e-02  -0.000000e+00   2.512967e+03   9.998779e-01   9.998779e-01   3.433228e-03
  2.000000e-02  -0.000000e+00   2.512967e+03   9.998779e-01   9.994735e-01   3.433235e-03
  2.000000e-02  -0.000000e+00   2.510514e+03   9.989020e-01   9.989020e-01   3.433228e-03
  2.000000e-02  -0.000000e+00   2.505616e+03   9.969529e-01   9.969529e-01   3.433228e-03
  2.000000e-02  -0.000000e+00   2.498286e+03   9.940364e-01   9.940364e-01   3.433228e-03
  2.000000e-02  -0.000000e+00   2.498286e+03   9.940364e-01   9.940364e-01   3.433228e-03
  2.000000e-02  -0.000000e+00   2.505616e+03   9.969529e-01   9.969529e-01   3.472103e-03
  2.000000e-02  -0.000000e+00   2.510514e+03   9.989020e-01   9.989020e-01   3.477257e-03
  2.000000e-02  -0.000000e+00   2.512967e+03   9.998779e-01   9.998779e-01   3.433228e-03
  2.000000e-02  -0.000000e+00   2.512967e+03   9.998779e-01   9.998779e-01   3.433228e-03
  2.000000e-02  -0.000000e+00   2.510514e+03   9.989020e-01   9.986936e-01   3.433228e-03
  2.000000e-02  -0.000000e+00   2.505616e+03   9.969529e-01   9.973205e-01   3.433228e-03
  2.000000e-02  -0.000000e+00   2.498286e+03   9.940364e-01   9.940364e-01   3.433228e-03
  2.000000e-02  -0.000000e+00   2.498286e+03   9.940364e-01   9.940364e-01   3.433228e-03
  2.000000e-02  -0.000000e+00   2.505616e+03   9.969529e-01   9.969529e-01   3.433240e-03
  2.000000e-02  -0.000000e+00   2.510514e+03   9.989020e-01   9.989020e-01   3.433228e-03
  2.000000e-02  -0.000000e+00   2.512967e+03   9.998779e-01   9.998779e-01   3.433228e-03
  1.998986e-02  -0.000000e+00   2.514242e+03   9.998779e-01   9.998779e-01   3.385293e-03
  2.000000e-02  -0.000000e+00   2.510514e+03   9.989020e-01   9.989020e-01   3.433228e-03
  2.000000e-02  -0.000000e+00   2.505616e+03   9.969529e-01   9.969529e-01   3.433228e-03
  2.000000e-02  -0.000000e+00   2.498286e+03   9.940364e-01   9.940364e-01   3.433228e-03
  2.000000e-02  -0.000000e+00   2.498286e+03   9.940364e-01   9.940364e-01   3.399054e-03
  2.000000e-02  -0.000000e+00   2.505616e+03   9.969529e-01   9.969529e-01   3.433228e-03
  2.000000e-02  -0.000000e+00   2.510514e+03   9.989020e-01   9.989020e-01   3.433228e-03
  2.000000e-02  -0.000000e+00   2.512967e+03   9.998779e-01   9.998779e-01   3.433308e-03
  2.001046e-02  -0.000000e+00   2.511653e+03   9.998779e-01   9.998779e-01   3.433228e-03
  2.000000e-02  -0.000000e+00   2.510514e+03   9.989020e-01   9.989020e-01   3.433228e-03
  2.000000e-02  -0.000000e+00   2.505616e+03   9.969529e-01   9.969529e-01   3.433228e-03
  2.000000e-02  -0.000000e+00   2.498286e+03   9.940364e-01   9.940364e-01   3.433228e-03
  2.000000e-02  -0.000000e+00   2.498286e+03   9.940364e-01   9.937125e-01   3.433228e-03
  2.000000e-02  -0.000000e+00   2.505616e+03   9.969529e-01   9.969529e-01   3.433228e-03
  2.000000e-02  -0.000000e+00   2.510514e+03   9.989020e-01   9.989020e-01   3.433228e-03
  2.000000e-02  -0.000000e+00   2.512967e+03   9.998779e-01   9.998779e-01   3.433228e-03
  2.000000e-02  -0.000000e+00   2.512967e+03   9.998779e-01   9.998779e-01   3.433228e-03
  2.000000e-02  -0.000000e+00   2.510514e+03   9.989020e-01   9.989020e-01   3.411334e-03
  2.000000e-02  -0.000000e+00   2.505616e+03   9.969529e-01   9.969529e-01   3.433228e-03
  2.000000e-02  -0.000000e+00   2.498286e+03   9.940364e-01   9.940364e-01   3.433228e-03
  2.000000e-02  -0.000000e+00   2.498286e+03   9.940364e-01   9.937125e-01   3.433228e-03
  2.000000e-02  -0.000000e+00   2.505616e+03   9.969529e-01   9.969529e-01   3.433228e-03
  2.000462e-02  -0.000000e+00   2.509934e+03   9.989020e-01   9.989020e-01   3.433228e-03
  2.000000e-02  -0.000000e+00   2.512967e+03   9.998779e-01   9.998779e-01   3.433269e-03
  1.998954e-02  -0.000000e+00   2.514282e+03   9.998779e-01   9.998779e-01   3.433248e-03
  2.000000e-02  -0.000000e+00   2.510514e+03   9.989020e-01   9.993186e-01   3.433228e-03
  2.000000e-02  -0.000000e+00   2.505616e+03   9.969529e-01   9.969529e-01   3.433228e-03
  2.000000e-02  -0.000000e+00   2.498286e+03   9.940364e-01   9.940364e-01   3.433248e-03
  2.000000e-02  -0.000000e+00   2.498286e+03   9.940364e-01   9.940364e-01   3.433228e-03
  2.000000e-02  -0.000000e+00   2.505616e+03   9.969529e-01   9.969529e-01   3.433228e-03
  2.000000e-02  -0.000000e+00   2.510514e+03   9.989020e-01   9.989020e-01   3.433228e-03
  2.000000e-02  -0.000000e+00   2.512967e+03   9.998779e-01   9.998779e-01   3.433228e-03
  2.001046e-02  -0.000000e+00   2.511653e+03   9.998779e-01   9.998779e-01   3.433228e-03
  2.000000e-02  -0.000000e+00   2.510514e+03   9.989020e-01   9.989020e-01   3.433228e-03
  2.000000e-02  -0.000000e+00   2.505616e+03   9.969529e-01   9.969529e-01   3.433228e-03
  2.000000e-02  -0.000000e+00   2.498286e+03   9.940364e-01   9.940364e-01   3.433228e-03
  2.000000e-02  -0.000000e+00   2.498286e+03   9.940364e-01   9.940364e-01   3.433228e-03
  1.999591e-02  -0.000000e+00   2.506128e+03   9.969529e-01   9.969529e-01   3.452638e-03
  2.000000e-02  -0.000000e+00   2.510514e+03   9.989020e-01   9.989020e-01   3.433228e-03
  2.000000e-02  -0.000000e+00   2.512967e+03   9.998779e-01   9.998779e-01   3.433228e-03
  2.000000e-02  -0.000000e+00   2.512967e+03   9.998779e-01   9.998779e-01   3.433228e-03
  2.000000e-02  -0.000000e+00   2.510514e+03   9.989020e-01   9.993186e-01   3.433228e-03
  2.000000e-02  -0.000000e+00   2.505616e+03   9.969529e-01   9.969529e-01   3.433228e-03
  2.000000e-02  -0.000000e+00   2.498286e+03   9.940364e-01   9.940364e-01   3.433228e-03
  2.000000e-02  -0.000000e+00   2.498286e+03   9.940364e-01   9.940364e-01   3.433228e-03
  2.000000e-02  -0.000000e+00   2.505616e+03   9.969529e-01   9.969529e-01   3.433228e-03
  2.000000e-02  -0.000000e+00   2.510514e+03   9.989020e-01   9.989020e-01   3.411334e-03
  2.000000e-02  -0.000000e+00   2.512967e+03   9.998779e-01   9.998779e-01   3.433269e-03
  2.000000e-02  -0.000000e+00   2.512967e+03   9.998779e-01   1.000350e+00   3.433228e-03
  2.000000e-02  -0.000000e+00   2.510514e+03   9.989020e-01   9.989020e-01   3.433228e-03
  2.000000e-02  -0.000000e+00   2.505616e+03   9.969529e-01   9.969529e-01   3.433228e-03
  2.000000e-02  -0.000000e+00   2.498286e+03   9.940364e-01   9.940364e-01   3.433228e-03
  2.000000e-02  -0.000000e+00   2.498286e+03   9.940364e-01   9.940364e-01   3.433266e-03
  2.000000e-02  -0.000000e+00   2.505616e+03   9.969529e-01   9.969529e-01   3.394571e-03
  1.999538e-02  -0.000000e+00   2.511095e+03   9.989020e-01   9.991103e-01   3.433228e-03
  2.000000e-02  -0.000000e+00   2.512967e+03   9.998779e-01   9.998779e-01   3.433308e-03
  2.001046e-02  -0.000000e+00   2.511653e+03   9.998779e-01   9.998779e-01   3.433228e-03
  2.000000e-02  -0.000000e+00   2.510514e+03   9.989020e-01   9.989020e-01   3.433228e-03
  2.000000e-02  -0.000000e+00   2.505616e+03   9.969529e-01   9.969529e-01   3.433228e-03
  2.000000e-02  -0.000000e+00   2.498286e+03   9.940364e-01   9.940364e-01   3.433228e-03
  2.000000e-02  -0.000000e+00   2.498286e+03   9.940364e-01   9.940364e-01   3.433228e-03
  2.000000e-02  -0.000000e+00   2.505616e+03   9.969529e-01   9.969529e-01   3.433277e-03
  2.000000e-02  -0.000000e+00   2.510514e+03   9.989020e-01   9.989020e-01   3.433228e-03
  2.000000e-02  -0.000000e+00   2.512967e+03   9.998779e-01   9.998779e-01   3.433228e-03
  2.000000e-02  -0.000000e+00   2.512967e+03   9.998779e-01   9.998779e-01   3.433228e-03
  2.000925e-02  -0.000000e+00   2.509354e+03   9.989020e-01   9.991103e-01   3.433228e-03
  2.000000e-02  -0.000000e+00   2.505616e+03   9.969529e-01   9.969529e-01   3.433228e-03
  2.000000e-02  -0.000000e+00   2.498286e+03   9.940364e-01   9.940364e-01   3.433228e-03
  2.000000e-02  -0.000000e+00   2.498286e+03   9.940364e-01   9.940364e-01   3.433248e-03
  2.000000e-02  -0.000000e+00   2.505616e+03   9.969529e-01   9.970448e-01   3.433228e-03
  2.000000e-02  -0.000000e+00   2.510514e+03   9.989020e-01   9.989020e-01   3.433290e-03
  2.001046e-02  -0.000000e+00   2.511653e+03   9.998779e-01   9.996421e-01   3.433228e-03
  2.000000e-02  -0.000000e+00   2.512967e+03   9.998779e-01   9.998779e-01   3.433308e-03
  2.000000e-02  -0.000000e+00   2.510514e+03   9.989020e-01   9.989020e-01   3.433228e-03
  2.000000e-02  -0.000000e+00   2.505616e+03   9.969529e-01   9.969529e-01   3.433228e-03
  2.000000e-02  -0.000000e+00   2.498286e+03   9.940364e-01   9.940364e-01   3.433228e-03
  2.000000e-02  -0.000000e+00   2.498286e+03   9.940364e-01   9.940364e-01   3.433228e-03
  2.000000e-02  -0.000000e+00   2.505616e+03   9.969529e-01   9.969529e-01   3.433228e-03
  2.000000e-02  -0.000000e+00   2.510514e+03   9.989020e-01   9.989020e-01   3.433228e-03
  2.000000e-02  -0.000000e+00   2.512967e+03   9.998779e-01   9.998779e-01   3.433228e-03
  2.000000e-02  -0.000000e+00   2.512967e+03   9.998779e-01   9.998779e-01   3.433228e-03
  2.000000e-02  -0.000000e+00   2.510514e+03   9.989020e-01   9.989020e-01   3.433228e-03
  2.000000e-02  -0.000000e+00   2.505616e+03   9.969529e-01   9.969529e-01   3.433234e-03
  2.000000e-02  -0.000000e+00   2.498286e+03   9.940364e-01   9.939959e-01   3.433228e-03
  2.000000e-02  -0.000000e+00   2.498286e+03   9.940364e-01   9.940364e-01   3.433248e-03
  2.000000e-02  -0.000000e+00   2.505616e+03   9.969529e-01   9.969529e-01   3.433228e-03
  2.000000e-02  -0.000000e+00   2.510514e+03   9.989020e-01   9.989020e-01   3.433290e-03
  2.000000e-02  -0.000000e+00   2.512967e+03   9.998779e-01   9.998779e-01   3.433228e-03
  2.000000e-02  -0.000000e+00   2.512967e+03   9.998779e-01   9.998779e-01   3.458076e-03
  2.000000e-02  -0.000000e+00   2.510514e+03   9.989020e-01   9.989020e-01   3.411397e-03
  2.000000e-02  -0.000000e+00   2.505616e+03   9.969529e-01   9.969529e-01   3.433228e-03
  2.000000e-02  -0.000000e+00   2.498286e+03   9.940364e-01   9.940364e-01   3.433228e-03
  2.000000e-02  -0.000000e+00   2.498286e+03   9.940364e-01   9.940364e-01   3.433228e-03
  2.000000e-02  -0.000000e+00   2.505616e+03   9.969529e-01   9.969529e-01   3.433228e-03
  2.000000e-02  -0.000000e+00   2.510514e+03   9.989020e-01   9.989020e-01   3.389573e-03
  2.000000e-02  -0.000000e+00   2.512967e+03   9.998779e-01   9.998779e-01   3.433228e-03
  2.000000e-02  -0.000000e+00   2.512967e+03   9.998779e-01   9.998779e-01   3.433228e-03
  2.000000e-02  -0.000000e+00   2.510514e+03   9.989020e-01   9.989020e-01   3.433228e-03
  2.000000e-02  -0.000000e+00   2.505616e+03   9.969529e-01   9.969529e-01   3.433234e-03
  2.000000e-02  -0.000000e+00   2.498286e+03   9.940364e-01   9.940364e-01   3.433228e-03
  2.000000e-02  -0.000000e+00   2.498286e+03   9.940364e-01   9.940364e-01   3.433228e-03
  2.000000e-02  -0.000000e+00   2.505616e+03   9.969529e-01   9.969529e-01   3.433228e-03
  2.000000e-02  -0.000000e+00   2.510514e+03   9.989020e-01   9.989020e-01   3.433228e-03
  2.000000e-02  -0.000000e+00   2.512967e+03   9.998779e-01   9.998779e-01   3.433228e-03
  2.000000e-02  -0.000000e+00   2.512967e+03   9.998779e-01   9.998779e-01   3.433228e-03
  2.000000e-02  -0.000000e+00   2.510514e+03   9.989020e-01   9.989020e-01   3.433228e-03
  2.000000e-02  -0.000000e+00   2.505616e+03   9.969529e-01   9.967691e-01   3.433228e-03
  2.000000e-02  -0.000000e+00   2.498286e+03   9.940364e-01   9.940364e-01   3.433228e-03
  2.000000e-02  -0.000000e+00   2.498286e+03   9.940364e-01   9.940364e-01   3.433228e-03
  2.000000e-02  -0.000000e+00   2.505616e+03   9.969529e-01   9.969529e-01   3.433228e-03
  2.000000e-02  -0.000000e+00   2.510514e+03   9.989020e-01   9.989020e-01   3.433228e-03
  2.000000e-02  -0.000000e+00   2.512967e+03   9.998779e-01   9.998779e-01   3.433228e-03
  2.000000e-02  -0.000000e+00   2.512967e+03   9.998779e-01   9.998779e-01   3.433228e-03
  2.000000e-02  -0.000000e+00   2.510514e+03   9.989020e-01   9.991103e-01   3.433228e-03
  2.000000e-02  -0.000000e+00   2.505616e+03   9.969529e-01   9.969529e-01   3.433228e-03
  2.000000e-02  -0.000000e+00   2.498286e+03   9.940364e-01   9.940364e-01   3.433228e-03
  2.000723e-02  -0.000000e+00   2.497384e+03   9.940364e-01   9.940364e-01   3.433228e-03
  2.000000e-02  -0.000000e+00   2.505616e+03   9.969529e-01   9.969529e-01   3.433228e-03
  2.000000e-02  -0.000000e+00   2.510514e+03   9.989020e-01   9.989020e-01   3.433228e-03
  2.000000e-02  -0.000000e+00   2.512967e+03   9.998779e-01   9.998779e-01   3.433228e-03
  2.000000e-02  -0.000000e+00   2.512967e+03   9.998779e-01   9.998779e-01   3.433228e-03
  2.000000e-02  -0.000000e+00   2.510514e+03   9.989020e-01   9.989020e-01   3.433228e-03
  2.000000e-02  -0.000000e+00   2.505616e+03   9.969529e-01   9.969529e-01   3.433228e-03
  2.000000e-02  -0.000000e+00   2.498286e+03   9.940364e-01   9.940364e-01   3.433228e-03
  2.000000e-02  -0.000000e+00   2.498286e+03   9.940364e-01   9.940364e-01   3.433228e-03
  2.000000e-02  -0.000000e+00   2.505616e+03   9.969529e-01   9.969529e-01   3.433228e-03
  2.000000e-02  -0.000000e+00   2.510514e+03   9.989020e-01   9.989020e-01   3.433228e-03
  2.000000e-02  -0.000000e+00   2.512967e+03   9.998779e-01   9.994062e-01   3.433228e-03
  2.000000e-02  -0.000000e+00   2.512967e+03   9.998779e-01   9.998779e-01   3.433228e-03
  1.999075e-02  -0.000000e+00   2.511676e+03   9.989020e-01   9.989020e-01   3.433228e-03
  2.000000e-02  -0.000000e+00   2.505616e+03   9.969529e-01   9.969529e-01   3.433228e-03
  2.000000e-02  -0.000000e+00   2.498286e+03   9.940364e-01   9.940364e-01   3.433228e-03
  2.000000e-02  -0.000000e+00   2.498286e+03   9.940364e-01   9.940364e-01   3.433228e-03
  2.000000e-02  -0.000000e+00   2.505616e+03   9.969529e-01   9.969529e-01   3.452638e-03
  2.000000e-02  -0.000000e+00   2.510514e+03   9.989020e-01   9.989020e-01   3.433228e-03
  2.000523e-02  -0.000000e+00   2.512310e+03   9.998779e-01   1.000350e+00   3.433228e-03
  2.000000e-02  -0.000000e+00   2.512967e+03   9.998779e-01   9.998779e-01   3.433228e-03
  2.000000e-02  -0.000000e+00   2.510514e+03   9.989020e-01   9.989020e-01   3.433228e-03
  2.000000e-02  -0.000000e+00   2.505616e+03   9.969529e-01   9.969529e-01   3.433228e-03
  2.000000e-02  -0.000000e+00   2.498286e+03   9.940364e-01   9.940364e-01   3.433228e-03
  2.000000e-02  -0.000000e+00   2.498286e+03   9.940364e-01   9.940364e-01   3.433228e-03
  2.000000e-02  -0.000000e+00   2.505616e+03   9.969529e-01   9.969529e-01   3.433228e-03
  2.000000e-02  -0.000000e+00   2.510514e+03   9.989020e-01   9.989020e-01   3.433228e-03
  2.000000e-02  -0.000000e+00   2.512967e+03   9.998779e-01   9.998779e-01   3.433228e-03
  2.000000e-02  -0.000000e+00   2.512967e+03   9.998779e-01   9.998779e-01   3.433238e-03
  2.000000e-02  -0.000000e+00   2.510514e+03   9.989020e-01   9.989020e-01   3.433230e-03
  2.000000e-02  -0.000000e+00   2.505616e+03   9.969529e-01   9.969529e-01   3.433228e-03
  2.000000e-02  -0.000000e+00   2.498286e+03   9.940364e-01   9.940364e-01   3.433228e-03
  2.000000e-02  -0.000000e+00   2.498286e+03   9.940364e-01   9.940364e-01   3.433228e-03
  2.000000e-02  -0.000000e+00   2.505616e+03   9.969529e-01   9.969529e-01   3.433228e-03
  2.000000e-02  -0.000000e+00   2.510514e+03   9.989020e-01   9.990061e-01   3.433228e-03
  2.000000e-02  -0.000000e+00   2.512967e+03   9.998779e-01   9.998779e-01   3.433228e-03
  2.000000e-02  -0.000000e+00   2.512967e+03   9.998779e-01   9.998779e-01   3.433267e-03
  2.000000e-02  -0.000000e+00   2.510514e+03   9.989020e-01   9.989020e-01   3.433236e-03
  2.000000e-02  -0.000000e+00   2.505616e+03   9.969529e-01   9.969529e-01   3.433228e-03
  2.000000e-02  -0.000000e+00   2.498286e+03   9.940364e-01   9.940364e-01   3.433228e-03
  2.000000e-02  -0.000000e+00   2.498286e+03   9.940364e-01   9.938745e-01   3.433228e-03
  2.000000e-02  -0.000000e+00   2.505616e+03   9.969529e-01   9.969529e-01   3.433228e-03
  2.000000e-02  -0.000000e+00   2.510514e+03   9.989020e-01   9.989020e-01   3.433228e-03
  2.000000e-02  -0.000000e+00   2.512967e+03   9.998779e-01   9.998779e-01   3.433228e-03
  2.000000e-02  -0.000000e+00   2.512967e+03   9.998779e-01   9.998779e-01   3.433228e-03
  2.000000e-02  -0.000000e+00   2.510514e+03   9.989020e-01   9.989020e-01   3.411334e-03
  2.000000e-02  -0.000000e+00   2.505616e+03   9.969529e-01   9.969529e-01   3.433228e-03
  2.000000e-02  -0.000000e+00   2.498286e+03   9.940364e-01   9.940364e-01   3.433228e-03
  2.000000e-02  -0.000000e+00   2.498286e+03   9.940364e-01   9.940364e-01   3.433228e-03
  2.000000e-02  -0.000000e+00   2.505616e+03   9.969529e-01   9.969529e-01   3.433330e-03
  2.000000e-02  -0.000000e+00   2.510514e+03   9.989020e-01   9.989020e-01   3.433228e-03
  2.000000e-02  -0.000000e+00   2.512967e+03   9.998779e-01   9.998779e-01   3.433228e-03
  2.000000e-02  -0.000000e+00   2.512967e+03   9.998779e-01   9.998779e-01   3.433228e-03
  2.000000e-02  -0.000000e+00   2.510514e+03   9.989020e-01   9.989020e-01   3.433228e-03
  2.000000e-02  -0.000000e+00   2.505616e+03   9.969529e-01   9.969529e-01   3.433228e-03
  2.000000e-02  -0.000000e+00   2.498286e+03   9.940364e-01   9.940364e-01   3.433228e-03
  2.000000e-02  -0.000000e+00   2.498286e+03   9.940364e-01   9.940364e-01   3.433228e-03
  2.000000e-02  -0.000000e+00   2.505616e+03   9.969529e-01   9.969529e-01   3.433228e-03
  2.000000e-02  -0.000000e+00   2.510514e+03   9.989020e-01   9.989020e-01   3.433336e-03
  2.000000e-02  -0.000000e+00   2.512967e+03   9.998779e-01   9.998779e-01   3.433436e-03
  2.000000e-02  -0.000000e+00   2.512967e+03   9.998779e-01   9.998779e-01   3.433228e-03
  2.000000e-02  -0.000000e+00   2.510514e+03   9.989020e-01   9.989020e-01   3.433228e-03
  2.000000e-02  -0.000000e+00   2.505616e+03   9.969529e-01   9.969529e-01   3.433228e-03
  2.000000e-02  -0.000000e+00   2.498286e+03   9.940364e-01   9.940364e-01   3.416119e-03
  2.000000e-02  -0.000000e+00   2.498286e+03   9.940364e-01   9.941174e-01   3.433307e-03
  2.000000e-02  -0.000000e+00   2.505616e+03   9.969529e-01   9.969529e-01   3.433228e-03
  2.000000e-02  -0.000000e+00   2.510514e+03   9.989020e-01   9.989020e-01   3.433324e-03
  2.000000e-02  -0.000000e+00   2.512967e+03   9.998779e-01   9.999226e-01   3.433228e-03
  2.000000e-02  -0.000000e+00   2.512967e+03   9.998779e-01   9.998779e-01   3.433228e-03
  2.000000e-02  -0.000000e+00   2.510514e+03   9.989020e-01   9.989020e-01   3.433228e-03
  2.000000e-02  -0.000000e+00   2.505616e+03   9.969529e-01   9.969529e-01   3.433228e-03
  2.000000e-02  -0.000000e+00   2.498286e+03   9.940364e-01   9.940364e-01   3.433228e-03
  2.000000e-02  -0.000000e+00   2.498286e+03   9.940364e-01   9.940364e-01   3.433307e-03
  2.000000e-02  -0.000000e+00   2.505616e+03   9.969529e-01   9.969529e-01   3.433228e-03
  2.000000e-02  -0.000000e+00   2.510514e+03   9.989020e-01   9.989020e-01   3.433228e-03
  2.000000e-02  -0.000000e+00   2.512967e+03   9.998779e-01   9.998779e-01   3.433228e-03
  2.000000e-02  -0.000000e+00   2.512967e+03   9.998779e-01   9.998779e-01   3.433228e-03
  2.000000e-02  -0.000000e+00   2.510514e+03   9.989020e-01   9.989020e-01   3.433228e-03
  2.000000e-02  -0.000000e+00   2.505616e+03   9.969529e-01   9.969529e-01   3.433228e-03
  2.000000e-02  -0.000000e+00   2.498286e+03   9.940364e-01   9.940364e-01   3.433228e-03
  2.000000e-02  -0.000000e+00   2.498286e+03   9.940364e-01   9.940364e-01   3.433228e-03
  2.000000e-02  -0.000000e+00   2.505616e+03   9.969529e-01   9.969529e-01   3.433303e-03
  2.000000e-02  -0.000000e+00   2.510514e+03   9.989020e-01   9.989020e-01   3.433228e-03
  2.000000e-02  -0.000000e+00   2.512967e+03   9.998779e-01   9.998779e-01   3.433371e-03
  2.000000e-02  -0.000000e+00   2.512967e+03   9.998779e-01   9.998779e-01   3.433228e-03
  2.000000e-02  -0.000000e+00   2.510514e+03   9.989020e-01   9.989020e-01   3.433228e-03
  2.000000e-02  -0.000000e+00   2.505616e+03   9.969529e-01   9.969529e-01   3.433228e-03
  2.000000e-02  -0.000000e+00   2.498286e+03   9.940364e-01   9.940364e-01   3.433263e-03
  2.000000e-02  -0.000000e+00   2.498286e+03   9.940364e-01   9.940364e-01   1.235962e-03
  2.000000e-02  -0.000000e+00   2.505616e+03   9.969529e-01   9.969529e-01   1.235962e-03
  2.000000e-02  -0.000000e+00   2.510514e+03   9.989020e-01   9.989020e-01   1.235962e-03
  2.000000e-02  -0.000000e+00   2.512967e+03   9.998779e-01   9.999569e-01   1.235962e-03
  2.000000e-02  -0.000000e+00   2.512967e+03   9.998779e-01   9.998779e-01   1.235962e-03
  2.000350e-02  -0.000000e+00   2.510075e+03   9.989020e-01   9.989020e-01   1.235967e-03
  2.000000e-02  -0.000000e+00   2.505616e+03   9.969529e-01   9.969529e-01   1.236017e-03
  2.000000e-02  -0.000000e+00   2.498286e+03   9.940364e-01   9.940364e-01   1.235962e-03
  2.000000e-02  -0.000000e+00   2.498286e+03   9.940364e-01   9.940364e-01   1.235962e-03
  2.000000e-02  -0.000000e+00   2.505616e+03   9.969529e-01   9.969529e-01   1.235962e-03
  2.000000e-02  -0.000000e+00   2.510514e+03   9.989020e-01   9.989020e-01   1.235962e-03
  2.000000e-02  -0.000000e+00   2.512967e+03   9.998779e-01   9.997099e-01   1.235962e-03
  2.000000e-02  -0.000000e+00   2.512967e+03   9.998779e-01   9.995419e-01   1.235962e-03
  2.000000e-02  -0.000000e+00   2.510514e+03   9.989020e-01   9.989020e-01   1.235962e-03
  2.000000e-02  -0.000000e+00   2.505616e+03   9.969529e-01   9.969529e-01   1.235962e-03
  2.000000e-02  -0.000000e+00   2.498286e+03   9.940364e-01   9.940364e-01   1.246261e-03
  2.000000e-02  -0.000000e+00   2.498286e+03   9.940364e-01   9.943603e-01   1.235962e-03
  2.000000e-02  -0.000000e+00   2.505616e+03   9.969529e-01   9.969529e-01   1.235973e-03
  1.999207e-02  -0.000000e+00   2.511510e+03   9.989020e-01   9.989020e-01   1.235962e-03
  2.000000e-02  -0.000000e+00   2.512967e+03   9.998779e-01   9.998779e-01   1.235962e-03
  2.000000e-02  -0.000000e+00   2.512967e+03   9.998779e-01   9.998779e-01   1.235962e-03
  1.999207e-02  -0.000000e+00   2.511510e+03   9.989020e-01   9.989020e-01   1.235962e-03
  2.000000e-02  -0.000000e+00   2.505616e+03   9.969529e-01   9.969529e-01   1.235962e-03
  2.000000e-02  -0.000000e+00   2.498286e+03   9.940364e-01   9.940364e-01   1.235962e-03
  2.000000e-02  -0.000000e+00   2.498286e+03   9.940364e-01   9.940364e-01   1.235962e-03
  2.000000e-02  -0.000000e+00   2.505616e+03   9.969529e-01   9.969529e-01   1.235971e-03
  2.000000e-02  -0.000000e+00   2.510514e+03   9.989020e-01   9.985221e-01   1.212090e-03
  1.999578e-02  -0.000000e+00   2.513497e+03   9.998779e-01   9.998779e-01   1.235975e-03
  2.000000e-02  -0.000000e+00   2.512967e+03   9.998779e-01   9.998779e-01   1.212090e-03
  2.000000e-02  -0.000000e+00   2.510514e+03   9.989020e-01   9.989020e-01   1.212090e-03
  2.000000e-02  -0.000000e+00   2.505616e+03   9.969529e-01   9.969529e-01   1.235962e-03
  2.000000e-02  -0.000000e+00   2.498286e+03   9.940364e-01   9.940364e-01   1.256603e-03
  2.000000e-02  -0.000000e+00   2.498286e+03   9.940364e-01   9.943603e-01   1.235962e-03
  2.000000e-02  -0.000000e+00   2.505616e+03   9.969529e-01   9.969529e-01   1.235962e-03
  2.000000e-02  -0.000000e+00   2.510514e+03   9.989020e-01   9.989020e-01   1.235962e-03
  2.000000e-02  -0.000000e+00   2.512967e+03   9.998779e-01   9.998779e-01   1.235962e-03
  2.000000e-02  -0.000000e+00   2.512967e+03   9.998779e-01   9.998779e-01   1.235962e-03
  2.000000e-02  -0.000000e+00   2.510514e+03   9.989020e-01   9.984980e-01   1.235962e-03
  2.000000e-02  -0.000000e+00   2.505616e+03   9.969529e-01   9.969529e-01   1.235962e-03
  2.000000e-02  -0.000000e+00   2.498286e+03   9.940364e-01   9.940364e-01   1.235971e-03
  2.000000e-02  -0.000000e+00   2.498286e+03   9.940364e-01   9.940364e-01   1.235962e-03
  2.000000e-02  -0.000000e+00   2.505616e+03   9.969529e-01   9.969529e-01   1.235987e-03
  2.000000e-02  -0.000000e+00   2.510514e+03   9.989020e-01   9.986936e-01   1.235970e-03
  2.000000e-02  -0.000000e+00   2.512967e+03   9.998779e-01   9.998779e-01   1.235962e-03
  2.000000e-02  -0.000000e+00   2.512967e+03   9.998779e-01   9.994478e-01   1.235962e-03
  2.000000e-02  -0.000000e+00   2.510514e+03   9.989020e-01   9.989020e-01   1.235962e-03
  2.000000e-02  -0.000000e+00   2.505616e+03   9.969529e-01   9.965853e-01   1.235962e-03
  2.000000e-02  -0.000000e+00   2.498286e+03   9.940364e-01   9.940364e-01   1.235962e-03
  2.000000e-02  -0.000000e+00   2.498286e+03   9.940364e-01   9.940364e-01   1.235962e-03
  2.000000e-02  -0.000000e+00   2.505616e+03   9.969529e-01   9.969529e-01   1.235974e-03
  2.000000e-02  -0.000000e+00   2.510514e+03   9.989020e-01   9.989020e-01   1.235962e-03
  2.000000e-02  -0.000000e+00   2.512967e+03   9.998779e-01   9.998779e-01   1.235962e-03
  2.000000e-02  -0.000000e+00   2.512967e+03   9.998779e-01   9.998779e-01   1.235962e-03
  2.000000e-02  -0.000000e+00   2.510514e+03   9.989020e-01   9.993186e-01   1.235962e-03
  2.000000e-02  -0.000000e+00   2.505616e+03   9.969529e-01   9.969529e-01   1.235962e-03
  2.000000e-02  -0.000000e+00   2.498286e+03   9.940364e-01   9.937125e-01   1.235962e-03
  2.000000e-02  -0.000000e+00   2.498286e+03   9.940364e-01   9.940364e-01   1.235962e-03
  2.000000e-02  -0.000000e+00   2.505616e+03   9.969529e-01   9.969529e-01   1.212812e-03
  2.000000e-02  -0.000000e+00   2.510514e+03   9.989020e-01   9.989020e-01   1.235962e-03
  1.999477e-02  -0.000000e+00   2.513625e+03   9.998779e-01   9.998779e-01   1.235962e-03
  2.000000e-02  -0.000000e+00   2.512967e+03   9.998779e-01   9.998779e-01   1.235962e-03
  2.000000e-02  -0.000000e+00   2.510514e+03   9.989020e-01   9.989020e-01   1.235962e-03
  1.999591e-02  -0.000000e+00   2.506128e+03   9.969529e-01   9.969529e-01   1.235962e-03
  2.000000e-02  -0.000000e+00   2.498286e+03   9.940364e-01   9.940364e-01   1.235962e-03
  2.000000e-02  -0.000000e+00   2.498286e+03   9.940364e-01   9.940364e-01   1.246261e-03
  2.000000e-02  -0.000000e+00   2.505616e+03   9.969529e-01   9.969529e-01   1.235962e-03
  2.000000e-02  -0.000000e+00   2.510514e+03   9.989020e-01   9.989020e-01   1.235962e-03
  2.000000e-02  -0.000000e+00   2.512967e+03   9.998779e-01   9.998779e-01   1.235962e-03
  2.000000e-02  -0.000000e+00   2.512967e+03   9.998779e-01   9.998779e-01   1.235962e-03
  2.000000e-02  -0.000000e+00   2.510514e+03   9.989020e-01   9.989020e-01   1.235962e-03
  2.000000e-02  -0.000000e+00   2.505616e+03   9.969529e-01   9.969529e-01   1.235962e-03
  2.000000e-02  -0.000000e+00   2.498286e+03   9.940364e-01   9.937125e-01   1.235962e-03
  2.000000e-02  -0.000000e+00   2.498286e+03   9.940364e-01   9.940364e-01   1.235962e-03
  2.000000e-02  -0.000000e+00   2.505616e+03   9.969529e-01   9.969529e-01   1.235962e-03
  2.000000e-02  -0.000000e+00   2.510514e+03   9.989020e-01   9.989020e-01   1.235962e-03
  2.000000e-02  -0.000000e+00   2.512967e+03   9.998779e-01   9.998779e-01   1.221125e-03
  2.000000e-02  -0.000000e+00   2.512967e+03   9.998779e-01   9.998779e-01   1.235962e-03
  2.000000e-02  -0.000000e+00   2.510514e+03   9.989020e-01   9.989020e-01   1.235962e-03
  2.000000e-02  -0.000000e+00   2.505616e+03   9.969529e-01   9.969529e-01   1.235962e-03
  2.000000e-02  -0.000000e+00   2.498286e+03   9.940364e-01   9.940364e-01   1.235962e-03
  2.000000e-02  -0.000000e+00   2.498286e+03   9.940364e-01   9.940364e-01   1.235962e-03
  2.000000e-02  -0.000000e+00   2.505616e+03   9.969529e-01   9.969529e-01   1.235962e-03
  2.000000e-02  -0.000000e+00   2.510514e+03   9.989020e-01   9.989020e-01   1.235962e-03
  2.000000e-02  -0.000000e+00   2.512967e+03   9.998779e-01   1.000114e+00   1.235972e-03
  2.000000e-02  -0.000000e+00   2.512967e+03   9.998779e-01   9.998779e-01   1.235962e-03
  2.000000e-02  -0.000000e+00   2.510514e+03   9.989020e-01   9.989020e-01   1.235962e-03
  2.000000e-02  -0.000000e+00   2.505616e+03   9.969529e-01   9.973205e-01   1.235965e-03
  2.000000e-02  -0.000000e+00   2.498286e+03   9.940364e-01   9.940364e-01   1.235962e-03
  2.000000e-02  -0.000000e+00   2.498286e+03   9.940364e-01   9.940364e-01   1.235962e-03
  2.000000e-02  -0.000000e+00   2.505616e+03   9.969529e-01   9.969529e-01   1.235962e-03
  2.000000e-02  -0.000000e+00   2.510514e+03   9.989020e-01   9.989020e-01   1.235962e-03
  2.000000e-02  -0.000000e+00   2.512967e+03   9.998779e-01   9.998779e-01   1.235982e-03
  2.000000e-02  -0.000000e+00   2.512967e+03   9.998779e-01   9.998779e-01   1.235962e-03
  2.000000e-02  -0.000000e+00   2.510514e+03   9.989020e-01   9.989020e-01   1.235962e-03
  2.000000e-02  -0.000000e+00   2.505616e+03   9.969529e-01   9.969529e-01   1.235962e-03
  2.000000e-02  -0.000000e+00   2.498286e+03   9.940364e-01   9.940364e-01   1.235962e-03
  2.000000e-02  -0.000000e+00   2.498286e+03   9.940364e-01   9.940364e-01   1.236000e-03
  2.000000e-02  -0.000000e+00   2.505616e+03   9.969529e-01   9.969529e-01   1.235962e-03
  2.000000e-02  -0.000000e+00   2.510514e+03   9.989020e-01   9.989020e-01   1.235962e-03
  2.000000e-02  -0.000000e+00   2.512967e+03   9.998779e-01   9.998779e-01   1.235962e-03
  2.000000e-02  -0.000000e+00   2.512967e+03   9.998779e-01   9.998779e-01   1.235962e-03
  2.000000e-02  -0.000000e+00   2.510514e+03   9.989020e-01   9.989020e-01   1.235962e-03
  2.000000e-02  -0.000000e+00   2.505616e+03   9.969529e-01   9.969529e-01   1.235962e-03
  2.000000e-02  -0.000000e+00   2.498286e+03   9.940364e-01   9.940364e-01   1.235962e-03
  2.000000e-02  -0.000000e+00   2.498286e+03   9.940364e-01   9.940364e-01   1.235962e-03
  2.000409e-02  -0.000000e+00   2.505104e+03   9.969529e-01   9.969529e-01   1.235962e-03
  2.000000e-02  -0.000000e+00   2.510514e+03   9.989020e-01   9.989020e-01   1.235962e-03
  2.000000e-02  -0.000000e+00   2.512967e+03   9.998779e-01   9.998779e-01   1.236004e-03
  2.000000e-02  -0.000000e+00   2.512967e+03   9.998779e-01   9.994062e-01   1.235962e-03
  2.000000e-02  -0.000000e+00   2.510514e+03   9.989020e-01   9.989020e-01   1.235962e-03
  2.000000e-02  -0.000000e+00   2.505616e+03   9.969529e-01   9.969529e-01   1.235962e-03
  2.000000e-02  -0.000000e+00   2.498286e+03   9.940364e-01   9.940364e-01   1.235962e-03
  2.000000e-02  -0.000000e+00   2.498286e+03   9.940364e-01   9.940364e-01   1.246261e-03
  2.000000e-02  -0.000000e+00   2.505616e+03   9.969529e-01   9.969529e-01   1.236011e-03
  2.000000e-02  -0.000000e+00   2.510514e+03   9.989020e-01   9.989020e-01   1.222840e-03
  2.000000e-02  -0.000000e+00   2.512967e+03   9.998779e-01   9.998779e-01   1.235962e-03
  1.998954e-02  -0.000000e+00   2.514282e+03   9.998779e-01   9.998779e-01   1.235962e-03
  2.000000e-02  -0.000000e+00   2.510514e+03   9.989020e-01   9.989020e-01   1.235962e-03
  2.000000e-02  -0.000000e+00   2.505616e+03   9.969529e-01   9.969529e-01   1.235962e-03
  2.000000e-02  -0.000000e+00   2.498286e+03   9.940364e-01   9.940364e-01   1.236000e-03
  2.000000e-02  -0.000000e+00   2.498286e+03   9.940364e-01   9.940364e-01   1.235962e-03
  2.000409e-02  -0.000000e+00   2.505104e+03   9.969529e-01   9.969529e-01   1.236011e-03
  2.000000e-02  -0.000000e+00   2.510514e+03   9.989020e-01   9.989020e-01   1.235962e-03
  2.000000e-02  -0.000000e+00   2.512967e+03   9.998779e-01   9.998779e-01   1.235962e-03
  2.000000e-02  -0.000000e+00   2.512967e+03   9.998779e-01   9.998779e-01   1.236042e-03
  2.000000e-02  -0.000000e+00   2.510514e+03   9.989020e-01   9.989020e-01   1.236025e-03
  2.000000e-02  -0.000000e+00   2.505616e+03   9.969529e-01   9.969529e-01   1.235962e-03
  2.000000e-02  -0.000000e+00   2.498286e+03   9.940364e-01   9.940364e-01   1.236000e-03
  2.000000e-02  -0.000000e+00   2.498286e+03   9.940364e-01   9.940364e-01   1.235962e-03
  2.000000e-02  -0.000000e+00   2.505616e+03   9.969529e-01   9.969529e-01   1.235962e-03
  2.000000e-02  -0.000000e+00   2.510514e+03   9.989020e-01   9.989020e-01   1.235962e-03
  2.000000e-02  -0.000000e+00   2.512967e+03   9.998779e-01   1.000114e+00   1.235962e-03
  2.000000e-02  -0.000000e+00   2.512967e+03   9.998779e-01   9.998779e-01   1.235962e-03
  2.000000e-02  -0.000000e+00   2.510514e+03   9.989020e-01   9.989020e-01   1.235962e-03
  2.000000e-02  -0.000000e+00   2.505616e+03   9.969529e-01   9.969529e-01   1.235962e-03
  2.000000e-02  -0.000000e+00   2.498286e+03   9.940364e-01   9.940364e-01   1.235962e-03
  2.000000e-02  -0.000000e+00   2.498286e+03   9.940364e-01   9.941984e-01   1.235962e-03
  2.000000e-02  -0.000000e+00   2.505616e+03   9.969529e-01   9.969529e-01   1.235962e-03
  2.000000e-02  -0.000000e+00   2.510514e+03   9.989020e-01   9.989020e-01   1.235962e-03
  2.000000e-02  -0.000000e+00   2.512967e+03   9.998779e-01   9.998779e-01   1.235962e-03
  2.000000e-02  -0.000000e+00   2.512967e+03   9.998779e-01   9.994062e-01   1.221125e-03
  2.000000e-02  -0.000000e+00   2.510514e+03   9.989020e-01   9.989020e-01   1.236025e-03
  2.000000e-02  -0.000000e+00   2.505616e+03   9.969529e-01   9.969529e-01   1.235962e-03
  2.000000e-02  -0.000000e+00   2.498286e+03   9.940364e-01   9.940364e-01   1.235962e-03
  2.000000e-02  -0.000000e+00   2.498286e+03   9.940364e-01   9.940364e-01   1.235962e-03
  2.000000e-02  -0.000000e+00   2.505616e+03   9.969529e-01   9.969529e-01   1.235962e-03
  2.000000e-02  -0.000000e+00   2.510514e+03   9.989020e-01   9.989020e-01   1.235995e-03
  2.000000e-02  -0.000000e+00   2.512967e+03   9.998779e-01   9.998779e-01   1.235962e-03
  2.000000e-02  -0.000000e+00   2.512967e+03   9.998779e-01   9.994062e-01   1.221205e-03
  2.000000e-02  -0.000000e+00   2.510514e+03   9.989020e-01   9.989020e-01   1.235962e-03
  2.000000e-02  -0.000000e+00   2.505616e+03   9.969529e-01   9.969529e-01   1.235962e-03
  2.000000e-02  -0.000000e+00   2.498286e+03   9.940364e-01   9.940364e-01   1.246299e-03
  2.000000e-02  -0.000000e+00   2.498286e+03   9.940364e-01   9.940364e-01   1.235962e-03
  2.000000e-02  -0.000000e+00   2.505616e+03   9.969529e-01   9.969529e-01   1.235962e-03
  2.000000e-02  -0.000000e+00   2.510514e+03   9.989020e-01   9.989020e-01   1.235962e-03
  2.000000e-02  -0.000000e+00   2.512967e+03   9.998779e-01   9.998779e-01   1.235962e-03
  2.000000e-02  -0.000000e+00   2.512967e+03   9.998779e-01   9.998779e-01   1.235962e-03
  2.000000e-02  -0.000000e+00   2.510514e+03   9.989020e-01   9.989020e-01   1.235962e-03
  2.000000e-02  -0.000000e+00   2.505616e+03   9.969529e-01   9.971367e-01   1.235962e-03
  2.000000e-02  -0.000000e+00   2.498286e+03   9.940364e-01   9.940364e-01   1.235962e-03
  2.000000e-02  -0.000000e+00   2.498286e+03   9.940364e-01   9.940364e-01   1.236042e-03
  2.000000e-02  -0.000000e+00   2.505616e+03   9.969529e-01   9.969529e-01   1.235962e-03
  2.000000e-02  -0.000000e+00   2.510514e+03   9.989020e-01   9.990061e-01   1.235962e-03
  2.000000e-02  -0.000000e+00   2.512967e+03   9.998779e-01   9.998779e-01   1.235962e-03
  2.000000e-02  -0.000000e+00   2.512967e+03   9.998779e-01   1.000350e+00   1.235962e-03
  2.000000e-02  -0.000000e+00   2.510514e+03   9.989020e-01   9.989020e-01   1.235962e-03
  2.000000e-02  -0.000000e+00   2.505616e+03   9.969529e-01   9.969529e-01   1.235962e-03
  2.000000e-02  -0.000000e+00   2.498286e+03   9.940364e-01   9.940364e-01   1.235962e-03
  2.000000e-02  -0.000000e+00   2.498286e+03   9.940364e-01   9.938745e-01   1.236115e-03
  2.000000e-02  -0.000000e+00   2.505616e+03   9.969529e-01   9.969529e-01   1.235962e-03
  1.999075e-02  -0.000000e+00   2.511676e+03   9.989020e-01   9.989020e-01   1.235962e-03
  2.000000e-02  -0.000000e+00   2.512967e+03   9.998779e-01   9.998779e-01   1.235962e-03
  2.000000e-02  -0.000000e+00   2.512967e+03   9.998779e-01   9.998779e-01   1.235962e-03
  2.000000e-02  -0.000000e+00   2.510514e+03   9.989020e-01   9.989020e-01   1.235962e-03
  2.000000e-02  -0.000000e+00   2.505616e+03   9.969529e-01   9.969529e-01   1.235962e-03
  2.000000e-02  -0.000000e+00   2.498286e+03   9.940364e-01   9.940364e-01   1.235962e-03
  2.000000e-02  -0.000000e+00   2.498286e+03   9.940364e-01   9.940364e-01   1.236115e-03
  2.000000e-02  -0.000000e+00   2.505616e+03   9.969529e-01   9.969529e-01   1.236158e-03
  2.000000e-02  -0.000000e+00   2.510514e+03   9.989020e-01   9.989020e-01   1.235962e-03
  1.998954e-02  -0.000000e+00   2.514282e+03   9.998779e-01   9.998779e-01   1.236283e-03
  2.000000e-02  -0.000000e+00   2.512967e+03   9.998779e-01   9.998779e-01   1.235972e-03
  2.000000e-02  -0.000000e+00   2.510514e+03   9.989020e-01   9.989020e-01   1.236213e-03
  2.000000e-02  -0.000000e+00   2.505616e+03   9.969529e-01   9.969529e-01   1.235962e-03
  2.000000e-02  -0.000000e+00   2.498286e+03   9.940364e-01   9.940364e-01   1.235962e-03
  2.000000e-02  -0.000000e+00   2.498286e+03   9.940364e-01   9.940364e-01   1.235962e-03
  2.000000e-02  -0.000000e+00   2.505616e+03   9.969529e-01   9.969529e-01   1.236158e-03
  2.000000e-02  -0.000000e+00   2.510514e+03   9.989020e-01   9.989020e-01   1.235962e-03
  2.000000e-02  -0.000000e+00   2.512967e+03   9.998779e-01   9.998779e-01   1.235962e-03
  2.000000e-02  -0.000000e+00   2.512967e+03   9.998779e-01   9.998779e-01   1.235962e-03
  2.000000e-02  -0.000000e+00   2.510514e+03   9.989020e-01   9.989020e-01   1.236213e-03
  2.000000e-02  -0.000000e+00   2.505616e+03   9.969529e-01   9.969529e-01   1.235962e-03
  2.000000e-02  -0.000000e+00   2.498286e+03   9.940364e-01   9.940364e-01   1.235962e-03
  2.001445e-02  -0.000000e+00   2.496482e+03   9.940364e-01   9.940364e-01   1.225706e-03
  2.000000e-02  -0.000000e+00   2.505616e+03   9.969529e-01   9.969529e-01   1.235962e-03
  2.000000e-02  -0.000000e+00   2.510514e+03   9.989020e-01   9.989020e-01   1.235962e-03
  2.000000e-02  -0.000000e+00   2.512967e+03   9.998779e-01   9.998779e-01   1.235962e-03
  2.000000e-02  -0.000000e+00   2.512967e+03   9.998779e-01   9.998779e-01   1.235962e-03
  2.000000e-02  -0.000000e+00   2.510514e+03   9.989020e-01   9.989020e-01   1.235962e-03
  2.000000e-02  -0.000000e+00   2.505616e+03   9.969529e-01   9.969529e-01   1.235962e-03
  1.998555e-02  -0.000000e+00   2.500092e+03   9.940364e-01   9.940364e-01   1.235962e-03
  2.000000e-02  -0.000000e+00   2.498286e+03   9.940364e-01   9.940364e-01   1.235962e-03
  2.000000e-02  -0.000000e+00   2.505616e+03   9.969529e-01   9.969529e-01   1.236064e-03
  2.000925e-02  -0.000000e+00   2.509354e+03   9.989020e-01   9.989020e-01   1.235962e-03
  2.000000e-02  -0.000000e+00   2.512967e+03   9.998779e-01   9.998779e-01   1.235962e-03
  2.000000e-02  -0.000000e+00   2.512967e+03   9.998779e-01   1.000107e+00   1.235962e-03
  2.000000e-02  -0.000000e+00   2.510514e+03   9.989020e-01   9.989020e-01   1.235962e-03
  2.000000e-02  -0.000000e+00   2.505616e+03   9.969529e-01   9.969529e-01   1.235962e-03
  2.000000e-02  -0.000000e+00   2.498286e+03   9.940364e-01   9.940364e-01   1.235962e-03
  2.000000e-02  -0.000000e+00   2.498286e+03   9.940364e-01   9.941984e-01   1.235962e-03
  2.000000e-02  -0.000000e+00   2.505616e+03   9.969529e-01   9.969529e-01   1.235962e-03
  2.000000e-02  -0.000000e+00   2.510514e+03   9.989020e-01   9.991103e-01   1.235962e-03
  2.000000e-02  -0.000000e+00   2.512967e+03   9.998779e-01   9.998779e-01   1.235962e-03
  2.000000e-02  -0.000000e+00   2.512967e+03   9.998779e-01   9.994478e-01   1.235962e-03
  2.000000e-02  -0.000000e+00   2.510514e+03   9.989020e-01   9.989020e-01   1.235962e-03
  2.000000e-02  -0.000000e+00   2.505616e+03   9.969529e-01   9.969529e-01   1.235964e-03
  2.000000e-02  -0.000000e+00   2.498286e+03   9.940364e-01   9.940364e-01   1.235967e-03
  2.000723e-02  -0.000000e+00   2.497384e+03   9.940364e-01   9.940364e-01   1.235962e-03
  2.000000e-02  -0.000000e+00   2.505616e+03   9.969529e-01   9.969529e-01   1.235962e-03
  2.000000e-02  -0.000000e+00   2.510514e+03   9.989020e-01   9.989020e-01   1.235962e-03
  2.000000e-02  -0.000000e+00   2.512967e+03   9.998779e-01   9.998779e-01   1.210580e-03
  2.000000e-02  -0.000000e+00   2.512967e+03   9.998779e-01   9.998779e-01   1.235962e-03
  2.000000e-02  -0.000000e+00   2.510514e+03   9.989020e-01   9.989020e-01   1.235962e-03
  2.000000e-02  -0.000000e+00   2.505616e+03   9.969529e-01   9.969529e-01   1.235968e-03
  2.000000e-02  -0.000000e+00   2.498286e+03   9.940364e-01   9.940364e-01   1.235962e-03
  2.000000e-02  -0.000000e+00   2.498286e+03   9.940364e-01   9.940364e-01   1.235962e-03
  2.000000e-02  -0.000000e+00   2.505616e+03   9.969529e-01   9.969529e-01   1.235962e-03
  2.000000e-02  -0.000000e+00   2.510514e+03   9.989020e-01   9.989020e-01   1.235962e-03
  2.000000e-02  -0.000000e+00   2.512967e+03   9.998779e-01   9.998779e-01   1.235962e-03
  2.000000e-02  -0.000000e+00   2.512967e+03   9.998779e-01   9.998779e-01   1.235962e-03
  2.000000e-02  -0.000000e+00   2.510514e+03   9.989020e-01   9.989020e-01   1.235962e-03
  2.000000e-02  -0.000000e+00   2.505616e+03   9.969529e-01   9.969529e-01   1.224360e-03
  2.000000e-02  -0.000000e+00   2.498286e+03   9.940364e-01   9.940364e-01   1.235962e-03
  2.000000e-02  -0.000000e+00   2.498286e+03   9.940364e-01   9.940364e-01   1.235962e-03
  2.000793e-02  -0.000000e+00   2.504623e+03   9.969529e-01   9.969529e-01   1.235962e-03
  2.000000e-02  -0.000000e+00   2.510514e+03   9.989020e-01   9.989020e-01   1.235962e-03
  2.000000e-02  -0.000000e+00   2.512967e+03   9.998779e-01   9.998779e-01   1.235962e-03
  2.000000e-02  -0.000000e+00   2.512967e+03   9.998779e-01   9.998779e-01   1.235963e-03
  2.000000e-02  -0.000000e+00   2.510514e+03   9.989020e-01   9.989020e-01   1.247264e-03
  2.000000e-02  -0.000000e+00   2.505616e+03   9.969529e-01   9.969529e-01   1.235962e-03
  2.000000e-02  -0.000000e+00   2.498286e+03   9.940364e-01   9.940364e-01   1.235962e-03
  2.000000e-02  -0.000000e+00   2.498286e+03   9.940364e-01   9.940364e-01   1.235962e-03
  2.000000e-02  -0.000000e+00   2.505616e+03   9.969529e-01   9.969529e-01   1.235962e-03
  2.000000e-02  -0.000000e+00   2.510514e+03   9.989020e-01   9.989020e-01   1.235962e-03
  2.000000e-02  -0.000000e+00   2.512967e+03   9.998779e-01   9.998779e-01   1.235962e-03
  2.000000e-02  -0.000000e+00   2.512967e+03   9.998779e-01   9.998779e-01   1.235962e-03
  2.000000e-02  -0.000000e+00   2.510514e+03   9.989020e-01   9.989020e-01   1.235962e-03
  2.000000e-02  -0.000000e+00   2.505616e+03   9.969529e-01   9.969529e-01   1.235962e-03
  2.000000e-02  -0.000000e+00   2.498286e+03   9.940364e-01   9.940364e-01   1.235982e-03
  2.000350e-02  -0.000000e+00   2.497849e+03   9.940364e-01   9.940364e-01   1.235962e-03
  2.000000e-02  -0.000000e+00   2.505616e+03   9.969529e-01   9.969529e-01   1.235962e-03
  2.000000e-02  -0.000000e+00   2.510514e+03   9.989020e-01   9.989020e-01   1.235962e-03
  2.000000e-02  -0.000000e+00   2.512967e+03   9.998779e-01   9.998779e-01   1.235962e-03
  2.000000e-02  -0.000000e+00   2.512967e+03   9.998779e-01   9.998779e-01   1.235962e-03
  2.000000e-02  -0.000000e+00   2.510514e+03   9.989020e-01   9.989020e-01   1.235962e-03
  2.000000e-02  -0.000000e+00   2.505616e+03   9.969529e-01   9.969529e-01   1.235962e-03
  2.000000e-02  -0.000000e+00   2.498286e+03   9.940364e-01   9.939972e-01   1.235962e-03
  2.000000e-02  -0.000000e+00   2.498286e+03   9.940364e-01   9.941934e-01   1.373651e-04
  2.000000e-02  -0.000000e+00   2.505616e+03   9.969529e-01   9.969529e-01   1.373291e-04
  2.000000e-02  -0.000000e+00   2.510514e+03   9.989020e-01   9.989020e-01   1.373291e-04
  2.000000e-02  -0.000000e+00   2.512967e+03   9.998779e-01   1.000036e+00   1.373291e-04
  2.000000e-02  -0.000000e+00   2.512967e+03   9.998779e-01   9.998779e-01   1.373381e-04
  2.000000e-02  -0.000000e+00   2.510514e+03   9.989020e-01   9.989020e-01   1.373291e-04
  2.000000e-02  -0.000000e+00   2.505616e+03   9.969529e-01   9.969529e-01   1.373291e-04
  2.000000e-02  -0.000000e+00   2.498286e+03   9.940364e-01   9.938794e-01   1.373291e-04
  2.000000e-02  -0.000000e+00   2.498286e+03   9.940364e-01   9.940364e-01   1.373291e-04
  2.000000e-02  -0.000000e+00   2.505616e+03   9.969529e-01   9.969529e-01   1.373291e-04
  2.000000e-02  -0.000000e+00   2.510514e+03   9.989020e-01   9.989020e-01   1.373291e-04
  2.000000e-02  -0.000000e+00   2.512967e+03   9.998779e-01   9.998779e-01   1.373291e-04
  2.000000e-02  -0.000000e+00   2.512967e+03   9.998779e-01   9.998779e-01   1.373291e-04
  2.000000e-02  -0.000000e+00   2.510514e+03   9.989020e-01   9.990698e-01   1.373291e-04
  2.000000e-02  -0.000000e+00   2.505616e+03   9.969529e-01   9.969529e-01   1.373291e-04
  2.000000e-02  -0.000000e+00   2.498286e+03   9.940364e-01   9.940364e-01   1.373315e-04
  2.000000e-02  -0.000000e+00   2.498286e+03   9.940364e-01   9.940364e-01   1.373291e-04
  2.000000e-02  -0.000000e+00   2.505616e+03   9.969529e-01   9.969529e-01   1.373291e-04
  2.000793e-02  -0.000000e+00   2.509520e+03   9.989020e-01   9.985449e-01   1.373532e-04
  2.000000e-02  -0.000000e+00   2.512967e+03   9.998779e-01   1.000235e+00   1.373291e-04
  2.000000e-02  -0.000000e+00   2.512967e+03   9.998779e-01   9.998779e-01   1.373291e-04
  2.000000e-02  -0.000000e+00   2.510514e+03   9.989020e-01   9.989020e-01   1.373291e-04
  2.000000e-02  -0.000000e+00   2.505616e+03   9.969529e-01   9.969529e-01   1.373406e-04
  2.000000e-02  -0.000000e+00   2.498286e+03   9.940364e-01   9.940364e-01   1.373291e-04
  2.000000e-02  -0.000000e+00   2.498286e+03   9.940364e-01   9.940364e-01   1.373291e-04
  2.000000e-02  -0.000000e+00   2.505616e+03   9.969529e-01   9.969529e-01   1.373291e-04
  2.000000e-02  -0.000000e+00   2.510514e+03   9.989020e-01   9.989020e-01   1.373291e-04
  2.000000e-02  -0.000000e+00   2.512967e+03   9.998779e-01   9.998779e-01   1.373291e-04
  2.000000e-02  -0.000000e+00   2.512967e+03   9.998779e-01   9.998779e-01   1.373291e-04
  2.000000e-02  -0.000000e+00   2.510514e+03   9.989020e-01   9.989020e-01   1.373291e-04
  2.000000e-02  -0.000000e+00   2.505616e+03   9.969529e-01   9.976881e-01   1.373291e-04
  2.000000e-02  -0.000000e+00   2.498286e+03   9.940364e-01   9.940364e-01   1.373291e-04
  2.000000e-02  -0.000000e+00   2.498286e+03   9.940364e-01   9.940364e-01   1.373291e-04
  2.000000e-02  -0.000000e+00   2.505616e+03   9.969529e-01   9.969529e-01   1.373291e-04
  2.000000e-02  -0.000000e+00   2.510514e+03   9.989020e-01   9.989020e-01   1.373291e-04
  2.000000e-02  -0.000000e+00   2.512967e+03   9.998779e-01   9.998779e-01   1.373291e-04
  2.000000e-02  -0.000000e+00   2.512967e+03   9.998779e-01   9.998779e-01   1.373291e-04
  2.000000e-02  -0.000000e+00   2.510514e+03   9.989020e-01   9.989020e-01   1.373291e-04
  2.000000e-02  -0.000000e+00   2.505616e+03   9.969529e-01   9.969529e-01   1.296854e-04
  2.000000e-02  -0.000000e+00   2.498286e+03   9.940364e-01   9.940364e-01   1.373291e-04
  2.000000e-02  -0.000000e+00   2.498286e+03   9.940364e-01   9.940364e-01   1.373291e-04
  2.000000e-02  -0.000000e+00   2.505616e+03   9.969529e-01   9.969529e-01   1.373413e-04
  2.000000e-02  -0.000000e+00   2.510514e+03   9.989020e-01   9.989020e-01   1.373291e-04
  2.000000e-02  -0.000000e+00   2.512967e+03   9.998779e-01   9.998779e-01   1.373291e-04
  2.000000e-02  -0.000000e+00   2.512967e+03   9.998779e-01   9.998779e-01   1.373291e-04
  2.000000e-02  -0.000000e+00   2.510514e+03   9.989020e-01   9.989020e-01   1.373291e-04
  2.000000e-02  -0.000000e+00   2.505616e+03   9.969529e-01   9.969529e-01   1.373291e-04
  2.000000e-02  -0.000000e+00   2.498286e+03   9.940364e-01   9.940364e-01   1.442664e-04
  2.000000e-02  -0.000000e+00   2.498286e+03   9.940364e-01   9.940364e-01   1.373291e-04
  2.000000e-02  -0.000000e+00   2.505616e+03   9.969529e-01   9.969529e-01   1.373291e-04
  2.000000e-02  -0.000000e+00   2.510514e+03   9.989020e-01   9.989020e-01   1.373291e-04
  2.000000e-02  -0.000000e+00   2.512967e+03   9.998779e-01   9.998779e-01   1.373291e-04
  2.000000e-02  -0.000000e+00   2.512967e+03   9.998779e-01   9.998779e-01   1.373291e-04
  2.000000e-02  -0.000000e+00   2.510514e+03   9.989020e-01   9.989020e-01   1.373291e-04
  2.000000e-02  -0.000000e+00   2.505616e+03   9.969529e-01   9.969529e-01   1.451916e-04
  2.000000e-02  -0.000000e+00   2.498286e+03   9.940364e-01   9.940364e-01   1.373291e-04
  2.000000e-02  -0.000000e+00   2.498286e+03   9.940364e-01   9.940364e-01   1.373291e-04
  1.999183e-02  -0.000000e+00   2.506640e+03   9.969529e-01   9.969529e-01   1.373291e-04
  2.000000e-02  -0.000000e+00   2.510514e+03   9.989020e-01   9.989020e-01   1.462405e-04
  2.000000e-02  -0.000000e+00   2.512967e+03   9.998779e-01   9.998779e-01   1.373291e-04
  2.000000e-02  -0.000000e+00   2.512967e+03   9.998779e-01   9.998779e-01   1.373291e-04
  2.000000e-02  -0.000000e+00   2.510514e+03   9.989020e-01   9.989020e-01   1.373291e-04
  2.000000e-02  -0.000000e+00   2.505616e+03   9.969529e-01   9.969529e-01   1.373291e-04
  2.000000e-02  -0.000000e+00   2.498286e+03   9.940364e-01   9.940364e-01   1.373291e-04
  2.000000e-02  -0.000000e+00   2.498286e+03   9.940364e-01   9.940364e-01   1.373291e-04
  2.000000e-02  -0.000000e+00   2.505616e+03   9.969529e-01   9.969529e-01   1.373291e-04
  2.000000e-02  -0.000000e+00   2.510514e+03   9.989020e-01   9.989020e-01   1.373291e-04
  2.000000e-02  -0.000000e+00   2.512967e+03   9.998779e-01   9.998779e-01   1.373291e-04
  2.000000e-02  -0.000000e+00   2.512967e+03   9.998779e-01   9.998779e-01   1.373291e-04
  2.000000e-02  -0.000000e+00   2.510514e+03   9.989020e-01   9.989020e-01   1.373291e-04
  2.000000e-02  -0.000000e+00   2.505616e+03   9.969529e-01   9.969529e-01   1.412330e-04
  2.000000e-02  -0.000000e+00   2.498286e+03   9.940364e-01   9.940364e-01   1.373291e-04
  2.000000e-02  -0.000000e+00   2.498286e+03   9.940364e-01   9.940364e-01   1.373387e-04
  2.000000e-02  -0.000000e+00   2.505616e+03   9.969529e-01   9.969529e-01   1.373291e-04
  2.000000e-02  -0.000000e+00   2.510514e+03   9.989020e-01   9.989020e-01   1.373291e-04
  2.000000e-02  -0.000000e+00   2.512967e+03   9.998779e-01   9.994062e-01   1.373291e-04
  2.000000e-02  -0.000000e+00   2.512967e+03   9.998779e-01   9.998779e-01   1.373291e-04
  2.000000e-02  -0.000000e+00   2.510514e+03   9.989020e-01   9.989020e-01   1.373291e-04
  2.000000e-02  -0.000000e+00   2.505616e+03   9.969529e-01   9.969529e-01   1.373291e-04
  2.000000e-02  -0.000000e+00   2.498286e+03   9.940364e-01   9.937125e-01   1.373291e-04
  2.000000e-02  -0.000000e+00   2.498286e+03   9.940364e-01   9.940364e-01   1.373291e-04
  2.000000e-02  -0.000000e+00   2.505616e+03   9.969529e-01   9.969529e-01   1.374314e-04
  2.000462e-02  -0.000000e+00   2.509934e+03   9.989020e-01   9.989020e-01   1.373291e-04
  2.000000e-02  -0.000000e+00   2.512967e+03   9.998779e-01   9.998779e-01   1.373291e-04
  2.000000e-02  -0.000000e+00   2.512967e+03   9.998779e-01   9.998779e-01   1.373396e-04
  2.000000e-02  -0.000000e+00   2.510514e+03   9.989020e-01   9.989020e-01   1.373291e-04
  2.000000e-02  -0.000000e+00   2.505616e+03   9.969529e-01   9.969529e-01   1.373291e-04
  2.000000e-02  -0.000000e+00   2.498286e+03   9.940364e-01   9.940364e-01   1.373315e-04
  2.000000e-02  -0.000000e+00   2.498286e+03   9.940364e-01   9.940364e-01   1.373291e-04
  2.000000e-02  -0.000000e+00   2.505616e+03   9.969529e-01   9.969529e-01   1.374314e-04
  2.000000e-02  -0.000000e+00   2.510514e+03   9.989020e-01   9.989020e-01   1.373291e-04
  2.000000e-02  -0.000000e+00   2.512967e+03   9.998779e-01   9.998779e-01   1.373291e-04
  2.000000e-02  -0.000000e+00   2.512967e+03   9.998779e-01   9.998779e-01   1.373291e-04
  2.000000e-02  -0.000000e+00   2.510514e+03   9.989020e-01   9.989020e-01   1.373291e-04
  2.000000e-02  -0.000000e+00   2.505616e+03   9.969529e-01   9.969529e-01   1.373291e-04
  1.999278e-02  -0.000000e+00   2.499189e+03   9.940364e-01   9.940364e-01   1.373291e-04
  2.000000e-02  -0.000000e+00   2.498286e+03   9.940364e-01   9.940364e-01   1.373387e-04
  2.000000e-02  -0.000000e+00   2.505616e+03   9.969529e-01   9.969529e-01   1.373291e-04
  2.000000e-02  -0.000000e+00   2.510514e+03   9.989020e-01   9.989020e-01   1.373291e-04
  2.000000e-02  -0.000000e+00   2.512967e+03   9.998779e-01   9.998779e-01   1.373291e-04
  2.000000e-02  -0.000000e+00   2.512967e+03   9.998779e-01   9.998779e-01   1.373291e-04
  2.000000e-02  -0.000000e+00   2.510514e+03   9.989020e-01   9.989020e-01   1.373291e-04
  2.000000e-02  -0.000000e+00   2.505616e+03   9.969529e-01   9.969529e-01   1.373291e-04
  2.000000e-02  -0.000000e+00   2.498286e+03   9.940364e-01   9.940364e-01   1.373491e-04
  2.000000e-02  -0.000000e+00   2.498286e+03   9.940364e-01   9.940364e-01   1.373291e-04
  2.000000e-02  -0.000000e+00   2.505616e+03   9.969529e-01   9.969529e-01   1.373291e-04
  2.000000e-02  -0.000000e+00   2.510514e+03   9.989020e-01   9.989020e-01   1.373291e-04
  2.000000e-02  -0.000000e+00   2.512967e+03   9.998779e-01   9.998779e-01   1.373291e-04
  2.000000e-02  -0.000000e+00   2.512967e+03   9.998779e-01   9.998779e-01   1.373710e-04
  2.000000e-02  -0.000000e+00   2.510514e+03   9.989020e-01   9.989020e-01   1.417498e-04
  2.000000e-02  -0.000000e+00   2.505616e+03   9.969529e-01   9.965853e-01   1.373291e-04
  2.000000e-02  -0.000000e+00   2.498286e+03   9.940364e-01   9.940364e-01   1.407764e-04
  2.000000e-02  -0.000000e+00   2.498286e+03   9.940364e-01   9.940364e-01   1.373674e-04
  2.000409e-02  -0.000000e+00   2.505104e+03   9.969529e-01   9.969529e-01   1.373291e-04
  2.000000e-02  -0.000000e+00   2.510514e+03   9.989020e-01   9.989020e-01   1.373291e-04
  2.000000e-02  -0.000000e+00   2.512967e+03   9.998779e-01   9.994062e-01   1.373291e-04
  2.000000e-02  -0.000000e+00   2.512967e+03   9.998779e-01   1.000350e+00   1.373492e-04
  2.000000e-02  -0.000000e+00   2.510514e+03   9.989020e-01   9.989020e-01   1.373291e-04
  2.000000e-02  -0.000000e+00   2.505616e+03   9.969529e-01   9.969529e-01   1.373291e-04
  2.000000e-02  -0.000000e+00   2.498286e+03   9.940364e-01   9.940364e-01   1.373291e-04
  2.000000e-02  -0.000000e+00   2.498286e+03   9.940364e-01   9.941984e-01   1.373291e-04
  2.000000e-02  -0.000000e+00   2.505616e+03   9.969529e-01   9.969529e-01   1.373291e-04
  2.000000e-02  -0.000000e+00   2.510514e+03   9.989020e-01   9.986936e-01   1.373291e-04
  2.000000e-02  -0.000000e+00   2.512967e+03   9.998779e-01   9.998779e-01   1.373291e-04
  2.000000e-02  -0.000000e+00   2.512967e+03   9.998779e-01   9.998779e-01   1.373291e-04
  2.000000e-02  -0.000000e+00   2.510514e+03   9.989020e-01   9.989020e-01   1.373291e-04
  2.000000e-02  -0.000000e+00   2.505616e+03   9.969529e-01   9.969529e-01   1.373291e-04
  2.000000e-02  -0.000000e+00   2.498286e+03   9.940364e-01   9.940364e-01   1.373387e-04
  2.000000e-02  -0.000000e+00   2.498286e+03   9.940364e-01   9.940364e-01   1.373291e-04
  2.000000e-02  -0.000000e+00   2.505616e+03   9.969529e-01   9.969529e-01   1.373291e-04
  2.000000e-02  -0.000000e+00   2.510514e+03   9.989020e-01   9.989020e-01   1.373291e-04
  1.999477e-02  -0.000000e+00   2.513625e+03   9.998779e-01   9.998779e-01   1.373291e-04
  2.000000e-02  -0.000000e+00   2.512967e+03   9.998779e-01   9.998779e-01   1.373291e-04
  2.000000e-02  -0.000000e+00   2.510514e+03   9.989020e-01   9.989020e-01   1.286978e-04
  2.000000e-02  -0.000000e+00   2.505616e+03   9.969529e-01   9.969529e-01   1.412330e-04
  2.000000e-02  -0.000000e+00   2.498286e+03   9.940364e-01   9.940364e-01   1.373291e-04
  2.000000e-02  -0.000000e+00   2.498286e+03   9.940364e-01   9.937125e-01   1.305628e-04
  2.000000e-02  -0.000000e+00   2.505616e+03   9.969529e-01   9.969529e-01   1.373291e-04
  1.999538e-02  -0.000000e+00   2.511095e+03   9.989020e-01   9.989020e-01   1.373291e-04
  2.000000e-02  -0.000000e+00   2.512967e+03   9.998779e-01   9.998779e-01   1.373291e-04
  2.000000e-02  -0.000000e+00   2.512967e+03   9.998779e-01   1.000350e+00   1.373291e-04
  2.000000e-02  -0.000000e+00   2.510514e+03   9.989020e-01   9.989020e-01   1.373291e-04
  2.000000e-02  -0.000000e+00   2.505616e+03   9.969529e-01   9.969529e-01   1.334799e-04
  2.000000e-02  -0.000000e+00   2.498286e+03   9.940364e-01   9.943603e-01   1.373291e-04
  2.000000e-02  -0.000000e+00   2.498286e+03   9.940364e-01   9.943603e-01   1.373291e-04
  2.000000e-02  -0.000000e+00   2.505616e+03   9.969529e-01   9.969529e-01   1.373291e-04
  2.000000e-02  -0.000000e+00   2.510514e+03   9.989020e-01   9.989020e-01   1.373291e-04
  2.000000e-02  -0.000000e+00   2.512967e+03   9.998779e-01   9.998779e-01   1.373291e-04
  2.000000e-02  -0.000000e+00   2.512967e+03   9.998779e-01   9.998779e-01   1.275870e-04
  2.000000e-02  -0.000000e+00   2.510514e+03   9.989020e-01   9.989020e-01   1.373291e-04
  2.000000e-02  -0.000000e+00   2.505616e+03   9.969529e-01   9.969529e-01   1.412330e-04
  2.000000e-02  -0.000000e+00   2.498286e+03   9.940364e-01   9.940364e-01   1.373291e-04
  2.000000e-02  -0.000000e+00   2.498286e+03   9.940364e-01   9.940364e-01   1.373291e-04
  2.000000e-02  -0.000000e+00   2.505616e+03   9.969529e-01   9.969529e-01   1.373291e-04
  2.000000e-02  -0.000000e+00   2.510514e+03   9.989020e-01   9.989020e-01   1.373291e-04
  2.000000e-02  -0.000000e+00   2.512967e+03   9.998779e-01   9.998779e-01   1.373291e-04
  2.000000e-02  -0.000000e+00   2.512967e+03   9.998779e-01   9.998779e-01   1.373291e-04
  2.000000e-02  -0.000000e+00   2.510514e+03   9.989020e-01   9.989020e-01   1.417498e-04
  2.000000e-02  -0.000000e+00   2.505616e+03   9.969529e-01   9.969529e-01   1.373291e-04
  2.000000e-02  -0.000000e+00   2.498286e+03   9.940364e-01   9.940364e-01   1.373291e-04
  2.000000e-02  -0.000000e+00   2.498286e+03   9.940364e-01   9.940364e-01   1.373291e-04
  2.000000e-02  -0.000000e+00   2.505616e+03   9.969529e-01   9.969529e-01   1.373291e-04
  2.000000e-02  -0.000000e+00   2.510514e+03   9.989020e-01   9.989020e-01   1.373291e-04
  2.000000e-02  -0.000000e+00   2.512967e+03   9.998779e-01   9.998779e-01   1.373291e-04
  2.000000e-02  -0.000000e+00   2.512967e+03   9.998779e-01   9.998779e-01   1.373291e-04
  2.000000e-02  -0.000000e+00   2.510514e+03   9.989020e-01   9.989020e-01   1.373291e-04
  2.000000e-02  -0.000000e+00   2.505616e+03   9.969529e-01   9.969529e-01   1.373291e-04
  2.000000e-02  -0.000000e+00   2.498286e+03   9.940364e-01   9.940364e-01   1.373291e-04
  2.000000e-02  -0.000000e+00   2.498286e+03   9.940364e-01   9.940364e-01   1.373291e-04
  2.000000e-02  -0.000000e+00   2.505616e+03   9.969529e-01   9.969529e-01   1.373291e-04
  2.000000e-02  -0.000000e+00   2.510514e+03   9.989020e-01   9.989020e-01   1.417498e-04
  2.000000e-02  -0.000000e+00   2.512967e+03   9.998779e-01   9.998779e-01   1.373291e-04
  2.000000e-02  -0.000000e+00   2.512967e+03   9.998779e-01   9.998779e-01   1.373291e-04
  2.000000e-02  -0.000000e+00   2.510514e+03   9.989020e-01   9.989020e-01   1.373291e-04
  2.000000e-02  -0.000000e+00   2.505616e+03   9.969529e-01   9.969529e-01   1.373781e-04
  2.000000e-02  -0.000000e+00   2.498286e+03   9.940364e-01   9.940364e-01   1.373291e-04
  2.000000e-02  -0.000000e+00   2.498286e+03   9.940364e-01   9.940364e-01   1.373291e-04
  2.000818e-02  -0.000000e+00   2.504592e+03   9.969529e-01   9.969529e-01   1.373291e-04
  2.000000e-02  -0.000000e+00   2.510514e+03   9.989020e-01   9.993186e-01   1.373291e-04
  2.000000e-02  -0.000000e+00   2.512967e+03   9.998779e-01   9.998779e-01   1.373291e-04
  2.000000e-02  -0.000000e+00   2.512967e+03   9.998779e-01   9.998779e-01   1.373291e-04
  2.000000e-02  -0.000000e+00   2.510514e+03   9.989020e-01   9.984853e-01   1.373291e-04
  2.000000e-02  -0.000000e+00   2.505616e+03   9.969529e-01   9.969529e-01   1.373291e-04
  2.000000e-02  -0.000000e+00   2.498286e+03   9.940364e-01   9.940364e-01   1.373291e-04
  2.000000e-02  -0.000000e+00   2.498286e+03   9.940364e-01   9.940364e-01   1.373291e-04
  2.000000e-02  -0.000000e+00   2.505616e+03   9.969529e-01   9.969529e-01   1.374314e-04
  2.000000e-02  -0.000000e+00   2.510514e+03   9.989020e-01   9.989020e-01   1.373291e-04
  2.000000e-02  -0.000000e+00   2.512967e+03   9.998779e-01   9.998779e-01   1.373291e-04
  2.000000e-02  -0.000000e+00   2.512967e+03   9.998779e-01   9.998779e-01   1.373291e-04
  2.000000e-02  -0.000000e+00   2.510514e+03   9.989020e-01   9.989020e-01   1.373291e-04
  2.000818e-02  -0.000000e+00   2.504592e+03   9.969529e-01   9.969529e-01   1.373291e-04
  2.000000e-02  -0.000000e+00   2.498286e+03   9.940364e-01   9.940364e-01   1.373291e-04
  2.000000e-02  -0.000000e+00   2.498286e+03   9.940364e-01   9.940364e-01   1.373291e-04
  2.000000e-02  -0.000000e+00   2.505616e+03   9.969529e-01   9.969529e-01   1.373291e-04
  2.000000e-02  -0.000000e+00   2.510514e+03   9.989020e-01   9.989020e-01   1.373291e-04
  2.000000e-02  -0.000000e+00   2.512967e+03   9.998779e-01   9.998779e-01   1.373291e-04
  2.000000e-02  -0.000000e+00   2.512967e+03   9.998779e-01   9.998779e-01   1.373396e-04
  2.000000e-02  -0.000000e+00   2.510514e+03   9.989020e-01   9.989020e-01   1.373291e-04
  2.000000e-02  -0.000000e+00   2.505616e+03   9.969529e-01   9.969529e-01   1.373291e-04
  2.000000e-02  -0.000000e+00   2.498286e+03   9.940364e-01   9.938745e-01   1.373291e-04
  2.000000e-02  -0.000000e+00   2.498286e+03   9.940364e-01   9.941174e-01   1.373291e-04
  2.000000e-02  -0.000000e+00   2.505616e+03   9.969529e-01   9.969529e-01   1.373291e-04
  2.000000e-02  -0.000000e+00   2.510514e+03   9.989020e-01   9.989020e-01   1.373291e-04
  2.000000e-02  -0.000000e+00   2.512967e+03   9.998779e-01   9.998779e-01   1.373291e-04
  2.000000e-02  -0.000000e+00   2.512967e+03   9.998779e-01   9.998779e-01   1.373291e-04
  2.000000e-02  -0.000000e+00   2.510514e+03   9.989020e-01   9.989020e-01   1.373291e-04
  2.000000e-02  -0.000000e+00   2.505616e+03   9.969529e-01   9.969529e-01   1.373291e-04
  2.000000e-02  -0.000000e+00   2.498286e+03   9.940364e-01   9.940364e-01   1.373291e-04
  2.000000e-02  -0.000000e+00   2.498286e+03   9.940364e-01   9.940364e-01   1.373291e-04
  2.000000e-02  -0.000000e+00   2.505616e+03   9.969529e-01   9.969529e-01   1.373781e-04
  2.000000e-02  -0.000000e+00   2.510514e+03   9.989020e-01   9.993186e-01   1.373291e-04
  2.000000e-02  -0.000000e+00   2.512967e+03   9.998779e-01   9.998779e-01   1.373291e-04
  2.000000e-02  -0.000000e+00   2.512967e+03   9.998779e-01   9.998779e-01   1.373291e-04
  2.000000e-02  -0.000000e+00   2.510514e+03   9.989020e-01   9.989020e-01   1.373373e-04
  2.000000e-02  -0.000000e+00   2.505616e+03   9.969529e-01   9.969529e-01   1.373291e-04
  2.000000e-02  -0.000000e+00   2.498286e+03   9.940364e-01   9.940364e-01   1.407764e-04
  2.000000e-02  -0.000000e+00   2.498286e+03   9.940364e-01   9.940364e-01   1.373291e-04
  2.000000e-02  -0.000000e+00   2.505616e+03   9.969529e-01   9.969529e-01   1.296854e-04
  2.000000e-02  -0.000000e+00   2.510514e+03   9.989020e-01   9.989020e-01   1.373291e-04
  2.000000e-02  -0.000000e+00   2.512967e+03   9.998779e-01   9.998779e-01   1.373291e-04
  2.000000e-02  -0.000000e+00   2.512967e+03   9.998779e-01   9.998779e-01   1.373291e-04
  2.000000e-02  -0.000000e+00   2.510514e+03   9.989020e-01   9.989020e-01   1.373291e-04
  2.000000e-02  -0.000000e+00   2.505616e+03   9.969529e-01   9.969529e-01   1.373291e-04
  2.000000e-02  -0.000000e+00   2.498286e+03   9.940364e-01   9.940364e-01   1.373291e-04
  2.000000e-02  -0.000000e+00   2.498286e+03   9.940364e-01   9.940364e-01   1.373291e-04
  2.000818e-02  -0.000000e+00   2.504592e+03   9.969529e-01   9.969529e-01   1.373291e-04
  2.000000e-02  -0.000000e+00   2.510514e+03   9.989020e-01   9.989020e-01   1.373291e-04
  2.000000e-02  -0.000000e+00   2.512967e+03   9.998779e-01   9.998779e-01   1.373291e-04
  2.000000e-02  -0.000000e+00   2.512967e+03   9.998779e-01   9.998779e-01   1.373291e-04
  2.000000e-02  -0.000000e+00   2.510514e+03   9.989020e-01   9.989020e-01   1.373291e-04
  2.000000e-02  -0.000000e+00   2.505616e+03   9.969529e-01   9.969529e-01   1.373291e-04
  2.000000e-02  -0.000000e+00   2.498286e+03   9.940364e-01   9.940364e-01   1.373291e-04
  2.000000e-02  -0.000000e+00   2.498286e+03   9.940364e-01   9.940364e-01   1.373291e-04
  2.000000e-02  -0.000000e+00   2.505616e+03   9.969529e-01   9.969529e-01   1.373751e-04
  2.000000e-02  -0.000000e+00   2.510514e+03   9.989020e-01   9.989020e-01   1.373291e-04
  2.000000e-02  -0.000000e+00   2.512967e+03   9.998779e-01   9.998779e-01   1.373291e-04
  2.000000e-02  -0.000000e+00   2.512967e+03   9.998779e-01   9.998779e-01   1.373291e-04
  2.000000e-02  -0.000000e+00   2.510514e+03   9.989020e-01   9.989020e-01   1.373751e-04
  2.000000e-02  -0.000000e+00   2.505616e+03   9.969529e-01   9.969529e-01   1.373291e-04
  2.000000e-02  -0.000000e+00   2.498286e+03   9.940364e-01   9.940364e-01   1.373291e-04
  2.000000e-02  -0.000000e+00   2.498286e+03   9.940364e-01   9.940364e-01   1.373291e-04
  2.000000e-02  -0.000000e+00   2.505616e+03   9.969529e-01   9.969529e-01   1.373291e-04
  2.000000e-02  -0.000000e+00   2.510514e+03   9.989020e-01   9.989020e-01   1.373291e-04
  2.000000e-02  -0.000000e+00   2.512967e+03   9.998779e-01   9.998779e-01   1.373291e-04
  2.000000e-02  -0.000000e+00   2.512967e+03   9.998779e-01   9.998779e-01   1.373291e-04
  2.000000e-02  -0.000000e+00   2.510514e+03   9.989020e-01   9.989020e-01   1.373291e-04
  1.999627e-02  -0.000000e+00   2.506083e+03   9.969529e-01   9.969529e-01   1.373291e-04
  2.000000e-02  -0.000000e+00   2.498286e+03   9.940364e-01   9.940364e-01   1.373674e-04
  2.000000e-02  -0.000000e+00   2.498286e+03   9.940364e-01   9.940364e-01   1.373291e-04
  2.000000e-02  -0.000000e+00   2.505616e+03   9.969529e-01   9.966379e-01   1.373291e-04
  2.000000e-02  -0.000000e+00   2.510514e+03   9.989020e-01   9.989020e-01   1.373651e-04
  2.000000e-02  -0.000000e+00   2.512967e+03   9.998779e-01   9.998779e-01   1.373291e-04
  2.000000e-02  -0.000000e+00   2.512967e+03   9.998779e-01   9.998779e-01   1.373291e-04
  2.000000e-02  -0.000000e+00   2.510514e+03   9.989020e-01   9.989020e-01   1.373291e-04
  2.000000e-02  -0.000000e+00   2.505616e+03   9.969529e-01   9.969529e-01   1.373479e-04
  2.000000e-02  -0.000000e+00   2.498286e+03   9.940364e-01   9.940364e-01   1.373291e-04
  2.000000e-02  -0.000000e+00   2.498286e+03   9.940364e-01   9.940364e-01   1.373291e-04
  2.000000e-02  -0.000000e+00   2.505616e+03   9.969529e-01   9.969529e-01   1.373291e-04
  2.000000e-02  -0.000000e+00   2.510514e+03   9.989020e-01   9.989020e-01   1.373291e-04
  2.000000e-02  -0.000000e+00   2.512967e+03   9.998779e-01   9.998779e-01   1.373291e-04
  2.000000e-02  -0.000000e+00   2.512967e+03   9.998779e-01   9.998779e-01   1.373291e-04
  2.000000e-02  -0.000000e+00   2.510514e+03   9.989020e-01   9.989020e-01   1.373338e-04
  2.000000e-02  -0.000000e+00   2.505616e+03   9.969529e-01   9.969529e-01   1.373291e-04
  2.000000e-02  -0.000000e+00   2.498286e+03   9.940364e-01   9.940364e-01   1.373313e-04
  2.000000e-02  -0.000000e+00   2.498286e+03   9.940364e-01   9.940364e-01   1.305828e-04
  2.000000e-02  -0.000000e+00   2.505616e+03   9.969529e-01   9.969529e-01   1.373393e-04
  2.000000e-02  -0.000000e+00   2.510514e+03   9.989020e-01   9.989020e-01   1.373291e-04
  2.000000e-02  -0.000000e+00   2.512967e+03   9.998779e-01   9.998779e-01   1.373291e-04
  2.000000e-02  -0.000000e+00   2.512967e+03   9.998779e-01   9.998779e-01   1.373291e-04
  2.000000e-02  -0.000000e+00   2.510514e+03   9.989020e-01   9.989020e-01   1.444869e-04
  2.000000e-02  -0.000000e+00   2.505616e+03   9.969529e-01   9.969529e-01   1.373291e-04
  2.000000e-02  -0.000000e+00   2.498286e+03   9.940364e-01   9.940364e-01   1.373291e-04
  2.000000e-02  -0.000000e+00   2.498286e+03   9.940364e-01   9.940364e-01   1.442664e-04
  2.000000e-02  -0.000000e+00   2.505616e+03   9.969529e-01   9.969529e-01   1.373291e-04
  2.000000e-02  -0.000000e+00   2.510514e+03   9.989020e-01   9.989020e-01   1.373291e-04
  2.000000e-02  -0.000000e+00   2.512967e+03   9.998779e-01   9.998779e-01   1.373291e-04
  2.000000e-02  -0.000000e+00   2.512967e+03   9.998779e-01   9.998779e-01   1.373291e-04
  2.000396e-02  -0.000000e+00   2.510017e+03   9.989020e-01   9.992591e-01   1.449493e-04
  2.000000e-02  -0.000000e+00   2.505616e+03   9.969529e-01   9.969529e-01   1.373291e-04
  2.000000e-02  -0.000000e+00   2.498286e+03   9.940364e-01   9.940364e-01   1.373291e-04
  2.000000e-02  -0.000000e+00   2.498286e+03   9.940364e-01   9.940364e-01   1.373291e-04
  2.000000e-02  -0.000000e+00   2.505616e+03   9.969529e-01   9.969529e-01   1.373291e-04
  2.000000e-02  -0.000000e+00   2.510514e+03   9.989020e-01   9.989020e-01   1.373291e-04
  2.000000e-02  -0.000000e+00   2.512967e+03   9.998779e-01   9.998779e-01   1.373291e-04
  2.000000e-02  -0.000000e+00   2.512967e+03   9.998779e-01   9.998779e-01   1.373291e-04
  2.000000e-02  -0.000000e+00   2.510514e+03   9.989020e-01   9.989020e-01   1.373291e-04
  2.000000e-02  -0.000000e+00   2.505616e+03   9.969529e-01   9.969529e-01   1.373291e-04
  2.000000e-02  -0.000000e+00   2.498286e+03   9.940364e-01   9.940364e-01   1.373291e-04
  2.000723e-02  -0.000000e+00   2.497384e+03   9.940364e-01   9.940364e-01   1.373291e-04
  2.000000e-02  -0.000000e+00   2.505616e+03   9.969529e-01   9.969529e-01   1.373291e-04
  2.000000e-02  -0.000000e+00   2.510514e+03   9.989020e-01   9.989020e-01   1.373291e-04
  2.000000e-02  -0.000000e+00   2.512967e+03   9.998779e-01   9.998779e-01   1.373291e-04
  2.000000e-02  -0.000000e+00   2.512967e+03   9.998779e-01   9.998779e-01   1.373291e-04
  2.000000e-02  -0.000000e+00   2.510514e+03   9.989020e-01   9.989020e-01   1.373438e-04
  2.000000e-02  -0.000000e+00   2.505616e+03   9.969529e-01   9.969529e-01   1.373355e-04
  2.000000e-02  -0.000000e+00   2.498286e+03   9.940364e-01   9.940364e-01   1.373291e-04
  2.000000e-02  -0.000000e+00   2.498286e+03   9.940364e-01   9.940364e-01   1.373291e-04
  2.000000e-02  -0.000000e+00   2.505616e+03   9.969529e-01   9.969529e-01   1.373291e-04
  2.000000e-02  -0.000000e+00   2.510514e+03   9.989020e-01   9.993186e-01   1.373291e-04
  2.000000e-02  -0.000000e+00   2.512967e+03   9.998779e-01   9.998779e-01   1.373291e-04
  2.000000e-02  -0.000000e+00   2.512967e+03   9.998779e-01   1.000308e+00   1.373378e-04
  2.000000e-02  -0.000000e+00   2.510514e+03   9.989020e-01   9.989020e-01   1.462405e-04
  2.000000e-02  -0.000000e+00   2.505616e+03   9.969529e-01   9.969529e-01   1.373413e-04
  2.000000e-02  -0.000000e+00   2.498286e+03   9.940364e-01   9.940364e-01   1.373291e-04
  2.000000e-02  -0.000000e+00   2.498286e+03   9.940364e-01   9.940364e-01   1.373291e-04
  2.000000e-02  -0.000000e+00   2.505616e+03   9.969529e-01   9.969529e-01   1.373322e-04
  2.000000e-02  -0.000000e+00   2.510514e+03   9.989020e-01   9.989020e-01   1.373291e-04
  2.000000e-02  -0.000000e+00   2.512967e+03   9.998779e-01   9.994205e-01   1.373291e-04
  2.000000e-02  -0.000000e+00   2.512967e+03   9.998779e-01   9.998779e-01   1.471280e-04
  2.000000e-02  -0.000000e+00   2.510514e+03   9.989020e-01   9.989020e-01   1.373291e-04
  2.000000e-02  -0.000000e+00   2.505616e+03   9.969529e-01   9.969529e-01   1.373413e-04
  2.000000e-02  -0.000000e+00   2.498286e+03   9.940364e-01   9.940364e-01   1.373291e-04
  1.999278e-02  -0.000000e+00   2.499189e+03   9.940364e-01   9.940364e-01   1.373291e-04
  2.000000e-02  -0.000000e+00   2.505616e+03   9.969529e-01   9.969529e-01   1.373291e-04
  2.000000e-02  -0.000000e+00   2.510514e+03   9.989020e-01   9.989020e-01   1.373291e-04
  1.998954e-02  -0.000000e+00   2.514282e+03   9.998779e-01   9.998779e-01   1.373291e-04
  2.000000e-02  -0.000000e+00   2.512967e+03   9.998779e-01   9.998779e-01   1.373291e-04
  2.000000e-02  -0.000000e+00   2.510514e+03   9.989020e-01   9.989020e-01   1.373291e-04
  2.000000e-02  -0.000000e+00   2.505616e+03   9.969529e-01   9.969529e-01   1.373291e-04
  1.999639e-02  -0.000000e+00   2.498737e+03   9.940364e-01   9.940364e-01   1.373291e-04
  2.000000e-02  -0.000000e+00   2.498286e+03   9.940364e-01   9.940364e-01   1.373291e-04
  2.000000e-02  -0.000000e+00   2.505616e+03   9.969529e-01   9.969529e-01   1.373299e-04
  2.000000e-02  -0.000000e+00   2.510514e+03   9.989020e-01   9.989020e-01   1.373618e-04
  2.000000e-02  -0.000000e+00   2.512967e+03   9.998779e-01   9.998779e-01   1.373291e-04
  2.000000e-02  -0.000000e+00   2.512967e+03   9.998779e-01   9.998779e-01   1.373291e-04
  2.000000e-02  -0.000000e+00   2.510514e+03   9.989020e-01   9.989020e-01   1.373291e-04
  2.000000e-02  -0.000000e+00   2.505616e+03   9.969529e-01   9.969529e-01   1.373291e-04
  2.000000e-02  -0.000000e+00   2.498286e+03   9.940364e-01   9.940364e-01   1.373297e-04
  2.000000e-02  -0.000000e+00   2.498286e+03   9.940364e-01   9.940364e-01   1.373341e-04
  2.000000e-02  -0.000000e+00   2.505616e+03   9.969529e-01   9.969529e-01   1.373291e-04
  2.000000e-02  -0.000000e+00   2.510514e+03   9.989020e-01   9.989020e-01   1.373291e-04
  1.998954e-02  -0.000000e+00   2.514282e+03   9.998779e-01   9.998779e-01   1.373291e-04
  2.000000e-02  -0.000000e+00   2.512967e+03   9.998779e-01   9.998779e-01   1.373291e-04
  2.000000e-02  -0.000000e+00   2.510514e+03   9.989020e-01   9.989020e-01   1.373291e-04
  2.000000e-02  -0.000000e+00   2.505616e+03   9.969529e-01   9.976881e-01   1.373291e-04
  2.000000e-02  -0.000000e+00   2.498286e+03   9.940364e-01   9.940364e-01   1.373291e-04
  2.000000e-02  -0.000000e+00   2.498286e+03   9.940364e-01   9.943603e-01   1.373291e-04
  2.000000e-02  -0.000000e+00   2.505616e+03   9.969529e-01   9.969529e-01   1.373291e-04
  2.000000e-02  -0.000000e+00   2.510514e+03   9.989020e-01   9.989020e-01   1.373291e-04
  2.000000e-02  -0.000000e+00   2.512967e+03   9.998779e-01   9.998779e-01   1.373396e-04
  2.000000e-02  -0.000000e+00   2.512967e+03   9.998779e-01   9.998779e-01   1.373291e-04
  2.000000e-02  -0.000000e+00   2.510514e+03   9.989020e-01   9.989020e-01   1.373291e-04
  2.000000e-02  -0.000000e+00   2.505616e+03   9.969529e-01   9.969529e-01   1.373291e-04
  2.000000e-02  -0.000000e+00   2.498286e+03   9.940364e-01   9.940364e-01   1.373291e-04
  2.000000e-02  -0.000000e+00   2.498286e+03   9.940364e-01   9.940364e-01   1.373291e-04
  2.000000e-02  -0.000000e+00   2.505616e+03   9.969529e-01   9.969529e-01   1.373291e-04
  2.000000e-02  -0.000000e+00   2.510514e+03   9.989020e-01   9.989020e-01   1.373291e-04
  2.000000e-02  -0.000000e+00   2.512967e+03   9.998779e-01   9.998779e-01   1.373291e-04
  2.000000e-02  -0.000000e+00   2.512967e+03   9.998779e-01   9.998779e-01   1.373291e-04
  2.000000e-02  -0.000000e+00   2.510514e+03   9.989020e-01   9.993186e-01   1.373291e-04
  2.000000e-02  -0.000000e+00   2.505616e+03   9.969529e-01   9.969529e-01   1.373291e-04
  2.000000e-02  -0.000000e+00   2.498286e+03   9.940364e-01   9.940364e-01   1.373291e-04
  2.000000e-02  -0.000000e+00   2.498286e+03   9.940364e-01   9.940364e-01   1.373291e-04
  2.000000e-02  -0.000000e+00   2.505616e+03   9.969529e-01   9.969529e-01   1.373291e-04
  2.000000e-02  -0.000000e+00   2.510514e+03   9.989020e-01   9.989020e-01   1.373291e-04
  2.000000e-02  -0.000000e+00   2.512967e+03   9.998779e-01   9.998779e-01   1.373291e-04
  1.998954e-02  -0.000000e+00   2.514282e+03   9.998779e-01   9.998779e-01   1.373291e-04
  2.000000e-02  -0.000000e+00   2.510514e+03   9.989020e-01   9.989020e-01   1.373291e-04
  2.000409e-02  -0.000000e+00   2.505104e+03   9.969529e-01   9.969529e-01   1.373291e-04
  2.000000e-02  -0.000000e+00   2.498286e+03   9.940364e-01   9.940364e-01   1.373291e-04
  2.000000e-02  -0.000000e+00   2.498286e+03   9.940364e-01   9.940364e-01   1.373291e-04
  2.000000e-02  -0.000000e+00   2.505616e+03   9.969529e-01   9.969529e-01   1.373291e-04
  2.000000e-02  -0.000000e+00   2.510514e+03   9.989020e-01   9.989020e-01   1.374601e-04
  2.000000e-02  -0.000000e+00   2.512967e+03   9.998779e-01   9.998779e-01   1.373291e-04
  2.001046e-02  -0.000000e+00   2.511653e+03   9.998779e-01   9.994062e-01   1.373492e-04
  2.000000e-02  -0.000000e+00   2.510514e+03   9.989020e-01   9.989020e-01   1.373291e-04
  2.000000e-02  -0.000000e+00   2.505616e+03   9.969529e-01   9.969529e-01   1.373291e-04
  2.000000e-02  -0.000000e+00   2.498286e+03   9.940364e-01   9.940364e-01   1.373291e-04
  2.000000e-02  -0.000000e+00   2.498286e+03   9.940364e-01   9.940364e-01   1.373291e-04
  2.000000e-02  -0.000000e+00   2.505616e+03   9.969529e-01   9.969529e-01   1.296854e-04
  2.000000e-02  -0.000000e+00   2.510514e+03   9.989020e-01   9.989020e-01   1.374601e-04
  2.000000e-02  -0.000000e+00   2.512967e+03   9.998779e-01   9.998779e-01   1.373291e-04
  2.000000e-02  -0.000000e+00   2.512967e+03   9.998779e-01   9.998779e-01   1.373291e-04
  2.000925e-02  -0.000000e+00   2.509354e+03   9.989020e-01   9.989020e-01   1.373291e-04
  2.000000e-02  -0.000000e+00   2.505616e+03   9.969529e-01   9.965853e-01   1.373291e-04
  2.000000e-02  -0.000000e+00   2.498286e+03   9.940364e-01   9.940364e-01   1.373491e-04
  2.000000e-02  -0.000000e+00   2.498286e+03   9.940364e-01   9.940364e-01   1.373291e-04
  2.000000e-02  -0.000000e+00   2.505616e+03   9.969529e-01   9.969529e-01   1.373781e-04
  2.000000e-02  -0.000000e+00   2.510514e+03   9.989020e-01   9.989020e-01   1.373291e-04
  2.001046e-02  -0.000000e+00   2.511653e+03   9.998779e-01   9.998779e-01   1.275870e-04
  2.000000e-02  -0.000000e+00   2.512967e+03   9.998779e-01   9.998779e-01   1.373291e-04
  2.000000e-02  -0.000000e+00   2.510514e+03   9.989020e-01   9.989020e-01   1.373291e-04
  1.999591e-02  -0.000000e+00   2.506128e+03   9.969529e-01   9.969529e-01   1.373291e-04
  2.000000e-02  -0.000000e+00   2.498286e+03   9.940364e-01   9.941174e-01   1.373291e-04
  2.000000e-02  -0.000000e+00   2.498286e+03   9.940364e-01   9.938745e-01   1.373291e-04
  2.000000e-02  -0.000000e+00   2.505616e+03   9.969529e-01   9.969529e-01   1.373547e-04
  2.000000e-02  -0.000000e+00   2.510514e+03   9.989020e-01   9.989020e-01   1.373618e-04
  2.000000e-02  -0.000000e+00   2.512967e+03   9.998779e-01   9.998779e-01   1.275870e-04
  2.000000e-02  -0.000000e+00   2.512967e+03   9.998779e-01   9.998779e-01   1.374093e-04
  2.000925e-02  -0.000000e+00   2.509354e+03   9.989020e-01   9.989020e-01   1.373291e-04
  2.000000e-02  -0.000000e+00   2.505616e+03   9.969529e-01   9.969529e-01   1.373291e-04
  2.000000e-02  -0.000000e+00   2.498286e+03   9.940364e-01   9.940364e-01   1.373291e-04
  2.000000e-02  -0.000000e+00   2.498286e+03   9.940364e-01   9.940364e-01   1.373291e-04
  2.000000e-02  -0.000000e+00   2.505616e+03   9.969529e-01   9.969529e-01   1.296854e-04
  2.000000e-02  -0.000000e+00   2.510514e+03   9.989020e-01   9.989020e-01   1.373918e-04
  2.000000e-02  -0.000000e+00   2.512967e+03   9.998779e-01   9.998779e-01   1.373291e-04
  2.000000e-02  -0.000000e+00   2.512967e+03   9.998779e-01   9.998779e-01   1.373291e-04
  2.000000e-02  -0.000000e+00   2.510514e+03   9.989020e-01   9.989020e-01   1.373291e-04
  2.000000e-02  -0.000000e+00   2.505616e+03   9.969529e-01   9.973205e-01   1.373291e-04
  2.000000e-02  -0.000000e+00   2.498286e+03   9.940364e-01   9.940364e-01   1.373291e-04
  2.000000e-02  -0.000000e+00   2.498286e+03   9.940364e-01   9.940364e-01   1.373291e-04
  2.000000e-02  -0.000000e+00   2.505616e+03   9.969529e-01   9.969529e-01   1.373781e-04
  2.000000e-02  -0.000000e+00   2.510514e+03   9.989020e-01   9.989020e-01   1.373291e-04
  2.000000e-02  -0.000000e+00   2.512967e+03   9.998779e-01   9.998779e-01   1.373291e-04
  2.000000e-02  -0.000000e+00   2.512967e+03   9.998779e-01   9.998779e-01   1.373291e-04
  2.000000e-02  -0.000000e+00   2.510514e+03   9.989020e-01   9.989020e-01   1.373291e-04
  2.000000e-02  -0.000000e+00   2.505616e+03   9.969529e-01   9.969529e-01   1.373291e-04
  2.000000e-02  -0.000000e+00   2.498286e+03   9.940364e-01   9.940364e-01   1.373291e-04
  2.000723e-02  -0.000000e+00   2.497384e+03   9.940364e-01   9.938745e-01   1.373291e-04
  2.000000e-02  -0.000000e+00   2.505616e+03   9.969529e-01   9.969529e-01   1.373291e-04
  2.000000e-02  -0.000000e+00   2.510514e+03   9.989020e-01   9.991103e-01   1.373291e-04
  2.000000e-02  -0.000000e+00   2.512967e+03   9.998779e-01   1.000114e+00   1.373291e-04
  2.000000e-02  -0.000000e+00   2.512967e+03   9.998779e-01   9.998779e-01   1.373291e-04
  2.000000e-02  -0.000000e+00   2.510514e+03   9.989020e-01   9.989020e-01   1.373291e-04
  2.000000e-02  -0.000000e+00   2.505616e+03   9.969529e-01   9.969529e-01   1.373291e-04
  2.000000e-02  -0.000000e+00   2.498286e+03   9.940364e-01   9.940364e-01   1.373291e-04
  2.000000e-02  -0.000000e+00   2.498286e+03   9.940364e-01   9.940364e-01   1.373291e-04
  2.000818e-02  -0.000000e+00   2.504592e+03   9.969529e-01   9.969529e-01   1.373291e-04
  2.000000e-02  -0.000000e+00   2.510514e+03   9.989020e-01   9.989020e-01   1.373291e-04
  2.000000e-02  -0.000000e+00   2.512967e+03   9.998779e-01   9.998779e-01   1.373291e-04
  2.000000e-02  -0.000000e+00   2.512967e+03   9.998779e-01   9.998779e-01   1.373291e-04
  2.000000e-02  -0.000000e+00   2.510514e+03   9.989020e-01   9.991103e-01   1.373291e-04
  2.000000e-02  -0.000000e+00   2.505616e+03   9.969529e-01   9.969529e-01   1.373291e-04
  2.000000e-02  -0.000000e+00   2.498286e+03   9.940364e-01   9.940364e-01   1.373291e-04
  2.000000e-02  -0.000000e+00   2.498286e+03   9.940364e-01   9.940364e-01   1.373291e-04
  2.000000e-02  -0.000000e+00   2.505616e+03   9.969529e-01   9.969529e-01   1.373291e-04
  1.999075e-02  -0.000000e+00   2.511676e+03   9.989020e-01   9.989020e-01   1.373291e-04
  2.000000e-02  -0.000000e+00   2.512967e+03   9.998779e-01   9.998779e-01   1.373710e-04
  2.001046e-02  -0.000000e+00   2.511653e+03   9.998779e-01   9.998779e-01   1.373291e-04
  2.000000e-02  -0.000000e+00   2.510514e+03   9.989020e-01   9.989020e-01   1.373291e-04
  2.000000e-02  -0.000000e+00   2.505616e+03   9.969529e-01   9.969529e-01   1.373291e-04
  2.000000e-02  -0.000000e+00   2.498286e+03   9.940364e-01   9.940364e-01   1.373291e-04
  2.000000e-02  -0.000000e+00   2.498286e+03   9.940364e-01   9.940364e-01   1.375620e-04
  2.000000e-02  -0.000000e+00   2.505616e+03   9.969529e-01   9.969529e-01   1.373291e-04
  2.000000e-02  -0.000000e+00   2.510514e+03   9.989020e-01   9.989020e-01   1.373291e-04
  2.000000e-02  -0.000000e+00   2.512967e+03   9.998779e-01   9.998779e-01   1.373291e-04
  2.000000e-02  -0.000000e+00   2.512967e+03   9.998779e-01   9.998779e-01   1.373291e-04
  2.000000e-02  -0.000000e+00   2.510514e+03   9.989020e-01   9.989020e-01   1.373291e-04
  2.000000e-02  -0.000000e+00   2.505616e+03   9.969529e-01   9.969529e-01   1.373291e-04
  2.000000e-02  -0.000000e+00   2.498286e+03   9.940364e-01   9.940364e-01   1.407764e-04
  2.000000e-02  -0.000000e+00   2.498286e+03   9.940364e-01   9.940364e-01   1.374821e-04
  2.000000e-02  -0.000000e+00   2.505616e+03   9.969529e-01   9.969529e-01   1.373291e-04
  2.000000e-02  -0.000000e+00   2.510514e+03   9.989020e-01   9.989020e-01   1.373618e-04
  2.000000e-02  -0.000000e+00   2.512967e+03   9.998779e-01   9.998779e-01   1.373291e-04
  2.000000e-02  -0.000000e+00   2.512967e+03   9.998779e-01   9.998779e-01   1.373291e-04
  2.000000e-02  -0.000000e+00   2.510514e+03   9.989020e-01   9.989020e-01   1.375798e-04
  2.000000e-02  -0.000000e+00   2.505616e+03   9.969529e-01   9.969529e-01   1.373291e-04
  2.000000e-02  -0.000000e+00   2.498286e+03   9.940364e-01   9.940364e-01   1.373291e-04
  2.000000e-02  -0.000000e+00   2.498286e+03   9.940364e-01   9.940364e-01   1.373291e-04
  2.000818e-02  -0.000000e+00   2.504592e+03   9.969529e-01   9.969529e-01   1.373291e-04
  2.000000e-02  -0.000000e+00   2.510514e+03   9.989020e-01   9.989020e-01   1.373291e-04
  2.000000e-02  -0.000000e+00   2.512967e+03   9.998779e-01   9.998779e-01   1.373291e-04
  2.000000e-02  -0.000000e+00   2.512967e+03   9.998779e-01   9.996421e-01   1.373291e-04
  2.000000e-02  -0.000000e+00   2.510514e+03   9.989020e-01   9.989020e-01   1.373291e-04
  2.000000e-02  -0.000000e+00   2.505616e+03   9.969529e-01   9.967691e-01   1.373307e-04
  2.000000e-02  -0.000000e+00   2.498286e+03   9.940364e-01   9.940364e-01   1.373291e-04
  2.000000e-02  -0.000000e+00   2.498286e+03   9.940364e-01   9.940364e-01   1.374090e-04
  2.000000e-02  -0.000000e+00   2.505616e+03   9.969529e-01   9.969529e-01   1.373291e-04
  2.000000e-02  -0.000000e+00   2.510514e+03   9.989020e-01   9.989020e-01   1.373291e-04
  2.000000e-02  -0.000000e+00   2.512967e+03   9.998779e-01   9.998779e-01   1.373291e-04
  2.000000e-02  -0.000000e+00   2.512967e+03   9.998779e-01   9.998779e-01   1.421815e-04
  2.000000e-02  -0.000000e+00   2.510514e+03   9.989020e-01   9.989020e-01   1.373291e-04
  2.000000e-02  -0.000000e+00   2.505616e+03   9.969529e-01   9.969529e-01   1.334799e-04
  2.000000e-02  -0.000000e+00   2.498286e+03   9.940364e-01   9.940364e-01   1.373291e-04
  2.000000e-02  -0.000000e+00   2.498286e+03   9.940364e-01   9.940364e-01   1.373291e-04
  2.000000e-02  -0.000000e+00   2.505616e+03   9.969529e-01   9.969529e-01   1.374314e-04
  2.000000e-02  -0.000000e+00   2.510514e+03   9.989020e-01   9.989020e-01   1.373291e-04
  2.000000e-02  -0.000000e+00   2.512967e+03   9.998779e-01   9.998779e-01   1.373291e-04
  2.000000e-02  -0.000000e+00   2.512967e+03   9.998779e-01   1.000308e+00   1.373291e-04
  1.999075e-02  -0.000000e+00   2.511676e+03   9.989020e-01   9.989020e-01   1.373291e-04
  2.000000e-02  -0.000000e+00   2.505616e+03   9.969529e-01   9.973205e-01   1.373291e-04
  2.000000e-02  -0.000000e+00   2.498286e+03   9.940364e-01   9.940364e-01   1.373291e-04
  2.000000e-02  -0.000000e+00   2.498286e+03   9.940364e-01   9.940364e-01   1.305628e-04
  2.000000e-02  -0.000000e+00   2.505616e+03   9.969529e-01   9.973205e-01   1.373291e-04
  2.000000e-02  -0.000000e+00   2.510514e+03   9.989020e-01   9.989020e-01   1.373880e-04
  2.000000e-02  -0.000000e+00   2.512967e+03   9.998779e-01   9.998779e-01   1.373291e-04
  2.000000e-02  -0.000000e+00   2.512967e+03   9.998779e-01   9.998779e-01   1.373291e-04
  2.000000e-02  -0.000000e+00   2.510514e+03   9.989020e-01   9.989020e-01   1.373291e-04
  2.000000e-02  -0.000000e+00   2.505616e+03   9.969529e-01   9.969529e-01   1.373355e-04
  2.000000e-02  -0.000000e+00   2.498286e+03   9.940364e-01   9.940364e-01   1.373674e-04
  2.000723e-02  -0.000000e+00   2.497384e+03   9.940364e-01   9.940364e-01   1.373291e-04
  2.000000e-02  -0.000000e+00   2.505616e+03   9.969529e-01   9.969529e-01   1.296854e-04
  2.000000e-02  -0.000000e+00   2.510514e+03   9.989020e-01   9.989020e-01   1.373291e-04
  2.000000e-02  -0.000000e+00   2.512967e+03   9.998779e-01   9.998779e-01   1.373291e-04
  2.000000e-02  -0.000000e+00   2.512967e+03   9.998779e-01   9.998779e-01   1.373291e-04
  2.000000e-02  -0.000000e+00   2.510514e+03   9.989020e-01   9.989020e-01   1.373291e-04
  2.000000e-02  -0.000000e+00   2.505616e+03   9.969529e-01   9.969529e-01   1.373291e-04
  2.000000e-02  -0.000000e+00   2.498286e+03   9.940364e-01   9.940364e-01   1.373291e-04
  2.000000e-02  -0.000000e+00   2.498286e+03   9.940364e-01   9.940364e-01   1.373291e-04
  2.000000e-02  -0.000000e+00   2.505616e+03   9.969529e-01   9.969529e-01   1.373291e-04
  2.000000e-02  -0.000000e+00   2.510514e+03   9.989020e-01   9.989020e-01   1.373291e-04
  2.000000e-02  -0.000000e+00   2.512967e+03   9.998779e-01   9.998779e-01   1.373291e-04
  2.000000e-02  -0.000000e+00   2.512967e+03   9.998779e-01   9.998779e-01   1.373751e-04
  1.999207e-02  -0.000000e+00   2.511510e+03   9.989020e-01   9.989020e-01   1.373291e-04
  2.000000e-02  -0.000000e+00   2.505616e+03   9.969529e-01   9.969529e-01   1.373291e-04
  2.000000e-02  -0.000000e+00   2.498286e+03   9.940364e-01   9.940364e-01   1.373291e-04
  2.000000e-02  -0.000000e+00   2.498286e+03   9.940364e-01   9.940364e-01   1.373291e-04
  2.000000e-02  -0.000000e+00   2.505616e+03   9.969529e-01   9.969529e-01   1.373291e-04
  2.000000e-02  -0.000000e+00   2.510514e+03   9.989020e-01   9.989020e-01   1.373291e-04
  2.000000e-02  -0.000000e+00   2.512967e+03   9.998779e-01   9.998779e-01   1.373291e-04
  2.000000e-02  -0.000000e+00   2.512967e+03   9.998779e-01   9.998779e-01   1.373291e-04
  2.000000e-02  -0.000000e+00   2.510514e+03   9.989020e-01   9.989020e-01   1.373291e-04
  2.000000e-02  -0.000000e+00   2.505616e+03   9.969529e-01   9.969529e-01   1.373291e-04
  2.000000e-02  -0.000000e+00   2.498286e+03   9.940364e-01   9.940364e-01   1.373291e-04
  2.000000e-02  -0.000000e+00   2.498286e+03   9.940364e-01   9.940364e-01   1.373291e-04
  2.000000e-02  -0.000000e+00   2.505616e+03   9.969529e-01   9.969529e-01   1.374042e-04
  2.000000e-02  -0.000000e+00   2.510514e+03   9.989020e-01   9.989020e-01   1.373291e-04
  2.000000e-02  -0.000000e+00   2.512967e+03   9.998779e-01   9.998779e-01   1.373479e-04
  2.000000e-02  -0.000000e+00   2.512967e+03   9.998779e-01   1.000036e+00   1.373291e-04
  2.000000e-02  -0.000000e+00   2.510514e+03   9.989020e-01   9.989020e-01   1.373291e-04
  2.000000e-02  -0.000000e+00   2.505616e+03   9.969529e-01   9.969529e-01   1.373338e-04
  2.000000e-02  -0.000000e+00   2.498286e+03   9.940364e-01   9.940364e-01   1.373291e-04
  1.999650e-02  -0.000000e+00   2.498724e+03   9.940364e-01   9.940364e-01   1.235998e-03
  2.000000e-02  -0.000000e+00   2.505616e+03   9.969529e-01   9.969529e-01   1.235962e-03
  2.000000e-02  -0.000000e+00   2.510514e+03   9.989020e-01   9.989020e-01   1.235962e-03
  2.000000e-02  -0.000000e+00   2.512967e+03   9.998779e-01   9.998779e-01   1.235962e-03
  2.000000e-02  -0.000000e+00   2.512967e+03   9.998779e-01   9.998779e-01   1.235962e-03
  2.000000e-02  -0.000000e+00   2.510514e+03   9.989020e-01   9.989020e-01   1.226017e-03
  2.000000e-02  -0.000000e+00   2.505616e+03   9.969529e-01   9.969529e-01   1.235962e-03
  2.000000e-02  -0.000000e+00   2.498286e+03   9.940364e-01   9.940364e-01   1.235962e-03
  2.000000e-02  -0.000000e+00   2.498286e+03   9.940364e-01   9.940364e-01   1.235962e-03
  2.000000e-02  -0.000000e+00   2.505616e+03   9.969529e-01   9.969529e-01   1.235962e-03
  2.000000e-02  -0.000000e+00   2.510514e+03   9.989020e-01   9.987341e-01   1.235962e-03
  2.000000e-02  -0.000000e+00   2.512967e+03   9.998779e-01   9.998779e-01   1.235962e-03
  2.000000e-02  -0.000000e+00   2.512967e+03   9.998779e-01   9.998779e-01   1.235962e-03
  2.000000e-02  -0.000000e+00   2.510514e+03   9.989020e-01   9.989020e-01   1.235962e-03
  2.000000e-02  -0.000000e+00   2.505616e+03   9.969529e-01   9.969529e-01   1.235962e-03
  2.000000e-02  -0.000000e+00   2.498286e+03   9.940364e-01   9.941984e-01   1.235962e-03
  2.000000e-02  -0.000000e+00   2.498286e+03   9.940364e-01   9.940364e-01   1.235962e-03
  2.000000e-02  -0.000000e+00   2.505616e+03   9.969529e-01   9.969529e-01   1.258628e-03
  2.000000e-02  -0.000000e+00   2.510514e+03   9.989020e-01   9.989020e-01   1.235962e-03
  2.000000e-02  -0.000000e+00   2.512967e+03   9.998779e-01   9.998779e-01   1.235962e-03
  2.000000e-02  -0.000000e+00   2.512967e+03   9.998779e-01   9.998779e-01   1.235962e-03
  2.000000e-02  -0.000000e+00   2.510514e+03   9.989020e-01   9.989020e-01   1.235962e-03
  2.000396e-02  -0.000000e+00   2.505119e+03   9.969529e-01   9.969529e-01   1.235962e-03
  2.000000e-02  -0.000000e+00   2.498286e+03   9.940364e-01   9.940364e-01   1.235962e-03
  2.000000e-02  -0.000000e+00   2.498286e+03   9.940364e-01   9.940364e-01   1.235962e-03
  2.000000e-02  -0.000000e+00   2.505616e+03   9.969529e-01   9.969529e-01   1.235962e-03
  2.000000e-02  -0.000000e+00   2.510514e+03   9.989020e-01   9.989020e-01   1.235962e-03
  2.000000e-02  -0.000000e+00   2.512967e+03   9.998779e-01   9.998779e-01   1.235962e-03
  2.000000e-02  -0.000000e+00   2.512967e+03   9.998779e-01   9.998779e-01   1.235962e-03
  2.000422e-02  -0.000000e+00   2.509985e+03   9.989020e-01   9.989020e-01   1.235962e-03
  2.000000e-02  -0.000000e+00   2.505616e+03   9.969529e-01   9.969529e-01   1.235962e-03
  2.000000e-02  -0.000000e+00   2.498286e+03   9.940364e-01   9.940364e-01   1.235962e-03
  2.000000e-02  -0.000000e+00   2.498286e+03   9.940364e-01   9.940364e-01   1.235962e-03
  2.000000e-02  -0.000000e+00   2.505616e+03   9.969529e-01   9.969529e-01   1.235962e-03
  2.000000e-02  -0.000000e+00   2.510514e+03   9.989020e-01   9.989020e-01   1.235962e-03
  2.000000e-02  -0.000000e+00   2.512967e+03   9.998779e-01   9.994735e-01   1.235962e-03
  2.000000e-02  -0.000000e+00   2.512967e+03   9.998779e-01   9.998779e-01   1.235962e-03
  2.000000e-02  -0.000000e+00   2.510514e+03   9.989020e-01   9.989020e-01   1.235962e-03
  2.000000e-02  -0.000000e+00   2.505616e+03   9.969529e-01   9.969529e-01   1.235962e-03
  2.000000e-02  -0.000000e+00   2.498286e+03   9.940364e-01   9.940364e-01   1.256608e-03
  2.000000e-02  -0.000000e+00   2.498286e+03   9.940364e-01   9.940364e-01   1.235962e-03
  2.000000e-02  -0.000000e+00   2.505616e+03   9.969529e-01   9.969529e-01   1.236064e-03
  2.000000e-02  -0.000000e+00   2.510514e+03   9.989020e-01   9.989020e-01   1.235962e-03
  2.000000e-02  -0.000000e+00   2.512967e+03   9.998779e-01   9.994478e-01   1.235962e-03
  2.000000e-02  -0.000000e+00   2.512967e+03   9.998779e-01   9.998779e-01   1.235962e-03
  2.000000e-02  -0.000000e+00   2.510514e+03   9.989020e-01   9.989020e-01   1.235962e-03
  2.000000e-02  -0.000000e+00   2.505616e+03   9.969529e-01   9.969529e-01   1.235962e-03
  2.000000e-02  -0.000000e+00   2.498286e+03   9.940364e-01   9.940364e-01   1.235962e-03
  2.000000e-02  -0.000000e+00   2.498286e+03   9.940364e-01   9.940364e-01   1.235982e-03
  2.000000e-02  -0.000000e+00   2.505616e+03   9.969529e-01   9.969529e-01   1.235962e-03
  2.000000e-02  -0.000000e+00   2.510514e+03   9.989020e-01   9.989020e-01   1.235962e-03
  2.000000e-02  -0.000000e+00   2.512967e+03   9.998779e-01   1.000335e+00   1.235962e-03
  2.000000e-02  -0.000000e+00   2.512967e+03   9.998779e-01   9.998779e-01   1.235962e-03
  2.000000e-02  -0.000000e+00   2.510514e+03   9.989020e-01   9.989020e-01   1.235962e-03
  2.000000e-02  -0.000000e+00   2.505616e+03   9.969529e-01   9.969529e-01   1.235962e-03
  1.999639e-02  -0.000000e+00   2.498737e+03   9.940364e-01   9.940364e-01   1.215492e-03
  2.000000e-02  -0.000000e+00   2.498286e+03   9.940364e-01   9.940364e-01   1.235962e-03
  2.000000e-02  -0.000000e+00   2.505616e+03   9.969529e-01   9.969529e-01   1.235962e-03
  2.000000e-02  -0.000000e+00   2.510514e+03   9.989020e-01   9.989020e-01   1.235962e-03
  2.000000e-02  -0.000000e+00   2.512967e+03   9.998779e-01   9.998779e-01   1.236084e-03
  2.000000e-02  -0.000000e+00   2.512967e+03   9.998779e-01   9.998779e-01   1.235962e-03
  2.000000e-02  -0.000000e+00   2.510514e+03   9.989020e-01   9.989020e-01   1.235962e-03
  2.000000e-02  -0.000000e+00   2.505616e+03   9.969529e-01   9.976881e-01   1.235962e-03
  2.000000e-02  -0.000000e+00   2.498286e+03   9.940364e-01   9.940364e-01   1.235962e-03
  2.000000e-02  -0.000000e+00   2.498286e+03   9.940364e-01   9.940364e-01   1.235962e-03
  2.000000e-02  -0.000000e+00   2.505616e+03   9.969529e-01   9.962177e-01   1.235962e-03
  2.000000e-02  -0.000000e+00   2.510514e+03   9.989020e-01   9.989020e-01   1.235962e-03
  2.000000e-02  -0.000000e+00   2.512967e+03   9.998779e-01   9.998779e-01   1.235962e-03
  2.000000e-02  -0.000000e+00   2.512967e+03   9.998779e-01   9.998779e-01   1.235982e-03
  2.000000e-02  -0.000000e+00   2.510514e+03   9.989020e-01   9.989020e-01   1.235962e-03
  2.000000e-02  -0.000000e+00   2.505616e+03   9.969529e-01   9.969529e-01   1.235962e-03
  2.000000e-02  -0.000000e+00   2.498286e+03   9.940364e-01   9.940364e-01   1.235962e-03
  2.000000e-02  -0.000000e+00   2.498286e+03   9.940364e-01   9.940364e-01   1.235962e-03
  2.000000e-02  -0.000000e+00   2.505616e+03   9.969529e-01   9.969529e-01   1.235962e-03
  2.000231e-02  -0.000000e+00   2.510224e+03   9.989020e-01   9.993186e-01   1.235962e-03
  2.000000e-02  -0.000000e+00   2.512967e+03   9.998779e-01   9.998779e-01   1.235962e-03
  2.000000e-02  -0.000000e+00   2.512967e+03   9.998779e-01   9.998779e-01   1.235962e-03
  2.000000e-02  -0.000000e+00   2.510514e+03   9.989020e-01   9.989020e-01   1.222856e-03
  2.000000e-02  -0.000000e+00   2.505616e+03   9.969529e-01   9.969529e-01   1.235968e-03
  2.000000e-02  -0.000000e+00   2.498286e+03   9.940364e-01   9.940364e-01   1.235962e-03
  2.000000e-02  -0.000000e+00   2.498286e+03   9.940364e-01   9.940364e-01   1.235962e-03
  2.000000e-02  -0.000000e+00   2.505616e+03   9.969529e-01   9.969529e-01   1.235963e-03
  2.000000e-02  -0.000000e+00   2.510514e+03   9.989020e-01   9.989020e-01   1.235962e-03
  2.000523e-02  -0.000000e+00   2.512310e+03   9.998779e-01   9.998779e-01   1.235962e-03
  2.000000e-02  -0.000000e+00   2.512967e+03   9.998779e-01   9.998779e-01   1.235962e-03
  2.000000e-02  -0.000000e+00   2.510514e+03   9.989020e-01   9.989020e-01   1.235962e-03
  2.000000e-02  -0.000000e+00   2.505616e+03   9.969529e-01   9.969529e-01   1.235962e-03
  2.000000e-02  -0.000000e+00   2.498286e+03   9.940364e-01   9.940364e-01   1.235962e-03
  2.000000e-02  -0.000000e+00   2.498286e+03   9.940364e-01   9.940364e-01   1.235962e-03
  2.000000e-02  -0.000000e+00   2.505616e+03   9.969529e-01   9.969529e-01   1.235962e-03
  2.000000e-02  -0.000000e+00   2.510514e+03   9.989020e-01   9.993186e-01   1.236093e-03
  2.000000e-02  -0.000000e+00   2.512967e+03   9.998779e-01   9.998779e-01   1.235962e-03
  2.000000e-02  -0.000000e+00   2.512967e+03   9.998779e-01   9.998779e-01   1.235962e-03
  2.000000e-02  -0.000000e+00   2.510514e+03   9.989020e-01   9.989020e-01   1.235962e-03
  2.000000e-02  -0.000000e+00   2.505616e+03   9.969529e-01   9.969529e-01   1.235962e-03
  2.000000e-02  -0.000000e+00   2.498286e+03   9.940364e-01   9.940364e-01   1.235962e-03
  2.000361e-02  -0.000000e+00   2.497835e+03   9.940364e-01   9.940364e-01   1.235962e-03
  2.000000e-02  -0.000000e+00   2.505616e+03   9.969529e-01   9.965853e-01   1.235962e-03
  2.000462e-02  -0.000000e+00   2.509934e+03   9.989020e-01   9.989020e-01   1.235962e-03
  2.000000e-02  -0.000000e+00   2.512967e+03   9.998779e-01   9.998779e-01   1.236129e-03
  2.001046e-02  -0.000000e+00   2.511653e+03   9.998779e-01   9.998779e-01   1.235962e-03
  2.000000e-02  -0.000000e+00   2.510514e+03   9.989020e-01   9.989020e-01   1.235962e-03
  2.000000e-02  -0.000000e+00   2.505616e+03   9.969529e-01   9.969529e-01   1.235962e-03
  2.000000e-02  -0.000000e+00   2.498286e+03   9.940364e-01   9.940364e-01   1.235962e-03
  2.000000e-02  -0.000000e+00   2.498286e+03   9.940364e-01   9.937125e-01   1.215492e-03
  2.000000e-02  -0.000000e+00   2.505616e+03   9.969529e-01   9.965853e-01   1.235962e-03
  2.000000e-02  -0.000000e+00   2.510514e+03   9.989020e-01   9.989020e-01   1.235966e-03
  2.000000e-02  -0.000000e+00   2.512967e+03   9.998779e-01   9.998779e-01   1.235962e-03
  2.000000e-02  -0.000000e+00   2.512967e+03   9.998779e-01   9.994062e-01   1.235962e-03
  2.000000e-02  -0.000000e+00   2.510514e+03   9.989020e-01   9.989020e-01   1.235962e-03
  2.000000e-02  -0.000000e+00   2.505616e+03   9.969529e-01   9.969529e-01   1.235962e-03
  2.000000e-02  -0.000000e+00   2.498286e+03   9.940364e-01   9.940364e-01   1.235962e-03
  2.000000e-02  -0.000000e+00   2.498286e+03   9.940364e-01   9.940364e-01   1.236042e-03
  2.000818e-02  -0.000000e+00   2.504592e+03   9.969529e-01   9.969529e-01   1.235962e-03
  2.000000e-02  -0.000000e+00   2.510514e+03   9.989020e-01   9.989020e-01   1.235962e-03
  2.000000e-02  -0.000000e+00   2.512967e+03   9.998779e-01   9.998779e-01   1.235962e-03
  2.000000e-02  -0.000000e+00   2.512967e+03   9.998779e-01   9.998779e-01   1.235962e-03
  2.000000e-02  -0.000000e+00   2.510514e+03   9.989020e-01   9.989020e-01   1.222840e-03
  2.000409e-02  -0.000000e+00   2.505104e+03   9.969529e-01   9.969529e-01   1.235962e-03
  2.000000e-02  -0.000000e+00   2.498286e+03   9.940364e-01   9.940364e-01   1.235962e-03
  2.000000e-02  -0.000000e+00   2.498286e+03   9.940364e-01   9.940364e-01   1.235962e-03
  2.000000e-02  -0.000000e+00   2.505616e+03   9.969529e-01   9.969529e-01   1.236011e-03
  2.000000e-02  -0.000000e+00   2.510514e+03   9.989020e-01   9.989020e-01   1.235962e-03
  2.000523e-02  -0.000000e+00   2.512310e+03   9.998779e-01   9.998779e-01   1.235962e-03
  2.000000e-02  -0.000000e+00   2.512967e+03   9.998779e-01   9.998779e-01   1.236042e-03
  2.000000e-02  -0.000000e+00   2.510514e+03   9.989020e-01   9.989020e-01   1.235962e-03
  2.000204e-02  -0.000000e+00   2.505360e+03   9.969529e-01   9.969529e-01   1.235962e-03
  2.000000e-02  -0.000000e+00   2.498286e+03   9.940364e-01   9.940364e-01   1.235962e-03
  2.000000e-02  -0.000000e+00   2.498286e+03   9.940364e-01   9.940364e-01   1.235962e-03
  2.000000e-02  -0.000000e+00   2.505616e+03   9.969529e-01   9.969529e-01   1.235962e-03
  2.000000e-02  -0.000000e+00   2.510514e+03   9.989020e-01   9.989020e-01   1.235962e-03
  2.001046e-02  -0.000000e+00   2.511653e+03   9.998779e-01   9.998779e-01   1.235962e-03
  1.998954e-02  -0.000000e+00   2.514282e+03   9.998779e-01   9.998779e-01   1.235962e-03
  1.999538e-02  -0.000000e+00   2.511095e+03   9.989020e-01   9.989020e-01   1.235962e-03
  2.000000e-02  -0.000000e+00   2.505616e+03   9.969529e-01   9.969529e-01   1.236011e-03
  2.000000e-02  -0.000000e+00   2.498286e+03   9.940364e-01   9.940364e-01   1.235962e-03
  2.000000e-02  -0.000000e+00   2.498286e+03   9.940364e-01   9.940364e-01   1.235982e-03
  2.000000e-02  -0.000000e+00   2.505616e+03   9.969529e-01   9.973205e-01   1.235962e-03
  2.000000e-02  -0.000000e+00   2.510514e+03   9.989020e-01   9.989020e-01   1.235962e-03
  2.000000e-02  -0.000000e+00   2.512967e+03   9.998779e-01   9.998779e-01   1.235962e-03
  2.000000e-02  -0.000000e+00   2.512967e+03   9.998779e-01   9.994062e-01   1.235962e-03
  2.000000e-02  -0.000000e+00   2.510514e+03   9.989020e-01   9.989020e-01   1.236025e-03
  2.000000e-02  -0.000000e+00   2.505616e+03   9.969529e-01   9.965853e-01   1.235962e-03
  2.000000e-02  -0.000000e+00   2.498286e+03   9.940364e-01   9.940364e-01   1.236000e-03
  2.000000e-02  -0.000000e+00   2.498286e+03   9.940364e-01   9.937125e-01   1.235962e-03
  2.000000e-02  -0.000000e+00   2.505616e+03   9.969529e-01   9.969529e-01   1.235962e-03
  2.000000e-02  -0.000000e+00   2.510514e+03   9.989020e-01   9.989020e-01   1.235962e-03
  2.000000e-02  -0.000000e+00   2.512967e+03   9.998779e-01   9.998779e-01   1.206377e-03
  2.000000e-02  -0.000000e+00   2.512967e+03   9.998779e-01   9.998779e-01   1.235962e-03
  2.000000e-02  -0.000000e+00   2.510514e+03   9.989020e-01   9.989020e-01   1.235962e-03
  2.000000e-02  -0.000000e+00   2.505616e+03   9.969529e-01   9.969529e-01   1.235962e-03
  2.000000e-02  -0.000000e+00   2.498286e+03   9.940364e-01   9.937125e-01   1.235962e-03
  2.000000e-02  -0.000000e+00   2.498286e+03   9.940364e-01   9.941984e-01   1.235962e-03
  2.000000e-02  -0.000000e+00   2.505616e+03   9.969529e-01   9.969529e-01   1.235962e-03
  2.000000e-02  -0.000000e+00   2.510514e+03   9.989020e-01   9.991103e-01   1.235962e-03
  2.000000e-02  -0.000000e+00   2.512967e+03   9.998779e-01   9.998779e-01   1.235962e-03
  2.000000e-02  -0.000000e+00   2.512967e+03   9.998779e-01   9.998779e-01   1.235962e-03
  2.000925e-02  -0.000000e+00   2.509354e+03   9.989020e-01   9.989020e-01   1.235962e-03
  2.000000e-02  -0.000000e+00   2.505616e+03   9.969529e-01   9.969529e-01   1.247619e-03
  1.999278e-02  -0.000000e+00   2.499189e+03   9.940364e-01   9.940364e-01   1.235962e-03
  2.000000e-02  -0.000000e+00   2.498286e+03   9.940364e-01   9.940364e-01   1.235962e-03
  2.000000e-02  -0.000000e+00   2.505616e+03   9.969529e-01   9.969529e-01   1.235962e-03
  2.000000e-02  -0.000000e+00   2.510514e+03   9.989020e-01   9.989020e-01   1.235962e-03
  2.000000e-02  -0.000000e+00   2.512967e+03   9.998779e-01   9.998779e-01   1.236283e-03
  2.000000e-02  -0.000000e+00   2.512967e+03   9.998779e-01   9.998779e-01   1.235962e-03
  2.000000e-02  -0.000000e+00   2.510514e+03   9.989020e-01   9.989020e-01   1.235962e-03
  2.000000e-02  -0.000000e+00   2.505616e+03   9.969529e-01   9.969529e-01   1.235962e-03
  2.000000e-02  -0.000000e+00   2.498286e+03   9.940364e-01   9.940364e-01   1.235962e-03
  2.000000e-02  -0.000000e+00   2.498286e+03   9.940364e-01   9.940364e-01   1.235962e-03
  2.000000e-02  -0.000000e+00   2.505616e+03   9.969529e-01   9.969529e-01   1.235962e-03
  2.000000e-02  -0.000000e+00   2.510514e+03   9.989020e-01   9.989020e-01   1.235962e-03
  2.000000e-02  -0.000000e+00   2.512967e+03   9.998779e-01   9.998779e-01   1.235962e-03
  2.000000e-02  -0.000000e+00   2.512967e+03   9.998779e-01   9.998779e-01   1.235962e-03
  2.000000e-02  -0.000000e+00   2.510514e+03   9.989020e-01   9.989020e-01   1.235970e-03
  2.000000e-02  -0.000000e+00   2.505616e+03   9.969529e-01   9.973205e-01   1.235962e-03
  2.000000e-02  -0.000000e+00   2.498286e+03   9.940364e-01   9.940364e-01   1.235962e-03
  2.000000e-02  -0.000000e+00   2.498286e+03   9.940364e-01   9.940364e-01   1.235962e-03
  1.999183e-02  -0.000000e+00   2.506640e+03   9.969529e-01   9.965853e-01   1.236158e-03
  2.000000e-02  -0.000000e+00   2.510514e+03   9.989020e-01   9.989020e-01   1.235962e-03
  2.000000e-02  -0.000000e+00   2.512967e+03   9.998779e-01   9.998779e-01   1.236129e-03
  2.000000e-02  -0.000000e+00   2.512967e+03   9.998779e-01   9.998779e-01   1.235962e-03
  2.000000e-02  -0.000000e+00   2.510514e+03   9.989020e-01   9.989020e-01   1.249162e-03
  2.000000e-02  -0.000000e+00   2.505616e+03   9.969529e-01   9.969529e-01   1.235962e-03
  2.000000e-02  -0.000000e+00   2.498286e+03   9.940364e-01   9.940364e-01   1.235962e-03
  2.000000e-02  -0.000000e+00   2.498286e+03   9.940364e-01   9.941984e-01   1.235962e-03
  2.000000e-02  -0.000000e+00   2.505616e+03   9.969529e-01   9.965853e-01   1.235962e-03
  2.000000e-02  -0.000000e+00   2.510514e+03   9.989020e-01   9.989020e-01   1.235962e-03
  2.000000e-02  -0.000000e+00   2.512967e+03   9.998779e-01   9.998779e-01   1.235962e-03
  2.000000e-02  -0.000000e+00   2.512967e+03   9.998779e-01   9.998779e-01   1.236283e-03
  2.000000e-02  -0.000000e+00   2.510514e+03   9.989020e-01   9.989020e-01   1.235962e-03
  2.000000e-02  -0.000000e+00   2.505616e+03   9.969529e-01   9.969529e-01   1.235962e-03
  2.000000e-02  -0.000000e+00   2.498286e+03   9.940364e-01   9.940364e-01   1.235962e-03
  2.000000e-02  -0.000000e+00   2.498286e+03   9.940364e-01   9.940364e-01   1.235962e-03
  2.000000e-02  -0.000000e+00   2.505616e+03   9.969529e-01   9.969529e-01   1.235962e-03
  2.000000e-02  -0.000000e+00   2.510514e+03   9.989020e-01   9.989020e-01   1.235962e-03
  2.000000e-02  -0.000000e+00   2.512967e+03   9.998779e-01   9.998779e-01   1.235962e-03
  2.000000e-02  -0.000000e+00   2.512967e+03   9.998779e-01   9.998779e-01   1.235962e-03
  1.998151e-02  -0.000000e+00   2.512838e+03   9.989020e-01   9.989020e-01   1.235962e-03
  2.000000e-02  -0.000000e+00   2.505616e+03   9.969529e-01   9.969529e-01   1.235962e-03
  2.000000e-02  -0.000000e+00   2.498286e+03   9.940364e-01   9.940364e-01   1.235962e-03
  2.000000e-02  -0.000000e+00   2.498286e+03   9.940364e-01   9.940364e-01   1.235962e-03
  2.000000e-02  -0.000000e+00   2.505616e+03   9.969529e-01   9.969529e-01   1.235962e-03
  2.000000e-02  -0.000000e+00   2.510514e+03   9.989020e-01   9.989020e-01   1.235962e-03
  2.000000e-02  -0.000000e+00   2.512967e+03   9.998779e-01   9.998779e-01   1.236119e-03
  2.000000e-02  -0.000000e+00   2.512967e+03   9.998779e-01   9.998779e-01   1.236264e-03
  2.000000e-02  -0.000000e+00   2.510514e+03   9.989020e-01   9.989020e-01   1.235962e-03
  1.999183e-02  -0.000000e+00   2.506640e+03   9.969529e-01   9.969529e-01   1.235962e-03
  2.000000e-02  -0.000000e+00   2.498286e+03   9.940364e-01   9.940364e-01   1.235962e-03
  2.000000e-02  -0.000000e+00   2.498286e+03   9.940364e-01   9.940364e-01   1.235962e-03
  2.000000e-02  -0.000000e+00   2.505616e+03   9.969529e-01   9.969529e-01   1.235962e-03
  2.000000e-02  -0.000000e+00   2.510514e+03   9.989020e-01   9.989020e-01   1.235962e-03
  2.000000e-02  -0.000000e+00   2.512967e+03   9.998779e-01   9.998779e-01   1.235962e-03
  2.000000e-02  -0.000000e+00   2.512967e+03   9.998779e-01   9.998779e-01   1.235962e-03
  2.000000e-02  -0.000000e+00   2.510514e+03   9.989020e-01   9.989020e-01   1.235962e-03
  2.000000e-02  -0.000000e+00   2.505616e+03   9.969529e-01   9.969529e-01   1.235987e-03
  1.999278e-02  -0.000000e+00   2.499189e+03   9.940364e-01   9.940364e-01   1.235962e-03
  2.000000e-02  -0.000000e+00   2.498286e+03   9.940364e-01   9.940364e-01   1.236115e-03
  2.000000e-02  -0.000000e+00   2.505616e+03   9.969529e-01   9.969529e-01   1.235962e-03
  2.000000e-02  -0.000000e+00   2.510514e+03   9.989020e-01   9.989020e-01   1.210578e-03
  2.000000e-02  -0.000000e+00   2.512967e+03   9.998779e-01   9.998779e-01   1.261609e-03
  2.000897e-02  -0.000000e+00   2.511841e+03   9.998779e-01   9.998779e-01   1.235962e-03
  2.000000e-02  -0.000000e+00   2.510514e+03   9.989020e-01   9.989020e-01   1.235962e-03
  2.000000e-02  -0.000000e+00   2.505616e+03   9.969529e-01   9.969529e-01   1.235962e-03
  2.000000e-02  -0.000000e+00   2.498286e+03   9.940364e-01   9.940364e-01   1.235962e-03
  2.000000e-02  -0.000000e+00   2.498286e+03   9.940364e-01   9.940364e-01   1.235962e-03
  2.000000e-02  -0.000000e+00   2.505616e+03   9.969529e-01   9.969529e-01   1.235962e-03
  2.000000e-02  -0.000000e+00   2.510514e+03   9.989020e-01   9.989020e-01   1.235962e-03
  2.000000e-02  -0.000000e+00   2.512967e+03   9.998779e-01   9.998779e-01   1.212298e-03
  2.000000e-02  -0.000000e+00   2.512967e+03   9.998779e-01   9.998779e-01   1.236170e-03
  2.000000e-02  -0.000000e+00   2.510514e+03   9.989020e-01   9.989020e-01   1.260067e-03
  2.000000e-02  -0.000000e+00   2.505616e+03   9.969529e-01   9.969529e-01   1.236158e-03
  2.000000e-02  -0.000000e+00   2.498286e+03   9.940364e-01   9.940364e-01   1.235962e-03
  2.000000e-02  -0.000000e+00   2.498286e+03   9.940364e-01   9.940364e-01   1.235962e-03
  2.000000e-02  -0.000000e+00   2.505616e+03   9.969529e-01   9.969529e-01   1.235962e-03
  2.000793e-02  -0.000000e+00   2.509520e+03   9.989020e-01   9.989020e-01   1.235962e-03
  2.000000e-02  -0.000000e+00   2.512967e+03   9.998779e-01   9.998779e-01   1.236058e-03
  2.000000e-02  -0.000000e+00   2.512967e+03   9.998779e-01   9.998779e-01   1.235962e-03
  2.000000e-02  -0.000000e+00   2.510514e+03   9.989020e-01   9.989020e-01   1.235962e-03
  2.000000e-02  -0.000000e+00   2.505616e+03   9.969529e-01   9.969529e-01   1.235962e-03
  2.000000e-02  -0.000000e+00   2.498286e+03   9.940364e-01   9.941174e-01   1.235962e-03
  2.000000e-02  -0.000000e+00   2.498286e+03   9.940364e-01   9.940364e-01   1.235962e-03
  2.000000e-02  -0.000000e+00   2.505616e+03   9.969529e-01   9.969529e-01   1.235962e-03
  2.000000e-02  -0.000000e+00   2.510514e+03   9.989020e-01   9.989020e-01   1.235962e-03
  2.000000e-02  -0.000000e+00   2.512967e+03   9.998779e-01   9.998779e-01   1.235962e-03
  2.000000e-02  -0.000000e+00   2.512967e+03   9.998779e-01   9.998779e-01   1.235962e-03
  2.000000e-02  -0.000000e+00   2.510514e+03   9.989020e-01   9.989020e-01   1.235962e-03
  2.000000e-02  -0.000000e+00   2.505616e+03   9.969529e-01   9.969529e-01   1.235962e-03
  2.000000e-02  -0.000000e+00   2.498286e+03   9.940364e-01   9.940364e-01   1.235962e-03
  2.000000e-02  -0.000000e+00   2.498286e+03   9.940364e-01   9.940364e-01   1.236037e-03
  2.000000e-02  -0.000000e+00   2.505616e+03   9.969529e-01   9.969529e-01   1.235962e-03
  2.000000e-02  -0.000000e+00   2.510514e+03   9.989020e-01   9.989020e-01   1.235962e-03
  2.000000e-02  -0.000000e+00   2.512967e+03   9.998779e-01   9.998779e-01   1.235962e-03
  2.000000e-02  -0.000000e+00   2.512967e+03   9.998779e-01   9.998779e-01   1.235962e-03
  1.999650e-02  -0.000000e+00   2.510954e+03   9.989020e-01   9.989020e-01   1.235962e-03
  2.000000e-02  -0.000000e+00   2.505616e+03   9.969529e-01   9.969529e-01   1.235962e-03
  2.000000e-02  -0.000000e+00   2.498286e+03   9.940364e-01   9.940364e-01   1.235962e-03
  2.000000e-02  -0.000000e+00   2.498286e+03   9.940364e-01   9.940364e-01   3.433228e-03
  2.000000e-02  -0.000000e+00   2.505616e+03   9.969529e-01   9.969529e-01   3.433237e-03
  2.000000e-02  -0.000000e+00   2.510514e+03   9.989020e-01   9.989020e-01   3.433237e-03
  2.000701e-02  -0.000000e+00   2.512087e+03   9.998779e-01   9.998779e-01   3.433303e-03
  2.000000e-02  -0.000000e+00   2.512967e+03   9.998779e-01   9.999569e-01   3.433228e-03
  2.000000e-02  -0.000000e+00   2.510514e+03   9.989020e-01   9.989020e-01   3.400101e-03
  2.000000e-02  -0.000000e+00   2.505616e+03   9.969529e-01   9.967954e-01   3.433228e-03
  2.000000e-02  -0.000000e+00   2.498286e+03   9.940364e-01   9.940364e-01   3.433228e-03
  2.000000e-02  -0.000000e+00   2.498286e+03   9.940364e-01   9.940364e-01   3.399054e-03
  2.000000e-02  -0.000000e+00   2.505616e+03   9.969529e-01   9.969529e-01   3.433228e-03
  2.000000e-02  -0.000000e+00   2.510514e+03   9.989020e-01   9.989020e-01   3.433228e-03
  2.000000e-02  -0.000000e+00   2.512967e+03   9.998779e-01   9.998779e-01   3.433228e-03
  2.000000e-02  -0.000000e+00   2.512967e+03   9.998779e-01   9.998779e-01   3.433228e-03
  2.000000e-02  -0.000000e+00   2.510514e+03   9.989020e-01   9.989020e-01   3.433228e-03
  2.000000e-02  -0.000000e+00   2.505616e+03   9.969529e-01   9.969529e-01   3.433228e-03
  2.000000e-02  -0.000000e+00   2.498286e+03   9.940364e-01   9.940364e-01   3.467652e-03
  2.000000e-02  -0.000000e+00   2.498286e+03   9.940364e-01   9.940364e-01   3.433228e-03
  2.000000e-02  -0.000000e+00   2.505616e+03   9.969529e-01   9.969529e-01   3.433228e-03
  2.000000e-02  -0.000000e+00   2.510514e+03   9.989020e-01   9.989020e-01   3.433324e-03
  2.000000e-02  -0.000000e+00   2.512967e+03   9.998779e-01   9.998779e-01   3.433228e-03
  2.000000e-02  -0.000000e+00   2.512967e+03   9.998779e-01   9.998779e-01   3.433228e-03
  2.000000e-02  -0.000000e+00   2.510514e+03   9.989020e-01   9.989020e-01   3.433228e-03
  2.000000e-02  -0.000000e+00   2.505616e+03   9.969529e-01   9.969529e-01   3.433252e-03
  2.000000e-02  -0.000000e+00   2.498286e+03   9.940364e-01   9.940364e-01   3.433228e-03
  2.000000e-02  -0.000000e+00   2.498286e+03   9.940364e-01   9.940364e-01   3.433228e-03
  2.000000e-02  -0.000000e+00   2.505616e+03   9.969529e-01   9.969529e-01   3.433228e-03
  2.000000e-02  -0.000000e+00   2.510514e+03   9.989020e-01   9.989020e-01   3.433228e-03
  2.000000e-02  -0.000000e+00   2.512967e+03   9.998779e-01   9.998779e-01   3.433228e-03
  2.000000e-02  -0.000000e+00   2.512967e+03   9.998779e-01   9.998779e-01   3.433228e-03
  2.000000e-02  -0.000000e+00   2.510514e+03   9.989020e-01   9.992818e-01   3.433228e-03
  2.000000e-02  -0.000000e+00   2.505616e+03   9.969529e-01   9.969529e-01   3.433228e-03
  2.000000e-02  -0.000000e+00   2.498286e+03   9.940364e-01   9.940364e-01   3.433228e-03
  2.000000e-02  -0.000000e+00   2.498286e+03   9.940364e-01   9.940364e-01   3.433228e-03
  2.000000e-02  -0.000000e+00   2.505616e+03   9.969529e-01   9.969529e-01   3.433330e-03
  2.000000e-02  -0.000000e+00   2.510514e+03   9.989020e-01   9.989020e-01   3.433228e-03
  2.000000e-02  -0.000000e+00   2.512967e+03   9.998779e-01   9.998779e-01   3.433242e-03
  2.000000e-02  -0.000000e+00   2.512967e+03   9.998779e-01   9.998779e-01   3.433231e-03
  2.000000e-02  -0.000000e+00   2.510514e+03   9.989020e-01   9.989020e-01   3.433228e-03
  2.000000e-02  -0.000000e+00   2.505616e+03   9.969529e-01   9.969529e-01   3.433231e-03
  2.000000e-02  -0.000000e+00   2.498286e+03   9.940364e-01   9.940364e-01   3.433228e-03
  2.000000e-02  -0.000000e+00   2.498286e+03   9.940364e-01   9.940364e-01   3.433228e-03
  2.000000e-02  -0.000000e+00   2.505616e+03   9.969529e-01   9.969529e-01   3.433228e-03
  2.000000e-02  -0.000000e+00   2.510514e+03   9.989020e-01   9.984853e-01   3.433228e-03
  2.000000e-02  -0.000000e+00   2.512967e+03   9.998779e-01   9.998779e-01   3.433279e-03
  2.000000e-02  -0.000000e+00   2.512967e+03   9.998779e-01   9.998779e-01   3.433228e-03
  2.000000e-02  -0.000000e+00   2.510514e+03   9.989020e-01   9.989020e-01   3.433228e-03
  2.000000e-02  -0.000000e+00   2.505616e+03   9.969529e-01   9.969529e-01   3.433228e-03
  2.000000e-02  -0.000000e+00   2.498286e+03   9.940364e-01   9.940364e-01   3.433228e-03
  2.000000e-02  -0.000000e+00   2.498286e+03   9.940364e-01   9.940364e-01   3.433248e-03
  2.000000e-02  -0.000000e+00   2.505616e+03   9.969529e-01   9.969529e-01   3.433228e-03
  2.000000e-02  -0.000000e+00   2.510514e+03   9.989020e-01   9.989020e-01   3.433228e-03
  2.000000e-02  -0.000000e+00   2.512967e+03   9.998779e-01   9.998779e-01   3.433228e-03
  2.000000e-02  -0.000000e+00   2.512967e+03   9.998779e-01   9.994205e-01   3.433228e-03
  2.000000e-02  -0.000000e+00   2.510514e+03   9.989020e-01   9.989020e-01   3.433228e-03
  2.000000e-02  -0.000000e+00   2.505616e+03   9.969529e-01   9.969529e-01   3.433228e-03
  1.999278e-02  -0.000000e+00   2.499189e+03   9.940364e-01   9.940364e-01   3.433228e-03
  2.000000e-02  -0.000000e+00   2.498286e+03   9.940364e-01   9.940364e-01   3.433228e-03
  2.000000e-02  -0.000000e+00   2.505616e+03   9.969529e-01   9.969529e-01   3.433228e-03
  2.000000e-02  -0.000000e+00   2.510514e+03   9.989020e-01   9.989020e-01   3.433228e-03
  2.000000e-02  -0.000000e+00   2.512967e+03   9.998779e-01   9.998779e-01   3.433228e-03
  2.000000e-02  -0.000000e+00   2.512967e+03   9.998779e-01   9.998779e-01   3.433228e-03
  2.000000e-02  -0.000000e+00   2.510514e+03   9.989020e-01   9.989020e-01   3.433228e-03
  2.000818e-02  -0.000000e+00   2.504592e+03   9.969529e-01   9.969529e-01   3.394571e-03
  1.999278e-02  -0.000000e+00   2.499189e+03   9.940364e-01   9.940364e-01   3.433228e-03
  2.000000e-02  -0.000000e+00   2.498286e+03   9.940364e-01   9.940364e-01   3.399064e-03
  2.000000e-02  -0.000000e+00   2.505616e+03   9.969529e-01   9.969529e-01   3.433228e-03
  2.000000e-02  -0.000000e+00   2.510514e+03   9.989020e-01   9.989020e-01   3.433228e-03
  2.000000e-02  -0.000000e+00   2.512967e+03   9.998779e-01   9.998779e-01   3.433228e-03
  2.000000e-02  -0.000000e+00   2.512967e+03   9.998779e-01   9.998779e-01   3.433228e-03
  2.000000e-02  -0.000000e+00   2.510514e+03   9.989020e-01   9.989020e-01   3.433228e-03
  2.000000e-02  -0.000000e+00   2.505616e+03   9.969529e-01   9.969529e-01   3.433228e-03
  2.000000e-02  -0.000000e+00   2.498286e+03   9.940364e-01   9.940364e-01   3.433228e-03
  2.000000e-02  -0.000000e+00   2.498286e+03   9.940364e-01   9.940364e-01   3.433228e-03
  2.000000e-02  -0.000000e+00   2.505616e+03   9.969529e-01   9.969529e-01   3.472103e-03
  2.000000e-02  -0.000000e+00   2.510514e+03   9.989020e-01   9.989020e-01   3.433228e-03
  2.000000e-02  -0.000000e+00   2.512967e+03   9.998779e-01   9.998779e-01   3.433228e-03
  2.000000e-02  -0.000000e+00   2.512967e+03   9.998779e-01   9.998779e-01   3.433228e-03
  2.000000e-02  -0.000000e+00   2.510514e+03   9.989020e-01   9.989020e-01   3.433231e-03
  2.000000e-02  -0.000000e+00   2.505616e+03   9.969529e-01   9.969529e-01   3.433228e-03
  2.000000e-02  -0.000000e+00   2.498286e+03   9.940364e-01   9.940364e-01   3.433228e-03
  2.000000e-02  -0.000000e+00   2.498286e+03   9.940364e-01   9.940364e-01   3.433228e-03
  2.000000e-02  -0.000000e+00   2.505616e+03   9.969529e-01   9.969529e-01   3.433228e-03
  2.000000e-02  -0.000000e+00   2.510514e+03   9.989020e-01   9.989020e-01   3.433228e-03
  2.000000e-02  -0.000000e+00   2.512967e+03   9.998779e-01   9.998779e-01   3.433228e-03
  2.000000e-02  -0.000000e+00   2.512967e+03   9.998779e-01   9.998779e-01   3.433228e-03
  2.000000e-02  -0.000000e+00   2.510514e+03   9.989020e-01   9.989020e-01   3.455191e-03
  2.000000e-02  -0.000000e+00   2.505616e+03   9.969529e-01   9.969529e-01   3.433228e-03
  2.000000e-02  -0.000000e+00   2.498286e+03   9.940364e-01   9.940364e-01   3.433228e-03
  2.000000e-02  -0.000000e+00   2.498286e+03   9.940364e-01   9.940364e-01   3.433228e-03
  2.000000e-02  -0.000000e+00   2.505616e+03   9.969529e-01   9.969529e-01   3.433228e-03
  2.000000e-02  -0.000000e+00   2.510514e+03   9.989020e-01   9.989020e-01   3.433231e-03
  2.000000e-02  -0.000000e+00   2.512967e+03   9.998779e-01   9.998779e-01   3.433395e-03
  2.000000e-02  -0.000000e+00   2.512967e+03   9.998779e-01   9.998779e-01   3.433228e-03
  2.000000e-02  -0.000000e+00   2.510514e+03   9.989020e-01   9.989020e-01   3.433228e-03
  2.000000e-02  -0.000000e+00   2.505616e+03   9.969529e-01   9.969529e-01   3.433228e-03
  2.000000e-02  -0.000000e+00   2.498286e+03   9.940364e-01   9.940364e-01   3.433228e-03
  2.000723e-02  -0.000000e+00   2.497384e+03   9.940364e-01   9.940364e-01   3.433228e-03
  2.000000e-02  -0.000000e+00   2.505616e+03   9.969529e-01   9.973205e-01   3.433228e-03
  2.000000e-02  -0.000000e+00   2.510514e+03   9.989020e-01   9.986936e-01   3.433228e-03
  2.000000e-02  -0.000000e+00   2.512967e+03   9.998779e-01   9.998779e-01   3.433228e-03
  2.000000e-02  -0.000000e+00   2.512967e+03   9.998779e-01   9.998779e-01   3.433233e-03
  2.000000e-02  -0.000000e+00   2.510514e+03   9.989020e-01   9.989020e-01   3.433228e-03
  2.000000e-02  -0.000000e+00   2.505616e+03   9.969529e-01   9.969529e-01   3.433228e-03
  2.000000e-02  -0.000000e+00   2.498286e+03   9.940364e-01   9.941984e-01   3.433228e-03
  2.000000e-02  -0.000000e+00   2.498286e+03   9.940364e-01   9.940364e-01   3.433228e-03
  2.000000e-02  -0.000000e+00   2.505616e+03   9.969529e-01   9.969529e-01   3.433228e-03
  2.000925e-02  -0.000000e+00   2.509354e+03   9.989020e-01   9.989020e-01   3.433228e-03
  2.000000e-02  -0.000000e+00   2.512967e+03   9.998779e-01   9.998779e-01   3.433228e-03
  2.000000e-02  -0.000000e+00   2.512967e+03   9.998779e-01   9.998779e-01   3.433228e-03
  2.000000e-02  -0.000000e+00   2.510514e+03   9.989020e-01   9.989020e-01   3.433228e-03
  2.000000e-02  -0.000000e+00   2.505616e+03   9.969529e-01   9.969529e-01   3.433228e-03
  2.000000e-02  -0.000000e+00   2.498286e+03   9.940364e-01   9.940364e-01   3.433228e-03
  1.999278e-02  -0.000000e+00   2.499189e+03   9.940364e-01   9.940364e-01   3.467572e-03
  2.000000e-02  -0.000000e+00   2.505616e+03   9.969529e-01   9.969529e-01   3.433228e-03
  2.000000e-02  -0.000000e+00   2.510514e+03   9.989020e-01   9.989020e-01   3.389515e-03
  1.997908e-02  -0.000000e+00   2.515598e+03   9.998779e-01   9.998779e-01   3.433228e-03
  2.000000e-02  -0.000000e+00   2.512967e+03   9.998779e-01   9.998779e-01   3.433228e-03
  2.000000e-02  -0.000000e+00   2.510514e+03   9.989020e-01   9.989020e-01   3.433228e-03
  2.000818e-02  -0.000000e+00   2.504592e+03   9.969529e-01   9.969529e-01   3.433228e-03
  2.000000e-02  -0.000000e+00   2.498286e+03   9.940364e-01   9.940364e-01   3.433228e-03
  2.000000e-02  -0.000000e+00   2.498286e+03   9.940364e-01   9.940364e-01   3.433266e-03
  2.000000e-02  -0.000000e+00   2.505616e+03   9.969529e-01   9.969529e-01   3.433330e-03
  2.000000e-02  -0.000000e+00   2.510514e+03   9.989020e-01   9.989020e-01   3.433359e-03
  2.000000e-02  -0.000000e+00   2.512967e+03   9.998779e-01   9.998779e-01   3.433308e-03
  2.000000e-02  -0.000000e+00   2.512967e+03   9.998779e-01   9.998779e-01   3.433228e-03
  2.000000e-02  -0.000000e+00   2.510514e+03   9.989020e-01   9.989020e-01   3.433228e-03
  2.000000e-02  -0.000000e+00   2.505616e+03   9.969529e-01   9.969529e-01   3.472103e-03
  2.000000e-02  -0.000000e+00   2.498286e+03   9.940364e-01   9.940364e-01   3.433228e-03
  2.000000e-02  -0.000000e+00   2.498286e+03   9.940364e-01   9.941984e-01   3.433228e-03
  2.000000e-02  -0.000000e+00   2.505616e+03   9.969529e-01   9.969529e-01   3.433228e-03
  2.000000e-02  -0.000000e+00   2.510514e+03   9.989020e-01   9.989020e-01   3.433228e-03
  2.000000e-02  -0.000000e+00   2.512967e+03   9.998779e-01   9.998779e-01   3.433228e-03
  2.000000e-02  -0.000000e+00   2.512967e+03   9.998779e-01   9.998779e-01   3.383800e-03
  2.000000e-02  -0.000000e+00   2.510514e+03   9.989020e-01   9.989020e-01   3.433243e-03
  2.000000e-02  -0.000000e+00   2.505616e+03   9.969529e-01   9.969529e-01   3.433253e-03
  2.000000e-02  -0.000000e+00   2.498286e+03   9.940364e-01   9.940364e-01   3.399054e-03
  2.000000e-02  -0.000000e+00   2.498286e+03   9.940364e-01   9.940364e-01   3.433228e-03
  2.000000e-02  -0.000000e+00   2.505616e+03   9.969529e-01   9.973205e-01   3.433228e-03
  2.000000e-02  -0.000000e+00   2.510514e+03   9.989020e-01   9.989020e-01   3.433228e-03
  2.000000e-02  -0.000000e+00   2.512967e+03   9.998779e-01   9.998779e-01   3.433228e-03
  2.000000e-02  -0.000000e+00   2.512967e+03   9.998779e-01   9.998779e-01   3.433228e-03
  2.000000e-02  -0.000000e+00   2.510514e+03   9.989020e-01   9.989020e-01   3.433228e-03
  2.000000e-02  -0.000000e+00   2.505616e+03   9.969529e-01   9.969529e-01   3.472103e-03
  2.000000e-02  -0.000000e+00   2.498286e+03   9.940364e-01   9.940364e-01   3.433228e-03
  2.000000e-02  -0.000000e+00   2.498286e+03   9.940364e-01   9.940364e-01   3.433228e-03
  2.000000e-02  -0.000000e+00   2.505616e+03   9.969529e-01   9.969529e-01   3.433277e-03
  2.000000e-02  -0.000000e+00   2.510514e+03   9.989020e-01   9.989020e-01   3.433228e-03
  2.000000e-02  -0.000000e+00   2.512967e+03   9.998779e-01   1.000350e+00   3.433228e-03
  2.000000e-02  -0.000000e+00   2.512967e+03   9.998779e-01   9.994062e-01   3.433228e-03
  2.000000e-02  -0.000000e+00   2.510514e+03   9.989020e-01   9.989020e-01   3.433228e-03
  2.000000e-02  -0.000000e+00   2.505616e+03   9.969529e-01   9.969529e-01   3.472103e-03
  2.000000e-02  -0.000000e+00   2.498286e+03   9.940364e-01   9.940364e-01   3.433228e-03
  2.000000e-02  -0.000000e+00   2.498286e+03   9.940364e-01   9.940364e-01   3.433228e-03
  2.000000e-02  -0.000000e+00   2.505616e+03   9.969529e-01   9.969529e-01   3.433228e-03
  2.000000e-02  -0.000000e+00   2.510514e+03   9.989020e-01   9.989020e-01   3.433260e-03
  2.000000e-02  -0.000000e+00   2.512967e+03   9.998779e-01   9.998779e-01   3.433228e-03
  2.000000e-02  -0.000000e+00   2.512967e+03   9.998779e-01   9.998779e-01   3.433228e-03
  2.000000e-02  -0.000000e+00   2.510514e+03   9.989020e-01   9.990061e-01   3.433228e-03
  2.000000e-02  -0.000000e+00   2.505616e+03   9.969529e-01   9.969529e-01   3.433228e-03
  2.000000e-02  -0.000000e+00   2.498286e+03   9.940364e-01   9.940364e-01   3.467572e-03
  2.000000e-02  -0.000000e+00   2.498286e+03   9.940364e-01   9.940364e-01   3.433228e-03
  2.000000e-02  -0.000000e+00   2.505616e+03   9.969529e-01   9.969529e-01   3.433228e-03
  2.000000e-02  -0.000000e+00   2.510514e+03   9.989020e-01   9.989020e-01   3.433228e-03
  2.000000e-02  -0.000000e+00   2.512967e+03   9.998779e-01   9.998779e-01   3.433269e-03
  2.000000e-02  -0.000000e+00   2.512967e+03   9.998779e-01   9.998779e-01   3.433228e-03
  2.000000e-02  -0.000000e+00   2.510514e+03   9.989020e-01   9.989020e-01   3.433228e-03
  2.000000e-02  -0.000000e+00   2.505616e+03   9.969529e-01   9.967691e-01   3.433228e-03
  1.999278e-02  -0.000000e+00   2.499189e+03   9.940364e-01   9.940364e-01   3.433228e-03
  2.000000e-02  -0.000000e+00   2.498286e+03   9.940364e-01   9.940364e-01   3.433228e-03
  2.000000e-02  -0.000000e+00   2.505616e+03   9.969529e-01   9.969529e-01   3.433228e-03
  2.000925e-02  -0.000000e+00   2.509354e+03   9.989020e-01   9.989020e-01   3.433228e-03
  2.000000e-02  -0.000000e+00   2.512967e+03   9.998779e-01   9.998779e-01   3.433228e-03
  2.000000e-02  -0.000000e+00   2.512967e+03   9.998779e-01   9.998779e-01   3.408469e-03
  2.000000e-02  -0.000000e+00   2.510514e+03   9.989020e-01   9.989020e-01   3.455191e-03
  2.000000e-02  -0.000000e+00   2.505616e+03   9.969529e-01   9.969529e-01   3.433228e-03
  2.000000e-02  -0.000000e+00   2.498286e+03   9.940364e-01   9.940364e-01   3.433228e-03
  2.000000e-02  -0.000000e+00   2.498286e+03   9.940364e-01   9.940364e-01   3.433228e-03
  2.000000e-02  -0.000000e+00   2.505616e+03   9.969529e-01   9.969529e-01   3.433228e-03
  2.000000e-02  -0.000000e+00   2.510514e+03   9.989020e-01   9.989020e-01   3.433228e-03
  2.000000e-02  -0.000000e+00   2.512967e+03   9.998779e-01   9.998779e-01   3.433228e-03
  2.000000e-02  -0.000000e+00   2.512967e+03   9.998779e-01   9.998779e-01   3.433228e-03
  2.000000e-02  -0.000000e+00   2.510514e+03   9.989020e-01   9.989020e-01   3.433228e-03
  2.000000e-02  -0.000000e+00   2.505616e+03   9.969529e-01   9.969529e-01   3.433253e-03
  2.000000e-02  -0.000000e+00   2.498286e+03   9.940364e-01   9.940364e-01   3.433228e-03
  2.000000e-02  -0.000000e+00   2.498286e+03   9.940364e-01   9.940364e-01   3.433307e-03
  2.000000e-02  -0.000000e+00   2.505616e+03   9.969529e-01   9.969529e-01   3.433228e-03
  2.000000e-02  -0.000000e+00   2.510514e+03   9.989020e-01   9.989020e-01   3.433228e-03
  2.000000e-02  -0.000000e+00   2.512967e+03   9.998779e-01   9.998779e-01   3.433228e-03
  2.000000e-02  -0.000000e+00   2.512967e+03   9.998779e-01   9.998779e-01   3.433228e-03
  2.000000e-02  -0.000000e+00   2.510514e+03   9.989020e-01   9.989020e-01   3.433228e-03
  2.000000e-02  -0.000000e+00   2.505616e+03   9.969529e-01   9.969529e-01   3.433228e-03
  2.000000e-02  -0.000000e+00   2.498286e+03   9.940364e-01   9.941984e-01   3.433248e-03
  2.000000e-02  -0.000000e+00   2.498286e+03   9.940364e-01   9.940364e-01   3.433307e-03
  2.000000e-02  -0.000000e+00   2.505616e+03   9.969529e-01   9.969529e-01   3.433228e-03
  2.000000e-02  -0.000000e+00   2.510514e+03   9.989020e-01   9.989020e-01   3.433228e-03
  2.000000e-02  -0.000000e+00   2.512967e+03   9.998779e-01   9.998779e-01   3.433228e-03
  2.000000e-02  -0.000000e+00   2.512967e+03   9.998779e-01   9.998779e-01   3.433228e-03
  2.000000e-02  -0.000000e+00   2.510514e+03   9.989020e-01   9.989020e-01   3.433228e-03
  2.000818e-02  -0.000000e+00   2.504592e+03   9.969529e-01   9.969529e-01   3.433228e-03
  2.000000e-02  -0.000000e+00   2.498286e+03   9.940364e-01   9.940364e-01   3.433228e-03
  2.000000e-02  -0.000000e+00   2.498286e+03   9.940364e-01   9.940364e-01   3.467572e-03
  2.000000e-02  -0.000000e+00   2.505616e+03   9.969529e-01   9.967691e-01   3.394571e-03
  2.000000e-02  -0.000000e+00   2.510514e+03   9.989020e-01   9.989020e-01   3.433228e-03
  2.000000e-02  -0.000000e+00   2.512967e+03   9.998779e-01   9.998779e-01   3.433228e-03
  2.000000e-02  -0.000000e+00   2.512967e+03   9.998779e-01   9.998779e-01   3.433228e-03
  2.000000e-02  -0.000000e+00   2.510514e+03   9.989020e-01   9.989020e-01   3.433228e-03
  2.000000e-02  -0.000000e+00   2.505616e+03   9.969529e-01   9.969529e-01   3.433228e-03
  2.000000e-02  -0.000000e+00   2.498286e+03   9.940364e-01   9.940364e-01   3.433228e-03
  2.000000e-02  -0.000000e+00   2.498286e+03   9.940364e-01   9.940364e-01   3.433228e-03
  2.000000e-02  -0.000000e+00   2.505616e+03   9.969529e-01   9.965853e-01   3.433277e-03
  2.000000e-02  -0.000000e+00   2.510514e+03   9.989020e-01   9.989020e-01   3.433228e-03
  2.000000e-02  -0.000000e+00   2.512967e+03   9.998779e-01   9.998779e-01   3.433228e-03
  2.000000e-02  -0.000000e+00   2.512967e+03   9.998779e-01   9.998779e-01   3.433262e-03
  2.000000e-02  -0.000000e+00   2.510514e+03   9.989020e-01   9.989020e-01   3.433228e-03
  2.000000e-02  -0.000000e+00   2.505616e+03   9.969529e-01   9.969529e-01   3.433228e-03
  2.000000e-02  -0.000000e+00   2.498286e+03   9.940364e-01   9.940364e-01   3.433307e-03
  2.000000e-02  -0.000000e+00   2.498286e+03   9.940364e-01   9.941984e-01   3.433307e-03
  2.000000e-02  -0.000000e+00   2.505616e+03   9.969529e-01   9.969529e-01   3.433228e-03
  2.000000e-02  -0.000000e+00   2.510514e+03   9.989020e-01   9.989020e-01   3.475885e-03
  2.000000e-02  -0.000000e+00   2.512967e+03   9.998779e-01   9.998779e-01   3.475885e-03
  2.000000e-02  -0.000000e+00   2.512967e+03   9.998779e-01   9.998779e-01   3.433228e-03
  2.000000e-02  -0.000000e+00   2.510514e+03   9.989020e-01   9.989020e-01   3.433228e-03
  2.000000e-02  -0.000000e+00   2.505616e+03   9.969529e-01   9.971367e-01   3.433228e-03
  2.000000e-02  -0.000000e+00   2.498286e+03   9.940364e-01   9.940364e-01   3.433228e-03
  2.000000e-02  -0.000000e+00   2.498286e+03   9.940364e-01   9.940364e-01   3.433228e-03
  2.000000e-02  -0.000000e+00   2.505616e+03   9.969529e-01   9.969529e-01   3.433228e-03
  2.000000e-02  -0.000000e+00   2.510514e+03   9.989020e-01   9.989020e-01   3.433228e-03
  2.000000e-02  -0.000000e+00   2.512967e+03   9.998779e-01   9.998779e-01   3.473325e-03
  2.000000e-02  -0.000000e+00   2.512967e+03   9.998779e-01   9.998779e-01   3.433228e-03
  2.000000e-02  -0.000000e+00   2.510514e+03   9.989020e-01   9.989020e-01   3.393365e-03
  2.000000e-02  -0.000000e+00   2.505616e+03   9.969529e-01   9.970448e-01   3.433228e-03
  2.000000e-02  -0.000000e+00   2.498286e+03   9.940364e-01   9.940364e-01   3.433228e-03
  2.000000e-02  -0.000000e+00   2.498286e+03   9.940364e-01   9.940364e-01   3.433228e-03
  2.000000e-02  -0.000000e+00   2.505616e+03   9.969529e-01   9.969529e-01   3.433228e-03
  2.000000e-02  -0.000000e+00   2.510514e+03   9.989020e-01   9.989020e-01   3.470917e-03
  2.000000e-02  -0.000000e+00   2.512967e+03   9.998779e-01   9.998779e-01   3.433228e-03
  2.000000e-02  -0.000000e+00   2.512967e+03   9.998779e-01   9.998779e-01   3.433252e-03
  2.000000e-02  -0.000000e+00   2.510514e+03   9.989020e-01   9.989020e-01   3.433228e-03
  2.000000e-02  -0.000000e+00   2.505616e+03   9.969529e-01   9.969529e-01   3.433228e-03
  2.000000e-02  -0.000000e+00   2.498286e+03   9.940364e-01   9.940364e-01   3.433228e-03
  2.000000e-02  -0.000000e+00   2.498286e+03   9.940364e-01   9.940364e-01   3.433228e-03
  2.000000e-02  -0.000000e+00   2.505616e+03   9.969529e-01   9.969529e-01   3.433568e-03
  2.000000e-02  -0.000000e+00   2.510514e+03   9.989020e-01   9.989020e-01   3.468694e-03
  2.000000e-02  -0.000000e+00   2.512967e+03   9.998779e-01   9.998779e-01   3.468653e-03
  2.000000e-02  -0.000000e+00   2.512967e+03   9.998779e-01   9.998779e-01   3.433228e-03
  2.000000e-02  -0.000000e+00   2.510514e+03   9.989020e-01   9.989020e-01   3.433228e-03
  2.000000e-02  -0.000000e+00   2.505616e+03   9.969529e-01   9.969529e-01   3.433228e-03
  2.000000e-02  -0.000000e+00   2.498286e+03   9.940364e-01   9.940364e-01   3.433346e-03
  2.000000e-02  -0.000000e+00   2.498286e+03   9.940364e-01   9.940364e-01   3.433303e-03
  2.000000e-02  -0.000000e+00   2.505616e+03   9.969529e-01   9.969529e-01   3.433228e-03
  2.000000e-02  -0.000000e+00   2.510514e+03   9.989020e-01   9.989020e-01   3.433228e-03
  2.000000e-02  -0.000000e+00   2.512967e+03   9.998779e-01   9.998779e-01   3.433303e-03
  2.000000e-02  -0.000000e+00   2.512967e+03   9.998779e-01   9.997990e-01   3.433228e-03
  2.000000e-02  -0.000000e+00   2.510514e+03   9.989020e-01   9.989020e-01   3.433228e-03
  2.000000e-02  -0.000000e+00   2.505616e+03   9.969529e-01   9.969529e-01   3.433228e-03
  2.000000e-02  -0.000000e+00   2.498286e+03   9.940364e-01   9.940364e-01   3.433228e-03
  2.000000e-02  -0.000000e+00   2.498286e+03   9.940364e-01   9.940364e-01   6.729126e-03
  2.000000e-02  -0.000000e+00   2.505616e+03   9.969529e-01   9.969529e-01   6.729126e-03
  2.000000e-02  -0.000000e+00   2.510514e+03   9.989020e-01   9.989020e-01   6.682704e-03
  2.000000e-02  -0.000000e+00   2.512967e+03   9.998779e-01   9.998779e-01   6.729126e-03
  2.000000e-02  -0.000000e+00   2.512967e+03   9.998779e-01   9.998779e-01   6.729126e-03
  2.000000e-02  -0.000000e+00   2.510514e+03   9.989020e-01   9.987442e-01   6.729126e-03
  2.000000e-02  -0.000000e+00   2.505616e+03   9.969529e-01   9.969529e-01   6.729201e-03
  2.000000e-02  -0.000000e+00   2.498286e+03   9.940364e-01   9.940364e-01   6.729126e-03
  2.000000e-02  -0.000000e+00   2.498286e+03   9.940364e-01   9.940364e-01   6.729126e-03
  2.000000e-02  -0.000000e+00   2.505616e+03   9.969529e-01   9.969529e-01   6.729167e-03
  2.000000e-02  -0.000000e+00   2.510514e+03   9.989020e-01   9.989020e-01   6.729126e-03
  2.000000e-02  -0.000000e+00   2.512967e+03   9.998779e-01   9.998779e-01   6.729167e-03
  2.000000e-02  -0.000000e+00   2.512967e+03   9.998779e-01   9.998779e-01   6.679749e-03
  2.000000e-02  -0.000000e+00   2.510514e+03   9.989020e-01   9.989020e-01   6.729147e-03
  2.000000e-02  -0.000000e+00   2.505616e+03   9.969529e-01   9.969529e-01   6.679834e-03
  2.000000e-02  -0.000000e+00   2.498286e+03   9.940364e-01   9.940364e-01   6.729126e-03
  2.000000e-02  -0.000000e+00   2.498286e+03   9.940364e-01   9.940364e-01   6.729126e-03
  2.000000e-02  -0.000000e+00   2.505616e+03   9.969529e-01   9.969529e-01   6.729126e-03
  2.000000e-02  -0.000000e+00   2.510514e+03   9.989020e-01   9.989020e-01   6.729126e-03
  2.000000e-02  -0.000000e+00   2.512967e+03   9.998779e-01   9.998779e-01   6.729126e-03
  2.000000e-02  -0.000000e+00   2.512967e+03   9.998779e-01   9.998779e-01   6.729126e-03
  2.000000e-02  -0.000000e+00   2.510514e+03   9.989020e-01   9.989020e-01   6.729137e-03
  2.000000e-02  -0.000000e+00   2.505616e+03   9.969529e-01   9.969529e-01   6.729126e-03
  2.000000e-02  -0.000000e+00   2.498286e+03   9.940364e-01   9.940364e-01   6.729126e-03
  2.000000e-02  -0.000000e+00   2.498286e+03   9.940364e-01   9.940364e-01   6.729146e-03
  2.000000e-02  -0.000000e+00   2.505616e+03   9.969529e-01   9.969529e-01   6.729228e-03
  2.000000e-02  -0.000000e+00   2.510514e+03   9.989020e-01   9.989020e-01   6.729126e-03
  2.000000e-02  -0.000000e+00   2.512967e+03   9.998779e-01   9.998779e-01   6.729126e-03
  2.000000e-02  -0.000000e+00   2.512967e+03   9.998779e-01   9.998779e-01   6.729129e-03
  2.000000e-02  -0.000000e+00   2.510514e+03   9.989020e-01   9.989020e-01   6.729126e-03
  2.000000e-02  -0.000000e+00   2.505616e+03   9.969529e-01   9.969529e-01   6.729126e-03
  2.000000e-02  -0.000000e+00   2.498286e+03   9.940364e-01   9.943603e-01   6.729126e-03
  2.000000e-02  -0.000000e+00   2.498286e+03   9.940364e-01   9.940364e-01   6.729126e-03
  2.000000e-02  -0.000000e+00   2.505616e+03   9.969529e-01   9.969529e-01   6.729126e-03
  2.000000e-02  -0.000000e+00   2.510514e+03   9.989020e-01   9.989020e-01   6.610582e-03
  1.999103e-02  -0.000000e+00   2.514095e+03   9.998779e-01   9.998779e-01   6.729126e-03
  1.999103e-02  -0.000000e+00   2.514095e+03   9.998779e-01   9.998779e-01   6.729126e-03
  2.000000e-02  -0.000000e+00   2.510514e+03   9.989020e-01   9.989020e-01   6.729126e-03
  2.000000e-02  -0.000000e+00   2.505616e+03   9.969529e-01   9.969529e-01   6.729126e-03
  2.000000e-02  -0.000000e+00   2.498286e+03   9.940364e-01   9.940364e-01   6.729126e-03
  2.000000e-02  -0.000000e+00   2.498286e+03   9.940364e-01   9.940364e-01   6.729126e-03
  2.000000e-02  -0.000000e+00   2.505616e+03   9.969529e-01   9.965853e-01   6.729126e-03
  2.000000e-02  -0.000000e+00   2.510514e+03   9.989020e-01   9.989020e-01   6.729126e-03
  2.000000e-02  -0.000000e+00   2.512967e+03   9.998779e-01   9.998779e-01   6.729126e-03
  2.000000e-02  -0.000000e+00   2.512967e+03   9.998779e-01   9.998779e-01   6.729126e-03
  2.000000e-02  -0.000000e+00   2.510514e+03   9.989020e-01   9.989020e-01   6.729142e-03
  2.000000e-02  -0.000000e+00   2.505616e+03   9.969529e-01   9.969529e-01   6.729126e-03
  2.000000e-02  -0.000000e+00   2.498286e+03   9.940364e-01   9.940364e-01   6.729126e-03
  2.000000e-02  -0.000000e+00   2.498286e+03   9.940364e-01   9.940364e-01   6.729126e-03
  2.001635e-02  -0.000000e+00   2.503569e+03   9.969529e-01   9.969529e-01   6.729126e-03
  2.000000e-02  -0.000000e+00   2.510514e+03   9.989020e-01   9.989020e-01   6.729126e-03
  2.000000e-02  -0.000000e+00   2.512967e+03   9.998779e-01   9.998779e-01   6.729165e-03
  2.000000e-02  -0.000000e+00   2.512967e+03   9.998779e-01   9.998779e-01   6.729126e-03
  2.000000e-02  -0.000000e+00   2.510514e+03   9.989020e-01   9.989020e-01   6.729126e-03
  2.000000e-02  -0.000000e+00   2.505616e+03   9.969529e-01   9.969529e-01   6.729126e-03
  2.000000e-02  -0.000000e+00   2.498286e+03   9.940364e-01   9.940364e-01   6.729126e-03
  2.000000e-02  -0.000000e+00   2.498286e+03   9.940364e-01   9.940364e-01   6.729126e-03
  2.000000e-02  -0.000000e+00   2.505616e+03   9.969529e-01   9.969529e-01   6.729126e-03
  2.000000e-02  -0.000000e+00   2.510514e+03   9.989020e-01   9.989020e-01   6.729142e-03
  2.000000e-02  -0.000000e+00   2.512967e+03   9.998779e-01   9.998779e-01   6.729126e-03
  2.000000e-02  -0.000000e+00   2.512967e+03   9.998779e-01   9.998779e-01   6.729126e-03
  2.000000e-02  -0.000000e+00   2.510514e+03   9.989020e-01   9.989020e-01   6.729126e-03
  2.000000e-02  -0.000000e+00   2.505616e+03   9.969529e-01   9.969529e-01   6.675013e-03
  1.999278e-02  -0.000000e+00   2.499189e+03   9.940364e-01   9.940364e-01   6.729126e-03
  2.000000e-02  -0.000000e+00   2.498286e+03   9.940364e-01   9.940364e-01   6.729126e-03
  1.998365e-02  -0.000000e+00   2.507666e+03   9.969529e-01   9.969529e-01   6.729126e-03
  2.000925e-02  -0.000000e+00   2.509354e+03   9.989020e-01   9.989020e-01   6.729126e-03
  2.000000e-02  -0.000000e+00   2.512967e+03   9.998779e-01   9.998779e-01   6.729126e-03
  2.000000e-02  -0.000000e+00   2.512967e+03   9.998779e-01   9.998779e-01   6.798754e-03
  2.000000e-02  -0.000000e+00   2.510514e+03   9.989020e-01   9.989020e-01   6.729128e-03
  2.000000e-02  -0.000000e+00   2.505616e+03   9.969529e-01   9.969529e-01   6.729126e-03
  2.000000e-02  -0.000000e+00   2.498286e+03   9.940364e-01   9.940364e-01   6.729126e-03
  2.000000e-02  -0.000000e+00   2.498286e+03   9.940364e-01   9.940364e-01   6.729126e-03
  2.000000e-02  -0.000000e+00   2.505616e+03   9.969529e-01   9.969529e-01   6.729126e-03
  2.000925e-02  -0.000000e+00   2.509354e+03   9.989020e-01   9.989020e-01   6.729126e-03
  2.000000e-02  -0.000000e+00   2.512967e+03   9.998779e-01   1.000114e+00   6.729126e-03
  2.002093e-02  -0.000000e+00   2.510340e+03   9.998779e-01   9.998779e-01   6.729126e-03
  2.000000e-02  -0.000000e+00   2.510514e+03   9.989020e-01   9.989020e-01   6.729126e-03
  2.000000e-02  -0.000000e+00   2.505616e+03   9.969529e-01   9.973205e-01   6.729126e-03
  2.000723e-02  -0.000000e+00   2.497384e+03   9.940364e-01   9.940364e-01   6.681249e-03
  2.000000e-02  -0.000000e+00   2.498286e+03   9.940364e-01   9.940364e-01   6.729126e-03
  2.000000e-02  -0.000000e+00   2.505616e+03   9.969529e-01   9.969529e-01   6.729126e-03
  2.000000e-02  -0.000000e+00   2.510514e+03   9.989020e-01   9.989020e-01   6.729126e-03
  2.000000e-02  -0.000000e+00   2.512967e+03   9.998779e-01   9.998779e-01   6.729168e-03
  2.000000e-02  -0.000000e+00   2.512967e+03   9.998779e-01   9.998779e-01   6.729126e-03
  2.000000e-02  -0.000000e+00   2.510514e+03   9.989020e-01   9.989020e-01   6.729126e-03
  2.000000e-02  -0.000000e+00   2.505616e+03   9.969529e-01   9.969529e-01   6.729126e-03
  2.000000e-02  -0.000000e+00   2.498286e+03   9.940364e-01   9.940364e-01   6.729126e-03
  2.000000e-02  -0.000000e+00   2.498286e+03   9.940364e-01   9.937125e-01   6.729206e-03
  2.000000e-02  -0.000000e+00   2.505616e+03   9.969529e-01   9.969529e-01   6.729126e-03
  2.000000e-02  -0.000000e+00   2.510514e+03   9.989020e-01   9.989020e-01   6.729126e-03
  2.000000e-02  -0.000000e+00   2.512967e+03   9.998779e-01   9.998779e-01   6.729146e-03
  2.000000e-02  -0.000000e+00   2.512967e+03   9.998779e-01   9.998779e-01   6.729126e-03
  2.000000e-02  -0.000000e+00   2.510514e+03   9.989020e-01   9.989020e-01   6.729142e-03
  2.000000e-02  -0.000000e+00   2.505616e+03   9.969529e-01   9.969529e-01   6.729126e-03
  2.000000e-02  -0.000000e+00   2.498286e+03   9.940364e-01   9.940364e-01   6.729126e-03
  2.000000e-02  -0.000000e+00   2.498286e+03   9.940364e-01   9.940364e-01   6.729126e-03
  2.000000e-02  -0.000000e+00   2.505616e+03   9.969529e-01   9.969529e-01   6.729126e-03
  2.000000e-02  -0.000000e+00   2.510514e+03   9.989020e-01   9.989020e-01   6.729126e-03
  2.000000e-02  -0.000000e+00   2.512967e+03   9.998779e-01   9.998779e-01   6.729126e-03
  2.000000e-02  -0.000000e+00   2.512967e+03   9.998779e-01   9.998779e-01   6.729126e-03
  2.000000e-02  -0.000000e+00   2.510514e+03   9.989020e-01   9.989020e-01   6.729126e-03
  2.000000e-02  -0.000000e+00   2.505616e+03   9.969529e-01   9.969529e-01   6.729228e-03
  2.000723e-02  -0.000000e+00   2.497384e+03   9.940364e-01   9.941174e-01   6.729126e-03
  2.000000e-02  -0.000000e+00   2.498286e+03   9.940364e-01   9.940364e-01   6.729126e-03
  2.000000e-02  -0.000000e+00   2.505616e+03   9.969529e-01   9.969529e-01   6.729126e-03
  2.000000e-02  -0.000000e+00   2.510514e+03   9.989020e-01   9.987978e-01   6.729126e-03
  2.000000e-02  -0.000000e+00   2.512967e+03   9.998779e-01   9.998779e-01   6.729126e-03
  2.000000e-02  -0.000000e+00   2.512967e+03   9.998779e-01   9.998779e-01   6.729126e-03
  2.000000e-02  -0.000000e+00   2.510514e+03   9.989020e-01   9.989020e-01   6.729126e-03
  2.000000e-02  -0.000000e+00   2.505616e+03   9.969529e-01   9.969529e-01   6.729126e-03
  2.000000e-02  -0.000000e+00   2.498286e+03   9.940364e-01   9.940364e-01   6.729126e-03
  2.000000e-02  -0.000000e+00   2.498286e+03   9.940364e-01   9.940364e-01   6.729126e-03
  2.000000e-02  -0.000000e+00   2.505616e+03   9.969529e-01   9.969529e-01   6.729175e-03
  2.000000e-02  -0.000000e+00   2.510514e+03   9.989020e-01   9.989020e-01   6.729126e-03
  2.000000e-02  -0.000000e+00   2.512967e+03   9.998779e-01   9.998779e-01   6.659856e-03
  2.000000e-02  -0.000000e+00   2.512967e+03   9.998779e-01   9.998779e-01   6.729126e-03
  2.000000e-02  -0.000000e+00   2.510514e+03   9.989020e-01   9.989020e-01   6.729126e-03
  2.000000e-02  -0.000000e+00   2.505616e+03   9.969529e-01   9.969529e-01   6.729175e-03
  2.000000e-02  -0.000000e+00   2.498286e+03   9.940364e-01   9.940364e-01   6.729126e-03
  2.000000e-02  -0.000000e+00   2.498286e+03   9.940364e-01   9.940364e-01   6.729126e-03
  2.000000e-02  -0.000000e+00   2.505616e+03   9.969529e-01   9.969529e-01   6.729228e-03
  2.000000e-02  -0.000000e+00   2.510514e+03   9.989020e-01   9.989020e-01   6.729189e-03
  2.000000e-02  -0.000000e+00   2.512967e+03   9.998779e-01   9.998779e-01   6.729126e-03
  2.002093e-02  -0.000000e+00   2.510340e+03   9.998779e-01   9.998779e-01   6.729126e-03
  2.000000e-02  -0.000000e+00   2.510514e+03   9.989020e-01   9.989020e-01   6.729126e-03
  2.000000e-02  -0.000000e+00   2.505616e+03   9.969529e-01   9.969988e-01   6.783507e-03
  2.000000e-02  -0.000000e+00   2.498286e+03   9.940364e-01   9.940364e-01   6.729126e-03
  2.000000e-02  -0.000000e+00   2.498286e+03   9.940364e-01   9.940364e-01   6.729126e-03
  2.000000e-02  -0.000000e+00   2.505616e+03   9.969529e-01   9.969529e-01   6.729126e-03
  2.000000e-02  -0.000000e+00   2.510514e+03   9.989020e-01   9.989020e-01   6.729126e-03
  2.000000e-02  -0.000000e+00   2.512967e+03   9.998779e-01   9.998779e-01   6.798754e-03
  2.000000e-02  -0.000000e+00   2.512967e+03   9.998779e-01   9.998779e-01   6.659856e-03
  1.998151e-02  -0.000000e+00   2.512838e+03   9.989020e-01   9.989020e-01   6.729126e-03
  2.000000e-02  -0.000000e+00   2.505616e+03   9.969529e-01   9.969529e-01   6.729175e-03
  2.000000e-02  -0.000000e+00   2.498286e+03   9.940364e-01   9.940364e-01   6.729126e-03
  2.000000e-02  -0.000000e+00   2.498286e+03   9.940364e-01   9.940364e-01   6.729126e-03
  2.000000e-02  -0.000000e+00   2.505616e+03   9.969529e-01   9.969529e-01   6.729126e-03
  2.000000e-02  -0.000000e+00   2.510514e+03   9.989020e-01   9.989020e-01   6.729126e-03
  2.000000e-02  -0.000000e+00   2.512967e+03   9.998779e-01   9.998779e-01   6.729126e-03
  2.000000e-02  -0.000000e+00   2.512967e+03   9.998779e-01   9.996421e-01   6.729126e-03
  2.000000e-02  -0.000000e+00   2.510514e+03   9.989020e-01   9.989020e-01   6.729126e-03
  2.000000e-02  -0.000000e+00   2.505616e+03   9.969529e-01   9.969529e-01   6.729126e-03
  2.000000e-02  -0.000000e+00   2.498286e+03   9.940364e-01   9.940364e-01   6.729126e-03
  2.000000e-02  -0.000000e+00   2.498286e+03   9.940364e-01   9.940364e-01   6.729126e-03
  2.000000e-02  -0.000000e+00   2.505616e+03   9.969529e-01   9.969529e-01   6.729126e-03
  2.000000e-02  -0.000000e+00   2.510514e+03   9.989020e-01   9.989020e-01   6.729126e-03
  2.000000e-02  -0.000000e+00   2.512967e+03   9.998779e-01   9.998779e-01   6.729126e-03
  2.000000e-02  -0.000000e+00   2.512967e+03   9.998779e-01   9.998779e-01   6.729126e-03
  2.000000e-02  -0.000000e+00   2.510514e+03   9.989020e-01   9.989020e-01   6.729126e-03
  2.000000e-02  -0.000000e+00   2.505616e+03   9.969529e-01   9.969529e-01   6.729126e-03
  2.000000e-02  -0.000000e+00   2.498286e+03   9.940364e-01   9.940364e-01   6.729146e-03
  2.000000e-02  -0.000000e+00   2.498286e+03   9.940364e-01   9.940364e-01   6.729126e-03
  2.000000e-02  -0.000000e+00   2.505616e+03   9.969529e-01   9.969529e-01   6.729126e-03
  2.000000e-02  -0.000000e+00   2.510514e+03   9.989020e-01   9.989020e-01   6.729126e-03
  2.000000e-02  -0.000000e+00   2.512967e+03   9.998779e-01   9.998779e-01   6.729126e-03
  2.000000e-02  -0.000000e+00   2.512967e+03   9.998779e-01   9.998779e-01   6.729126e-03
  2.000000e-02  -0.000000e+00   2.510514e+03   9.989020e-01   9.989020e-01   6.729126e-03
  2.000000e-02  -0.000000e+00   2.505616e+03   9.969529e-01   9.969529e-01   6.729126e-03
  2.000000e-02  -0.000000e+00   2.498286e+03   9.940364e-01   9.940364e-01   6.729126e-03
  2.000000e-02  -0.000000e+00   2.498286e+03   9.940364e-01   9.940364e-01   6.729126e-03
  2.000000e-02  -0.000000e+00   2.505616e+03   9.969529e-01   9.969529e-01   6.729126e-03
  2.000000e-02  -0.000000e+00   2.510514e+03   9.989020e-01   9.989020e-01   6.729126e-03
  2.000000e-02  -0.000000e+00   2.512967e+03   9.998779e-01   9.998779e-01   6.729168e-03
  2.000000e-02  -0.000000e+00   2.512967e+03   9.998779e-01   9.998779e-01   6.729126e-03
  2.000000e-02  -0.000000e+00   2.510514e+03   9.989020e-01   9.989020e-01   6.729126e-03
  2.000000e-02  -0.000000e+00   2.505616e+03   9.969529e-01   9.969529e-01   6.729152e-03
  2.000000e-02  -0.000000e+00   2.498286e+03   9.940364e-01   9.940364e-01   6.729126e-03
  2.000000e-02  -0.000000e+00   2.498286e+03   9.940364e-01   9.940364e-01   6.729126e-03
  2.000000e-02  -0.000000e+00   2.505616e+03   9.969529e-01   9.969529e-01   6.729126e-03
  2.000000e-02  -0.000000e+00   2.510514e+03   9.989020e-01   9.989020e-01   6.729257e-03
  2.000000e-02  -0.000000e+00   2.512967e+03   9.998779e-01   1.000114e+00   6.729126e-03
  2.000000e-02  -0.000000e+00   2.512967e+03   9.998779e-01   9.998779e-01   6.729126e-03
  2.000000e-02  -0.000000e+00   2.510514e+03   9.989020e-01   9.989020e-01   6.729134e-03
  2.000000e-02  -0.000000e+00   2.505616e+03   9.969529e-01   9.969529e-01   6.729126e-03
  2.000000e-02  -0.000000e+00   2.498286e+03   9.940364e-01   9.940364e-01   6.777174e-03
  2.000000e-02  -0.000000e+00   2.498286e+03   9.940364e-01   9.940364e-01   6.729126e-03
  2.000000e-02  -0.000000e+00   2.505616e+03   9.969529e-01   9.969529e-01   6.729126e-03
  2.000000e-02  -0.000000e+00   2.510514e+03   9.989020e-01   9.987978e-01   6.729126e-03
  2.000000e-02  -0.000000e+00   2.512967e+03   9.998779e-01   9.998779e-01   6.729126e-03
  2.000000e-02  -0.000000e+00   2.512967e+03   9.998779e-01   1.000114e+00   6.729126e-03
  2.000000e-02  -0.000000e+00   2.510514e+03   9.989020e-01   9.989020e-01   6.729126e-03
  2.000000e-02  -0.000000e+00   2.505616e+03   9.969529e-01   9.969529e-01   6.729126e-03
  2.000000e-02  -0.000000e+00   2.498286e+03   9.940364e-01   9.940364e-01   6.681249e-03
  2.000000e-02  -0.000000e+00   2.498286e+03   9.940364e-01   9.940364e-01   6.681249e-03
  2.000000e-02  -0.000000e+00   2.505616e+03   9.969529e-01   9.969529e-01   6.729126e-03
  2.000000e-02  -0.000000e+00   2.510514e+03   9.989020e-01   9.989020e-01   6.729126e-03
  2.000000e-02  -0.000000e+00   2.512967e+03   9.998779e-01   9.998779e-01   6.729126e-03
  2.000000e-02  -0.000000e+00   2.512967e+03   9.998779e-01   9.998779e-01   6.729136e-03
  2.000000e-02  -0.000000e+00   2.510514e+03   9.989020e-01   9.989020e-01   6.729126e-03
  2.000000e-02  -0.000000e+00   2.505616e+03   9.969529e-01   9.969529e-01   6.729126e-03
  2.000000e-02  -0.000000e+00   2.498286e+03   9.940364e-01   9.940364e-01   6.729126e-03
  2.000000e-02  -0.000000e+00   2.498286e+03   9.940364e-01   9.940364e-01   6.729126e-03
  2.000000e-02  -0.000000e+00   2.505616e+03   9.969529e-01   9.969529e-01   6.729322e-03
  2.000000e-02  -0.000000e+00   2.510514e+03   9.989020e-01   9.989020e-01   6.729126e-03
  2.000000e-02  -0.000000e+00   2.512967e+03   9.998779e-01   9.998779e-01   6.799075e-03
  2.000000e-02  -0.000000e+00   2.512967e+03   9.998779e-01   9.998779e-01   6.798765e-03
  2.000000e-02  -0.000000e+00   2.510514e+03   9.989020e-01   9.989020e-01   6.790666e-03
  2.000000e-02  -0.000000e+00   2.505616e+03   9.969529e-01   9.969529e-01   6.729126e-03
  2.000000e-02  -0.000000e+00   2.498286e+03   9.940364e-01   9.940364e-01   6.729126e-03
  2.000000e-02  -0.000000e+00   2.498286e+03   9.940364e-01   9.940364e-01   6.729126e-03
  2.000000e-02  -0.000000e+00   2.505616e+03   9.969529e-01   9.969529e-01   6.729126e-03
  2.000000e-02  -0.000000e+00   2.510514e+03   9.989020e-01   9.989020e-01   6.729126e-03
  2.000000e-02  -0.000000e+00   2.512967e+03   9.998779e-01   9.998779e-01   6.729126e-03
  2.000000e-02  -0.000000e+00   2.512967e+03   9.998779e-01   9.998779e-01   6.729126e-03
  2.000000e-02  -0.000000e+00   2.510514e+03   9.989020e-01   9.989020e-01   6.729126e-03
  2.000000e-02  -0.000000e+00   2.505616e+03   9.969529e-01   9.969529e-01   6.729126e-03
  2.000000e-02  -0.000000e+00   2.498286e+03   9.940364e-01   9.940364e-01   6.729126e-03
  2.000000e-02  -0.000000e+00   2.498286e+03   9.940364e-01   9.940364e-01   6.729126e-03
  2.000000e-02  -0.000000e+00   2.505616e+03   9.969529e-01   9.969529e-01   6.783507e-03
  2.000000e-02  -0.000000e+00   2.510514e+03   9.989020e-01   9.987978e-01   6.729126e-03
  2.000000e-02  -0.000000e+00   2.512967e+03   9.998779e-01   9.998779e-01   6.792596e-03
  2.000000e-02  -0.000000e+00   2.512967e+03   9.998779e-01   9.998779e-01   6.729126e-03
  2.000000e-02  -0.000000e+00   2.510514e+03   9.989020e-01   9.989020e-01   6.729126e-03
  2.000000e-02  -0.000000e+00   2.505616e+03   9.969529e-01   9.969529e-01   6.729126e-03
  2.000000e-02  -0.000000e+00   2.498286e+03   9.940364e-01   9.940364e-01   6.729206e-03
  2.000000e-02  -0.000000e+00   2.498286e+03   9.940364e-01   9.940364e-01   6.729126e-03
  2.000000e-02  -0.000000e+00   2.505616e+03   9.969529e-01   9.969529e-01   6.729126e-03
  2.000000e-02  -0.000000e+00   2.510514e+03   9.989020e-01   9.989020e-01   6.729249e-03
  2.000000e-02  -0.000000e+00   2.512967e+03   9.998779e-01   9.998779e-01   6.729126e-03
  2.000000e-02  -0.000000e+00   2.512967e+03   9.998779e-01   9.998779e-01   6.729126e-03
  2.000000e-02  -0.000000e+00   2.510514e+03   9.989020e-01   9.989020e-01   6.729126e-03
  2.000000e-02  -0.000000e+00   2.505616e+03   9.969529e-01   9.969529e-01   6.729322e-03
  2.000000e-02  -0.000000e+00   2.498286e+03   9.940364e-01   9.940364e-01   6.729126e-03
  2.000000e-02  -0.000000e+00   2.498286e+03   9.940364e-01   9.940364e-01   6.729126e-03
  2.000000e-02  -0.000000e+00   2.505616e+03   9.969529e-01   9.969529e-01   6.729322e-03
  2.000000e-02  -0.000000e+00   2.510514e+03   9.989020e-01   9.989020e-01   6.729126e-03
  2.000000e-02  -0.000000e+00   2.512967e+03   9.998779e-01   9.998779e-01   6.729443e-03
  2.000000e-02  -0.000000e+00   2.512967e+03   9.998779e-01   9.998779e-01   6.729126e-03
  2.000000e-02  -0.000000e+00   2.510514e+03   9.989020e-01   9.989020e-01   6.729126e-03
  2.000000e-02  -0.000000e+00   2.505616e+03   9.969529e-01   9.969529e-01   6.729126e-03
  2.000000e-02  -0.000000e+00   2.498286e+03   9.940364e-01   9.940364e-01   6.729206e-03
  2.000000e-02  -0.000000e+00   2.498286e+03   9.940364e-01   9.940364e-01   6.729126e-03
  2.000000e-02  -0.000000e+00   2.505616e+03   9.969529e-01   9.969529e-01   6.729511e-03
  2.000000e-02  -0.000000e+00   2.510514e+03   9.989020e-01   9.989020e-01   6.781850e-03
  2.000000e-02  -0.000000e+00   2.512967e+03   9.998779e-01   9.998779e-01   6.729126e-03
  2.000000e-02  -0.000000e+00   2.512967e+03   9.998779e-01   9.998779e-01   6.729126e-03
  2.000000e-02  -0.000000e+00   2.510514e+03   9.989020e-01   9.989020e-01   6.729126e-03
  2.000000e-02  -0.000000e+00   2.505616e+03   9.969529e-01   9.969529e-01   6.729126e-03
  2.000000e-02  -0.000000e+00   2.498286e+03   9.940364e-01   9.940364e-01   6.729126e-03
  2.000000e-02  -0.000000e+00   2.498286e+03   9.940364e-01   9.940364e-01   6.729126e-03
  1.999627e-02  -0.000000e+00   2.506083e+03   9.969529e-01   9.969529e-01   6.679749e-03
  2.000000e-02  -0.000000e+00   2.510514e+03   9.989020e-01   9.989020e-01   6.729126e-03
  2.000000e-02  -0.000000e+00   2.512967e+03   9.998779e-01   9.998779e-01   6.729126e-03
  2.000000e-02  -0.000000e+00   2.512967e+03   9.998779e-01   9.998779e-01   6.729126e-03
  2.000000e-02  -0.000000e+00   2.510514e+03   9.989020e-01   9.989020e-01   6.729126e-03
  2.000000e-02  -0.000000e+00   2.505616e+03   9.969529e-01   9.969529e-01   6.729126e-03
  2.000000e-02  -0.000000e+00   2.498286e+03   9.940364e-01   9.940364e-01   6.729126e-03
  2.000000e-02  -0.000000e+00   2.498286e+03   9.940364e-01   9.940364e-01   6.729126e-03
  2.000000e-02  -0.000000e+00   2.505616e+03   9.969529e-01   9.969529e-01   6.729126e-03
  2.000000e-02  -0.000000e+00   2.510514e+03   9.989020e-01   9.989020e-01   6.729126e-03
  2.000000e-02  -0.000000e+00   2.512967e+03   9.998779e-01   9.998779e-01   6.729345e-03
  2.000000e-02  -0.000000e+00   2.512967e+03   9.998779e-01   9.998779e-01   6.729126e-03
  2.000000e-02  -0.000000e+00   2.510514e+03   9.989020e-01   9.989020e-01   6.729126e-03
  2.000000e-02  -0.000000e+00   2.505616e+03   9.969529e-01   9.969529e-01   6.729126e-03
  2.000000e-02  -0.000000e+00   2.498286e+03   9.940364e-01   9.940364e-01   6.729126e-03
  2.000000e-02  -0.000000e+00   2.498286e+03   9.940364e-01   9.940364e-01   1.112366e-02
  2.000000e-02  -0.000000e+00   2.505616e+03   9.969529e-01   9.969529e-01   1.112366e-02
  2.000000e-02  -0.000000e+00   2.510514e+03   9.989020e-01   9.989020e-01   1.112366e-02
  2.000000e-02  -0.000000e+00   2.512967e+03   9.998779e-01   9.998779e-01   1.112366e-02
  2.000000e-02  -0.000000e+00   2.512967e+03   9.998779e-01   9.998779e-01   1.112368e-02
  2.000000e-02  -0.000000e+00   2.510514e+03   9.989020e-01   9.989020e-01   1.112366e-02
  2.000000e-02  -0.000000e+00   2.505616e+03   9.969529e-01   9.969529e-01   1.112373e-02
  2.000701e-02  -0.000000e+00   2.497411e+03   9.940364e-01   9.940364e-01   1.112366e-02
  2.000000e-02  -0.000000e+00   2.498286e+03   9.940364e-01   9.938745e-01   1.112366e-02
  2.000000e-02  -0.000000e+00   2.505616e+03   9.969529e-01   9.969529e-01   1.112366e-02
  2.000000e-02  -0.000000e+00   2.510514e+03   9.989020e-01   9.989020e-01   1.112366e-02
  2.000000e-02  -0.000000e+00   2.512967e+03   9.998779e-01   9.998779e-01   1.112374e-02
  1.999255e-02  -0.000000e+00   2.513904e+03   9.998779e-01   9.998779e-01   1.112366e-02
  2.000000e-02  -0.000000e+00   2.510514e+03   9.989020e-01   9.989020e-01   1.112366e-02
  2.000000e-02  -0.000000e+00   2.505616e+03   9.969529e-01   9.969529e-01   1.112366e-02
  2.000000e-02  -0.000000e+00   2.498286e+03   9.940364e-01   9.940364e-01   1.118541e-02
  2.000000e-02  -0.000000e+00   2.498286e+03   9.940364e-01   9.940364e-01   1.112366e-02
  2.000000e-02  -0.000000e+00   2.505616e+03   9.969529e-01   9.969529e-01   1.112366e-02
  2.000000e-02  -0.000000e+00   2.510514e+03   9.989020e-01   9.989020e-01   1.119151e-02
  2.000000e-02  -0.000000e+00   2.512967e+03   9.998779e-01   9.998779e-01   1.105610e-02
  2.000000e-02  -0.000000e+00   2.512967e+03   9.998779e-01   9.998779e-01   1.112366e-02
  2.000000e-02  -0.000000e+00   2.510514e+03   9.989020e-01   9.989020e-01   1.112366e-02
  2.000000e-02  -0.000000e+00   2.505616e+03   9.969529e-01   9.969529e-01   1.105612e-02
  2.000000e-02  -0.000000e+00   2.498286e+03   9.940364e-01   9.940364e-01   1.118541e-02
  2.000000e-02  -0.000000e+00   2.498286e+03   9.940364e-01   9.940364e-01   1.112366e-02
  2.000000e-02  -0.000000e+00   2.505616e+03   9.969529e-01   9.969529e-01   1.112366e-02
  2.000000e-02  -0.000000e+00   2.510514e+03   9.989020e-01   9.992818e-01   1.112366e-02
  2.000000e-02  -0.000000e+00   2.512967e+03   9.998779e-01   1.000258e+00   1.112366e-02
  2.000000e-02  -0.000000e+00   2.512967e+03   9.998779e-01   9.998779e-01   1.112366e-02
  2.000000e-02  -0.000000e+00   2.510514e+03   9.989020e-01   9.989020e-01   1.112366e-02
  1.999591e-02  -0.000000e+00   2.506128e+03   9.969529e-01   9.969529e-01   1.112366e-02
  2.000000e-02  -0.000000e+00   2.498286e+03   9.940364e-01   9.940364e-01   1.112366e-02
  2.000000e-02  -0.000000e+00   2.498286e+03   9.940364e-01   9.940364e-01   1.112366e-02
  2.000000e-02  -0.000000e+00   2.505616e+03   9.969529e-01   9.969529e-01   1.112367e-02
  2.000000e-02  -0.000000e+00   2.510514e+03   9.989020e-01   9.989020e-01   1.112366e-02
  2.000000e-02  -0.000000e+00   2.512967e+03   9.998779e-01   9.998779e-01   1.112366e-02
  2.000000e-02  -0.000000e+00   2.512967e+03   9.998779e-01   9.998779e-01   1.112366e-02
  2.000000e-02  -0.000000e+00   2.510514e+03   9.989020e-01   9.989020e-01   1.112366e-02
  2.000000e-02  -0.000000e+00   2.505616e+03   9.969529e-01   9.969529e-01   1.112366e-02
  2.000723e-02  -0.000000e+00   2.497384e+03   9.940364e-01   9.940364e-01   1.112366e-02
  2.000000e-02  -0.000000e+00   2.498286e+03   9.940364e-01   9.943603e-01   1.112374e-02
  2.000000e-02  -0.000000e+00   2.505616e+03   9.969529e-01   9.969529e-01   1.112367e-02
  2.000000e-02  -0.000000e+00   2.510514e+03   9.989020e-01   9.989020e-01   1.112366e-02
  2.000000e-02  -0.000000e+00   2.512967e+03   9.998779e-01   9.998779e-01   1.112366e-02
  2.000000e-02  -0.000000e+00   2.512967e+03   9.998779e-01   9.998779e-01   1.112366e-02
  2.000000e-02  -0.000000e+00   2.510514e+03   9.989020e-01   9.989020e-01   1.120276e-02
  2.000000e-02  -0.000000e+00   2.505616e+03   9.969529e-01   9.969529e-01   1.112366e-02
  2.000000e-02  -0.000000e+00   2.498286e+03   9.940364e-01   9.940364e-01   1.112374e-02
  2.000000e-02  -0.000000e+00   2.498286e+03   9.940364e-01   9.940364e-01   1.112366e-02
  2.001635e-02  -0.000000e+00   2.503569e+03   9.969529e-01   9.969529e-01   1.112367e-02
  2.000000e-02  -0.000000e+00   2.510514e+03   9.989020e-01   9.989020e-01   1.112366e-02
  2.000000e-02  -0.000000e+00   2.512967e+03   9.998779e-01   9.998779e-01   1.112366e-02
  2.000000e-02  -0.000000e+00   2.512967e+03   9.998779e-01   9.998779e-01   1.112366e-02
  2.000925e-02  -0.000000e+00   2.509354e+03   9.989020e-01   9.989020e-01   1.104487e-02
  2.000818e-02  -0.000000e+00   2.504592e+03   9.969529e-01   9.969529e-01   1.112366e-02
  2.000000e-02  -0.000000e+00   2.498286e+03   9.940364e-01   9.940364e-01   1.112367e-02
  2.000000e-02  -0.000000e+00   2.498286e+03   9.940364e-01   9.940364e-01   1.112366e-02
  2.000000e-02  -0.000000e+00   2.505616e+03   9.969529e-01   9.969529e-01   1.112366e-02
  2.000000e-02  -0.000000e+00   2.510514e+03   9.989020e-01   9.989020e-01   1.112366e-02
  2.002093e-02  -0.000000e+00   2.510340e+03   9.998779e-01   9.998779e-01   1.121313e-02
  2.000000e-02  -0.000000e+00   2.512967e+03   9.998779e-01   9.998779e-01   1.103455e-02
  2.000000e-02  -0.000000e+00   2.510514e+03   9.989020e-01   9.989020e-01   1.112366e-02
  2.000000e-02  -0.000000e+00   2.505616e+03   9.969529e-01   9.969529e-01   1.112366e-02
  2.000000e-02  -0.000000e+00   2.498286e+03   9.940364e-01   9.940364e-01   1.112366e-02
  2.000000e-02  -0.000000e+00   2.498286e+03   9.940364e-01   9.940364e-01   1.112366e-02
  2.000000e-02  -0.000000e+00   2.505616e+03   9.969529e-01   9.969529e-01   1.112367e-02
  2.000000e-02  -0.000000e+00   2.510514e+03   9.989020e-01   9.989020e-01   1.112366e-02
  2.000000e-02  -0.000000e+00   2.512967e+03   9.998779e-01   9.998779e-01   1.103455e-02
  2.000000e-02  -0.000000e+00   2.512967e+03   9.998779e-01   9.998779e-01   1.112366e-02
  2.000000e-02  -0.000000e+00   2.510514e+03   9.989020e-01   9.989020e-01   1.112366e-02
  2.000000e-02  -0.000000e+00   2.505616e+03   9.969529e-01   9.969529e-01   1.112366e-02
  2.000000e-02  -0.000000e+00   2.498286e+03   9.940364e-01   9.940364e-01   1.112366e-02
  2.000000e-02  -0.000000e+00   2.498286e+03   9.940364e-01   9.940364e-01   1.112366e-02
  2.001635e-02  -0.000000e+00   2.503569e+03   9.969529e-01   9.969529e-01   1.112366e-02
  2.000000e-02  -0.000000e+00   2.510514e+03   9.989020e-01   9.989020e-01   1.112366e-02
  2.000000e-02  -0.000000e+00   2.512967e+03   9.998779e-01   9.998779e-01   1.121313e-02
  2.000000e-02  -0.000000e+00   2.512967e+03   9.998779e-01   9.998779e-01   1.112366e-02
  2.000000e-02  -0.000000e+00   2.510514e+03   9.989020e-01   9.989020e-01   1.116316e-02
  2.000000e-02  -0.000000e+00   2.505616e+03   9.969529e-01   9.969529e-01   1.112366e-02
  2.000000e-02  -0.000000e+00   2.498286e+03   9.940364e-01   9.940364e-01   1.112366e-02
  2.000000e-02  -0.000000e+00   2.498286e+03   9.940364e-01   9.940364e-01   1.112366e-02
  2.000000e-02  -0.000000e+00   2.505616e+03   9.969529e-01   9.969529e-01   1.112366e-02
  2.000000e-02  -0.000000e+00   2.510514e+03   9.989020e-01   9.989020e-01   1.112366e-02
  2.000000e-02  -0.000000e+00   2.512967e+03   9.998779e-01   9.998779e-01   1.112366e-02
  2.000000e-02  -0.000000e+00   2.512967e+03   9.998779e-01   9.998779e-01   1.112366e-02
  2.000000e-02  -0.000000e+00   2.510514e+03   9.989020e-01   9.989020e-01   1.112366e-02
  2.000000e-02  -0.000000e+00   2.505616e+03   9.969529e-01   9.969529e-01   1.112366e-02
  2.000000e-02  -0.000000e+00   2.498286e+03   9.940364e-01   9.940364e-01   1.112366e-02
  2.000000e-02  -0.000000e+00   2.498286e+03   9.940364e-01   9.937125e-01   1.112374e-02
  2.000000e-02  -0.000000e+00   2.505616e+03   9.969529e-01   9.969529e-01   1.112366e-02
  2.000000e-02  -0.000000e+00   2.510514e+03   9.989020e-01   9.989020e-01   1.112366e-02
  2.000000e-02  -0.000000e+00   2.512967e+03   9.998779e-01   9.998779e-01   1.112366e-02
  2.000000e-02  -0.000000e+00   2.512967e+03   9.998779e-01   9.998779e-01   1.112366e-02
  2.000000e-02  -0.000000e+00   2.510514e+03   9.989020e-01   9.989020e-01   1.112367e-02
  2.000000e-02  -0.000000e+00   2.505616e+03   9.969529e-01   9.965853e-01   1.112366e-02
  2.000000e-02  -0.000000e+00   2.498286e+03   9.940364e-01   9.940364e-01   1.112366e-02
  2.000000e-02  -0.000000e+00   2.498286e+03   9.940364e-01   9.940364e-01   1.112366e-02
  2.000000e-02  -0.000000e+00   2.505616e+03   9.969529e-01   9.969529e-01   1.112366e-02
  2.000000e-02  -0.000000e+00   2.510514e+03   9.989020e-01   9.989020e-01   1.112366e-02
  2.000000e-02  -0.000000e+00   2.512967e+03   9.998779e-01   9.998779e-01   1.112382e-02
  2.000000e-02  -0.000000e+00   2.512967e+03   9.998779e-01   9.998779e-01   1.112366e-02
  2.000000e-02  -0.000000e+00   2.510514e+03   9.989020e-01   9.989020e-01   1.112366e-02
  2.000000e-02  -0.000000e+00   2.505616e+03   9.969529e-01   9.969529e-01   1.112366e-02
  2.000000e-02  -0.000000e+00   2.498286e+03   9.940364e-01   9.940364e-01   1.112366e-02
  2.000000e-02  -0.000000e+00   2.498286e+03   9.940364e-01   9.940364e-01   1.112366e-02
  2.000000e-02  -0.000000e+00   2.505616e+03   9.969529e-01   9.969529e-01   1.112366e-02
  2.000000e-02  -0.000000e+00   2.510514e+03   9.989020e-01   9.989020e-01   1.112366e-02
  2.000000e-02  -0.000000e+00   2.512967e+03   9.998779e-01   9.998779e-01   1.112366e-02
  2.000000e-02  -0.000000e+00   2.512967e+03   9.998779e-01   9.998779e-01   1.112366e-02
  2.000000e-02  -0.000000e+00   2.510514e+03   9.989020e-01   9.989020e-01   1.108425e-02
  2.000000e-02  -0.000000e+00   2.505616e+03   9.969529e-01   9.969529e-01   1.112366e-02
  2.000000e-02  -0.000000e+00   2.498286e+03   9.940364e-01   9.940364e-01   1.112366e-02
  2.000000e-02  -0.000000e+00   2.498286e+03   9.940364e-01   9.940364e-01   1.112366e-02
  2.000000e-02  -0.000000e+00   2.505616e+03   9.969529e-01   9.969529e-01   1.112371e-02
  2.000000e-02  -0.000000e+00   2.510514e+03   9.989020e-01   9.989020e-01   1.112366e-02
  2.000000e-02  -0.000000e+00   2.512967e+03   9.998779e-01   9.998779e-01   1.112366e-02
  2.000000e-02  -0.000000e+00   2.512967e+03   9.998779e-01   9.998779e-01   1.112366e-02
  2.000000e-02  -0.000000e+00   2.510514e+03   9.989020e-01   9.989020e-01   1.112372e-02
  2.000000e-02  -0.000000e+00   2.505616e+03   9.969529e-01   9.971367e-01   1.112366e-02
  2.000000e-02  -0.000000e+00   2.498286e+03   9.940364e-01   9.940364e-01   1.112366e-02
  2.000000e-02  -0.000000e+00   2.498286e+03   9.940364e-01   9.940364e-01   1.112374e-02
  2.000000e-02  -0.000000e+00   2.505616e+03   9.969529e-01   9.969529e-01   1.112366e-02
  2.000925e-02  -0.000000e+00   2.509354e+03   9.989020e-01   9.989020e-01   1.112366e-02
  2.000000e-02  -0.000000e+00   2.512967e+03   9.998779e-01   9.998779e-01   1.112366e-02
  2.000000e-02  -0.000000e+00   2.512967e+03   9.998779e-01   9.999959e-01   1.112366e-02
  2.000000e-02  -0.000000e+00   2.510514e+03   9.989020e-01   9.989020e-01   1.112366e-02
  1.999183e-02  -0.000000e+00   2.506640e+03   9.969529e-01   9.969529e-01   1.108884e-02
  2.000000e-02  -0.000000e+00   2.498286e+03   9.940364e-01   9.941174e-01   1.112366e-02
  2.000000e-02  -0.000000e+00   2.498286e+03   9.940364e-01   9.940364e-01   1.112366e-02
  2.000000e-02  -0.000000e+00   2.505616e+03   9.969529e-01   9.969529e-01   1.112366e-02
  2.000000e-02  -0.000000e+00   2.510514e+03   9.989020e-01   9.989020e-01   1.112379e-02
  1.997908e-02  -0.000000e+00   2.515598e+03   9.998779e-01   9.998779e-01   1.112366e-02
  1.997908e-02  -0.000000e+00   2.515598e+03   9.998779e-01   9.998779e-01   1.112366e-02
  2.000000e-02  -0.000000e+00   2.510514e+03   9.989020e-01   9.989020e-01   1.112366e-02
  2.000000e-02  -0.000000e+00   2.505616e+03   9.969529e-01   9.967691e-01   1.112366e-02
  2.000000e-02  -0.000000e+00   2.498286e+03   9.940364e-01   9.940364e-01   1.112366e-02
  2.000000e-02  -0.000000e+00   2.498286e+03   9.940364e-01   9.940364e-01   1.112366e-02
  2.000000e-02  -0.000000e+00   2.505616e+03   9.969529e-01   9.969529e-01   1.112376e-02
  2.000000e-02  -0.000000e+00   2.510514e+03   9.989020e-01   9.989020e-01   1.112366e-02
  2.001046e-02  -0.000000e+00   2.511653e+03   9.998779e-01   9.998779e-01   1.112366e-02
  2.000000e-02  -0.000000e+00   2.512967e+03   9.998779e-01   9.998779e-01   1.112366e-02
  2.000000e-02  -0.000000e+00   2.510514e+03   9.989020e-01   9.989020e-01   1.112366e-02
  2.000000e-02  -0.000000e+00   2.505616e+03   9.969529e-01   9.969529e-01   1.112366e-02
  2.000000e-02  -0.000000e+00   2.498286e+03   9.940364e-01   9.941984e-01   1.112368e-02
  2.000000e-02  -0.000000e+00   2.498286e+03   9.940364e-01   9.940364e-01   1.106208e-02
  2.000000e-02  -0.000000e+00   2.505616e+03   9.969529e-01   9.969529e-01   1.112366e-02
  2.000000e-02  -0.000000e+00   2.510514e+03   9.989020e-01   9.989020e-01   1.112366e-02
  2.000000e-02  -0.000000e+00   2.512967e+03   9.998779e-01   9.998779e-01   1.121313e-02
  2.000000e-02  -0.000000e+00   2.512967e+03   9.998779e-01   9.998779e-01   1.112366e-02
  2.000000e-02  -0.000000e+00   2.510514e+03   9.989020e-01   9.989020e-01   1.112372e-02
  2.000000e-02  -0.000000e+00   2.505616e+03   9.969529e-01   9.969529e-01   1.112366e-02
  2.000000e-02  -0.000000e+00   2.498286e+03   9.940364e-01   9.940364e-01   1.112366e-02
  2.000000e-02  -0.000000e+00   2.498286e+03   9.940364e-01   9.940364e-01   1.112366e-02
  2.000000e-02  -0.000000e+00   2.505616e+03   9.969529e-01   9.971367e-01   1.112366e-02
  2.000000e-02  -0.000000e+00   2.510514e+03   9.989020e-01   9.989020e-01   1.112366e-02
  2.000000e-02  -0.000000e+00   2.512967e+03   9.998779e-01   9.998779e-01   1.112366e-02
  2.000000e-02  -0.000000e+00   2.512967e+03   9.998779e-01   9.998779e-01   1.107906e-02
  2.000000e-02  -0.000000e+00   2.510514e+03   9.989020e-01   9.989020e-01   1.112366e-02
  2.000000e-02  -0.000000e+00   2.505616e+03   9.969529e-01   9.969529e-01   1.112366e-02
  2.000000e-02  -0.000000e+00   2.498286e+03   9.940364e-01   9.940364e-01   1.112368e-02
  2.000723e-02  -0.000000e+00   2.497384e+03   9.940364e-01   9.940364e-01   1.112366e-02
  2.000000e-02  -0.000000e+00   2.505616e+03   9.969529e-01   9.969529e-01   1.112366e-02
  2.000000e-02  -0.000000e+00   2.510514e+03   9.989020e-01   9.989020e-01   1.112366e-02
  2.000000e-02  -0.000000e+00   2.512967e+03   9.998779e-01   9.998779e-01   1.112366e-02
  2.000000e-02  -0.000000e+00   2.512967e+03   9.998779e-01   9.998779e-01   1.107906e-02
  2.000000e-02  -0.000000e+00   2.510514e+03   9.989020e-01   9.989020e-01   1.112366e-02
  2.000000e-02  -0.000000e+00   2.505616e+03   9.969529e-01   9.969529e-01   1.114111e-02
  2.000000e-02  -0.000000e+00   2.498286e+03   9.940364e-01   9.940364e-01   1.112366e-02
  2.000723e-02  -0.000000e+00   2.497384e+03   9.940364e-01   9.940364e-01   1.112366e-02
  2.000000e-02  -0.000000e+00   2.505616e+03   9.969529e-01   9.969529e-01   1.112366e-02
  1.999075e-02  -0.000000e+00   2.511676e+03   9.989020e-01   9.989020e-01   1.112366e-02
  2.000000e-02  -0.000000e+00   2.512967e+03   9.998779e-01   9.998779e-01   1.112366e-02
  2.000000e-02  -0.000000e+00   2.512967e+03   9.998779e-01   9.998779e-01   1.112366e-02
  2.000000e-02  -0.000000e+00   2.510514e+03   9.989020e-01   9.986936e-01   1.112366e-02
  2.000000e-02  -0.000000e+00   2.505616e+03   9.969529e-01   9.969529e-01   1.112366e-02
  2.000000e-02  -0.000000e+00   2.498286e+03   9.940364e-01   9.938745e-01   1.112366e-02
  2.000000e-02  -0.000000e+00   2.498286e+03   9.940364e-01   9.940364e-01   1.112366e-02
  2.000000e-02  -0.000000e+00   2.505616e+03   9.969529e-01   9.969529e-01   1.112385e-02
  2.000000e-02  -0.000000e+00   2.510514e+03   9.989020e-01   9.989020e-01   1.112379e-02
  2.000000e-02  -0.000000e+00   2.512967e+03   9.998779e-01   9.998779e-01   1.112366e-02
  2.000000e-02  -0.000000e+00   2.512967e+03   9.998779e-01   9.998779e-01   1.112366e-02
  2.000000e-02  -0.000000e+00   2.510514e+03   9.989020e-01   9.989020e-01   1.108422e-02
  2.000000e-02  -0.000000e+00   2.505616e+03   9.969529e-01   9.969529e-01   1.112366e-02
  2.000000e-02  -0.000000e+00   2.498286e+03   9.940364e-01   9.940364e-01   1.112366e-02
  2.000000e-02  -0.000000e+00   2.498286e+03   9.940364e-01   9.940364e-01   1.112366e-02
  2.000000e-02  -0.000000e+00   2.505616e+03   9.969529e-01   9.969529e-01   1.112366e-02
  2.000000e-02  -0.000000e+00   2.510514e+03   9.989020e-01   9.989020e-01   1.112366e-02
  2.000000e-02  -0.000000e+00   2.512967e+03   9.998779e-01   9.998779e-01   1.112366e-02
  2.000000e-02  -0.000000e+00   2.512967e+03   9.998779e-01   9.998779e-01   1.112366e-02
  2.000000e-02  -0.000000e+00   2.510514e+03   9.989020e-01   9.989020e-01   1.112366e-02
  2.000000e-02  -0.000000e+00   2.505616e+03   9.969529e-01   9.969529e-01   1.112366e-02
  2.000000e-02  -0.000000e+00   2.498286e+03   9.940364e-01   9.940364e-01   1.112366e-02
  2.000000e-02  -0.000000e+00   2.498286e+03   9.940364e-01   9.940364e-01   1.112366e-02
  2.000000e-02  -0.000000e+00   2.505616e+03   9.969529e-01   9.969529e-01   1.112366e-02
  2.000000e-02  -0.000000e+00   2.510514e+03   9.989020e-01   9.989020e-01   1.112366e-02
  2.000000e-02  -0.000000e+00   2.512967e+03   9.998779e-01   9.998779e-01   1.112366e-02
  2.000000e-02  -0.000000e+00   2.512967e+03   9.998779e-01   9.998779e-01   1.112366e-02
  2.000000e-02  -0.000000e+00   2.510514e+03   9.989020e-01   9.989020e-01   1.112366e-02
  2.000000e-02  -0.000000e+00   2.505616e+03   9.969529e-01   9.969529e-01   1.112366e-02
  2.000000e-02  -0.000000e+00   2.498286e+03   9.940364e-01   9.940364e-01   1.112366e-02
  2.000000e-02  -0.000000e+00   2.498286e+03   9.940364e-01   9.940364e-01   1.112381e-02
  2.000000e-02  -0.000000e+00   2.505616e+03   9.969529e-01   9.969529e-01   1.112366e-02
  2.000000e-02  -0.000000e+00   2.510514e+03   9.989020e-01   9.989020e-01   1.112366e-02
  2.000000e-02  -0.000000e+00   2.512967e+03   9.998779e-01   9.998779e-01   1.112366e-02
  2.000000e-02  -0.000000e+00   2.512967e+03   9.998779e-01   9.998779e-01   1.112366e-02
  2.000000e-02  -0.000000e+00   2.510514e+03   9.989020e-01   9.989020e-01   1.112366e-02
  2.000000e-02  -0.000000e+00   2.505616e+03   9.969529e-01   9.969529e-01   1.108880e-02
  2.000000e-02  -0.000000e+00   2.498286e+03   9.940364e-01   9.940364e-01   1.112366e-02
  2.000000e-02  -0.000000e+00   2.498286e+03   9.940364e-01   9.940364e-01   1.112366e-02
  2.000000e-02  -0.000000e+00   2.505616e+03   9.969529e-01   9.967691e-01   1.112366e-02
  2.000000e-02  -0.000000e+00   2.510514e+03   9.989020e-01   9.989020e-01   1.112366e-02
  2.000000e-02  -0.000000e+00   2.512967e+03   9.998779e-01   9.998779e-01   1.112366e-02
  2.000000e-02  -0.000000e+00   2.512967e+03   9.998779e-01   9.998779e-01   1.108299e-02
  2.000000e-02  -0.000000e+00   2.510514e+03   9.989020e-01   9.989020e-01   1.112367e-02
  2.000000e-02  -0.000000e+00   2.505616e+03   9.969529e-01   9.969529e-01   1.112366e-02
  2.000000e-02  -0.000000e+00   2.498286e+03   9.940364e-01   9.940364e-01   1.112366e-02
  2.000000e-02  -0.000000e+00   2.498286e+03   9.940364e-01   9.940364e-01   1.112366e-02
  2.000000e-02  -0.000000e+00   2.505616e+03   9.969529e-01   9.969529e-01   1.112366e-02
  2.000000e-02  -0.000000e+00   2.510514e+03   9.989020e-01   9.989020e-01   1.112378e-02
  2.000000e-02  -0.000000e+00   2.512967e+03   9.998779e-01   9.998779e-01   1.120033e-02
  2.000000e-02  -0.000000e+00   2.512967e+03   9.998779e-01   9.998779e-01   1.112366e-02
  2.000000e-02  -0.000000e+00   2.510514e+03   9.989020e-01   9.989020e-01   1.112366e-02
  2.000000e-02  -0.000000e+00   2.505616e+03   9.969529e-01   9.969529e-01   1.112366e-02
  2.000000e-02  -0.000000e+00   2.498286e+03   9.940364e-01   9.940364e-01   1.112366e-02
  2.000000e-02  -0.000000e+00   2.498286e+03   9.940364e-01   9.940364e-01   1.112366e-02
  2.000000e-02  -0.000000e+00   2.505616e+03   9.969529e-01   9.969529e-01   1.105399e-02
  2.000000e-02  -0.000000e+00   2.510514e+03   9.989020e-01   9.989020e-01   1.112377e-02
  2.000000e-02  -0.000000e+00   2.512967e+03   9.998779e-01   9.998779e-01   1.112366e-02
  2.000000e-02  -0.000000e+00   2.512967e+03   9.998779e-01   9.998779e-01   1.112366e-02
  2.000000e-02  -0.000000e+00   2.510514e+03   9.989020e-01   9.989020e-01   1.112366e-02
  2.000000e-02  -0.000000e+00   2.505616e+03   9.969529e-01   9.969529e-01   1.112368e-02
  2.000000e-02  -0.000000e+00   2.498286e+03   9.940364e-01   9.940364e-01   1.112366e-02
  2.000000e-02  -0.000000e+00   2.498286e+03   9.940364e-01   9.940364e-01   1.112366e-02
  2.000000e-02  -0.000000e+00   2.505616e+03   9.969529e-01   9.969529e-01   1.112366e-02
  2.000000e-02  -0.000000e+00   2.510514e+03   9.989020e-01   9.989020e-01   1.112366e-02
  2.000000e-02  -0.000000e+00   2.512967e+03   9.998779e-01   9.998779e-01   1.112366e-02
  2.000000e-02  -0.000000e+00   2.512967e+03   9.998779e-01   9.998779e-01   1.112368e-02
  2.000000e-02  -0.000000e+00   2.510514e+03   9.989020e-01   9.989020e-01   1.112366e-02
  2.000000e-02  -0.000000e+00   2.505616e+03   9.969529e-01   9.969529e-01   1.112366e-02
  2.000000e-02  -0.000000e+00   2.498286e+03   9.940364e-01   9.940364e-01   1.112374e-02
  2.000000e-02  -0.000000e+00   2.498286e+03   9.940364e-01   9.940364e-01   1.112366e-02
  2.000000e-02  -0.000000e+00   2.505616e+03   9.969529e-01   9.969529e-01   1.112366e-02
  2.000000e-02  -0.000000e+00   2.510514e+03   9.989020e-01   9.989020e-01   1.106015e-02
  2.000000e-02  -0.000000e+00   2.512967e+03   9.998779e-01   9.998779e-01   1.106023e-02
  2.000000e-02  -0.000000e+00   2.512967e+03   9.998779e-01   9.998779e-01   1.112366e-02
  2.000000e-02  -0.000000e+00   2.510514e+03   9.989020e-01   9.989020e-01   1.112366e-02
  2.000000e-02  -0.000000e+00   2.505616e+03   9.969529e-01   9.969529e-01   1.112366e-02
  2.000000e-02  -0.000000e+00   2.498286e+03   9.940364e-01   9.940364e-01   1.112366e-02
  2.000000e-02  -0.000000e+00   2.498286e+03   9.940364e-01   9.940364e-01   1.112366e-02
  2.000000e-02  -0.000000e+00   2.505616e+03   9.969529e-01   9.968742e-01   1.112366e-02
  1.999650e-02  -0.000000e+00   2.510954e+03   9.989020e-01   9.989020e-01   1.112366e-02
  2.000000e-02  -0.000000e+00   2.512967e+03   9.998779e-01   9.998779e-01   1.112380e-02
  2.000000e-02  -0.000000e+00   2.512967e+03   9.998779e-01   9.998779e-01   1.112366e-02
  2.000000e-02  -0.000000e+00   2.510514e+03   9.989020e-01   9.989020e-01   1.112366e-02
  2.000000e-02  -0.000000e+00   2.505616e+03   9.969529e-01   9.969529e-01   1.112366e-02
  2.000000e-02  -0.000000e+00   2.498286e+03   9.940364e-01   9.940364e-01   1.112366e-02
  2.000000e-02  -0.000000e+00   2.498286e+03   9.940364e-01   9.940364e-01   1.661686e-02
  2.000000e-02  -0.000000e+00   2.505616e+03   9.969529e-01   9.969529e-01   1.661682e-02
  2.000000e-02  -0.000000e+00   2.510514e+03   9.989020e-01   9.989020e-01   1.661682e-02
  2.000000e-02  -0.000000e+00   2.512967e+03   9.998779e-01   9.998779e-01   1.661682e-02
  2.000000e-02  -0.000000e+00   2.512967e+03   9.998779e-01   9.998779e-01   1.661684e-02
  2.000000e-02  -0.000000e+00   2.510514e+03   9.989020e-01   9.989020e-01   1.661682e-02
  2.000000e-02  -0.000000e+00   2.505616e+03   9.969529e-01   9.969529e-01   1.661682e-02
  2.000000e-02  -0.000000e+00   2.498286e+03   9.940364e-01   9.940364e-01   1.661682e-02
  2.000000e-02  -0.000000e+00   2.498286e+03   9.940364e-01   9.940364e-01   1.669228e-02
  2.000000e-02  -0.000000e+00   2.505616e+03   9.969529e-01   9.969529e-01   1.661682e-02
  2.000000e-02  -0.000000e+00   2.510514e+03   9.989020e-01   9.989020e-01   1.661682e-02
  2.000000e-02  -0.000000e+00   2.512967e+03   9.998779e-01   9.998779e-01   1.653926e-02
  2.000000e-02  -0.000000e+00   2.512967e+03   9.998779e-01   9.998779e-01   1.661682e-02
  2.000000e-02  -0.000000e+00   2.510514e+03   9.989020e-01   9.989020e-01   1.661682e-02
  2.000000e-02  -0.000000e+00   2.505616e+03   9.969529e-01   9.969529e-01   1.661691e-02
  2.000000e-02  -0.000000e+00   2.498286e+03   9.940364e-01   9.941174e-01   1.669228e-02
  2.000000e-02  -0.000000e+00   2.498286e+03   9.940364e-01   9.940364e-01   1.661682e-02
  2.000000e-02  -0.000000e+00   2.505616e+03   9.969529e-01   9.965965e-01   1.661682e-02
  2.000000e-02  -0.000000e+00   2.510514e+03   9.989020e-01   9.989020e-01   1.661682e-02
  2.000000e-02  -0.000000e+00   2.512967e+03   9.998779e-01   9.998779e-01   1.661682e-02
  2.000000e-02  -0.000000e+00   2.512967e+03   9.998779e-01   9.998779e-01   1.669962e-02
  2.000000e-02  -0.000000e+00   2.510514e+03   9.989020e-01   9.989020e-01   1.653423e-02
  2.000000e-02  -0.000000e+00   2.505616e+03   9.969529e-01   9.969529e-01   1.661682e-02
  2.000000e-02  -0.000000e+00   2.498286e+03   9.940364e-01   9.940364e-01   1.661682e-02
  2.000000e-02  -0.000000e+00   2.498286e+03   9.940364e-01   9.940364e-01   1.661682e-02
  2.000000e-02  -0.000000e+00   2.505616e+03   9.969529e-01   9.969529e-01   1.661682e-02
  2.000000e-02  -0.000000e+00   2.510514e+03   9.989020e-01   9.989020e-01   1.661682e-02
  2.000000e-02  -0.000000e+00   2.512967e+03   9.998779e-01   9.998779e-01   1.661682e-02
  2.000000e-02  -0.000000e+00   2.512967e+03   9.998779e-01   9.998779e-01   1.661682e-02
  2.000000e-02  -0.000000e+00   2.510514e+03   9.989020e-01   9.989020e-01   1.661682e-02
  2.000000e-02  -0.000000e+00   2.505616e+03   9.969529e-01   9.969529e-01   1.661682e-02
  2.000000e-02  -0.000000e+00   2.498286e+03   9.940364e-01   9.940364e-01   1.661682e-02
  2.000000e-02  -0.000000e+00   2.498286e+03   9.940364e-01   9.940364e-01   1.661682e-02
  2.000000e-02  -0.000000e+00   2.505616e+03   9.969529e-01   9.969529e-01   1.661682e-02
  2.000000e-02  -0.000000e+00   2.510514e+03   9.989020e-01   9.989020e-01   1.661682e-02
  2.000000e-02  -0.000000e+00   2.512967e+03   9.998779e-01   9.998779e-01   1.661682e-02
  2.000000e-02  -0.000000e+00   2.512967e+03   9.998779e-01   9.998779e-01   1.661682e-02
  2.000000e-02  -0.000000e+00   2.510514e+03   9.989020e-01   9.989020e-01   1.661682e-02
  2.000000e-02  -0.000000e+00   2.505616e+03   9.969529e-01   9.969529e-01   1.661682e-02
  2.000000e-02  -0.000000e+00   2.498286e+03   9.940364e-01   9.940364e-01   1.661682e-02
  1.999278e-02  -0.000000e+00   2.499189e+03   9.940364e-01   9.940364e-01   1.661690e-02
  2.000000e-02  -0.000000e+00   2.505616e+03   9.969529e-01   9.969529e-01   1.661682e-02
  2.000000e-02  -0.000000e+00   2.510514e+03   9.989020e-01   9.989020e-01   1.661682e-02
  2.000000e-02  -0.000000e+00   2.512967e+03   9.998779e-01   9.998779e-01   1.661682e-02
  2.000000e-02  -0.000000e+00   2.512967e+03   9.998779e-01   9.998779e-01   1.661682e-02
  2.000000e-02  -0.000000e+00   2.510514e+03   9.989020e-01   9.989020e-01   1.661682e-02
  2.000000e-02  -0.000000e+00   2.505616e+03   9.969529e-01   9.969529e-01   1.661682e-02
  2.000000e-02  -0.000000e+00   2.498286e+03   9.940364e-01   9.940364e-01   1.661682e-02
  2.000000e-02  -0.000000e+00   2.498286e+03   9.940364e-01   9.940364e-01   1.661682e-02
  2.000000e-02  -0.000000e+00   2.505616e+03   9.969529e-01   9.969529e-01   1.661682e-02
  2.000000e-02  -0.000000e+00   2.510514e+03   9.989020e-01   9.989020e-01   1.661682e-02
  2.000000e-02  -0.000000e+00   2.512967e+03   9.998779e-01   9.998779e-01   1.661682e-02
  2.000000e-02  -0.000000e+00   2.512967e+03   9.998779e-01   9.998779e-01   1.661682e-02
  2.000000e-02  -0.000000e+00   2.510514e+03   9.989020e-01   9.989020e-01   1.661682e-02
  2.000000e-02  -0.000000e+00   2.505616e+03   9.969529e-01   9.969529e-01   1.661683e-02
  2.000000e-02  -0.000000e+00   2.498286e+03   9.940364e-01   9.940364e-01   1.661682e-02
  2.000000e-02  -0.000000e+00   2.498286e+03   9.940364e-01   9.940364e-01   1.661682e-02
  2.000000e-02  -0.000000e+00   2.505616e+03   9.969529e-01   9.969529e-01   1.661683e-02
  2.000000e-02  -0.000000e+00   2.510514e+03   9.989020e-01   9.989020e-01   1.661684e-02
  2.000000e-02  -0.000000e+00   2.512967e+03   9.998779e-01   9.998779e-01   1.661682e-02
  2.000000e-02  -0.000000e+00   2.512967e+03   9.998779e-01   1.000350e+00   1.672613e-02
  2.000000e-02  -0.000000e+00   2.510514e+03   9.989020e-01   9.989020e-01   1.661682e-02
  2.000000e-02  -0.000000e+00   2.505616e+03   9.969529e-01   9.969529e-01   1.670221e-02
  2.000000e-02  -0.000000e+00   2.498286e+03   9.940364e-01   9.940364e-01   1.661682e-02
  2.000000e-02  -0.000000e+00   2.498286e+03   9.940364e-01   9.940364e-01   1.661682e-02
  2.000000e-02  -0.000000e+00   2.505616e+03   9.969529e-01   9.969529e-01   1.661682e-02
  2.000000e-02  -0.000000e+00   2.510514e+03   9.989020e-01   9.993186e-01   1.661695e-02
  2.000000e-02  -0.000000e+00   2.512967e+03   9.998779e-01   9.998779e-01   1.661682e-02
  2.000000e-02  -0.000000e+00   2.512967e+03   9.998779e-01   9.994062e-01   1.661682e-02
  2.000000e-02  -0.000000e+00   2.510514e+03   9.989020e-01   9.989020e-01   1.661682e-02
  2.000000e-02  -0.000000e+00   2.505616e+03   9.969529e-01   9.969529e-01   1.661682e-02
  2.000000e-02  -0.000000e+00   2.498286e+03   9.940364e-01   9.937125e-01   1.661682e-02
  2.000000e-02  -0.000000e+00   2.498286e+03   9.940364e-01   9.940364e-01   1.661682e-02
  2.000000e-02  -0.000000e+00   2.505616e+03   9.969529e-01   9.969529e-01   1.661682e-02
  2.000000e-02  -0.000000e+00   2.510514e+03   9.989020e-01   9.991103e-01   1.652048e-02
  2.000000e-02  -0.000000e+00   2.512967e+03   9.998779e-01   9.998779e-01   1.661682e-02
  2.000000e-02  -0.000000e+00   2.512967e+03   9.998779e-01   9.998779e-01   1.661682e-02
  2.000000e-02  -0.000000e+00   2.510514e+03   9.989020e-01   9.989020e-01   1.661682e-02
  2.000000e-02  -0.000000e+00   2.505616e+03   9.969529e-01   9.969529e-01   1.661682e-02
  2.000000e-02  -0.000000e+00   2.498286e+03   9.940364e-01   9.940364e-01   1.661682e-02
  2.000000e-02  -0.000000e+00   2.498286e+03   9.940364e-01   9.940364e-01   1.665453e-02
  2.000000e-02  -0.000000e+00   2.505616e+03   9.969529e-01   9.969529e-01   1.661682e-02
  2.000000e-02  -0.000000e+00   2.510514e+03   9.989020e-01   9.989020e-01   1.661695e-02
  2.000000e-02  -0.000000e+00   2.512967e+03   9.998779e-01   9.998779e-01   1.661683e-02
  2.000000e-02  -0.000000e+00   2.512967e+03   9.998779e-01   9.998779e-01   1.661682e-02
  2.000000e-02  -0.000000e+00   2.510514e+03   9.989020e-01   9.989020e-01   1.661682e-02
  2.000000e-02  -0.000000e+00   2.505616e+03   9.969529e-01   9.969529e-01   1.661682e-02
  2.000000e-02  -0.000000e+00   2.498286e+03   9.940364e-01   9.940364e-01   1.661682e-02
  2.000000e-02  -0.000000e+00   2.498286e+03   9.940364e-01   9.943603e-01   1.661682e-02
  2.000000e-02  -0.000000e+00   2.505616e+03   9.969529e-01   9.969529e-01   1.661682e-02
  2.000000e-02  -0.000000e+00   2.510514e+03   9.989020e-01   9.989020e-01   1.661682e-02
  1.998954e-02  -0.000000e+00   2.514282e+03   9.998779e-01   9.998779e-01   1.661683e-02
  2.000000e-02  -0.000000e+00   2.512967e+03   9.998779e-01   9.998779e-01   1.661686e-02
  2.000000e-02  -0.000000e+00   2.510514e+03   9.989020e-01   9.989020e-01   1.661682e-02
  2.000000e-02  -0.000000e+00   2.505616e+03   9.969529e-01   9.969529e-01   1.661682e-02
  2.000000e-02  -0.000000e+00   2.498286e+03   9.940364e-01   9.940364e-01   1.661682e-02
  2.000000e-02  -0.000000e+00   2.498286e+03   9.940364e-01   9.940364e-01   1.661682e-02
  2.000000e-02  -0.000000e+00   2.505616e+03   9.969529e-01   9.969529e-01   1.661682e-02
  2.000000e-02  -0.000000e+00   2.510514e+03   9.989020e-01   9.989020e-01   1.661682e-02
  2.000000e-02  -0.000000e+00   2.512967e+03   9.998779e-01   9.998779e-01   1.661684e-02
  2.000000e-02  -0.000000e+00   2.512967e+03   9.998779e-01   9.998779e-01   1.661682e-02
  2.000000e-02  -0.000000e+00   2.510514e+03   9.989020e-01   9.989020e-01   1.661682e-02
  2.000000e-02  -0.000000e+00   2.505616e+03   9.969529e-01   9.969529e-01   1.661682e-02
  2.000000e-02  -0.000000e+00   2.498286e+03   9.940364e-01   9.940364e-01   1.661682e-02
  2.000000e-02  -0.000000e+00   2.498286e+03   9.940364e-01   9.940364e-01   1.669228e-02
  2.000000e-02  -0.000000e+00   2.505616e+03   9.969529e-01   9.969529e-01   1.661723e-02
  2.000000e-02  -0.000000e+00   2.510514e+03   9.989020e-01   9.989020e-01   1.652048e-02
  2.000000e-02  -0.000000e+00   2.512967e+03   9.998779e-01   9.998779e-01   1.661682e-02
  2.000000e-02  -0.000000e+00   2.512967e+03   9.998779e-01   9.998779e-01   1.661699e-02
  2.000000e-02  -0.000000e+00   2.510514e+03   9.989020e-01   9.989020e-01   1.661684e-02
  2.000000e-02  -0.000000e+00   2.505616e+03   9.969529e-01   9.969529e-01   1.661682e-02
  2.000000e-02  -0.000000e+00   2.498286e+03   9.940364e-01   9.940364e-01   1.661682e-02
  2.000000e-02  -0.000000e+00   2.498286e+03   9.940364e-01   9.940364e-01   1.661682e-02
  2.000000e-02  -0.000000e+00   2.505616e+03   9.969529e-01   9.969529e-01   1.661682e-02
  2.000000e-02  -0.000000e+00   2.510514e+03   9.989020e-01   9.989020e-01   1.661684e-02
  2.000000e-02  -0.000000e+00   2.512967e+03   9.998779e-01   9.998779e-01   1.661682e-02
  2.000000e-02  -0.000000e+00   2.512967e+03   9.998779e-01   9.998779e-01   1.661682e-02
  2.000000e-02  -0.000000e+00   2.510514e+03   9.989020e-01   9.989020e-01   1.661682e-02
  2.000000e-02  -0.000000e+00   2.505616e+03   9.969529e-01   9.969529e-01   1.661687e-02
  2.000000e-02  -0.000000e+00   2.498286e+03   9.940364e-01   9.940364e-01   1.661682e-02
  2.000000e-02  -0.000000e+00   2.498286e+03   9.940364e-01   9.940364e-01   1.661682e-02
  2.000000e-02  -0.000000e+00   2.505616e+03   9.969529e-01   9.969529e-01   1.661682e-02
  2.000000e-02  -0.000000e+00   2.510514e+03   9.989020e-01   9.989020e-01   1.671345e-02
  2.000000e-02  -0.000000e+00   2.512967e+03   9.998779e-01   9.998779e-01   1.661682e-02
  2.000000e-02  -0.000000e+00   2.512967e+03   9.998779e-01   9.998779e-01   1.661682e-02
  2.000000e-02  -0.000000e+00   2.510514e+03   9.989020e-01   9.989020e-01   1.661682e-02
  2.000000e-02  -0.000000e+00   2.505616e+03   9.969529e-01   9.969529e-01   1.661682e-02
  2.000000e-02  -0.000000e+00   2.498286e+03   9.940364e-01   9.940364e-01   1.661682e-02
  2.000000e-02  -0.000000e+00   2.498286e+03   9.940364e-01   9.941984e-01   1.661682e-02
  2.000000e-02  -0.000000e+00   2.505616e+03   9.969529e-01   9.969529e-01   1.661682e-02
  2.000000e-02  -0.000000e+00   2.510514e+03   9.989020e-01   9.989020e-01   1.661682e-02
  2.000000e-02  -0.000000e+00   2.512967e+03   9.998779e-01   9.996421e-01   1.661682e-02
  2.000000e-02  -0.000000e+00   2.512967e+03   9.998779e-01   9.998779e-01   1.661682e-02
  2.000000e-02  -0.000000e+00   2.510514e+03   9.989020e-01   9.989020e-01   1.661682e-02
  2.000000e-02  -0.000000e+00   2.505616e+03   9.969529e-01   9.969529e-01   1.661682e-02
  2.000000e-02  -0.000000e+00   2.498286e+03   9.940364e-01   9.940364e-01   1.661682e-02
  2.000000e-02  -0.000000e+00   2.498286e+03   9.940364e-01   9.943603e-01   1.661690e-02
  2.000000e-02  -0.000000e+00   2.505616e+03   9.969529e-01   9.965853e-01   1.661682e-02
  2.000000e-02  -0.000000e+00   2.510514e+03   9.989020e-01   9.989020e-01   1.661682e-02
  2.000000e-02  -0.000000e+00   2.512967e+03   9.998779e-01   9.998779e-01   1.661682e-02
  2.000000e-02  -0.000000e+00   2.512967e+03   9.998779e-01   9.998779e-01   1.661682e-02
  2.000000e-02  -0.000000e+00   2.510514e+03   9.989020e-01   9.989020e-01   1.661682e-02
  2.000000e-02  -0.000000e+00   2.505616e+03   9.969529e-01   9.969529e-01   1.661682e-02
  2.000000e-02  -0.000000e+00   2.498286e+03   9.940364e-01   9.940364e-01   1.661682e-02
  2.000000e-02  -0.000000e+00   2.498286e+03   9.940364e-01   9.940364e-01   1.661682e-02
  2.000000e-02  -0.000000e+00   2.505616e+03   9.969529e-01   9.973205e-01   1.661682e-02
  2.000000e-02  -0.000000e+00   2.510514e+03   9.989020e-01   9.989020e-01   1.661695e-02
  2.000000e-02  -0.000000e+00   2.512967e+03   9.998779e-01   9.998779e-01   1.672613e-02
  2.000000e-02  -0.000000e+00   2.512967e+03   9.998779e-01   9.994062e-01   1.672614e-02
  2.000000e-02  -0.000000e+00   2.510514e+03   9.989020e-01   9.989020e-01   1.652048e-02
  2.000000e-02  -0.000000e+00   2.505616e+03   9.969529e-01   9.973205e-01   1.661682e-02
  2.000000e-02  -0.000000e+00   2.498286e+03   9.940364e-01   9.940364e-01   1.661682e-02
  1.999278e-02  -0.000000e+00   2.499189e+03   9.940364e-01   9.938745e-01   1.661690e-02
  2.000000e-02  -0.000000e+00   2.505616e+03   9.969529e-01   9.969529e-01   1.661682e-02
  2.000000e-02  -0.000000e+00   2.510514e+03   9.989020e-01   9.990061e-01   1.661682e-02
  2.000000e-02  -0.000000e+00   2.512967e+03   9.998779e-01   9.998779e-01   1.661682e-02
  2.000000e-02  -0.000000e+00   2.512967e+03   9.998779e-01   9.998779e-01   1.661682e-02
  2.000000e-02  -0.000000e+00   2.510514e+03   9.989020e-01   9.989020e-01   1.661682e-02
  2.000000e-02  -0.000000e+00   2.505616e+03   9.969529e-01   9.969529e-01   1.661682e-02
  2.000000e-02  -0.000000e+00   2.498286e+03   9.940364e-01   9.940364e-01   1.661682e-02
  2.000000e-02  -0.000000e+00   2.498286e+03   9.940364e-01   9.940364e-01   1.661682e-02
  2.000000e-02  -0.000000e+00   2.505616e+03   9.969529e-01   9.969529e-01   1.661682e-02
  1.999075e-02  -0.000000e+00   2.511676e+03   9.989020e-01   9.989020e-01   1.661682e-02
  2.000000e-02  -0.000000e+00   2.512967e+03   9.998779e-01   9.998779e-01   1.661682e-02
  2.000000e-02  -0.000000e+00   2.512967e+03   9.998779e-01   9.998779e-01   1.661682e-02
  2.000000e-02  -0.000000e+00   2.510514e+03   9.989020e-01   9.989020e-01   1.661682e-02
  2.000000e-02  -0.000000e+00   2.505616e+03   9.969529e-01   9.969529e-01   1.657421e-02
  2.000000e-02  -0.000000e+00   2.498286e+03   9.940364e-01   9.940364e-01   1.661682e-02
  2.000000e-02  -0.000000e+00   2.498286e+03   9.940364e-01   9.940364e-01   1.661682e-02
  1.999183e-02  -0.000000e+00   2.506640e+03   9.969529e-01   9.969529e-01   1.661682e-02
  2.000000e-02  -0.000000e+00   2.510514e+03   9.989020e-01   9.989020e-01   1.661682e-02
  2.000000e-02  -0.000000e+00   2.512967e+03   9.998779e-01   9.998779e-01   1.656230e-02
  2.000000e-02  -0.000000e+00   2.512967e+03   9.998779e-01   9.998779e-01   1.661682e-02
  2.000000e-02  -0.000000e+00   2.510514e+03   9.989020e-01   9.989020e-01   1.661682e-02
  2.000000e-02  -0.000000e+00   2.505616e+03   9.969529e-01   9.969529e-01   1.661682e-02
  2.001445e-02  -0.000000e+00   2.496482e+03   9.940364e-01   9.940364e-01   1.661682e-02
  2.000000e-02  -0.000000e+00   2.498286e+03   9.940364e-01   9.940364e-01   1.661682e-02
  2.000000e-02  -0.000000e+00   2.505616e+03   9.969529e-01   9.969529e-01   1.661682e-02
  2.000000e-02  -0.000000e+00   2.510514e+03   9.989020e-01   9.989020e-01   1.661682e-02
  2.000000e-02  -0.000000e+00   2.512967e+03   9.998779e-01   9.998779e-01   1.661682e-02
  2.000000e-02  -0.000000e+00   2.512967e+03   9.998779e-01   9.998779e-01   1.661682e-02
  2.000000e-02  -0.000000e+00   2.510514e+03   9.989020e-01   9.989020e-01   1.656861e-02
  2.000000e-02  -0.000000e+00   2.505616e+03   9.969529e-01   9.969529e-01   1.661682e-02
  2.000000e-02  -0.000000e+00   2.498286e+03   9.940364e-01   9.938745e-01   1.661682e-02
  2.000000e-02  -0.000000e+00   2.498286e+03   9.940364e-01   9.941984e-01   1.661697e-02
  2.000000e-02  -0.000000e+00   2.505616e+03   9.969529e-01   9.969529e-01   1.661682e-02
  2.000000e-02  -0.000000e+00   2.510514e+03   9.989020e-01   9.989020e-01   1.661682e-02
  2.000000e-02  -0.000000e+00   2.512967e+03   9.998779e-01   9.998779e-01   1.672613e-02
  2.000000e-02  -0.000000e+00   2.512967e+03   9.998779e-01   9.998779e-01   1.661682e-02
  2.000000e-02  -0.000000e+00   2.510514e+03   9.989020e-01   9.987978e-01   1.661682e-02
  2.000000e-02  -0.000000e+00   2.505616e+03   9.969529e-01   9.969529e-01   1.661682e-02
  2.001445e-02  -0.000000e+00   2.496482e+03   9.940364e-01   9.940364e-01   1.661682e-02
  1.999278e-02  -0.000000e+00   2.499189e+03   9.940364e-01   9.940364e-01   1.661682e-02
  2.000000e-02  -0.000000e+00   2.505616e+03   9.969529e-01   9.969529e-01   1.661682e-02
  2.000000e-02  -0.000000e+00   2.510514e+03   9.989020e-01   9.989020e-01   1.661682e-02
  2.000000e-02  -0.000000e+00   2.512967e+03   9.998779e-01   9.998779e-01   1.661714e-02
  2.000000e-02  -0.000000e+00   2.512967e+03   9.998779e-01   9.998779e-01   1.661682e-02
  2.000000e-02  -0.000000e+00   2.510514e+03   9.989020e-01   9.989020e-01   1.661682e-02
  2.000000e-02  -0.000000e+00   2.505616e+03   9.969529e-01   9.969529e-01   1.661683e-02
  2.000000e-02  -0.000000e+00   2.498286e+03   9.940364e-01   9.940364e-01   1.661682e-02
  2.000000e-02  -0.000000e+00   2.498286e+03   9.940364e-01   9.940364e-01   1.661682e-02
  2.000000e-02  -0.000000e+00   2.505616e+03   9.969529e-01   9.969529e-01   1.661682e-02
  2.000000e-02  -0.000000e+00   2.510514e+03   9.989020e-01   9.989020e-01   1.652048e-02
  2.000000e-02  -0.000000e+00   2.512967e+03   9.998779e-01   9.998779e-01   1.661682e-02
  2.000000e-02  -0.000000e+00   2.512967e+03   9.998779e-01   9.998779e-01   1.661682e-02
  2.000000e-02  -0.000000e+00   2.510514e+03   9.989020e-01   9.989020e-01   1.661683e-02
  2.000000e-02  -0.000000e+00   2.505616e+03   9.969529e-01   9.969529e-01   1.661682e-02
  2.000000e-02  -0.000000e+00   2.498286e+03   9.940364e-01   9.940364e-01   1.661682e-02
  2.000000e-02  -0.000000e+00   2.498286e+03   9.940364e-01   9.940364e-01   1.661682e-02
  2.000000e-02  -0.000000e+00   2.505616e+03   9.969529e-01   9.969529e-01   1.661682e-02
  2.000000e-02  -0.000000e+00   2.510514e+03   9.989020e-01   9.989020e-01   1.661695e-02
  2.000000e-02  -0.000000e+00   2.512967e+03   9.998779e-01   9.998779e-01   1.661696e-02
  2.000000e-02  -0.000000e+00   2.512967e+03   9.998779e-01   9.998779e-01   1.661682e-02
  2.000000e-02  -0.000000e+00   2.510514e+03   9.989020e-01   9.989020e-01   1.661682e-02
  2.000000e-02  -0.000000e+00   2.505616e+03   9.969529e-01   9.969529e-01   1.661682e-02
  2.000000e-02  -0.000000e+00   2.498286e+03   9.940364e-01   9.940364e-01   1.661682e-02
  2.000000e-02  -0.000000e+00   2.498286e+03   9.940364e-01   9.940364e-01   1.669228e-02
  2.000000e-02  -0.000000e+00   2.505616e+03   9.969529e-01   9.969529e-01   1.670221e-02
  2.000000e-02  -0.000000e+00   2.510514e+03   9.989020e-01   9.989020e-01   1.661682e-02
  2.000000e-02  -0.000000e+00   2.512967e+03   9.998779e-01   9.998779e-01   1.661682e-02
  2.000000e-02  -0.000000e+00   2.512967e+03   9.998779e-01   9.998779e-01   1.661682e-02
  2.000000e-02  -0.000000e+00   2.510514e+03   9.989020e-01   9.989020e-01   1.661682e-02
  2.000000e-02  -0.000000e+00   2.505616e+03   9.969529e-01   9.969529e-01   1.661682e-02
  2.000000e-02  -0.000000e+00   2.498286e+03   9.940364e-01   9.940364e-01   1.661682e-02
  2.000000e-02  -0.000000e+00   2.498286e+03   9.940364e-01   9.940364e-01   1.669228e-02
  2.000000e-02  -0.000000e+00   2.505616e+03   9.969529e-01   9.969529e-01   1.661682e-02
  2.000000e-02  -0.000000e+00   2.510514e+03   9.989020e-01   9.989020e-01   1.661682e-02
  2.000000e-02  -0.000000e+00   2.512967e+03   9.998779e-01   9.998779e-01   1.661703e-02
  2.000000e-02  -0.000000e+00   2.512967e+03   9.998779e-01   9.998779e-01   1.661682e-02
  2.000000e-02  -0.000000e+00   2.510514e+03   9.989020e-01   9.989020e-01   1.661682e-02
  2.000000e-02  -0.000000e+00   2.505616e+03   9.969529e-01   9.969529e-01   1.661682e-02
  2.000000e-02  -0.000000e+00   2.498286e+03   9.940364e-01   9.938745e-01   1.661682e-02
  2.000000e-02  -0.000000e+00   2.498286e+03   9.940364e-01   9.940364e-01   1.661682e-02
  2.000000e-02  -0.000000e+00   2.505616e+03   9.969529e-01   9.969529e-01   1.661682e-02
  2.000000e-02  -0.000000e+00   2.510514e+03   9.989020e-01   9.990805e-01   1.669962e-02
  2.000000e-02  -0.000000e+00   2.512967e+03   9.998779e-01   9.998779e-01   1.661682e-02
  2.000000e-02  -0.000000e+00   2.512967e+03   9.998779e-01   9.998779e-01   1.661682e-02
  2.000000e-02  -0.000000e+00   2.510514e+03   9.989020e-01   9.989020e-01   1.661682e-02
  2.000000e-02  -0.000000e+00   2.505616e+03   9.969529e-01   9.970420e-01   1.661682e-02
  2.000000e-02  -0.000000e+00   2.498286e+03   9.940364e-01   9.940364e-01   1.661682e-02
  2.000000e-02  -0.000000e+00   2.498286e+03   9.940364e-01   9.940364e-01   1.661682e-02
  2.000000e-02  -0.000000e+00   2.505616e+03   9.969529e-01   9.969529e-01   1.661682e-02
  2.000000e-02  -0.000000e+00   2.510514e+03   9.989020e-01   9.989020e-01   1.661682e-02
  2.000000e-02  -0.000000e+00   2.512967e+03   9.998779e-01   9.998779e-01   1.661682e-02
  2.000000e-02  -0.000000e+00   2.512967e+03   9.998779e-01   9.998779e-01   1.661684e-02
  2.000000e-02  -0.000000e+00   2.510514e+03   9.989020e-01   9.989020e-01   1.661682e-02
  2.000000e-02  -0.000000e+00   2.505616e+03   9.969529e-01   9.969529e-01   1.661682e-02
  2.000000e-02  -0.000000e+00   2.498286e+03   9.940364e-01   9.940364e-01   1.661682e-02
  2.000000e-02  -0.000000e+00   2.498286e+03   9.940364e-01   9.940364e-01   1.661690e-02
  2.000000e-02  -0.000000e+00   2.505616e+03   9.969529e-01   9.969529e-01   1.661682e-02
  2.000000e-02  -0.000000e+00   2.510514e+03   9.989020e-01   9.989020e-01   1.661682e-02
  2.000000e-02  -0.000000e+00   2.512967e+03   9.998779e-01   9.998779e-01   1.654383e-02
  2.000000e-02  -0.000000e+00   2.512967e+03   9.998779e-01   9.998779e-01   1.661682e-02
  2.000000e-02  -0.000000e+00   2.510514e+03   9.989020e-01   9.989020e-01   1.661682e-02
  2.000000e-02  -0.000000e+00   2.505616e+03   9.969529e-01   9.969529e-01   1.661682e-02
  2.000000e-02  -0.000000e+00   2.498286e+03   9.940364e-01   9.940364e-01   1.661682e-02
  2.000000e-02  -0.000000e+00   2.498286e+03   9.940364e-01   9.940364e-01   2.320869e-02
  2.000000e-02  -0.000000e+00   2.505616e+03   9.969529e-01   9.971104e-01   2.320862e-02
  2.000000e-02  -0.000000e+00   2.510514e+03   9.989020e-01   9.989020e-01   2.320862e-02
  2.000000e-02  -0.000000e+00   2.512967e+03   9.998779e-01   9.998779e-01   2.320862e-02
  2.000000e-02  -0.000000e+00   2.512967e+03   9.998779e-01   9.998779e-01   2.320862e-02
  2.000000e-02  -0.000000e+00   2.510514e+03   9.989020e-01   9.989020e-01   2.320862e-02
  2.000000e-02  -0.000000e+00   2.505616e+03   9.969529e-01   9.969529e-01   2.320862e-02
  2.000000e-02  -0.000000e+00   2.498286e+03   9.940364e-01   9.940364e-01   2.320862e-02
  2.000000e-02  -0.000000e+00   2.498286e+03   9.940364e-01   9.940364e-01   2.320870e-02
  2.000000e-02  -0.000000e+00   2.505616e+03   9.969529e-01   9.969529e-01   2.320862e-02
  2.000000e-02  -0.000000e+00   2.510514e+03   9.989020e-01   9.989020e-01   2.320870e-02
  2.000000e-02  -0.000000e+00   2.512967e+03   9.998779e-01   9.998779e-01   2.320862e-02
  2.000000e-02  -0.000000e+00   2.512967e+03   9.998779e-01   9.998779e-01   2.320862e-02
  2.000000e-02  -0.000000e+00   2.510514e+03   9.989020e-01   9.989020e-01   2.320862e-02
  2.000000e-02  -0.000000e+00   2.505616e+03   9.969529e-01   9.969529e-01   2.320870e-02
  2.000000e-02  -0.000000e+00   2.498286e+03   9.940364e-01   9.940364e-01   2.320870e-02
  2.000000e-02  -0.000000e+00   2.498286e+03   9.940364e-01   9.940364e-01   2.320862e-02
  2.000000e-02  -0.000000e+00   2.505616e+03   9.969529e-01   9.969529e-01   2.320863e-02
  2.000000e-02  -0.000000e+00   2.510514e+03   9.989020e-01   9.989020e-01   2.320862e-02
  2.000000e-02  -0.000000e+00   2.512967e+03   9.998779e-01   9.998779e-01   2.320864e-02
  2.000000e-02  -0.000000e+00   2.512967e+03   9.998779e-01   9.998779e-01   2.311100e-02
  2.000000e-02  -0.000000e+00   2.510514e+03   9.989020e-01   9.989020e-01   2.320862e-02
  2.000000e-02  -0.000000e+00   2.505616e+03   9.969529e-01   9.969529e-01   2.311100e-02
  2.000000e-02  -0.000000e+00   2.498286e+03   9.940364e-01   9.940364e-01   2.320870e-02
  2.000000e-02  -0.000000e+00   2.498286e+03   9.940364e-01   9.940364e-01   2.320864e-02
  2.000000e-02  -0.000000e+00   2.505616e+03   9.969529e-01   9.969529e-01   2.320862e-02
  2.000000e-02  -0.000000e+00   2.510514e+03   9.989020e-01   9.989020e-01   2.320862e-02
  2.000000e-02  -0.000000e+00   2.512967e+03   9.998779e-01   9.998779e-01   2.320862e-02
  2.000000e-02  -0.000000e+00   2.512967e+03   9.998779e-01   9.998779e-01   2.320862e-02
  2.000000e-02  -0.000000e+00   2.510514e+03   9.989020e-01   9.989020e-01   2.320862e-02
  2.000000e-02  -0.000000e+00   2.505616e+03   9.969529e-01   9.969529e-01   2.320862e-02
  2.000000e-02  -0.000000e+00   2.498286e+03   9.940364e-01   9.940364e-01   2.320862e-02
  2.000000e-02  -0.000000e+00   2.498286e+03   9.940364e-01   9.940364e-01   2.320862e-02
  1.998365e-02  -0.000000e+00   2.507666e+03   9.969529e-01   9.969529e-01   2.320862e-02
  2.000000e-02  -0.000000e+00   2.510514e+03   9.989020e-01   9.989020e-01   2.320862e-02
  2.000000e-02  -0.000000e+00   2.512967e+03   9.998779e-01   9.998779e-01   2.320862e-02
  2.000000e-02  -0.000000e+00   2.512967e+03   9.998779e-01   9.998779e-01   2.320862e-02
  2.000000e-02  -0.000000e+00   2.510514e+03   9.989020e-01   9.989020e-01   2.320862e-02
  2.000000e-02  -0.000000e+00   2.505616e+03   9.969529e-01   9.969529e-01   2.320862e-02
  2.000000e-02  -0.000000e+00   2.498286e+03   9.940364e-01   9.940364e-01   2.320862e-02
  2.000000e-02  -0.000000e+00   2.498286e+03   9.940364e-01   9.940364e-01   2.320870e-02
  2.000000e-02  -0.000000e+00   2.505616e+03   9.969529e-01   9.969529e-01   2.320862e-02
  2.000000e-02  -0.000000e+00   2.510514e+03   9.989020e-01   9.984853e-01   2.320875e-02
  2.000000e-02  -0.000000e+00   2.512967e+03   9.998779e-01   9.998779e-01   2.320862e-02
  2.000000e-02  -0.000000e+00   2.512967e+03   9.998779e-01   9.998779e-01   2.320862e-02
  2.000000e-02  -0.000000e+00   2.510514e+03   9.989020e-01   9.989020e-01   2.320862e-02
  2.000000e-02  -0.000000e+00   2.505616e+03   9.969529e-01   9.969529e-01   2.320862e-02
  2.000000e-02  -0.000000e+00   2.498286e+03   9.940364e-01   9.940364e-01   2.320862e-02
  2.000000e-02  -0.000000e+00   2.498286e+03   9.940364e-01   9.940364e-01   2.320862e-02
  2.000000e-02  -0.000000e+00   2.505616e+03   9.969529e-01   9.969529e-01   2.320862e-02
  2.001850e-02  -0.000000e+00   2.508194e+03   9.989020e-01   9.984853e-01   2.320862e-02
  2.000000e-02  -0.000000e+00   2.512967e+03   9.998779e-01   9.998779e-01   2.320862e-02
  2.000000e-02  -0.000000e+00   2.512967e+03   9.998779e-01   9.998779e-01   2.320862e-02
  2.000000e-02  -0.000000e+00   2.510514e+03   9.989020e-01   9.989020e-01   2.320862e-02
  2.000000e-02  -0.000000e+00   2.505616e+03   9.969529e-01   9.976881e-01   2.320862e-02
  2.000000e-02  -0.000000e+00   2.498286e+03   9.940364e-01   9.940364e-01   2.320862e-02
  2.000000e-02  -0.000000e+00   2.498286e+03   9.940364e-01   9.940364e-01   2.320870e-02
  2.000000e-02  -0.000000e+00   2.505616e+03   9.969529e-01   9.969529e-01   2.320862e-02
  2.000000e-02  -0.000000e+00   2.510514e+03   9.989020e-01   9.989020e-01   2.320862e-02
  2.000000e-02  -0.000000e+00   2.512967e+03   9.998779e-01   9.994062e-01   2.320862e-02
  1.997908e-02  -0.000000e+00   2.515598e+03   9.998779e-01   9.998779e-01   2.320862e-02
  2.000000e-02  -0.000000e+00   2.510514e+03   9.989020e-01   9.989020e-01   2.320865e-02
  2.000000e-02  -0.000000e+00   2.505616e+03   9.969529e-01   9.969529e-01   2.320863e-02
  2.000000e-02  -0.000000e+00   2.498286e+03   9.940364e-01   9.940364e-01   2.320862e-02
  1.998555e-02  -0.000000e+00   2.500092e+03   9.940364e-01   9.940364e-01   2.320862e-02
  2.000000e-02  -0.000000e+00   2.505616e+03   9.969529e-01   9.969529e-01   2.320862e-02
  2.000000e-02  -0.000000e+00   2.510514e+03   9.989020e-01   9.989020e-01   2.309473e-02
  2.000000e-02  -0.000000e+00   2.512967e+03   9.998779e-01   9.994062e-01   2.320879e-02
  2.000000e-02  -0.000000e+00   2.512967e+03   9.998779e-01   9.998779e-01   2.320862e-02
  2.000000e-02  -0.000000e+00   2.510514e+03   9.989020e-01   9.989020e-01   2.320862e-02
  2.000000e-02  -0.000000e+00   2.505616e+03   9.969529e-01   9.976881e-01   2.320862e-02
  2.000000e-02  -0.000000e+00   2.498286e+03   9.940364e-01   9.940364e-01   2.320862e-02
  2.000000e-02  -0.000000e+00   2.498286e+03   9.940364e-01   9.940364e-01   2.320862e-02
  2.000000e-02  -0.000000e+00   2.505616e+03   9.969529e-01   9.969529e-01   2.320862e-02
  2.000000e-02  -0.000000e+00   2.510514e+03   9.989020e-01   9.989020e-01   2.320862e-02
  2.000000e-02  -0.000000e+00   2.512967e+03   9.998779e-01   9.998779e-01   2.320879e-02
  2.000000e-02  -0.000000e+00   2.512967e+03   9.998779e-01   1.000350e+00   2.320862e-02
  2.000000e-02  -0.000000e+00   2.510514e+03   9.989020e-01   9.993186e-01   2.320865e-02
  2.000000e-02  -0.000000e+00   2.505616e+03   9.969529e-01   9.969529e-01   2.320862e-02
  2.000723e-02  -0.000000e+00   2.497384e+03   9.940364e-01   9.940364e-01   2.320862e-02
  2.000000e-02  -0.000000e+00   2.498286e+03   9.940364e-01   9.940364e-01   2.320862e-02
  2.000000e-02  -0.000000e+00   2.505616e+03   9.969529e-01   9.965853e-01   2.320862e-02
  2.000000e-02  -0.000000e+00   2.510514e+03   9.989020e-01   9.986936e-01   2.309473e-02
  2.000000e-02  -0.000000e+00   2.512967e+03   9.998779e-01   9.998779e-01   2.320862e-02
  1.997908e-02  -0.000000e+00   2.515598e+03   9.998779e-01   9.998779e-01   2.320862e-02
  2.000000e-02  -0.000000e+00   2.510514e+03   9.989020e-01   9.993186e-01   2.320862e-02
  2.000000e-02  -0.000000e+00   2.505616e+03   9.969529e-01   9.969529e-01   2.320862e-02
  2.000000e-02  -0.000000e+00   2.498286e+03   9.940364e-01   9.940364e-01   2.320862e-02
  2.000000e-02  -0.000000e+00   2.498286e+03   9.940364e-01   9.940364e-01   2.320862e-02
  2.000000e-02  -0.000000e+00   2.505616e+03   9.969529e-01   9.969529e-01   2.320862e-02
  2.000000e-02  -0.000000e+00   2.510514e+03   9.989020e-01   9.989020e-01   2.320862e-02
  2.000000e-02  -0.000000e+00   2.512967e+03   9.998779e-01   9.996421e-01   2.320862e-02
  2.000000e-02  -0.000000e+00   2.512967e+03   9.998779e-01   9.998779e-01   2.320862e-02
  2.000000e-02  -0.000000e+00   2.510514e+03   9.989020e-01   9.989020e-01   2.320862e-02
  2.000000e-02  -0.000000e+00   2.505616e+03   9.969529e-01   9.969529e-01   2.325904e-02
  2.000000e-02  -0.000000e+00   2.498286e+03   9.940364e-01   9.938745e-01   2.320862e-02
  2.000000e-02  -0.000000e+00   2.498286e+03   9.940364e-01   9.940364e-01   2.320862e-02
  2.000000e-02  -0.000000e+00   2.505616e+03   9.969529e-01   9.969529e-01   2.320862e-02
  2.000000e-02  -0.000000e+00   2.510514e+03   9.989020e-01   9.987978e-01   2.320862e-02
  2.000000e-02  -0.000000e+00   2.512967e+03   9.998779e-01   9.998779e-01   2.320862e-02
  2.000000e-02  -0.000000e+00   2.512967e+03   9.998779e-01   9.998779e-01   2.320862e-02
  2.000000e-02  -0.000000e+00   2.510514e+03   9.989020e-01   9.991103e-01   2.320862e-02
  1.999183e-02  -0.000000e+00   2.506640e+03   9.969529e-01   9.969529e-01   2.320862e-02
  1.999639e-02  -0.000000e+00   2.498737e+03   9.940364e-01   9.940364e-01   2.320862e-02
  2.000000e-02  -0.000000e+00   2.498286e+03   9.940364e-01   9.940364e-01   2.320862e-02
  2.001635e-02  -0.000000e+00   2.503569e+03   9.969529e-01   9.969529e-01   2.320862e-02
  2.000000e-02  -0.000000e+00   2.510514e+03   9.989020e-01   9.989020e-01   2.320862e-02
  2.000000e-02  -0.000000e+00   2.512967e+03   9.998779e-01   9.998779e-01   2.320862e-02
  2.000000e-02  -0.000000e+00   2.512967e+03   9.998779e-01   9.998779e-01   2.320862e-02
  2.000000e-02  -0.000000e+00   2.510514e+03   9.989020e-01   9.989020e-01   2.320862e-02
  2.000000e-02  -0.000000e+00   2.505616e+03   9.969529e-01   9.969529e-01   2.330952e-02
  2.000000e-02  -0.000000e+00   2.498286e+03   9.940364e-01   9.939554e-01   2.320862e-02
  2.000000e-02  -0.000000e+00   2.498286e+03   9.940364e-01   9.940364e-01   2.311963e-02
  2.001635e-02  -0.000000e+00   2.503569e+03   9.969529e-01   9.967691e-01   2.320862e-02
  1.998151e-02  -0.000000e+00   2.512838e+03   9.989020e-01   9.989020e-01   2.320862e-02
  2.000000e-02  -0.000000e+00   2.512967e+03   9.998779e-01   9.998779e-01   2.320862e-02
  2.000000e-02  -0.000000e+00   2.512967e+03   9.998779e-01   9.998779e-01   2.320862e-02
  2.000000e-02  -0.000000e+00   2.510514e+03   9.989020e-01   9.989020e-01   2.320862e-02
  2.000000e-02  -0.000000e+00   2.505616e+03   9.969529e-01   9.971367e-01   2.320862e-02
  2.000000e-02  -0.000000e+00   2.498286e+03   9.940364e-01   9.940364e-01   2.320862e-02
  2.000000e-02  -0.000000e+00   2.498286e+03   9.940364e-01   9.940364e-01   2.320862e-02
  2.000000e-02  -0.000000e+00   2.505616e+03   9.969529e-01   9.969529e-01   2.310794e-02
  2.000000e-02  -0.000000e+00   2.510514e+03   9.989020e-01   9.989020e-01   2.320862e-02
  2.000000e-02  -0.000000e+00   2.512967e+03   9.998779e-01   9.998779e-01   2.320862e-02
  2.000000e-02  -0.000000e+00   2.512967e+03   9.998779e-01   9.998779e-01   2.320862e-02
  2.000000e-02  -0.000000e+00   2.510514e+03   9.989020e-01   9.989020e-01   2.309486e-02
  2.000000e-02  -0.000000e+00   2.505616e+03   9.969529e-01   9.969529e-01   2.330952e-02
  2.000000e-02  -0.000000e+00   2.498286e+03   9.940364e-01   9.940364e-01   2.320862e-02
  1.999278e-02  -0.000000e+00   2.499189e+03   9.940364e-01   9.940364e-01   2.320862e-02
  2.000000e-02  -0.000000e+00   2.505616e+03   9.969529e-01   9.969529e-01   2.320862e-02
  2.000000e-02  -0.000000e+00   2.510514e+03   9.989020e-01   9.989020e-01   2.320862e-02
  2.000000e-02  -0.000000e+00   2.512967e+03   9.998779e-01   9.998779e-01   2.307982e-02
  2.000000e-02  -0.000000e+00   2.512967e+03   9.998779e-01   9.998779e-01   2.307982e-02
  2.000000e-02  -0.000000e+00   2.510514e+03   9.989020e-01   9.989020e-01   2.320862e-02
  2.000000e-02  -0.000000e+00   2.505616e+03   9.969529e-01   9.969529e-01   2.320862e-02
  2.000000e-02  -0.000000e+00   2.498286e+03   9.940364e-01   9.940364e-01   2.320862e-02
  2.000000e-02  -0.000000e+00   2.498286e+03   9.940364e-01   9.937125e-01   2.320862e-02
  2.000000e-02  -0.000000e+00   2.505616e+03   9.969529e-01   9.969529e-01   2.320862e-02
  2.000000e-02  -0.000000e+00   2.510514e+03   9.989020e-01   9.989020e-01   2.320863e-02
  2.000000e-02  -0.000000e+00   2.512967e+03   9.998779e-01   9.998779e-01   2.333777e-02
  2.000000e-02  -0.000000e+00   2.512967e+03   9.998779e-01   9.998779e-01   2.320862e-02
  2.000000e-02  -0.000000e+00   2.510514e+03   9.989020e-01   9.989020e-01   2.320862e-02
  2.000000e-02  -0.000000e+00   2.505616e+03   9.969529e-01   9.969529e-01   2.320862e-02
  2.000000e-02  -0.000000e+00   2.498286e+03   9.940364e-01   9.940364e-01   2.320862e-02
  2.000000e-02  -0.000000e+00   2.498286e+03   9.940364e-01   9.937125e-01   2.320862e-02
  2.000000e-02  -0.000000e+00   2.505616e+03   9.969529e-01   9.973205e-01   2.320862e-02
  2.000000e-02  -0.000000e+00   2.510514e+03   9.989020e-01   9.989020e-01   2.320875e-02
  2.000000e-02  -0.000000e+00   2.512967e+03   9.998779e-01   9.998779e-01   2.320862e-02
  2.000000e-02  -0.000000e+00   2.512967e+03   9.998779e-01   9.998779e-01   2.320864e-02
  2.000000e-02  -0.000000e+00   2.510514e+03   9.989020e-01   9.989020e-01   2.320862e-02
  2.000000e-02  -0.000000e+00   2.505616e+03   9.969529e-01   9.969529e-01   2.320862e-02
  2.000000e-02  -0.000000e+00   2.498286e+03   9.940364e-01   9.940364e-01   2.320863e-02
  2.000000e-02  -0.000000e+00   2.498286e+03   9.940364e-01   9.940364e-01   2.320862e-02
  2.000000e-02  -0.000000e+00   2.505616e+03   9.969529e-01   9.969529e-01   2.320867e-02
  2.000000e-02  -0.000000e+00   2.510514e+03   9.989020e-01   9.989020e-01   2.320862e-02
  2.000000e-02  -0.000000e+00   2.512967e+03   9.998779e-01   9.998779e-01   2.320870e-02
  2.000000e-02  -0.000000e+00   2.512967e+03   9.998779e-01   9.998779e-01   2.307982e-02
  2.000000e-02  -0.000000e+00   2.510514e+03   9.989020e-01   9.990061e-01   2.309473e-02
  2.000000e-02  -0.000000e+00   2.505616e+03   9.969529e-01   9.969529e-01   2.320867e-02
  2.000000e-02  -0.000000e+00   2.498286e+03   9.940364e-01   9.940364e-01   2.320870e-02
  2.000000e-02  -0.000000e+00   2.498286e+03   9.940364e-01   9.940364e-01   2.320862e-02
  2.000000e-02  -0.000000e+00   2.505616e+03   9.969529e-01   9.969529e-01   2.320867e-02
  2.000000e-02  -0.000000e+00   2.510514e+03   9.989020e-01   9.989020e-01   2.320862e-02
  2.000000e-02  -0.000000e+00   2.512967e+03   9.998779e-01   9.998779e-01   2.320862e-02
  2.000000e-02  -0.000000e+00   2.512967e+03   9.998779e-01   9.998779e-01   2.307982e-02
  1.999075e-02  -0.000000e+00   2.511676e+03   9.989020e-01   9.989020e-01   2.320862e-02
  2.000000e-02  -0.000000e+00   2.505616e+03   9.969529e-01   9.969529e-01   2.320867e-02
  2.000000e-02  -0.000000e+00   2.498286e+03   9.940364e-01   9.940364e-01   2.320862e-02
  2.000000e-02  -0.000000e+00   2.498286e+03   9.940364e-01   9.940364e-01   2.320862e-02
  2.000000e-02  -0.000000e+00   2.505616e+03   9.969529e-01   9.965853e-01   2.320867e-02
  2.000000e-02  -0.000000e+00   2.510514e+03   9.989020e-01   9.989020e-01   2.320862e-02
  2.000000e-02  -0.000000e+00   2.512967e+03   9.998779e-01   9.998779e-01   2.320862e-02
  2.000000e-02  -0.000000e+00   2.512967e+03   9.998779e-01   9.998779e-01   2.320862e-02
  2.000000e-02  -0.000000e+00   2.510514e+03   9.989020e-01   9.989020e-01   2.320862e-02
  2.000000e-02  -0.000000e+00   2.505616e+03   9.969529e-01   9.969529e-01   2.320862e-02
  2.000000e-02  -0.000000e+00   2.498286e+03   9.940364e-01   9.940364e-01   2.320862e-02
  2.000000e-02  -0.000000e+00   2.498286e+03   9.940364e-01   9.940364e-01   2.320862e-02
  2.000000e-02  -0.000000e+00   2.505616e+03   9.969529e-01   9.969529e-01   2.320862e-02
  2.000000e-02  -0.000000e+00   2.510514e+03   9.989020e-01   9.989020e-01   2.332279e-02
  2.000000e-02  -0.000000e+00   2.512967e+03   9.998779e-01   9.998779e-01   2.320862e-02
  2.000000e-02  -0.000000e+00   2.512967e+03   9.998779e-01   9.998779e-01   2.320862e-02
  2.000000e-02  -0.000000e+00   2.510514e+03   9.989020e-01   9.989020e-01   2.332279e-02
  1.999183e-02  -0.000000e+00   2.506640e+03   9.969529e-01   9.969529e-01   2.320862e-02
  2.000000e-02  -0.000000e+00   2.498286e+03   9.940364e-01   9.940364e-01   2.320862e-02
  2.000000e-02  -0.000000e+00   2.498286e+03   9.940364e-01   9.940364e-01   2.320862e-02
  2.000000e-02  -0.000000e+00   2.505616e+03   9.969529e-01   9.969529e-01   2.310794e-02
  2.000000e-02  -0.000000e+00   2.510514e+03   9.989020e-01   9.989020e-01   2.320862e-02
  2.000000e-02  -0.000000e+00   2.512967e+03   9.998779e-01   9.998779e-01   2.320862e-02
  2.000000e-02  -0.000000e+00   2.512967e+03   9.998779e-01   9.998779e-01   2.320862e-02
  2.000000e-02  -0.000000e+00   2.510514e+03   9.989020e-01   9.989020e-01   2.320862e-02
  2.000000e-02  -0.000000e+00   2.505616e+03   9.969529e-01   9.969529e-01   2.330952e-02
  2.000000e-02  -0.000000e+00   2.498286e+03   9.940364e-01   9.940364e-01   2.320862e-02
  2.000000e-02  -0.000000e+00   2.498286e+03   9.940364e-01   9.940364e-01   2.320862e-02
  2.000000e-02  -0.000000e+00   2.505616e+03   9.969529e-01   9.969529e-01   2.320862e-02
  2.000000e-02  -0.000000e+00   2.510514e+03   9.989020e-01   9.989020e-01   2.320862e-02
  2.000000e-02  -0.000000e+00   2.512967e+03   9.998779e-01   9.998779e-01   2.320862e-02
  2.000000e-02  -0.000000e+00   2.512967e+03   9.998779e-01   9.998779e-01   2.333777e-02
  2.000000e-02  -0.000000e+00   2.510514e+03   9.989020e-01   9.989020e-01   2.320868e-02
  2.000000e-02  -0.000000e+00   2.505616e+03   9.969529e-01   9.969529e-01   2.320862e-02
  1.999278e-02  -0.000000e+00   2.499189e+03   9.940364e-01   9.940364e-01   2.320862e-02
  2.000000e-02  -0.000000e+00   2.498286e+03   9.940364e-01   9.940769e-01   2.320862e-02
  2.000000e-02  -0.000000e+00   2.505616e+03   9.969529e-01   9.969529e-01   2.320862e-02
  2.000000e-02  -0.000000e+00   2.510514e+03   9.989020e-01   9.989020e-01   2.320862e-02
  2.000000e-02  -0.000000e+00   2.512967e+03   9.998779e-01   9.998779e-01   2.320862e-02
  2.000000e-02  -0.000000e+00   2.512967e+03   9.998779e-01   9.998779e-01   2.320862e-02
  2.000000e-02  -0.000000e+00   2.510514e+03   9.989020e-01   9.989020e-01   2.320862e-02
  2.000000e-02  -0.000000e+00   2.505616e+03   9.969529e-01   9.969529e-01   2.320862e-02
  2.000000e-02  -0.000000e+00   2.498286e+03   9.940364e-01   9.940364e-01   2.320866e-02
  2.000000e-02  -0.000000e+00   2.498286e+03   9.940364e-01   9.940364e-01   2.320862e-02
  2.000000e-02  -0.000000e+00   2.505616e+03   9.969529e-01   9.969529e-01   2.320862e-02
  2.000000e-02  -0.000000e+00   2.510514e+03   9.989020e-01   9.989020e-01   2.320862e-02
  2.000000e-02  -0.000000e+00   2.512967e+03   9.998779e-01   9.998779e-01   2.320862e-02
  2.000000e-02  -0.000000e+00   2.512967e+03   9.998779e-01   9.998779e-01   2.320862e-02
  2.000000e-02  -0.000000e+00   2.510514e+03   9.989020e-01   9.989020e-01   2.320862e-02
  2.000000e-02  -0.000000e+00   2.505616e+03   9.969529e-01   9.969529e-01   2.320862e-02
  2.000000e-02  -0.000000e+00   2.498286e+03   9.940364e-01   9.938745e-01   2.320862e-02
  2.000000e-02  -0.000000e+00   2.498286e+03   9.940364e-01   9.940364e-01   2.320862e-02
  2.000000e-02  -0.000000e+00   2.505616e+03   9.969529e-01   9.969529e-01   2.320862e-02
  2.000000e-02  -0.000000e+00   2.510514e+03   9.989020e-01   9.989020e-01   2.320862e-02
  2.000000e-02  -0.000000e+00   2.512967e+03   9.998779e-01   9.998779e-01   2.320862e-02
  2.000000e-02  -0.000000e+00   2.512967e+03   9.998779e-01   9.996757e-01   2.320862e-02
  2.000000e-02  -0.000000e+00   2.510514e+03   9.989020e-01   9.989020e-01   2.320862e-02
  2.000000e-02  -0.000000e+00   2.505616e+03   9.969529e-01   9.969529e-01   2.320862e-02
  2.000000e-02  -0.000000e+00   2.498286e+03   9.940364e-01   9.940364e-01   2.320862e-02
  2.000000e-02  -0.000000e+00   2.498286e+03   9.940364e-01   9.940364e-01   2.320862e-02
  2.000000e-02  -0.000000e+00   2.505616e+03   9.969529e-01   9.969529e-01   2.320862e-02
  2.000000e-02  -0.000000e+00   2.510514e+03   9.989020e-01   9.989020e-01   2.320862e-02
  2.000000e-02  -0.000000e+00   2.512967e+03   9.998779e-01   9.998779e-01   2.320862e-02
  2.000000e-02  -0.000000e+00   2.512967e+03   9.998779e-01   9.999730e-01   2.320862e-02
  2.000000e-02  -0.000000e+00   2.510514e+03   9.989020e-01   9.989020e-01   2.320862e-02
  2.000000e-02  -0.000000e+00   2.505616e+03   9.969529e-01   9.969529e-01   2.310794e-02
  2.000000e-02  -0.000000e+00   2.498286e+03   9.940364e-01   9.940364e-01   2.320862e-02
  2.000000e-02  -0.000000e+00   2.498286e+03   9.940364e-01   9.940364e-01   2.320862e-02
  2.000000e-02  -0.000000e+00   2.505616e+03   9.969529e-01   9.970420e-01   2.330645e-02
  2.000000e-02  -0.000000e+00   2.510514e+03   9.989020e-01   9.989020e-01   2.320862e-02
  2.000000e-02  -0.000000e+00   2.512967e+03   9.998779e-01   9.998779e-01   2.320862e-02
  2.000000e-02  -0.000000e+00   2.512967e+03   9.998779e-01   9.998779e-01   2.320862e-02
  2.000000e-02  -0.000000e+00   2.510514e+03   9.989020e-01   9.989020e-01   2.320862e-02
  2.000000e-02  -0.000000e+00   2.505616e+03   9.969529e-01   9.969529e-01   2.320862e-02
  2.000000e-02  -0.000000e+00   2.498286e+03   9.940364e-01   9.940364e-01   2.320862e-02
  2.000000e-02  -0.000000e+00   2.498286e+03   9.940364e-01   9.940364e-01   2.329778e-02
  2.000000e-02  -0.000000e+00   2.505616e+03   9.969529e-01   9.969529e-01   2.320862e-02
  2.000000e-02  -0.000000e+00   2.510514e+03   9.989020e-01   9.989020e-01   2.320862e-02
  2.000000e-02  -0.000000e+00   2.512967e+03   9.998779e-01   9.998779e-01   2.320862e-02
  2.000000e-02  -0.000000e+00   2.512967e+03   9.998779e-01   9.998779e-01   2.311684e-02
  2.000000e-02  -0.000000e+00   2.510514e+03   9.989020e-01   9.989020e-01   2.320866e-02
  2.000000e-02  -0.000000e+00   2.505616e+03   9.969529e-01   9.969529e-01   2.320862e-02
  2.000000e-02  -0.000000e+00   2.498286e+03   9.940364e-01   9.940364e-01   2.320862e-02
  2.000000e-02  -0.000000e+00   2.498286e+03   9.940364e-01   9.940364e-01   2.320862e-02
  2.000000e-02  -0.000000e+00   2.505616e+03   9.969529e-01   9.969529e-01   2.320862e-02
  2.000000e-02  -0.000000e+00   2.510514e+03   9.989020e-01   9.989020e-01   2.320862e-02
  2.000701e-02  -0.000000e+00   2.512087e+03   9.998779e-01   9.998779e-01   2.320862e-02
  2.000000e-02  -0.000000e+00   2.512967e+03   9.998779e-01   9.998779e-01   2.320862e-02
  2.000000e-02  -0.000000e+00   2.510514e+03   9.989020e-01   9.989020e-01   2.320862e-02
  2.000000e-02  -0.000000e+00   2.505616e+03   9.969529e-01   9.969529e-01   2.320864e-02
  2.000000e-02  -0.000000e+00   2.498286e+03   9.940364e-01   9.940364e-01   2.320862e-02
  2.000000e-02  -0.000000e+00   2.498286e+03   9.940364e-01   9.940364e-01   3.089905e-02
  2.000000e-02  -0.000000e+00   2.505616e+03   9.969529e-01   9.969529e-01   3.089905e-02
  2.000000e-02  -0.000000e+00   2.510514e+03   9.989020e-01   9.989020e-01   3.089905e-02
  2.000000e-02  -0.000000e+00   2.512967e+03   9.998779e-01   9.998779e-01   3.089905e-02
  2.000000e-02  -0.000000e+00   2.512967e+03   9.998779e-01   9.998779e-01   3.089907e-02
  2.000000e-02  -0.000000e+00   2.510514e+03   9.989020e-01   9.989020e-01   3.089905e-02
  2.000000e-02  -0.000000e+00   2.505616e+03   9.969529e-01   9.969529e-01   3.089905e-02
  2.000000e-02  -0.000000e+00   2.498286e+03   9.940364e-01   9.940364e-01   3.079948e-02
  2.000000e-02  -0.000000e+00   2.498286e+03   9.940364e-01   9.941984e-01   3.089905e-02
  2.000000e-02  -0.000000e+00   2.505616e+03   9.969529e-01   9.967854e-01   3.089905e-02
  2.000000e-02  -0.000000e+00   2.510514e+03   9.989020e-01   9.989020e-01   3.089905e-02
  2.000000e-02  -0.000000e+00   2.512967e+03   9.998779e-01   9.998779e-01   3.089909e-02
  2.000000e-02  -0.000000e+00   2.512967e+03   9.998779e-01   9.998779e-01   3.089907e-02
  2.000000e-02  -0.000000e+00   2.510514e+03   9.989020e-01   9.989020e-01   3.089905e-02
  2.000000e-02  -0.000000e+00   2.505616e+03   9.969529e-01   9.969529e-01   3.089905e-02
  2.000000e-02  -0.000000e+00   2.498286e+03   9.940364e-01   9.940364e-01   3.089905e-02
  2.000000e-02  -0.000000e+00   2.498286e+03   9.940364e-01   9.940364e-01   3.089905e-02
  2.000000e-02  -0.000000e+00   2.505616e+03   9.969529e-01   9.969529e-01   3.089905e-02
  2.000000e-02  -0.000000e+00   2.510514e+03   9.989020e-01   9.989020e-01   3.089905e-02
  2.000000e-02  -0.000000e+00   2.512967e+03   9.998779e-01   9.998779e-01   3.089907e-02
  2.000000e-02  -0.000000e+00   2.512967e+03   9.998779e-01   9.998779e-01   3.089905e-02
  2.000000e-02  -0.000000e+00   2.510514e+03   9.989020e-01   9.989020e-01   3.089905e-02
  2.000000e-02  -0.000000e+00   2.505616e+03   9.969529e-01   9.969529e-01   3.089905e-02
  2.000000e-02  -0.000000e+00   2.498286e+03   9.940364e-01   9.940364e-01   3.089913e-02
  2.000000e-02  -0.000000e+00   2.498286e+03   9.940364e-01   9.940364e-01   3.089905e-02
  2.000000e-02  -0.000000e+00   2.505616e+03   9.969529e-01   9.969529e-01   3.089905e-02
  2.000000e-02  -0.000000e+00   2.510514e+03   9.989020e-01   9.989020e-01   3.065963e-02
  2.000000e-02  -0.000000e+00   2.512967e+03   9.998779e-01   9.998779e-01   3.089906e-02
  2.000000e-02  -0.000000e+00   2.512967e+03   9.998779e-01   9.998779e-01   3.089905e-02
  2.000000e-02  -0.000000e+00   2.510514e+03   9.989020e-01   9.992818e-01   3.089905e-02
  2.000000e-02  -0.000000e+00   2.505616e+03   9.969529e-01   9.969529e-01   3.089905e-02
  2.000000e-02  -0.000000e+00   2.498286e+03   9.940364e-01   9.940364e-01   3.089907e-02
  2.000000e-02  -0.000000e+00   2.498286e+03   9.940364e-01   9.940364e-01   3.069384e-02
  2.000000e-02  -0.000000e+00   2.505616e+03   9.969529e-01   9.969529e-01   3.089915e-02
  2.000000e-02  -0.000000e+00   2.510514e+03   9.989020e-01   9.989020e-01   3.089905e-02
  2.000000e-02  -0.000000e+00   2.512967e+03   9.998779e-01   1.000282e+00   3.089905e-02
  2.000000e-02  -0.000000e+00   2.512967e+03   9.998779e-01   9.998779e-01   3.089905e-02
  2.000000e-02  -0.000000e+00   2.510514e+03   9.989020e-01   9.989020e-01   3.089908e-02
  2.000000e-02  -0.000000e+00   2.505616e+03   9.969529e-01   9.969529e-01   3.089905e-02
  2.000000e-02  -0.000000e+00   2.498286e+03   9.940364e-01   9.940364e-01   3.089905e-02
  2.000000e-02  -0.000000e+00   2.498286e+03   9.940364e-01   9.940364e-01   3.089905e-02
  1.998365e-02  -0.000000e+00   2.507666e+03   9.969529e-01   9.969529e-01   3.089906e-02
  2.000000e-02  -0.000000e+00   2.510514e+03   9.989020e-01   9.989020e-01   3.089905e-02
  2.000000e-02  -0.000000e+00   2.512967e+03   9.998779e-01   9.998779e-01   3.089905e-02
  2.000000e-02  -0.000000e+00   2.512967e+03   9.998779e-01   9.998779e-01   3.089905e-02
  2.000000e-02  -0.000000e+00   2.510514e+03   9.989020e-01   9.989020e-01   3.089905e-02
  2.000000e-02  -0.000000e+00   2.505616e+03   9.969529e-01   9.969529e-01   3.089905e-02
  2.000000e-02  -0.000000e+00   2.498286e+03   9.940364e-01   9.940364e-01   3.089905e-02
  2.000000e-02  -0.000000e+00   2.498286e+03   9.940364e-01   9.940364e-01   3.110502e-02
  2.000000e-02  -0.000000e+00   2.505616e+03   9.969529e-01   9.969529e-01   3.089906e-02
  2.000000e-02  -0.000000e+00   2.510514e+03   9.989020e-01   9.989020e-01   3.089905e-02
  2.000000e-02  -0.000000e+00   2.512967e+03   9.998779e-01   9.998779e-01   3.089907e-02
  2.000000e-02  -0.000000e+00   2.512967e+03   9.998779e-01   9.998779e-01   3.089905e-02
  2.000925e-02  -0.000000e+00   2.509354e+03   9.989020e-01   9.989020e-01   3.089905e-02
  2.000000e-02  -0.000000e+00   2.505616e+03   9.969529e-01   9.969529e-01   3.089905e-02
  2.000000e-02  -0.000000e+00   2.498286e+03   9.940364e-01   9.940364e-01   3.089905e-02
  2.000000e-02  -0.000000e+00   2.498286e+03   9.940364e-01   9.940364e-01   3.089905e-02
  2.000000e-02  -0.000000e+00   2.505616e+03   9.969529e-01   9.969529e-01   3.089905e-02
  2.000000e-02  -0.000000e+00   2.510514e+03   9.989020e-01   9.989020e-01   3.089905e-02
  2.000000e-02  -0.000000e+00   2.512967e+03   9.998779e-01   9.998779e-01   3.089905e-02
  2.000000e-02  -0.000000e+00   2.512967e+03   9.998779e-01   9.998779e-01   3.089905e-02
  2.000000e-02  -0.000000e+00   2.510514e+03   9.989020e-01   9.989020e-01   3.089905e-02
  2.000000e-02  -0.000000e+00   2.505616e+03   9.969529e-01   9.962177e-01   3.089905e-02
  2.000000e-02  -0.000000e+00   2.498286e+03   9.940364e-01   9.940364e-01   3.089905e-02
  2.000000e-02  -0.000000e+00   2.498286e+03   9.940364e-01   9.940364e-01   3.089905e-02
  2.000000e-02  -0.000000e+00   2.505616e+03   9.969529e-01   9.969529e-01   3.089905e-02
  2.000000e-02  -0.000000e+00   2.510514e+03   9.989020e-01   9.989020e-01   3.089905e-02
  2.000000e-02  -0.000000e+00   2.512967e+03   9.998779e-01   9.998779e-01   3.089905e-02
  2.000000e-02  -0.000000e+00   2.512967e+03   9.998779e-01   9.998779e-01   3.089905e-02
  2.000000e-02  -0.000000e+00   2.510514e+03   9.989020e-01   9.989020e-01   3.103076e-02
  2.000000e-02  -0.000000e+00   2.505616e+03   9.969529e-01   9.969529e-01   3.089905e-02
  2.000000e-02  -0.000000e+00   2.498286e+03   9.940364e-01   9.940364e-01   3.089905e-02
  2.000000e-02  -0.000000e+00   2.498286e+03   9.940364e-01   9.940364e-01   3.089905e-02
  2.000000e-02  -0.000000e+00   2.505616e+03   9.969529e-01   9.969529e-01   3.089905e-02
  2.000000e-02  -0.000000e+00   2.510514e+03   9.989020e-01   9.989020e-01   3.089905e-02
  2.000000e-02  -0.000000e+00   2.512967e+03   9.998779e-01   9.998779e-01   3.089905e-02
  2.000000e-02  -0.000000e+00   2.512967e+03   9.998779e-01   9.998779e-01   3.089905e-02
  2.000000e-02  -0.000000e+00   2.510514e+03   9.989020e-01   9.989020e-01   3.089905e-02
  2.000000e-02  -0.000000e+00   2.505616e+03   9.969529e-01   9.969529e-01   3.089905e-02
  2.000000e-02  -0.000000e+00   2.498286e+03   9.940364e-01   9.940364e-01   3.089905e-02
  2.000000e-02  -0.000000e+00   2.498286e+03   9.940364e-01   9.940364e-01   3.089905e-02
  2.000000e-02  -0.000000e+00   2.505616e+03   9.969529e-01   9.969529e-01   3.089905e-02
  2.000000e-02  -0.000000e+00   2.510514e+03   9.989020e-01   9.989020e-01   3.089905e-02
  2.000000e-02  -0.000000e+00   2.512967e+03   9.998779e-01   9.998779e-01   3.089905e-02
  2.000000e-02  -0.000000e+00   2.512967e+03   9.998779e-01   9.998779e-01   3.089905e-02
  2.000000e-02  -0.000000e+00   2.510514e+03   9.989020e-01   9.989020e-01   3.089908e-02
  2.000000e-02  -0.000000e+00   2.505616e+03   9.969529e-01   9.969529e-01   3.089905e-02
  2.000000e-02  -0.000000e+00   2.498286e+03   9.940364e-01   9.940364e-01   3.089905e-02
  2.000000e-02  -0.000000e+00   2.498286e+03   9.940364e-01   9.940364e-01   3.100191e-02
  2.000000e-02  -0.000000e+00   2.505616e+03   9.969529e-01   9.969529e-01   3.089905e-02
  2.000000e-02  -0.000000e+00   2.510514e+03   9.989020e-01   9.989020e-01   3.089905e-02
  2.002093e-02  -0.000000e+00   2.510340e+03   9.998779e-01   9.998779e-01   3.089905e-02
  2.000000e-02  -0.000000e+00   2.512967e+03   9.998779e-01   1.000350e+00   3.104805e-02
  2.000000e-02  -0.000000e+00   2.510514e+03   9.989020e-01   9.989020e-01   3.089918e-02
  2.000000e-02  -0.000000e+00   2.505616e+03   9.969529e-01   9.969529e-01   3.089905e-02
  2.000000e-02  -0.000000e+00   2.498286e+03   9.940364e-01   9.940364e-01   3.089905e-02
  2.000000e-02  -0.000000e+00   2.498286e+03   9.940364e-01   9.940364e-01   3.089905e-02
  2.000000e-02  -0.000000e+00   2.505616e+03   9.969529e-01   9.967691e-01   3.089905e-02
  2.000000e-02  -0.000000e+00   2.510514e+03   9.989020e-01   9.989020e-01   3.089957e-02
  2.000000e-02  -0.000000e+00   2.512967e+03   9.998779e-01   9.998779e-01   3.089905e-02
  2.000000e-02  -0.000000e+00   2.512967e+03   9.998779e-01   9.998779e-01   3.089905e-02
  2.000000e-02  -0.000000e+00   2.510514e+03   9.989020e-01   9.989020e-01   3.089905e-02
  2.000000e-02  -0.000000e+00   2.505616e+03   9.969529e-01   9.969529e-01   3.089905e-02
  2.000000e-02  -0.000000e+00   2.498286e+03   9.940364e-01   9.940364e-01   3.089905e-02
  2.000000e-02  -0.000000e+00   2.498286e+03   9.940364e-01   9.940364e-01   3.089905e-02
  2.000000e-02  -0.000000e+00   2.505616e+03   9.969529e-01   9.969529e-01   3.089946e-02
  2.000000e-02  -0.000000e+00   2.510514e+03   9.989020e-01   9.989020e-01   3.089905e-02
  2.000000e-02  -0.000000e+00   2.512967e+03   9.998779e-01   9.998779e-01   3.089905e-02
  2.000000e-02  -0.000000e+00   2.512967e+03   9.998779e-01   9.998779e-01   3.089905e-02
  1.999075e-02  -0.000000e+00   2.511676e+03   9.989020e-01   9.989020e-01   3.103076e-02
  2.000000e-02  -0.000000e+00   2.505616e+03   9.969529e-01   9.969529e-01   3.101545e-02
  2.000000e-02  -0.000000e+00   2.498286e+03   9.940364e-01   9.940364e-01   3.100191e-02
  2.000723e-02  -0.000000e+00   2.497384e+03   9.940364e-01   9.940364e-01   3.089905e-02
  2.000000e-02  -0.000000e+00   2.505616e+03   9.969529e-01   9.969529e-01   3.089905e-02
  2.000000e-02  -0.000000e+00   2.510514e+03   9.989020e-01   9.989020e-01   3.089905e-02
  2.000000e-02  -0.000000e+00   2.512967e+03   9.998779e-01   9.998779e-01   3.075041e-02
  2.002093e-02  -0.000000e+00   2.510340e+03   9.998779e-01   9.998779e-01   3.089905e-02
  2.000000e-02  -0.000000e+00   2.510514e+03   9.989020e-01   9.989020e-01   3.089918e-02
  2.000818e-02  -0.000000e+00   2.504592e+03   9.969529e-01   9.967691e-01   3.089905e-02
  2.000000e-02  -0.000000e+00   2.498286e+03   9.940364e-01   9.940364e-01   3.100191e-02
  2.000000e-02  -0.000000e+00   2.498286e+03   9.940364e-01   9.940364e-01   3.089905e-02
  2.000000e-02  -0.000000e+00   2.505616e+03   9.969529e-01   9.969529e-01   3.089905e-02
  2.000000e-02  -0.000000e+00   2.510514e+03   9.989020e-01   9.989020e-01   3.089905e-02
  2.000000e-02  -0.000000e+00   2.512967e+03   9.998779e-01   9.998779e-01   3.089905e-02
  2.000000e-02  -0.000000e+00   2.512967e+03   9.998779e-01   9.998779e-01   3.089905e-02
  2.000000e-02  -0.000000e+00   2.510514e+03   9.989020e-01   9.989020e-01   3.089918e-02
  2.000000e-02  -0.000000e+00   2.505616e+03   9.969529e-01   9.969529e-01   3.089905e-02
  2.000000e-02  -0.000000e+00   2.498286e+03   9.940364e-01   9.940364e-01   3.089906e-02
  2.000000e-02  -0.000000e+00   2.498286e+03   9.940364e-01   9.940364e-01   3.089905e-02
  2.000000e-02  -0.000000e+00   2.505616e+03   9.969529e-01   9.967691e-01   3.089905e-02
  2.000000e-02  -0.000000e+00   2.510514e+03   9.989020e-01   9.989020e-01   3.089905e-02
  2.000000e-02  -0.000000e+00   2.512967e+03   9.998779e-01   9.998779e-01   3.089905e-02
  1.997908e-02  -0.000000e+00   2.515598e+03   9.998779e-01   9.998779e-01   3.089905e-02
  2.000000e-02  -0.000000e+00   2.510514e+03   9.989020e-01   9.989020e-01   3.089918e-02
  2.000000e-02  -0.000000e+00   2.505616e+03   9.969529e-01   9.969529e-01   3.089905e-02
  2.000000e-02  -0.000000e+00   2.498286e+03   9.940364e-01   9.940364e-01   3.089905e-02
  2.000000e-02  -0.000000e+00   2.498286e+03   9.940364e-01   9.940364e-01   3.089905e-02
  2.000000e-02  -0.000000e+00   2.505616e+03   9.969529e-01   9.969529e-01   3.089905e-02
  2.000000e-02  -0.000000e+00   2.510514e+03   9.989020e-01   9.989020e-01   3.089905e-02
  2.000000e-02  -0.000000e+00   2.512967e+03   9.998779e-01   9.998779e-01   3.089905e-02
  1.998954e-02  -0.000000e+00   2.514282e+03   9.998779e-01   9.998779e-01   3.089905e-02
  2.000000e-02  -0.000000e+00   2.510514e+03   9.989020e-01   9.989020e-01   3.089905e-02
  2.000000e-02  -0.000000e+00   2.505616e+03   9.969529e-01   9.969529e-01   3.089905e-02
  2.000000e-02  -0.000000e+00   2.498286e+03   9.940364e-01   9.940364e-01   3.089905e-02
  2.000000e-02  -0.000000e+00   2.498286e+03   9.940364e-01   9.940364e-01   3.089905e-02
  2.000000e-02  -0.000000e+00   2.505616e+03   9.969529e-01   9.969529e-01   3.089905e-02
  2.000000e-02  -0.000000e+00   2.510514e+03   9.989020e-01   9.989020e-01   3.089905e-02
  2.000000e-02  -0.000000e+00   2.512967e+03   9.998779e-01   9.998779e-01   3.089922e-02
  2.000000e-02  -0.000000e+00   2.512967e+03   9.998779e-01   1.000350e+00   3.089905e-02
  2.000000e-02  -0.000000e+00   2.510514e+03   9.989020e-01   9.989020e-01   3.089905e-02
  2.000000e-02  -0.000000e+00   2.505616e+03   9.969529e-01   9.973205e-01   3.089905e-02
  2.000000e-02  -0.000000e+00   2.498286e+03   9.940364e-01   9.940364e-01   3.089905e-02
  2.000000e-02  -0.000000e+00   2.498286e+03   9.940364e-01   9.940364e-01   3.089905e-02
  2.000000e-02  -0.000000e+00   2.505616e+03   9.969529e-01   9.969529e-01   3.089905e-02
  2.000000e-02  -0.000000e+00   2.510514e+03   9.989020e-01   9.989020e-01   3.089905e-02
  2.000000e-02  -0.000000e+00   2.512967e+03   9.998779e-01   9.998779e-01   3.089905e-02
  2.000000e-02  -0.000000e+00   2.512967e+03   9.998779e-01   9.998779e-01   3.089905e-02
  2.000000e-02  -0.000000e+00   2.510514e+03   9.989020e-01   9.989020e-01   3.089905e-02
  2.000000e-02  -0.000000e+00   2.505616e+03   9.969529e-01   9.969529e-01   3.089915e-02
  2.000000e-02  -0.000000e+00   2.498286e+03   9.940364e-01   9.940364e-01   3.089913e-02
  2.000000e-02  -0.000000e+00   2.498286e+03   9.940364e-01   9.940364e-01   3.089905e-02
  2.000000e-02  -0.000000e+00   2.505616e+03   9.969529e-01   9.969529e-01   3.089905e-02
  2.000000e-02  -0.000000e+00   2.510514e+03   9.989020e-01   9.989020e-01   3.089905e-02
  2.000000e-02  -0.000000e+00   2.512967e+03   9.998779e-01   9.998779e-01   3.089922e-02
  2.000000e-02  -0.000000e+00   2.512967e+03   9.998779e-01   9.998779e-01   3.089905e-02
  2.000000e-02  -0.000000e+00   2.510514e+03   9.989020e-01   9.989020e-01   3.089905e-02
  2.000000e-02  -0.000000e+00   2.505616e+03   9.969529e-01   9.969529e-01   3.101545e-02
  2.000000e-02  -0.000000e+00   2.498286e+03   9.940364e-01   9.940364e-01   3.089905e-02
  2.000000e-02  -0.000000e+00   2.498286e+03   9.940364e-01   9.940364e-01   3.089905e-02
  2.000000e-02  -0.000000e+00   2.505616e+03   9.969529e-01   9.973205e-01   3.089905e-02
  2.000000e-02  -0.000000e+00   2.510514e+03   9.989020e-01   9.989020e-01   3.089924e-02
  2.000000e-02  -0.000000e+00   2.512967e+03   9.998779e-01   9.998779e-01   3.089905e-02
  2.000000e-02  -0.000000e+00   2.512967e+03   9.998779e-01   9.998779e-01   3.089913e-02
  2.000000e-02  -0.000000e+00   2.510514e+03   9.989020e-01   9.989020e-01   3.089905e-02
  2.000000e-02  -0.000000e+00   2.505616e+03   9.969529e-01   9.969529e-01   3.089905e-02
  2.000000e-02  -0.000000e+00   2.498286e+03   9.940364e-01   9.940364e-01   3.089905e-02
  2.000000e-02  -0.000000e+00   2.498286e+03   9.940364e-01   9.940364e-01   3.089905e-02
  2.000000e-02  -0.000000e+00   2.505616e+03   9.969529e-01   9.969529e-01   3.089905e-02
  2.000000e-02  -0.000000e+00   2.510514e+03   9.989020e-01   9.989020e-01   3.089905e-02
  2.000000e-02  -0.000000e+00   2.512967e+03   9.998779e-01   9.998779e-01   3.089905e-02
  2.000000e-02  -0.000000e+00   2.512967e+03   9.998779e-01   9.998779e-01   3.089905e-02
  2.000000e-02  -0.000000e+00   2.510514e+03   9.989020e-01   9.989020e-01   3.089905e-02
  2.000000e-02  -0.000000e+00   2.505616e+03   9.969529e-01   9.969529e-01   3.089905e-02
  2.001445e-02  -0.000000e+00   2.496482e+03   9.940364e-01   9.940364e-01   3.089905e-02
  2.000000e-02  -0.000000e+00   2.498286e+03   9.940364e-01   9.940364e-01   3.089905e-02
  2.000000e-02  -0.000000e+00   2.505616e+03   9.969529e-01   9.969529e-01   3.089905e-02
  2.000000e-02  -0.000000e+00   2.510514e+03   9.989020e-01   9.989020e-01   3.089905e-02
  2.000000e-02  -0.000000e+00   2.512967e+03   9.998779e-01   9.994062e-01   3.089905e-02
  2.000000e-02  -0.000000e+00   2.512967e+03   9.998779e-01   9.998779e-01   3.089905e-02
  2.000000e-02  -0.000000e+00   2.510514e+03   9.989020e-01   9.989020e-01   3.089905e-02
  2.000000e-02  -0.000000e+00   2.505616e+03   9.969529e-01   9.969529e-01   3.089905e-02
  2.000000e-02  -0.000000e+00   2.498286e+03   9.940364e-01   9.940364e-01   3.089905e-02
  2.000000e-02  -0.000000e+00   2.498286e+03   9.940364e-01   9.940364e-01   3.089905e-02
  2.000000e-02  -0.000000e+00   2.505616e+03   9.969529e-01   9.969529e-01   3.089905e-02
  2.000000e-02  -0.000000e+00   2.510514e+03   9.989020e-01   9.989020e-01   3.089911e-02
  2.000000e-02  -0.000000e+00   2.512967e+03   9.998779e-01   9.998779e-01   3.089905e-02
  2.000000e-02  -0.000000e+00   2.512967e+03   9.998779e-01   9.998779e-01   3.089905e-02
  2.000000e-02  -0.000000e+00   2.510514e+03   9.989020e-01   9.989020e-01   3.089911e-02
  2.000000e-02  -0.000000e+00   2.505616e+03   9.969529e-01   9.969529e-01   3.089905e-02
  2.000000e-02  -0.000000e+00   2.498286e+03   9.940364e-01   9.940364e-01   3.089905e-02
  2.000000e-02  -0.000000e+00   2.498286e+03   9.940364e-01   9.940364e-01   3.089905e-02
  2.000000e-02  -0.000000e+00   2.505616e+03   9.969529e-01   9.969529e-01   3.089905e-02
  2.000000e-02  -0.000000e+00   2.510514e+03   9.989020e-01   9.989020e-01   3.089911e-02
  2.000000e-02  -0.000000e+00   2.512967e+03   9.998779e-01   9.998779e-01   3.089905e-02
  2.000000e-02  -0.000000e+00   2.512967e+03   9.998779e-01   9.998779e-01   3.089905e-02
  2.000000e-02  -0.000000e+00   2.510514e+03   9.989020e-01   9.989020e-01   3.089905e-02
  2.000000e-02  -0.000000e+00   2.505616e+03   9.969529e-01   9.969529e-01   3.089905e-02
  2.000000e-02  -0.000000e+00   2.498286e+03   9.940364e-01   9.940364e-01   3.089905e-02
  2.000000e-02  -0.000000e+00   2.498286e+03   9.940364e-01   9.940364e-01   3.089905e-02
  2.000000e-02  -0.000000e+00   2.505616e+03   9.969529e-01   9.969529e-01   3.089905e-02
  2.000000e-02  -0.000000e+00   2.510514e+03   9.989020e-01   9.989020e-01   3.089905e-02
  2.000000e-02  -0.000000e+00   2.512967e+03   9.998779e-01   9.998779e-01   3.089905e-02
  2.000000e-02  -0.000000e+00   2.512967e+03   9.998779e-01   9.998779e-01   3.089905e-02
  2.000000e-02  -0.000000e+00   2.510514e+03   9.989020e-01   9.989020e-01   3.089905e-02
  2.000000e-02  -0.000000e+00   2.505616e+03   9.969529e-01   9.969529e-01   3.089905e-02
  2.000000e-02  -0.000000e+00   2.498286e+03   9.940364e-01   9.941984e-01   3.089905e-02
  2.000000e-02  -0.000000e+00   2.498286e+03   9.940364e-01   9.940364e-01   3.089905e-02
  2.000000e-02  -0.000000e+00   2.505616e+03   9.969529e-01   9.969529e-01   3.089905e-02
  2.000000e-02  -0.000000e+00   2.510514e+03   9.989020e-01   9.989020e-01   3.089905e-02
  2.000000e-02  -0.000000e+00   2.512967e+03   9.998779e-01   9.998779e-01   3.089905e-02
  2.000000e-02  -0.000000e+00   2.512967e+03   9.998779e-01   9.998779e-01   3.089905e-02
  2.000000e-02  -0.000000e+00   2.510514e+03   9.989020e-01   9.990030e-01   3.089905e-02
  2.000000e-02  -0.000000e+00   2.505616e+03   9.969529e-01   9.969529e-01   3.089905e-02
  2.000000e-02  -0.000000e+00   2.498286e+03   9.940364e-01   9.940364e-01   3.089911e-02
  2.000000e-02  -0.000000e+00   2.498286e+03   9.940364e-01   9.940364e-01   3.089905e-02
  2.000000e-02  -0.000000e+00   2.505616e+03   9.969529e-01   9.969529e-01   3.089905e-02
  2.000000e-02  -0.000000e+00   2.510514e+03   9.989020e-01   9.989020e-01   3.113940e-02
  2.000000e-02  -0.000000e+00   2.512967e+03   9.998779e-01   9.998779e-01   3.113943e-02
  2.000000e-02  -0.000000e+00   2.512967e+03   9.998779e-01   9.998779e-01   3.089905e-02
  2.000000e-02  -0.000000e+00   2.510514e+03   9.989020e-01   9.989020e-01   3.089905e-02
  2.000000e-02  -0.000000e+00   2.505616e+03   9.969529e-01   9.969529e-01   3.089907e-02
  2.000000e-02  -0.000000e+00   2.498286e+03   9.940364e-01   9.940364e-01   3.089905e-02
  2.000000e-02  -0.000000e+00   2.498286e+03   9.940364e-01   9.940364e-01   3.089905e-02
  2.000000e-02  -0.000000e+00   2.505616e+03   9.969529e-01   9.969529e-01   3.089905e-02
  2.000000e-02  -0.000000e+00   2.510514e+03   9.989020e-01   9.989020e-01   3.089914e-02
  2.000000e-02  -0.000000e+00   2.512967e+03   9.998779e-01   9.998779e-01   3.089905e-02
  2.000000e-02  -0.000000e+00   2.512967e+03   9.998779e-01   9.998779e-01   3.089905e-02
  2.000000e-02  -0.000000e+00   2.510514e+03   9.989020e-01   9.989020e-01   3.089905e-02
  2.000000e-02  -0.000000e+00   2.505616e+03   9.969529e-01   9.969529e-01   3.089905e-02
  2.000000e-02  -0.000000e+00   2.498286e+03   9.940364e-01   9.940364e-01   3.100199e-02
  2.000000e-02  -0.000000e+00   2.498286e+03   9.940364e-01   9.940364e-01   3.089905e-02
  2.000000e-02  -0.000000e+00   2.505616e+03   9.969529e-01   9.969529e-01   3.089905e-02
  2.000000e-02  -0.000000e+00   2.510514e+03   9.989020e-01   9.989020e-01   3.089905e-02
  2.000000e-02  -0.000000e+00   2.512967e+03   9.998779e-01   9.997939e-01   3.089905e-02
  2.000000e-02  -0.000000e+00   2.512967e+03   9.998779e-01   9.999619e-01   3.089909e-02
  2.000000e-02  -0.000000e+00   2.510514e+03   9.989020e-01   9.989020e-01   3.089905e-02
  2.000000e-02  -0.000000e+00   2.505616e+03   9.969529e-01   9.969529e-01   3.089905e-02
  2.000000e-02  -0.000000e+00   2.498286e+03   9.940364e-01   9.941984e-01   3.089905e-02
  2.000000e-02  -0.000000e+00   2.498286e+03   9.940364e-01   9.939579e-01   3.089905e-02
  2.000000e-02  -0.000000e+00   2.505616e+03   9.969529e-01   9.969529e-01   3.089905e-02
  1.999300e-02  -0.000000e+00   2.511394e+03   9.989020e-01   9.989020e-01   3.089905e-02
  2.000000e-02  -0.000000e+00   2.512967e+03   9.998779e-01   9.998779e-01   3.089907e-02
  2.000000e-02  -0.000000e+00   2.512967e+03   9.998779e-01   9.998779e-01   3.089905e-02
  2.000000e-02  -0.000000e+00   2.510514e+03   9.989020e-01   9.989020e-01   3.089905e-02
  2.000000e-02  -0.000000e+00   2.505616e+03   9.969529e-01   9.969529e-01   3.089905e-02
  2.000000e-02  -0.000000e+00   2.498286e+03   9.940364e-01   9.940364e-01   3.089905e-02
  2.000000e-02  -0.000000e+00   2.498286e+03   9.940364e-01   9.940364e-01   3.968811e-02
  2.000000e-02  -0.000000e+00   2.505616e+03   9.969529e-01   9.971104e-01   3.968811e-02
  2.000000e-02  -0.000000e+00   2.510514e+03   9.989020e-01   9.989020e-01   3.968811e-02
  2.000000e-02  -0.000000e+00   2.512967e+03   9.998779e-01   9.998779e-01   3.968811e-02
  2.000000e-02  -0.000000e+00   2.512967e+03   9.998779e-01   9.998779e-01   3.968811e-02
  2.000000e-02  -0.000000e+00   2.510514e+03   9.989020e-01   9.989020e-01   3.968811e-02
  1.999300e-02  -0.000000e+00   2.506494e+03   9.969529e-01   9.969529e-01   3.968811e-02
  2.000701e-02  -0.000000e+00   2.497411e+03   9.940364e-01   9.940364e-01   3.968811e-02
  2.000000e-02  -0.000000e+00   2.498286e+03   9.940364e-01   9.940364e-01   3.968815e-02
  2.000000e-02  -0.000000e+00   2.505616e+03   9.969529e-01   9.969529e-01   3.968811e-02
  2.000000e-02  -0.000000e+00   2.510514e+03   9.989020e-01   9.987341e-01   3.968811e-02
  2.000000e-02  -0.000000e+00   2.512967e+03   9.998779e-01   9.998779e-01   3.968813e-02
  2.000000e-02  -0.000000e+00   2.512967e+03   9.998779e-01   9.998779e-01   3.980834e-02
  2.000000e-02  -0.000000e+00   2.510514e+03   9.989020e-01   9.989020e-01   3.968811e-02
  2.000000e-02  -0.000000e+00   2.505616e+03   9.969529e-01   9.969529e-01   3.968811e-02
  2.000000e-02  -0.000000e+00   2.498286e+03   9.940364e-01   9.940364e-01   3.968811e-02
  2.000000e-02  -0.000000e+00   2.498286e+03   9.940364e-01   9.940364e-01   3.968811e-02
  2.000000e-02  -0.000000e+00   2.505616e+03   9.969529e-01   9.969529e-01   3.968811e-02
  2.000000e-02  -0.000000e+00   2.510514e+03   9.989020e-01   9.985449e-01   3.968811e-02
  2.000000e-02  -0.000000e+00   2.512967e+03   9.998779e-01   9.998779e-01   3.968811e-02
  2.000000e-02  -0.000000e+00   2.512967e+03   9.998779e-01   9.995205e-01   3.968811e-02
  2.000000e-02  -0.000000e+00   2.510514e+03   9.989020e-01   9.989020e-01   3.968811e-02
  2.000000e-02  -0.000000e+00   2.505616e+03   9.969529e-01   9.969529e-01   3.968811e-02
  2.000000e-02  -0.000000e+00   2.498286e+03   9.940364e-01   9.937125e-01   3.968811e-02
  2.000000e-02  -0.000000e+00   2.498286e+03   9.940364e-01   9.940364e-01   3.968811e-02
  2.001635e-02  -0.000000e+00   2.503569e+03   9.969529e-01   9.969529e-01   3.968812e-02
  2.000000e-02  -0.000000e+00   2.510514e+03   9.989020e-01   9.989020e-01   3.968811e-02
  2.000000e-02  -0.000000e+00   2.512967e+03   9.998779e-01   9.998779e-01   3.968811e-02
  2.000000e-02  -0.000000e+00   2.512967e+03   9.998779e-01   9.998779e-01   3.968811e-02
  2.000000e-02  -0.000000e+00   2.510514e+03   9.989020e-01   9.989020e-01   3.968811e-02
  2.000000e-02  -0.000000e+00   2.505616e+03   9.969529e-01   9.969529e-01   3.968811e-02
  2.000000e-02  -0.000000e+00   2.498286e+03   9.940364e-01   9.940364e-01   3.968811e-02
  2.001445e-02  -0.000000e+00   2.496482e+03   9.940364e-01   9.940364e-01   3.945549e-02
  2.000000e-02  -0.000000e+00   2.505616e+03   9.969529e-01   9.969529e-01   3.968821e-02
  1.998207e-02  -0.000000e+00   2.512768e+03   9.989020e-01   9.989020e-01   3.968814e-02
  2.000000e-02  -0.000000e+00   2.512967e+03   9.998779e-01   9.998779e-01   3.968811e-02
  2.000000e-02  -0.000000e+00   2.512967e+03   9.998779e-01   9.998779e-01   3.968811e-02
  2.000000e-02  -0.000000e+00   2.510514e+03   9.989020e-01   9.989020e-01   3.968811e-02
  2.000000e-02  -0.000000e+00   2.505616e+03   9.969529e-01   9.969529e-01   3.968811e-02
  2.000000e-02  -0.000000e+00   2.498286e+03   9.940364e-01   9.940364e-01   3.968811e-02
  2.000000e-02  -0.000000e+00   2.498286e+03   9.940364e-01   9.940364e-01   3.968811e-02
  2.000000e-02  -0.000000e+00   2.505616e+03   9.969529e-01   9.969529e-01   3.968821e-02
  2.000000e-02  -0.000000e+00   2.510514e+03   9.989020e-01   9.993186e-01   3.968811e-02
  2.000000e-02  -0.000000e+00   2.512967e+03   9.998779e-01   9.998779e-01   3.968811e-02
  2.000000e-02  -0.000000e+00   2.512967e+03   9.998779e-01   9.998779e-01   3.968811e-02
  2.000925e-02  -0.000000e+00   2.509354e+03   9.989020e-01   9.989020e-01   3.968813e-02
  2.000000e-02  -0.000000e+00   2.505616e+03   9.969529e-01   9.969529e-01   3.968811e-02
  2.000000e-02  -0.000000e+00   2.498286e+03   9.940364e-01   9.940364e-01   3.968811e-02
  2.000000e-02  -0.000000e+00   2.498286e+03   9.940364e-01   9.940364e-01   3.992141e-02
  2.000000e-02  -0.000000e+00   2.505616e+03   9.969529e-01   9.969529e-01   3.968811e-02
  2.000000e-02  -0.000000e+00   2.510514e+03   9.989020e-01   9.993186e-01   3.998690e-02
  2.000000e-02  -0.000000e+00   2.512967e+03   9.998779e-01   9.998779e-01   3.936168e-02
  2.000000e-02  -0.000000e+00   2.512967e+03   9.998779e-01   9.998779e-01   3.968811e-02
  2.000000e-02  -0.000000e+00   2.510514e+03   9.989020e-01   9.993186e-01   3.968813e-02
  2.000000e-02  -0.000000e+00   2.505616e+03   9.969529e-01   9.969529e-01   3.968811e-02
  2.000000e-02  -0.000000e+00   2.498286e+03   9.940364e-01   9.940364e-01   3.968811e-02
  2.000000e-02  -0.000000e+00   2.498286e+03   9.940364e-01   9.940364e-01   3.968811e-02
  2.000000e-02  -0.000000e+00   2.505616e+03   9.969529e-01   9.969529e-01   3.968811e-02
  2.000000e-02  -0.000000e+00   2.510514e+03   9.989020e-01   9.989020e-01   3.968814e-02
  2.000000e-02  -0.000000e+00   2.512967e+03   9.998779e-01   9.998779e-01   3.968815e-02
  2.000000e-02  -0.000000e+00   2.512967e+03   9.998779e-01   9.998779e-01   3.968811e-02
  2.000000e-02  -0.000000e+00   2.510514e+03   9.989020e-01   9.989020e-01   3.968811e-02
  2.000000e-02  -0.000000e+00   2.505616e+03   9.969529e-01   9.969529e-01   3.968811e-02
  2.000000e-02  -0.000000e+00   2.498286e+03   9.940364e-01   9.940364e-01   3.968813e-02
  2.000000e-02  -0.000000e+00   2.498286e+03   9.940364e-01   9.940364e-01   3.968811e-02
  2.000000e-02  -0.000000e+00   2.505616e+03   9.969529e-01   9.969529e-01   3.968821e-02
  1.998151e-02  -0.000000e+00   2.512838e+03   9.989020e-01   9.989020e-01   3.968811e-02
  2.000000e-02  -0.000000e+00   2.512967e+03   9.998779e-01   9.998779e-01   3.968811e-02
  2.000000e-02  -0.000000e+00   2.512967e+03   9.998779e-01   9.998779e-01   3.968811e-02
  2.000000e-02  -0.000000e+00   2.510514e+03   9.989020e-01   9.989020e-01   3.968811e-02
  2.000000e-02  -0.000000e+00   2.505616e+03   9.969529e-01   9.969529e-01   3.955642e-02
  2.000000e-02  -0.000000e+00   2.498286e+03   9.940364e-01   9.940364e-01   3.968811e-02
  2.001445e-02  -0.000000e+00   2.496482e+03   9.940364e-01   9.940364e-01   3.968811e-02
  2.000000e-02  -0.000000e+00   2.505616e+03   9.969529e-01   9.969529e-01   3.968821e-02
  1.998151e-02  -0.000000e+00   2.512838e+03   9.989020e-01   9.989020e-01   3.968813e-02
  2.000000e-02  -0.000000e+00   2.512967e+03   9.998779e-01   9.998779e-01   3.968811e-02
  2.000000e-02  -0.000000e+00   2.512967e+03   9.998779e-01   9.998779e-01   3.968812e-02
  2.000000e-02  -0.000000e+00   2.510514e+03   9.989020e-01   9.989020e-01   3.968811e-02
  2.000000e-02  -0.000000e+00   2.505616e+03   9.969529e-01   9.969529e-01   3.968811e-02
  2.000000e-02  -0.000000e+00   2.498286e+03   9.940364e-01   9.940364e-01   3.980468e-02
  2.000000e-02  -0.000000e+00   2.498286e+03   9.940364e-01   9.940364e-01   3.957172e-02
  1.998365e-02  -0.000000e+00   2.507666e+03   9.969529e-01   9.965853e-01   3.955642e-02
  2.000000e-02  -0.000000e+00   2.510514e+03   9.989020e-01   9.989020e-01   3.968811e-02
  2.000000e-02  -0.000000e+00   2.512967e+03   9.998779e-01   9.998779e-01   3.968811e-02
  2.002093e-02  -0.000000e+00   2.510340e+03   9.998779e-01   9.998779e-01   3.968811e-02
  2.000000e-02  -0.000000e+00   2.510514e+03   9.989020e-01   9.989020e-01   3.968811e-02
  2.000000e-02  -0.000000e+00   2.505616e+03   9.969529e-01   9.969529e-01   3.968811e-02
  2.000000e-02  -0.000000e+00   2.498286e+03   9.940364e-01   9.940364e-01   3.968811e-02
  2.000000e-02  -0.000000e+00   2.498286e+03   9.940364e-01   9.940364e-01   3.968811e-02
  2.000000e-02  -0.000000e+00   2.505616e+03   9.969529e-01   9.969529e-01   3.968811e-02
  2.000000e-02  -0.000000e+00   2.510514e+03   9.989020e-01   9.989020e-01   3.968811e-02
  2.000000e-02  -0.000000e+00   2.512967e+03   9.998779e-01   9.998779e-01   3.968811e-02
  2.000000e-02  -0.000000e+00   2.512967e+03   9.998779e-01   9.998779e-01   3.968811e-02
  2.000000e-02  -0.000000e+00   2.510514e+03   9.989020e-01   9.989020e-01   3.968811e-02
  2.000000e-02  -0.000000e+00   2.505616e+03   9.969529e-01   9.969529e-01   3.968811e-02
  2.000000e-02  -0.000000e+00   2.498286e+03   9.940364e-01   9.941984e-01   3.968811e-02
  2.000000e-02  -0.000000e+00   2.498286e+03   9.940364e-01   9.940364e-01   3.968811e-02
  1.998365e-02  -0.000000e+00   2.507666e+03   9.969529e-01   9.969529e-01   3.982003e-02
  2.001850e-02  -0.000000e+00   2.508194e+03   9.989020e-01   9.989020e-01   3.968811e-02
  2.000000e-02  -0.000000e+00   2.512967e+03   9.998779e-01   9.998779e-01   3.968811e-02
  2.002093e-02  -0.000000e+00   2.510340e+03   9.998779e-01   9.998779e-01   3.968811e-02
  2.000000e-02  -0.000000e+00   2.510514e+03   9.989020e-01   9.989020e-01   3.968811e-02
  2.000000e-02  -0.000000e+00   2.505616e+03   9.969529e-01   9.969529e-01   3.968811e-02
  2.000000e-02  -0.000000e+00   2.498286e+03   9.940364e-01   9.941174e-01   3.968819e-02
  1.999278e-02  -0.000000e+00   2.499189e+03   9.940364e-01   9.940364e-01   3.968811e-02
  2.000000e-02  -0.000000e+00   2.505616e+03   9.969529e-01   9.969529e-01   3.968811e-02
  2.000000e-02  -0.000000e+00   2.510514e+03   9.989020e-01   9.989020e-01   3.968811e-02
  2.000000e-02  -0.000000e+00   2.512967e+03   9.998779e-01   9.998779e-01   3.968811e-02
  2.000000e-02  -0.000000e+00   2.512967e+03   9.998779e-01   9.998779e-01   3.968811e-02
  2.000000e-02  -0.000000e+00   2.510514e+03   9.989020e-01   9.989020e-01   3.968811e-02
  2.000000e-02  -0.000000e+00   2.505616e+03   9.969529e-01   9.969529e-01   3.955642e-02
  2.000000e-02  -0.000000e+00   2.498286e+03   9.940364e-01   9.940364e-01   3.968811e-02
  2.000000e-02  -0.000000e+00   2.498286e+03   9.940364e-01   9.940364e-01   3.968811e-02
  1.998365e-02  -0.000000e+00   2.507666e+03   9.969529e-01   9.969529e-01   3.968811e-02
  1.998151e-02  -0.000000e+00   2.512838e+03   9.989020e-01   9.989020e-01   3.968811e-02
  2.000000e-02  -0.000000e+00   2.512967e+03   9.998779e-01   9.998779e-01   3.968811e-02
  2.000000e-02  -0.000000e+00   2.512967e+03   9.998779e-01   9.996421e-01   3.968815e-02
  2.000000e-02  -0.000000e+00   2.510514e+03   9.989020e-01   9.989020e-01   3.968811e-02
  2.000000e-02  -0.000000e+00   2.505616e+03   9.969529e-01   9.969529e-01   3.968811e-02
  2.000000e-02  -0.000000e+00   2.498286e+03   9.940364e-01   9.940364e-01   3.968811e-02
  2.000000e-02  -0.000000e+00   2.498286e+03   9.940364e-01   9.940364e-01   3.968811e-02
  2.000000e-02  -0.000000e+00   2.505616e+03   9.969529e-01   9.969529e-01   3.968811e-02
  2.000000e-02  -0.000000e+00   2.510514e+03   9.989020e-01   9.989020e-01   3.968811e-02
  1.997908e-02  -0.000000e+00   2.515598e+03   9.998779e-01   9.998779e-01   3.985695e-02
  2.000000e-02  -0.000000e+00   2.512967e+03   9.998779e-01   9.998779e-01   3.968813e-02
  2.000000e-02  -0.000000e+00   2.510514e+03   9.989020e-01   9.989020e-01   3.953914e-02
  2.000000e-02  -0.000000e+00   2.505616e+03   9.969529e-01   9.969529e-01   3.968811e-02
  2.000000e-02  -0.000000e+00   2.498286e+03   9.940364e-01   9.940364e-01   3.968811e-02
  2.000000e-02  -0.000000e+00   2.498286e+03   9.940364e-01   9.940364e-01   3.968811e-02
  2.000000e-02  -0.000000e+00   2.505616e+03   9.969529e-01   9.969529e-01   3.968811e-02
  2.000000e-02  -0.000000e+00   2.510514e+03   9.989020e-01   9.989020e-01   3.968811e-02
  1.997908e-02  -0.000000e+00   2.515598e+03   9.998779e-01   9.998779e-01   3.968811e-02
  2.002093e-02  -0.000000e+00   2.510340e+03   9.998779e-01   9.998779e-01   3.951967e-02
  2.000000e-02  -0.000000e+00   2.510514e+03   9.989020e-01   9.989020e-01   3.968811e-02
  2.000818e-02  -0.000000e+00   2.504592e+03   9.969529e-01   9.969529e-01   3.955643e-02
  2.000000e-02  -0.000000e+00   2.498286e+03   9.940364e-01   9.940364e-01   3.968811e-02
  2.000000e-02  -0.000000e+00   2.498286e+03   9.940364e-01   9.940364e-01   3.968811e-02
  2.000000e-02  -0.000000e+00   2.505616e+03   9.969529e-01   9.969529e-01   3.968811e-02
  1.999075e-02  -0.000000e+00   2.511676e+03   9.989020e-01   9.989020e-01   3.968811e-02
  2.000000e-02  -0.000000e+00   2.512967e+03   9.998779e-01   9.998779e-01   3.985695e-02
  2.000000e-02  -0.000000e+00   2.512967e+03   9.998779e-01   1.000350e+00   3.968811e-02
  2.000000e-02  -0.000000e+00   2.510514e+03   9.989020e-01   9.989020e-01   3.953917e-02
  2.000409e-02  -0.000000e+00   2.505104e+03   9.969529e-01   9.965853e-01   3.955642e-02
  2.000000e-02  -0.000000e+00   2.498286e+03   9.940364e-01   9.940364e-01   3.968812e-02
  2.000000e-02  -0.000000e+00   2.498286e+03   9.940364e-01   9.940364e-01   3.968811e-02
  2.000000e-02  -0.000000e+00   2.505616e+03   9.969529e-01   9.969529e-01   3.968811e-02
  2.000000e-02  -0.000000e+00   2.510514e+03   9.989020e-01   9.989020e-01   3.968811e-02
  2.000000e-02  -0.000000e+00   2.512967e+03   9.998779e-01   9.998779e-01   3.968811e-02
  2.000000e-02  -0.000000e+00   2.512967e+03   9.998779e-01   9.998779e-01   3.968811e-02
  2.000000e-02  -0.000000e+00   2.510514e+03   9.989020e-01   9.989020e-01   3.968811e-02
  2.000000e-02  -0.000000e+00   2.505616e+03   9.969529e-01   9.969529e-01   3.968811e-02
  2.000000e-02  -0.000000e+00   2.498286e+03   9.940364e-01   9.940364e-01   3.968811e-02
  2.000000e-02  -0.000000e+00   2.498286e+03   9.940364e-01   9.940364e-01   3.968811e-02
  2.000000e-02  -0.000000e+00   2.505616e+03   9.969529e-01   9.969529e-01   3.968811e-02
  2.000000e-02  -0.000000e+00   2.510514e+03   9.989020e-01   9.989020e-01   3.968811e-02
  2.000000e-02  -0.000000e+00   2.512967e+03   9.998779e-01   9.998779e-01   3.968811e-02
  2.000000e-02  -0.000000e+00   2.512967e+03   9.998779e-01   9.998779e-01   3.951963e-02
  2.000000e-02  -0.000000e+00   2.510514e+03   9.989020e-01   9.989020e-01   3.968811e-02
  2.000000e-02  -0.000000e+00   2.505616e+03   9.969529e-01   9.969529e-01   3.968811e-02
  2.000000e-02  -0.000000e+00   2.498286e+03   9.940364e-01   9.940364e-01   3.968811e-02
  2.000000e-02  -0.000000e+00   2.498286e+03   9.940364e-01   9.940364e-01   3.968811e-02
  2.000000e-02  -0.000000e+00   2.505616e+03   9.969529e-01   9.969529e-01   3.968811e-02
  2.000000e-02  -0.000000e+00   2.510514e+03   9.989020e-01   9.989020e-01   3.968811e-02
  2.000000e-02  -0.000000e+00   2.512967e+03   9.998779e-01   9.998779e-01   3.968811e-02
  2.000000e-02  -0.000000e+00   2.512967e+03   9.998779e-01   9.998779e-01   3.968811e-02
  2.000000e-02  -0.000000e+00   2.510514e+03   9.989020e-01   9.989020e-01   3.968812e-02
  2.000000e-02  -0.000000e+00   2.505616e+03   9.969529e-01   9.969529e-01   3.968811e-02
  2.000000e-02  -0.000000e+00   2.498286e+03   9.940364e-01   9.940364e-01   3.968811e-02
  2.000000e-02  -0.000000e+00   2.498286e+03   9.940364e-01   9.937125e-01   3.968811e-02
  2.000000e-02  -0.000000e+00   2.505616e+03   9.969529e-01   9.969529e-01   3.968816e-02
  2.000000e-02  -0.000000e+00   2.510514e+03   9.989020e-01   9.989020e-01   3.968811e-02
  2.000000e-02  -0.000000e+00   2.512967e+03   9.998779e-01   9.998779e-01   3.985695e-02
  2.000000e-02  -0.000000e+00   2.512967e+03   9.998779e-01   9.998779e-01   3.968811e-02
  1.999075e-02  -0.000000e+00   2.511676e+03   9.989020e-01   9.989020e-01   3.961360e-02
  2.000000e-02  -0.000000e+00   2.505616e+03   9.969529e-01   9.969529e-01   3.968811e-02
  2.000000e-02  -0.000000e+00   2.498286e+03   9.940364e-01   9.940364e-01   3.968811e-02
  2.000000e-02  -0.000000e+00   2.498286e+03   9.940364e-01   9.940364e-01   3.980468e-02
  2.000000e-02  -0.000000e+00   2.505616e+03   9.969529e-01   9.965853e-01   3.968811e-02
  2.000000e-02  -0.000000e+00   2.510514e+03   9.989020e-01   9.989020e-01   3.983736e-02
  2.000000e-02  -0.000000e+00   2.512967e+03   9.998779e-01   9.994062e-01   3.968811e-02
  2.000000e-02  -0.000000e+00   2.512967e+03   9.998779e-01   1.000350e+00   3.968811e-02
  2.000000e-02  -0.000000e+00   2.510514e+03   9.989020e-01   9.989020e-01   3.953914e-02
  2.000000e-02  -0.000000e+00   2.505616e+03   9.969529e-01   9.969529e-01   3.968814e-02
  2.000000e-02  -0.000000e+00   2.498286e+03   9.940364e-01   9.940364e-01   3.968811e-02
  2.000000e-02  -0.000000e+00   2.498286e+03   9.940364e-01   9.940364e-01   3.968811e-02
  2.000000e-02  -0.000000e+00   2.505616e+03   9.969529e-01   9.965853e-01   3.968811e-02
  2.000000e-02  -0.000000e+00   2.510514e+03   9.989020e-01   9.989020e-01   3.968811e-02
  2.000000e-02  -0.000000e+00   2.512967e+03   9.998779e-01   9.998779e-01   3.968811e-02
  2.000000e-02  -0.000000e+00   2.512967e+03   9.998779e-01   9.998779e-01   3.968811e-02
  2.000000e-02  -0.000000e+00   2.510514e+03   9.989020e-01   9.986936e-01   3.968811e-02
  2.000000e-02  -0.000000e+00   2.505616e+03   9.969529e-01   9.969529e-01   3.955642e-02
  1.998555e-02  -0.000000e+00   2.500092e+03   9.940364e-01   9.940364e-01   3.968811e-02
  2.000000e-02  -0.000000e+00   2.498286e+03   9.940364e-01   9.940364e-01   3.968811e-02
  2.000000e-02  -0.000000e+00   2.505616e+03   9.969529e-01   9.969529e-01   3.968826e-02
  2.000000e-02  -0.000000e+00   2.510514e+03   9.989020e-01   9.989020e-01   3.968821e-02
  2.000000e-02  -0.000000e+00   2.512967e+03   9.998779e-01   9.998779e-01   3.968811e-02
  2.000000e-02  -0.000000e+00   2.512967e+03   9.998779e-01   9.998779e-01   3.968811e-02
  2.000000e-02  -0.000000e+00   2.510514e+03   9.989020e-01   9.989020e-01   3.968817e-02
  2.000000e-02  -0.000000e+00   2.505616e+03   9.969529e-01   9.969529e-01   3.968811e-02
  2.000000e-02  -0.000000e+00   2.498286e+03   9.940364e-01   9.940364e-01   3.968811e-02
  2.000000e-02  -0.000000e+00   2.498286e+03   9.940364e-01   9.940364e-01   3.968811e-02
  2.000000e-02  -0.000000e+00   2.505616e+03   9.969529e-01   9.969529e-01   3.968811e-02
  2.000000e-02  -0.000000e+00   2.510514e+03   9.989020e-01   9.989020e-01   3.968824e-02
  2.000000e-02  -0.000000e+00   2.512967e+03   9.998779e-01   9.998779e-01   3.968811e-02
  2.000000e-02  -0.000000e+00   2.512967e+03   9.998779e-01   9.997636e-01   3.968811e-02
  2.000000e-02  -0.000000e+00   2.510514e+03   9.989020e-01   9.989020e-01   3.968811e-02
  2.000000e-02  -0.000000e+00   2.505616e+03   9.969529e-01   9.969529e-01   3.968811e-02
  2.000000e-02  -0.000000e+00   2.498286e+03   9.940364e-01   9.940364e-01   3.968811e-02
  2.000000e-02  -0.000000e+00   2.498286e+03   9.940364e-01   9.940364e-01   3.968811e-02
  2.000000e-02  -0.000000e+00   2.505616e+03   9.969529e-01   9.969529e-01   3.968811e-02
  2.000000e-02  -0.000000e+00   2.510514e+03   9.989020e-01   9.989020e-01   3.968811e-02
  2.000000e-02  -0.000000e+00   2.512967e+03   9.998779e-01   9.998779e-01   3.968811e-02
  2.000000e-02  -0.000000e+00   2.512967e+03   9.998779e-01   9.998779e-01   3.968811e-02
  2.000000e-02  -0.000000e+00   2.510514e+03   9.989020e-01   9.989020e-01   3.968811e-02
  2.000000e-02  -0.000000e+00   2.505616e+03   9.969529e-01   9.965853e-01   3.968814e-02
  2.000000e-02  -0.000000e+00   2.498286e+03   9.940364e-01   9.938745e-01   3.980468e-02
  2.000000e-02  -0.000000e+00   2.498286e+03   9.940364e-01   9.940364e-01   3.968811e-02
  2.000818e-02  -0.000000e+00   2.504592e+03   9.969529e-01   9.969529e-01   3.968811e-02
  2.000000e-02  -0.000000e+00   2.510514e+03   9.989020e-01   9.989020e-01   3.968811e-02
  2.000000e-02  -0.000000e+00   2.512967e+03   9.998779e-01   9.998779e-01   3.968811e-02
  2.000000e-02  -0.000000e+00   2.512967e+03   9.998779e-01   9.998779e-01   3.968811e-02
  2.000000e-02  -0.000000e+00   2.510514e+03   9.989020e-01   9.989020e-01   3.983283e-02
  2.000000e-02  -0.000000e+00   2.505616e+03   9.969529e-01   9.969529e-01   3.968811e-02
  2.000000e-02  -0.000000e+00   2.498286e+03   9.940364e-01   9.940364e-01   3.968815e-02
  2.000000e-02  -0.000000e+00   2.498286e+03   9.940364e-01   9.941984e-01   3.968811e-02
  2.000000e-02  -0.000000e+00   2.505616e+03   9.969529e-01   9.969529e-01   3.968811e-02
  2.000000e-02  -0.000000e+00   2.510514e+03   9.989020e-01   9.989020e-01   3.996045e-02
  2.000000e-02  -0.000000e+00   2.512967e+03   9.998779e-01   9.999730e-01   3.968811e-02
  2.000000e-02  -0.000000e+00   2.512967e+03   9.998779e-01   9.998779e-01   3.968811e-02
  2.000000e-02  -0.000000e+00   2.510514e+03   9.989020e-01   9.989020e-01   3.968811e-02
  2.000000e-02  -0.000000e+00   2.505616e+03   9.969529e-01   9.969529e-01   3.968811e-02
  2.000000e-02  -0.000000e+00   2.498286e+03   9.940364e-01   9.940364e-01   3.968811e-02
  2.000000e-02  -0.000000e+00   2.498286e+03   9.940364e-01   9.940364e-01   3.968811e-02
  2.000000e-02  -0.000000e+00   2.505616e+03   9.969529e-01   9.969529e-01   3.968811e-02
  2.000000e-02  -0.000000e+00   2.510514e+03   9.989020e-01   9.989020e-01   3.968811e-02
  2.000000e-02  -0.000000e+00   2.512967e+03   9.998779e-01   9.998779e-01   3.968811e-02
  2.000000e-02  -0.000000e+00   2.512967e+03   9.998779e-01   9.998779e-01   3.968811e-02
  2.000000e-02  -0.000000e+00   2.510514e+03   9.989020e-01   9.989020e-01   3.981601e-02
  2.000000e-02  -0.000000e+00   2.505616e+03   9.969529e-01   9.969529e-01   3.968811e-02
  2.000000e-02  -0.000000e+00   2.498286e+03   9.940364e-01   9.940364e-01   3.968811e-02
  2.000000e-02  -0.000000e+00   2.498286e+03   9.940364e-01   9.940364e-01   3.968811e-02
  2.000000e-02  -0.000000e+00   2.505616e+03   9.969529e-01   9.969529e-01   3.968820e-02
  2.000000e-02  -0.000000e+00   2.510514e+03   9.989020e-01   9.989020e-01   3.968811e-02
  2.000000e-02  -0.000000e+00   2.512967e+03   9.998779e-01   9.998779e-01   3.968811e-02
  2.000000e-02  -0.000000e+00   2.512967e+03   9.998779e-01   9.998779e-01   3.968811e-02
  2.000000e-02  -0.000000e+00   2.510514e+03   9.989020e-01   9.989020e-01   3.968811e-02
  2.000000e-02  -0.000000e+00   2.505616e+03   9.969529e-01   9.969529e-01   3.968811e-02
  2.000000e-02  -0.000000e+00   2.498286e+03   9.940364e-01   9.940364e-01   3.968811e-02
  2.000000e-02  -0.000000e+00   2.498286e+03   9.940364e-01   9.940364e-01   3.968811e-02
  2.000000e-02  -0.000000e+00   2.505616e+03   9.969529e-01   9.967954e-01   3.968811e-02
  2.000000e-02  -0.000000e+00   2.510514e+03   9.989020e-01   9.989020e-01   3.968811e-02
  2.000000e-02  -0.000000e+00   2.512967e+03   9.998779e-01   9.999569e-01   3.968811e-02
  2.000000e-02  -0.000000e+00   2.512967e+03   9.998779e-01   9.998779e-01   3.957526e-02
  2.000000e-02  -0.000000e+00   2.510514e+03   9.989020e-01   9.989020e-01   3.968811e-02
  2.000000e-02  -0.000000e+00   2.505616e+03   9.969529e-01   9.971104e-01   3.968811e-02
  2.000000e-02  -0.000000e+00   2.498286e+03   9.940364e-01   9.940364e-01   3.968811e-02
  1.998599e-02  -0.000000e+00   2.500037e+03   9.940364e-01   9.940364e-01   4.957581e-02
  2.000000e-02  -0.000000e+00   2.505616e+03   9.969529e-01   9.969529e-01   4.957581e-02
  2.000000e-02  -0.000000e+00   2.510514e+03   9.989020e-01   9.989020e-01   4.957581e-02
  2.000000e-02  -0.000000e+00   2.512967e+03   9.998779e-01   9.998779e-01   4.957581e-02
  2.000000e-02  -0.000000e+00   2.512967e+03   9.998779e-01   9.998779e-01   4.957581e-02
  2.000000e-02  -0.000000e+00   2.510514e+03   9.989020e-01   9.989020e-01   4.957584e-02
  2.000000e-02  -0.000000e+00   2.505616e+03   9.969529e-01   9.969529e-01   4.957581e-02
  2.000000e-02  -0.000000e+00   2.498286e+03   9.940364e-01   9.940364e-01   4.957581e-02
  2.000000e-02  -0.000000e+00   2.498286e+03   9.940364e-01   9.940364e-01   4.957581e-02
  2.000000e-02  -0.000000e+00   2.505616e+03   9.969529e-01   9.969529e-01   4.957581e-02
  2.000000e-02  -0.000000e+00   2.510514e+03   9.989020e-01   9.989020e-01   4.957581e-02
  2.000000e-02  -0.000000e+00   2.512967e+03   9.998779e-01   9.998779e-01   4.957581e-02
  2.000000e-02  -0.000000e+00   2.512967e+03   9.998779e-01   9.998779e-01   4.957581e-02
  2.000000e-02  -0.000000e+00   2.510514e+03   9.989020e-01   9.989020e-01   4.957581e-02
  1.999255e-02  -0.000000e+00   2.506550e+03   9.969529e-01   9.969529e-01   4.957581e-02
  2.000000e-02  -0.000000e+00   2.498286e+03   9.940364e-01   9.940364e-01   4.957581e-02
  2.000000e-02  -0.000000e+00   2.498286e+03   9.940364e-01   9.940364e-01   4.957581e-02
  2.000000e-02  -0.000000e+00   2.505616e+03   9.969529e-01   9.969529e-01   4.957581e-02
  2.000000e-02  -0.000000e+00   2.510514e+03   9.989020e-01   9.989020e-01   4.957581e-02
  2.001586e-02  -0.000000e+00   2.510977e+03   9.998779e-01   9.998779e-01   4.943308e-02
  2.000000e-02  -0.000000e+00   2.512967e+03   9.998779e-01   9.998779e-01   4.957582e-02
  2.000000e-02  -0.000000e+00   2.510514e+03   9.989020e-01   9.989020e-01   4.957581e-02
  2.000000e-02  -0.000000e+00   2.505616e+03   9.969529e-01   9.969529e-01   4.957581e-02
  2.000000e-02  -0.000000e+00   2.498286e+03   9.940364e-01   9.940364e-01   4.957581e-02
  2.000000e-02  -0.000000e+00   2.498286e+03   9.940364e-01   9.940364e-01   4.957581e-02
  2.000000e-02  -0.000000e+00   2.505616e+03   9.969529e-01   9.969529e-01   4.957581e-02
  2.000000e-02  -0.000000e+00   2.510514e+03   9.989020e-01   9.992818e-01   4.957582e-02
  2.000000e-02  -0.000000e+00   2.512967e+03   9.998779e-01   9.998779e-01   4.957581e-02
  1.998314e-02  -0.000000e+00   2.515088e+03   9.998779e-01   9.998779e-01   4.957581e-02
  2.000000e-02  -0.000000e+00   2.510514e+03   9.989020e-01   9.989020e-01   4.957581e-02
  2.000000e-02  -0.000000e+00   2.505616e+03   9.969529e-01   9.969529e-01   4.957581e-02
  2.000723e-02  -0.000000e+00   2.497384e+03   9.940364e-01   9.940364e-01   4.957581e-02
  2.000000e-02  -0.000000e+00   2.498286e+03   9.940364e-01   9.940364e-01   4.957583e-02
  2.000000e-02  -0.000000e+00   2.505616e+03   9.969529e-01   9.969529e-01   4.957581e-02
  2.000000e-02  -0.000000e+00   2.510514e+03   9.989020e-01   9.989020e-01   4.957584e-02
  2.000000e-02  -0.000000e+00   2.512967e+03   9.998779e-01   9.998779e-01   4.957581e-02
  1.998207e-02  -0.000000e+00   2.515223e+03   9.998779e-01   9.998779e-01   4.957581e-02
  2.000000e-02  -0.000000e+00   2.510514e+03   9.989020e-01   9.989020e-01   4.957581e-02
  1.999183e-02  -0.000000e+00   2.506640e+03   9.969529e-01   9.969529e-01   4.957581e-02
  2.000000e-02  -0.000000e+00   2.498286e+03   9.940364e-01   9.940364e-01   4.957581e-02
  2.000000e-02  -0.000000e+00   2.498286e+03   9.940364e-01   9.940364e-01   4.957581e-02
  2.000000e-02  -0.000000e+00   2.505616e+03   9.969529e-01   9.969529e-01   4.957581e-02
  2.000000e-02  -0.000000e+00   2.510514e+03   9.989020e-01   9.989020e-01   4.957581e-02
  2.001908e-02  -0.000000e+00   2.510572e+03   9.998779e-01   9.998779e-01   4.957581e-02
  1.998093e-02  -0.000000e+00   2.515366e+03   9.998779e-01   9.998779e-01   4.957581e-02
  2.000000e-02  -0.000000e+00   2.510514e+03   9.989020e-01   9.989020e-01   4.957581e-02
  2.000000e-02  -0.000000e+00   2.505616e+03   9.969529e-01   9.969529e-01   4.957581e-02
  2.000000e-02  -0.000000e+00   2.498286e+03   9.940364e-01   9.940364e-01   4.957581e-02
  2.000000e-02  -0.000000e+00   2.498286e+03   9.940364e-01   9.940364e-01   4.957584e-02
  2.000000e-02  -0.000000e+00   2.505616e+03   9.969529e-01   9.969529e-01   4.957581e-02
  2.000000e-02  -0.000000e+00   2.510514e+03   9.989020e-01   9.989020e-01   4.957581e-02
  2.000000e-02  -0.000000e+00   2.512967e+03   9.998779e-01   9.998779e-01   4.957585e-02
  2.000000e-02  -0.000000e+00   2.512967e+03   9.998779e-01   9.998779e-01   4.957581e-02
  2.000000e-02  -0.000000e+00   2.510514e+03   9.989020e-01   9.984853e-01   4.957581e-02
  2.000000e-02  -0.000000e+00   2.505616e+03   9.969529e-01   9.969529e-01   4.957585e-02
  2.000000e-02  -0.000000e+00   2.498286e+03   9.940364e-01   9.937125e-01   4.957581e-02
  2.000000e-02  -0.000000e+00   2.498286e+03   9.940364e-01   9.940364e-01   4.957581e-02
  2.000000e-02  -0.000000e+00   2.505616e+03   9.969529e-01   9.969529e-01   4.957581e-02
  2.000000e-02  -0.000000e+00   2.510514e+03   9.989020e-01   9.989020e-01   4.957581e-02
  2.000000e-02  -0.000000e+00   2.512967e+03   9.998779e-01   9.998779e-01   4.957588e-02
  2.000000e-02  -0.000000e+00   2.512967e+03   9.998779e-01   9.994205e-01   4.975878e-02
  2.000000e-02  -0.000000e+00   2.510514e+03   9.989020e-01   9.989020e-01   4.957581e-02
  2.000000e-02  -0.000000e+00   2.505616e+03   9.969529e-01   9.969529e-01   4.942861e-02
  2.000000e-02  -0.000000e+00   2.498286e+03   9.940364e-01   9.940364e-01   4.970608e-02
  1.998555e-02  -0.000000e+00   2.500092e+03   9.940364e-01   9.940364e-01   4.957581e-02
  2.000000e-02  -0.000000e+00   2.505616e+03   9.969529e-01   9.969529e-01   4.972334e-02
  2.000000e-02  -0.000000e+00   2.510514e+03   9.989020e-01   9.993186e-01   4.940929e-02
  2.000000e-02  -0.000000e+00   2.512967e+03   9.998779e-01   9.998779e-01   4.957581e-02
  2.000000e-02  -0.000000e+00   2.512967e+03   9.998779e-01   9.998779e-01   4.957581e-02
  2.001850e-02  -0.000000e+00   2.508194e+03   9.989020e-01   9.989020e-01   4.957581e-02
  2.000000e-02  -0.000000e+00   2.505616e+03   9.969529e-01   9.969529e-01   4.957581e-02
  2.000000e-02  -0.000000e+00   2.498286e+03   9.940364e-01   9.940364e-01   4.957581e-02
  2.000000e-02  -0.000000e+00   2.498286e+03   9.940364e-01   9.940364e-01   4.970608e-02
  2.000000e-02  -0.000000e+00   2.505616e+03   9.969529e-01   9.969529e-01   4.957581e-02
  2.000000e-02  -0.000000e+00   2.510514e+03   9.989020e-01   9.989020e-01   4.957581e-02
  2.000000e-02  -0.000000e+00   2.512967e+03   9.998779e-01   9.998779e-01   4.957581e-02
  2.000000e-02  -0.000000e+00   2.512967e+03   9.998779e-01   9.998779e-01   4.957581e-02
  2.000000e-02  -0.000000e+00   2.510514e+03   9.989020e-01   9.989020e-01   4.957581e-02
  2.000000e-02  -0.000000e+00   2.505616e+03   9.969529e-01   9.969529e-01   4.957581e-02
  2.000000e-02  -0.000000e+00   2.498286e+03   9.940364e-01   9.940364e-01   4.957581e-02
  2.000000e-02  -0.000000e+00   2.498286e+03   9.940364e-01   9.940364e-01   4.957581e-02
  2.000000e-02  -0.000000e+00   2.505616e+03   9.969529e-01   9.969529e-01   4.957581e-02
  1.998151e-02  -0.000000e+00   2.512838e+03   9.989020e-01   9.989020e-01   4.957581e-02
  2.000000e-02  -0.000000e+00   2.512967e+03   9.998779e-01   9.998779e-01   4.957581e-02
  2.000000e-02  -0.000000e+00   2.512967e+03   9.998779e-01   9.998779e-01   4.957581e-02
  2.000000e-02  -0.000000e+00   2.510514e+03   9.989020e-01   9.989020e-01   4.957581e-02
  2.000000e-02  -0.000000e+00   2.505616e+03   9.969529e-01   9.969529e-01   4.950218e-02
  2.000000e-02  -0.000000e+00   2.498286e+03   9.940364e-01   9.940364e-01   4.957581e-02
  2.000000e-02  -0.000000e+00   2.498286e+03   9.940364e-01   9.940364e-01   4.957581e-02
  2.000000e-02  -0.000000e+00   2.505616e+03   9.969529e-01   9.969529e-01   4.957591e-02
  2.000000e-02  -0.000000e+00   2.510514e+03   9.989020e-01   9.989020e-01   4.957581e-02
  2.000000e-02  -0.000000e+00   2.512967e+03   9.998779e-01   9.998779e-01   4.957581e-02
  2.000000e-02  -0.000000e+00   2.512967e+03   9.998779e-01   9.996492e-01   4.957581e-02
  2.000000e-02  -0.000000e+00   2.510514e+03   9.989020e-01   9.989020e-01   4.957581e-02
  2.000000e-02  -0.000000e+00   2.505616e+03   9.969529e-01   9.969529e-01   4.957581e-02
  2.000000e-02  -0.000000e+00   2.498286e+03   9.940364e-01   9.940364e-01   4.957581e-02
  1.999278e-02  -0.000000e+00   2.499189e+03   9.940364e-01   9.940364e-01   4.957581e-02
  2.000000e-02  -0.000000e+00   2.505616e+03   9.969529e-01   9.969529e-01   4.957581e-02
  2.000000e-02  -0.000000e+00   2.510514e+03   9.989020e-01   9.989020e-01   4.957594e-02
  2.000000e-02  -0.000000e+00   2.512967e+03   9.998779e-01   9.998779e-01   4.957581e-02
  2.000000e-02  -0.000000e+00   2.512967e+03   9.998779e-01   9.998779e-01   4.957581e-02
  1.999075e-02  -0.000000e+00   2.511676e+03   9.989020e-01   9.989020e-01   4.957581e-02
  2.000000e-02  -0.000000e+00   2.505616e+03   9.969529e-01   9.969529e-01   4.957582e-02
  2.000000e-02  -0.000000e+00   2.498286e+03   9.940364e-01   9.940364e-01   4.951074e-02
  2.000000e-02  -0.000000e+00   2.498286e+03   9.940364e-01   9.940364e-01   4.957581e-02
  2.001635e-02  -0.000000e+00   2.503569e+03   9.969529e-01   9.969529e-01   4.957581e-02
  2.000000e-02  -0.000000e+00   2.510514e+03   9.989020e-01   9.989020e-01   4.957581e-02
  2.000000e-02  -0.000000e+00   2.512967e+03   9.998779e-01   9.998779e-01   4.957581e-02
  2.000000e-02  -0.000000e+00   2.512967e+03   9.998779e-01   9.998779e-01   4.957581e-02
  2.000000e-02  -0.000000e+00   2.510514e+03   9.989020e-01   9.989020e-01   4.957581e-02
  2.000000e-02  -0.000000e+00   2.505616e+03   9.969529e-01   9.971367e-01   4.957581e-02
  2.000000e-02  -0.000000e+00   2.498286e+03   9.940364e-01   9.940364e-01   4.957581e-02
  1.999278e-02  -0.000000e+00   2.499189e+03   9.940364e-01   9.941174e-01   4.957581e-02
  2.000000e-02  -0.000000e+00   2.505616e+03   9.969529e-01   9.969529e-01   4.957581e-02
  2.000000e-02  -0.000000e+00   2.510514e+03   9.989020e-01   9.989020e-01   4.957581e-02
  2.000000e-02  -0.000000e+00   2.512967e+03   9.998779e-01   9.998779e-01   4.966726e-02
  2.000000e-02  -0.000000e+00   2.512967e+03   9.998779e-01   9.998779e-01   4.957581e-02
  2.000000e-02  -0.000000e+00   2.510514e+03   9.989020e-01   9.989020e-01   4.949251e-02
  2.000000e-02  -0.000000e+00   2.505616e+03   9.969529e-01   9.969529e-01   4.957581e-02
  2.000000e-02  -0.000000e+00   2.498286e+03   9.940364e-01   9.940364e-01   4.957581e-02
  2.000000e-02  -0.000000e+00   2.498286e+03   9.940364e-01   9.940364e-01   4.957581e-02
  2.000000e-02  -0.000000e+00   2.505616e+03   9.969529e-01   9.969529e-01   4.942861e-02
  2.001850e-02  -0.000000e+00   2.508194e+03   9.989020e-01   9.989020e-01   4.974260e-02
  2.000000e-02  -0.000000e+00   2.512967e+03   9.998779e-01   9.998779e-01   4.957581e-02
  2.000000e-02  -0.000000e+00   2.512967e+03   9.998779e-01   9.998779e-01   4.966724e-02
  2.000000e-02  -0.000000e+00   2.510514e+03   9.989020e-01   9.986936e-01   4.957581e-02
  2.000000e-02  -0.000000e+00   2.505616e+03   9.969529e-01   9.969529e-01   4.957581e-02
  2.000000e-02  -0.000000e+00   2.498286e+03   9.940364e-01   9.940364e-01   4.957582e-02
  2.000000e-02  -0.000000e+00   2.498286e+03   9.940364e-01   9.940364e-01   4.970608e-02
  2.000000e-02  -0.000000e+00   2.505616e+03   9.969529e-01   9.969529e-01   4.957581e-02
  2.000000e-02  -0.000000e+00   2.510514e+03   9.989020e-01   9.989020e-01   4.957581e-02
  2.000000e-02  -0.000000e+00   2.512967e+03   9.998779e-01   9.998779e-01   4.948447e-02
  2.000000e-02  -0.000000e+00   2.512967e+03   9.998779e-01   9.998779e-01   4.957585e-02
  2.000000e-02  -0.000000e+00   2.510514e+03   9.989020e-01   9.989020e-01   4.957584e-02
  2.000000e-02  -0.000000e+00   2.505616e+03   9.969529e-01   9.969529e-01   4.957581e-02
  2.000000e-02  -0.000000e+00   2.498286e+03   9.940364e-01   9.940364e-01   4.957581e-02
  2.000000e-02  -0.000000e+00   2.498286e+03   9.940364e-01   9.940364e-01   4.957589e-02
  2.000000e-02  -0.000000e+00   2.505616e+03   9.969529e-01   9.969529e-01   4.942861e-02
  2.000000e-02  -0.000000e+00   2.510514e+03   9.989020e-01   9.989020e-01   4.957581e-02
  2.000000e-02  -0.000000e+00   2.512967e+03   9.998779e-01   9.998779e-01   4.957581e-02
  1.998986e-02  -0.000000e+00   2.514242e+03   9.998779e-01   9.998779e-01   4.957581e-02
  2.000000e-02  -0.000000e+00   2.510514e+03   9.989020e-01   9.989020e-01   4.957581e-02
  2.000000e-02  -0.000000e+00   2.505616e+03   9.969529e-01   9.969529e-01   4.957581e-02
  2.000000e-02  -0.000000e+00   2.498286e+03   9.940364e-01   9.940364e-01   4.957581e-02
  2.000000e-02  -0.000000e+00   2.498286e+03   9.940364e-01   9.940364e-01   4.957581e-02
  2.000000e-02  -0.000000e+00   2.505616e+03   9.969529e-01   9.969529e-01   4.957591e-02
  2.000000e-02  -0.000000e+00   2.510514e+03   9.989020e-01   9.989020e-01   4.974260e-02
  2.001015e-02  -0.000000e+00   2.511693e+03   9.998779e-01   9.996492e-01   4.957581e-02
  2.000000e-02  -0.000000e+00   2.512967e+03   9.998779e-01   9.998779e-01   4.957581e-02
  2.000000e-02  -0.000000e+00   2.510514e+03   9.989020e-01   9.989020e-01   4.957581e-02
  2.000000e-02  -0.000000e+00   2.505616e+03   9.969529e-01   9.969529e-01   4.957581e-02
  2.000000e-02  -0.000000e+00   2.498286e+03   9.940364e-01   9.940364e-01   4.957581e-02
  2.000000e-02  -0.000000e+00   2.498286e+03   9.940364e-01   9.940364e-01   4.957589e-02
  2.000000e-02  -0.000000e+00   2.505616e+03   9.969529e-01   9.971367e-01   4.957581e-02
  2.000000e-02  -0.000000e+00   2.510514e+03   9.989020e-01   9.989020e-01   4.949251e-02
  2.000000e-02  -0.000000e+00   2.512967e+03   9.998779e-01   9.998779e-01   4.957581e-02
  2.000000e-02  -0.000000e+00   2.512967e+03   9.998779e-01   9.998779e-01   4.957581e-02
  2.000000e-02  -0.000000e+00   2.510514e+03   9.989020e-01   9.989020e-01   4.957581e-02
  2.000000e-02  -0.000000e+00   2.505616e+03   9.969529e-01   9.969529e-01   4.957581e-02
  2.000000e-02  -0.000000e+00   2.498286e+03   9.940364e-01   9.940364e-01   4.957581e-02
  2.000000e-02  -0.000000e+00   2.498286e+03   9.940364e-01   9.940364e-01   4.957581e-02
  2.000000e-02  -0.000000e+00   2.505616e+03   9.969529e-01   9.969529e-01   4.957585e-02
  2.000000e-02  -0.000000e+00   2.510514e+03   9.989020e-01   9.989020e-01   4.957581e-02
  2.000000e-02  -0.000000e+00   2.512967e+03   9.998779e-01   9.998779e-01   4.966724e-02
  2.000000e-02  -0.000000e+00   2.512967e+03   9.998779e-01   9.996492e-01   4.957581e-02
  2.000000e-02  -0.000000e+00   2.510514e+03   9.989020e-01   9.989020e-01   4.957581e-02
  2.000000e-02  -0.000000e+00   2.505616e+03   9.969529e-01   9.969529e-01   4.957581e-02
  2.000000e-02  -0.000000e+00   2.498286e+03   9.940364e-01   9.940364e-01   4.957581e-02
  2.000000e-02  -0.000000e+00   2.498286e+03   9.940364e-01   9.940364e-01   4.957584e-02
  2.000000e-02  -0.000000e+00   2.505616e+03   9.969529e-01   9.969529e-01   4.957581e-02
  2.000000e-02  -0.000000e+00   2.510514e+03   9.989020e-01   9.989020e-01   4.957581e-02
  2.000000e-02  -0.000000e+00   2.512967e+03   9.998779e-01   9.998779e-01   4.957581e-02
  2.000000e-02  -0.000000e+00   2.512967e+03   9.998779e-01   9.998779e-01   4.957581e-02
  2.000000e-02  -0.000000e+00   2.510514e+03   9.989020e-01   9.989020e-01   4.957581e-02
  2.000000e-02  -0.000000e+00   2.505616e+03   9.969529e-01   9.969529e-01   4.957581e-02
  2.000000e-02  -0.000000e+00   2.498286e+03   9.940364e-01   9.940364e-01   4.957581e-02
  2.000000e-02  -0.000000e+00   2.498286e+03   9.940364e-01   9.940364e-01   4.957581e-02
  2.000000e-02  -0.000000e+00   2.505616e+03   9.969529e-01   9.969529e-01   4.957591e-02
  2.000000e-02  -0.000000e+00   2.510514e+03   9.989020e-01   9.989020e-01   4.957581e-02
  2.000000e-02  -0.000000e+00   2.512967e+03   9.998779e-01   9.998779e-01   4.957581e-02
  2.000000e-02  -0.000000e+00   2.512967e+03   9.998779e-01   9.998779e-01   4.957581e-02
  2.000000e-02  -0.000000e+00   2.510514e+03   9.989020e-01   9.989020e-01   4.957587e-02
  2.000000e-02  -0.000000e+00   2.505616e+03   9.969529e-01   9.973205e-01   4.957581e-02
  2.000000e-02  -0.000000e+00   2.498286e+03   9.940364e-01   9.938745e-01   4.957584e-02
  2.000000e-02  -0.000000e+00   2.498286e+03   9.940364e-01   9.940364e-01   4.944571e-02
  2.000000e-02  -0.000000e+00   2.505616e+03   9.969529e-01   9.969529e-01   4.957585e-02
  2.000000e-02  -0.000000e+00   2.510514e+03   9.989020e-01   9.989020e-01   4.957581e-02
  2.000000e-02  -0.000000e+00   2.512967e+03   9.998779e-01   9.998779e-01   4.957581e-02
  2.000000e-02  -0.000000e+00   2.512967e+03   9.998779e-01   9.998779e-01   4.966732e-02
  2.000000e-02  -0.000000e+00   2.510514e+03   9.989020e-01   9.989020e-01   4.965917e-02
  2.000000e-02  -0.000000e+00   2.505616e+03   9.969529e-01   9.969529e-01   4.957581e-02
  2.000000e-02  -0.000000e+00   2.498286e+03   9.940364e-01   9.940364e-01   4.957581e-02
  2.000000e-02  -0.000000e+00   2.498286e+03   9.940364e-01   9.940364e-01   4.957581e-02
  2.000000e-02  -0.000000e+00   2.505616e+03   9.969529e-01   9.968610e-01   4.957585e-02
  2.000000e-02  -0.000000e+00   2.510514e+03   9.989020e-01   9.989020e-01   4.957581e-02
  2.000000e-02  -0.000000e+00   2.512967e+03   9.998779e-01   9.998779e-01   4.957585e-02
  2.000000e-02  -0.000000e+00   2.512967e+03   9.998779e-01   9.998779e-01   4.957581e-02
  2.000000e-02  -0.000000e+00   2.510514e+03   9.989020e-01   9.989020e-01   4.957581e-02
  2.000000e-02  -0.000000e+00   2.505616e+03   9.969529e-01   9.969529e-01   4.957581e-02
  2.000000e-02  -0.000000e+00   2.498286e+03   9.940364e-01   9.940364e-01   4.970608e-02
  2.000000e-02  -0.000000e+00   2.498286e+03   9.940364e-01   9.940769e-01   4.957581e-02
  2.000000e-02  -0.000000e+00   2.505616e+03   9.969529e-01   9.969529e-01   4.942861e-02
  2.000000e-02  -0.000000e+00   2.510514e+03   9.989020e-01   9.989020e-01   4.957581e-02
  2.000000e-02  -0.000000e+00   2.512967e+03   9.998779e-01   9.998779e-01   4.957581e-02
  2.000000e-02  -0.000000e+00   2.512967e+03   9.998779e-01   9.998779e-01   4.957585e-02
  2.000000e-02  -0.000000e+00   2.510514e+03   9.989020e-01   9.991103e-01   4.957581e-02
  2.000000e-02  -0.000000e+00   2.505616e+03   9.969529e-01   9.969529e-01   4.957581e-02
  2.000000e-02  -0.000000e+00   2.498286e+03   9.940364e-01   9.940364e-01   4.944571e-02
  2.000000e-02  -0.000000e+00   2.498286e+03   9.940364e-01   9.940364e-01   4.957589e-02
  2.000000e-02  -0.000000e+00   2.505616e+03   9.969529e-01   9.969529e-01   4.957581e-02
  2.000000e-02  -0.000000e+00   2.510514e+03   9.989020e-01   9.989020e-01   4.957581e-02
  2.000000e-02  -0.000000e+00   2.512967e+03   9.998779e-01   9.998779e-01   4.957587e-02
  2.000000e-02  -0.000000e+00   2.512967e+03   9.998779e-01   9.998779e-01   4.957581e-02
  2.000000e-02  -0.000000e+00   2.510514e+03   9.989020e-01   9.989020e-01   4.957581e-02
  2.000000e-02  -0.000000e+00   2.505616e+03   9.969529e-01   9.969529e-01   4.957581e-02
  2.000000e-02  -0.000000e+00   2.498286e+03   9.940364e-01   9.940364e-01   4.957581e-02
  2.000000e-02  -0.000000e+00   2.498286e+03   9.940364e-01   9.940364e-01   4.957583e-02
  2.000000e-02  -0.000000e+00   2.505616e+03   9.969529e-01   9.969529e-01   4.957583e-02
  2.000000e-02  -0.000000e+00   2.510514e+03   9.989020e-01   9.989020e-01   4.957581e-02
  2.000000e-02  -0.000000e+00   2.512967e+03   9.998779e-01   9.998779e-01   4.957581e-02
  2.000000e-02  -0.000000e+00   2.512967e+03   9.998779e-01   9.998779e-01   4.957581e-02
  2.000000e-02  -0.000000e+00   2.510514e+03   9.989020e-01   9.989020e-01   4.957581e-02
  2.000000e-02  -0.000000e+00   2.505616e+03   9.969529e-01   9.969529e-01   4.950218e-02
  2.000000e-02  -0.000000e+00   2.498286e+03   9.940364e-01   9.940364e-01   4.957581e-02
  2.000000e-02  -0.000000e+00   2.498286e+03   9.940364e-01   9.940364e-01   4.957581e-02
  2.000000e-02  -0.000000e+00   2.505616e+03   9.969529e-01   9.969529e-01   4.957581e-02
  2.000000e-02  -0.000000e+00   2.510514e+03   9.989020e-01   9.989020e-01   4.957581e-02
  2.000000e-02  -0.000000e+00   2.512967e+03   9.998779e-01   9.998779e-01   4.957581e-02
  2.000000e-02  -0.000000e+00   2.512967e+03   9.998779e-01   9.998779e-01   4.957581e-02
  2.000000e-02  -0.000000e+00   2.510514e+03   9.989020e-01   9.989020e-01   4.957586e-02
  2.000000e-02  -0.000000e+00   2.505616e+03   9.969529e-01   9.969529e-01   4.957581e-02
  2.000000e-02  -0.000000e+00   2.498286e+03   9.940364e-01   9.940364e-01   4.957581e-02
  2.000000e-02  -0.000000e+00   2.498286e+03   9.940364e-01   9.940364e-01   4.957581e-02
  1.999207e-02  -0.000000e+00   2.506609e+03   9.969529e-01   9.969529e-01   4.957581e-02
  2.000000e-02  -0.000000e+00   2.510514e+03   9.989020e-01   9.988127e-01   4.957581e-02
  2.000000e-02  -0.000000e+00   2.512967e+03   9.998779e-01   9.998779e-01   4.957581e-02
  2.000000e-02  -0.000000e+00   2.512967e+03   9.998779e-01   9.998779e-01   4.957585e-02
  2.000000e-02  -0.000000e+00   2.510514e+03   9.989020e-01   9.989020e-01   4.957581e-02
  2.000000e-02  -0.000000e+00   2.505616e+03   9.969529e-01   9.969529e-01   4.957581e-02
  2.000000e-02  -0.000000e+00   2.498286e+03   9.940364e-01   9.940364e-01   4.957581e-02
  2.000000e-02  -0.000000e+00   2.498286e+03   9.940364e-01   9.940364e-01   4.957581e-02
  2.000000e-02  -0.000000e+00   2.505616e+03   9.969529e-01   9.969529e-01   4.957589e-02
  2.000000e-02  -0.000000e+00   2.510514e+03   9.989020e-01   9.989020e-01   4.957581e-02
  2.000000e-02  -0.000000e+00   2.512967e+03   9.998779e-01   9.998779e-01   4.957581e-02
  2.000000e-02  -0.000000e+00   2.512967e+03   9.998779e-01   9.998779e-01   4.957581e-02
  2.000000e-02  -0.000000e+00   2.510514e+03   9.989020e-01   9.989020e-01   4.957581e-02
  2.000000e-02  -0.000000e+00   2.505616e+03   9.969529e-01   9.969529e-01   4.957581e-02
  2.000000e-02  -0.000000e+00   2.498286e+03   9.940364e-01   9.940364e-01   4.957584e-02
  2.000000e-02  -0.000000e+00   2.498286e+03   9.940364e-01   9.940364e-01   4.957581e-02
  2.000000e-02  -0.000000e+00   2.505616e+03   9.969529e-01   9.969529e-01   4.970211e-02
  2.000000e-02  -0.000000e+00   2.510514e+03   9.989020e-01   9.989020e-01   4.957581e-02
  2.000000e-02  -0.000000e+00   2.512967e+03   9.998779e-01   9.998779e-01   4.957581e-02
  2.000000e-02  -0.000000e+00   2.512967e+03   9.998779e-01   9.998779e-01   4.957581e-02
  2.000000e-02  -0.000000e+00   2.510514e+03   9.989020e-01   9.989020e-01   4.957581e-02
  2.000000e-02  -0.000000e+00   2.505616e+03   9.969529e-01   9.969529e-01   4.957581e-02
  2.000000e-02  -0.000000e+00   2.498286e+03   9.940364e-01   9.940364e-01   4.963894e-02
  2.000000e-02  -0.000000e+00   2.498286e+03   9.940364e-01   9.940364e-01   6.056213e-02
  2.000000e-02  -0.000000e+00   2.505616e+03   9.969529e-01   9.969529e-01   6.056213e-02
  2.000000e-02  -0.000000e+00   2.510514e+03   9.989020e-01   9.989020e-01   6.063191e-02
  2.000000e-02  -0.000000e+00   2.512967e+03   9.998779e-01   9.998779e-01   6.056213e-02
  2.000000e-02  -0.000000e+00   2.512967e+03   9.998779e-01   9.998779e-01   6.056213e-02
  2.000000e-02  -0.000000e+00   2.510514e+03   9.989020e-01   9.989020e-01   6.056213e-02
  2.000000e-02  -0.000000e+00   2.505616e+03   9.969529e-01   9.969529e-01   6.056213e-02
  2.000000e-02  -0.000000e+00   2.498286e+03   9.940364e-01   9.940364e-01   6.056213e-02
  2.000000e-02  -0.000000e+00   2.498286e+03   9.940364e-01   9.941984e-01   6.049029e-02
  2.000000e-02  -0.000000e+00   2.505616e+03   9.969529e-01   9.969529e-01   6.056213e-02
  2.000000e-02  -0.000000e+00   2.510514e+03   9.989020e-01   9.989020e-01   6.056213e-02
  2.000000e-02  -0.000000e+00   2.512967e+03   9.998779e-01   9.998779e-01   6.056213e-02
  2.000000e-02  -0.000000e+00   2.512967e+03   9.998779e-01   9.998779e-01   6.056213e-02
  2.000000e-02  -0.000000e+00   2.510514e+03   9.989020e-01   9.989020e-01   6.056213e-02
  2.000000e-02  -0.000000e+00   2.505616e+03   9.969529e-01   9.967854e-01   6.056213e-02
  2.000000e-02  -0.000000e+00   2.498286e+03   9.940364e-01   9.940364e-01   6.056225e-02
  2.000000e-02  -0.000000e+00   2.498286e+03   9.940364e-01   9.940364e-01   6.056213e-02
  2.000000e-02  -0.000000e+00   2.505616e+03   9.969529e-01   9.969529e-01   6.056213e-02
  2.000000e-02  -0.000000e+00   2.510514e+03   9.989020e-01   9.989020e-01   6.056218e-02
  2.000000e-02  -0.000000e+00   2.512967e+03   9.998779e-01   9.998779e-01   6.056213e-02
  2.000000e-02  -0.000000e+00   2.512967e+03   9.998779e-01   9.998779e-01   6.056213e-02
  2.000000e-02  -0.000000e+00   2.510514e+03   9.989020e-01   9.989020e-01   6.056213e-02
  2.000000e-02  -0.000000e+00   2.505616e+03   9.969529e-01   9.969529e-01   6.056213e-02
  2.000000e-02  -0.000000e+00   2.498286e+03   9.940364e-01   9.940364e-01   6.056213e-02
  2.000000e-02  -0.000000e+00   2.498286e+03   9.940364e-01   9.940364e-01   6.070616e-02
  2.000000e-02  -0.000000e+00   2.505616e+03   9.969529e-01   9.969529e-01   6.056218e-02
  2.000000e-02  -0.000000e+00   2.510514e+03   9.989020e-01   9.989020e-01   6.056213e-02
  2.000000e-02  -0.000000e+00   2.512967e+03   9.998779e-01   9.998779e-01   6.056213e-02
  2.000000e-02  -0.000000e+00   2.512967e+03   9.998779e-01   1.000258e+00   6.056213e-02
  1.998314e-02  -0.000000e+00   2.512633e+03   9.989020e-01   9.989020e-01   6.056219e-02
  2.000000e-02  -0.000000e+00   2.505616e+03   9.969529e-01   9.969529e-01   6.056213e-02
  2.000000e-02  -0.000000e+00   2.498286e+03   9.940364e-01   9.940364e-01   6.070611e-02
  2.000000e-02  -0.000000e+00   2.498286e+03   9.940364e-01   9.940364e-01   6.056213e-02
  2.000000e-02  -0.000000e+00   2.505616e+03   9.969529e-01   9.969529e-01   6.056213e-02
  2.000000e-02  -0.000000e+00   2.510514e+03   9.989020e-01   9.989020e-01   6.056232e-02
  2.000000e-02  -0.000000e+00   2.512967e+03   9.998779e-01   9.998779e-01   6.056213e-02
  2.000000e-02  -0.000000e+00   2.512967e+03   9.998779e-01   9.998779e-01   6.056213e-02
  2.000000e-02  -0.000000e+00   2.510514e+03   9.989020e-01   9.989020e-01   6.056213e-02
  2.000000e-02  -0.000000e+00   2.505616e+03   9.969529e-01   9.969529e-01   6.056216e-02
  2.000000e-02  -0.000000e+00   2.498286e+03   9.940364e-01   9.940364e-01   6.056213e-02
  2.000000e-02  -0.000000e+00   2.498286e+03   9.940364e-01   9.940364e-01   6.056221e-02
  2.000000e-02  -0.000000e+00   2.505616e+03   9.969529e-01   9.969529e-01   6.056213e-02
  2.000000e-02  -0.000000e+00   2.510514e+03   9.989020e-01   9.989020e-01   6.056226e-02
  2.000000e-02  -0.000000e+00   2.512967e+03   9.998779e-01   9.998779e-01   6.056213e-02
  2.000000e-02  -0.000000e+00   2.512967e+03   9.998779e-01   9.998779e-01   6.056213e-02
  2.000000e-02  -0.000000e+00   2.510514e+03   9.989020e-01   9.989020e-01   6.056213e-02
  2.000000e-02  -0.000000e+00   2.505616e+03   9.969529e-01   9.965853e-01   6.056213e-02
  2.000000e-02  -0.000000e+00   2.498286e+03   9.940364e-01   9.940364e-01   6.056213e-02
  2.000000e-02  -0.000000e+00   2.498286e+03   9.940364e-01   9.940364e-01   6.056213e-02
  2.000000e-02  -0.000000e+00   2.505616e+03   9.969529e-01   9.969529e-01   6.056213e-02
  2.000000e-02  -0.000000e+00   2.510514e+03   9.989020e-01   9.989020e-01   6.056226e-02
  2.000000e-02  -0.000000e+00   2.512967e+03   9.998779e-01   9.998779e-01   6.056213e-02
  2.000000e-02  -0.000000e+00   2.512967e+03   9.998779e-01   9.998779e-01   6.056213e-02
  2.000000e-02  -0.000000e+00   2.510514e+03   9.989020e-01   9.989020e-01   6.056213e-02
  2.001635e-02  -0.000000e+00   2.503569e+03   9.969529e-01   9.969529e-01   6.056213e-02
  2.000000e-02  -0.000000e+00   2.498286e+03   9.940364e-01   9.940364e-01   6.056213e-02
  2.000000e-02  -0.000000e+00   2.498286e+03   9.940364e-01   9.940364e-01   6.056213e-02
  2.000000e-02  -0.000000e+00   2.505616e+03   9.969529e-01   9.969529e-01   6.056224e-02
  2.000000e-02  -0.000000e+00   2.510514e+03   9.989020e-01   9.989020e-01   6.056213e-02
  2.000000e-02  -0.000000e+00   2.512967e+03   9.998779e-01   9.998779e-01   6.056213e-02
  2.003817e-02  -0.000000e+00   2.508180e+03   9.998779e-01   9.998779e-01   6.056213e-02
  2.000000e-02  -0.000000e+00   2.510514e+03   9.989020e-01   9.989020e-01   6.056217e-02
  2.000000e-02  -0.000000e+00   2.505616e+03   9.969529e-01   9.969529e-01   6.056213e-02
  2.000000e-02  -0.000000e+00   2.498286e+03   9.940364e-01   9.940364e-01   6.056213e-02
  2.000000e-02  -0.000000e+00   2.498286e+03   9.940364e-01   9.940364e-01   6.056217e-02
  2.000000e-02  -0.000000e+00   2.505616e+03   9.969529e-01   9.973205e-01   6.056213e-02
  2.000000e-02  -0.000000e+00   2.510514e+03   9.989020e-01   9.989020e-01   6.056213e-02
  2.000000e-02  -0.000000e+00   2.512967e+03   9.998779e-01   9.998779e-01   6.056213e-02
  2.000000e-02  -0.000000e+00   2.512967e+03   9.998779e-01   9.998779e-01   6.056213e-02
  2.000000e-02  -0.000000e+00   2.510514e+03   9.989020e-01   9.989020e-01   6.056213e-02
  2.000000e-02  -0.000000e+00   2.505616e+03   9.969529e-01   9.969529e-01   6.056213e-02
  2.000000e-02  -0.000000e+00   2.498286e+03   9.940364e-01   9.940364e-01   6.056213e-02
  2.000000e-02  -0.000000e+00   2.498286e+03   9.940364e-01   9.940364e-01   6.056213e-02
  2.000000e-02  -0.000000e+00   2.505616e+03   9.969529e-01   9.965853e-01   6.056213e-02
  2.000000e-02  -0.000000e+00   2.510514e+03   9.989020e-01   9.989020e-01   6.056226e-02
  2.003817e-02  -0.000000e+00   2.508180e+03   9.998779e-01   9.998779e-01   6.056213e-02
  2.000000e-02  -0.000000e+00   2.512967e+03   9.998779e-01   9.998779e-01   6.056213e-02
  2.000000e-02  -0.000000e+00   2.510514e+03   9.989020e-01   9.989020e-01   6.056213e-02
  2.000000e-02  -0.000000e+00   2.505616e+03   9.969529e-01   9.969529e-01   6.056213e-02
  2.000000e-02  -0.000000e+00   2.498286e+03   9.940364e-01   9.940364e-01   6.056213e-02
  2.000000e-02  -0.000000e+00   2.498286e+03   9.940364e-01   9.940364e-01   6.056214e-02
  2.000000e-02  -0.000000e+00   2.505616e+03   9.969529e-01   9.969529e-01   6.056224e-02
  2.000000e-02  -0.000000e+00   2.510514e+03   9.989020e-01   9.989020e-01   6.056213e-02
  2.000000e-02  -0.000000e+00   2.512967e+03   9.998779e-01   9.998779e-01   6.056213e-02
  2.000000e-02  -0.000000e+00   2.512967e+03   9.998779e-01   9.998779e-01   6.056213e-02
  2.000000e-02  -0.000000e+00   2.510514e+03   9.989020e-01   9.989020e-01   6.056213e-02
  2.000000e-02  -0.000000e+00   2.505616e+03   9.969529e-01   9.969529e-01   6.056213e-02
  2.000000e-02  -0.000000e+00   2.498286e+03   9.940364e-01   9.940364e-01   6.056213e-02
  2.000000e-02  -0.000000e+00   2.498286e+03   9.940364e-01   9.940364e-01   6.056213e-02
  2.000000e-02  -0.000000e+00   2.505616e+03   9.969529e-01   9.969529e-01   6.056213e-02
  2.000000e-02  -0.000000e+00   2.510514e+03   9.989020e-01   9.989020e-01   6.056213e-02
  2.000000e-02  -0.000000e+00   2.512967e+03   9.998779e-01   9.998779e-01   6.056213e-02
  2.000000e-02  -0.000000e+00   2.512967e+03   9.998779e-01   9.996629e-01   6.056213e-02
  2.000000e-02  -0.000000e+00   2.510514e+03   9.989020e-01   9.987978e-01   6.056213e-02
  2.000000e-02  -0.000000e+00   2.505616e+03   9.969529e-01   9.969529e-01   6.056213e-02
  2.000000e-02  -0.000000e+00   2.498286e+03   9.940364e-01   9.940364e-01   6.056213e-02
  2.000000e-02  -0.000000e+00   2.498286e+03   9.940364e-01   9.940364e-01   6.056213e-02
  2.000000e-02  -0.000000e+00   2.505616e+03   9.969529e-01   9.969529e-01   6.048075e-02
  2.000000e-02  -0.000000e+00   2.510514e+03   9.989020e-01   9.989020e-01   6.056213e-02
  2.000000e-02  -0.000000e+00   2.512967e+03   9.998779e-01   9.998779e-01   6.056213e-02
  2.000000e-02  -0.000000e+00   2.512967e+03   9.998779e-01   9.998779e-01   6.056213e-02
  2.000000e-02  -0.000000e+00   2.510514e+03   9.989020e-01   9.989020e-01   6.056213e-02
  2.000000e-02  -0.000000e+00   2.505616e+03   9.969529e-01   9.969529e-01   6.056213e-02
  2.000000e-02  -0.000000e+00   2.498286e+03   9.940364e-01   9.940364e-01   6.056213e-02
  2.000000e-02  -0.000000e+00   2.498286e+03   9.940364e-01   9.940364e-01   6.056213e-02
  2.000000e-02  -0.000000e+00   2.505616e+03   9.969529e-01   9.969529e-01   6.056256e-02
  2.000000e-02  -0.000000e+00   2.510514e+03   9.989020e-01   9.989020e-01   6.056213e-02
  2.000000e-02  -0.000000e+00   2.512967e+03   9.998779e-01   9.998779e-01   6.056213e-02
  2.000000e-02  -0.000000e+00   2.512967e+03   9.998779e-01   9.998779e-01   6.056215e-02
  2.000000e-02  -0.000000e+00   2.510514e+03   9.989020e-01   9.989020e-01   6.056213e-02
  2.000000e-02  -0.000000e+00   2.505616e+03   9.969529e-01   9.969529e-01   6.056213e-02
  2.000000e-02  -0.000000e+00   2.498286e+03   9.940364e-01   9.940364e-01   6.049021e-02
  2.000000e-02  -0.000000e+00   2.498286e+03   9.940364e-01   9.939554e-01   6.056213e-02
  2.000000e-02  -0.000000e+00   2.505616e+03   9.969529e-01   9.969529e-01   6.056213e-02
  2.000000e-02  -0.000000e+00   2.510514e+03   9.989020e-01   9.989020e-01   6.056213e-02
  2.003817e-02  -0.000000e+00   2.508180e+03   9.998779e-01   9.997704e-01   6.056213e-02
  2.000000e-02  -0.000000e+00   2.512967e+03   9.998779e-01   9.998779e-01   6.056213e-02
  2.000000e-02  -0.000000e+00   2.510514e+03   9.989020e-01   9.989020e-01   6.056213e-02
  2.000000e-02  -0.000000e+00   2.505616e+03   9.969529e-01   9.969529e-01   6.056213e-02
  2.000000e-02  -0.000000e+00   2.498286e+03   9.940364e-01   9.940364e-01   6.056213e-02
  2.000000e-02  -0.000000e+00   2.498286e+03   9.940364e-01   9.940364e-01   6.056221e-02
  2.000000e-02  -0.000000e+00   2.505616e+03   9.969529e-01   9.969529e-01   6.056213e-02
  2.000000e-02  -0.000000e+00   2.510514e+03   9.989020e-01   9.989020e-01   6.056213e-02
  2.000000e-02  -0.000000e+00   2.512967e+03   9.998779e-01   9.998779e-01   6.056215e-02
  2.000000e-02  -0.000000e+00   2.512967e+03   9.998779e-01   9.998779e-01   6.056213e-02
  2.000000e-02  -0.000000e+00   2.510514e+03   9.989020e-01   9.989020e-01   6.056213e-02
  2.000000e-02  -0.000000e+00   2.505616e+03   9.969529e-01   9.969529e-01   6.056213e-02
  2.000000e-02  -0.000000e+00   2.498286e+03   9.940364e-01   9.940364e-01   6.056221e-02
  2.000000e-02  -0.000000e+00   2.498286e+03   9.940364e-01   9.940364e-01   6.056213e-02
  2.000000e-02  -0.000000e+00   2.505616e+03   9.969529e-01   9.969529e-01   6.056213e-02
  2.000000e-02  -0.000000e+00   2.510514e+03   9.989020e-01   9.989020e-01   6.056213e-02
  2.000000e-02  -0.000000e+00   2.512967e+03   9.998779e-01   9.998779e-01   6.056215e-02
  2.000000e-02  -0.000000e+00   2.512967e+03   9.998779e-01   9.998779e-01   6.056213e-02
  2.000000e-02  -0.000000e+00   2.510514e+03   9.989020e-01   9.989020e-01   6.056213e-02
  2.000000e-02  -0.000000e+00   2.505616e+03   9.969529e-01   9.969529e-01   6.056224e-02
  2.000000e-02  -0.000000e+00   2.498286e+03   9.940364e-01   9.940364e-01   6.056221e-02
  2.000000e-02  -0.000000e+00   2.498286e+03   9.940364e-01   9.940364e-01   6.056213e-02
  2.000000e-02  -0.000000e+00   2.505616e+03   9.969529e-01   9.969529e-01   6.056213e-02
  2.000000e-02  -0.000000e+00   2.510514e+03   9.989020e-01   9.989020e-01   6.056213e-02
  2.000000e-02  -0.000000e+00   2.512967e+03   9.998779e-01   9.998779e-01   6.056213e-02
  2.000000e-02  -0.000000e+00   2.512967e+03   9.998779e-01   9.998779e-01   6.056213e-02
  2.000000e-02  -0.000000e+00   2.510514e+03   9.989020e-01   9.989020e-01   6.056215e-02
  2.000000e-02  -0.000000e+00   2.505616e+03   9.969529e-01   9.969529e-01   6.056213e-02
  2.000000e-02  -0.000000e+00   2.498286e+03   9.940364e-01   9.940364e-01   6.056221e-02
  2.000000e-02  -0.000000e+00   2.498286e+03   9.940364e-01   9.940364e-01   6.056213e-02
  2.000000e-02  -0.000000e+00   2.505616e+03   9.969529e-01   9.969529e-01   6.056218e-02
  2.000000e-02  -0.000000e+00   2.510514e+03   9.989020e-01   9.989020e-01   6.056213e-02
  2.000000e-02  -0.000000e+00   2.512967e+03   9.998779e-01   9.998779e-01   6.056213e-02
  2.000000e-02  -0.000000e+00   2.512967e+03   9.998779e-01   9.998779e-01   6.056213e-02
  2.000000e-02  -0.000000e+00   2.510514e+03   9.989020e-01   9.989020e-01   6.056213e-02
  2.000000e-02  -0.000000e+00   2.505616e+03   9.969529e-01   9.969529e-01   6.056224e-02
  2.000000e-02  -0.000000e+00   2.498286e+03   9.940364e-01   9.940364e-01   6.056213e-02
  2.000000e-02  -0.000000e+00   2.498286e+03   9.940364e-01   9.940364e-01   6.056213e-02
  2.000000e-02  -0.000000e+00   2.505616e+03   9.969529e-01   9.969529e-01   6.056213e-02
  2.000000e-02  -0.000000e+00   2.510514e+03   9.989020e-01   9.989020e-01   6.056220e-02
  2.000000e-02  -0.000000e+00   2.512967e+03   9.998779e-01   9.998779e-01   6.056220e-02
  2.000000e-02  -0.000000e+00   2.512967e+03   9.998779e-01   9.998779e-01   6.056213e-02
  2.000000e-02  -0.000000e+00   2.510514e+03   9.989020e-01   9.989020e-01   6.056220e-02
  2.000000e-02  -0.000000e+00   2.505616e+03   9.969529e-01   9.969529e-01   6.056213e-02
  2.000000e-02  -0.000000e+00   2.498286e+03   9.940364e-01   9.940364e-01   6.056213e-02
  2.000000e-02  -0.000000e+00   2.498286e+03   9.940364e-01   9.940364e-01   6.056213e-02
  2.000000e-02  -0.000000e+00   2.505616e+03   9.969529e-01   9.969529e-01   6.056213e-02
  2.000000e-02  -0.000000e+00   2.510514e+03   9.989020e-01   9.989020e-01   6.056213e-02
  2.000000e-02  -0.000000e+00   2.512967e+03   9.998779e-01   9.998779e-01   6.056213e-02
  2.000000e-02  -0.000000e+00   2.512967e+03   9.998779e-01   9.998779e-01   6.056213e-02
  2.000000e-02  -0.000000e+00   2.510514e+03   9.989020e-01   9.989020e-01   6.056213e-02
  2.000000e-02  -0.000000e+00   2.505616e+03   9.969529e-01   9.969529e-01   6.052149e-02
  2.000000e-02  -0.000000e+00   2.498286e+03   9.940364e-01   9.940364e-01   6.056213e-02
  2.000000e-02  -0.000000e+00   2.498286e+03   9.940364e-01   9.940364e-01   6.056213e-02
  2.000000e-02  -0.000000e+00   2.505616e+03   9.969529e-01   9.969529e-01   6.056213e-02
  2.000000e-02  -0.000000e+00   2.510514e+03   9.989020e-01   9.989020e-01   6.056213e-02
  2.000000e-02  -0.000000e+00   2.512967e+03   9.998779e-01   9.998779e-01   6.056213e-02
  2.000000e-02  -0.000000e+00   2.512967e+03   9.998779e-01   9.998779e-01   6.046719e-02
  2.000000e-02  -0.000000e+00   2.510514e+03   9.989020e-01   9.989020e-01   6.056213e-02
  2.000000e-02  -0.000000e+00   2.505616e+03   9.969529e-01   9.969529e-01   6.056213e-02
  2.000000e-02  -0.000000e+00   2.498286e+03   9.940364e-01   9.940364e-01   6.056213e-02
  2.000000e-02  -0.000000e+00   2.498286e+03   9.940364e-01   9.941984e-01   6.056213e-02
  2.000000e-02  -0.000000e+00   2.505616e+03   9.969529e-01   9.969529e-01   6.056213e-02
  2.000000e-02  -0.000000e+00   2.510514e+03   9.989020e-01   9.989020e-01   6.056213e-02
  2.000000e-02  -0.000000e+00   2.512967e+03   9.998779e-01   9.998779e-01   6.056213e-02
  2.000000e-02  -0.000000e+00   2.512967e+03   9.998779e-01   9.998779e-01   6.056213e-02
  2.000000e-02  -0.000000e+00   2.510514e+03   9.989020e-01   9.989020e-01   6.056213e-02
  2.000000e-02  -0.000000e+00   2.505616e+03   9.969529e-01   9.969529e-01   6.056213e-02
  2.000000e-02  -0.000000e+00   2.498286e+03   9.940364e-01   9.940364e-01   6.056217e-02
  2.000000e-02  -0.000000e+00   2.498286e+03   9.940364e-01   9.940364e-01   6.056213e-02
  2.000000e-02  -0.000000e+00   2.505616e+03   9.969529e-01   9.969529e-01   6.056213e-02
  2.000000e-02  -0.000000e+00   2.510514e+03   9.989020e-01   9.989020e-01   6.056213e-02
  2.000000e-02  -0.000000e+00   2.512967e+03   9.998779e-01   9.998779e-01   6.056213e-02
  2.000000e-02  -0.000000e+00   2.512967e+03   9.998779e-01   9.998779e-01   6.056213e-02
  2.000000e-02  -0.000000e+00   2.510514e+03   9.989020e-01   9.990061e-01   6.056213e-02
  2.000000e-02  -0.000000e+00   2.505616e+03   9.969529e-01   9.969529e-01   6.056213e-02
  2.000000e-02  -0.000000e+00   2.498286e+03   9.940364e-01   9.940364e-01   6.056213e-02
  2.000000e-02  -0.000000e+00   2.498286e+03   9.940364e-01   9.940364e-01   6.056213e-02
  2.000000e-02  -0.000000e+00   2.505616e+03   9.969529e-01   9.969529e-01   6.056224e-02
  2.000000e-02  -0.000000e+00   2.510514e+03   9.989020e-01   9.989020e-01   6.056213e-02
  2.000000e-02  -0.000000e+00   2.512967e+03   9.998779e-01   9.998779e-01   6.056213e-02
  2.000000e-02  -0.000000e+00   2.512967e+03   9.998779e-01   9.998779e-01   6.056220e-02
  2.000000e-02  -0.000000e+00   2.510514e+03   9.989020e-01   9.989020e-01   6.056213e-02
  2.000000e-02  -0.000000e+00   2.505616e+03   9.969529e-01   9.969529e-01   6.056213e-02
  1.999278e-02  -0.000000e+00   2.499189e+03   9.940364e-01   9.940364e-01   6.056213e-02
  2.000000e-02  -0.000000e+00   2.498286e+03   9.940364e-01   9.940769e-01   6.056213e-02
  2.000000e-02  -0.000000e+00   2.505616e+03   9.969529e-01   9.969529e-01   6.056213e-02
  2.000000e-02  -0.000000e+00   2.510514e+03   9.989020e-01   9.989020e-01   6.056213e-02
  2.000000e-02  -0.000000e+00   2.512967e+03   9.998779e-01   9.998779e-01   6.056213e-02
  2.000000e-02  -0.000000e+00   2.512967e+03   9.998779e-01   9.996629e-01   6.056220e-02
  2.000000e-02  -0.000000e+00   2.510514e+03   9.989020e-01   9.989020e-01   6.056213e-02
  2.000000e-02  -0.000000e+00   2.505616e+03   9.969529e-01   9.969529e-01   6.056213e-02
  2.000000e-02  -0.000000e+00   2.498286e+03   9.940364e-01   9.940364e-01   6.056213e-02
  2.000000e-02  -0.000000e+00   2.498286e+03   9.940364e-01   9.940364e-01   6.056213e-02
  2.000000e-02  -0.000000e+00   2.505616e+03   9.969529e-01   9.969529e-01   6.056213e-02
  1.999075e-02  -0.000000e+00   2.511676e+03   9.989020e-01   9.989020e-01   6.056213e-02
  2.000000e-02  -0.000000e+00   2.512967e+03   9.998779e-01   9.999317e-01   6.056213e-02
  2.000000e-02  -0.000000e+00   2.512967e+03   9.998779e-01   9.998779e-01   6.056213e-02
  2.000000e-02  -0.000000e+00   2.510514e+03   9.989020e-01   9.989020e-01   6.056213e-02
  2.000000e-02  -0.000000e+00   2.505616e+03   9.969529e-01   9.969529e-01   6.056213e-02
  2.000000e-02  -0.000000e+00   2.498286e+03   9.940364e-01   9.940364e-01   6.056213e-02
  2.000000e-02  -0.000000e+00   2.498286e+03   9.940364e-01   9.940364e-01   6.056213e-02
  2.000000e-02  -0.000000e+00   2.505616e+03   9.969529e-01   9.969529e-01   6.056213e-02
  2.000000e-02  -0.000000e+00   2.510514e+03   9.989020e-01   9.989020e-01   6.056213e-02
  2.000000e-02  -0.000000e+00   2.512967e+03   9.998779e-01   9.998779e-01   6.056213e-02
  2.000000e-02  -0.000000e+00   2.512967e+03   9.998779e-01   9.998779e-01   6.056213e-02
  2.000000e-02  -0.000000e+00   2.510514e+03   9.989020e-01   9.989020e-01   6.056213e-02
  2.000000e-02  -0.000000e+00   2.505616e+03   9.969529e-01   9.969529e-01   6.056213e-02
  2.000000e-02  -0.000000e+00   2.498286e+03   9.940364e-01   9.941174e-01   6.056213e-02
  2.000000e-02  -0.000000e+00   2.498286e+03   9.940364e-01   9.940364e-01   6.056221e-02
  2.000818e-02  -0.000000e+00   2.504592e+03   9.969529e-01   9.969529e-01   6.056213e-02
  2.000000e-02  -0.000000e+00   2.510514e+03   9.989020e-01   9.989020e-01   6.056213e-02
  2.000000e-02  -0.000000e+00   2.512967e+03   9.998779e-01   9.998779e-01   6.056213e-02
  2.000000e-02  -0.000000e+00   2.512967e+03   9.998779e-01   1.000068e+00   6.056213e-02
  2.000000e-02  -0.000000e+00   2.510514e+03   9.989020e-01   9.989020e-01   6.056213e-02
  2.000000e-02  -0.000000e+00   2.505616e+03   9.969529e-01   9.969529e-01   6.056213e-02
  2.000000e-02  -0.000000e+00   2.498286e+03   9.940364e-01   9.941984e-01   6.056213e-02
  1.999278e-02  -0.000000e+00   2.499189e+03   9.940364e-01   9.940364e-01   6.056213e-02
  2.000000e-02  -0.000000e+00   2.505616e+03   9.969529e-01   9.969974e-01   6.056213e-02
  2.000000e-02  -0.000000e+00   2.510514e+03   9.989020e-01   9.990805e-01   6.056213e-02
  2.000000e-02  -0.000000e+00   2.512967e+03   9.998779e-01   9.998779e-01   6.056213e-02
  2.000000e-02  -0.000000e+00   2.512967e+03   9.998779e-01   9.998779e-01   6.056213e-02
  2.000000e-02  -0.000000e+00   2.510514e+03   9.989020e-01   9.989020e-01   6.056213e-02
  2.000000e-02  -0.000000e+00   2.505616e+03   9.969529e-01   9.969529e-01   6.056213e-02
  2.000000e-02  -0.000000e+00   2.498286e+03   9.940364e-01   9.940364e-01   6.056213e-02
  2.000000e-02  -0.000000e+00   2.498286e+03   9.940364e-01   9.940364e-01   6.056221e-02
  2.000000e-02  -0.000000e+00   2.505616e+03   9.969529e-01   9.969529e-01   6.056213e-02
  2.000000e-02  -0.000000e+00   2.510514e+03   9.989020e-01   9.989020e-01   6.056222e-02
  2.000000e-02  -0.000000e+00   2.512967e+03   9.998779e-01   9.998779e-01   6.056213e-02
  2.000000e-02  -0.000000e+00   2.512967e+03   9.998779e-01   9.998779e-01   6.056213e-02
  2.000000e-02  -0.000000e+00   2.510514e+03   9.989020e-01   9.989020e-01   6.056213e-02
  2.000000e-02  -0.000000e+00   2.505616e+03   9.969529e-01   9.969529e-01   6.056213e-02
  2.000000e-02  -0.000000e+00   2.498286e+03   9.940364e-01   9.940364e-01   6.056213e-02
  2.000000e-02  -0.000000e+00   2.498286e+03   9.940364e-01   9.940364e-01   6.056213e-02
  1.998599e-02  -0.000000e+00   2.507372e+03   9.969529e-01   9.969529e-01   6.056213e-02
  2.000000e-02  -0.000000e+00   2.510514e+03   9.989020e-01   9.989020e-01   6.056221e-02
  1.998599e-02  -0.000000e+00   2.514729e+03   9.998779e-01   9.998779e-01   6.056213e-02
  2.000000e-02  -0.000000e+00   2.512967e+03   9.998779e-01   9.998779e-01   6.056213e-02
  2.000000e-02  -0.000000e+00   2.510514e+03   9.989020e-01   9.989020e-01   6.056213e-02
  2.000000e-02  -0.000000e+00   2.505616e+03   9.969529e-01   9.969529e-01   6.056213e-02
  2.000000e-02  -0.000000e+00   2.498286e+03   9.940364e-01   9.940364e-01   6.056213e-02
  2.000000e-02  -0.000000e+00   2.498286e+03   9.940364e-01   9.938794e-01   7.264709e-02
  2.000000e-02  -0.000000e+00   2.505616e+03   9.969529e-01   9.969529e-01   7.264709e-02
  2.000000e-02  -0.000000e+00   2.510514e+03   9.989020e-01   9.989020e-01   7.264709e-02
  2.000000e-02  -0.000000e+00   2.512967e+03   9.998779e-01   9.998779e-01   7.264709e-02
  2.000000e-02  -0.000000e+00   2.512967e+03   9.998779e-01   9.998779e-01   7.264709e-02
  2.000000e-02  -0.000000e+00   2.510514e+03   9.989020e-01   9.990598e-01   7.264717e-02
  2.000000e-02  -0.000000e+00   2.505616e+03   9.969529e-01   9.969529e-01   7.264709e-02
  2.000000e-02  -0.000000e+00   2.498286e+03   9.940364e-01   9.940364e-01   7.264709e-02
  2.000000e-02  -0.000000e+00   2.498286e+03   9.940364e-01   9.940364e-01   7.264709e-02
  2.000000e-02  -0.000000e+00   2.505616e+03   9.969529e-01   9.969529e-01   7.264709e-02
  2.000000e-02  -0.000000e+00   2.510514e+03   9.989020e-01   9.989020e-01   7.264709e-02
  2.000000e-02  -0.000000e+00   2.512967e+03   9.998779e-01   9.998989e-01   7.264709e-02
  2.000000e-02  -0.000000e+00   2.512967e+03   9.998779e-01   9.998779e-01   7.264718e-02
  2.000000e-02  -0.000000e+00   2.510514e+03   9.989020e-01   9.989020e-01   7.264709e-02
  2.000000e-02  -0.000000e+00   2.505616e+03   9.969529e-01   9.969529e-01   7.264709e-02
  2.000000e-02  -0.000000e+00   2.498286e+03   9.940364e-01   9.940364e-01   7.264709e-02
  2.000000e-02  -0.000000e+00   2.498286e+03   9.940364e-01   9.940364e-01   7.264717e-02
  2.000000e-02  -0.000000e+00   2.505616e+03   9.969529e-01   9.969529e-01   7.264709e-02
  2.000000e-02  -0.000000e+00   2.510514e+03   9.989020e-01   9.989020e-01   7.264719e-02
  2.000000e-02  -0.000000e+00   2.512967e+03   9.998779e-01   9.998779e-01   7.264709e-02
  2.000000e-02  -0.000000e+00   2.512967e+03   9.998779e-01   9.998779e-01   7.264709e-02
  2.000000e-02  -0.000000e+00   2.510514e+03   9.989020e-01   9.989020e-01   7.264709e-02
  2.000000e-02  -0.000000e+00   2.505616e+03   9.969529e-01   9.973093e-01   7.264719e-02
  2.000000e-02  -0.000000e+00   2.498286e+03   9.940364e-01   9.940364e-01   7.264717e-02
  2.000000e-02  -0.000000e+00   2.498286e+03   9.940364e-01   9.940364e-01   7.264713e-02
  2.000000e-02  -0.000000e+00   2.505616e+03   9.969529e-01   9.969529e-01   7.264709e-02
  2.000000e-02  -0.000000e+00   2.510514e+03   9.989020e-01   9.989020e-01   7.264726e-02
  2.000000e-02  -0.000000e+00   2.512967e+03   9.998779e-01   9.998779e-01   7.264709e-02
  2.000000e-02  -0.000000e+00   2.512967e+03   9.998779e-01   1.000258e+00   7.264712e-02
  2.000000e-02  -0.000000e+00   2.510514e+03   9.989020e-01   9.989020e-01   7.264709e-02
  2.000000e-02  -0.000000e+00   2.505616e+03   9.969529e-01   9.969529e-01   7.264709e-02
  2.000000e-02  -0.000000e+00   2.498286e+03   9.940364e-01   9.940364e-01   7.264709e-02
  2.000000e-02  -0.000000e+00   2.498286e+03   9.940364e-01   9.940364e-01   7.264709e-02
  2.000000e-02  -0.000000e+00   2.505616e+03   9.969529e-01   9.969529e-01   7.264709e-02
  2.000000e-02  -0.000000e+00   2.510514e+03   9.989020e-01   9.989020e-01   7.264709e-02
  2.000000e-02  -0.000000e+00   2.512967e+03   9.998779e-01   9.998779e-01   7.264709e-02
  2.000000e-02  -0.000000e+00   2.512967e+03   9.998779e-01   9.998779e-01   7.264709e-02
  2.000000e-02  -0.000000e+00   2.510514e+03   9.989020e-01   9.989020e-01   7.264709e-02
  2.000000e-02  -0.000000e+00   2.505616e+03   9.969529e-01   9.969529e-01   7.264709e-02
  2.000000e-02  -0.000000e+00   2.498286e+03   9.940364e-01   9.943603e-01   7.264709e-02
  2.000000e-02  -0.000000e+00   2.498286e+03   9.940364e-01   9.937125e-01   7.280477e-02
  2.000000e-02  -0.000000e+00   2.505616e+03   9.969529e-01   9.969529e-01   7.264714e-02
  2.000000e-02  -0.000000e+00   2.510514e+03   9.989020e-01   9.989020e-01   7.264709e-02
  2.000000e-02  -0.000000e+00   2.512967e+03   9.998779e-01   9.998779e-01   7.264722e-02
  2.000000e-02  -0.000000e+00   2.512967e+03   9.998779e-01   9.998779e-01   7.264709e-02
  2.000000e-02  -0.000000e+00   2.510514e+03   9.989020e-01   9.989020e-01   7.264709e-02
  2.000000e-02  -0.000000e+00   2.505616e+03   9.969529e-01   9.969529e-01   7.273628e-02
  2.000000e-02  -0.000000e+00   2.498286e+03   9.940364e-01   9.940364e-01   7.264709e-02
  2.000000e-02  -0.000000e+00   2.498286e+03   9.940364e-01   9.940364e-01   7.264717e-02
  2.000000e-02  -0.000000e+00   2.505616e+03   9.969529e-01   9.969529e-01   7.264714e-02
  2.000000e-02  -0.000000e+00   2.510514e+03   9.989020e-01   9.989020e-01   7.264709e-02
  2.000000e-02  -0.000000e+00   2.512967e+03   9.998779e-01   1.000080e+00   7.264709e-02
  2.000000e-02  -0.000000e+00   2.512967e+03   9.998779e-01   9.998779e-01   7.264709e-02
  2.000000e-02  -0.000000e+00   2.510514e+03   9.989020e-01   9.989020e-01   7.264715e-02
  2.000000e-02  -0.000000e+00   2.505616e+03   9.969529e-01   9.969529e-01   7.264709e-02
  2.000000e-02  -0.000000e+00   2.498286e+03   9.940364e-01   9.940364e-01   7.264709e-02
  2.000000e-02  -0.000000e+00   2.498286e+03   9.940364e-01   9.940364e-01   7.264709e-02
  2.000000e-02  -0.000000e+00   2.505616e+03   9.969529e-01   9.969529e-01   7.264709e-02
  2.003589e-02  -0.000000e+00   2.506017e+03   9.989020e-01   9.989020e-01   7.274494e-02
  2.000000e-02  -0.000000e+00   2.512967e+03   9.998779e-01   9.998779e-01   7.264709e-02
  2.000000e-02  -0.000000e+00   2.512967e+03   9.998779e-01   9.998779e-01   7.264709e-02
  2.000000e-02  -0.000000e+00   2.510514e+03   9.989020e-01   9.989020e-01   7.264709e-02
  2.000000e-02  -0.000000e+00   2.505616e+03   9.969529e-01   9.969529e-01   7.264709e-02
  2.000000e-02  -0.000000e+00   2.498286e+03   9.940364e-01   9.940364e-01   7.264709e-02
  2.000000e-02  -0.000000e+00   2.498286e+03   9.940364e-01   9.940364e-01   7.264709e-02
  2.000000e-02  -0.000000e+00   2.505616e+03   9.969529e-01   9.969529e-01   7.264709e-02
  1.996414e-02  -0.000000e+00   2.515024e+03   9.989020e-01   9.989020e-01   7.264709e-02
  2.000000e-02  -0.000000e+00   2.512967e+03   9.998779e-01   9.998779e-01   7.264709e-02
  2.000000e-02  -0.000000e+00   2.512967e+03   9.998779e-01   9.998779e-01   7.264709e-02
  2.000000e-02  -0.000000e+00   2.510514e+03   9.989020e-01   9.989020e-01   7.264709e-02
  2.000000e-02  -0.000000e+00   2.505616e+03   9.969529e-01   9.969529e-01   7.264709e-02
  1.998555e-02  -0.000000e+00   2.500092e+03   9.940364e-01   9.940364e-01   7.264717e-02
  2.000000e-02  -0.000000e+00   2.498286e+03   9.940364e-01   9.940364e-01   7.264709e-02
  2.000000e-02  -0.000000e+00   2.505616e+03   9.969529e-01   9.969529e-01   7.273628e-02
  2.000000e-02  -0.000000e+00   2.510514e+03   9.989020e-01   9.989020e-01   7.264709e-02
  2.000000e-02  -0.000000e+00   2.512967e+03   9.998779e-01   9.998779e-01   7.264709e-02
  2.003589e-02  -0.000000e+00   2.508466e+03   9.998779e-01   9.998779e-01   7.264709e-02
  2.000000e-02  -0.000000e+00   2.510514e+03   9.989020e-01   9.989020e-01   7.264709e-02
  2.000000e-02  -0.000000e+00   2.505616e+03   9.969529e-01   9.969529e-01   7.264709e-02
  2.000000e-02  -0.000000e+00   2.498286e+03   9.940364e-01   9.940364e-01   7.264709e-02
  2.000000e-02  -0.000000e+00   2.498286e+03   9.940364e-01   9.940364e-01   7.264709e-02
  2.000000e-02  -0.000000e+00   2.505616e+03   9.969529e-01   9.969529e-01   7.264709e-02
  2.000000e-02  -0.000000e+00   2.510514e+03   9.989020e-01   9.989020e-01   7.264709e-02
  2.000000e-02  -0.000000e+00   2.512967e+03   9.998779e-01   9.998779e-01   7.264709e-02
  2.000000e-02  -0.000000e+00   2.512967e+03   9.998779e-01   9.998779e-01   7.264709e-02
  2.000000e-02  -0.000000e+00   2.510514e+03   9.989020e-01   9.989020e-01   7.264709e-02
  2.000000e-02  -0.000000e+00   2.505616e+03   9.969529e-01   9.969529e-01   7.260252e-02
  2.000000e-02  -0.000000e+00   2.498286e+03   9.940364e-01   9.940364e-01   7.264709e-02
  2.000000e-02  -0.000000e+00   2.498286e+03   9.940364e-01   9.940364e-01   7.264709e-02
  2.000000e-02  -0.000000e+00   2.505616e+03   9.969529e-01   9.969529e-01   7.264709e-02
  2.000000e-02  -0.000000e+00   2.510514e+03   9.989020e-01   9.989020e-01   7.264709e-02
  2.000000e-02  -0.000000e+00   2.512967e+03   9.998779e-01   9.998779e-01   7.264722e-02
  2.000000e-02  -0.000000e+00   2.512967e+03   9.998779e-01   9.998779e-01   7.264709e-02
  2.000000e-02  -0.000000e+00   2.510514e+03   9.989020e-01   9.989020e-01   7.264709e-02
  2.000000e-02  -0.000000e+00   2.505616e+03   9.969529e-01   9.971367e-01   7.264709e-02
  2.000000e-02  -0.000000e+00   2.498286e+03   9.940364e-01   9.940364e-01   7.264709e-02
  2.000000e-02  -0.000000e+00   2.498286e+03   9.940364e-01   9.938745e-01   7.264710e-02
  2.000000e-02  -0.000000e+00   2.505616e+03   9.969529e-01   9.969529e-01   7.264709e-02
  2.000000e-02  -0.000000e+00   2.510514e+03   9.989020e-01   9.989020e-01   7.264709e-02
  2.000000e-02  -0.000000e+00   2.512967e+03   9.998779e-01   9.998779e-01   7.264709e-02
  2.000000e-02  -0.000000e+00   2.512967e+03   9.998779e-01   9.998779e-01   7.264709e-02
  2.000000e-02  -0.000000e+00   2.510514e+03   9.989020e-01   9.989020e-01   7.264709e-02
  2.000000e-02  -0.000000e+00   2.505616e+03   9.969529e-01   9.969529e-01   7.264709e-02
  2.000000e-02  -0.000000e+00   2.498286e+03   9.940364e-01   9.941174e-01   7.264709e-02
  2.000000e-02  -0.000000e+00   2.498286e+03   9.940364e-01   9.940364e-01   7.264709e-02
  2.000000e-02  -0.000000e+00   2.505616e+03   9.969529e-01   9.969529e-01   7.264709e-02
  2.000000e-02  -0.000000e+00   2.510514e+03   9.989020e-01   9.990030e-01   7.264711e-02
  2.000000e-02  -0.000000e+00   2.512967e+03   9.998779e-01   9.998779e-01   7.264709e-02
  2.000000e-02  -0.000000e+00   2.512967e+03   9.998779e-01   9.999790e-01   7.264709e-02
  2.000000e-02  -0.000000e+00   2.510514e+03   9.989020e-01   9.989020e-01   7.264709e-02
  2.001635e-02  -0.000000e+00   2.503569e+03   9.969529e-01   9.969529e-01   7.264714e-02
  2.000000e-02  -0.000000e+00   2.498286e+03   9.940364e-01   9.940364e-01   7.264709e-02
  1.998555e-02  -0.000000e+00   2.500092e+03   9.940364e-01   9.940364e-01   7.264709e-02
  2.000000e-02  -0.000000e+00   2.505616e+03   9.969529e-01   9.969529e-01   7.264709e-02
  2.000000e-02  -0.000000e+00   2.510514e+03   9.989020e-01   9.989020e-01   7.264711e-02
  2.000000e-02  -0.000000e+00   2.512967e+03   9.998779e-01   9.998779e-01   7.264709e-02
  2.000000e-02  -0.000000e+00   2.512967e+03   9.998779e-01   9.998779e-01   7.264709e-02
  2.000000e-02  -0.000000e+00   2.510514e+03   9.989020e-01   9.989020e-01   7.264709e-02
  2.000000e-02  -0.000000e+00   2.505616e+03   9.969529e-01   9.969529e-01   7.264709e-02
  2.000000e-02  -0.000000e+00   2.498286e+03   9.940364e-01   9.940364e-01   7.264709e-02
  2.000000e-02  -0.000000e+00   2.498286e+03   9.940364e-01   9.940364e-01   7.272591e-02
  2.000000e-02  -0.000000e+00   2.505616e+03   9.969529e-01   9.969529e-01   7.264709e-02
  2.000000e-02  -0.000000e+00   2.510514e+03   9.989020e-01   9.989020e-01   7.264709e-02
  2.000000e-02  -0.000000e+00   2.512967e+03   9.998779e-01   9.998779e-01   7.264709e-02
  2.000000e-02  -0.000000e+00   2.512967e+03   9.998779e-01   9.998779e-01   7.264722e-02
  2.000000e-02  -0.000000e+00   2.510514e+03   9.989020e-01   9.989020e-01   7.264709e-02
  2.000000e-02  -0.000000e+00   2.505616e+03   9.969529e-01   9.969529e-01   7.264709e-02
  2.000000e-02  -0.000000e+00   2.498286e+03   9.940364e-01   9.940364e-01   7.264709e-02
  2.000000e-02  -0.000000e+00   2.498286e+03   9.940364e-01   9.940364e-01   7.264709e-02
  2.001635e-02  -0.000000e+00   2.503569e+03   9.969529e-01   9.969529e-01   7.264709e-02
  2.000000e-02  -0.000000e+00   2.510514e+03   9.989020e-01   9.989020e-01   7.264709e-02
  2.000000e-02  -0.000000e+00   2.512967e+03   9.998779e-01   9.998779e-01   7.264709e-02
  2.000000e-02  -0.000000e+00   2.512967e+03   9.998779e-01   9.998779e-01   7.264722e-02
  2.000000e-02  -0.000000e+00   2.510514e+03   9.989020e-01   9.989020e-01   7.264709e-02
  2.000000e-02  -0.000000e+00   2.505616e+03   9.969529e-01   9.969529e-01   7.264709e-02
  2.000000e-02  -0.000000e+00   2.498286e+03   9.940364e-01   9.940364e-01   7.264709e-02
  2.000000e-02  -0.000000e+00   2.498286e+03   9.940364e-01   9.940364e-01   7.264709e-02
  2.000000e-02  -0.000000e+00   2.505616e+03   9.969529e-01   9.969529e-01   7.264709e-02
  2.000000e-02  -0.000000e+00   2.510514e+03   9.989020e-01   9.989020e-01   7.264709e-02
  2.000000e-02  -0.000000e+00   2.512967e+03   9.998779e-01   9.998779e-01   7.264709e-02
  2.000000e-02  -0.000000e+00   2.512967e+03   9.998779e-01   9.998779e-01   7.264709e-02
  2.000000e-02  -0.000000e+00   2.510514e+03   9.989020e-01   9.989020e-01   7.264722e-02
  2.000000e-02  -0.000000e+00   2.505616e+03   9.969529e-01   9.969529e-01   7.264709e-02
  2.000000e-02  -0.000000e+00   2.498286e+03   9.940364e-01   9.940364e-01   7.264709e-02
  2.000000e-02  -0.000000e+00   2.498286e+03   9.940364e-01   9.940364e-01   7.264709e-02
  2.000000e-02  -0.000000e+00   2.505616e+03   9.969529e-01   9.969529e-01   7.264709e-02
  2.000000e-02  -0.000000e+00   2.510514e+03   9.989020e-01   9.989020e-01   7.264709e-02
  2.000000e-02  -0.000000e+00   2.512967e+03   9.998779e-01   9.998779e-01   7.264709e-02
  2.000000e-02  -0.000000e+00   2.512967e+03   9.998779e-01   9.998779e-01   7.264709e-02
  2.000000e-02  -0.000000e+00   2.510514e+03   9.989020e-01   9.989020e-01   7.264709e-02
  2.000000e-02  -0.000000e+00   2.505616e+03   9.969529e-01   9.969529e-01   7.264714e-02
  2.000000e-02  -0.000000e+00   2.498286e+03   9.940364e-01   9.941174e-01   7.264709e-02
  2.000000e-02  -0.000000e+00   2.498286e+03   9.940364e-01   9.940364e-01   7.264709e-02
  2.000818e-02  -0.000000e+00   2.504592e+03   9.969529e-01   9.969529e-01   7.264709e-02
  2.000000e-02  -0.000000e+00   2.510514e+03   9.989020e-01   9.989020e-01   7.264709e-02
  2.000000e-02  -0.000000e+00   2.512967e+03   9.998779e-01   9.998779e-01   7.264709e-02
  2.000000e-02  -0.000000e+00   2.512967e+03   9.998779e-01   9.998779e-01   7.264715e-02
  2.000000e-02  -0.000000e+00   2.510514e+03   9.989020e-01   9.989020e-01   7.264709e-02
  2.000000e-02  -0.000000e+00   2.505616e+03   9.969529e-01   9.969529e-01   7.264709e-02
  2.000000e-02  -0.000000e+00   2.498286e+03   9.940364e-01   9.940364e-01   7.264709e-02
  2.000000e-02  -0.000000e+00   2.498286e+03   9.940364e-01   9.940364e-01   7.264709e-02
  2.000000e-02  -0.000000e+00   2.505616e+03   9.969529e-01   9.969529e-01   7.264709e-02
  2.000000e-02  -0.000000e+00   2.510514e+03   9.989020e-01   9.989020e-01   7.264709e-02
  2.000000e-02  -0.000000e+00   2.512967e+03   9.998779e-01   9.998779e-01   7.264709e-02
  2.000000e-02  -0.000000e+00   2.512967e+03   9.998779e-01   9.998779e-01   7.264722e-02
  2.000000e-02  -0.000000e+00   2.510514e+03   9.989020e-01   9.988010e-01   7.264709e-02
  2.000000e-02  -0.000000e+00   2.505616e+03   9.969529e-01   9.969529e-01   7.255796e-02
  2.000000e-02  -0.000000e+00   2.498286e+03   9.940364e-01   9.940364e-01   7.264713e-02
  2.000000e-02  -0.000000e+00   2.498286e+03   9.940364e-01   9.940364e-01   7.264709e-02
  2.000000e-02  -0.000000e+00   2.505616e+03   9.969529e-01   9.969529e-01   7.255796e-02
  2.000000e-02  -0.000000e+00   2.510514e+03   9.989020e-01   9.989020e-01   7.264709e-02
  2.000000e-02  -0.000000e+00   2.512967e+03   9.998779e-01   9.998779e-01   7.264709e-02
  2.000000e-02  -0.000000e+00   2.512967e+03   9.998779e-01   9.997768e-01   7.264709e-02
  2.000000e-02  -0.000000e+00   2.510514e+03   9.989020e-01   9.989020e-01   7.264709e-02
  2.000000e-02  -0.000000e+00   2.505616e+03   9.969529e-01   9.969529e-01   7.264720e-02
  2.000000e-02  -0.000000e+00   2.498286e+03   9.940364e-01   9.940364e-01   7.264709e-02
  2.000000e-02  -0.000000e+00   2.498286e+03   9.940364e-01   9.938745e-01   7.264709e-02
  2.000000e-02  -0.000000e+00   2.505616e+03   9.969529e-01   9.969529e-01   7.264709e-02
  2.000000e-02  -0.000000e+00   2.510514e+03   9.989020e-01   9.989020e-01   7.264709e-02
  2.000000e-02  -0.000000e+00   2.512967e+03   9.998779e-01   9.998779e-01   7.264709e-02
  2.000000e-02  -0.000000e+00   2.512967e+03   9.998779e-01   9.998779e-01   7.264709e-02
  2.000000e-02  -0.000000e+00   2.510514e+03   9.989020e-01   9.989020e-01   7.264709e-02
  2.000000e-02  -0.000000e+00   2.505616e+03   9.969529e-01   9.969529e-01   7.264720e-02
  2.000000e-02  -0.000000e+00   2.498286e+03   9.940364e-01   9.940364e-01   7.264709e-02
  2.000000e-02  -0.000000e+00   2.498286e+03   9.940364e-01   9.940364e-01   7.264709e-02
  2.000000e-02  -0.000000e+00   2.505616e+03   9.969529e-01   9.969529e-01   7.264709e-02
  2.000000e-02  -0.000000e+00   2.510514e+03   9.989020e-01   9.989020e-01   7.264722e-02
  2.000000e-02  -0.000000e+00   2.512967e+03   9.998779e-01   9.998779e-01   7.264722e-02
  2.000000e-02  -0.000000e+00   2.512967e+03   9.998779e-01   9.998779e-01   7.264709e-02
  2.000000e-02  -0.000000e+00   2.510514e+03   9.989020e-01   9.989020e-01   7.264713e-02
  1.999183e-02  -0.000000e+00   2.506640e+03   9.969529e-01   9.969529e-01   7.264709e-02
  2.000000e-02  -0.000000e+00   2.498286e+03   9.940364e-01   9.940364e-01   7.264717e-02
  2.000000e-02  -0.000000e+00   2.498286e+03   9.940364e-01   9.940364e-01   7.264709e-02
  2.000000e-02  -0.000000e+00   2.505616e+03   9.969529e-01   9.969529e-01   7.264709e-02
  2.000000e-02  -0.000000e+00   2.510514e+03   9.989020e-01   9.989020e-01   7.264709e-02
  2.000897e-02  -0.000000e+00   2.511841e+03   9.998779e-01   9.998779e-01   7.264709e-02
  2.000000e-02  -0.000000e+00   2.512967e+03   9.998779e-01   9.998779e-01   7.264709e-02
  2.000000e-02  -0.000000e+00   2.510514e+03   9.989020e-01   9.989020e-01   7.264709e-02
  2.000000e-02  -0.000000e+00   2.505616e+03   9.969529e-01   9.969529e-01   7.264709e-02
  2.000000e-02  -0.000000e+00   2.498286e+03   9.940364e-01   9.940364e-01   7.264709e-02
  2.000000e-02  -0.000000e+00   2.498286e+03   9.940364e-01   9.940364e-01   7.264709e-02
  2.000000e-02  -0.000000e+00   2.505616e+03   9.969529e-01   9.969529e-01   7.264709e-02
  2.000000e-02  -0.000000e+00   2.510514e+03   9.989020e-01   9.987000e-01   7.264709e-02
  2.000000e-02  -0.000000e+00   2.512967e+03   9.998779e-01   9.998779e-01   7.264709e-02
  2.000897e-02  -0.000000e+00   2.511841e+03   9.998779e-01   9.998779e-01   7.264709e-02
  2.000000e-02  -0.000000e+00   2.510514e+03   9.989020e-01   9.989020e-01   7.264709e-02
  2.000000e-02  -0.000000e+00   2.505616e+03   9.969529e-01   9.968610e-01   7.264720e-02
  2.000000e-02  -0.000000e+00   2.498286e+03   9.940364e-01   9.940364e-01   7.264709e-02
  2.000000e-02  -0.000000e+00   2.498286e+03   9.940364e-01   9.940364e-01   7.264709e-02
  2.000000e-02  -0.000000e+00   2.505616e+03   9.969529e-01   9.969529e-01   7.264709e-02
  2.000000e-02  -0.000000e+00   2.510514e+03   9.989020e-01   9.989020e-01   7.264715e-02
  2.000000e-02  -0.000000e+00   2.512967e+03   9.998779e-01   9.998779e-01   7.264709e-02
  2.000000e-02  -0.000000e+00   2.512967e+03   9.998779e-01   9.998779e-01   7.264709e-02
  2.000000e-02  -0.000000e+00   2.510514e+03   9.989020e-01   9.989020e-01   7.264709e-02
  2.000000e-02  -0.000000e+00   2.505616e+03   9.969529e-01   9.969529e-01   7.264709e-02
  2.000000e-02  -0.000000e+00   2.498286e+03   9.940364e-01   9.940364e-01   7.264713e-02
  2.000000e-02  -0.000000e+00   2.498286e+03   9.940364e-01   9.940364e-01   7.264709e-02
  2.000000e-02  -0.000000e+00   2.505616e+03   9.969529e-01   9.969529e-01   7.264709e-02
  2.000000e-02  -0.000000e+00   2.510514e+03   9.989020e-01   9.989020e-01   7.264709e-02
  2.000000e-02  -0.000000e+00   2.512967e+03   9.998779e-01   9.996757e-01   7.264709e-02
  2.000000e-02  -0.000000e+00   2.512967e+03   9.998779e-01   9.998779e-01   7.264709e-02
  2.000000e-02  -0.000000e+00   2.510514e+03   9.989020e-01   9.989020e-01   7.264709e-02
  2.000000e-02  -0.000000e+00   2.505616e+03   9.969529e-01   9.969529e-01   7.264709e-02
  2.000000e-02  -0.000000e+00   2.498286e+03   9.940364e-01   9.940364e-01   7.264709e-02
  2.000000e-02  -0.000000e+00   2.498286e+03   9.940364e-01   9.940364e-01   7.264709e-02
  2.000000e-02  -0.000000e+00   2.505616e+03   9.969529e-01   9.969988e-01   7.264720e-02
  2.000843e-02  -0.000000e+00   2.509456e+03   9.989020e-01   9.989020e-01   7.264709e-02
  2.000000e-02  -0.000000e+00   2.512967e+03   9.998779e-01   9.998779e-01   7.264709e-02
  2.000000e-02  -0.000000e+00   2.512967e+03   9.998779e-01   9.998779e-01   7.264709e-02
  2.000000e-02  -0.000000e+00   2.510514e+03   9.989020e-01   9.989020e-01   7.264709e-02
  2.000000e-02  -0.000000e+00   2.505616e+03   9.969529e-01   9.969529e-01   7.264709e-02
  2.000000e-02  -0.000000e+00   2.498286e+03   9.940364e-01   9.940364e-01   7.264709e-02
  2.000000e-02  -0.000000e+00   2.498286e+03   9.940364e-01   9.940364e-01   7.264709e-02
  2.000000e-02  -0.000000e+00   2.505616e+03   9.969529e-01   9.969529e-01   7.264709e-02
  2.000000e-02  -0.000000e+00   2.510514e+03   9.989020e-01   9.989020e-01   7.264709e-02
  2.000000e-02  -0.000000e+00   2.512967e+03   9.998779e-01   9.998779e-01   7.264719e-02
  2.000000e-02  -0.000000e+00   2.512967e+03   9.998779e-01   1.000057e+00   7.264709e-02
  2.000000e-02  -0.000000e+00   2.510514e+03   9.989020e-01   9.989020e-01   7.264709e-02
  2.000000e-02  -0.000000e+00   2.505616e+03   9.969529e-01   9.969529e-01   7.273357e-02
  2.000000e-02  -0.000000e+00   2.498286e+03   9.940364e-01   9.940364e-01   7.264709e-02
  2.000000e-02  -0.000000e+00   2.498286e+03   9.940364e-01   9.940364e-01   7.264717e-02
  2.000000e-02  -0.000000e+00   2.505616e+03   9.969529e-01   9.969529e-01   7.264726e-02
  2.000000e-02  -0.000000e+00   2.510514e+03   9.989020e-01   9.989020e-01   7.264709e-02
  2.000000e-02  -0.000000e+00   2.512967e+03   9.998779e-01   9.998779e-01   7.264726e-02
  2.000000e-02  -0.000000e+00   2.512967e+03   9.998779e-01   9.998779e-01   7.264718e-02
  1.999255e-02  -0.000000e+00   2.511450e+03   9.989020e-01   9.989020e-01   7.264709e-02
  2.000000e-02  -0.000000e+00   2.505616e+03   9.969529e-01   9.969529e-01   7.264709e-02
  2.000000e-02  -0.000000e+00   2.498286e+03   9.940364e-01   9.940364e-01   7.264717e-02
  2.000000e-02  -0.000000e+00   2.498286e+03   9.940364e-01   9.940364e-01   7.264709e-02
  2.000000e-02  -0.000000e+00   2.505616e+03   9.969529e-01   9.969529e-01   7.264709e-02
  2.000000e-02  -0.000000e+00   2.510514e+03   9.989020e-01   9.989020e-01   7.264709e-02
  2.000000e-02  -0.000000e+00   2.512967e+03   9.998779e-01   9.998779e-01   7.264709e-02
  2.001401e-02  -0.000000e+00   2.511208e+03   9.998779e-01   9.998779e-01   7.264709e-02
  1.998599e-02  -0.000000e+00   2.512274e+03   9.989020e-01   9.989020e-01   7.264709e-02
  2.000000e-02  -0.000000e+00   2.505616e+03   9.969529e-01   9.969529e-01   7.264709e-02
  2.000000e-02  -0.000000e+00   2.498286e+03   9.940364e-01   9.940364e-01   7.257079e-02
  2.000000e-02  -0.000000e+00   2.498286e+03   9.940364e-01   9.940364e-01   8.583069e-02
  2.000000e-02  -0.000000e+00   2.505616e+03   9.969529e-01   9.969529e-01   8.583069e-02
  2.000000e-02  -0.000000e+00   2.510514e+03   9.989020e-01   9.989020e-01   8.583069e-02
  2.000000e-02  -0.000000e+00   2.512967e+03   9.998779e-01   9.998779e-01   8.583076e-02
  2.000000e-02  -0.000000e+00   2.512967e+03   9.998779e-01   9.998779e-01   8.583069e-02
  2.000000e-02  -0.000000e+00   2.510514e+03   9.989020e-01   9.989020e-01   8.583069e-02
  2.000000e-02  -0.000000e+00   2.505616e+03   9.969529e-01   9.969529e-01   8.583069e-02
  2.000000e-02  -0.000000e+00   2.498286e+03   9.940364e-01   9.940168e-01   8.583069e-02
  2.000000e-02  -0.000000e+00   2.498286e+03   9.940364e-01   9.938745e-01   8.583069e-02
  2.000000e-02  -0.000000e+00   2.505616e+03   9.969529e-01   9.969529e-01   8.583069e-02
  2.000000e-02  -0.000000e+00   2.510514e+03   9.989020e-01   9.989020e-01   8.583069e-02
  2.000000e-02  -0.000000e+00   2.512967e+03   9.998779e-01   9.998779e-01   8.583069e-02
  2.000000e-02  -0.000000e+00   2.512967e+03   9.998779e-01   9.998779e-01   8.583077e-02
  2.000000e-02  -0.000000e+00   2.510514e+03   9.989020e-01   9.989020e-01   8.583069e-02
  2.000000e-02  -0.000000e+00   2.505616e+03   9.969529e-01   9.969529e-01   8.583077e-02
  2.000000e-02  -0.000000e+00   2.498286e+03   9.940364e-01   9.940364e-01   8.583069e-02
  2.000000e-02  -0.000000e+00   2.498286e+03   9.940364e-01   9.940364e-01   8.583069e-02
  2.000000e-02  -0.000000e+00   2.505616e+03   9.969529e-01   9.969529e-01   8.583069e-02
  2.000000e-02  -0.000000e+00   2.510514e+03   9.989020e-01   9.989020e-01   8.583069e-02
  2.000000e-02  -0.000000e+00   2.512967e+03   9.998779e-01   9.998779e-01   8.583069e-02
  1.998415e-02  -0.000000e+00   2.514961e+03   9.998779e-01   9.998779e-01   8.583069e-02
  2.000000e-02  -0.000000e+00   2.510514e+03   9.989020e-01   9.989020e-01   8.583069e-02
  2.000000e-02  -0.000000e+00   2.505616e+03   9.969529e-01   9.969529e-01   8.583069e-02
  2.000000e-02  -0.000000e+00   2.498286e+03   9.940364e-01   9.940364e-01   8.583081e-02
  2.000000e-02  -0.000000e+00   2.498286e+03   9.940364e-01   9.940364e-01   8.583069e-02
  2.000000e-02  -0.000000e+00   2.505616e+03   9.969529e-01   9.969529e-01   8.583074e-02
  2.000000e-02  -0.000000e+00   2.510514e+03   9.989020e-01   9.989020e-01   8.583069e-02
  2.000000e-02  -0.000000e+00   2.512967e+03   9.998779e-01   9.998779e-01   8.583069e-02
  2.000000e-02  -0.000000e+00   2.512967e+03   9.998779e-01   9.998779e-01   8.583069e-02
  2.000000e-02  -0.000000e+00   2.510514e+03   9.989020e-01   9.989020e-01   8.593067e-02
  2.000000e-02  -0.000000e+00   2.505616e+03   9.969529e-01   9.969529e-01   8.573380e-02
  2.000000e-02  -0.000000e+00   2.498286e+03   9.940364e-01   9.940364e-01   8.583069e-02
  2.000000e-02  -0.000000e+00   2.498286e+03   9.940364e-01   9.940364e-01   8.583077e-02
  2.000000e-02  -0.000000e+00   2.505616e+03   9.969529e-01   9.969529e-01   8.583074e-02
  2.000000e-02  -0.000000e+00   2.510514e+03   9.989020e-01   9.989020e-01   8.583080e-02
  2.000000e-02  -0.000000e+00   2.512967e+03   9.998779e-01   9.998779e-01   8.583069e-02
  2.000000e-02  -0.000000e+00   2.512967e+03   9.998779e-01   9.998779e-01   8.583069e-02
  2.001687e-02  -0.000000e+00   2.508399e+03   9.989020e-01   9.989020e-01   8.583069e-02
  2.000000e-02  -0.000000e+00   2.505616e+03   9.969529e-01   9.969529e-01   8.563697e-02
  2.000000e-02  -0.000000e+00   2.498286e+03   9.940364e-01   9.940364e-01   8.583069e-02
  2.000000e-02  -0.000000e+00   2.498286e+03   9.940364e-01   9.943603e-01   8.583069e-02
  2.000000e-02  -0.000000e+00   2.505616e+03   9.969529e-01   9.969529e-01   8.583069e-02
  2.000000e-02  -0.000000e+00   2.510514e+03   9.989020e-01   9.989020e-01   8.583080e-02
  2.000000e-02  -0.000000e+00   2.512967e+03   9.998779e-01   9.998779e-01   8.583069e-02
  2.000000e-02  -0.000000e+00   2.512967e+03   9.998779e-01   9.998779e-01   8.583069e-02
  2.000000e-02  -0.000000e+00   2.510514e+03   9.989020e-01   9.989020e-01   8.583069e-02
  2.000000e-02  -0.000000e+00   2.505616e+03   9.969529e-01   9.969529e-01   8.583074e-02
  2.000000e-02  -0.000000e+00   2.498286e+03   9.940364e-01   9.940364e-01   8.583069e-02
  2.000000e-02  -0.000000e+00   2.498286e+03   9.940364e-01   9.940364e-01   8.583069e-02
  2.000000e-02  -0.000000e+00   2.505616e+03   9.969529e-01   9.969529e-01   8.583069e-02
  2.000000e-02  -0.000000e+00   2.510514e+03   9.989020e-01   9.989020e-01   8.583069e-02
  2.000000e-02  -0.000000e+00   2.512967e+03   9.998779e-01   1.000068e+00   8.583069e-02
  2.000000e-02  -0.000000e+00   2.512967e+03   9.998779e-01   1.000068e+00   8.583069e-02
  2.000000e-02  -0.000000e+00   2.510514e+03   9.989020e-01   9.989020e-01   8.583069e-02
  2.000000e-02  -0.000000e+00   2.505616e+03   9.969529e-01   9.969529e-01   8.583069e-02
  2.000000e-02  -0.000000e+00   2.498286e+03   9.940364e-01   9.940364e-01   8.583069e-02
  2.000000e-02  -0.000000e+00   2.498286e+03   9.940364e-01   9.937125e-01   8.600207e-02
  2.000000e-02  -0.000000e+00   2.505616e+03   9.969529e-01   9.969529e-01   8.583069e-02
  2.000000e-02  -0.000000e+00   2.510514e+03   9.989020e-01   9.989020e-01   8.583069e-02
  2.003374e-02  -0.000000e+00   2.508735e+03   9.998779e-01   9.998779e-01   8.583069e-02
  2.000000e-02  -0.000000e+00   2.512967e+03   9.998779e-01   9.996878e-01   8.583069e-02
  2.000000e-02  -0.000000e+00   2.510514e+03   9.989020e-01   9.989020e-01   8.583069e-02
  2.000000e-02  -0.000000e+00   2.505616e+03   9.969529e-01   9.969529e-01   8.583069e-02
  2.000000e-02  -0.000000e+00   2.498286e+03   9.940364e-01   9.940364e-01   8.583069e-02
  2.000000e-02  -0.000000e+00   2.498286e+03   9.940364e-01   9.940364e-01   8.583077e-02
  1.996731e-02  -0.000000e+00   2.509718e+03   9.969529e-01   9.969529e-01   8.583069e-02
  2.000000e-02  -0.000000e+00   2.510514e+03   9.989020e-01   9.989020e-01   8.583080e-02
  2.000000e-02  -0.000000e+00   2.512967e+03   9.998779e-01   9.998779e-01   8.583069e-02
  2.000000e-02  -0.000000e+00   2.512967e+03   9.998779e-01   9.998779e-01   8.583069e-02
  2.000000e-02  -0.000000e+00   2.510514e+03   9.989020e-01   9.989020e-01   8.583069e-02
  2.000000e-02  -0.000000e+00   2.505616e+03   9.969529e-01   9.969529e-01   8.583074e-02
  2.000000e-02  -0.000000e+00   2.498286e+03   9.940364e-01   9.940364e-01   8.583069e-02
  2.000000e-02  -0.000000e+00   2.498286e+03   9.940364e-01   9.940364e-01   8.583069e-02
  2.000000e-02  -0.000000e+00   2.505616e+03   9.969529e-01   9.969529e-01   8.583069e-02
  2.000000e-02  -0.000000e+00   2.510514e+03   9.989020e-01   9.989020e-01   8.583069e-02
  2.000000e-02  -0.000000e+00   2.512967e+03   9.998779e-01   9.998779e-01   8.583069e-02
  2.000000e-02  -0.000000e+00   2.512967e+03   9.998779e-01   9.998779e-01   8.583069e-02
  2.000000e-02  -0.000000e+00   2.510514e+03   9.989020e-01   9.989020e-01   8.583069e-02
  2.000000e-02  -0.000000e+00   2.505616e+03   9.969529e-01   9.969529e-01   8.583069e-02
  2.000000e-02  -0.000000e+00   2.498286e+03   9.940364e-01   9.940364e-01   8.574506e-02
  2.000000e-02  -0.000000e+00   2.498286e+03   9.940364e-01   9.940364e-01   8.583069e-02
  2.000000e-02  -0.000000e+00   2.505616e+03   9.969529e-01   9.970448e-01   8.583069e-02
  2.000000e-02  -0.000000e+00   2.510514e+03   9.989020e-01   9.989020e-01   8.583069e-02
  2.000000e-02  -0.000000e+00   2.512967e+03   9.998779e-01   9.998779e-01   8.583069e-02
  2.000000e-02  -0.000000e+00   2.512967e+03   9.998779e-01   9.998779e-01   8.583069e-02
  2.000000e-02  -0.000000e+00   2.510514e+03   9.989020e-01   9.989020e-01   8.583069e-02
  2.000000e-02  -0.000000e+00   2.505616e+03   9.969529e-01   9.969529e-01   8.583069e-02
  2.000000e-02  -0.000000e+00   2.498286e+03   9.940364e-01   9.940364e-01   8.583069e-02
  2.000000e-02  -0.000000e+00   2.498286e+03   9.940364e-01   9.940364e-01   8.583069e-02
  2.000000e-02  -0.000000e+00   2.505616e+03   9.969529e-01   9.969529e-01   8.583069e-02
  2.000000e-02  -0.000000e+00   2.510514e+03   9.989020e-01   9.989020e-01   8.583069e-02
  2.000000e-02  -0.000000e+00   2.512967e+03   9.998779e-01   9.998779e-01   8.583069e-02
  2.000000e-02  -0.000000e+00   2.512967e+03   9.998779e-01   9.998304e-01   8.583069e-02
  2.000000e-02  -0.000000e+00   2.510514e+03   9.989020e-01   9.989020e-01   8.583070e-02
  2.000000e-02  -0.000000e+00   2.505616e+03   9.969529e-01   9.969529e-01   8.583069e-02
  2.000000e-02  -0.000000e+00   2.498286e+03   9.940364e-01   9.940364e-01   8.583069e-02
  1.998555e-02  -0.000000e+00   2.500092e+03   9.940364e-01   9.940364e-01   8.583069e-02
  2.000000e-02  -0.000000e+00   2.505616e+03   9.969529e-01   9.970448e-01   8.583069e-02
  2.000000e-02  -0.000000e+00   2.510514e+03   9.989020e-01   9.989020e-01   8.583069e-02
  2.000000e-02  -0.000000e+00   2.512967e+03   9.998779e-01   9.998779e-01   8.583069e-02
  2.000000e-02  -0.000000e+00   2.512967e+03   9.998779e-01   9.998779e-01   8.583069e-02
  1.998314e-02  -0.000000e+00   2.512633e+03   9.989020e-01   9.989020e-01   8.583080e-02
  2.000000e-02  -0.000000e+00   2.505616e+03   9.969529e-01   9.969529e-01   8.583069e-02
  2.000000e-02  -0.000000e+00   2.498286e+03   9.940364e-01   9.940364e-01   8.583069e-02
  2.000000e-02  -0.000000e+00   2.498286e+03   9.940364e-01   9.940364e-01   8.583069e-02
  2.000000e-02  -0.000000e+00   2.505616e+03   9.969529e-01   9.968610e-01   8.583069e-02
  2.000000e-02  -0.000000e+00   2.510514e+03   9.989020e-01   9.989020e-01   8.583069e-02
  2.000000e-02  -0.000000e+00   2.512967e+03   9.998779e-01   9.998779e-01   8.583069e-02
  2.000000e-02  -0.000000e+00   2.512967e+03   9.998779e-01   9.998779e-01   8.583069e-02
  1.998314e-02  -0.000000e+00   2.512633e+03   9.989020e-01   9.989020e-01   8.583069e-02
  2.000000e-02  -0.000000e+00   2.505616e+03   9.969529e-01   9.969529e-01   8.583069e-02
  2.000000e-02  -0.000000e+00   2.498286e+03   9.940364e-01   9.940364e-01   8.583069e-02
  2.001445e-02  -0.000000e+00   2.496482e+03   9.940364e-01   9.940364e-01   8.591640e-02
  2.000000e-02  -0.000000e+00   2.505616e+03   9.969529e-01   9.969529e-01   8.573380e-02
  2.000000e-02  -0.000000e+00   2.510514e+03   9.989020e-01   9.989020e-01   8.583069e-02
  2.000000e-02  -0.000000e+00   2.512967e+03   9.998779e-01   9.998779e-01   8.583069e-02
  2.000000e-02  -0.000000e+00   2.512967e+03   9.998779e-01   9.999730e-01   8.583074e-02
  2.000000e-02  -0.000000e+00   2.510514e+03   9.989020e-01   9.989020e-01   8.583069e-02
  2.000000e-02  -0.000000e+00   2.505616e+03   9.969529e-01   9.969069e-01   8.583069e-02
  1.999278e-02  -0.000000e+00   2.499189e+03   9.940364e-01   9.940364e-01   8.583069e-02
  2.000000e-02  -0.000000e+00   2.498286e+03   9.940364e-01   9.940364e-01   8.583073e-02
  2.001635e-02  -0.000000e+00   2.503569e+03   9.969529e-01   9.969529e-01   8.583069e-02
  2.000000e-02  -0.000000e+00   2.510514e+03   9.989020e-01   9.989020e-01   8.583069e-02
  2.000000e-02  -0.000000e+00   2.512967e+03   9.998779e-01   9.998779e-01   8.583074e-02
  2.000000e-02  -0.000000e+00   2.512967e+03   9.998779e-01   9.998779e-01   8.583069e-02
  2.000000e-02  -0.000000e+00   2.510514e+03   9.989020e-01   9.989020e-01   8.583069e-02
  2.000000e-02  -0.000000e+00   2.505616e+03   9.969529e-01   9.969529e-01   8.583069e-02
  2.000000e-02  -0.000000e+00   2.498286e+03   9.940364e-01   9.940364e-01   8.583069e-02
  2.000723e-02  -0.000000e+00   2.497384e+03   9.940364e-01   9.940364e-01   8.583069e-02
  2.000000e-02  -0.000000e+00   2.505616e+03   9.969529e-01   9.969529e-01   8.583069e-02
  2.000000e-02  -0.000000e+00   2.510514e+03   9.989020e-01   9.989020e-01   8.583069e-02
  2.000000e-02  -0.000000e+00   2.512967e+03   9.998779e-01   9.998779e-01   8.583069e-02
  2.000000e-02  -0.000000e+00   2.512967e+03   9.998779e-01   9.998779e-01   8.583069e-02
  2.000000e-02  -0.000000e+00   2.510514e+03   9.989020e-01   9.989020e-01   8.583069e-02
  2.000818e-02  -0.000000e+00   2.504592e+03   9.969529e-01   9.969529e-01   8.583069e-02
  2.000000e-02  -0.000000e+00   2.498286e+03   9.940364e-01   9.940364e-01   8.583069e-02
  2.000000e-02  -0.000000e+00   2.498286e+03   9.940364e-01   9.940364e-01   8.583069e-02
  2.000000e-02  -0.000000e+00   2.505616e+03   9.969529e-01   9.971367e-01   8.583069e-02
  2.000000e-02  -0.000000e+00   2.510514e+03   9.989020e-01   9.989020e-01   8.583069e-02
  2.000000e-02  -0.000000e+00   2.512967e+03   9.998779e-01   9.999730e-01   8.583080e-02
  2.000000e-02  -0.000000e+00   2.512967e+03   9.998779e-01   9.998779e-01   8.583069e-02
  2.000000e-02  -0.000000e+00   2.510514e+03   9.989020e-01   9.989020e-01   8.583080e-02
  2.000409e-02  -0.000000e+00   2.505104e+03   9.969529e-01   9.969529e-01   8.583079e-02
  2.000000e-02  -0.000000e+00   2.498286e+03   9.940364e-01   9.940364e-01   8.583077e-02
  2.000000e-02  -0.000000e+00   2.498286e+03   9.940364e-01   9.940364e-01   8.583069e-02
  2.000000e-02  -0.000000e+00   2.505616e+03   9.969529e-01   9.969529e-01   8.583069e-02
  2.000000e-02  -0.000000e+00   2.510514e+03   9.989020e-01   9.989020e-01   8.583069e-02
  2.000000e-02  -0.000000e+00   2.512967e+03   9.998779e-01   9.998779e-01   8.583069e-02
  2.000000e-02  -0.000000e+00   2.512967e+03   9.998779e-01   9.998779e-01   8.583069e-02
  2.000000e-02  -0.000000e+00   2.510514e+03   9.989020e-01   9.989020e-01   8.583069e-02
  2.000000e-02  -0.000000e+00   2.505616e+03   9.969529e-01   9.969529e-01   8.583069e-02
  2.000000e-02  -0.000000e+00   2.498286e+03   9.940364e-01   9.940364e-01   8.583069e-02
  2.000000e-02  -0.000000e+00   2.498286e+03   9.940364e-01   9.940364e-01   8.583069e-02
  2.000000e-02  -0.000000e+00   2.505616e+03   9.969529e-01   9.969529e-01   8.583079e-02
  2.000000e-02  -0.000000e+00   2.510514e+03   9.989020e-01   9.989020e-01   8.583069e-02
  2.000000e-02  -0.000000e+00   2.512967e+03   9.998779e-01   9.998779e-01   8.583069e-02
  2.000000e-02  -0.000000e+00   2.512967e+03   9.998779e-01   9.998779e-01   8.583072e-02
  2.000000e-02  -0.000000e+00   2.510514e+03   9.989020e-01   9.989020e-01   8.583069e-02
  2.000000e-02  -0.000000e+00   2.505616e+03   9.969529e-01   9.969529e-01   8.583069e-02
  2.000000e-02  -0.000000e+00   2.498286e+03   9.940364e-01   9.940364e-01   8.583069e-02
  2.000000e-02  -0.000000e+00   2.498286e+03   9.940364e-01   9.938745e-01   8.583069e-02
  2.000000e-02  -0.000000e+00   2.505616e+03   9.969529e-01   9.969529e-01   8.583069e-02
  2.000000e-02  -0.000000e+00   2.510514e+03   9.989020e-01   9.989020e-01   8.583080e-02
  2.000000e-02  -0.000000e+00   2.512967e+03   9.998779e-01   9.998779e-01   8.583080e-02
  2.000000e-02  -0.000000e+00   2.512967e+03   9.998779e-01   9.998779e-01   8.583069e-02
  2.000000e-02  -0.000000e+00   2.510514e+03   9.989020e-01   9.989020e-01   8.583069e-02
  2.000000e-02  -0.000000e+00   2.505616e+03   9.969529e-01   9.969529e-01   8.583069e-02
  2.000000e-02  -0.000000e+00   2.498286e+03   9.940364e-01   9.940364e-01   8.583073e-02
  2.000000e-02  -0.000000e+00   2.498286e+03   9.940364e-01   9.940364e-01   8.583069e-02
  2.000000e-02  -0.000000e+00   2.505616e+03   9.969529e-01   9.969529e-01   8.583069e-02
  2.000000e-02  -0.000000e+00   2.510514e+03   9.989020e-01   9.989020e-01   8.583069e-02
  2.000000e-02  -0.000000e+00   2.512967e+03   9.998779e-01   9.998779e-01   8.583080e-02
  2.000000e-02  -0.000000e+00   2.512967e+03   9.998779e-01   9.998779e-01   8.583069e-02
  2.000000e-02  -0.000000e+00   2.510514e+03   9.989020e-01   9.988545e-01   8.583069e-02
  2.000000e-02  -0.000000e+00   2.505616e+03   9.969529e-01   9.969529e-01   8.583069e-02
  2.000723e-02  -0.000000e+00   2.497384e+03   9.940364e-01   9.940364e-01   8.583069e-02
  2.000000e-02  -0.000000e+00   2.498286e+03   9.940364e-01   9.940364e-01   8.583069e-02
  2.000000e-02  -0.000000e+00   2.505616e+03   9.969529e-01   9.969529e-01   8.583069e-02
  2.000000e-02  -0.000000e+00   2.510514e+03   9.989020e-01   9.987120e-01   8.583069e-02
  2.000000e-02  -0.000000e+00   2.512967e+03   9.998779e-01   9.998779e-01   8.583069e-02
  2.000000e-02  -0.000000e+00   2.512967e+03   9.998779e-01   9.998779e-01   8.583069e-02
  2.000000e-02  -0.000000e+00   2.510514e+03   9.989020e-01   9.989020e-01   8.583069e-02
  2.000000e-02  -0.000000e+00   2.505616e+03   9.969529e-01   9.969529e-01   8.583069e-02
  1.999278e-02  -0.000000e+00   2.499189e+03   9.940364e-01   9.940364e-01   8.583069e-02
  2.000000e-02  -0.000000e+00   2.498286e+03   9.940364e-01   9.940364e-01   8.583069e-02
  2.000000e-02  -0.000000e+00   2.505616e+03   9.969529e-01   9.969529e-01   8.583079e-02
  2.000000e-02  -0.000000e+00   2.510514e+03   9.989020e-01   9.988070e-01   8.583069e-02
  2.000000e-02  -0.000000e+00   2.512967e+03   9.998779e-01   9.998779e-01   8.583069e-02
  2.000000e-02  -0.000000e+00   2.512967e+03   9.998779e-01   9.998779e-01   8.583069e-02
  2.000000e-02  -0.000000e+00   2.510514e+03   9.989020e-01   9.989020e-01   8.583069e-02
  2.000818e-02  -0.000000e+00   2.504592e+03   9.969529e-01   9.971367e-01   8.583069e-02
  2.000723e-02  -0.000000e+00   2.497384e+03   9.940364e-01   9.940364e-01   8.583069e-02
  2.000000e-02  -0.000000e+00   2.498286e+03   9.940364e-01   9.940364e-01   8.583069e-02
  2.000000e-02  -0.000000e+00   2.505616e+03   9.969529e-01   9.969529e-01   8.583069e-02
  2.000000e-02  -0.000000e+00   2.510514e+03   9.989020e-01   9.989020e-01   8.583069e-02
  2.000000e-02  -0.000000e+00   2.512967e+03   9.998779e-01   9.998779e-01   8.583069e-02
  2.000000e-02  -0.000000e+00   2.512967e+03   9.998779e-01   9.998779e-01   8.583069e-02
  2.000000e-02  -0.000000e+00   2.510514e+03   9.989020e-01   9.989020e-01   8.583069e-02
  1.999183e-02  -0.000000e+00   2.506640e+03   9.969529e-01   9.969529e-01   8.583069e-02
  2.000000e-02  -0.000000e+00   2.498286e+03   9.940364e-01   9.940364e-01   8.583077e-02
  2.000000e-02  -0.000000e+00   2.498286e+03   9.940364e-01   9.940364e-01   8.583069e-02
  2.000000e-02  -0.000000e+00   2.505616e+03   9.969529e-01   9.969529e-01   8.583069e-02
  2.000000e-02  -0.000000e+00   2.510514e+03   9.989020e-01   9.989020e-01   8.583069e-02
  2.000000e-02  -0.000000e+00   2.512967e+03   9.998779e-01   9.998779e-01   8.583069e-02
  2.000000e-02  -0.000000e+00   2.512967e+03   9.998779e-01   9.998779e-01   8.583080e-02
  2.000000e-02  -0.000000e+00   2.510514e+03   9.989020e-01   9.989020e-01   8.583069e-02
  2.000000e-02  -0.000000e+00   2.505616e+03   9.969529e-01   9.969529e-01   8.583069e-02
  2.000000e-02  -0.000000e+00   2.498286e+03   9.940364e-01   9.940364e-01   8.583069e-02
  2.000000e-02  -0.000000e+00   2.498286e+03   9.940364e-01   9.940364e-01   8.583069e-02
  2.000000e-02  -0.000000e+00   2.505616e+03   9.969529e-01   9.969529e-01   8.583069e-02
  1.999157e-02  -0.000000e+00   2.511573e+03   9.989020e-01   9.989020e-01   8.583069e-02
  2.000000e-02  -0.000000e+00   2.512967e+03   9.998779e-01   9.998779e-01   8.583069e-02
  2.000000e-02  -0.000000e+00   2.512967e+03   9.998779e-01   9.998779e-01   8.583069e-02
  2.000000e-02  -0.000000e+00   2.510514e+03   9.989020e-01   9.989020e-01   8.583069e-02
  2.000000e-02  -0.000000e+00   2.505616e+03   9.969529e-01   9.970448e-01   8.587915e-02
  2.000000e-02  -0.000000e+00   2.498286e+03   9.940364e-01   9.940364e-01   8.583077e-02
  2.000723e-02  -0.000000e+00   2.497384e+03   9.940364e-01   9.940364e-01   8.583069e-02
  2.000000e-02  -0.000000e+00   2.505616e+03   9.969529e-01   9.969529e-01   8.583069e-02
  2.000000e-02  -0.000000e+00   2.510514e+03   9.989020e-01   9.989020e-01   8.583069e-02
  2.000000e-02  -0.000000e+00   2.512967e+03   9.998779e-01   9.998779e-01   8.583072e-02
  2.000000e-02  -0.000000e+00   2.512967e+03   9.998779e-01   9.998779e-01   8.583069e-02
  2.000000e-02  -0.000000e+00   2.510514e+03   9.989020e-01   9.989020e-01   8.583069e-02
  2.000000e-02  -0.000000e+00   2.505616e+03   9.969529e-01   9.969529e-01   8.583069e-02
  2.000000e-02  -0.000000e+00   2.498286e+03   9.940364e-01   9.940364e-01   8.583069e-02
  2.000000e-02  -0.000000e+00   2.498286e+03   9.940364e-01   9.940364e-01   8.583069e-02
  2.000000e-02  -0.000000e+00   2.505616e+03   9.969529e-01   9.969529e-01   8.583069e-02
  2.000000e-02  -0.000000e+00   2.510514e+03   9.989020e-01   9.989020e-01   8.583069e-02
  2.000000e-02  -0.000000e+00   2.512967e+03   9.998779e-01   9.998779e-01   8.583069e-02
  2.000000e-02  -0.000000e+00   2.512967e+03   9.998779e-01   9.998779e-01   8.583069e-02
  2.000000e-02  -0.000000e+00   2.510514e+03   9.989020e-01   9.990919e-01   8.583069e-02
  2.000000e-02  -0.000000e+00   2.505616e+03   9.969529e-01   9.969529e-01   8.583069e-02
  2.000000e-02  -0.000000e+00   2.498286e+03   9.940364e-01   9.938745e-01   8.583069e-02
  2.000000e-02  -0.000000e+00   2.498286e+03   9.940364e-01   9.940364e-01   8.583069e-02
  2.000000e-02  -0.000000e+00   2.505616e+03   9.969529e-01   9.969529e-01   8.583069e-02
  2.000000e-02  -0.000000e+00   2.510514e+03   9.989020e-01   9.988127e-01   8.583069e-02
  2.000000e-02  -0.000000e+00   2.512967e+03   9.998779e-01   9.998779e-01   8.583069e-02
  2.000000e-02  -0.000000e+00   2.512967e+03   9.998779e-01   9.998779e-01   8.583069e-02
  2.000000e-02  -0.000000e+00   2.510514e+03   9.989020e-01   9.989020e-01   8.583076e-02
  2.000000e-02  -0.000000e+00   2.505616e+03   9.969529e-01   9.969529e-01   8.583069e-02
  2.000000e-02  -0.000000e+00   2.498286e+03   9.940364e-01   9.940364e-01   8.583069e-02
  2.000000e-02  -0.000000e+00   2.498286e+03   9.940364e-01   9.940364e-01   8.583077e-02
  2.000000e-02  -0.000000e+00   2.505616e+03   9.969529e-01   9.969529e-01   8.583069e-02
  2.000000e-02  -0.000000e+00   2.510514e+03   9.989020e-01   9.989020e-01   8.583077e-02
  2.000000e-02  -0.000000e+00   2.512967e+03   9.998779e-01   9.997099e-01   8.583069e-02
  2.000000e-02  -0.000000e+00   2.512967e+03   9.998779e-01   9.997099e-01   8.583069e-02
  2.000000e-02  -0.000000e+00   2.510514e+03   9.989020e-01   9.989020e-01   8.583069e-02
  2.000000e-02  -0.000000e+00   2.505616e+03   9.969529e-01   9.969529e-01   8.583069e-02
  2.000361e-02  -0.000000e+00   2.497835e+03   9.940364e-01   9.940364e-01   8.583069e-02
  2.000000e-02  -0.000000e+00   2.498286e+03   9.940364e-01   9.940364e-01   8.583069e-02
  1.998599e-02  -0.000000e+00   2.507372e+03   9.969529e-01   9.969529e-01   8.583083e-02
  2.000000e-02  -0.000000e+00   2.510514e+03   9.989020e-01   9.989020e-01   8.583069e-02
  2.000000e-02  -0.000000e+00   2.512967e+03   9.998779e-01   9.998779e-01   8.583069e-02
  2.000000e-02  -0.000000e+00   2.512967e+03   9.998779e-01   9.998779e-01   8.583069e-02
  2.000000e-02  -0.000000e+00   2.510514e+03   9.989020e-01   9.989020e-01   8.583069e-02
  2.000000e-02  -0.000000e+00   2.505616e+03   9.969529e-01   9.969529e-01   8.591375e-02
  2.000000e-02  -0.000000e+00   2.498286e+03   9.940364e-01   9.940364e-01   8.583069e-02
  2.000000e-02  -0.000000e+00   2.498286e+03   9.940364e-01   9.940364e-01   1.001129e-01
  2.000000e-02  -0.000000e+00   2.505616e+03   9.969529e-01   9.969923e-01   1.001129e-01
  2.000000e-02  -0.000000e+00   2.510514e+03   9.989020e-01   9.989020e-01   1.001129e-01
  2.000000e-02  -0.000000e+00   2.512967e+03   9.998779e-01   9.998779e-01   1.001129e-01
  1.998599e-02  -0.000000e+00   2.514729e+03   9.998779e-01   9.998779e-01   1.001129e-01
  2.000000e-02  -0.000000e+00   2.510514e+03   9.989020e-01   9.990598e-01   1.000233e-01
  2.000000e-02  -0.000000e+00   2.505616e+03   9.969529e-01   9.969529e-01   1.001129e-01
  2.000000e-02  -0.000000e+00   2.498286e+03   9.940364e-01   9.940364e-01   1.001129e-01
  2.000000e-02  -0.000000e+00   2.498286e+03   9.940364e-01   9.940364e-01   1.001129e-01
  2.000000e-02  -0.000000e+00   2.505616e+03   9.969529e-01   9.969529e-01   9.992220e-02
  2.000000e-02  -0.000000e+00   2.510514e+03   9.989020e-01   9.989020e-01   1.003038e-01
  2.000000e-02  -0.000000e+00   2.512967e+03   9.998779e-01   9.998779e-01   1.001129e-01
  1.998510e-02  -0.000000e+00   2.514841e+03   9.998779e-01   9.998779e-01   1.001129e-01
  2.000000e-02  -0.000000e+00   2.510514e+03   9.989020e-01   9.989020e-01   1.001129e-01
  2.000000e-02  -0.000000e+00   2.505616e+03   9.969529e-01   9.969529e-01   1.001129e-01
  2.000000e-02  -0.000000e+00   2.498286e+03   9.940364e-01   9.940364e-01   1.001129e-01
  2.000000e-02  -0.000000e+00   2.498286e+03   9.940364e-01   9.940364e-01   9.992800e-02
  2.000000e-02  -0.000000e+00   2.505616e+03   9.969529e-01   9.969529e-01   9.991005e-02
  2.000000e-02  -0.000000e+00   2.510514e+03   9.989020e-01   9.989020e-01   1.001130e-01
  2.001586e-02  -0.000000e+00   2.510977e+03   9.998779e-01   9.998779e-01   1.001130e-01
  2.000000e-02  -0.000000e+00   2.512967e+03   9.998779e-01   9.998779e-01   1.001129e-01
  2.000000e-02  -0.000000e+00   2.510514e+03   9.989020e-01   9.989020e-01   1.001129e-01
  2.000000e-02  -0.000000e+00   2.505616e+03   9.969529e-01   9.969529e-01   1.001129e-01
  2.000000e-02  -0.000000e+00   2.498286e+03   9.940364e-01   9.940364e-01   1.001129e-01
  2.000000e-02  -0.000000e+00   2.498286e+03   9.940364e-01   9.940364e-01   1.001130e-01
  2.000000e-02  -0.000000e+00   2.505616e+03   9.969529e-01   9.973093e-01   1.001129e-01
  2.000000e-02  -0.000000e+00   2.510514e+03   9.989020e-01   9.989020e-01   1.001129e-01
  2.000000e-02  -0.000000e+00   2.512967e+03   9.998779e-01   9.998779e-01   1.001129e-01
  2.000000e-02  -0.000000e+00   2.512967e+03   9.998779e-01   9.998779e-01   1.001129e-01
  1.998415e-02  -0.000000e+00   2.512506e+03   9.989020e-01   9.989020e-01   1.001129e-01
  2.000000e-02  -0.000000e+00   2.505616e+03   9.969529e-01   9.965965e-01   1.001129e-01
  2.000000e-02  -0.000000e+00   2.498286e+03   9.940364e-01   9.940364e-01   1.001129e-01
  2.000000e-02  -0.000000e+00   2.498286e+03   9.940364e-01   9.940364e-01   1.001130e-01
  2.000000e-02  -0.000000e+00   2.505616e+03   9.969529e-01   9.969529e-01   1.001129e-01
  2.000000e-02  -0.000000e+00   2.510514e+03   9.989020e-01   9.989020e-01   1.001129e-01
  2.000000e-02  -0.000000e+00   2.512967e+03   9.998779e-01   9.996992e-01   1.001129e-01
  2.000000e-02  -0.000000e+00   2.512967e+03   9.998779e-01   9.998779e-01   1.001130e-01
  2.000000e-02  -0.000000e+00   2.510514e+03   9.989020e-01   9.989020e-01   1.001129e-01
  2.000000e-02  -0.000000e+00   2.505616e+03   9.969529e-01   9.969529e-01   1.001129e-01
  2.000000e-02  -0.000000e+00   2.498286e+03   9.940364e-01   9.940364e-01   1.001130e-01
  2.000000e-02  -0.000000e+00   2.498286e+03   9.940364e-01   9.940364e-01   1.001129e-01
  2.000000e-02  -0.000000e+00   2.505616e+03   9.969529e-01   9.971311e-01   1.001129e-01
  2.000000e-02  -0.000000e+00   2.510514e+03   9.989020e-01   9.989020e-01   1.001129e-01
  2.000000e-02  -0.000000e+00   2.512967e+03   9.998779e-01   9.998779e-01   1.001130e-01
  2.000000e-02  -0.000000e+00   2.512967e+03   9.998779e-01   9.998779e-01   1.003160e-01
  2.000000e-02  -0.000000e+00   2.510514e+03   9.989020e-01   9.989020e-01   1.001129e-01
  2.000000e-02  -0.000000e+00   2.505616e+03   9.969529e-01   9.969529e-01   1.001129e-01
  2.000000e-02  -0.000000e+00   2.498286e+03   9.940364e-01   9.940364e-01   1.001130e-01
  2.000000e-02  -0.000000e+00   2.498286e+03   9.940364e-01   9.940364e-01   9.974326e-02
  2.000000e-02  -0.000000e+00   2.505616e+03   9.969529e-01   9.969529e-01   1.001130e-01
  2.000000e-02  -0.000000e+00   2.510514e+03   9.989020e-01   9.989020e-01   1.001129e-01
  2.000000e-02  -0.000000e+00   2.512967e+03   9.998779e-01   9.999673e-01   1.001129e-01
  2.000000e-02  -0.000000e+00   2.512967e+03   9.998779e-01   9.998779e-01   9.991005e-02
  2.000000e-02  -0.000000e+00   2.510514e+03   9.989020e-01   9.989020e-01   1.001129e-01
  2.000000e-02  -0.000000e+00   2.505616e+03   9.969529e-01   9.969529e-01   1.001129e-01
  2.000000e-02  -0.000000e+00   2.498286e+03   9.940364e-01   9.940364e-01   1.001129e-01
  2.002891e-02  -0.000000e+00   2.494680e+03   9.940364e-01   9.940364e-01   1.001129e-01
  2.000000e-02  -0.000000e+00   2.505616e+03   9.969529e-01   9.969529e-01   1.001129e-01
  2.000000e-02  -0.000000e+00   2.510514e+03   9.989020e-01   9.990805e-01   1.001129e-01
  2.000000e-02  -0.000000e+00   2.512967e+03   9.998779e-01   9.998779e-01   1.001129e-01
  2.000000e-02  -0.000000e+00   2.512967e+03   9.998779e-01   9.998779e-01   9.991005e-02
  2.000000e-02  -0.000000e+00   2.510514e+03   9.989020e-01   9.989020e-01   1.001129e-01
  2.000000e-02  -0.000000e+00   2.505616e+03   9.969529e-01   9.969529e-01   1.001129e-01
  2.000000e-02  -0.000000e+00   2.498286e+03   9.940364e-01   9.940364e-01   1.001129e-01
  2.000000e-02  -0.000000e+00   2.498286e+03   9.940364e-01   9.940364e-01   1.001129e-01
  2.000000e-02  -0.000000e+00   2.505616e+03   9.969529e-01   9.969529e-01   1.001129e-01
  2.000000e-02  -0.000000e+00   2.510514e+03   9.989020e-01   9.989020e-01   1.001130e-01
  2.000000e-02  -0.000000e+00   2.512967e+03   9.998779e-01   9.998779e-01   1.001130e-01
  2.000000e-02  -0.000000e+00   2.512967e+03   9.998779e-01   9.998779e-01   1.001129e-01
  2.000000e-02  -0.000000e+00   2.510514e+03   9.989020e-01   9.989020e-01   1.001129e-01
  2.000000e-02  -0.000000e+00   2.505616e+03   9.969529e-01   9.969529e-01   1.001129e-01
  2.000000e-02  -0.000000e+00   2.498286e+03   9.940364e-01   9.940364e-01   1.001129e-01
  2.000000e-02  -0.000000e+00   2.498286e+03   9.940364e-01   9.940364e-01   1.001130e-01
  2.000000e-02  -0.000000e+00   2.505616e+03   9.969529e-01   9.969529e-01   1.001129e-01
  2.000000e-02  -0.000000e+00   2.510514e+03   9.989020e-01   9.989020e-01   1.001129e-01
  2.000000e-02  -0.000000e+00   2.512967e+03   9.998779e-01   9.998779e-01   1.001130e-01
  2.000000e-02  -0.000000e+00   2.512967e+03   9.998779e-01   9.998779e-01   1.001130e-01
  2.000000e-02  -0.000000e+00   2.510514e+03   9.989020e-01   9.989020e-01   1.001129e-01
  2.000000e-02  -0.000000e+00   2.505616e+03   9.969529e-01   9.967747e-01   1.001129e-01
  2.000000e-02  -0.000000e+00   2.498286e+03   9.940364e-01   9.940364e-01   1.002980e-01
  2.000000e-02  -0.000000e+00   2.498286e+03   9.940364e-01   9.941984e-01   1.000204e-01
  2.000000e-02  -0.000000e+00   2.505616e+03   9.969529e-01   9.969529e-01   1.001129e-01
  2.000000e-02  -0.000000e+00   2.510514e+03   9.989020e-01   9.989020e-01   1.001129e-01
  2.000000e-02  -0.000000e+00   2.512967e+03   9.998779e-01   9.998779e-01   1.001130e-01
  2.000000e-02  -0.000000e+00   2.512967e+03   9.998779e-01   9.998556e-01   1.001129e-01
  2.000000e-02  -0.000000e+00   2.510514e+03   9.989020e-01   9.989020e-01   1.001129e-01
  2.001586e-02  -0.000000e+00   2.503631e+03   9.969529e-01   9.969529e-01   1.001129e-01
  2.001445e-02  -0.000000e+00   2.496482e+03   9.940364e-01   9.940364e-01   1.001130e-01
  2.000000e-02  -0.000000e+00   2.498286e+03   9.940364e-01   9.940364e-01   1.000205e-01
  2.000000e-02  -0.000000e+00   2.505616e+03   9.969529e-01   9.969529e-01   1.001129e-01
  2.000000e-02  -0.000000e+00   2.510514e+03   9.989020e-01   9.989020e-01   1.001129e-01
  2.000000e-02  -0.000000e+00   2.512967e+03   9.998779e-01   9.998779e-01   1.001129e-01
  2.000000e-02  -0.000000e+00   2.512967e+03   9.998779e-01   9.998779e-01   1.001129e-01
  2.000000e-02  -0.000000e+00   2.510514e+03   9.989020e-01   9.989020e-01   1.001129e-01
  2.000000e-02  -0.000000e+00   2.505616e+03   9.969529e-01   9.969529e-01   1.001129e-01
  2.000000e-02  -0.000000e+00   2.498286e+03   9.940364e-01   9.940364e-01   1.001130e-01
  2.000000e-02  -0.000000e+00   2.498286e+03   9.940364e-01   9.938745e-01   1.001129e-01
  2.000000e-02  -0.000000e+00   2.505616e+03   9.969529e-01   9.969529e-01   1.001129e-01
  2.000000e-02  -0.000000e+00   2.510514e+03   9.989020e-01   9.989020e-01   1.000115e-01
  2.000000e-02  -0.000000e+00   2.512967e+03   9.998779e-01   9.998779e-01   1.001129e-01
  2.000000e-02  -0.000000e+00   2.512967e+03   9.998779e-01   9.999226e-01   1.001129e-01
  2.000000e-02  -0.000000e+00   2.510514e+03   9.989020e-01   9.989020e-01   1.001129e-01
  2.000000e-02  -0.000000e+00   2.505616e+03   9.969529e-01   9.969529e-01   1.001129e-01
  2.000000e-02  -0.000000e+00   2.498286e+03   9.940364e-01   9.940364e-01   1.001129e-01
  2.000000e-02  -0.000000e+00   2.498286e+03   9.940364e-01   9.940364e-01   1.001129e-01
  2.000000e-02  -0.000000e+00   2.505616e+03   9.969529e-01   9.969529e-01   1.001129e-01
  2.000000e-02  -0.000000e+00   2.510514e+03   9.989020e-01   9.989020e-01   1.001129e-01
  2.000000e-02  -0.000000e+00   2.512967e+03   9.998779e-01   9.998779e-01   1.001129e-01
  2.000000e-02  -0.000000e+00   2.512967e+03   9.998779e-01   9.998779e-01   1.001129e-01
  2.000000e-02  -0.000000e+00   2.510514e+03   9.989020e-01   9.989020e-01   1.000115e-01
  2.000000e-02  -0.000000e+00   2.505616e+03   9.969529e-01   9.969529e-01   1.001130e-01
  2.000000e-02  -0.000000e+00   2.498286e+03   9.940364e-01   9.940364e-01   1.001130e-01
  2.000000e-02  -0.000000e+00   2.498286e+03   9.940364e-01   9.940364e-01   1.001129e-01
  2.000000e-02  -0.000000e+00   2.505616e+03   9.969529e-01   9.969529e-01   1.001129e-01
  2.000000e-02  -0.000000e+00   2.510514e+03   9.989020e-01   9.989020e-01   1.001129e-01
  2.000000e-02  -0.000000e+00   2.512967e+03   9.998779e-01   9.998779e-01   1.001129e-01
  2.000000e-02  -0.000000e+00   2.512967e+03   9.998779e-01   9.998779e-01   1.001129e-01
  2.000000e-02  -0.000000e+00   2.510514e+03   9.989020e-01   9.989020e-01   1.001129e-01
  1.998415e-02  -0.000000e+00   2.507603e+03   9.969529e-01   9.969529e-01   1.001130e-01
  2.000000e-02  -0.000000e+00   2.498286e+03   9.940364e-01   9.941984e-01   1.001130e-01
  2.000000e-02  -0.000000e+00   2.498286e+03   9.940364e-01   9.940364e-01   9.992800e-02
  1.998415e-02  -0.000000e+00   2.507603e+03   9.969529e-01   9.969529e-01   1.001129e-01
  2.000000e-02  -0.000000e+00   2.510514e+03   9.989020e-01   9.989020e-01   1.001130e-01
  2.000000e-02  -0.000000e+00   2.512967e+03   9.998779e-01   9.998779e-01   1.002144e-01
  2.000000e-02  -0.000000e+00   2.512967e+03   9.998779e-01   9.998779e-01   1.001129e-01
  2.000000e-02  -0.000000e+00   2.510514e+03   9.989020e-01   9.989020e-01   1.001130e-01
  2.000000e-02  -0.000000e+00   2.505616e+03   9.969529e-01   9.969529e-01   1.001129e-01
  2.000000e-02  -0.000000e+00   2.498286e+03   9.940364e-01   9.940364e-01   1.001129e-01
  2.000000e-02  -0.000000e+00   2.498286e+03   9.940364e-01   9.940364e-01   1.001129e-01
  2.001586e-02  -0.000000e+00   2.503631e+03   9.969529e-01   9.969529e-01   1.001129e-01
  2.000000e-02  -0.000000e+00   2.510514e+03   9.989020e-01   9.989020e-01   1.001129e-01
  2.000000e-02  -0.000000e+00   2.512967e+03   9.998779e-01   9.998779e-01   1.001129e-01
  2.000000e-02  -0.000000e+00   2.512967e+03   9.998779e-01   9.998779e-01   1.001130e-01
  2.000000e-02  -0.000000e+00   2.510514e+03   9.989020e-01   9.989020e-01   1.001129e-01
  2.000000e-02  -0.000000e+00   2.505616e+03   9.969529e-01   9.969529e-01   1.001130e-01
  2.000000e-02  -0.000000e+00   2.498286e+03   9.940364e-01   9.940364e-01   1.001129e-01
  2.000000e-02  -0.000000e+00   2.498286e+03   9.940364e-01   9.940364e-01   1.001129e-01
  2.000000e-02  -0.000000e+00   2.505616e+03   9.969529e-01   9.969529e-01   1.001129e-01
  2.000000e-02  -0.000000e+00   2.510514e+03   9.989020e-01   9.989020e-01   1.001130e-01
  2.000000e-02  -0.000000e+00   2.512967e+03   9.998779e-01   9.998779e-01   1.001129e-01
  2.000000e-02  -0.000000e+00   2.512967e+03   9.998779e-01   9.998779e-01   1.001130e-01
  2.000793e-02  -0.000000e+00   2.509520e+03   9.989020e-01   9.989020e-01   1.000115e-01
  2.000000e-02  -0.000000e+00   2.505616e+03   9.969529e-01   9.969529e-01   1.001129e-01
  2.000000e-02  -0.000000e+00   2.498286e+03   9.940364e-01   9.940364e-01   1.001130e-01
  2.000000e-02  -0.000000e+00   2.498286e+03   9.940364e-01   9.940364e-01   1.001129e-01
  2.000000e-02  -0.000000e+00   2.505616e+03   9.969529e-01   9.971311e-01   1.001129e-01
  2.000000e-02  -0.000000e+00   2.510514e+03   9.989020e-01   9.989020e-01   1.001129e-01
  1.999207e-02  -0.000000e+00   2.513964e+03   9.998779e-01   9.998779e-01   1.001129e-01
  2.000000e-02  -0.000000e+00   2.512967e+03   9.998779e-01   9.998779e-01   1.000115e-01
  2.000000e-02  -0.000000e+00   2.510514e+03   9.989020e-01   9.989020e-01   1.001130e-01
  2.000000e-02  -0.000000e+00   2.505616e+03   9.969529e-01   9.969529e-01   1.001129e-01
  2.000000e-02  -0.000000e+00   2.498286e+03   9.940364e-01   9.940364e-01   1.001129e-01
  2.000000e-02  -0.000000e+00   2.498286e+03   9.940364e-01   9.940364e-01   1.001129e-01
  2.000396e-02  -0.000000e+00   2.505119e+03   9.969529e-01   9.969529e-01   1.001129e-01
  2.000000e-02  -0.000000e+00   2.510514e+03   9.989020e-01   9.989020e-01   1.001129e-01
  2.000000e-02  -0.000000e+00   2.512967e+03   9.998779e-01   9.998779e-01   1.001129e-01
  2.000000e-02  -0.000000e+00   2.512967e+03   9.998779e-01   9.998779e-01   1.001129e-01
  2.000000e-02  -0.000000e+00   2.510514e+03   9.989020e-01   9.989020e-01   1.001129e-01
  2.000000e-02  -0.000000e+00   2.505616e+03   9.969529e-01   9.969529e-01   1.001129e-01
  2.000000e-02  -0.000000e+00   2.498286e+03   9.940364e-01   9.940364e-01   1.001130e-01
  2.000000e-02  -0.000000e+00   2.498286e+03   9.940364e-01   9.940364e-01   1.001129e-01
  2.000000e-02  -0.000000e+00   2.505616e+03   9.969529e-01   9.969529e-01   1.001129e-01
  2.000000e-02  -0.000000e+00   2.510514e+03   9.989020e-01   9.989020e-01   1.001129e-01
  2.000000e-02  -0.000000e+00   2.512967e+03   9.998779e-01   9.998779e-01   1.001129e-01
  2.000000e-02  -0.000000e+00   2.512967e+03   9.998779e-01   9.998779e-01   1.001129e-01
  2.000000e-02  -0.000000e+00   2.510514e+03   9.989020e-01   9.989020e-01   1.001129e-01
  2.000000e-02  -0.000000e+00   2.505616e+03   9.969529e-01   9.969529e-01   1.001129e-01
  2.000000e-02  -0.000000e+00   2.498286e+03   9.940364e-01   9.940364e-01   1.001129e-01
  2.000000e-02  -0.000000e+00   2.498286e+03   9.940364e-01   9.938745e-01   1.001129e-01
  2.000000e-02  -0.000000e+00   2.505616e+03   9.969529e-01   9.969529e-01   1.001129e-01
  2.000000e-02  -0.000000e+00   2.510514e+03   9.989020e-01   9.989020e-01   1.001129e-01
  2.000000e-02  -0.000000e+00   2.512967e+03   9.998779e-01   9.998779e-01   1.001129e-01
  2.000000e-02  -0.000000e+00   2.512967e+03   9.998779e-01   9.998779e-01   1.001129e-01
  2.000000e-02  -0.000000e+00   2.510514e+03   9.989020e-01   9.989020e-01   1.001129e-01
  2.000000e-02  -0.000000e+00   2.505616e+03   9.969529e-01   9.969529e-01   1.001129e-01
  2.000723e-02  -0.000000e+00   2.497384e+03   9.940364e-01   9.940364e-01   1.001129e-01
  2.000000e-02  -0.000000e+00   2.498286e+03   9.940364e-01   9.940364e-01   1.001129e-01
  2.000000e-02  -0.000000e+00   2.505616e+03   9.969529e-01   9.969529e-01   1.001129e-01
  2.000000e-02  -0.000000e+00   2.510514e+03   9.989020e-01   9.989020e-01   1.001129e-01
  2.000000e-02  -0.000000e+00   2.512967e+03   9.998779e-01   9.998779e-01   1.001129e-01
  2.000000e-02  -0.000000e+00   2.512967e+03   9.998779e-01   9.998779e-01   1.001129e-01
  2.000000e-02  -0.000000e+00   2.510514e+03   9.989020e-01   9.989020e-01   1.001129e-01
  2.000000e-02  -0.000000e+00   2.505616e+03   9.969529e-01   9.969529e-01   1.001129e-01
  2.000000e-02  -0.000000e+00   2.498286e+03   9.940364e-01   9.941984e-01   1.001129e-01
  2.000000e-02  -0.000000e+00   2.498286e+03   9.940364e-01   9.938745e-01   1.001130e-01
  2.000000e-02  -0.000000e+00   2.505616e+03   9.969529e-01   9.967747e-01   1.001129e-01
  2.000000e-02  -0.000000e+00   2.510514e+03   9.989020e-01   9.989020e-01   1.001129e-01
  2.000000e-02  -0.000000e+00   2.512967e+03   9.998779e-01   9.999226e-01   1.001129e-01
  2.000000e-02  -0.000000e+00   2.512967e+03   9.998779e-01   9.998779e-01   1.001129e-01
  2.000000e-02  -0.000000e+00   2.510514e+03   9.989020e-01   9.988127e-01   1.001129e-01
  2.000000e-02  -0.000000e+00   2.505616e+03   9.969529e-01   9.969529e-01   1.001129e-01
  2.000000e-02  -0.000000e+00   2.498286e+03   9.940364e-01   9.940364e-01   1.001129e-01
  2.000000e-02  -0.000000e+00   2.498286e+03   9.940364e-01   9.940364e-01   1.001129e-01
  2.000000e-02  -0.000000e+00   2.505616e+03   9.969529e-01   9.969529e-01   1.001129e-01
  2.000000e-02  -0.000000e+00   2.510514e+03   9.989020e-01   9.989020e-01   1.001130e-01
  2.000000e-02  -0.000000e+00   2.512967e+03   9.998779e-01   9.998779e-01   1.001129e-01
  2.000000e-02  -0.000000e+00   2.512967e+03   9.998779e-01   9.998779e-01   1.001129e-01
  2.000000e-02  -0.000000e+00   2.510514e+03   9.989020e-01   9.989020e-01   1.001129e-01
  2.000000e-02  -0.000000e+00   2.505616e+03   9.969529e-01   9.969529e-01   1.001129e-01
  2.000000e-02  -0.000000e+00   2.498286e+03   9.940364e-01   9.940364e-01   1.002054e-01
  2.000000e-02  -0.000000e+00   2.498286e+03   9.940364e-01   9.940364e-01   1.001129e-01
  2.000000e-02  -0.000000e+00   2.505616e+03   9.969529e-01   9.969529e-01   1.001129e-01
  2.000000e-02  -0.000000e+00   2.510514e+03   9.989020e-01   9.989020e-01   1.001129e-01
  2.000000e-02  -0.000000e+00   2.512967e+03   9.998779e-01   9.998779e-01   1.001129e-01
  2.000000e-02  -0.000000e+00   2.512967e+03   9.998779e-01   9.998779e-01   1.001129e-01
  2.000000e-02  -0.000000e+00   2.510514e+03   9.989020e-01   9.989020e-01   1.001129e-01
  2.000000e-02  -0.000000e+00   2.505616e+03   9.969529e-01   9.969529e-01   1.001129e-01
  2.000000e-02  -0.000000e+00   2.498286e+03   9.940364e-01   9.940364e-01   1.001129e-01
  2.000000e-02  -0.000000e+00   2.498286e+03   9.940364e-01   9.940364e-01   1.001129e-01
  2.000000e-02  -0.000000e+00   2.505616e+03   9.969529e-01   9.969529e-01   1.001129e-01
  2.000000e-02  -0.000000e+00   2.510514e+03   9.989020e-01   9.989020e-01   1.001129e-01
  2.000000e-02  -0.000000e+00   2.512967e+03   9.998779e-01   9.999673e-01   1.001129e-01
  2.000000e-02  -0.000000e+00   2.512967e+03   9.998779e-01   9.999673e-01   1.001129e-01
  2.000000e-02  -0.000000e+00   2.510514e+03   9.989020e-01   9.989020e-01   1.001129e-01
  2.000000e-02  -0.000000e+00   2.505616e+03   9.969529e-01   9.969529e-01   1.001129e-01
  2.000000e-02  -0.000000e+00   2.498286e+03   9.940364e-01   9.940364e-01   1.001130e-01
  2.000000e-02  -0.000000e+00   2.498286e+03   9.940364e-01   9.940364e-01   1.002054e-01
  2.000000e-02  -0.000000e+00   2.505616e+03   9.969529e-01   9.969529e-01   1.000115e-01
  2.000000e-02  -0.000000e+00   2.510514e+03   9.989020e-01   9.989020e-01   1.001129e-01
  1.999207e-02  -0.000000e+00   2.513964e+03   9.998779e-01   9.998779e-01   1.001129e-01
  2.000000e-02  -0.000000e+00   2.512967e+03   9.998779e-01   9.998779e-01   1.001129e-01
  2.000000e-02  -0.000000e+00   2.510514e+03   9.989020e-01   9.989020e-01   1.001129e-01
  2.000000e-02  -0.000000e+00   2.505616e+03   9.969529e-01   9.969529e-01   1.001129e-01
  2.000000e-02  -0.000000e+00   2.498286e+03   9.940364e-01   9.940364e-01   1.001129e-01
  2.000000e-02  -0.000000e+00   2.498286e+03   9.940364e-01   9.940364e-01   1.001129e-01
  2.000000e-02  -0.000000e+00   2.505616e+03   9.969529e-01   9.969529e-01   1.001130e-01
  2.000000e-02  -0.000000e+00   2.510514e+03   9.989020e-01   9.989020e-01   1.001129e-01
  2.000000e-02  -0.000000e+00   2.512967e+03   9.998779e-01   9.998779e-01   1.001129e-01
  2.000000e-02  -0.000000e+00   2.512967e+03   9.998779e-01   9.998779e-01   1.001129e-01
  2.000000e-02  -0.000000e+00   2.510514e+03   9.989020e-01   9.989020e-01   1.001130e-01
  2.000000e-02  -0.000000e+00   2.505616e+03   9.969529e-01   9.969529e-01   1.001129e-01
  2.000000e-02  -0.000000e+00   2.498286e+03   9.940364e-01   9.940364e-01   1.001129e-01
  2.000000e-02  -0.000000e+00   2.498286e+03   9.940364e-01   9.940364e-01   1.001129e-01
  2.000000e-02  -0.000000e+00   2.505616e+03   9.969529e-01   9.969529e-01   1.001129e-01
  2.000000e-02  -0.000000e+00   2.510514e+03   9.989020e-01   9.989020e-01   1.001130e-01
  2.000000e-02  -0.000000e+00   2.512967e+03   9.998779e-01   9.998779e-01   1.001130e-01
  2.000000e-02  -0.000000e+00   2.512967e+03   9.998779e-01   9.998779e-01   1.001129e-01
  2.000000e-02  -0.000000e+00   2.510514e+03   9.989020e-01   9.989020e-01   1.001129e-01
  2.000000e-02  -0.000000e+00   2.505616e+03   9.969529e-01   9.970420e-01   1.001129e-01
  2.000000e-02  -0.000000e+00   2.498286e+03   9.940364e-01   9.940364e-01   1.001129e-01
  2.000000e-02  -0.000000e+00   2.498286e+03   9.940364e-01   9.940364e-01   1.001129e-01
  2.000000e-02  -0.000000e+00   2.505616e+03   9.969529e-01   9.969529e-01   1.001129e-01
  2.000000e-02  -0.000000e+00   2.510514e+03   9.989020e-01   9.989020e-01   1.001129e-01
  2.000000e-02  -0.000000e+00   2.512967e+03   9.998779e-01   9.998779e-01   1.001129e-01
  2.000000e-02  -0.000000e+00   2.512967e+03   9.998779e-01   9.998779e-01   1.001129e-01
  2.000000e-02  -0.000000e+00   2.510514e+03   9.989020e-01   9.989020e-01   1.001129e-01
  2.000000e-02  -0.000000e+00   2.505616e+03   9.969529e-01   9.969529e-01   1.001129e-01
  2.000000e-02  -0.000000e+00   2.498286e+03   9.940364e-01   9.940364e-01   1.001129e-01
  2.001401e-02  -0.000000e+00   2.496537e+03   9.940364e-01   9.941149e-01   1.001131e-01
  2.000000e-02  -0.000000e+00   2.505616e+03   9.969529e-01   9.969529e-01   1.001129e-01
  2.000000e-02  -0.000000e+00   2.510514e+03   9.989020e-01   9.989020e-01   1.001129e-01
  2.000000e-02  -0.000000e+00   2.512967e+03   9.998779e-01   9.998779e-01   1.001129e-01
  2.000000e-02  -0.000000e+00   2.512967e+03   9.998779e-01   9.998779e-01   1.001129e-01
  2.000000e-02  -0.000000e+00   2.510514e+03   9.989020e-01   9.990598e-01   1.001129e-01
  2.000000e-02  -0.000000e+00   2.505616e+03   9.969529e-01   9.969529e-01   1.001129e-01
  2.000000e-02  -0.000000e+00   2.498286e+03   9.940364e-01   9.940364e-01   1.001129e-01
  2.000000e-02  -0.000000e+00   2.498286e+03   9.940364e-01   9.940364e-01   1.154938e-01
  2.001401e-02  -0.000000e+00   2.503862e+03   9.969529e-01   9.969529e-01   1.154938e-01
  2.000000e-02  -0.000000e+00   2.510514e+03   9.989020e-01   9.989020e-01   1.154938e-01
  2.000000e-02  -0.000000e+00   2.512967e+03   9.998779e-01   9.998779e-01   1.154938e-01
  2.000000e-02  -0.000000e+00   2.512967e+03   9.998779e-01   9.998779e-01   1.154938e-01
  2.000000e-02  -0.000000e+00   2.510514e+03   9.989020e-01   9.992175e-01   1.154938e-01
  2.000000e-02  -0.000000e+00   2.505616e+03   9.969529e-01   9.969529e-01   1.154938e-01
  2.000000e-02  -0.000000e+00   2.498286e+03   9.940364e-01   9.940364e-01   1.154938e-01
  2.000000e-02  -0.000000e+00   2.498286e+03   9.940364e-01   9.940364e-01   1.154938e-01
  2.000000e-02  -0.000000e+00   2.505616e+03   9.969529e-01   9.969529e-01   1.154938e-01
  2.000000e-02  -0.000000e+00   2.510514e+03   9.989020e-01   9.989020e-01   1.154938e-01
  2.000000e-02  -0.000000e+00   2.512967e+03   9.998779e-01   9.998779e-01   1.154938e-01
  2.000000e-02  -0.000000e+00   2.512967e+03   9.998779e-01   9.998779e-01   1.154938e-01
  2.000000e-02  -0.000000e+00   2.510514e+03   9.989020e-01   9.989020e-01   1.154938e-01
  2.000000e-02  -0.000000e+00   2.505616e+03   9.969529e-01   9.969529e-01   1.154938e-01
  2.000000e-02  -0.000000e+00   2.498286e+03   9.940364e-01   9.940364e-01   1.154938e-01
  2.000000e-02  -0.000000e+00   2.498286e+03   9.940364e-01   9.940364e-01   1.154938e-01
  2.000000e-02  -0.000000e+00   2.505616e+03   9.969529e-01   9.969529e-01   1.152889e-01
  2.000000e-02  -0.000000e+00   2.510514e+03   9.989020e-01   9.989020e-01   1.154938e-01
  2.000000e-02  -0.000000e+00   2.512967e+03   9.998779e-01   9.998779e-01   1.154938e-01
  2.000000e-02  -0.000000e+00   2.512967e+03   9.998779e-01   9.998779e-01   1.154938e-01
  2.000000e-02  -0.000000e+00   2.510514e+03   9.989020e-01   9.989020e-01   1.153914e-01
  2.000000e-02  -0.000000e+00   2.505616e+03   9.969529e-01   9.969529e-01   1.154938e-01
  2.000000e-02  -0.000000e+00   2.498286e+03   9.940364e-01   9.940364e-01   1.154938e-01
  2.000000e-02  -0.000000e+00   2.498286e+03   9.940364e-01   9.940364e-01   1.154938e-01
  2.000000e-02  -0.000000e+00   2.505616e+03   9.969529e-01   9.969529e-01   1.156988e-01
  2.000000e-02  -0.000000e+00   2.510514e+03   9.989020e-01   9.989020e-01   1.152889e-01
  2.000000e-02  -0.000000e+00   2.512967e+03   9.998779e-01   9.998779e-01   1.154938e-01
  2.000000e-02  -0.000000e+00   2.512967e+03   9.998779e-01   9.998779e-01   1.154938e-01
  2.000000e-02  -0.000000e+00   2.510514e+03   9.989020e-01   9.989020e-01   1.154938e-01
  2.000745e-02  -0.000000e+00   2.504683e+03   9.969529e-01   9.969529e-01   1.154938e-01
  2.000000e-02  -0.000000e+00   2.498286e+03   9.940364e-01   9.940364e-01   1.156926e-01
  2.000000e-02  -0.000000e+00   2.498286e+03   9.940364e-01   9.940364e-01   1.154939e-01
  2.000000e-02  -0.000000e+00   2.505616e+03   9.969529e-01   9.969529e-01   1.154938e-01
  2.000000e-02  -0.000000e+00   2.510514e+03   9.989020e-01   9.989020e-01   1.154938e-01
  2.000000e-02  -0.000000e+00   2.512967e+03   9.998779e-01   9.998779e-01   1.154938e-01
  2.000000e-02  -0.000000e+00   2.512967e+03   9.998779e-01   9.998779e-01   1.154939e-01
  2.000000e-02  -0.000000e+00   2.510514e+03   9.989020e-01   9.989020e-01   1.154938e-01
  2.000000e-02  -0.000000e+00   2.505616e+03   9.969529e-01   9.969529e-01   1.154938e-01
  2.000000e-02  -0.000000e+00   2.498286e+03   9.940364e-01   9.940364e-01   1.154938e-01
  2.000000e-02  -0.000000e+00   2.498286e+03   9.940364e-01   9.940364e-01   1.154939e-01
  2.000000e-02  -0.000000e+00   2.505616e+03   9.969529e-01   9.969529e-01   1.154938e-01
  1.998510e-02  -0.000000e+00   2.512386e+03   9.989020e-01   9.989020e-01   1.152889e-01
  2.000000e-02  -0.000000e+00   2.512967e+03   9.998779e-01   9.998779e-01   1.156988e-01
  2.000000e-02  -0.000000e+00   2.512967e+03   9.998779e-01   9.998779e-01   1.154939e-01
  2.000000e-02  -0.000000e+00   2.510514e+03   9.989020e-01   9.989020e-01   1.154938e-01
  2.000000e-02  -0.000000e+00   2.505616e+03   9.969529e-01   9.969529e-01   1.154938e-01
  2.000000e-02  -0.000000e+00   2.498286e+03   9.940364e-01   9.940364e-01   1.154939e-01
  2.000000e-02  -0.000000e+00   2.498286e+03   9.940364e-01   9.941984e-01   1.154938e-01
  2.000000e-02  -0.000000e+00   2.505616e+03   9.969529e-01   9.969529e-01   1.154938e-01
  2.000000e-02  -0.000000e+00   2.510514e+03   9.989020e-01   9.989020e-01   1.154938e-01
  2.000000e-02  -0.000000e+00   2.512967e+03   9.998779e-01   9.998779e-01   1.156988e-01
  2.000000e-02  -0.000000e+00   2.512967e+03   9.998779e-01   9.998779e-01   1.154938e-01
  2.000000e-02  -0.000000e+00   2.510514e+03   9.989020e-01   9.989020e-01   1.154938e-01
  2.000000e-02  -0.000000e+00   2.505616e+03   9.969529e-01   9.969529e-01   1.154938e-01
  2.000000e-02  -0.000000e+00   2.498286e+03   9.940364e-01   9.940162e-01   1.154938e-01
  2.000000e-02  -0.000000e+00   2.498286e+03   9.940364e-01   9.938745e-01   1.154938e-01
  2.000000e-02  -0.000000e+00   2.505616e+03   9.969529e-01   9.969529e-01   1.154938e-01
  2.000000e-02  -0.000000e+00   2.510514e+03   9.989020e-01   9.989020e-01   1.154939e-01
  2.000000e-02  -0.000000e+00   2.512967e+03   9.998779e-01   9.998779e-01   1.154939e-01
  2.000000e-02  -0.000000e+00   2.512967e+03   9.998779e-01   9.998779e-01   1.154938e-01
  2.000000e-02  -0.000000e+00   2.510514e+03   9.989020e-01   9.989020e-01   1.155963e-01
  2.000000e-02  -0.000000e+00   2.505616e+03   9.969529e-01   9.971204e-01   1.154938e-01
  2.000000e-02  -0.000000e+00   2.498286e+03   9.940364e-01   9.940364e-01   1.154938e-01
  2.000000e-02  -0.000000e+00   2.498286e+03   9.940364e-01   9.941984e-01   1.154938e-01
  2.000000e-02  -0.000000e+00   2.505616e+03   9.969529e-01   9.969529e-01   1.152889e-01
  2.000000e-02  -0.000000e+00   2.510514e+03   9.989020e-01   9.989020e-01   1.154938e-01
  2.000000e-02  -0.000000e+00   2.512967e+03   9.998779e-01   9.998779e-01   1.154938e-01
  2.000000e-02  -0.000000e+00   2.512967e+03   9.998779e-01   9.998779e-01   1.154939e-01
  2.000000e-02  -0.000000e+00   2.510514e+03   9.989020e-01   9.989020e-01   1.154938e-01
  2.000000e-02  -0.000000e+00   2.505616e+03   9.969529e-01   9.969529e-01   1.154938e-01
  2.000000e-02  -0.000000e+00   2.498286e+03   9.940364e-01   9.940364e-01   1.154938e-01
  2.000000e-02  -0.000000e+00   2.498286e+03   9.940364e-01   9.941174e-01   1.154938e-01
  2.000000e-02  -0.000000e+00   2.505616e+03   9.969529e-01   9.969529e-01   1.154938e-01
  2.001491e-02  -0.000000e+00   2.508645e+03   9.989020e-01   9.989020e-01   1.154938e-01
  2.000000e-02  -0.000000e+00   2.512967e+03   9.998779e-01   9.998779e-01   1.154938e-01
  1.998510e-02  -0.000000e+00   2.514841e+03   9.998779e-01   9.997939e-01   1.154938e-01
  2.000000e-02  -0.000000e+00   2.510514e+03   9.989020e-01   9.990698e-01   1.154938e-01
  2.000000e-02  -0.000000e+00   2.505616e+03   9.969529e-01   9.969529e-01   1.154939e-01
  2.000000e-02  -0.000000e+00   2.498286e+03   9.940364e-01   9.940364e-01   1.155931e-01
  2.000000e-02  -0.000000e+00   2.498286e+03   9.940364e-01   9.940364e-01   1.154938e-01
  2.000000e-02  -0.000000e+00   2.505616e+03   9.969529e-01   9.969529e-01   1.154938e-01
  2.000000e-02  -0.000000e+00   2.510514e+03   9.989020e-01   9.989020e-01   1.154938e-01
  2.000000e-02  -0.000000e+00   2.512967e+03   9.998779e-01   9.997099e-01   1.154938e-01
  2.000000e-02  -0.000000e+00   2.512967e+03   9.998779e-01   9.998779e-01   1.154938e-01
  2.000000e-02  -0.000000e+00   2.510514e+03   9.989020e-01   9.989020e-01   1.154938e-01
  2.000000e-02  -0.000000e+00   2.505616e+03   9.969529e-01   9.969529e-01   1.154938e-01
  1.999278e-02  -0.000000e+00   2.499189e+03   9.940364e-01   9.941984e-01   1.154939e-01
  2.000000e-02  -0.000000e+00   2.498286e+03   9.940364e-01   9.940364e-01   1.154938e-01
  2.000000e-02  -0.000000e+00   2.505616e+03   9.969529e-01   9.969529e-01   1.154938e-01
  2.000000e-02  -0.000000e+00   2.510514e+03   9.989020e-01   9.989020e-01   1.154938e-01
  2.001491e-02  -0.000000e+00   2.511096e+03   9.998779e-01   9.998779e-01   1.154939e-01
  2.000000e-02  -0.000000e+00   2.512967e+03   9.998779e-01   9.998779e-01   1.154938e-01
  2.000000e-02  -0.000000e+00   2.510514e+03   9.989020e-01   9.989020e-01   1.154938e-01
  2.000000e-02  -0.000000e+00   2.505616e+03   9.969529e-01   9.969529e-01   1.154938e-01
  2.000000e-02  -0.000000e+00   2.498286e+03   9.940364e-01   9.940364e-01   1.154938e-01
  2.000000e-02  -0.000000e+00   2.498286e+03   9.940364e-01   9.940364e-01   1.154938e-01
  2.000000e-02  -0.000000e+00   2.505616e+03   9.969529e-01   9.969529e-01   1.154938e-01
  2.000000e-02  -0.000000e+00   2.510514e+03   9.989020e-01   9.989020e-01   1.154938e-01
  2.000000e-02  -0.000000e+00   2.512967e+03   9.998779e-01   9.998779e-01   1.154938e-01
  1.998510e-02  -0.000000e+00   2.514841e+03   9.998779e-01   9.997099e-01   1.154938e-01
  2.000000e-02  -0.000000e+00   2.510514e+03   9.989020e-01   9.989020e-01   1.154938e-01
  2.000000e-02  -0.000000e+00   2.505616e+03   9.969529e-01   9.969529e-01   1.154938e-01
  2.000000e-02  -0.000000e+00   2.498286e+03   9.940364e-01   9.940364e-01   1.154938e-01
  2.000000e-02  -0.000000e+00   2.498286e+03   9.940364e-01   9.940769e-01   1.154938e-01
  2.000000e-02  -0.000000e+00   2.505616e+03   9.969529e-01   9.969529e-01   1.154938e-01
  2.000000e-02  -0.000000e+00   2.510514e+03   9.989020e-01   9.989020e-01   1.154938e-01
  2.000000e-02  -0.000000e+00   2.512967e+03   9.998779e-01   9.998779e-01   1.154938e-01
  2.001491e-02  -0.000000e+00   2.511096e+03   9.998779e-01   9.998779e-01   1.154938e-01
  2.000000e-02  -0.000000e+00   2.510514e+03   9.989020e-01   9.989020e-01   1.154938e-01
  1.999255e-02  -0.000000e+00   2.506550e+03   9.969529e-01   9.969529e-01   1.154938e-01
  2.000000e-02  -0.000000e+00   2.498286e+03   9.940364e-01   9.940364e-01   1.154938e-01
  2.000000e-02  -0.000000e+00   2.498286e+03   9.940364e-01   9.940364e-01   1.153945e-01
  1.998510e-02  -0.000000e+00   2.507484e+03   9.969529e-01   9.969529e-01   1.155963e-01
  2.000000e-02  -0.000000e+00   2.510514e+03   9.989020e-01   9.989020e-01   1.154938e-01
  2.000000e-02  -0.000000e+00   2.512967e+03   9.998779e-01   9.998779e-01   1.154938e-01
  2.000000e-02  -0.000000e+00   2.512967e+03   9.998779e-01   9.998779e-01   1.154939e-01
  1.998510e-02  -0.000000e+00   2.512386e+03   9.989020e-01   9.985663e-01   1.154938e-01
  2.000000e-02  -0.000000e+00   2.505616e+03   9.969529e-01   9.969529e-01   1.154938e-01
  2.000723e-02  -0.000000e+00   2.497384e+03   9.940364e-01   9.940364e-01   1.154938e-01
  2.000000e-02  -0.000000e+00   2.498286e+03   9.940364e-01   9.940364e-01   1.153944e-01
  2.000000e-02  -0.000000e+00   2.505616e+03   9.969529e-01   9.969529e-01   1.154938e-01
  2.000000e-02  -0.000000e+00   2.510514e+03   9.989020e-01   9.989020e-01   1.153913e-01
  2.000000e-02  -0.000000e+00   2.512967e+03   9.998779e-01   9.998779e-01   1.154938e-01
  2.000000e-02  -0.000000e+00   2.512967e+03   9.998779e-01   9.998779e-01   1.154938e-01
  2.000000e-02  -0.000000e+00   2.510514e+03   9.989020e-01   9.989020e-01   1.154938e-01
  2.000000e-02  -0.000000e+00   2.505616e+03   9.969529e-01   9.969529e-01   1.154938e-01
  2.000000e-02  -0.000000e+00   2.498286e+03   9.940364e-01   9.940364e-01   1.154939e-01
  2.000000e-02  -0.000000e+00   2.498286e+03   9.940364e-01   9.940364e-01   1.154938e-01
  1.999255e-02  -0.000000e+00   2.506550e+03   9.969529e-01   9.969529e-01   1.154938e-01
  2.000000e-02  -0.000000e+00   2.510514e+03   9.989020e-01   9.989020e-01   1.154938e-01
  2.000000e-02  -0.000000e+00   2.512967e+03   9.998779e-01   9.998779e-01   1.154938e-01
  2.000000e-02  -0.000000e+00   2.512967e+03   9.998779e-01   9.998779e-01   1.154938e-01
  2.000745e-02  -0.000000e+00   2.509579e+03   9.989020e-01   9.989020e-01   1.154938e-01
  2.000000e-02  -0.000000e+00   2.505616e+03   9.969529e-01   9.969529e-01   1.154938e-01
  2.000000e-02  -0.000000e+00   2.498286e+03   9.940364e-01   9.943603e-01   1.154939e-01
  2.000000e-02  -0.000000e+00   2.498286e+03   9.940364e-01   9.940364e-01   1.154938e-01
  2.000000e-02  -0.000000e+00   2.505616e+03   9.969529e-01   9.969529e-01   1.154938e-01
  2.000000e-02  -0.000000e+00   2.510514e+03   9.989020e-01   9.989020e-01   1.154938e-01
  2.000000e-02  -0.000000e+00   2.512967e+03   9.998779e-01   1.000046e+00   1.154938e-01
  2.000000e-02  -0.000000e+00   2.512967e+03   9.998779e-01   9.998779e-01   1.154938e-01
  2.000000e-02  -0.000000e+00   2.510514e+03   9.989020e-01   9.989020e-01   1.154938e-01
  2.000000e-02  -0.000000e+00   2.505616e+03   9.969529e-01   9.969529e-01   1.154938e-01
  2.000000e-02  -0.000000e+00   2.498286e+03   9.940364e-01   9.940364e-01   1.154939e-01
  2.000000e-02  -0.000000e+00   2.498286e+03   9.940364e-01   9.940364e-01   1.154938e-01
  2.000000e-02  -0.000000e+00   2.505616e+03   9.969529e-01   9.969529e-01   1.154938e-01
  2.000000e-02  -0.000000e+00   2.510514e+03   9.989020e-01   9.989020e-01   1.154938e-01
  2.000000e-02  -0.000000e+00   2.512967e+03   9.998779e-01   9.998779e-01   1.154938e-01
  2.000000e-02  -0.000000e+00   2.512967e+03   9.998779e-01   9.998779e-01   1.154938e-01
  2.000000e-02  -0.000000e+00   2.510514e+03   9.989020e-01   9.989020e-01   1.154938e-01
  2.000000e-02  -0.000000e+00   2.505616e+03   9.969529e-01   9.969529e-01   1.154938e-01
  2.000000e-02  -0.000000e+00   2.498286e+03   9.940364e-01   9.938745e-01   1.154938e-01
  2.000000e-02  -0.000000e+00   2.498286e+03   9.940364e-01   9.940364e-01   1.154939e-01
  2.000000e-02  -0.000000e+00   2.505616e+03   9.969529e-01   9.969529e-01   1.154938e-01
  2.000000e-02  -0.000000e+00   2.510514e+03   9.989020e-01   9.989020e-01   1.154939e-01
  2.000000e-02  -0.000000e+00   2.512967e+03   9.998779e-01   9.998779e-01   1.154938e-01
  2.000000e-02  -0.000000e+00   2.512967e+03   9.998779e-01   9.998779e-01   1.154938e-01
  2.000000e-02  -0.000000e+00   2.510514e+03   9.989020e-01   9.989020e-01   1.154938e-01
  2.000000e-02  -0.000000e+00   2.505616e+03   9.969529e-01   9.969529e-01   1.153913e-01
  2.000000e-02  -0.000000e+00   2.498286e+03   9.940364e-01   9.940364e-01   1.154938e-01
  2.000000e-02  -0.000000e+00   2.498286e+03   9.940364e-01   9.940364e-01   1.154938e-01
  2.000000e-02  -0.000000e+00   2.505616e+03   9.969529e-01   9.969529e-01   1.154938e-01
  2.000000e-02  -0.000000e+00   2.510514e+03   9.989020e-01   9.989020e-01   1.154939e-01
  2.000000e-02  -0.000000e+00   2.512967e+03   9.998779e-01   9.998779e-01   1.154938e-01
  2.000000e-02  -0.000000e+00   2.512967e+03   9.998779e-01   9.998779e-01   1.154938e-01
  2.000000e-02  -0.000000e+00   2.510514e+03   9.989020e-01   9.989020e-01   1.154938e-01
  2.000000e-02  -0.000000e+00   2.505616e+03   9.969529e-01   9.969529e-01   1.154938e-01
  2.000000e-02  -0.000000e+00   2.498286e+03   9.940364e-01   9.940364e-01   1.154938e-01
  2.000000e-02  -0.000000e+00   2.498286e+03   9.940364e-01   9.940364e-01   1.154938e-01
  2.000000e-02  -0.000000e+00   2.505616e+03   9.969529e-01   9.969529e-01   1.154938e-01
  2.000000e-02  -0.000000e+00   2.510514e+03   9.989020e-01   9.989020e-01   1.154938e-01
  2.000000e-02  -0.000000e+00   2.512967e+03   9.998779e-01   9.998779e-01   1.154938e-01
  2.000000e-02  -0.000000e+00   2.512967e+03   9.998779e-01   9.998779e-01   1.154938e-01
  2.000000e-02  -0.000000e+00   2.510514e+03   9.989020e-01   9.989020e-01   1.154938e-01
  2.000000e-02  -0.000000e+00   2.505616e+03   9.969529e-01   9.969529e-01   1.154938e-01
  2.001445e-02  -0.000000e+00   2.496482e+03   9.940364e-01   9.940364e-01   1.154938e-01
  2.000000e-02  -0.000000e+00   2.498286e+03   9.940364e-01   9.940364e-01   1.154938e-01
  2.000000e-02  -0.000000e+00   2.505616e+03   9.969529e-01   9.969529e-01   1.154939e-01
  2.000000e-02  -0.000000e+00   2.510514e+03   9.989020e-01   9.989020e-01   1.154938e-01
  2.000000e-02  -0.000000e+00   2.512967e+03   9.998779e-01   9.998779e-01   1.154938e-01
  2.000000e-02  -0.000000e+00   2.512967e+03   9.998779e-01   9.998779e-01   1.154938e-01
  2.000000e-02  -0.000000e+00   2.510514e+03   9.989020e-01   9.989020e-01   1.154938e-01
  2.000000e-02  -0.000000e+00   2.505616e+03   9.969529e-01   9.970367e-01   1.154938e-01
  2.000000e-02  -0.000000e+00   2.498286e+03   9.940364e-01   9.940364e-01   1.154938e-01
  2.000000e-02  -0.000000e+00   2.498286e+03   9.940364e-01   9.940364e-01   1.154938e-01
  2.000000e-02  -0.000000e+00   2.505616e+03   9.969529e-01   9.969529e-01   1.154938e-01
  2.000000e-02  -0.000000e+00   2.510514e+03   9.989020e-01   9.989020e-01   1.154938e-01
  2.000000e-02  -0.000000e+00   2.512967e+03   9.998779e-01   9.998779e-01   1.154938e-01
  2.000000e-02  -0.000000e+00   2.512967e+03   9.998779e-01   9.997099e-01   1.154938e-01
  2.000000e-02  -0.000000e+00   2.510514e+03   9.989020e-01   9.989020e-01   1.154938e-01
  2.000000e-02  -0.000000e+00   2.505616e+03   9.969529e-01   9.969529e-01   1.154425e-01
  2.000000e-02  -0.000000e+00   2.498286e+03   9.940364e-01   9.940364e-01   1.154938e-01
  2.000000e-02  -0.000000e+00   2.498286e+03   9.940364e-01   9.940364e-01   1.154938e-01
  2.000000e-02  -0.000000e+00   2.505616e+03   9.969529e-01   9.969529e-01   1.154939e-01
  2.000000e-02  -0.000000e+00   2.510514e+03   9.989020e-01   9.989020e-01   1.154938e-01
  2.000000e-02  -0.000000e+00   2.512967e+03   9.998779e-01   9.998779e-01   1.154938e-01
  2.000000e-02  -0.000000e+00   2.512967e+03   9.998779e-01   9.998779e-01   1.154938e-01
  2.000000e-02  -0.000000e+00   2.510514e+03   9.989020e-01   9.989020e-01   1.154938e-01
  2.000000e-02  -0.000000e+00   2.505616e+03   9.969529e-01   9.969529e-01   1.154938e-01
  2.000000e-02  -0.000000e+00   2.498286e+03   9.940364e-01   9.940364e-01   1.154938e-01
  2.000000e-02  -0.000000e+00   2.498286e+03   9.940364e-01   9.940364e-01   1.154938e-01
  2.000000e-02  -0.000000e+00   2.505616e+03   9.969529e-01   9.969529e-01   1.154938e-01
  2.000000e-02  -0.000000e+00   2.510514e+03   9.989020e-01   9.989020e-01   1.154938e-01
  2.000000e-02  -0.000000e+00   2.512967e+03   9.998779e-01   9.998779e-01   1.154938e-01
  2.000000e-02  -0.000000e+00   2.512967e+03   9.998779e-01   9.998779e-01   1.154939e-01
  2.000000e-02  -0.000000e+00   2.510514e+03   9.989020e-01   9.989020e-01   1.154938e-01
  2.000000e-02  -0.000000e+00   2.505616e+03   9.969529e-01   9.969529e-01   1.154938e-01
  2.000000e-02  -0.000000e+00   2.498286e+03   9.940364e-01   9.940364e-01   1.154938e-01
  2.000000e-02  -0.000000e+00   2.498286e+03   9.940364e-01   9.940364e-01   1.154938e-01
  2.000000e-02  -0.000000e+00   2.505616e+03   9.969529e-01   9.969529e-01   1.154938e-01
  2.000000e-02  -0.000000e+00   2.510514e+03   9.989020e-01   9.989020e-01   1.154938e-01
  2.000000e-02  -0.000000e+00   2.512967e+03   9.998779e-01   9.998779e-01   1.154939e-01
  2.000000e-02  -0.000000e+00   2.512967e+03   9.998779e-01   9.998779e-01   1.154938e-01
  2.000000e-02  -0.000000e+00   2.510514e+03   9.989020e-01   9.989020e-01   1.154938e-01
  2.000000e-02  -0.000000e+00   2.505616e+03   9.969529e-01   9.969529e-01   1.154938e-01
  2.000000e-02  -0.000000e+00   2.498286e+03   9.940364e-01   9.941984e-01   1.154939e-01
  2.000000e-02  -0.000000e+00   2.498286e+03   9.940364e-01   9.940364e-01   1.154938e-01
  2.000000e-02  -0.000000e+00   2.505616e+03   9.969529e-01   9.969529e-01   1.154938e-01
  1.999627e-02  -0.000000e+00   2.510982e+03   9.989020e-01   9.989020e-01   1.154938e-01
  2.000000e-02  -0.000000e+00   2.512967e+03   9.998779e-01   9.998779e-01   1.154938e-01
  2.000000e-02  -0.000000e+00   2.512967e+03   9.998779e-01   9.998779e-01   1.154938e-01
  2.000000e-02  -0.000000e+00   2.510514e+03   9.989020e-01   9.989020e-01   1.154938e-01
  2.000000e-02  -0.000000e+00   2.505616e+03   9.969529e-01   9.969529e-01   1.154938e-01
  2.000000e-02  -0.000000e+00   2.498286e+03   9.940364e-01   9.940364e-01   1.154938e-01
  2.000000e-02  -0.000000e+00   2.498286e+03   9.940364e-01   9.940364e-01   1.154939e-01
  2.000000e-02  -0.000000e+00   2.505616e+03   9.969529e-01   9.969529e-01   1.153913e-01
  2.000000e-02  -0.000000e+00   2.510514e+03   9.989020e-01   9.989020e-01   1.154938e-01
  2.000000e-02  -0.000000e+00   2.512967e+03   9.998779e-01   9.998779e-01   1.154938e-01
  2.000000e-02  -0.000000e+00   2.512967e+03   9.998779e-01   9.998779e-01   1.154938e-01
  2.000000e-02  -0.000000e+00   2.510514e+03   9.989020e-01   9.989020e-01   1.154938e-01
  2.000000e-02  -0.000000e+00   2.505616e+03   9.969529e-01   9.969529e-01   1.154938e-01
  2.000000e-02  -0.000000e+00   2.498286e+03   9.940364e-01   9.937125e-01   1.154938e-01
  2.000000e-02  -0.000000e+00   2.498286e+03   9.940364e-01   9.940364e-01   1.154938e-01
  2.000000e-02  -0.000000e+00   2.505616e+03   9.969529e-01   9.969529e-01   1.154938e-01
  2.000000e-02  -0.000000e+00   2.510514e+03   9.989020e-01   9.989020e-01   1.154938e-01
  2.000000e-02  -0.000000e+00   2.512967e+03   9.998779e-01   9.998779e-01   1.154939e-01
  2.000000e-02  -0.000000e+00   2.512967e+03   9.998779e-01   9.998779e-01   1.154938e-01
  2.000000e-02  -0.000000e+00   2.510514e+03   9.989020e-01   9.989020e-01   1.154938e-01
  2.000000e-02  -0.000000e+00   2.505616e+03   9.969529e-01   9.969529e-01   1.154938e-01
  2.000000e-02  -0.000000e+00   2.498286e+03   9.940364e-01   9.940364e-01   1.154938e-01
  2.000000e-02  -0.000000e+00   2.498286e+03   9.940364e-01   9.940364e-01   1.154938e-01
  2.000000e-02  -0.000000e+00   2.505616e+03   9.969529e-01   9.969529e-01   1.154939e-01
  2.000000e-02  -0.000000e+00   2.510514e+03   9.989020e-01   9.989020e-01   1.154939e-01
  2.000000e-02  -0.000000e+00   2.512967e+03   9.998779e-01   9.995419e-01   1.154939e-01
  2.000000e-02  -0.000000e+00   2.512967e+03   9.998779e-01   9.998779e-01   1.154938e-01
  2.000000e-02  -0.000000e+00   2.510514e+03   9.989020e-01   9.989020e-01   1.154938e-01
  2.000000e-02  -0.000000e+00   2.505616e+03   9.969529e-01   9.969529e-01   1.154938e-01
  2.000000e-02  -0.000000e+00   2.498286e+03   9.940364e-01   9.940364e-01   1.154938e-01
  2.000000e-02  -0.000000e+00   2.498286e+03   9.940364e-01   9.940364e-01   1.154938e-01
  1.999300e-02  -0.000000e+00   2.506494e+03   9.969529e-01   9.969529e-01   1.154938e-01
  2.000701e-02  -0.000000e+00   2.509635e+03   9.989020e-01   9.989020e-01   1.154938e-01
  2.000000e-02  -0.000000e+00   2.512967e+03   9.998779e-01   9.998779e-01   1.154938e-01
  2.000000e-02  -0.000000e+00   2.512967e+03   9.998779e-01   9.998779e-01   1.154938e-01
  2.000000e-02  -0.000000e+00   2.510514e+03   9.989020e-01   9.989020e-01   1.154938e-01
  2.000000e-02  -0.000000e+00   2.505616e+03   9.969529e-01   9.969529e-01   1.154938e-01
  2.000000e-02  -0.000000e+00   2.498286e+03   9.940364e-01   9.940364e-01   1.154938e-01
  2.000000e-02  -0.000000e+00   2.498286e+03   9.940364e-01   9.940364e-01   1.319733e-01
  2.000000e-02  -0.000000e+00   2.505616e+03   9.969529e-01   9.969529e-01   1.321793e-01
  2.000000e-02  -0.000000e+00   2.510514e+03   9.989020e-01   9.989020e-01   1.319733e-01
  1.999300e-02  -0.000000e+00   2.513848e+03   9.998779e-01   1.000194e+00   1.319733e-01
  2.000000e-02  -0.000000e+00   2.512967e+03   9.998779e-01   9.998779e-01   1.319733e-01
  2.000000e-02  -0.000000e+00   2.510514e+03   9.989020e-01   9.989020e-01   1.319733e-01
  2.000701e-02  -0.000000e+00   2.504739e+03   9.969529e-01   9.969529e-01   1.319733e-01
  2.000000e-02  -0.000000e+00   2.498286e+03   9.940364e-01   9.940364e-01   1.319733e-01
  2.000000e-02  -0.000000e+00   2.498286e+03   9.940364e-01   9.940364e-01   1.319733e-01
  2.000000e-02  -0.000000e+00   2.505616e+03   9.969529e-01   9.969529e-01   1.319733e-01
  2.000000e-02  -0.000000e+00   2.510514e+03   9.989020e-01   9.989020e-01   1.319733e-01
  2.000000e-02  -0.000000e+00   2.512967e+03   9.998779e-01   9.998779e-01   1.319733e-01
  2.000000e-02  -0.000000e+00   2.512967e+03   9.998779e-01   9.998779e-01   1.319733e-01
  2.000000e-02  -0.000000e+00   2.510514e+03   9.989020e-01   9.989020e-01   1.319733e-01
  2.000000e-02  -0.000000e+00   2.505616e+03   9.969529e-01   9.969529e-01   1.320763e-01
  2.000000e-02  -0.000000e+00   2.498286e+03   9.940364e-01   9.943504e-01   1.319733e-01
  2.000000e-02  -0.000000e+00   2.498286e+03   9.940364e-01   9.940364e-01   1.319733e-01
  2.000000e-02  -0.000000e+00   2.505616e+03   9.969529e-01   9.969529e-01   1.319733e-01
  2.000000e-02  -0.000000e+00   2.510514e+03   9.989020e-01   9.989020e-01   1.319733e-01
  2.000000e-02  -0.000000e+00   2.512967e+03   9.998779e-01   9.998779e-01   1.319733e-01
  2.000000e-02  -0.000000e+00   2.512967e+03   9.998779e-01   9.997990e-01   1.319733e-01
  2.000000e-02  -0.000000e+00   2.510514e+03   9.989020e-01   9.989020e-01   1.319733e-01
  2.000000e-02  -0.000000e+00   2.505616e+03   9.969529e-01   9.969529e-01   1.319733e-01
  2.000000e-02  -0.000000e+00   2.498286e+03   9.940364e-01   9.940364e-01   1.319733e-01
  2.000000e-02  -0.000000e+00   2.498286e+03   9.940364e-01   9.940364e-01   1.319733e-01
  2.000000e-02  -0.000000e+00   2.505616e+03   9.969529e-01   9.969529e-01   1.319733e-01
  2.000000e-02  -0.000000e+00   2.510514e+03   9.989020e-01   9.989020e-01   1.317674e-01
  2.000000e-02  -0.000000e+00   2.512967e+03   9.998779e-01   9.998779e-01   1.319733e-01
  2.000000e-02  -0.000000e+00   2.512967e+03   9.998779e-01   9.998779e-01   1.319733e-01
  2.000000e-02  -0.000000e+00   2.510514e+03   9.989020e-01   9.989020e-01   1.319733e-01
  2.000000e-02  -0.000000e+00   2.505616e+03   9.969529e-01   9.969529e-01   1.319733e-01
  2.000000e-02  -0.000000e+00   2.498286e+03   9.940364e-01   9.940364e-01   1.319733e-01
  2.000000e-02  -0.000000e+00   2.498286e+03   9.940364e-01   9.940364e-01   1.319733e-01
  2.000000e-02  -0.000000e+00   2.505616e+03   9.969529e-01   9.969529e-01   1.319733e-01
  2.000000e-02  -0.000000e+00   2.510514e+03   9.989020e-01   9.989020e-01   1.319733e-01
  2.000000e-02  -0.000000e+00   2.512967e+03   9.998779e-01   9.998779e-01   1.319733e-01
  2.000000e-02  -0.000000e+00   2.512967e+03   9.998779e-01   9.998779e-01   1.319733e-01
  2.000000e-02  -0.000000e+00   2.510514e+03   9.989020e-01   9.989020e-01   1.319733e-01
  2.000000e-02  -0.000000e+00   2.505616e+03   9.969529e-01   9.969529e-01   1.319733e-01
  2.000000e-02  -0.000000e+00   2.498286e+03   9.940364e-01   9.940364e-01   1.319734e-01
  2.000000e-02  -0.000000e+00   2.498286e+03   9.940364e-01   9.940364e-01   1.319733e-01
  2.000000e-02  -0.000000e+00   2.505616e+03   9.969529e-01   9.969529e-01   1.319733e-01
  2.000000e-02  -0.000000e+00   2.510514e+03   9.989020e-01   9.989020e-01   1.319733e-01
  2.000000e-02  -0.000000e+00   2.512967e+03   9.998779e-01   9.998779e-01   1.319733e-01
  2.000000e-02  -0.000000e+00   2.512967e+03   9.998779e-01   9.998779e-01   1.319733e-01
  2.000000e-02  -0.000000e+00   2.510514e+03   9.989020e-01   9.989020e-01   1.319733e-01
  2.000000e-02  -0.000000e+00   2.505616e+03   9.969529e-01   9.969529e-01   1.319733e-01
  2.000000e-02  -0.000000e+00   2.498286e+03   9.940364e-01   9.940364e-01   1.319733e-01
  2.000000e-02  -0.000000e+00   2.498286e+03   9.940364e-01   9.939579e-01   1.319733e-01
  2.000000e-02  -0.000000e+00   2.505616e+03   9.969529e-01   9.969529e-01   1.319733e-01
  2.000000e-02  -0.000000e+00   2.510514e+03   9.989020e-01   9.989020e-01   1.319733e-01
  2.000000e-02  -0.000000e+00   2.512967e+03   9.998779e-01   9.998779e-01   1.319733e-01
  2.000000e-02  -0.000000e+00   2.512967e+03   9.998779e-01   9.998779e-01   1.319733e-01
  2.000000e-02  -0.000000e+00   2.510514e+03   9.989020e-01   9.989020e-01   1.319733e-01
  2.000000e-02  -0.000000e+00   2.505616e+03   9.969529e-01   9.969529e-01   1.321793e-01
  2.000000e-02  -0.000000e+00   2.498286e+03   9.940364e-01   9.940364e-01   1.319733e-01
  2.000000e-02  -0.000000e+00   2.498286e+03   9.940364e-01   9.940364e-01   1.319733e-01
  2.000000e-02  -0.000000e+00   2.505616e+03   9.969529e-01   9.969529e-01   1.319733e-01
  2.000000e-02  -0.000000e+00   2.510514e+03   9.989020e-01   9.989020e-01   1.319733e-01
  2.000000e-02  -0.000000e+00   2.512967e+03   9.998779e-01   9.998779e-01   1.319733e-01
  2.000000e-02  -0.000000e+00   2.512967e+03   9.998779e-01   9.998779e-01   1.319733e-01
  2.000000e-02  -0.000000e+00   2.510514e+03   9.989020e-01   9.989809e-01   1.319733e-01
  2.000000e-02  -0.000000e+00   2.505616e+03   9.969529e-01   9.969529e-01   1.319733e-01
  2.000000e-02  -0.000000e+00   2.498286e+03   9.940364e-01   9.940364e-01   1.321793e-01
  2.000000e-02  -0.000000e+00   2.498286e+03   9.940364e-01   9.940364e-01   1.319733e-01
  2.000000e-02  -0.000000e+00   2.505616e+03   9.969529e-01   9.969529e-01   1.319733e-01
  2.000000e-02  -0.000000e+00   2.510514e+03   9.989020e-01   9.989020e-01   1.319733e-01
  2.000000e-02  -0.000000e+00   2.512967e+03   9.998779e-01   9.998779e-01   1.319733e-01
  2.000000e-02  -0.000000e+00   2.512967e+03   9.998779e-01   9.998779e-01   1.319733e-01
  2.000000e-02  -0.000000e+00   2.510514e+03   9.989020e-01   9.989020e-01   1.319733e-01
  2.000000e-02  -0.000000e+00   2.505616e+03   9.969529e-01   9.969529e-01   1.318703e-01
  2.000000e-02  -0.000000e+00   2.498286e+03   9.940364e-01   9.940364e-01   1.319733e-01
  2.000000e-02  -0.000000e+00   2.498286e+03   9.940364e-01   9.940364e-01   1.319733e-01
  2.000000e-02  -0.000000e+00   2.505616e+03   9.969529e-01   9.969529e-01   1.319733e-01
  2.000000e-02  -0.000000e+00   2.510514e+03   9.989020e-01   9.989020e-01   1.319733e-01
  2.000000e-02  -0.000000e+00   2.512967e+03   9.998779e-01   9.998779e-01   1.319733e-01
  2.000000e-02  -0.000000e+00   2.512967e+03   9.998779e-01   9.998779e-01   1.319733e-01
  2.000000e-02  -0.000000e+00   2.510514e+03   9.989020e-01   9.989020e-01   1.319733e-01
  2.000000e-02  -0.000000e+00   2.505616e+03   9.969529e-01   9.969529e-01   1.319733e-01
  2.000000e-02  -0.000000e+00   2.498286e+03   9.940364e-01   9.940364e-01   1.319733e-01
  2.000000e-02  -0.000000e+00   2.498286e+03   9.940364e-01   9.940364e-01   1.319733e-01
  2.000000e-02  -0.000000e+00   2.505616e+03   9.969529e-01   9.969529e-01   1.319733e-01
  2.000000e-02  -0.000000e+00   2.510514e+03   9.989020e-01   9.989020e-01   1.319733e-01
  2.000000e-02  -0.000000e+00   2.512967e+03   9.998779e-01   9.998779e-01   1.319733e-01
  2.000000e-02  -0.000000e+00   2.512967e+03   9.998779e-01   9.997200e-01   1.319733e-01
  2.000000e-02  -0.000000e+00   2.510514e+03   9.989020e-01   9.989020e-01   1.319733e-01
  2.000000e-02  -0.000000e+00   2.505616e+03   9.969529e-01   9.969529e-01   1.319733e-01
  2.000000e-02  -0.000000e+00   2.498286e+03   9.940364e-01   9.940364e-01   1.319733e-01
  2.000000e-02  -0.000000e+00   2.498286e+03   9.940364e-01   9.940364e-01   1.319733e-01
  2.000000e-02  -0.000000e+00   2.505616e+03   9.969529e-01   9.969529e-01   1.319733e-01
  2.000000e-02  -0.000000e+00   2.510514e+03   9.989020e-01   9.989020e-01   1.319733e-01
  2.000000e-02  -0.000000e+00   2.512967e+03   9.998779e-01   9.998779e-01   1.319733e-01
  2.000000e-02  -0.000000e+00   2.512967e+03   9.998779e-01   9.998779e-01   1.319733e-01
  2.000000e-02  -0.000000e+00   2.510514e+03   9.989020e-01   9.989020e-01   1.319733e-01
  2.000000e-02  -0.000000e+00   2.505616e+03   9.969529e-01   9.969529e-01   1.319733e-01
  2.000000e-02  -0.000000e+00   2.498286e+03   9.940364e-01   9.940364e-01   1.319733e-01
  2.000000e-02  -0.000000e+00   2.498286e+03   9.940364e-01   9.940364e-01   1.319733e-01
  2.000000e-02  -0.000000e+00   2.505616e+03   9.969529e-01   9.969529e-01   1.320763e-01
  1.998599e-02  -0.000000e+00   2.512274e+03   9.989020e-01   9.989020e-01   1.319733e-01
  2.000000e-02  -0.000000e+00   2.512967e+03   9.998779e-01   1.000194e+00   1.319733e-01
  2.000000e-02  -0.000000e+00   2.512967e+03   9.998779e-01   9.998779e-01   1.319733e-01
  1.999300e-02  -0.000000e+00   2.511394e+03   9.989020e-01   9.989020e-01   1.319733e-01
  2.000000e-02  -0.000000e+00   2.505616e+03   9.969529e-01   9.969529e-01   1.319733e-01
  2.000000e-02  -0.000000e+00   2.498286e+03   9.940364e-01   9.940364e-01   1.319733e-01
  2.000000e-02  -0.000000e+00   2.498286e+03   9.940364e-01   9.940364e-01   1.319733e-01
  2.000000e-02  -0.000000e+00   2.505616e+03   9.969529e-01   9.969529e-01   1.319733e-01
  2.001401e-02  -0.000000e+00   2.508757e+03   9.989020e-01   9.989020e-01   1.318703e-01
  2.000000e-02  -0.000000e+00   2.512967e+03   9.998779e-01   9.998779e-01   1.319733e-01
  2.000000e-02  -0.000000e+00   2.512967e+03   9.998779e-01   9.998779e-01   1.319733e-01
  1.999300e-02  -0.000000e+00   2.511394e+03   9.989020e-01   9.989020e-01   1.319733e-01
  2.000000e-02  -0.000000e+00   2.505616e+03   9.969529e-01   9.969529e-01   1.319733e-01
  2.000000e-02  -0.000000e+00   2.498286e+03   9.940364e-01   9.940364e-01   1.320763e-01
  2.000000e-02  -0.000000e+00   2.498286e+03   9.940364e-01   9.940364e-01   1.319733e-01
  2.000000e-02  -0.000000e+00   2.505616e+03   9.969529e-01   9.969529e-01   1.319733e-01
  2.000000e-02  -0.000000e+00   2.510514e+03   9.989020e-01   9.989020e-01   1.319733e-01
  2.000000e-02  -0.000000e+00   2.512967e+03   9.998779e-01   1.000194e+00   1.319733e-01
  2.000000e-02  -0.000000e+00   2.512967e+03   9.998779e-01   9.995621e-01   1.319733e-01
  2.000000e-02  -0.000000e+00   2.510514e+03   9.989020e-01   9.989020e-01   1.319733e-01
  2.000000e-02  -0.000000e+00   2.505616e+03   9.969529e-01   9.969529e-01   1.319733e-01
  2.000000e-02  -0.000000e+00   2.498286e+03   9.940364e-01   9.940364e-01   1.319733e-01
  2.000000e-02  -0.000000e+00   2.498286e+03   9.940364e-01   9.940364e-01   1.319733e-01
  2.000000e-02  -0.000000e+00   2.505616e+03   9.969529e-01   9.969529e-01   1.319733e-01
  2.000000e-02  -0.000000e+00   2.510514e+03   9.989020e-01   9.989020e-01   1.319733e-01
  2.000000e-02  -0.000000e+00   2.512967e+03   9.998779e-01   9.998779e-01   1.319733e-01
  2.000000e-02  -0.000000e+00   2.512967e+03   9.998779e-01   9.998779e-01   1.319733e-01
  2.000000e-02  -0.000000e+00   2.510514e+03   9.989020e-01   9.989020e-01   1.319733e-01
  2.000000e-02  -0.000000e+00   2.505616e+03   9.969529e-01   9.969529e-01   1.319733e-01
  2.000000e-02  -0.000000e+00   2.498286e+03   9.940364e-01   9.940364e-01   1.319733e-01
  2.000000e-02  -0.000000e+00   2.498286e+03   9.940364e-01   9.940364e-01   1.319733e-01
  2.000000e-02  -0.000000e+00   2.505616e+03   9.969529e-01   9.969529e-01   1.319733e-01
  2.000000e-02  -0.000000e+00   2.510514e+03   9.989020e-01   9.989020e-01   1.319733e-01
  2.000000e-02  -0.000000e+00   2.512967e+03   9.998779e-01   9.998779e-01   1.319733e-01
  2.000000e-02  -0.000000e+00   2.512967e+03   9.998779e-01   9.998779e-01   1.319733e-01
  2.000000e-02  -0.000000e+00   2.510514e+03   9.989020e-01   9.989020e-01   1.319733e-01
  2.000000e-02  -0.000000e+00   2.505616e+03   9.969529e-01   9.969529e-01   1.319733e-01
  2.000000e-02  -0.000000e+00   2.498286e+03   9.940364e-01   9.940364e-01   1.319733e-01
  2.000000e-02  -0.000000e+00   2.498286e+03   9.940364e-01   9.938794e-01   1.319733e-01
  2.000000e-02  -0.000000e+00   2.505616e+03   9.969529e-01   9.969529e-01   1.320763e-01
  2.000000e-02  -0.000000e+00   2.510514e+03   9.989020e-01   9.989020e-01   1.319733e-01
  2.000000e-02  -0.000000e+00   2.512967e+03   9.998779e-01   9.998779e-01   1.319733e-01
  2.000000e-02  -0.000000e+00   2.512967e+03   9.998779e-01   9.998779e-01   1.319733e-01
  2.000000e-02  -0.000000e+00   2.510514e+03   9.989020e-01   9.989020e-01   1.319733e-01
  2.000000e-02  -0.000000e+00   2.505616e+03   9.969529e-01   9.969529e-01   1.319733e-01
  2.000000e-02  -0.000000e+00   2.498286e+03   9.940364e-01   9.940364e-01   1.319733e-01
  2.000000e-02  -0.000000e+00   2.498286e+03   9.940364e-01   9.940364e-01   1.318704e-01
  2.000000e-02  -0.000000e+00   2.505616e+03   9.969529e-01   9.969529e-01   1.319733e-01
  2.000000e-02  -0.000000e+00   2.510514e+03   9.989020e-01   9.989020e-01   1.319733e-01
  2.000000e-02  -0.000000e+00   2.512967e+03   9.998779e-01   1.000036e+00   1.319733e-01
  2.000000e-02  -0.000000e+00   2.512967e+03   9.998779e-01   9.998779e-01   1.319733e-01
  2.000000e-02  -0.000000e+00   2.510514e+03   9.989020e-01   9.989020e-01   1.319733e-01
  2.000000e-02  -0.000000e+00   2.505616e+03   9.969529e-01   9.969529e-01   1.319733e-01
  2.000000e-02  -0.000000e+00   2.498286e+03   9.940364e-01   9.940364e-01   1.319733e-01
  2.000000e-02  -0.000000e+00   2.498286e+03   9.940364e-01   9.940364e-01   1.319733e-01
  2.000000e-02  -0.000000e+00   2.505616e+03   9.969529e-01   9.969529e-01   1.319733e-01
  2.000000e-02  -0.000000e+00   2.510514e+03   9.989020e-01   9.989020e-01   1.319733e-01
  2.000000e-02  -0.000000e+00   2.512967e+03   9.998779e-01   9.998779e-01   1.319733e-01
  2.000000e-02  -0.000000e+00   2.512967e+03   9.998779e-01   9.998779e-01   1.319733e-01
  2.000000e-02  -0.000000e+00   2.510514e+03   9.989020e-01   9.989020e-01   1.319733e-01
  2.000000e-02  -0.000000e+00   2.505616e+03   9.969529e-01   9.969529e-01   1.319733e-01
  1.999300e-02  -0.000000e+00   2.499161e+03   9.940364e-01   9.940364e-01   1.319733e-01
  2.000000e-02  -0.000000e+00   2.498286e+03   9.940364e-01   9.940364e-01   1.319733e-01
  2.000000e-02  -0.000000e+00   2.505616e+03   9.969529e-01   9.969529e-01   1.319733e-01
  2.000000e-02  -0.000000e+00   2.510514e+03   9.989020e-01   9.989020e-01   1.319733e-01
  2.000000e-02  -0.000000e+00   2.512967e+03   9.998779e-01   9.997200e-01   1.319733e-01
  2.000000e-02  -0.000000e+00   2.512967e+03   9.998779e-01   1.000036e+00   1.319733e-01
  2.000000e-02  -0.000000e+00   2.510514e+03   9.989020e-01   9.989020e-01   1.319733e-01
  2.000000e-02  -0.000000e+00   2.505616e+03   9.969529e-01   9.969529e-01   1.319733e-01
  2.000000e-02  -0.000000e+00   2.498286e+03   9.940364e-01   9.940364e-01   1.319733e-01
  2.000000e-02  -0.000000e+00   2.498286e+03   9.940364e-01   9.940364e-01   1.319733e-01
  2.000000e-02  -0.000000e+00   2.505616e+03   9.969529e-01   9.969529e-01   1.319733e-01
  2.000000e-02  -0.000000e+00   2.510514e+03   9.989020e-01   9.989809e-01   1.319733e-01
  2.000000e-02  -0.000000e+00   2.512967e+03   9.998779e-01   9.998779e-01   1.319733e-01
  2.000000e-02  -0.000000e+00   2.512967e+03   9.998779e-01   9.998779e-01   1.319733e-01
  2.000000e-02  -0.000000e+00   2.510514e+03   9.989020e-01   9.989020e-01   1.319733e-01
  2.000000e-02  -0.000000e+00   2.505616e+03   9.969529e-01   9.969529e-01   1.319733e-01
  2.000000e-02  -0.000000e+00   2.498286e+03   9.940364e-01   9.940364e-01   1.319733e-01
  2.000000e-02  -0.000000e+00   2.498286e+03   9.940364e-01   9.940364e-01   1.319733e-01
  2.000000e-02  -0.000000e+00   2.505616e+03   9.969529e-01   9.969529e-01   1.319733e-01
  2.000000e-02  -0.000000e+00   2.510514e+03   9.989020e-01   9.989020e-01   1.319733e-01
  2.000000e-02  -0.000000e+00   2.512967e+03   9.998779e-01   9.998779e-01   1.319733e-01
  2.000000e-02  -0.000000e+00   2.512967e+03   9.998779e-01   9.997990e-01   1.319733e-01
  2.000000e-02  -0.000000e+00   2.510514e+03   9.989020e-01   9.989020e-01   1.319733e-01
  2.000000e-02  -0.000000e+00   2.505616e+03   9.969529e-01   9.969529e-01   1.319733e-01
  2.000000e-02  -0.000000e+00   2.498286e+03   9.940364e-01   9.940364e-01   1.319733e-01
  2.000000e-02  -0.000000e+00   2.498286e+03   9.940364e-01   9.940364e-01   1.318703e-01
  2.000000e-02  -0.000000e+00   2.505616e+03   9.969529e-01   9.969529e-01   1.319733e-01
  2.000000e-02  -0.000000e+00   2.510514e+03   9.989020e-01   9.989020e-01   1.319733e-01
  2.000000e-02  -0.000000e+00   2.512967e+03   9.998779e-01   9.998779e-01   1.319733e-01
  2.000000e-02  -0.000000e+00   2.512967e+03   9.998779e-01   9.998779e-01   1.319733e-01
  2.000000e-02  -0.000000e+00   2.510514e+03   9.989020e-01   9.989020e-01   1.319733e-01
  2.000000e-02  -0.000000e+00   2.505616e+03   9.969529e-01   9.968742e-01   1.319733e-01
  2.000000e-02  -0.000000e+00   2.498286e+03   9.940364e-01   9.940364e-01   1.319733e-01
  2.000000e-02  -0.000000e+00   2.498286e+03   9.940364e-01   9.940364e-01   1.320763e-01
  2.000000e-02  -0.000000e+00   2.505616e+03   9.969529e-01   9.969529e-01   1.319733e-01
  2.000000e-02  -0.000000e+00   2.510514e+03   9.989020e-01   9.989020e-01   1.319733e-01
  2.000000e-02  -0.000000e+00   2.512967e+03   9.998779e-01   9.998779e-01   1.319733e-01
  2.000000e-02  -0.000000e+00   2.512967e+03   9.998779e-01   9.998779e-01   1.319733e-01
  2.000000e-02  -0.000000e+00   2.510514e+03   9.989020e-01   9.989020e-01   1.319733e-01
  2.000000e-02  -0.000000e+00   2.505616e+03   9.969529e-01   9.969529e-01   1.319733e-01
  2.000701e-02  -0.000000e+00   2.497411e+03   9.940364e-01   9.940364e-01   1.319733e-01
  2.000000e-02  -0.000000e+00   2.498286e+03   9.940364e-01   9.940364e-01   1.320763e-01
  2.000000e-02  -0.000000e+00   2.505616e+03   9.969529e-01   9.969529e-01   1.319733e-01
  2.000000e-02  -0.000000e+00   2.510514e+03   9.989020e-01   9.989020e-01   1.319733e-01
  2.000000e-02  -0.000000e+00   2.512967e+03   9.998779e-01   9.995621e-01   1.319733e-01
  2.000000e-02  -0.000000e+00   2.512967e+03   9.998779e-01   9.998779e-01   1.319733e-01
  2.000000e-02  -0.000000e+00   2.510514e+03   9.989020e-01   9.989020e-01   1.319733e-01
  2.000000e-02  -0.000000e+00   2.505616e+03   9.969529e-01   9.969529e-01   1.319733e-01
  2.000000e-02  -0.000000e+00   2.498286e+03   9.940364e-01   9.937224e-01   1.319733e-01
  2.000000e-02  -0.000000e+00   2.498286e+03   9.940364e-01   9.940364e-01   1.319733e-01
  2.000000e-02  -0.000000e+00   2.505616e+03   9.969529e-01   9.969529e-01   1.319733e-01
  1.999650e-02  -0.000000e+00   2.510954e+03   9.989020e-01   9.989020e-01   1.319733e-01
  2.000000e-02  -0.000000e+00   2.512967e+03   9.998779e-01   9.998779e-01   1.319733e-01
  2.000000e-02  -0.000000e+00   2.512967e+03   9.998779e-01   9.997200e-01   1.319733e-01
  2.000000e-02  -0.000000e+00   2.510514e+03   9.989020e-01   9.989020e-01   1.319733e-01
  2.000000e-02  -0.000000e+00   2.505616e+03   9.969529e-01   9.969529e-01   1.319733e-01
  2.000000e-02  -0.000000e+00   2.498286e+03   9.940364e-01   9.940364e-01   1.319733e-01
  2.000000e-02  -0.000000e+00   2.498286e+03   9.940364e-01   9.940364e-01   1.320763e-01
  2.000000e-02  -0.000000e+00   2.505616e+03   9.969529e-01   9.969529e-01   1.319733e-01
  2.000000e-02  -0.000000e+00   2.510514e+03   9.989020e-01   9.989020e-01   1.319733e-01
  2.000000e-02  -0.000000e+00   2.512967e+03   9.998779e-01   9.998779e-01   1.319733e-01
  2.000000e-02  -0.000000e+00   2.512967e+03   9.998779e-01   9.998779e-01   1.319733e-01
  2.000000e-02  -0.000000e+00   2.510514e+03   9.989020e-01   9.989020e-01   1.319733e-01
  2.000000e-02  -0.000000e+00   2.505616e+03   9.969529e-01   9.971104e-01   1.319733e-01
  2.000000e-02  -0.000000e+00   2.498286e+03   9.940364e-01   9.940364e-01   1.319733e-01
  2.000000e-02  -0.000000e+00   2.498286e+03   9.940364e-01   9.940364e-01   1.319733e-01
  2.000000e-02  -0.000000e+00   2.505616e+03   9.969529e-01   9.969529e-01   1.319733e-01
  2.000000e-02  -0.000000e+00   2.510514e+03   9.989020e-01   9.989020e-01   1.319733e-01
  2.000000e-02  -0.000000e+00   2.512967e+03   9.998779e-01   9.998779e-01   1.319733e-01
  1.999300e-02  -0.000000e+00   2.513848e+03   9.998779e-01   9.998779e-01   1.319733e-01
  2.000000e-02  -0.000000e+00   2.510514e+03   9.989020e-01   9.985864e-01   1.319733e-01
  2.000000e-02  -0.000000e+00   2.505616e+03   9.969529e-01   9.969529e-01   1.319733e-01
  2.000701e-02  -0.000000e+00   2.497411e+03   9.940364e-01   9.940364e-01   1.319733e-01
  2.000000e-02  -0.000000e+00   2.498286e+03   9.940364e-01   9.940364e-01   1.319733e-01
  2.000000e-02  -0.000000e+00   2.505616e+03   9.969529e-01   9.969529e-01   1.319733e-01
  2.000000e-02  -0.000000e+00   2.510514e+03   9.989020e-01   9.989020e-01   1.319733e-01
  2.000000e-02  -0.000000e+00   2.512967e+03   9.998779e-01   9.998779e-01   1.319733e-01
  2.000000e-02  -0.000000e+00   2.512967e+03   9.998779e-01   9.998779e-01   1.319733e-01
  2.000000e-02  -0.000000e+00   2.510514e+03   9.989020e-01   9.989020e-01   1.319733e-01
  2.000000e-02  -0.000000e+00   2.505616e+03   9.969529e-01   9.969529e-01   1.319733e-01
  2.000000e-02  -0.000000e+00   2.498286e+03   9.940364e-01   9.940364e-01   1.319733e-01
  2.000000e-02  -0.000000e+00   2.498286e+03   9.940364e-01   9.940364e-01   1.320763e-01
  2.000000e-02  -0.000000e+00   2.505616e+03   9.969529e-01   9.969529e-01   1.319733e-01
  2.000000e-02  -0.000000e+00   2.510514e+03   9.989020e-01   9.989020e-01   1.319733e-01
  2.000000e-02  -0.000000e+00   2.512967e+03   9.998779e-01   9.998779e-01   1.319733e-01
  2.000000e-02  -0.000000e+00   2.512967e+03   9.998779e-01   9.998779e-01   1.319733e-01
  2.000000e-02  -0.000000e+00   2.510514e+03   9.989020e-01   9.989020e-01   1.319733e-01
  2.000000e-02  -0.000000e+00   2.505616e+03   9.969529e-01   9.969529e-01   1.319733e-01
  2.000000e-02  -0.000000e+00   2.498286e+03   9.940364e-01   9.940364e-01   1.319733e-01
  1.999300e-02  -0.000000e+00   2.499161e+03   9.940364e-01   9.940364e-01   1.319733e-01
  2.000000e-02  -0.000000e+00   2.505616e+03   9.969529e-01   9.969529e-01   1.318703e-01
  2.000000e-02  -0.000000e+00   2.510514e+03   9.989020e-01   9.989020e-01   1.319733e-01
  2.000000e-02  -0.000000e+00   2.512967e+03   9.998779e-01   9.998779e-01   1.319733e-01
  2.000000e-02  -0.000000e+00   2.512967e+03   9.998779e-01   9.998779e-01   1.319733e-01
  2.000000e-02  -0.000000e+00   2.510514e+03   9.989020e-01   9.989020e-01   1.319733e-01
  2.000000e-02  -0.000000e+00   2.505616e+03   9.969529e-01   9.969529e-01   1.319733e-01
  2.000000e-02  -0.000000e+00   2.498286e+03   9.940364e-01   9.943504e-01   1.319733e-01
