# B2  M_xy  beta  p  rho  v2
  2.255591e-02   1.945244e-05   2.216617e+03   9.946745e-01   9.978741e-01   1.462933e-01
  2.005942e-02   1.411646e-05   2.488216e+03   9.929712e-01   9.953652e-01   1.353491e-01
  2.000449e-02   1.818745e-05   2.492682e+03   9.920292e-01   9.956039e-01   1.353410e-01
  2.008908e-02   2.106908e-05   2.478728e+03   9.906472e-01   9.947956e-01   1.344600e-01
  2.020060e-02   1.688917e-05   2.466533e+03   9.912460e-01   9.952213e-01   1.341137e-01
  2.027345e-02   1.125189e-05   2.463301e+03   9.935170e-01   9.961546e-01   1.341291e-01
  2.009640e-02   5.974550e-06   2.486872e+03   9.942644e-01   9.958362e-01   1.343650e-01
  2.050049e-02   1.103080e-05   2.446362e+03   9.977346e-01   9.968975e-01   1.327200e-01
  1.941307e-02   7.205156e-06   2.580868e+03   9.967590e-01   9.960734e-01   1.337887e-01
  2.029996e-02  -7.507256e-06   2.455012e+03   9.914685e-01   9.941294e-01   1.333642e-01
  2.052464e-02  -6.409961e-06   2.429303e+03   9.919444e-01   9.952465e-01   1.333939e-01
  2.017005e-02  -1.811245e-06   2.467997e+03   9.903341e-01   9.945792e-01   1.339289e-01
  2.023346e-02  -1.179858e-06   2.463476e+03   9.916275e-01   9.953544e-01   1.341222e-01
  2.014889e-02   7.619090e-06   2.475351e+03   9.922430e-01   9.951459e-01   1.340113e-01
  2.004553e-02   9.169985e-06   2.488321e+03   9.923256e-01   9.942856e-01   1.336646e-01
  1.765682e-02   1.617716e-05   2.833484e+03   9.953218e-01   9.945019e-01   1.341906e-01
  2.233884e-02   1.418565e-06   2.240369e+03   9.956583e-01   9.984251e-01   1.460814e-01
  2.009843e-02  -8.246617e-06   2.485000e+03   9.936165e-01   9.956717e-01   1.344826e-01
  1.997047e-02  -8.833675e-06   2.497440e+03   9.922324e-01   9.955909e-01   1.342930e-01
  2.005141e-02  -1.153894e-05   2.484752e+03   9.911926e-01   9.952566e-01   1.337170e-01
  2.002470e-02  -9.234666e-06   2.488166e+03   9.912324e-01   9.950105e-01   1.336856e-01
  2.021796e-02  -1.133530e-06   2.470027e+03   9.935034e-01   9.961220e-01   1.341204e-01
  2.020003e-02   3.737987e-06   2.473729e+03   9.941096e-01   9.957163e-01   1.341358e-01
  1.986055e-02   3.877007e-06   2.525040e+03   9.976766e-01   9.967453e-01   1.332042e-01
  2.014724e-02   5.023844e-06   2.486990e+03   9.968268e-01   9.966065e-01   1.326894e-01
  2.062143e-02   7.174668e-07   2.415547e+03   9.909788e-01   9.941425e-01   1.340639e-01
  2.062986e-02   9.666089e-07   2.414816e+03   9.910844e-01   9.947435e-01   1.341969e-01
  2.040414e-02  -3.278094e-06   2.438588e+03   9.898899e-01   9.945605e-01   1.337711e-01
  2.039606e-02   2.155388e-07   2.441817e+03   9.908085e-01   9.949025e-01   1.339145e-01
  2.018462e-02  -1.792026e-06   2.470247e+03   9.919530e-01   9.947831e-01   1.333835e-01
  2.006476e-02   4.730156e-07   2.486481e+03   9.925430e-01   9.943643e-01   1.333443e-01
  1.730216e-02  -5.471795e-06   2.892855e+03   9.957656e-01   9.942725e-01   1.317994e-01
  2.172289e-02   4.456218e-06   2.305012e+03   9.961415e-01   9.978496e-01   1.422328e-01
  1.987919e-02   5.583001e-06   2.510576e+03   9.928927e-01   9.951062e-01   1.337278e-01
  1.993857e-02   5.840800e-06   2.499118e+03   9.913134e-01   9.948547e-01   1.335044e-01
  2.014110e-02   8.656728e-06   2.472515e+03   9.907230e-01   9.947074e-01   1.330888e-01
  1.998817e-02   7.684030e-06   2.492620e+03   9.911953e-01   9.949422e-01   1.329659e-01
  2.023295e-02   6.308705e-06   2.468250e+03   9.935243e-01   9.962279e-01   1.336651e-01
  1.996075e-02   3.015712e-06   2.501803e+03   9.934820e-01   9.952449e-01   1.336810e-01
  1.961529e-02   1.653172e-05   2.556226e+03   9.975255e-01   9.966860e-01   1.350907e-01
  2.080539e-02   8.539188e-06   2.408486e+03   9.968966e-01   9.965419e-01   1.302851e-01
  2.063599e-02   4.425402e-06   2.414912e+03   9.914179e-01   9.944291e-01   1.349169e-01
  2.074514e-02   1.154704e-06   2.402207e+03   9.914184e-01   9.952520e-01   1.349533e-01
  2.043225e-02  -2.018830e-06   2.435500e+03   9.899981e-01   9.946298e-01   1.342287e-01
  2.050015e-02  -6.888872e-06   2.428966e+03   9.906236e-01   9.950047e-01   1.338532e-01
  2.015911e-02  -5.436078e-06   2.471412e+03   9.911667e-01   9.942672e-01   1.325593e-01
  1.995371e-02  -7.746083e-06   2.500832e+03   9.927465e-01   9.944975e-01   1.326865e-01
  1.750287e-02  -1.150683e-06   2.861706e+03   9.964708e-01   9.950403e-01   1.326307e-01
  2.026015e-02  -1.899712e-05   2.472103e+03   9.964132e-01   9.966077e-01   1.377814e-01
  2.003027e-02  -2.139082e-05   2.493717e+03   9.937203e-01   9.954568e-01   1.339041e-01
  2.010049e-02  -2.164722e-05   2.481312e+03   9.922432e-01   9.952998e-01   1.340156e-01
  2.004729e-02  -1.850701e-05   2.486539e+03   9.917016e-01   9.954671e-01   1.336477e-01
  2.011400e-02  -1.512838e-05   2.478763e+03   9.918903e-01   9.953464e-01   1.333451e-01
  2.001971e-02  -6.617020e-06   2.493204e+03   9.929917e-01   9.955672e-01   1.337861e-01
  1.985490e-02   6.071757e-07   2.513253e+03   9.927371e-01   9.946964e-01   1.335241e-01
  1.940741e-02   3.434248e-06   2.578931e+03   9.957203e-01   9.958317e-01   1.373222e-01
  1.959966e-02  -2.223641e-05   2.551506e+03   9.948905e-01   9.943323e-01   1.300382e-01
  2.079842e-02  -6.848137e-06   2.396951e+03   9.917900e-01   9.946732e-01   1.358832e-01
  2.093276e-02  -2.306533e-06   2.379364e+03   9.908721e-01   9.948625e-01   1.360821e-01
  2.053803e-02   6.020126e-06   2.424018e+03   9.904323e-01   9.948159e-01   1.349897e-01
  2.044958e-02   1.018679e-05   2.437204e+03   9.915313e-01   9.954666e-01   1.343923e-01
  2.010991e-02   9.126898e-06   2.478946e+03   9.917620e-01   9.947458e-01   1.326768e-01
  2.006018e-02   8.014857e-06   2.488805e+03   9.932441e-01   9.948972e-01   1.325236e-01
  1.803712e-02   4.879781e-06   2.778059e+03   9.968703e-01   9.956618e-01   1.337750e-01
  1.879823e-02   2.514866e-05   2.666912e+03   9.973692e-01   9.959957e-01   1.345377e-01
  1.989373e-02   2.336388e-05   2.512992e+03   9.945749e-01   9.958317e-01   1.340102e-01
  1.996886e-02   2.379417e-05   2.500046e+03   9.931882e-01   9.958212e-01   1.341481e-01
  2.002378e-02   2.201433e-05   2.490713e+03   9.922018e-01   9.958454e-01   1.339244e-01
  2.009308e-02   1.959189e-05   2.482004e+03   9.921540e-01   9.955961e-01   1.335942e-01
  2.009924e-02   1.451055e-05   2.484479e+03   9.934481e-01   9.961583e-01   1.337618e-01
  1.990973e-02   5.264916e-06   2.506978e+03   9.929927e-01   9.948828e-01   1.335921e-01
  2.002676e-02   5.026041e-06   2.498881e+03   9.956035e-01   9.964887e-01   1.397688e-01
  1.940357e-02   1.684260e-05   2.576574e+03   9.946134e-01   9.940841e-01   1.289699e-01
  2.061323e-02   4.446200e-06   2.416546e+03   9.909942e-01   9.941198e-01   1.356892e-01
  2.071377e-02   2.628152e-06   2.400858e+03   9.893634e-01   9.940268e-01   1.358010e-01
  2.042397e-02  -5.848132e-06   2.434926e+03   9.893640e-01   9.943074e-01   1.347614e-01
  2.035508e-02  -7.460331e-06   2.449357e+03   9.918706e-01   9.954699e-01   1.347047e-01
  2.022013e-02  -3.730999e-06   2.467657e+03   9.926561e-01   9.954085e-01   1.331406e-01
  2.016369e-02  -2.333710e-06   2.479923e+03   9.948058e-01   9.959201e-01   1.328295e-01
  1.866052e-02   1.087100e-05   2.689903e+03   9.985977e-01   9.971037e-01   1.339969e-01
  1.781195e-02  -2.999334e-06   2.813774e+03   9.970818e-01   9.950236e-01   1.319014e-01
  1.996165e-02  -1.310934e-05   2.504176e+03   9.944693e-01   9.955164e-01   1.327138e-01
  1.995954e-02  -1.453301e-05   2.499801e+03   9.926269e-01   9.951831e-01   1.329189e-01
  2.015329e-02  -1.681950e-05   2.473347e+03   9.916564e-01   9.952220e-01   1.331290e-01
  2.015761e-02  -1.561405e-05   2.473360e+03   9.918741e-01   9.954656e-01   1.333552e-01
  2.002402e-02  -1.283501e-05   2.493149e+03   9.931839e-01   9.958692e-01   1.341182e-01
  1.996181e-02  -2.833832e-06   2.500790e+03   9.931327e-01   9.949791e-01   1.340268e-01
  2.026042e-02  -5.363447e-07   2.471716e+03   9.962701e-01   9.974066e-01   1.427678e-01
  1.849943e-02  -6.428386e-06   2.696609e+03   9.924451e-01   9.924350e-01   1.305330e-01
  2.043441e-02   8.592097e-07   2.435782e+03   9.902176e-01   9.935050e-01   1.352134e-01
  2.055510e-02  -9.942144e-07   2.417468e+03   9.885771e-01   9.934417e-01   1.351776e-01
  2.036919e-02   1.672327e-06   2.440350e+03   9.889081e-01   9.938877e-01   1.341497e-01
  2.026009e-02  -2.009474e-06   2.460725e+03   9.918236e-01   9.954502e-01   1.343966e-01
  2.030908e-02  -7.247665e-06   2.458226e+03   9.932126e-01   9.959661e-01   1.337638e-01
  2.022273e-02  -9.311349e-06   2.474955e+03   9.957200e-01   9.966264e-01   1.339539e-01
  1.901348e-02  -2.220024e-06   2.642283e+03   9.994729e-01   9.977642e-01   1.343591e-01
  1.702932e-02  -8.381043e-06   2.938233e+03   9.954366e-01   9.940543e-01   1.312306e-01
  1.979350e-02  -3.101794e-06   2.522206e+03   9.931923e-01   9.946505e-01   1.315650e-01
  2.000671e-02   2.089013e-06   2.490270e+03   9.911795e-01   9.941809e-01   1.316789e-01
  2.015761e-02   1.161079e-05   2.470641e+03   9.907840e-01   9.946353e-01   1.325525e-01
  2.019138e-02   1.204083e-05   2.466678e+03   9.908516e-01   9.947636e-01   1.330062e-01
  2.015400e-02   1.263389e-05   2.475039e+03   9.923694e-01   9.953385e-01   1.337183e-01
  2.011153e-02   2.829523e-06   2.480815e+03   9.925891e-01   9.947802e-01   1.337365e-01
  2.085916e-02  -5.866732e-06   2.405841e+03   9.983755e-01   9.989540e-01   1.440032e-01
  1.866134e-02   2.555503e-06   2.673988e+03   9.927328e-01   9.928782e-01   1.328891e-01
  2.024561e-02  -6.251914e-07   2.461529e+03   9.914391e-01   9.940124e-01   1.348068e-01
  2.019769e-02   4.944180e-06   2.464804e+03   9.904083e-01   9.941167e-01   1.348394e-01
  2.017939e-02   6.207995e-06   2.467372e+03   9.905420e-01   9.946557e-01   1.340860e-01
  2.022388e-02   1.101187e-05   2.465460e+03   9.919564e-01   9.956747e-01   1.339396e-01
  2.026016e-02   2.181941e-05   2.464212e+03   9.932331e-01   9.959194e-01   1.340307e-01
  2.030265e-02   2.029206e-05   2.465409e+03   9.957993e-01   9.967997e-01   1.341298e-01
  1.954520e-02   3.003726e-05   2.569385e+03   9.990783e-01   9.978267e-01   1.343031e-01
  1.730776e-02   2.315622e-05   2.891860e+03   9.957453e-01   9.946338e-01   1.327236e-01
  1.974120e-02   9.148822e-06   2.527584e+03   9.926803e-01   9.943211e-01   1.313149e-01
  1.994038e-02   1.416793e-06   2.498451e+03   9.911384e-01   9.942179e-01   1.314212e-01
  2.024042e-02  -8.617917e-06   2.460589e+03   9.908061e-01   9.946551e-01   1.327500e-01
  2.025456e-02  -9.028087e-06   2.457232e+03   9.901456e-01   9.943734e-01   1.331228e-01
  2.022540e-02  -1.047494e-05   2.462755e+03   9.909426e-01   9.947038e-01   1.334748e-01
  2.013647e-02  -4.467314e-06   2.474127e+03   9.911410e-01   9.939113e-01   1.331969e-01
  2.018426e-02   8.172034e-06   2.483647e+03   9.973158e-01   9.980527e-01   1.422030e-01
  1.909790e-02  -8.619340e-06   2.614986e+03   9.935395e-01   9.945611e-01   1.370539e-01
  2.004996e-02  -4.538950e-06   2.489271e+03   9.929234e-01   9.948485e-01   1.341210e-01
  2.009111e-02  -8.115466e-06   2.482684e+03   9.923283e-01   9.952881e-01   1.341967e-01
  2.018283e-02  -9.413380e-06   2.471090e+03   9.922037e-01   9.955545e-01   1.339097e-01
  2.016006e-02  -1.463647e-05   2.475209e+03   9.927362e-01   9.959724e-01   1.337661e-01
  2.027807e-02  -2.020504e-05   2.462295e+03   9.933374e-01   9.962244e-01   1.340553e-01
  2.024060e-02  -1.812780e-05   2.471964e+03   9.953954e-01   9.965747e-01   1.341054e-01
  1.950693e-02  -1.819055e-06   2.571490e+03   9.979392e-01   9.966263e-01   1.328697e-01
  1.714340e-02  -1.749734e-05   2.919331e+03   9.956585e-01   9.946124e-01   1.331670e-01
  1.982686e-02  -1.785907e-05   2.515455e+03   9.922034e-01   9.941250e-01   1.322550e-01
  2.000877e-02  -1.061468e-05   2.490599e+03   9.914125e-01   9.945871e-01   1.327319e-01
  2.023812e-02  -2.897578e-06   2.462292e+03   9.913793e-01   9.950591e-01   1.334611e-01
  2.024651e-02  -9.234571e-07   2.459501e+03   9.906662e-01   9.947549e-01   1.335044e-01
  2.009043e-02   1.683679e-06   2.479992e+03   9.912191e-01   9.946948e-01   1.329988e-01
  2.007545e-02   2.328646e-06   2.482536e+03   9.914961e-01   9.939964e-01   1.327779e-01
  1.933055e-02   3.679132e-07   2.590799e+03   9.963411e-01   9.968229e-01   1.392793e-01
  2.057396e-02  -1.855375e-05   2.434953e+03   9.966405e-01   9.974648e-01   1.414773e-01
  1.994813e-02   1.204046e-06   2.503129e+03   9.933801e-01   9.951221e-01   1.328401e-01
  2.001833e-02   1.879792e-06   2.492650e+03   9.927028e-01   9.954617e-01   1.328216e-01
  2.013338e-02   9.012338e-06   2.476547e+03   9.919583e-01   9.954823e-01   1.330889e-01
  2.016185e-02   1.168909e-05   2.475956e+03   9.931240e-01   9.962126e-01   1.334141e-01
  2.035674e-02   1.735532e-05   2.454548e+03   9.940539e-01   9.965634e-01   1.338512e-01
  2.023391e-02   1.424580e-05   2.474490e+03   9.960834e-01   9.969143e-01   1.341657e-01
  1.962243e-02   1.248744e-05   2.556236e+03   9.978931e-01   9.965977e-01   1.321782e-01
  1.760583e-02   2.951381e-05   2.845564e+03   9.966784e-01   9.955048e-01   1.338956e-01
  2.004688e-02   1.925946e-05   2.491159e+03   9.935241e-01   9.950489e-01   1.330476e-01
  2.019556e-02   1.602941e-05   2.470281e+03   9.925045e-01   9.952130e-01   1.335413e-01
  2.023432e-02   1.118262e-05   2.464353e+03   9.920228e-01   9.953998e-01   1.339810e-01
  2.030899e-02   9.243174e-06   2.451681e+03   9.905638e-01   9.945116e-01   1.336539e-01
  1.996499e-02   8.243507e-06   2.495806e+03   9.913113e-01   9.944111e-01   1.330578e-01
  1.985135e-02   3.478672e-06   2.510727e+03   9.915617e-01   9.938269e-01   1.328380e-01
  1.821248e-02   1.201548e-05   2.745121e+03   9.946280e-01   9.946844e-01   1.364654e-01
  2.105036e-02  -2.438971e-06   2.381089e+03   9.971608e-01   9.987502e-01   1.461608e-01
  2.003328e-02  -4.595426e-06   2.492389e+03   9.933402e-01   9.951157e-01   1.321862e-01
  1.994582e-02  -4.756377e-06   2.500436e+03   9.921966e-01   9.952993e-01   1.320885e-01
  2.012393e-02  -1.193213e-05   2.475482e+03   9.910666e-01   9.948940e-01   1.323841e-01
  2.008182e-02  -9.428825e-06   2.483832e+03   9.923285e-01   9.957719e-01   1.327742e-01
  2.013863e-02  -9.620120e-06   2.479400e+03   9.933602e-01   9.962265e-01   1.335958e-01
  2.011721e-02  -2.650324e-06   2.487140e+03   9.954009e-01   9.964206e-01   1.341606e-01
  1.973788e-02   2.619300e-06   2.537667e+03   9.964723e-01   9.958336e-01   1.342819e-01
  1.826082e-02  -2.387916e-05   2.742483e+03   9.963096e-01   9.951985e-01   1.336372e-01
  2.021548e-02  -1.638117e-05   2.468165e+03   9.926321e-01   9.946829e-01   1.342075e-01
  2.034437e-02  -1.802539e-05   2.449602e+03   9.914480e-01   9.948093e-01   1.343232e-01
  2.028887e-02  -1.799399e-05   2.453916e+03   9.904845e-01   9.947231e-01   1.339371e-01
  2.033416e-02  -1.693366e-05   2.446472e+03   9.896841e-01   9.941962e-01   1.334783e-01
  1.993086e-02  -1.590307e-05   2.498547e+03   9.907035e-01   9.941303e-01   1.326604e-01
  1.993298e-02  -1.254151e-05   2.501624e+03   9.920290e-01   9.940885e-01   1.328642e-01
  1.742149e-02   3.976601e-06   2.868715e+03   9.942666e-01   9.936797e-01   1.348163e-01
  2.151953e-02  -3.565394e-05   2.332595e+03   9.986246e-01   1.000295e+00   1.469773e-01
  1.982977e-02  -7.139767e-06   2.517169e+03   9.930250e-01   9.949008e-01   1.313501e-01
  1.989890e-02  -6.704669e-06   2.506922e+03   9.924305e-01   9.952266e-01   1.311854e-01
  1.998912e-02   1.001662e-05   2.490574e+03   9.904289e-01   9.945518e-01   1.320516e-01
  1.994832e-02   5.100617e-06   2.498391e+03   9.915097e-01   9.950154e-01   1.319265e-01
  2.001965e-02  -3.877381e-06   2.492356e+03   9.926515e-01   9.954976e-01   1.328808e-01
  2.003038e-02  -1.268042e-05   2.494800e+03   9.941575e-01   9.956695e-01   1.336560e-01
  2.060148e-02  -1.965209e-05   2.429260e+03   9.956406e-01   9.964718e-01   1.390145e-01
  1.891972e-02   1.431627e-05   2.644767e+03   9.954796e-01   9.947988e-01   1.317084e-01
  2.036158e-02   9.647906e-06   2.449198e+03   9.921231e-01   9.945850e-01   1.341790e-01
  2.052820e-02   1.183604e-05   2.426372e+03   9.909195e-01   9.946438e-01   1.340918e-01
  2.033220e-02   9.450205e-06   2.447405e+03   9.899662e-01   9.942499e-01   1.330921e-01
  2.025123e-02   8.433234e-06   2.458361e+03   9.904379e-01   9.945269e-01   1.329655e-01
  1.980900e-02   6.073841e-06   2.514193e+03   9.908119e-01   9.939630e-01   1.322210e-01
  1.997490e-02   6.836965e-06   2.497563e+03   9.925015e-01   9.943383e-01   1.329905e-01
  1.748378e-02  -1.892813e-06   2.859560e+03   9.946375e-01   9.939208e-01   1.340527e-01
  2.054606e-02  -9.452063e-06   2.439176e+03   9.970154e-01   9.982689e-01   1.439323e-01
  1.958865e-02  -5.787963e-06   2.546940e+03   9.925522e-01   9.942922e-01   1.307108e-01
  1.953177e-02  -7.959831e-06   2.554927e+03   9.927736e-01   9.950462e-01   1.309032e-01
  1.995824e-02  -1.667564e-05   2.496401e+03   9.912124e-01   9.946980e-01   1.326899e-01
  1.999355e-02  -1.237989e-05   2.494276e+03   9.921212e-01   9.954846e-01   1.324992e-01
  1.995277e-02  -9.643393e-06   2.502566e+03   9.933881e-01   9.961118e-01   1.332006e-01
  1.993590e-02   1.660960e-06   2.506021e+03   9.939182e-01   9.955090e-01   1.332662e-01
  2.133658e-02  -1.303785e-05   2.345528e+03   9.956247e-01   9.974645e-01   1.430478e-01
  1.968422e-02  -1.605404e-05   2.541864e+03   9.954071e-01   9.949412e-01   1.318699e-01
  2.045545e-02   1.003011e-05   2.437653e+03   9.919983e-01   9.946213e-01   1.352017e-01
  2.063670e-02   8.966669e-06   2.414603e+03   9.913252e-01   9.951579e-01   1.352258e-01
  2.022036e-02   9.412154e-06   2.462118e+03   9.904393e-01   9.947353e-01   1.340954e-01
  2.021514e-02   6.766304e-06   2.464909e+03   9.913060e-01   9.951839e-01   1.339572e-01
  2.011160e-02   9.818568e-07   2.478125e+03   9.915166e-01   9.946003e-01   1.329041e-01
  2.011150e-02  -4.222739e-06   2.480126e+03   9.923121e-01   9.943901e-01   1.331054e-01
  1.858788e-02  -1.464760e-05   2.691704e+03   9.953763e-01   9.947367e-01   1.334798e-01
  1.868406e-02   2.020156e-05   2.677674e+03   9.953116e-01   9.957948e-01   1.412532e-01
  1.950248e-02   8.440665e-06   2.557600e+03   9.923223e-01   9.938558e-01   1.308477e-01
  1.951931e-02   1.109632e-05   2.555189e+03   9.922421e-01   9.946496e-01   1.309415e-01
  2.002130e-02   1.304287e-05   2.488122e+03   9.910464e-01   9.946279e-01   1.328507e-01
  1.994320e-02   1.326613e-05   2.500055e+03   9.919150e-01   9.951771e-01   1.330726e-01
  2.005699e-02   6.812944e-06   2.488969e+03   9.931511e-01   9.960605e-01   1.336663e-01
  1.994188e-02   2.833731e-06   2.504878e+03   9.937631e-01   9.954914e-01   1.335621e-01
  2.167028e-02   1.153879e-06   2.307519e+03   9.948097e-01   9.976623e-01   1.464455e-01
  2.048111e-02  -2.226532e-05   2.440530e+03   9.944154e-01   9.950159e-01   1.356902e-01
  2.039872e-02  -1.908567e-05   2.443744e+03   9.917197e-01   9.945799e-01   1.360096e-01
  2.042610e-02  -2.180356e-05   2.438297e+03   9.908373e-01   9.949651e-01   1.364378e-01
  2.037126e-02  -2.448419e-05   2.443940e+03   9.904636e-01   9.949108e-01   1.354407e-01
  2.036656e-02  -1.983688e-05   2.445363e+03   9.908119e-01   9.950571e-01   1.348636e-01
  2.024432e-02  -1.693056e-05   2.462871e+03   9.919163e-01   9.951749e-01   1.343098e-01
  2.026403e-02  -1.091274e-05   2.460757e+03   9.920298e-01   9.944911e-01   1.339706e-01
  1.901376e-02  -1.265808e-05   2.631336e+03   9.953470e-01   9.951297e-01   1.330012e-01
  1.776082e-02  -2.133018e-05   2.813961e+03   9.942858e-01   9.942875e-01   1.390361e-01
  1.949089e-02  -6.411756e-06   2.558574e+03   9.921099e-01   9.936272e-01   1.315011e-01
  1.960078e-02  -7.674004e-06   2.542432e+03   9.914090e-01   9.939067e-01   1.310926e-01
  2.004547e-02  -6.472859e-06   2.482267e+03   9.899080e-01   9.940429e-01   1.328797e-01
  2.005359e-02  -8.094491e-06   2.480939e+03   9.897793e-01   9.940814e-01   1.326977e-01
  2.007629e-02  -1.014752e-05   2.480476e+03   9.907145e-01   9.944022e-01   1.331110e-01
  1.987479e-02  -1.222935e-05   2.509126e+03   9.920997e-01   9.944573e-01   1.332151e-01
  2.142020e-02  -3.409411e-05   2.334289e+03   9.947370e-01   9.976113e-01   1.455429e-01
  2.112215e-02   1.637743e-05   2.367727e+03   9.949469e-01   9.964588e-01   1.402798e-01
  2.024127e-02   2.909691e-05   2.463226e+03   9.919099e-01   9.947309e-01   1.362011e-01
  2.036167e-02   3.318934e-05   2.446181e+03   9.909049e-01   9.950979e-01   1.364949e-01
  2.035338e-02   3.464784e-05   2.444657e+03   9.898845e-01   9.946370e-01   1.354318e-01
  2.026280e-02   2.819193e-05   2.455734e+03   9.899448e-01   9.945781e-01   1.347930e-01
  2.042007e-02   1.899006e-05   2.443589e+03   9.926943e-01   9.958638e-01   1.346150e-01
  2.046734e-02   1.171718e-05   2.439637e+03   9.933831e-01   9.955381e-01   1.345594e-01
  2.049595e-02  -1.113347e-05   2.445781e+03   9.972767e-01   9.966753e-01   1.327046e-01
  1.757901e-02   4.189730e-05   2.846621e+03   9.955301e-01   9.948766e-01   1.362932e-01
  1.960024e-02   3.673728e-06   2.545169e+03   9.924487e-01   9.940379e-01   1.318654e-01
  1.971403e-02   2.854573e-06   2.528020e+03   9.914851e-01   9.941676e-01   1.314277e-01
  2.015377e-02  -1.864889e-06   2.468024e+03   9.895455e-01   9.939851e-01   1.331088e-01
  2.013095e-02   6.999611e-07   2.469060e+03   9.888405e-01   9.933981e-01   1.324997e-01
  2.007891e-02   6.672296e-06   2.475449e+03   9.888359e-01   9.930289e-01   1.326691e-01
  1.987921e-02   1.234247e-05   2.504021e+03   9.903010e-01   9.932377e-01   1.326730e-01
  2.023301e-02   2.055781e-05   2.469661e+03   9.940954e-01   9.960324e-01   1.427297e-01
  2.192057e-02  -2.438325e-05   2.279789e+03   9.942064e-01   9.970197e-01   1.437759e-01
  2.017610e-02  -2.068247e-05   2.472346e+03   9.923766e-01   9.950904e-01   1.358665e-01
  2.015327e-02  -2.571558e-05   2.472232e+03   9.912082e-01   9.951233e-01   1.362623e-01
  2.029353e-02  -2.725987e-05   2.451754e+03   9.898389e-01   9.944229e-01   1.350957e-01
  2.022517e-02  -2.222764e-05   2.460653e+03   9.900854e-01   9.944977e-01   1.346970e-01
  2.050237e-02  -1.672181e-05   2.434215e+03   9.928721e-01   9.961748e-01   1.343788e-01
  2.040449e-02  -1.049746e-05   2.448770e+03   9.940402e-01   9.958826e-01   1.347419e-01
  2.058674e-02  -1.781723e-05   2.435613e+03   9.975298e-01   9.966671e-01   1.333449e-01
  1.847000e-02   1.846998e-05   2.709214e+03   9.954983e-01   9.948602e-01   1.345587e-01
  1.996485e-02   2.004618e-05   2.497402e+03   9.919379e-01   9.940612e-01   1.327237e-01
  2.009495e-02   1.955168e-05   2.480807e+03   9.917681e-01   9.948222e-01   1.326279e-01
  2.027522e-02   1.337871e-05   2.454972e+03   9.902441e-01   9.944048e-01   1.335670e-01
  2.014415e-02   9.865112e-06   2.471524e+03   9.904763e-01   9.945491e-01   1.334056e-01
  2.001963e-02   2.346113e-06   2.486526e+03   9.903284e-01   9.939921e-01   1.332746e-01
  1.990465e-02  -3.697952e-06   2.502225e+03   9.908571e-01   9.934295e-01   1.331725e-01
  1.877993e-02  -2.364881e-05   2.662310e+03   9.946785e-01   9.951495e-01   1.388027e-01
  1.940004e-02   2.159220e-05   2.561566e+03   9.886401e-01   9.910879e-01   1.121795e-01
  1.998937e-02   7.651766e-06   2.464268e+03   9.799799e-01   9.866565e-01   1.073255e-01
  2.003315e-02   1.031443e-05   2.458726e+03   9.799175e-01   9.875709e-01   1.076822e-01
  2.020887e-02  -3.014702e-06   2.440106e+03   9.810269e-01   9.885496e-01   1.106392e-01
  2.022003e-02   3.560644e-06   2.444150e+03   9.831950e-01   9.899030e-01   1.118967e-01
  2.031500e-02  -3.975585e-07   2.446999e+03   9.889646e-01   9.931491e-01   1.160592e-01
  2.028719e-02  -5.312546e-08   2.457748e+03   9.919492e-01   9.940867e-01   1.181027e-01
  1.928589e-02  -1.568671e-05   2.604974e+03   9.994779e-01   9.980581e-01   1.274869e-01
  1.941714e-02  -4.289673e-06   2.569813e+03   9.926974e-01   9.945061e-01   1.170655e-01
  1.993861e-02   7.198203e-07   2.495316e+03   9.898074e-01   9.926743e-01   1.115962e-01
  2.003624e-02  -8.578447e-07   2.474470e+03   9.863444e-01   9.912061e-01   1.108145e-01
  2.014615e-02  -1.441740e-06   2.450421e+03   9.821165e-01   9.891507e-01   1.099859e-01
  2.019002e-02  -4.898082e-06   2.445664e+03   9.823440e-01   9.894305e-01   1.109131e-01
  2.028241e-02  -3.099437e-06   2.443018e+03   9.857717e-01   9.912000e-01   1.135862e-01
  2.024489e-02   7.308633e-07   2.455665e+03   9.890418e-01   9.922874e-01   1.154143e-01
  1.886316e-02  -1.745072e-05   2.632151e+03   9.877688e-01   9.903594e-01   1.160784e-01
  1.979285e-02   1.469560e-05   2.544442e+03   1.001916e+00   9.990358e-01   1.195151e-01
  2.006034e-02   9.746114e-06   2.497293e+03   9.966394e-01   9.968036e-01   1.183669e-01
  2.011472e-02   3.013162e-06   2.485929e+03   9.947931e-01   9.964513e-01   1.175486e-01
  2.023489e-02   6.136328e-06   2.456288e+03   9.888040e-01   9.933382e-01   1.155757e-01
  2.023796e-02   3.695676e-06   2.457406e+03   9.894046e-01   9.937750e-01   1.156998e-01
  2.019258e-02   6.083554e-07   2.454375e+03   9.859681e-01   9.912447e-01   1.126595e-01
  2.014449e-02   1.146033e-06   2.459639e+03   9.857295e-01   9.902268e-01   1.125374e-01
  1.913892e-02  -3.989845e-06   2.590201e+03   9.862364e-01   9.899697e-01   1.165077e-01
  1.950962e-02  -6.045530e-06   2.561046e+03   9.940228e-01   9.953318e-01   1.188922e-01
  2.007627e-02  -4.622391e-06   2.488262e+03   9.938235e-01   9.952451e-01   1.160996e-01
  2.018661e-02  -2.072909e-06   2.469353e+03   9.916918e-01   9.946223e-01   1.161504e-01
  2.034212e-02   1.858331e-06   2.451349e+03   9.920454e-01   9.953958e-01   1.181806e-01
  2.035485e-02  -1.987165e-06   2.445131e+03   9.901484e-01   9.941753e-01   1.175816e-01
  2.029499e-02  -2.177497e-07   2.450243e+03   9.893005e-01   9.933517e-01   1.160600e-01
  2.018354e-02  -7.182423e-06   2.461388e+03   9.883431e-01   9.919185e-01   1.146091e-01
  1.929956e-02  -7.445184e-06   2.589221e+03   9.941380e-01   9.946368e-01   1.212754e-01
  1.993129e-02   1.860561e-05   2.532775e+03   1.004297e+00   1.000622e+00   1.201548e-01
  2.003998e-02   5.098310e-07   2.499412e+03   9.964727e-01   9.967293e-01   1.181279e-01
  2.007959e-02   3.809172e-06   2.489515e+03   9.944883e-01   9.961782e-01   1.169886e-01
  2.024927e-02   6.571452e-07   2.460024e+03   9.910117e-01   9.948990e-01   1.171332e-01
  2.022033e-02   2.236264e-06   2.457876e+03   9.887315e-01   9.933142e-01   1.147642e-01
  2.019722e-02   6.519864e-07   2.463008e+03   9.896636e-01   9.935288e-01   1.147093e-01
  2.011489e-02  -2.388777e-06   2.468005e+03   9.876291e-01   9.914656e-01   1.131661e-01
  1.943727e-02   4.401723e-06   2.559933e+03   9.899061e-01   9.932021e-01   1.205901e-01
  1.931569e-02  -1.662358e-05   2.575163e+03   9.895668e-01   9.923504e-01   1.157680e-01
  1.999144e-02  -2.665992e-07   2.473635e+03   9.838070e-01   9.890180e-01   1.092011e-01
  2.006849e-02   9.276218e-07   2.461869e+03   9.829006e-01   9.893945e-01   1.096106e-01
  2.015442e-02  -3.577383e-06   2.448334e+03   9.816828e-01   9.888613e-01   1.097866e-01
  2.017741e-02   3.309699e-06   2.449247e+03   9.831688e-01   9.900054e-01   1.111316e-01
  2.013063e-02  -5.859854e-06   2.463780e+03   9.867098e-01   9.915976e-01   1.124498e-01
  2.010575e-02  -2.963720e-06   2.476039e+03   9.903939e-01   9.931054e-01   1.145734e-01
  1.947076e-02  -9.610503e-06   2.560028e+03   9.916483e-01   9.933989e-01   1.160792e-01
  1.986240e-02  -2.613137e-05   2.507496e+03   9.908368e-01   9.920964e-01   1.098702e-01
  1.998647e-02   1.901124e-07   2.493092e+03   9.912985e-01   9.934542e-01   1.139405e-01
  2.007006e-02   1.882697e-07   2.488110e+03   9.934555e-01   9.956446e-01   1.159819e-01
  2.029386e-02   2.126758e-06   2.460788e+03   9.935025e-01   9.962382e-01   1.185325e-01
  2.029616e-02  -4.873734e-08   2.469055e+03   9.969529e-01   9.982788e-01   1.205343e-01
  2.026351e-02   4.874408e-07   2.471637e+03   9.963902e-01   9.975916e-01   1.195426e-01
  2.024753e-02   4.379739e-06   2.470750e+03   9.952475e-01   9.961161e-01   1.192346e-01
  1.947074e-02   1.131937e-05   2.568345e+03   9.948689e-01   9.958343e-01   1.232102e-01
  1.955540e-02  -2.304629e-05   2.597306e+03   1.010462e+00   1.004965e+00   1.326396e-01
  2.037920e-02  -6.483424e-06   2.476727e+03   1.004143e+00   1.001572e+00   1.258950e-01
  2.046105e-02  -6.465722e-06   2.461961e+03   1.002165e+00   1.001118e+00   1.258965e-01
  2.045790e-02  -1.027713e-06   2.451946e+03   9.979343e-01   9.990911e-01   1.234477e-01
  2.044234e-02  -1.451964e-06   2.446836e+03   9.950977e-01   9.972930e-01   1.217451e-01
  2.024447e-02   4.095571e-06   2.465899e+03   9.931430e-01   9.957364e-01   1.180934e-01
  2.011794e-02   3.537352e-06   2.474146e+03   9.902367e-01   9.929993e-01   1.150023e-01
  1.987023e-02   1.214568e-05   2.521933e+03   9.969343e-01   9.968227e-01   1.200877e-01
  2.028940e-02  -2.545515e-06   2.475959e+03   9.994078e-01   9.974729e-01   1.219090e-01
  2.013889e-02  -5.610202e-06   2.466592e+03   9.882414e-01   9.917906e-01   1.147026e-01
  2.016937e-02  -6.350208e-06   2.456343e+03   9.856245e-01   9.910991e-01   1.130665e-01
  2.021752e-02  -3.758104e-06   2.433359e+03   9.787329e-01   9.872128e-01   1.094565e-01
  2.014183e-02  -3.037943e-06   2.443583e+03   9.791660e-01   9.875874e-01   1.085982e-01
  2.011160e-02   4.104567e-06   2.454957e+03   9.822467e-01   9.889784e-01   1.095277e-01
  2.008138e-02   3.403848e-06   2.464811e+03   9.847075e-01   9.896820e-01   1.109875e-01
  1.950755e-02   1.300321e-05   2.556513e+03   9.921577e-01   9.938543e-01   1.202551e-01
  1.910958e-02  -1.164774e-05   2.580263e+03   9.809459e-01   9.865494e-01   1.100556e-01
  1.995518e-02   8.675045e-07   2.467549e+03   9.796066e-01   9.865839e-01   1.063520e-01
  2.003136e-02  -2.232720e-06   2.456421e+03   9.789114e-01   9.869067e-01   1.069107e-01
  2.004543e-02   2.743772e-06   2.457503e+03   9.800305e-01   9.880141e-01   1.075191e-01
  2.006651e-02   7.726110e-07   2.459265e+03   9.817641e-01   9.889476e-01   1.087716e-01
  1.996132e-02  -1.942568e-06   2.481084e+03   9.852830e-01   9.906716e-01   1.095773e-01
  1.997632e-02   1.002200e-06   2.493271e+03   9.908665e-01   9.933277e-01   1.131813e-01
  1.994227e-02   1.012170e-06   2.508253e+03   9.951219e-01   9.957074e-01   1.175807e-01
  2.008581e-02  -2.260267e-05   2.483726e+03   9.924831e-01   9.933273e-01   1.136316e-01
  2.004024e-02  -5.905942e-06   2.490750e+03   9.930316e-01   9.945561e-01   1.159171e-01
  2.010345e-02  -5.806897e-06   2.480745e+03   9.921624e-01   9.947505e-01   1.157628e-01
  2.026775e-02  -6.989812e-07   2.462332e+03   9.928467e-01   9.958147e-01   1.180926e-01
  2.024107e-02  -2.240487e-06   2.467637e+03   9.936762e-01   9.961816e-01   1.176775e-01
  2.014616e-02   2.104812e-06   2.476097e+03   9.924076e-01   9.950965e-01   1.157324e-01
  2.007686e-02   6.491236e-07   2.478605e+03   9.899955e-01   9.928334e-01   1.139361e-01
  1.953989e-02   3.669936e-06   2.548317e+03   9.906170e-01   9.928823e-01   1.164663e-01
  1.919233e-02  -1.695609e-05   2.604288e+03   9.943671e-01   9.946998e-01   1.186165e-01
  2.019782e-02  -5.665591e-06   2.474537e+03   9.943256e-01   9.953422e-01   1.179953e-01
  2.029709e-02   2.899298e-07   2.462903e+03   9.945146e-01   9.963540e-01   1.193092e-01
  2.034132e-02  -2.034122e-07   2.463591e+03   9.969600e-01   9.983449e-01   1.211925e-01
  2.031759e-02   5.392479e-07   2.470335e+03   9.985232e-01   9.992654e-01   1.216742e-01
  2.019718e-02   4.698818e-06   2.487745e+03   9.996010e-01   9.994976e-01   1.205359e-01
  2.005148e-02   4.905118e-06   2.495477e+03   9.954748e-01   9.961182e-01   1.165369e-01
  1.999550e-02   1.443845e-05   2.505256e+03   9.965856e-01   9.963923e-01   1.175255e-01
  2.014594e-02  -1.447488e-06   2.492625e+03   9.990213e-01   9.975618e-01   1.200091e-01
  2.004223e-02  -3.007716e-06   2.483665e+03   9.903057e-01   9.929693e-01   1.146162e-01
  2.014240e-02  -6.409796e-06   2.474245e+03   9.914802e-01   9.945813e-01   1.161693e-01
  2.025547e-02  -3.860620e-06   2.453219e+03   9.885729e-01   9.933143e-01   1.157188e-01
  2.027252e-02  -7.797490e-07   2.459467e+03   9.919252e-01   9.952665e-01   1.174902e-01
  2.028161e-02  -4.408762e-07   2.472374e+03   9.975777e-01   9.982646e-01   1.205744e-01
  2.022786e-02   3.387089e-06   2.483390e+03   9.993670e-01   9.985270e-01   1.214171e-01
  1.986870e-02   1.238566e-05   2.537071e+03   1.002842e+00   9.997093e-01   1.248351e-01
  1.933627e-02   1.060030e-05   2.611086e+03   1.004440e+00   1.001003e+00   1.275263e-01
  2.020470e-02   3.187396e-07   2.483033e+03   9.980792e-01   9.976812e-01   1.203956e-01
  2.023200e-02  -1.329287e-06   2.465602e+03   9.924116e-01   9.950756e-01   1.171501e-01
  2.013027e-02   7.363628e-07   2.461093e+03   9.856158e-01   9.914002e-01   1.116378e-01
  2.012195e-02   1.212166e-06   2.459906e+03   9.847338e-01   9.907279e-01   1.110938e-01
  1.998933e-02  -4.743021e-07   2.471862e+03   9.829978e-01   9.893563e-01   1.085552e-01
  1.998157e-02  -1.026381e-06   2.486903e+03   9.885952e-01   9.919481e-01   1.119637e-01
  2.010087e-02  -1.285491e-05   2.490017e+03   9.957431e-01   9.962017e-01   1.185209e-01
  1.988484e-02   7.680618e-07   2.502521e+03   9.899880e-01   9.924262e-01   1.128223e-01
  2.000605e-02  -2.522189e-06   2.484158e+03   9.887142e-01   9.919556e-01   1.130570e-01
  2.001716e-02  -1.092264e-07   2.478708e+03   9.870925e-01   9.917781e-01   1.116456e-01
  2.011802e-02   1.174063e-06   2.465791e+03   9.868969e-01   9.922009e-01   1.122615e-01
  2.003668e-02  -1.187105e-06   2.470366e+03   9.847299e-01   9.907639e-01   1.099636e-01
  1.987286e-02   3.661760e-07   2.486241e+03   9.829549e-01   9.892974e-01   1.067764e-01
  1.982411e-02  -2.352245e-06   2.493630e+03   9.834584e-01   9.887999e-01   1.071784e-01
  1.960192e-02  -3.443940e-06   2.536007e+03   9.889610e-01   9.915191e-01   1.095173e-01
  1.891648e-02  -7.478719e-06   2.618548e+03   9.854417e-01   9.885408e-01   1.097344e-01
  2.003646e-02   5.247776e-07   2.476853e+03   9.873054e-01   9.911144e-01   1.118645e-01
  2.018114e-02   7.088550e-09   2.470061e+03   9.917073e-01   9.946799e-01   1.158725e-01
  2.022844e-02  -9.418309e-07   2.476292e+03   9.965390e-01   9.979606e-01   1.191421e-01
  2.021866e-02  -1.001811e-06   2.481465e+03   9.981382e-01   9.990129e-01   1.199017e-01
  2.013723e-02  -5.541509e-06   2.499916e+03   1.001510e+00   1.000671e+00   1.204155e-01
  2.005103e-02  -3.053262e-06   2.508374e+03   1.000596e+00   9.992453e-01   1.191480e-01
  1.993832e-02  -1.329639e-05   2.515381e+03   9.977518e-01   9.968749e-01   1.167060e-01
  1.971183e-02   2.492817e-05   2.549134e+03   9.996543e-01   9.982851e-01   1.195722e-01
  2.006388e-02   2.396433e-06   2.495467e+03   9.960863e-01   9.965157e-01   1.178006e-01
  2.015722e-02   2.907155e-06   2.483629e+03   9.959728e-01   9.973052e-01   1.185097e-01
  2.029049e-02   1.786552e-07   2.464505e+03   9.948379e-01   9.969509e-01   1.195192e-01
  2.029769e-02   1.151559e-06   2.471737e+03   9.981113e-01   9.990086e-01   1.214689e-01
  2.020375e-02   3.041399e-06   2.500833e+03   1.005187e+00   1.002806e+00   1.242978e-01
  2.013559e-02   1.787624e-06   2.506704e+03   1.004148e+00   1.001394e+00   1.235642e-01
  1.991788e-02   1.030544e-06   2.545614e+03   1.008709e+00   1.003099e+00   1.222678e-01
  1.938383e-02   1.323282e-05   2.612524e+03   1.007465e+00   1.002050e+00   1.286432e-01
  2.033588e-02   5.142019e-06   2.475180e+03   1.001382e+00   9.997716e-01   1.245477e-01
  2.037301e-02   5.442052e-06   2.458503e+03   9.964514e-01   9.975166e-01   1.218060e-01
  2.030182e-02  -6.235732e-07   2.456920e+03   9.923301e-01   9.955344e-01   1.181667e-01
  2.026426e-02   1.086072e-06   2.459605e+03   9.915767e-01   9.949581e-01   1.170814e-01
  2.014514e-02  -4.869499e-06   2.475588e+03   9.921533e-01   9.948900e-01   1.158120e-01
  2.005499e-02  -7.730279e-06   2.484695e+03   9.913469e-01   9.935625e-01   1.144762e-01
  1.992821e-02  -1.958484e-05   2.520048e+03   9.990963e-01   9.976467e-01   1.190281e-01
  1.951180e-02   3.058460e-07   2.567119e+03   9.964913e-01   9.964517e-01   1.217282e-01
  2.008496e-02   3.544241e-06   2.467583e+03   9.859909e-01   9.904978e-01   1.122170e-01
  2.012045e-02  -7.362505e-07   2.465691e+03   9.869761e-01   9.918522e-01   1.126366e-01
  2.009507e-02   8.176516e-08   2.459924e+03   9.834250e-01   9.901840e-01   1.104896e-01
  2.008246e-02  -2.110212e-06   2.463706e+03   9.843194e-01   9.904834e-01   1.107302e-01
  1.992503e-02  -5.542637e-06   2.487867e+03   9.861800e-01   9.911454e-01   1.099436e-01
  1.990618e-02  -3.421822e-06   2.498799e+03   9.895764e-01   9.924545e-01   1.120270e-01
  1.978255e-02  -3.197252e-06   2.536187e+03   9.981450e-01   9.964066e-01   1.135175e-01
  1.899601e-02   1.183605e-05   2.592985e+03   9.799246e-01   9.852511e-01   1.053435e-01
  1.995787e-02   4.747777e-06   2.473993e+03   9.822965e-01   9.880389e-01   1.086375e-01
  2.004029e-02   3.796435e-06   2.459585e+03   9.806090e-01   9.879196e-01   1.084858e-01
  2.006430e-02   2.054078e-06   2.459516e+03   9.817564e-01   9.888665e-01   1.091205e-01
  2.006631e-02   1.823515e-06   2.462740e+03   9.831419e-01   9.898149e-01   1.095782e-01
  1.997894e-02  -1.676268e-06   2.479719e+03   9.856098e-01   9.909209e-01   1.099406e-01
  1.995479e-02   9.902799e-07   2.491728e+03   9.891860e-01   9.922571e-01   1.119697e-01
  1.979249e-02  -1.421390e-05   2.527930e+03   9.953954e-01   9.952013e-01   1.152994e-01
  1.897228e-02   9.342108e-06   2.619539e+03   9.887229e-01   9.911747e-01   1.131442e-01
  2.014985e-02  -3.032179e-06   2.478882e+03   9.937058e-01   9.950249e-01   1.167640e-01
  2.018344e-02   1.529451e-06   2.475294e+03   9.939215e-01   9.960854e-01   1.164513e-01
  2.029404e-02  -2.535823e-06   2.475284e+03   9.993637e-01   9.996545e-01   1.216702e-01
  2.023647e-02  -1.589064e-06   2.477665e+03   9.974876e-01   9.986254e-01   1.196523e-01
  2.006946e-02   1.501962e-07   2.495756e+03   9.964786e-01   9.974157e-01   1.172540e-01
  1.993836e-02   2.129258e-07   2.499477e+03   9.914452e-01   9.935937e-01   1.133626e-01
  1.968263e-02   1.260882e-05   2.533668e+03   9.921170e-01   9.925895e-01   1.086265e-01
  1.954931e-02   1.034040e-05   2.597968e+03   1.010405e+00   1.004037e+00   1.298570e-01
  2.026694e-02   3.946948e-06   2.483693e+03   1.001420e+00   9.997447e-01   1.239403e-01
  2.035912e-02   5.783460e-06   2.473328e+03   1.001777e+00   1.000753e+00   1.249061e-01
  2.038533e-02   1.683639e-06   2.461449e+03   9.982484e-01   9.991021e-01   1.229480e-01
  2.036373e-02  -7.027319e-07   2.466081e+03   9.990673e-01   9.995539e-01   1.227602e-01
  2.023962e-02  -1.977189e-06   2.485267e+03   1.000704e+00   1.000085e+00   1.223105e-01
  2.015044e-02   1.558981e-06   2.498264e+03   1.001505e+00   9.998114e-01   1.222205e-01
  1.968514e-02   3.597860e-06   2.552417e+03   9.995866e-01   9.972185e-01   1.182613e-01
  1.893617e-02  -1.566276e-05   2.646133e+03   9.968596e-01   9.963278e-01   1.259067e-01
  2.031565e-02  -5.949193e-06   2.450299e+03   9.903300e-01   9.930574e-01   1.170486e-01
  2.035705e-02  -9.410123e-06   2.444746e+03   9.900992e-01   9.936110e-01   1.165915e-01
  2.019699e-02  -1.552077e-07   2.442729e+03   9.815040e-01   9.889048e-01   1.102740e-01
  2.023195e-02   7.927334e-07   2.447217e+03   9.850096e-01   9.909165e-01   1.126882e-01
  2.012075e-02   9.837117e-08   2.478193e+03   9.919947e-01   9.947467e-01   1.155554e-01
  2.015317e-02  -1.307449e-07   2.489644e+03   9.981843e-01   9.977982e-01   1.201011e-01
  1.977006e-02   6.477775e-06   2.555669e+03   1.005177e+00   1.000726e+00   1.201471e-01
  1.937104e-02   1.366216e-05   2.563214e+03   9.877972e-01   9.903584e-01   1.125733e-01
  2.009681e-02   3.630066e-06   2.480987e+03   9.919314e-01   9.939614e-01   1.159892e-01
  2.016748e-02   3.140702e-06   2.467227e+03   9.898991e-01   9.934668e-01   1.153320e-01
  2.021807e-02  -1.354842e-06   2.465912e+03   9.918535e-01   9.950944e-01   1.168975e-01
  2.020418e-02   8.356087e-07   2.466424e+03   9.913779e-01   9.947190e-01   1.160642e-01
  2.016795e-02   9.915758e-06   2.470912e+03   9.914004e-01   9.944305e-01   1.159501e-01
  2.006765e-02   6.216939e-06   2.475156e+03   9.881646e-01   9.915904e-01   1.134794e-01
  1.933815e-02   2.792839e-05   2.592280e+03   9.973028e-01   9.961424e-01   1.173075e-01
  1.876358e-02  -3.206591e-05   2.669339e+03   9.964361e-01   9.956870e-01   1.259579e-01
  2.047293e-02  -6.281162e-06   2.428825e+03   9.892506e-01   9.925269e-01   1.186586e-01
  2.053876e-02  -3.715387e-06   2.427699e+03   9.919715e-01   9.950221e-01   1.202604e-01
  2.050231e-02   1.102973e-06   2.438458e+03   9.945996e-01   9.969718e-01   1.219517e-01
  2.045298e-02  -2.298643e-06   2.446058e+03   9.952989e-01   9.974859e-01   1.213964e-01
  2.032185e-02   4.266101e-06   2.462320e+03   9.954920e-01   9.970000e-01   1.198116e-01
  2.018863e-02   9.832213e-07   2.472603e+03   9.930965e-01   9.946404e-01   1.170076e-01
  1.957967e-02   5.883526e-06   2.570362e+03   1.001221e+00   9.978919e-01   1.192984e-01
  1.950273e-02   9.117951e-06   2.545724e+03   9.877266e-01   9.908131e-01   1.154189e-01
  1.999017e-02   1.310882e-06   2.464662e+03   9.801760e-01   9.869035e-01   1.075638e-01
  2.007179e-02  -2.484642e-06   2.449322e+03   9.780521e-01   9.865431e-01   1.071953e-01
  2.010593e-02   4.497213e-06   2.442476e+03   9.769774e-01   9.861734e-01   1.069766e-01
  2.012567e-02   3.572001e-06   2.447018e+03   9.797554e-01   9.878427e-01   1.086074e-01
  2.016810e-02   2.355524e-06   2.453591e+03   9.844583e-01   9.904812e-01   1.118757e-01
  2.014190e-02   3.395141e-06   2.468968e+03   9.893412e-01   9.924455e-01   1.146294e-01
  1.919538e-02   3.976084e-06   2.610034e+03   9.967195e-01   9.954598e-01   1.197698e-01
  1.846881e-02  -1.181012e-05   2.658453e+03   9.767827e-01   9.840137e-01   1.092317e-01
  2.027536e-02  -3.337997e-06   2.438754e+03   9.837092e-01   9.890368e-01   1.128406e-01
  2.032562e-02  -7.129619e-07   2.430953e+03   9.829929e-01   9.893091e-01   1.122565e-01
  2.028270e-02  -3.941968e-07   2.437917e+03   9.837278e-01   9.903405e-01   1.128420e-01
  2.025178e-02   2.360924e-06   2.440247e+03   9.831666e-01   9.899764e-01   1.119851e-01
  2.018751e-02  -8.557217e-07   2.455992e+03   9.863702e-01   9.912748e-01   1.127594e-01
  2.012716e-02  -1.418010e-06   2.465286e+03   9.871426e-01   9.910429e-01   1.128805e-01
  1.927206e-02  -4.537541e-06   2.568551e+03   9.847962e-01   9.881240e-01   1.093297e-01
  1.976245e-02   2.786953e-06   2.563837e+03   1.008002e+00   1.003457e+00   1.307935e-01
  2.035855e-02  -3.185455e-06   2.483968e+03   1.006058e+00   1.002721e+00   1.269010e-01
  2.047270e-02   3.321907e-07   2.470213e+03   1.006097e+00   1.003619e+00   1.282164e-01
  2.057573e-02   3.469114e-07   2.456652e+03   1.005609e+00   1.003735e+00   1.294779e-01
  2.051174e-02  -1.558493e-06   2.458271e+03   1.003142e+00   1.002119e+00   1.270559e-01
  2.048500e-02   8.217236e-06   2.456518e+03   1.001120e+00   1.000542e+00   1.256481e-01
  2.034788e-02   8.400883e-06   2.468766e+03   9.993767e-01   9.985588e-01   1.230257e-01
  1.895825e-02   3.370420e-05   2.644968e+03   9.975821e-01   9.961659e-01   1.209703e-01
  1.921174e-02  -1.140345e-06   2.620486e+03   1.001564e+00   9.994521e-01   1.315235e-01
  2.043433e-02   1.372743e-06   2.426294e+03   9.863565e-01   9.907964e-01   1.164210e-01
  2.049759e-02   1.646685e-06   2.416411e+03   9.853801e-01   9.909852e-01   1.161041e-01
  2.044459e-02   1.023261e-06   2.412037e+03   9.810533e-01   9.889348e-01   1.136029e-01
  2.043406e-02  -1.114306e-07   2.421588e+03   9.844303e-01   9.908243e-01   1.151751e-01
  2.043094e-02  -3.765620e-06   2.433734e+03   9.892172e-01   9.932709e-01   1.175004e-01
  2.039908e-02  -2.766311e-06   2.448985e+03   9.938636e-01   9.953078e-01   1.203328e-01
  1.947568e-02  -1.676756e-05   2.594349e+03   1.005197e+00   1.001270e+00   1.291067e-01
  1.931422e-02   6.063024e-06   2.540170e+03   9.760458e-01   9.842964e-01   1.060519e-01
  1.984508e-02   6.209085e-07   2.477726e+03   9.782194e-01   9.857389e-01   1.035997e-01
  1.990501e-02  -2.811417e-06   2.458231e+03   9.734533e-01   9.837312e-01   1.015767e-01
  1.999415e-02  -4.982956e-08   2.444618e+03   9.723978e-01   9.833344e-01   1.024053e-01
  2.004400e-02  -3.027063e-07   2.444463e+03   9.747608e-01   9.847129e-01   1.043160e-01
  2.015569e-02   2.821982e-06   2.440539e+03   9.786186e-01   9.866806e-01   1.078581e-01
  2.014586e-02  -1.735858e-06   2.449589e+03   9.817690e-01   9.879029e-01   1.098398e-01
  1.870907e-02   1.953386e-07   2.645322e+03   9.846024e-01   9.884551e-01   1.134848e-01
  1.906018e-02   2.345270e-05   2.623368e+03   9.947555e-01   9.947598e-01   1.173400e-01
  2.030796e-02   9.840226e-06   2.472610e+03   9.989693e-01   9.983036e-01   1.221424e-01
  2.036706e-02   9.713778e-06   2.467292e+03   9.997216e-01   9.996170e-01   1.228121e-01
  2.040753e-02   1.939904e-06   2.456919e+03   9.974964e-01   9.986688e-01   1.225190e-01
  2.037132e-02  -3.783471e-07   2.456957e+03   9.957418e-01   9.974395e-01   1.208381e-01
  2.029921e-02  -4.902901e-06   2.457582e+03   9.924701e-01   9.951629e-01   1.174077e-01
  2.018041e-02  -3.499991e-06   2.463391e+03   9.889937e-01   9.922305e-01   1.143397e-01
  1.894789e-02  -2.254503e-05   2.612245e+03   9.847019e-01   9.887303e-01   1.111922e-01
  1.969793e-02   8.401159e-06   2.564986e+03   1.005161e+00   1.002118e+00   1.294416e-01
  2.026153e-02  -1.942329e-06   2.473785e+03   9.971589e-01   9.972932e-01   1.201122e-01
  2.040115e-02  -1.478926e-06   2.458052e+03   9.976444e-01   9.985032e-01   1.221158e-01
  2.052178e-02  -4.743703e-06   2.445279e+03   9.983289e-01   9.991436e-01   1.242537e-01
  2.049467e-02  -1.280346e-06   2.442270e+03   9.957828e-01   9.977538e-01   1.225115e-01
  2.049997e-02  -6.428919e-06   2.439741e+03   9.950090e-01   9.967837e-01   1.219393e-01
  2.036958e-02  -7.153606e-06   2.453333e+03   9.941883e-01   9.954203e-01   1.199804e-01
  1.879736e-02  -3.185604e-06   2.677538e+03   1.001296e+00   9.984726e-01   1.260593e-01
  2.027698e-02   5.633189e-06   2.474376e+03   9.981576e-01   9.970732e-01   9.746883e-02
  1.985899e-02   3.305853e-06   2.517072e+03   9.944496e-01   9.955501e-01   9.821554e-02
  1.993061e-02   4.767653e-06   2.506850e+03   9.939831e-01   9.960504e-01   9.868381e-02
  2.016835e-02   5.423619e-06   2.471465e+03   9.916421e-01   9.949796e-01   9.980939e-02
  2.010895e-02   4.463152e-06   2.478352e+03   9.914767e-01   9.946968e-01   1.000749e-01
  2.011841e-02   4.198925e-06   2.483279e+03   9.939151e-01   9.960115e-01   1.006291e-01
  2.007062e-02   3.524677e-06   2.490709e+03   9.945211e-01   9.954380e-01   1.007000e-01
  1.910196e-02   8.488557e-06   2.622816e+03   9.967262e-01   9.952027e-01   1.004398e-01
  1.924957e-02   9.947994e-06   2.600015e+03   9.956964e-01   9.953649e-01   1.024503e-01
  2.014601e-02   5.695692e-07   2.473628e+03   9.914104e-01   9.936944e-01   9.993931e-02
  2.015290e-02   1.544431e-06   2.471414e+03   9.908622e-01   9.941209e-01   9.987892e-02
  2.031607e-02   7.462331e-07   2.448401e+03   9.895835e-01   9.940118e-01   1.002927e-01
  2.028587e-02   1.174822e-06   2.453980e+03   9.903637e-01   9.941303e-01   1.003554e-01
  2.025781e-02   4.325227e-06   2.460993e+03   9.918202e-01   9.949504e-01   1.010387e-01
  2.016733e-02   4.751213e-06   2.474829e+03   9.929417e-01   9.944783e-01   1.007643e-01
  1.927521e-02   8.777366e-06   2.596498e+03   9.956742e-01   9.952238e-01   1.052297e-01
  2.038330e-02   2.943369e-06   2.462241e+03   9.984705e-01   9.970928e-01   9.809465e-02
  1.984036e-02  -1.124040e-06   2.519212e+03   9.943617e-01   9.953814e-01   9.809377e-02
  1.997491e-02  -1.394822e-06   2.500018e+03   9.934778e-01   9.957211e-01   9.839701e-02
  2.014287e-02  -1.465445e-06   2.473202e+03   9.910852e-01   9.947810e-01   9.940824e-02
  2.016717e-02  -5.514587e-07   2.468201e+03   9.902743e-01   9.942478e-01   9.948074e-02
  2.018317e-02   2.271506e-06   2.470285e+03   9.918970e-01   9.947686e-01   1.003435e-01
  2.004771e-02   3.319611e-06   2.488812e+03   9.926290e-01   9.941800e-01   1.004353e-01
  1.937623e-02   1.127602e-05   2.581541e+03   9.951267e-01   9.943714e-01   1.014317e-01
  1.898594e-02   4.397983e-06   2.637469e+03   9.962070e-01   9.952374e-01   1.003194e-01
  2.005343e-02   1.452209e-06   2.486100e+03   9.918304e-01   9.937984e-01   9.974133e-02
  2.014762e-02   1.198126e-06   2.472062e+03   9.908622e-01   9.941218e-01   9.975197e-02
  2.021048e-02  -4.222998e-07   2.461507e+03   9.897094e-01   9.937958e-01   1.000544e-01
  2.023018e-02   3.397090e-07   2.460309e+03   9.901924e-01   9.939941e-01   1.000110e-01
  2.024488e-02   3.869104e-07   2.464270e+03   9.925071e-01   9.951737e-01   1.008912e-01
  2.017617e-02   7.430554e-07   2.475474e+03   9.936359e-01   9.949400e-01   1.006639e-01
  1.905381e-02   2.076458e-06   2.626941e+03   9.957773e-01   9.952719e-01   1.056595e-01
  1.997378e-02   5.731109e-07   2.512599e+03   9.984204e-01   9.970316e-01   9.931769e-02
  1.997815e-02   1.108953e-06   2.500284e+03   9.937447e-01   9.950904e-01   9.884074e-02
  2.002774e-02   7.545227e-07   2.491105e+03   9.925541e-01   9.950416e-01   9.865115e-02
  2.013855e-02   1.814180e-06   2.472274e+03   9.905012e-01   9.942737e-01   9.927107e-02
  2.020340e-02   1.092007e-06   2.462153e+03   9.896227e-01   9.936520e-01   9.920277e-02
  2.017119e-02   3.994884e-06   2.468401e+03   9.905521e-01   9.939732e-01   9.973077e-02
  2.018267e-02   4.361356e-06   2.467908e+03   9.909180e-01   9.933448e-01   1.001688e-01
  1.955150e-02   1.118804e-05   2.555603e+03   9.940393e-01   9.942232e-01   1.021723e-01
  1.861389e-02   3.040188e-06   2.691080e+03   9.965380e-01   9.950447e-01   9.933764e-02
  2.004556e-02   1.788066e-06   2.490520e+03   9.932038e-01   9.946476e-01   1.003431e-01
  2.010417e-02   5.071856e-07   2.480297e+03   9.920188e-01   9.950150e-01   1.003444e-01
  2.025958e-02  -1.546198e-07   2.457570e+03   9.905271e-01   9.943456e-01   1.003818e-01
  2.019390e-02  -1.191318e-06   2.465871e+03   9.906512e-01   9.944238e-01   1.001130e-01
  2.024576e-02  -1.205279e-06   2.465134e+03   9.928982e-01   9.954225e-01   1.004776e-01
  2.018166e-02  -1.781525e-06   2.476911e+03   9.944835e-01   9.954796e-01   1.004179e-01
  1.902324e-02  -2.356910e-06   2.633156e+03   9.965318e-01   9.960861e-01   1.049512e-01
  1.979257e-02  -5.372399e-06   2.534125e+03   9.978389e-01   9.965617e-01   1.010230e-01
  1.999703e-02  -6.241427e-06   2.497299e+03   9.934963e-01   9.950275e-01   9.975866e-02
  2.004328e-02  -6.432101e-06   2.488398e+03   9.922447e-01   9.949218e-01   9.952667e-02
  2.021703e-02  -4.641813e-06   2.462224e+03   9.903188e-01   9.943279e-01   9.982724e-02
  2.018415e-02  -3.067506e-06   2.465959e+03   9.902080e-01   9.941307e-01   9.972582e-02
  2.024192e-02   2.673959e-07   2.459957e+03   9.906253e-01   9.942874e-01   9.994138e-02
  2.016885e-02   2.656945e-06   2.469459e+03   9.908620e-01   9.933764e-01   1.000431e-01
  1.987598e-02   8.949826e-06   2.513389e+03   9.938446e-01   9.943788e-01   1.029411e-01
  1.878010e-02  -2.285167e-06   2.665508e+03   9.958822e-01   9.946050e-01   9.962091e-02
  2.009230e-02  -8.105168e-07   2.487327e+03   9.942433e-01   9.952528e-01   1.010706e-01
  2.015855e-02   1.139476e-06   2.475454e+03   9.927601e-01   9.952690e-01   1.008624e-01
  2.021431e-02   2.652866e-06   2.464510e+03   9.911047e-01   9.947728e-01   1.004366e-01
  2.021679e-02   3.413854e-06   2.465549e+03   9.916445e-01   9.950193e-01   1.003904e-01
  2.019147e-02   3.633035e-06   2.474388e+03   9.939528e-01   9.959569e-01   1.001884e-01
  2.006970e-02   2.996281e-06   2.492976e+03   9.953804e-01   9.960435e-01   1.001092e-01
  1.896273e-02   3.571577e-06   2.644155e+03   9.975114e-01   9.967825e-01   1.040892e-01
  1.926654e-02   9.271957e-06   2.602654e+03   9.975859e-01   9.961393e-01   1.026053e-01
  2.016347e-02   6.580016e-06   2.475759e+03   9.931246e-01   9.947645e-01   1.007591e-01
  2.025081e-02   6.438145e-06   2.461969e+03   9.918708e-01   9.946608e-01   1.007609e-01
  2.026741e-02   5.903250e-06   2.455285e+03   9.899887e-01   9.939414e-01   1.003488e-01
  2.025281e-02   4.927791e-06   2.458589e+03   9.906068e-01   9.943826e-01   1.003695e-01
  2.008564e-02   4.501822e-06   2.481156e+03   9.914483e-01   9.945057e-01   9.997096e-02
  2.006823e-02   1.589431e-06   2.483796e+03   9.916425e-01   9.936572e-01   9.998878e-02
  1.987297e-02   4.083609e-06   2.515440e+03   9.945050e-01   9.948698e-01   1.024267e-01
  1.857053e-02   6.015823e-06   2.693654e+03   9.951676e-01   9.938527e-01   1.006087e-01
  2.015746e-02   1.172397e-06   2.476677e+03   9.931965e-01   9.945743e-01   1.013500e-01
  2.023228e-02   1.204972e-06   2.463271e+03   9.914875e-01   9.944438e-01   1.010316e-01
  2.023299e-02  -1.214817e-06   2.460266e+03   9.903125e-01   9.940145e-01   9.999829e-02
  2.024344e-02  -1.946610e-06   2.463096e+03   9.919636e-01   9.951403e-01   1.003457e-01
  2.015336e-02  -4.979721e-07   2.479847e+03   9.942657e-01   9.961186e-01   1.000371e-01
  2.005345e-02  -9.059601e-07   2.495067e+03   9.954086e-01   9.961283e-01   1.000251e-01
  1.907261e-02   5.664124e-06   2.630207e+03   9.979991e-01   9.971158e-01   1.033104e-01
  1.915504e-02  -8.368422e-07   2.614595e+03   9.963632e-01   9.958103e-01   1.045320e-01
  2.013924e-02  -2.886354e-06   2.478772e+03   9.931386e-01   9.945646e-01   1.008418e-01
  2.030135e-02  -3.506415e-06   2.455294e+03   9.916500e-01   9.945578e-01   1.009765e-01
  2.021977e-02  -4.365797e-06   2.460349e+03   9.896991e-01   9.939456e-01   1.002007e-01
  2.026930e-02  -4.440219e-06   2.454866e+03   9.899123e-01   9.939579e-01   1.003503e-01
  2.015432e-02  -2.957196e-06   2.472365e+03   9.913130e-01   9.943302e-01   9.986104e-02
  2.008525e-02  -4.243772e-07   2.482586e+03   9.919999e-01   9.940690e-01   9.985015e-02
  2.002294e-02  -1.039242e-06   2.499346e+03   9.955990e-01   9.955781e-01   1.020949e-01
  1.898357e-02  -1.539336e-06   2.631965e+03   9.940041e-01   9.933309e-01   1.019094e-01
  2.021613e-02   7.240049e-07   2.466942e+03   9.921722e-01   9.940785e-01   1.009711e-01
  2.025009e-02   4.002895e-07   2.459966e+03   9.910289e-01   9.940213e-01   1.008335e-01
  2.021487e-02   9.502785e-07   2.462234e+03   9.902172e-01   9.942722e-01   9.978019e-02
  2.021725e-02  -1.377820e-07   2.465649e+03   9.917071e-01   9.951685e-01   1.002234e-01
  2.011252e-02  -2.414841e-07   2.483367e+03   9.936593e-01   9.958082e-01   9.994937e-02
  2.006664e-02  -8.996673e-07   2.492232e+03   9.949316e-01   9.959015e-01   9.997037e-02
  1.915226e-02   4.873418e-06   2.620115e+03   9.983218e-01   9.973545e-01   1.031571e-01
  1.927163e-02  -1.708232e-06   2.594082e+03   9.945631e-01   9.950963e-01   1.060962e-01
  2.024954e-02  -1.831639e-06   2.463535e+03   9.924392e-01   9.942012e-01   1.008635e-01
  2.030963e-02  -1.522478e-07   2.452706e+03   9.910088e-01   9.943028e-01   1.008129e-01
  2.030206e-02   2.156684e-06   2.449850e+03   9.894863e-01   9.938203e-01   1.004850e-01
  2.028106e-02   2.631608e-06   2.451262e+03   9.890326e-01   9.933664e-01   1.001117e-01
  2.009426e-02   3.092766e-06   2.478415e+03   9.907778e-01   9.939905e-01   9.924197e-02
  1.999285e-02   5.368854e-07   2.493192e+03   9.916547e-01   9.937153e-01   9.914604e-02
  1.962733e-02  -9.336936e-07   2.552611e+03   9.967265e-01   9.962768e-01   1.006181e-01
  1.901937e-02  -4.375666e-06   2.630551e+03   9.953434e-01   9.947985e-01   1.020044e-01
  2.016194e-02  -1.242320e-06   2.475145e+03   9.928029e-01   9.944632e-01   1.008366e-01
  2.029518e-02   3.058463e-07   2.457141e+03   9.920948e-01   9.948967e-01   1.012572e-01
  2.024633e-02   1.094531e-06   2.461609e+03   9.915067e-01   9.948507e-01   1.003416e-01
  2.020117e-02   2.189333e-06   2.467191e+03   9.915382e-01   9.950677e-01   1.002854e-01
  2.017710e-02   6.218834e-06   2.472098e+03   9.923265e-01   9.950530e-01   1.000461e-01
  2.004906e-02   5.622811e-06   2.490605e+03   9.934112e-01   9.950392e-01   9.998951e-02
  1.909800e-02   1.110809e-05   2.624033e+03   9.969819e-01   9.957811e-01   1.025275e-01
  1.914096e-02   4.825409e-06   2.611164e+03   9.943241e-01   9.952644e-01   1.058458e-01
  2.023198e-02   1.689945e-06   2.464936e+03   9.921425e-01   9.941764e-01   1.005118e-01
  2.029793e-02  -2.585872e-07   2.453238e+03   9.906532e-01   9.939713e-01   1.005088e-01
  2.029070e-02  -3.210177e-06   2.451313e+03   9.895232e-01   9.937639e-01   1.003376e-01
  2.027711e-02  -3.612488e-06   2.451272e+03   9.888439e-01   9.933052e-01   1.000585e-01
  2.010743e-02  -3.004253e-06   2.475475e+03   9.902512e-01   9.936280e-01   9.907692e-02
  2.006315e-02  -1.519759e-06   2.483325e+03   9.912036e-01   9.934121e-01   9.900673e-02
  1.967822e-02   1.493135e-08   2.545578e+03   9.965576e-01   9.963575e-01   1.014121e-01
  1.959758e-02  -8.356331e-06   2.557252e+03   9.970250e-01   9.956595e-01   1.024555e-01
  2.013820e-02  -3.830147e-06   2.480533e+03   9.937928e-01   9.949790e-01   1.005387e-01
  2.020477e-02  -4.567482e-06   2.470471e+03   9.930332e-01   9.954114e-01   1.009820e-01
  2.020603e-02  -2.942571e-06   2.468075e+03   9.921322e-01   9.952929e-01   1.006465e-01
  2.023310e-02  -4.402723e-06   2.462784e+03   9.913314e-01   9.949533e-01   1.003516e-01
  2.020813e-02  -4.274992e-06   2.466809e+03   9.917260e-01   9.945285e-01   1.003822e-01
  2.014005e-02  -3.484965e-06   2.478103e+03   9.929104e-01   9.944345e-01   1.003762e-01
  1.910334e-02   3.191723e-06   2.620251e+03   9.958235e-01   9.948171e-01   1.015992e-01
  1.926209e-02  -2.033375e-06   2.595970e+03   9.947942e-01   9.957517e-01   1.073108e-01
  2.023917e-02  -4.192533e-06   2.464609e+03   9.923637e-01   9.943330e-01   1.003897e-01
  2.032243e-02  -2.339770e-06   2.451023e+03   9.909536e-01   9.943361e-01   1.004220e-01
  2.029827e-02  -7.791064e-07   2.451484e+03   9.899614e-01   9.938674e-01   1.003728e-01
  2.029758e-02   5.812981e-07   2.450639e+03   9.895866e-01   9.935728e-01   1.002856e-01
  2.017810e-02   1.162956e-06   2.468410e+03   9.908953e-01   9.941735e-01   9.981824e-02
  2.006384e-02   1.879652e-06   2.485979e+03   9.922969e-01   9.942101e-01   9.952451e-02
  1.959508e-02   1.943667e-06   2.556237e+03   9.965023e-01   9.961773e-01   1.031304e-01
  1.965947e-02  -1.292945e-05   2.551418e+03   9.978918e-01   9.969668e-01   1.007632e-01
  1.998867e-02  -1.898848e-06   2.498220e+03   9.934471e-01   9.948950e-01   9.941040e-02
  2.004280e-02  -2.887267e-06   2.487629e+03   9.919143e-01   9.947981e-01   9.935804e-02
  2.019230e-02   1.080829e-06   2.466276e+03   9.907353e-01   9.944749e-01   9.984203e-02
  2.016852e-02   1.720357e-06   2.469543e+03   9.908792e-01   9.944766e-01   9.983588e-02
  2.014984e-02   4.522405e-06   2.474536e+03   9.919635e-01   9.948466e-01   1.004152e-01
  2.009793e-02   4.149037e-06   2.485300e+03   9.937116e-01   9.949702e-01   1.007315e-01
  1.907102e-02   5.356104e-06   2.626757e+03   9.966070e-01   9.952948e-01   1.010937e-01
  1.921206e-02   1.020128e-05   2.605728e+03   9.959398e-01   9.960590e-01   1.068053e-01
  2.016783e-02   5.120814e-06   2.476652e+03   9.936981e-01   9.950903e-01   1.006022e-01
  2.026909e-02   3.982288e-06   2.460240e+03   9.920690e-01   9.949299e-01   1.005406e-01
  2.030427e-02   2.332315e-06   2.452992e+03   9.908631e-01   9.945608e-01   1.005018e-01
  2.030557e-02   1.677685e-06   2.451481e+03   9.903162e-01   9.943778e-01   1.001372e-01
  2.028550e-02   2.320739e-06   2.458141e+03   9.920254e-01   9.948337e-01   1.004974e-01
  2.020936e-02   9.246670e-07   2.470096e+03   9.931082e-01   9.947929e-01   1.001327e-01
  1.951799e-02   7.416059e-06   2.564986e+03   9.959791e-01   9.959339e-01   1.047941e-01
  2.018432e-02  -1.350022e-05   2.484828e+03   9.977936e-01   9.974610e-01   1.003052e-01
  1.988126e-02  -5.671895e-06   2.510001e+03   9.927684e-01   9.944801e-01   9.802487e-02
  2.003449e-02  -5.786177e-06   2.484769e+03   9.903631e-01   9.939057e-01   9.793242e-02
  2.017070e-02  -4.553272e-06   2.463785e+03   9.886758e-01   9.932243e-01   9.891873e-02
  2.017221e-02  -4.059266e-06   2.466479e+03   9.898309e-01   9.938945e-01   9.926343e-02
  2.019934e-02  -4.270583e-06   2.466369e+03   9.911183e-01   9.942240e-01   9.997996e-02
  2.008965e-02  -2.496479e-06   2.485385e+03   9.933359e-01   9.947642e-01   1.004316e-01
  1.945858e-02  -2.089663e-06   2.573896e+03   9.963969e-01   9.954937e-01   1.019686e-01
  1.886404e-02  -4.459317e-06   2.653197e+03   9.957134e-01   9.953990e-01   1.044531e-01
  2.017161e-02  -4.509241e-06   2.477886e+03   9.943794e-01   9.955263e-01   1.008301e-01
  2.026144e-02  -4.906172e-06   2.463131e+03   9.928599e-01   9.952558e-01   1.005500e-01
  2.026467e-02  -5.248176e-06   2.460482e+03   9.919505e-01   9.953550e-01   1.004259e-01
  2.026684e-02  -5.088431e-06   2.457851e+03   9.909956e-01   9.947497e-01   1.000724e-01
  2.027189e-02  -4.851332e-06   2.461733e+03   9.928079e-01   9.956150e-01   1.009555e-01
  2.019083e-02  -4.999361e-06   2.473869e+03   9.937132e-01   9.949351e-01   1.004797e-01
  1.938287e-02   1.410090e-06   2.583678e+03   9.962921e-01   9.962185e-01   1.054191e-01
  2.023312e-02  -2.008749e-05   2.479177e+03   9.979312e-01   9.975675e-01   1.006853e-01
  1.989917e-02  -5.155154e-06   2.508032e+03   9.928834e-01   9.945332e-01   9.771173e-02
  1.991419e-02  -5.324777e-06   2.501460e+03   9.910291e-01   9.942563e-01   9.761110e-02
  2.019899e-02   1.488134e-06   2.461283e+03   9.890571e-01   9.933334e-01   9.892054e-02
  2.018550e-02   1.381082e-07   2.466224e+03   9.903805e-01   9.941742e-01   9.929420e-02
  2.014617e-02  -3.619525e-06   2.472597e+03   9.910053e-01   9.943314e-01   9.945654e-02
  2.003936e-02  -5.420713e-06   2.489697e+03   9.925687e-01   9.944036e-01   9.965499e-02
  1.963251e-02  -9.406718e-06   2.550252e+03   9.960685e-01   9.952455e-01   1.012878e-01
  1.892372e-02   5.156094e-06   2.642498e+03   9.948358e-01   9.946091e-01   1.024480e-01
  2.014311e-02   3.125451e-06   2.479770e+03   9.937293e-01   9.949969e-01   1.006532e-01
  2.023365e-02   4.022334e-06   2.464598e+03   9.920882e-01   9.949268e-01   1.006222e-01
  2.020872e-02   1.992769e-06   2.467129e+03   9.918837e-01   9.951967e-01   1.003017e-01
  2.025338e-02   1.640435e-06   2.461764e+03   9.919141e-01   9.951602e-01   1.002456e-01
  2.029522e-02   2.906926e-07   2.461566e+03   9.938835e-01   9.959688e-01   1.008189e-01
  2.019247e-02   2.549088e-07   2.476697e+03   9.949298e-01   9.959151e-01   1.006944e-01
  1.943727e-02  -6.450520e-06   2.580138e+03   9.977193e-01   9.971018e-01   1.059172e-01
  2.008985e-02  -1.003788e-05   2.495903e+03   9.975498e-01   9.973436e-01   1.020740e-01
  1.996465e-02  -3.078065e-06   2.501256e+03   9.934594e-01   9.949497e-01   9.854634e-02
  2.007563e-02  -4.201466e-06   2.485405e+03   9.926511e-01   9.952673e-01   9.884143e-02
  2.020837e-02  -5.332441e-06   2.465371e+03   9.911597e-01   9.948889e-01   9.979382e-02
  2.013155e-02  -3.867795e-06   2.477666e+03   9.923163e-01   9.955414e-01   9.972028e-02
  2.007748e-02  -5.230404e-06   2.484627e+03   9.924315e-01   9.951908e-01   9.931474e-02
  1.998240e-02  -1.922206e-06   2.497307e+03   9.927724e-01   9.943927e-01   9.892613e-02
  1.996192e-02  -1.099275e-05   2.506863e+03   9.955497e-01   9.957289e-01   1.003549e-01
  1.909281e-02  -6.639830e-06   2.621519e+03   9.957560e-01   9.945226e-01   1.013664e-01
  2.008339e-02   2.923025e-06   2.488198e+03   9.941502e-01   9.952337e-01   1.006082e-01
  2.016270e-02   2.420676e-06   2.472619e+03   9.918276e-01   9.946293e-01   1.005139e-01
  2.022206e-02   2.688780e-06   2.465518e+03   9.918907e-01   9.951761e-01   1.001543e-01
  2.024090e-02   1.304731e-06   2.462659e+03   9.916633e-01   9.951259e-01   1.003627e-01
  2.011389e-02  -2.057999e-06   2.482763e+03   9.934855e-01   9.955860e-01   1.002530e-01
  2.011193e-02  -3.434208e-06   2.484956e+03   9.942662e-01   9.953369e-01   1.003084e-01
  1.907869e-02  -9.789108e-06   2.629853e+03   9.981832e-01   9.970831e-01   1.038061e-01
  2.018646e-02   7.254158e-06   2.482233e+03   9.968573e-01   9.967499e-01   1.055757e-01
  2.010814e-02   1.615243e-06   2.484170e+03   9.937640e-01   9.951015e-01   9.978874e-02
  2.018850e-02   3.227216e-06   2.473553e+03   9.934716e-01   9.956379e-01   9.988161e-02
  2.016423e-02   2.360593e-06   2.473047e+03   9.920745e-01   9.953500e-01   1.001133e-01
  2.016107e-02   3.077554e-06   2.475157e+03   9.927651e-01   9.955637e-01   9.991860e-02
  2.001644e-02  -3.382507e-07   2.492668e+03   9.926162e-01   9.951625e-01   9.929937e-02
  1.994083e-02  -6.172706e-07   2.503803e+03   9.932841e-01   9.947684e-01   9.885115e-02
  2.027193e-02  -3.430018e-06   2.467447e+03   9.951144e-01   9.955564e-01   1.002516e-01
  1.932390e-02  -1.027930e-05   2.595159e+03   9.976747e-01   9.958047e-01   1.005602e-01
  2.000732e-02  -5.542536e-06   2.498840e+03   9.946205e-01   9.955162e-01   1.002017e-01
  2.014812e-02  -6.004243e-06   2.474194e+03   9.917411e-01   9.947758e-01   1.002800e-01
  2.015615e-02  -6.213827e-06   2.471526e+03   9.910667e-01   9.948191e-01   9.976753e-02
  2.017464e-02  -5.188308e-06   2.467294e+03   9.902770e-01   9.941346e-01   9.985979e-02
  2.018900e-02  -7.257247e-06   2.470191e+03   9.921456e-01   9.949256e-01   9.966495e-02
  2.013845e-02  -6.203294e-06   2.478058e+03   9.928137e-01   9.944097e-01   9.974323e-02
  1.925896e-02  -1.456245e-05   2.602231e+03   9.970313e-01   9.958762e-01   1.023212e-01
  2.006266e-02   2.755018e-06   2.495080e+03   9.958711e-01   9.962318e-01   1.074200e-01
  2.021869e-02   6.448367e-07   2.470283e+03   9.936417e-01   9.950610e-01   1.007772e-01
  2.024272e-02  -1.642177e-07   2.466167e+03   9.931652e-01   9.955402e-01   1.005966e-01
  2.023058e-02  -1.097501e-06   2.462476e+03   9.910839e-01   9.945292e-01   1.000871e-01
  2.018898e-02  -1.656300e-06   2.468802e+03   9.915868e-01   9.950032e-01   9.966477e-02
  2.001888e-02  -3.505144e-06   2.489324e+03   9.914056e-01   9.945542e-01   9.880386e-02
  1.994496e-02  -4.174205e-06   2.503839e+03   9.935044e-01   9.949534e-01   9.889405e-02
  2.006663e-02  -1.404937e-05   2.494409e+03   9.957999e-01   9.957897e-01   1.008977e-01
  1.980515e-02  -4.075309e-08   2.533115e+03   9.980750e-01   9.963981e-01   1.000359e-01
  1.999989e-02   7.433770e-06   2.500191e+03   9.947888e-01   9.956893e-01   9.977526e-02
  2.005432e-02   8.446454e-06   2.486914e+03   9.921989e-01   9.950499e-01   9.985353e-02
  2.015915e-02   8.912663e-06   2.470059e+03   9.906260e-01   9.943937e-01   9.960308e-02
  2.019056e-02   7.829273e-06   2.464521e+03   9.899449e-01   9.938239e-01   9.979579e-02
  2.006339e-02   2.885471e-06   2.487087e+03   9.927168e-01   9.953391e-01   9.950141e-02
  1.998637e-02   1.515498e-06   2.497947e+03   9.932240e-01   9.949494e-01   9.955728e-02
  1.899799e-02  -1.103964e-05   2.637580e+03   9.968812e-01   9.956397e-01   1.005871e-01
  1.992415e-02   2.015656e-05   2.511196e+03   9.953838e-01   9.957341e-01   1.076821e-01
  2.027069e-02   3.989102e-06   2.461959e+03   9.928408e-01   9.945533e-01   1.010982e-01
  2.034468e-02   4.053203e-06   2.451928e+03   9.924046e-01   9.951986e-01   1.008258e-01
  2.026381e-02  -8.634690e-07   2.456204e+03   9.901834e-01   9.941464e-01   1.001521e-01
  2.023658e-02   4.142877e-07   2.460110e+03   9.904257e-01   9.944117e-01   9.973455e-02
  2.013123e-02   1.509555e-06   2.471164e+03   9.896968e-01   9.933030e-01   9.913660e-02
  2.005519e-02   2.864815e-06   2.487883e+03   9.926290e-01   9.944384e-01   9.935668e-02
  1.988029e-02   1.628829e-06   2.516988e+03   9.954832e-01   9.959371e-01   1.023653e-01
  2.012203e-02  -7.052870e-06   2.495100e+03   9.988262e-01   9.973390e-01   9.870982e-02
  1.987599e-02  -4.711774e-06   2.516523e+03   9.950840e-01   9.957855e-01   9.848094e-02
  1.997363e-02  -5.759087e-06   2.500856e+03   9.937469e-01   9.958928e-01   9.887515e-02
  2.012205e-02  -5.266411e-06   2.476395e+03   9.913393e-01   9.949698e-01   9.936684e-02
  2.016266e-02  -4.195759e-06   2.470842e+03   9.911122e-01   9.946751e-01   9.991726e-02
  2.004015e-02  -4.842595e-06   2.492222e+03   9.936146e-01   9.958426e-01   1.001582e-01
  1.999921e-02  -3.834444e-06   2.498502e+03   9.940830e-01   9.952126e-01   1.003024e-01
  1.909622e-02  -1.035227e-05   2.623672e+03   9.967518e-01   9.953887e-01   9.966211e-02
  1.952803e-02   1.913149e-05   2.561555e+03   9.951585e-01   9.956079e-01   1.053980e-01
  2.017314e-02   1.015308e-05   2.471802e+03   9.920129e-01   9.940901e-01   1.005429e-01
  2.025611e-02   9.550744e-06   2.460668e+03   9.916063e-01   9.949082e-01   1.005398e-01
  2.026192e-02   6.233942e-06   2.455198e+03   9.896858e-01   9.938913e-01   1.003682e-01
  2.029955e-02   4.804340e-06   2.451921e+03   9.902003e-01   9.942201e-01   1.003155e-01
  2.027459e-02   2.620357e-06   2.455163e+03   9.902903e-01   9.937138e-01   1.002729e-01
  2.017988e-02   6.641959e-07   2.472023e+03   9.924329e-01   9.941516e-01   1.002019e-01
  1.949787e-02  -4.679289e-06   2.566992e+03   9.957307e-01   9.954915e-01   1.037031e-01
  1.957963e-02   1.034306e-05   2.546854e+03   9.920619e-01   9.931795e-01   8.622537e-02
  2.010190e-02   5.036466e-06   2.467269e+03   9.866968e-01   9.908469e-01   8.375322e-02
  2.019426e-02   4.779764e-06   2.452708e+03   9.853806e-01   9.908556e-01   8.396999e-02
  2.031317e-02  -8.011457e-07   2.434248e+03   9.837228e-01   9.903384e-01   8.460030e-02
  2.031732e-02   2.343459e-06   2.436411e+03   9.847978e-01   9.909867e-01   8.501510e-02
  2.035305e-02  -4.916012e-06   2.436739e+03   9.866627e-01   9.917590e-01   8.572376e-02
  2.028851e-02  -3.794451e-06   2.448987e+03   9.884778e-01   9.920972e-01   8.633321e-02
  1.930343e-02  -1.298103e-05   2.586273e+03   9.932052e-01   9.942325e-01   9.064178e-02
  1.965144e-02   1.148593e-06   2.545541e+03   9.951866e-01   9.954403e-01   8.813082e-02
  2.006607e-02  -8.806241e-07   2.484805e+03   9.919384e-01   9.939987e-01   8.458031e-02
  2.012951e-02   3.777109e-07   2.470699e+03   9.894259e-01   9.932919e-01   8.438604e-02
  2.026656e-02  -1.985244e-06   2.448091e+03   9.870465e-01   9.923414e-01   8.480200e-02
  2.028590e-02  -2.119872e-06   2.445038e+03   9.867567e-01   9.920509e-01   8.489765e-02
  2.032993e-02  -1.460648e-06   2.441797e+03   9.875877e-01   9.922231e-01   8.581439e-02
  2.025083e-02  -1.425655e-06   2.455134e+03   9.891184e-01   9.923478e-01   8.586623e-02
  1.909878e-02  -5.420516e-06   2.607872e+03   9.908824e-01   9.926070e-01   8.819261e-02
  1.986337e-02   3.350911e-06   2.524990e+03   9.977981e-01   9.967251e-01   8.823368e-02
  2.006700e-02   4.252595e-06   2.485978e+03   9.924528e-01   9.942769e-01   8.626703e-02
  2.013160e-02   3.093916e-06   2.472943e+03   9.904271e-01   9.939277e-01   8.601913e-02
  2.029288e-02   1.375450e-06   2.443493e+03   9.864725e-01   9.920744e-01   8.571644e-02
  2.027912e-02   5.069651e-07   2.446695e+03   9.870954e-01   9.922826e-01   8.571032e-02
  2.029317e-02  -1.409108e-06   2.442272e+03   9.859934e-01   9.913388e-01   8.464344e-02
  2.021840e-02  -4.095332e-07   2.452930e+03   9.866480e-01   9.908288e-01   8.467910e-02
  1.928050e-02  -5.640198e-06   2.579430e+03   9.894006e-01   9.921259e-01   8.812244e-02
  1.957738e-02  -1.296911e-05   2.550851e+03   9.935046e-01   9.945025e-01   8.733382e-02
  2.009453e-02  -1.960761e-06   2.479444e+03   9.912020e-01   9.935863e-01   8.506700e-02
  2.017739e-02  -3.224750e-06   2.464037e+03   9.891048e-01   9.931293e-01   8.503978e-02
  2.028203e-02   1.325009e-07   2.449490e+03   9.883648e-01   9.929267e-01   8.591960e-02
  2.028500e-02  -1.584559e-06   2.448272e+03   9.880179e-01   9.927592e-01   8.587858e-02
  2.026373e-02  -3.037961e-07   2.452607e+03   9.887296e-01   9.929304e-01   8.582976e-02
  2.019630e-02  -9.121040e-07   2.462525e+03   9.894246e-01   9.925905e-01   8.537808e-02
  1.934774e-02  -2.396175e-06   2.579591e+03   9.929132e-01   9.937360e-01   8.844090e-02
  1.987918e-02   2.539235e-06   2.525796e+03   9.989110e-01   9.971821e-01   8.791539e-02
  2.003407e-02   4.783743e-07   2.491757e+03   9.931279e-01   9.947102e-01   8.658731e-02
  2.010716e-02   1.174772e-06   2.477760e+03   9.911518e-01   9.943579e-01   8.633109e-02
  2.030252e-02   2.050599e-06   2.446354e+03   9.880967e-01   9.928565e-01   8.648386e-02
  2.025397e-02   3.042564e-07   2.452522e+03   9.882190e-01   9.928722e-01   8.589824e-02
  2.025836e-02   1.484764e-06   2.451910e+03   9.881868e-01   9.927965e-01   8.549203e-02
  2.017907e-02  -6.705166e-07   2.461609e+03   9.882128e-01   9.918739e-01   8.507585e-02
  1.944361e-02   2.442443e-06   2.561776e+03   9.909420e-01   9.929489e-01   8.943263e-02
  1.943800e-02  -1.083139e-05   2.565241e+03   9.919956e-01   9.934229e-01   8.691660e-02
  2.008211e-02  -3.881633e-06   2.473726e+03   9.883050e-01   9.918781e-01   8.380025e-02
  2.018302e-02  -3.262088e-06   2.457917e+03   9.869235e-01   9.917759e-01   8.416905e-02
  2.024716e-02  -1.801530e-06   2.447036e+03   9.856769e-01   9.915089e-01   8.419675e-02
  2.024247e-02   5.728930e-07   2.450035e+03   9.866565e-01   9.921331e-01   8.477069e-02
  2.017358e-02  -1.559078e-06   2.464047e+03   9.889218e-01   9.930213e-01   8.471009e-02
  2.009258e-02  -1.745664e-06   2.479120e+03   9.909764e-01   9.933799e-01   8.511139e-02
  1.964976e-02  -1.002803e-06   2.542800e+03   9.940301e-01   9.945449e-01   8.793178e-02
  1.976206e-02  -1.148322e-05   2.529883e+03   9.946330e-01   9.945070e-01   8.467958e-02
  2.000834e-02  -1.388203e-06   2.491048e+03   9.915701e-01   9.937208e-01   8.555536e-02
  2.011074e-02  -1.276238e-06   2.477154e+03   9.910859e-01   9.942463e-01   8.606159e-02
  2.026662e-02  -7.200223e-08   2.454092e+03   9.894692e-01   9.937207e-01   8.672788e-02
  2.024223e-02   8.409488e-07   2.461237e+03   9.911560e-01   9.947914e-01   8.717055e-02
  2.025185e-02   3.196368e-07   2.459082e+03   9.907585e-01   9.939816e-01   8.667041e-02
  2.017184e-02   9.754499e-07   2.470015e+03   9.912318e-01   9.936487e-01   8.652189e-02
  1.963854e-02   5.545490e-06   2.543794e+03   9.938509e-01   9.948650e-01   9.090188e-02
  1.939672e-02  -2.579605e-05   2.585672e+03   9.977733e-01   9.968436e-01   9.089599e-02
  2.022422e-02  -5.725352e-06   2.469921e+03   9.937680e-01   9.951598e-01   8.800402e-02
  2.030619e-02  -4.324227e-06   2.455843e+03   9.921086e-01   9.950095e-01   8.809119e-02
  2.032628e-02  -8.087220e-07   2.447997e+03   9.899173e-01   9.941992e-01   8.716921e-02
  2.030911e-02  -3.264951e-07   2.449565e+03   9.897146e-01   9.939352e-01   8.691718e-02
  2.013621e-02   5.839944e-07   2.473729e+03   9.909688e-01   9.942322e-01   8.563504e-02
  2.004657e-02   1.383487e-06   2.486514e+03   9.916559e-01   9.938910e-01   8.509477e-02
  1.976981e-02   4.977114e-06   2.533947e+03   9.966211e-01   9.963932e-01   8.790318e-02
  1.977174e-02  -8.879220e-06   2.530908e+03   9.955232e-01   9.948657e-01   8.607910e-02
  2.005967e-02  -4.003371e-06   2.480830e+03   9.900361e-01   9.928336e-01   8.527218e-02
  2.013598e-02  -4.040122e-06   2.466236e+03   9.879559e-01   9.923810e-01   8.480626e-02
  2.022218e-02  -1.790424e-06   2.448159e+03   9.849126e-01   9.910045e-01   8.404209e-02
  2.017484e-02  -1.748426e-06   2.456039e+03   9.857697e-01   9.914658e-01   8.386521e-02
  2.017125e-02   3.361063e-06   2.459033e+03   9.867960e-01   9.918033e-01   8.407693e-02
  2.009684e-02   3.551377e-06   2.471968e+03   9.883274e-01   9.918178e-01   8.446112e-02
  1.957026e-02   1.259483e-05   2.550803e+03   9.931245e-01   9.944192e-01   8.908347e-02
  1.924009e-02  -6.650462e-06   2.583489e+03   9.888808e-01   9.911871e-01   8.548065e-02
  2.012748e-02  -2.899040e-06   2.464883e+03   9.869972e-01   9.910144e-01   8.365655e-02
  2.020985e-02  -2.430945e-06   2.452382e+03   9.860099e-01   9.912365e-01   8.394273e-02
  2.020385e-02  -1.243982e-07   2.452912e+03   9.859301e-01   9.913753e-01   8.396794e-02
  2.020295e-02   1.175520e-07   2.455354e+03   9.868679e-01   9.920618e-01   8.435869e-02
  2.006707e-02   8.016967e-07   2.479279e+03   9.897822e-01   9.934993e-01   8.412186e-02
  2.002350e-02   1.495990e-06   2.491124e+03   9.923514e-01   9.941843e-01   8.501767e-02
  1.973979e-02   5.246247e-06   2.537730e+03   9.965936e-01   9.959223e-01   8.634389e-02
  1.972866e-02  -5.609045e-06   2.534609e+03   9.948067e-01   9.942693e-01   8.541084e-02
  2.004617e-02  -2.764997e-06   2.489393e+03   9.927849e-01   9.944667e-01   8.620472e-02
  2.011808e-02  -3.958373e-06   2.476107e+03   9.910283e-01   9.941992e-01   8.597587e-02
  2.023150e-02  -8.597895e-07   2.459688e+03   9.900069e-01   9.938891e-01   8.657134e-02
  2.021190e-02  -2.232740e-06   2.463369e+03   9.905279e-01   9.942390e-01   8.643050e-02
  2.018545e-02   8.853731e-07   2.466757e+03   9.905925e-01   9.941309e-01   8.623563e-02
  2.011812e-02   1.245369e-06   2.474164e+03   9.902527e-01   9.930269e-01   8.571226e-02
  1.962985e-02   4.321338e-06   2.542749e+03   9.930034e-01   9.938925e-01   8.855169e-02
  1.929269e-02  -5.655554e-06   2.588867e+03   9.936483e-01   9.940193e-01   8.879074e-02
  2.017884e-02  -2.039803e-06   2.471011e+03   9.919754e-01   9.940301e-01   8.671634e-02
  2.025143e-02  -1.529376e-06   2.460611e+03   9.913542e-01   9.944495e-01   8.702039e-02
  2.025545e-02   8.664786e-07   2.460120e+03   9.913528e-01   9.949258e-01   8.713535e-02
  2.027204e-02   3.069689e-07   2.458805e+03   9.916347e-01   9.951367e-01   8.731356e-02
  2.012427e-02   1.421192e-06   2.481645e+03   9.935504e-01   9.958295e-01   8.660859e-02
  2.005093e-02   6.095499e-07   2.490481e+03   9.934543e-01   9.948914e-01   8.593591e-02
  1.976114e-02  -1.309653e-06   2.535334e+03   9.967297e-01   9.960585e-01   8.622732e-02
  1.975783e-02  -5.239545e-06   2.534969e+03   9.964192e-01   9.955652e-01   8.712463e-02
  2.002466e-02  -2.434211e-06   2.490220e+03   9.920486e-01   9.940244e-01   8.577585e-02
  2.012122e-02  -1.778269e-06   2.475311e+03   9.908648e-01   9.941516e-01   8.603040e-02
  2.021367e-02  -9.734563e-07   2.458796e+03   9.887758e-01   9.933115e-01   8.597431e-02
  2.023149e-02  -1.348336e-07   2.458987e+03   9.897241e-01   9.938438e-01   8.633789e-02
  2.017954e-02   2.237661e-06   2.471723e+03   9.922958e-01   9.949486e-01   8.698911e-02
  2.013292e-02   2.375669e-06   2.479996e+03   9.933171e-01   9.947867e-01   8.715362e-02
  1.965899e-02   6.775336e-06   2.549895e+03   9.972723e-01   9.962429e-01   8.960269e-02
  1.933289e-02   5.608384e-06   2.593604e+03   9.975405e-01   9.962948e-01   9.134544e-02
  2.018552e-02   7.642452e-09   2.475938e+03   9.942826e-01   9.954389e-01   8.794537e-02
  2.022269e-02  -1.193037e-06   2.466668e+03   9.923843e-01   9.951032e-01   8.730453e-02
  2.020731e-02  -1.448809e-06   2.461249e+03   9.894508e-01   9.937485e-01   8.562385e-02
  2.020340e-02  -3.035691e-07   2.460302e+03   9.888786e-01   9.934999e-01   8.524565e-02
  2.008214e-02  -1.875808e-06   2.475809e+03   9.891387e-01   9.929054e-01   8.394117e-02
  2.003814e-02   1.399590e-07   2.485907e+03   9.909970e-01   9.934289e-01   8.467433e-02
  1.987609e-02  -6.287861e-06   2.516977e+03   9.952689e-01   9.951329e-01   8.644138e-02
  1.973838e-02   1.266993e-05   2.530846e+03   9.938190e-01   9.941608e-01   8.551698e-02
  2.001177e-02   1.494581e-06   2.489131e+03   9.909763e-01   9.934037e-01   8.493185e-02
  2.008024e-02   1.423661e-06   2.475938e+03   9.890965e-01   9.930333e-01   8.458583e-02
  2.019538e-02   8.519345e-07   2.458331e+03   9.876941e-01   9.929150e-01   8.497811e-02
  2.021231e-02   1.445618e-06   2.455075e+03   9.872130e-01   9.923728e-01   8.456354e-02
  2.007590e-02   8.074215e-07   2.475376e+03   9.886585e-01   9.926405e-01   8.405972e-02
  2.000969e-02   5.337466e-07   2.484909e+03   9.891927e-01   9.923231e-01   8.406798e-02
  1.958760e-02  -2.735234e-06   2.550812e+03   9.940082e-01   9.939749e-01   8.592387e-02
  1.924427e-02  -1.393881e-06   2.592817e+03   9.926669e-01   9.932476e-01   8.769459e-02
  2.013487e-02  -2.820075e-07   2.475051e+03   9.914326e-01   9.936368e-01   8.627756e-02
  2.020824e-02   3.489151e-07   2.468747e+03   9.925108e-01   9.951422e-01   8.732348e-02
  2.022452e-02  -1.308534e-06   2.468034e+03   9.930235e-01   9.960486e-01   8.750731e-02
  2.023041e-02  -1.642477e-06   2.467966e+03   9.932853e-01   9.961219e-01   8.759240e-02
  2.012881e-02  -4.349666e-06   2.484094e+03   9.947557e-01   9.963748e-01   8.729820e-02
  2.006719e-02  -5.062748e-06   2.491186e+03   9.945417e-01   9.956291e-01   8.687774e-02
  1.997186e-02  -9.694194e-06   2.508163e+03   9.965622e-01   9.960923e-01   8.790099e-02
  1.975055e-02   1.399833e-05   2.535746e+03   9.963572e-01   9.959494e-01   8.814044e-02
  2.008135e-02   2.722817e-06   2.482855e+03   9.919151e-01   9.939843e-01   8.609521e-02
  2.016576e-02   2.172015e-06   2.468997e+03   9.905247e-01   9.939995e-01   8.611481e-02
  2.026920e-02   1.130455e-06   2.451574e+03   9.885797e-01   9.933085e-01   8.629409e-02
  2.026874e-02  -9.385365e-08   2.454569e+03   9.897654e-01   9.940165e-01   8.681782e-02
  2.015851e-02   6.623211e-07   2.478406e+03   9.939421e-01   9.957452e-01   8.766848e-02
  2.007004e-02   5.406820e-07   2.490896e+03   9.945671e-01   9.955431e-01   8.751320e-02
  1.966420e-02  -2.197423e-06   2.557062e+03   1.000340e+00   9.978333e-01   8.837052e-02
  1.927059e-02   9.009660e-06   2.601944e+03   9.975232e-01   9.961254e-01   9.043783e-02
  2.018714e-02   1.884072e-06   2.476052e+03   9.944083e-01   9.955376e-01   8.847557e-02
  2.025656e-02   3.014494e-06   2.462855e+03   9.925098e-01   9.951224e-01   8.790640e-02
  2.024010e-02  -8.109305e-07   2.460375e+03   9.907044e-01   9.944317e-01   8.667073e-02
  2.022873e-02   5.439491e-07   2.460847e+03   9.903377e-01   9.941569e-01   8.632558e-02
  2.013352e-02  -3.898127e-06   2.473586e+03   9.907791e-01   9.939840e-01   8.571207e-02
  2.006764e-02  -4.460723e-06   2.481462e+03   9.906816e-01   9.932035e-01   8.537124e-02
  1.991787e-02  -1.297104e-05   2.512494e+03   9.955843e-01   9.952489e-01   8.825701e-02
  1.958297e-02   1.252513e-05   2.550686e+03   9.937239e-01   9.944446e-01   8.842279e-02
  2.012960e-02   2.848908e-06   2.465424e+03   9.873177e-01   9.912622e-01   8.436718e-02
  2.021784e-02   2.742884e-06   2.452796e+03   9.865666e-01   9.916204e-01   8.468569e-02
  2.025427e-02   4.169414e-07   2.443609e+03   9.846422e-01   9.909467e-01   8.429375e-02
  2.023746e-02  -7.494700e-07   2.447335e+03   9.853255e-01   9.912882e-01   8.455481e-02
  2.007422e-02  -2.172378e-07   2.474338e+03   9.881610e-01   9.925005e-01   8.449142e-02
  2.000986e-02  -9.651776e-07   2.486781e+03   9.899464e-01   9.926436e-01   8.494025e-02
  1.969189e-02   5.447536e-06   2.543734e+03   9.965276e-01   9.956809e-01   8.611792e-02
  1.919080e-02  -1.749883e-06   2.592427e+03   9.897598e-01   9.912953e-01   8.496441e-02
  2.008493e-02   3.166202e-06   2.475787e+03   9.892676e-01   9.922986e-01   8.506382e-02
  2.017271e-02   1.875083e-06   2.461722e+03   9.879461e-01   9.923343e-01   8.482748e-02
  2.019200e-02   1.302624e-07   2.457736e+03   9.872899e-01   9.925431e-01   8.459698e-02
  2.020541e-02   5.183307e-07   2.456373e+03   9.873975e-01   9.924684e-01   8.474348e-02
  2.012504e-02  -3.654322e-06   2.468785e+03   9.884393e-01   9.926034e-01   8.450684e-02
  2.005848e-02  -1.735390e-06   2.481350e+03   9.901848e-01   9.928748e-01   8.508831e-02
  1.973109e-02  -1.262654e-05   2.533710e+03   9.945764e-01   9.946559e-01   8.690539e-02
  1.936461e-02   7.088001e-06   2.574903e+03   9.919726e-01   9.932710e-01   8.782496e-02
  2.024150e-02  -1.831156e-08   2.456383e+03   9.891654e-01   9.923993e-01   8.614878e-02
  2.030228e-02  -8.266656e-07   2.447401e+03   9.885079e-01   9.928016e-01   8.624101e-02
  2.035193e-02  -6.201679e-08   2.442988e+03   9.891384e-01   9.934462e-01   8.739645e-02
  2.030866e-02  -6.796815e-08   2.447866e+03   9.890061e-01   9.933719e-01   8.694302e-02
  2.013412e-02   1.611500e-06   2.474574e+03   9.912042e-01   9.943813e-01   8.646820e-02
  2.007150e-02   1.606435e-06   2.481068e+03   9.907151e-01   9.931929e-01   8.555280e-02
  1.964884e-02   1.027688e-05   2.545472e+03   9.950281e-01   9.945741e-01   8.499203e-02
  1.941846e-02   7.108736e-06   2.584123e+03   9.982931e-01   9.966596e-01   9.076527e-02
  2.018794e-02   3.301458e-06   2.476505e+03   9.946297e-01   9.956003e-01   8.861653e-02
  2.025669e-02   4.672628e-06   2.466213e+03   9.938690e-01   9.959454e-01   8.872934e-02
  2.027513e-02   4.651949e-07   2.458665e+03   9.917294e-01   9.949909e-01   8.794844e-02
  2.028890e-02   9.611033e-07   2.456322e+03   9.914570e-01   9.949409e-01   8.809710e-02
  2.021743e-02   3.322991e-07   2.467372e+03   9.924088e-01   9.950337e-01   8.781114e-02
  2.014506e-02   1.923598e-06   2.479874e+03   9.938671e-01   9.951364e-01   8.800288e-02
  1.952486e-02   5.694861e-06   2.564711e+03   9.962232e-01   9.956206e-01   8.785433e-02
  1.926751e-02  -1.457133e-05   2.590589e+03   9.930111e-01   9.938937e-01   9.153803e-02
  2.037748e-02  -4.869724e-06   2.435563e+03   9.873703e-01   9.912759e-01   8.674021e-02
  2.043414e-02  -4.424060e-06   2.427750e+03   9.869394e-01   9.918692e-01   8.675802e-02
  2.033653e-02  -3.460000e-07   2.432745e+03   9.842458e-01   9.906462e-01   8.506224e-02
  2.033943e-02  -1.883834e-06   2.436465e+03   9.858917e-01   9.916245e-01   8.564135e-02
  2.020608e-02   9.655128e-07   2.463204e+03   9.901767e-01   9.935755e-01   8.652050e-02
  2.015900e-02   1.151057e-06   2.475159e+03   9.926636e-01   9.945408e-01   8.736829e-02
  1.950626e-02   9.436432e-06   2.574972e+03   9.992559e-01   9.970389e-01   8.733051e-02
  1.945976e-02   1.130173e-05   2.558436e+03   9.904721e-01   9.921683e-01   8.676762e-02
  2.011521e-02   3.994123e-06   2.475713e+03   9.907293e-01   9.932708e-01   8.612749e-02
  2.019522e-02   3.190459e-06   2.461953e+03   9.891417e-01   9.931081e-01   8.580665e-02
  2.027079e-02   1.440772e-06   2.452727e+03   9.891221e-01   9.935206e-01   8.642556e-02
  2.024209e-02   2.423000e-06   2.454855e+03   9.885788e-01   9.931489e-01   8.605283e-02
  2.024301e-02   4.110490e-06   2.456530e+03   9.892985e-01   9.933039e-01   8.646203e-02
  2.014867e-02   4.608565e-06   2.468638e+03   9.895414e-01   9.924689e-01   8.573018e-02
  1.931783e-02   1.002547e-05   2.587774e+03   9.945233e-01   9.943240e-01   8.814405e-02
  1.908884e-02  -1.509420e-05   2.615415e+03   9.932310e-01   9.939241e-01   9.150389e-02
  2.042136e-02  -5.146978e-06   2.429847e+03   9.871739e-01   9.912714e-01   8.707897e-02
  2.048174e-02  -4.359508e-06   2.424142e+03   9.877683e-01   9.924425e-01   8.746064e-02
  2.043924e-02  -1.389507e-06   2.429226e+03   9.877859e-01   9.928313e-01   8.763233e-02
  2.043913e-02  -1.448016e-06   2.429782e+03   9.880067e-01   9.929397e-01   8.756673e-02
  2.029569e-02   3.809792e-06   2.452034e+03   9.900577e-01   9.937974e-01   8.733695e-02
  2.021407e-02   1.832423e-06   2.462756e+03   9.903881e-01   9.930695e-01   8.686509e-02
  1.953489e-02   1.095979e-05   2.564351e+03   9.965948e-01   9.956341e-01   8.787002e-02
  1.953661e-02   7.603069e-06   2.545619e+03   9.894022e-01   9.918527e-01   8.726516e-02
  2.009486e-02   2.681341e-06   2.468360e+03   9.867877e-01   9.909291e-01   8.375925e-02
  2.018952e-02   1.343172e-06   2.451882e+03   9.848175e-01   9.905240e-01   8.358654e-02
  2.025181e-02   3.348321e-06   2.442705e+03   9.841581e-01   9.905872e-01   8.380753e-02
  2.026780e-02   2.280837e-06   2.441678e+03   9.845213e-01   9.907774e-01   8.406212e-02
  2.031277e-02   5.183159e-06   2.441196e+03   9.865110e-01   9.915054e-01   8.557438e-02
  2.020244e-02   4.598787e-06   2.461638e+03   9.893684e-01   9.923868e-01   8.609879e-02
  1.909845e-02   1.060262e-05   2.616062e+03   9.939768e-01   9.942091e-01   8.813259e-02
  1.897618e-02  -7.770640e-06   2.618206e+03   9.884227e-01   9.910409e-01   8.705506e-02
  2.037383e-02  -1.953212e-06   2.433453e+03   9.863377e-01   9.906919e-01   8.599864e-02
  2.044079e-02  -1.590655e-06   2.423490e+03   9.855282e-01   9.909814e-01   8.584632e-02
  2.040460e-02  -1.339409e-08   2.426699e+03   9.850860e-01   9.910102e-01   8.600863e-02
  2.038682e-02   9.586574e-07   2.427948e+03   9.847341e-01   9.908083e-01   8.565192e-02
  2.034353e-02  -2.397789e-06   2.437969e+03   9.866990e-01   9.915714e-01   8.572468e-02
  2.025581e-02  -2.083001e-06   2.450705e+03   9.875764e-01   9.913233e-01   8.567187e-02
  1.933866e-02  -8.354190e-06   2.574829e+03   9.906151e-01   9.916345e-01   8.527612e-02
  1.967827e-02   9.849818e-06   2.546758e+03   9.970218e-01   9.964178e-01   9.163688e-02
  2.017852e-02   1.526547e-06   2.479220e+03   9.952555e-01   9.960507e-01   8.818311e-02
  2.029188e-02   1.599490e-06   2.461433e+03   9.936659e-01   9.959219e-01   8.835739e-02
  2.037198e-02   2.969654e-06   2.450166e+03   9.930220e-01   9.958158e-01   8.881925e-02
  2.034649e-02   1.443442e-06   2.451240e+03   9.922141e-01   9.954098e-01   8.827238e-02
  2.038687e-02   5.169913e-06   2.445216e+03   9.917406e-01   9.948077e-01   8.883171e-02
  2.028362e-02   4.177909e-06   2.459771e+03   9.925910e-01   9.943507e-01   8.836054e-02
  1.911994e-02   1.719633e-05   2.613479e+03   9.941129e-01   9.941124e-01   9.019420e-02
  1.931512e-02  -9.526387e-07   2.588624e+03   9.947098e-01   9.948114e-01   9.186962e-02
  2.037757e-02   6.145004e-07   2.436085e+03   9.875859e-01   9.914683e-01   8.670070e-02
  2.045574e-02   2.233844e-06   2.423651e+03   9.863144e-01   9.915144e-01   8.648589e-02
  2.044270e-02   6.835920e-08   2.418404e+03   9.835521e-01   9.901553e-01   8.562332e-02
  2.044382e-02   5.694955e-07   2.420450e+03   9.844380e-01   9.908678e-01   8.587960e-02
  2.041632e-02  -2.634990e-06   2.428567e+03   9.864103e-01   9.914349e-01   8.635802e-02
  2.035928e-02  -1.956210e-06   2.440694e+03   9.885666e-01   9.920430e-01   8.716780e-02
  1.932676e-02  -1.348425e-05   2.587318e+03   9.948075e-01   9.944891e-01   8.977410e-02
  1.962257e-02   7.123162e-06   2.532269e+03   9.885435e-01   9.915005e-01   8.533567e-02
  2.003845e-02   2.923994e-07   2.478439e+03   9.880355e-01   9.916695e-01   8.250913e-02
  2.012963e-02  -7.319026e-07   2.460334e+03   9.852809e-01   9.908502e-01   8.212590e-02
  2.023631e-02   4.593361e-07   2.445913e+03   9.846965e-01   9.910137e-01   8.305891e-02
  2.025253e-02  -4.308760e-07   2.444884e+03   9.850713e-01   9.911120e-01   8.335213e-02
  2.032356e-02   1.868051e-06   2.437809e+03   9.856658e-01   9.910659e-01   8.480745e-02
  2.024357e-02  -3.204315e-07   2.450955e+03   9.870809e-01   9.911205e-01   8.497724e-02
  1.897572e-02   2.091151e-06   2.621122e+03   9.894997e-01   9.915032e-01   8.797310e-02
  1.934972e-02   7.363288e-06   2.585565e+03   9.953143e-01   9.952018e-01   8.861659e-02
  2.027818e-02   4.952104e-06   2.460827e+03   9.927506e-01   9.945611e-01   8.811421e-02
  2.035574e-02   4.573223e-06   2.449372e+03   9.919088e-01   9.948398e-01   8.831947e-02
  2.041789e-02   4.049166e-07   2.435829e+03   9.894363e-01   9.937808e-01   8.816344e-02
  2.040076e-02   1.400982e-06   2.436515e+03   9.888842e-01   9.934166e-01   8.772835e-02
  2.036227e-02  -4.653879e-06   2.439549e+03   9.882476e-01   9.926073e-01   8.674839e-02
  2.029972e-02  -4.054058e-06   2.445921e+03   9.877855e-01   9.915144e-01   8.625708e-02
  1.919088e-02  -2.192950e-05   2.593797e+03   9.902867e-01   9.919823e-01   8.720187e-02
  1.973503e-02   6.384090e-06   2.539193e+03   9.969275e-01   9.965535e-01   9.057334e-02
  2.012752e-02   7.150833e-07   2.480029e+03   9.930637e-01   9.947486e-01   8.598109e-02
  2.024876e-02   2.577919e-07   2.461307e+03   9.915041e-01   9.945591e-01   8.648308e-02
  2.034926e-02  -1.521208e-06   2.447862e+03   9.909817e-01   9.947682e-01   8.744212e-02
  2.034338e-02  -2.764948e-06   2.446272e+03   9.900517e-01   9.940391e-01   8.701886e-02
  2.040334e-02  -2.329536e-06   2.438370e+03   9.897626e-01   9.938498e-01   8.774054e-02
  2.032397e-02  -3.324463e-06   2.448599e+03   9.900485e-01   9.929305e-01   8.727555e-02
  1.908788e-02  -4.750833e-06   2.618206e+03   9.942409e-01   9.944791e-01   9.174293e-02
  2.014604e-02  -3.582691e-07   2.488138e+03   9.972277e-01   9.961144e-01   7.123289e-02
  1.992722e-02   1.490114e-06   2.503385e+03   9.924404e-01   9.942186e-01   7.147716e-02
  1.998428e-02   1.593181e-06   2.496672e+03   9.926131e-01   9.952993e-01   7.169528e-02
  2.016696e-02   2.410543e-06   2.470521e+03   9.911947e-01   9.946216e-01   7.233505e-02
  2.014232e-02   2.675718e-06   2.473717e+03   9.912647e-01   9.947292e-01   7.250677e-02
  2.018615e-02   2.077925e-06   2.470749e+03   9.922299e-01   9.950203e-01   7.321376e-02
  2.011964e-02   1.700072e-06   2.481190e+03   9.931398e-01   9.947296e-01   7.324185e-02
  1.904770e-02   5.939887e-06   2.627385e+03   9.956267e-01   9.947435e-01   7.352327e-02
  1.911891e-02   1.089483e-05   2.618327e+03   9.959030e-01   9.955520e-01   7.419252e-02
  2.006638e-02   2.210493e-06   2.488331e+03   9.933616e-01   9.948322e-01   7.229090e-02
  2.015599e-02   2.398148e-06   2.471898e+03   9.912081e-01   9.943963e-01   7.230209e-02
  2.027251e-02   1.126607e-06   2.454664e+03   9.899873e-01   9.940636e-01   7.262074e-02
  2.025609e-02   1.080600e-06   2.457458e+03   9.903116e-01   9.942123e-01   7.243591e-02
  2.024172e-02   3.539364e-06   2.463504e+03   9.920439e-01   9.948435e-01   7.283415e-02
  2.016670e-02   3.002800e-06   2.476905e+03   9.937438e-01   9.949632e-01   7.249341e-02
  1.930570e-02   6.688231e-06   2.593803e+03   9.962142e-01   9.953744e-01   7.585773e-02
  2.008403e-02  -2.128069e-09   2.497810e+03   9.980228e-01   9.964914e-01   7.072995e-02
  1.994698e-02   5.061428e-07   2.502151e+03   9.929351e-01   9.945396e-01   7.155664e-02
  1.999286e-02   8.906545e-07   2.494269e+03   9.920836e-01   9.948727e-01   7.162785e-02
  2.020398e-02   3.864938e-07   2.463078e+03   9.900228e-01   9.940704e-01   7.223565e-02
  2.018311e-02   5.760152e-07   2.464139e+03   9.894259e-01   9.936765e-01   7.203209e-02
  2.020868e-02   2.334345e-06   2.463398e+03   9.903819e-01   9.939270e-01   7.274584e-02
  2.008581e-02   3.896698e-06   2.483665e+03   9.924588e-01   9.942295e-01   7.291548e-02
  1.928945e-02   1.231719e-05   2.591361e+03   9.944384e-01   9.942752e-01   7.432355e-02
  1.895572e-02   1.258157e-06   2.644236e+03   9.971731e-01   9.959370e-01   7.361385e-02
  2.004626e-02   6.209618e-07   2.492766e+03   9.941341e-01   9.952314e-01   7.245694e-02
  2.015266e-02   7.314812e-07   2.474114e+03   9.919327e-01   9.947560e-01   7.237660e-02
  2.025967e-02   7.994807e-07   2.457179e+03   9.903741e-01   9.941789e-01   7.257563e-02
  2.027398e-02   4.666700e-08   2.453866e+03   9.897373e-01   9.938909e-01   7.263056e-02
  2.026169e-02   1.415255e-06   2.459212e+03   9.912926e-01   9.944095e-01   7.287184e-02
  2.016315e-02   1.100534e-06   2.474106e+03   9.924458e-01   9.943670e-01   7.270862e-02
  1.923079e-02   5.346042e-06   2.598613e+03   9.941887e-01   9.945164e-01   7.608709e-02
  1.991639e-02  -1.098382e-06   2.518302e+03   9.978115e-01   9.962849e-01   7.178366e-02
  1.999091e-02   4.609516e-07   2.497099e+03   9.931125e-01   9.946732e-01   7.211690e-02
  2.009606e-02  -3.204969e-08   2.479875e+03   9.914501e-01   9.943859e-01   7.212560e-02
  2.019277e-02   1.417437e-06   2.461535e+03   9.888534e-01   9.933510e-01   7.240179e-02
  2.025454e-02   5.317410e-07   2.451206e+03   9.877166e-01   9.926585e-01   7.216126e-02
  2.019360e-02   3.692734e-06   2.461170e+03   9.887481e-01   9.928904e-01   7.244894e-02
  2.007262e-02   3.855463e-06   2.483377e+03   9.916920e-01   9.939482e-01   7.250799e-02
  1.946107e-02   1.291306e-05   2.568604e+03   9.944754e-01   9.943535e-01   7.421711e-02
  1.884764e-02  -2.502490e-06   2.661113e+03   9.978157e-01   9.960815e-01   7.416267e-02
  2.007887e-02   5.985432e-07   2.491576e+03   9.952759e-01   9.959687e-01   7.311285e-02
  2.014366e-02   1.816810e-07   2.479758e+03   9.937514e-01   9.958482e-01   7.309097e-02
  2.021969e-02  -2.182986e-07   2.464744e+03   9.914630e-01   9.949228e-01   7.287275e-02
  2.026614e-02  -1.422817e-07   2.456412e+03   9.903809e-01   9.943120e-01   7.287757e-02
  2.022932e-02   7.557655e-07   2.463733e+03   9.915281e-01   9.946275e-01   7.272545e-02
  2.018196e-02  -1.333847e-07   2.471539e+03   9.923413e-01   9.942316e-01   7.272898e-02
  1.925360e-02   3.713684e-07   2.593672e+03   9.934754e-01   9.941821e-01   7.612611e-02
  1.961019e-02  -3.627154e-06   2.556103e+03   9.972187e-01   9.958358e-01   7.329329e-02
  2.004936e-02  -1.203262e-06   2.489158e+03   9.928488e-01   9.945041e-01   7.247177e-02
  2.015912e-02  -1.976900e-06   2.472023e+03   9.914123e-01   9.944458e-01   7.256709e-02
  2.023819e-02  -4.007689e-07   2.456793e+03   9.891685e-01   9.935315e-01   7.260891e-02
  2.021249e-02  -2.078572e-07   2.458473e+03   9.885882e-01   9.932038e-01   7.252476e-02
  2.019614e-02   4.877262e-07   2.463021e+03   9.896160e-01   9.934055e-01   7.258982e-02
  2.009439e-02   2.724524e-06   2.481765e+03   9.921233e-01   9.941431e-01   7.245105e-02
  1.973911e-02   5.920605e-06   2.533090e+03   9.947371e-01   9.947696e-01   7.465956e-02
  1.899577e-02   2.826048e-07   2.639195e+03   9.973754e-01   9.957757e-01   7.500153e-02
  2.011938e-02   4.584446e-07   2.486904e+03   9.954141e-01   9.960474e-01   7.362237e-02
  2.016547e-02   1.615521e-06   2.478146e+03   9.941808e-01   9.961858e-01   7.353448e-02
  2.020546e-02   1.163818e-06   2.466702e+03   9.915523e-01   9.949779e-01   7.283565e-02
  2.022772e-02   1.186673e-06   2.461622e+03   9.906005e-01   9.944383e-01   7.293703e-02
  2.023973e-02   1.256818e-07   2.463014e+03   9.917489e-01   9.947256e-01   7.267388e-02
  2.018797e-02   4.827020e-07   2.470886e+03   9.923742e-01   9.943029e-01   7.280467e-02
  1.934977e-02  -9.731543e-07   2.581326e+03   9.936854e-01   9.943106e-01   7.603984e-02
  1.962141e-02   5.910814e-06   2.551656e+03   9.960533e-01   9.953407e-01   7.509039e-02
  2.016655e-02   2.293353e-06   2.473291e+03   9.922861e-01   9.941708e-01   7.282136e-02
  2.026613e-02   1.655353e-06   2.458452e+03   9.912032e-01   9.943180e-01   7.289626e-02
  2.025555e-02   9.102380e-07   2.455309e+03   9.894191e-01   9.936495e-01   7.265337e-02
  2.025093e-02   1.120778e-06   2.456729e+03   9.897653e-01   9.938976e-01   7.287622e-02
  2.016068e-02   2.257283e-06   2.471586e+03   9.913138e-01   9.944151e-01   7.274854e-02
  2.005270e-02   1.439764e-06   2.490527e+03   9.935606e-01   9.950778e-01   7.261463e-02
  1.973353e-02   9.686642e-08   2.536599e+03   9.958338e-01   9.955714e-01   7.429885e-02
  1.898754e-02   4.933397e-06   2.637640e+03   9.963558e-01   9.953877e-01   7.533850e-02
  2.016640e-02   1.154141e-06   2.476762e+03   9.936711e-01   9.949950e-01   7.370435e-02
  2.024765e-02   7.204877e-07   2.463146e+03   9.921902e-01   9.949922e-01   7.348941e-02
  2.026158e-02  -3.101599e-07   2.455152e+03   9.896503e-01   9.937730e-01   7.260028e-02
  2.026410e-02   3.504232e-07   2.453366e+03   9.890532e-01   9.934602e-01   7.273675e-02
  2.020765e-02   7.053362e-07   2.464013e+03   9.905787e-01   9.939886e-01   7.262911e-02
  2.017176e-02   1.913177e-07   2.470061e+03   9.912464e-01   9.936140e-01   7.270503e-02
  1.925672e-02   4.712868e-06   2.595396e+03   9.942971e-01   9.947662e-01   7.568756e-02
  1.943374e-02   2.357301e-06   2.574819e+03   9.954819e-01   9.953187e-01   7.553196e-02
  2.016750e-02  -7.963166e-07   2.473763e+03   9.925224e-01   9.943532e-01   7.272076e-02
  2.022784e-02  -2.271763e-06   2.465707e+03   9.922500e-01   9.950089e-01   7.279323e-02
  2.023407e-02  -1.601745e-06   2.460719e+03   9.905477e-01   9.944055e-01   7.255009e-02
  2.024583e-02  -1.076768e-06   2.458849e+03   9.903706e-01   9.942561e-01   7.262013e-02
  2.011671e-02  -8.677649e-07   2.479061e+03   9.921435e-01   9.949148e-01   7.226162e-02
  2.000991e-02   2.669068e-07   2.497703e+03   9.942968e-01   9.953137e-01   7.239374e-02
  1.979138e-02  -1.296224e-06   2.530603e+03   9.963920e-01   9.959048e-01   7.409213e-02
  1.916459e-02   4.212570e-07   2.609628e+03   9.949660e-01   9.946837e-01   7.540125e-02
  2.017056e-02   5.822653e-07   2.472355e+03   9.921083e-01   9.940883e-01   7.332760e-02
  2.028358e-02   1.127033e-06   2.455735e+03   9.909599e-01   9.942534e-01   7.329613e-02
  2.026715e-02   6.478083e-07   2.452238e+03   9.887477e-01   9.933472e-01   7.239922e-02
  2.031344e-02   1.037843e-06   2.445281e+03   9.881944e-01   9.929327e-01   7.259622e-02
  2.023104e-02   2.051714e-07   2.459037e+03   9.897228e-01   9.935243e-01   7.231473e-02
  2.016864e-02   8.627246e-09   2.467921e+03   9.902345e-01   9.929742e-01   7.248844e-02
  1.932921e-02   2.096483e-06   2.586048e+03   9.944449e-01   9.946414e-01   7.511781e-02
  1.944758e-02   4.818746e-07   2.568842e+03   9.938783e-01   9.944524e-01   7.574199e-02
  2.019506e-02  -1.430058e-06   2.470258e+03   9.924706e-01   9.943549e-01   7.289642e-02
  2.020903e-02  -1.395262e-06   2.470146e+03   9.931117e-01   9.955721e-01   7.278887e-02
  2.020786e-02  -1.287647e-07   2.467873e+03   9.921408e-01   9.953144e-01   7.274357e-02
  2.021530e-02  -5.471991e-07   2.465165e+03   9.914170e-01   9.948990e-01   7.237791e-02
  2.004843e-02   1.766722e-06   2.489434e+03   9.929129e-01   9.953439e-01   7.181838e-02
  1.997177e-02   4.034796e-07   2.502726e+03   9.943973e-01   9.954623e-01   7.170764e-02
  1.978230e-02   2.762880e-06   2.532713e+03   9.967654e-01   9.963053e-01   7.392996e-02
  1.949924e-02  -3.956951e-06   2.566697e+03   9.956860e-01   9.951649e-01   7.586150e-02
  2.017250e-02  -9.541851e-07   2.472876e+03   9.924123e-01   9.942382e-01   7.317556e-02
  2.025234e-02  -2.531530e-07   2.462089e+03   9.919942e-01   9.948047e-01   7.334084e-02
  2.027750e-02   1.211286e-06   2.452244e+03   9.892547e-01   9.935207e-01   7.279377e-02
  2.032207e-02   1.298329e-06   2.443770e+03   9.880035e-01   9.928890e-01   7.291148e-02
  2.026649e-02   2.299251e-06   2.453050e+03   9.890431e-01   9.930038e-01   7.272405e-02
  2.017882e-02   1.767785e-06   2.465148e+03   9.896210e-01   9.927019e-01   7.265970e-02
  1.921847e-02   3.281762e-06   2.597590e+03   9.931605e-01   9.937647e-01   7.422555e-02
  1.927671e-02   1.249780e-06   2.590768e+03   9.935545e-01   9.945343e-01   7.538426e-02
  2.021249e-02  -8.389416e-07   2.467084e+03   9.920506e-01   9.941395e-01   7.284734e-02
  2.023368e-02  -1.334706e-06   2.465700e+03   9.925337e-01   9.953838e-01   7.261248e-02
  2.020647e-02  -2.214907e-06   2.466912e+03   9.916861e-01   9.950426e-01   7.265552e-02
  2.021841e-02  -2.031654e-06   2.464649e+03   9.913617e-01   9.948639e-01   7.237414e-02
  2.007264e-02  -4.083929e-07   2.486811e+03   9.930645e-01   9.954894e-01   7.175454e-02
  1.997686e-02  -1.900804e-07   2.501724e+03   9.942525e-01   9.954762e-01   7.165302e-02
  1.964301e-02   3.304480e-06   2.550196e+03   9.965788e-01   9.958458e-01   7.378336e-02
  1.958087e-02  -3.294846e-06   2.561500e+03   9.978298e-01   9.963532e-01   7.505857e-02
  2.007936e-02  -2.010444e-06   2.487444e+03   9.936499e-01   9.950175e-01   7.282289e-02
  2.014390e-02  -1.420714e-06   2.479014e+03   9.934654e-01   9.956696e-01   7.315515e-02
  2.025940e-02   1.853685e-08   2.456768e+03   9.901953e-01   9.941730e-01   7.308058e-02
  2.027956e-02  -1.584764e-06   2.450902e+03   9.888140e-01   9.933658e-01   7.306148e-02
  2.028487e-02  -8.831996e-07   2.451966e+03   9.895023e-01   9.933964e-01   7.314485e-02
  2.021243e-02  -7.408112e-07   2.462082e+03   9.900361e-01   9.928250e-01   7.318820e-02
  1.922063e-02   1.881851e-06   2.593569e+03   9.917346e-01   9.928970e-01   7.428080e-02
  1.942746e-02  -2.429854e-06   2.573033e+03   9.944697e-01   9.951908e-01   7.643731e-02
  2.021244e-02  -1.853162e-06   2.466754e+03   9.919156e-01   9.940458e-01   7.272844e-02
  2.027174e-02  -3.192943e-07   2.458027e+03   9.913059e-01   9.944634e-01   7.240257e-02
  2.027492e-02  -5.382730e-07   2.455037e+03   9.902555e-01   9.941722e-01   7.251174e-02
  2.026029e-02   6.287210e-07   2.457793e+03   9.906518e-01   9.944240e-01   7.237276e-02
  2.017688e-02   6.697433e-07   2.473091e+03   9.927141e-01   9.952342e-01   7.218715e-02
  2.009201e-02   1.342142e-06   2.486155e+03   9.937605e-01   9.950277e-01   7.223876e-02
  1.950767e-02   2.082953e-06   2.565769e+03   9.957563e-01   9.952157e-01   7.415441e-02
  1.969021e-02  -1.101449e-05   2.547851e+03   9.980549e-01   9.967738e-01   7.319807e-02
  1.999084e-02  -1.770911e-06   2.498227e+03   9.935575e-01   9.949347e-01   7.213565e-02
  2.006172e-02  -2.615590e-06   2.487735e+03   9.928931e-01   9.953667e-01   7.222421e-02
  2.021226e-02  -2.877974e-07   2.459534e+03   9.890035e-01   9.934575e-01   7.259139e-02
  2.025612e-02  -8.299066e-07   2.452515e+03   9.883214e-01   9.930551e-01   7.276348e-02
  2.026318e-02   1.004713e-06   2.453949e+03   9.892438e-01   9.930935e-01   7.328707e-02
  2.018626e-02   1.353488e-06   2.466293e+03   9.904460e-01   9.929787e-01   7.352364e-02
  1.928170e-02   4.331110e-06   2.585235e+03   9.916891e-01   9.926043e-01   7.510682e-02
  1.923529e-02   3.584249e-06   2.602769e+03   9.960118e-01   9.959350e-01   7.648802e-02
  2.016613e-02   1.706142e-06   2.474744e+03   9.928487e-01   9.946005e-01   7.282958e-02
  2.024328e-02   1.456626e-06   2.461259e+03   9.912157e-01   9.944954e-01   7.249894e-02
  2.030184e-02   4.170774e-07   2.451211e+03   9.900248e-01   9.940955e-01   7.260575e-02
  2.028816e-02   4.494102e-07   2.451700e+03   9.895555e-01   9.937250e-01   7.235492e-02
  2.019921e-02   1.768696e-06   2.469957e+03   9.925533e-01   9.951927e-01   7.260174e-02
  2.015925e-02   3.779093e-07   2.475599e+03   9.928530e-01   9.945102e-01   7.250223e-02
  1.949922e-02   2.476218e-06   2.564865e+03   9.949746e-01   9.950389e-01   7.500515e-02
  1.983150e-02  -1.315863e-05   2.526198e+03   9.966738e-01   9.961008e-01   7.151467e-02
  1.995342e-02  -3.582290e-06   2.498579e+03   9.918376e-01   9.939841e-01   7.129625e-02
  2.000695e-02  -5.226903e-06   2.489157e+03   9.907486e-01   9.941259e-01   7.118770e-02
  2.023280e-02  -1.589880e-06   2.451864e+03   9.869212e-01   9.923234e-01   7.186745e-02
  2.024808e-02  -2.177039e-06   2.452386e+03   9.878768e-01   9.927772e-01   7.237301e-02
  2.025554e-02  -2.900325e-06   2.452609e+03   9.883310e-01   9.926890e-01   7.280886e-02
  2.017693e-02  -1.124243e-06   2.467590e+03   9.905087e-01   9.929217e-01   7.325117e-02
  1.940718e-02  -4.027140e-06   2.570715e+03   9.925363e-01   9.929975e-01   7.491314e-02
  1.910048e-02   2.402570e-06   2.622050e+03   9.963582e-01   9.958124e-01   7.540110e-02
  2.015551e-02  -8.290167e-07   2.477562e+03   9.934554e-01   9.949164e-01   7.294049e-02
  2.029369e-02  -9.387150e-07   2.455573e+03   9.913888e-01   9.944437e-01   7.316836e-02
  2.028422e-02  -2.643568e-06   2.454865e+03   9.906403e-01   9.944032e-01   7.312268e-02
  2.031124e-02  -1.902634e-06   2.447489e+03   9.889796e-01   9.934620e-01   7.274433e-02
  2.024438e-02  -9.652553e-07   2.463859e+03   9.923168e-01   9.950534e-01   7.297904e-02
  2.020079e-02  -2.465923e-06   2.467947e+03   9.918236e-01   9.940445e-01   7.272096e-02
  1.963306e-02  -3.212341e-06   2.546709e+03   9.947121e-01   9.951118e-01   7.618283e-02
  1.987482e-02  -1.257919e-05   2.517510e+03   9.954160e-01   9.952680e-01   7.205889e-02
  1.999660e-02  -3.536169e-06   2.490831e+03   9.909019e-01   9.933180e-01   7.133903e-02
  2.000535e-02  -3.989944e-06   2.488544e+03   9.904251e-01   9.938055e-01   7.106356e-02
  2.026555e-02  -1.475269e-06   2.448051e+03   9.869815e-01   9.922724e-01   7.192130e-02
  2.017272e-02  -1.096364e-06   2.464809e+03   9.891859e-01   9.934985e-01   7.232395e-02
  2.020683e-02  -2.895807e-06   2.459555e+03   9.887462e-01   9.928330e-01   7.246557e-02
  2.008133e-02  -3.118855e-06   2.480925e+03   9.911428e-01   9.934039e-01   7.264715e-02
  1.953926e-02  -1.028336e-05   2.557142e+03   9.940151e-01   9.942621e-01   7.404680e-02
  1.906887e-02   4.548389e-06   2.625240e+03   9.959188e-01   9.950678e-01   7.445979e-02
  2.012806e-02   8.587632e-07   2.481976e+03   9.938698e-01   9.951455e-01   7.274793e-02
  2.024278e-02   2.053694e-06   2.462330e+03   9.916227e-01   9.945910e-01   7.326877e-02
  2.023541e-02   7.372788e-07   2.463142e+03   9.915886e-01   9.949520e-01   7.315769e-02
  2.034099e-02  -1.274563e-06   2.444354e+03   9.891598e-01   9.935461e-01   7.334677e-02
  2.024514e-02  -1.011186e-06   2.465071e+03   9.928423e-01   9.953617e-01   7.334050e-02
  2.020029e-02  -2.151341e-06   2.468997e+03   9.922208e-01   9.942243e-01   7.312040e-02
  1.952632e-02  -6.972989e-06   2.563602e+03   9.958664e-01   9.955727e-01   7.621100e-02
  1.980622e-02  -1.334223e-05   2.526502e+03   9.955232e-01   9.954581e-01   7.334945e-02
  2.003435e-02  -3.276797e-06   2.487940e+03   9.916198e-01   9.938269e-01   7.190672e-02
  2.008758e-02  -3.993708e-06   2.480506e+03   9.912842e-01   9.944651e-01   7.187496e-02
  2.025917e-02  -2.311069e-06   2.453233e+03   9.887593e-01   9.933363e-01   7.258223e-02
  2.015157e-02  -9.757341e-07   2.471981e+03   9.910240e-01   9.946450e-01   7.243889e-02
  2.013275e-02  -3.457558e-06   2.474117e+03   9.909541e-01   9.942647e-01   7.221966e-02
  1.997265e-02  -1.870753e-06   2.498027e+03   9.925741e-01   9.943556e-01   7.172409e-02
  1.975650e-02  -4.832555e-06   2.533434e+03   9.957490e-01   9.952144e-01   7.308083e-02
  1.912913e-02  -3.234198e-06   2.618834e+03   9.966287e-01   9.953700e-01   7.435465e-02
  2.009274e-02   1.401828e-06   2.487614e+03   9.943798e-01   9.954103e-01   7.288147e-02
  2.021595e-02   1.752350e-06   2.465925e+03   9.917548e-01   9.947143e-01   7.323709e-02
  2.020924e-02   9.557444e-07   2.466047e+03   9.914741e-01   9.949674e-01   7.261122e-02
  2.032327e-02   8.962493e-07   2.445754e+03   9.888637e-01   9.934054e-01   7.311532e-02
  2.019751e-02  -1.892276e-06   2.469005e+03   9.920873e-01   9.949726e-01   7.270449e-02
  2.017936e-02  -3.515832e-06   2.470972e+03   9.919853e-01   9.939896e-01   7.296589e-02
  1.935078e-02  -1.057980e-05   2.588579e+03   9.965294e-01   9.960440e-01   7.541616e-02
  1.986716e-02   2.995416e-06   2.519307e+03   9.957427e-01   9.956759e-01   7.516754e-02
  2.008540e-02  -8.430886e-07   2.484962e+03   9.929567e-01   9.946450e-01   7.240465e-02
  2.016357e-02   6.438965e-07   2.472908e+03   9.919863e-01   9.949140e-01   7.228835e-02
  2.023558e-02  -2.543871e-07   2.458578e+03   9.897597e-01   9.939211e-01   7.277768e-02
  2.015620e-02  -7.955188e-08   2.472199e+03   9.913390e-01   9.948182e-01   7.211085e-02
  1.996995e-02  -6.603057e-07   2.497949e+03   9.924090e-01   9.950478e-01   7.183161e-02
  1.986973e-02  -1.408590e-06   2.515630e+03   9.944175e-01   9.955483e-01   7.144382e-02
  1.970988e-02  -3.059193e-06   2.542604e+03   9.969944e-01   9.962779e-01   7.224812e-02
  1.936348e-02  -4.789508e-06   2.590496e+03   9.979216e-01   9.961638e-01   7.375920e-02
  2.005655e-02  -2.346305e-06   2.493659e+03   9.950008e-01   9.957847e-01   7.286392e-02
  2.014756e-02  -1.957621e-06   2.476677e+03   9.927091e-01   9.951482e-01   7.283347e-02
  2.017537e-02  -1.841062e-06   2.470575e+03   9.916300e-01   9.950062e-01   7.202466e-02
  2.027163e-02  -2.966029e-06   2.451283e+03   9.885810e-01   9.931458e-01   7.252190e-02
  2.019929e-02  -5.847834e-06   2.464203e+03   9.902452e-01   9.937320e-01   7.211640e-02
  2.016839e-02  -4.460641e-06   2.468265e+03   9.903604e-01   9.930521e-01   7.258767e-02
  1.930116e-02  -9.124496e-06   2.593754e+03   9.959610e-01   9.955906e-01   7.458484e-02
  1.973250e-02   1.127445e-05   2.534705e+03   9.950381e-01   9.953246e-01   7.585558e-02
  2.012233e-02   1.662464e-06   2.482299e+03   9.937164e-01   9.951021e-01   7.248603e-02
  2.024284e-02   1.593525e-06   2.463725e+03   9.921879e-01   9.948528e-01   7.250312e-02
  2.020747e-02  -9.484343e-08   2.463040e+03   9.901783e-01   9.941883e-01   7.244959e-02
  2.017268e-02   1.632503e-07   2.470452e+03   9.914485e-01   9.949230e-01   7.181856e-02
  2.003334e-02  -2.006283e-06   2.491422e+03   9.929579e-01   9.953397e-01   7.158571e-02
  1.991562e-02  -1.172086e-06   2.513224e+03   9.957613e-01   9.961564e-01   7.146162e-02
  1.969029e-02  -7.761039e-06   2.548103e+03   9.981579e-01   9.970834e-01   7.199570e-02
  1.970196e-02  -2.918574e-06   2.544382e+03   9.972912e-01   9.959056e-01   7.294376e-02
  2.000795e-02   1.897741e-06   2.497857e+03   9.942610e-01   9.953053e-01   7.258678e-02
  2.004731e-02   1.972391e-06   2.489850e+03   9.930233e-01   9.954337e-01   7.251933e-02
  2.014531e-02   2.723210e-06   2.474186e+03   9.916001e-01   9.948755e-01   7.203586e-02
  2.019994e-02   3.763369e-06   2.462398e+03   9.895517e-01   9.937401e-01   7.244201e-02
  2.017846e-02  -1.621046e-06   2.467804e+03   9.906695e-01   9.939981e-01   7.232769e-02
  2.013191e-02  -1.834480e-06   2.473549e+03   9.906849e-01   9.932669e-01   7.258564e-02
  1.896340e-02  -1.142681e-05   2.640152e+03   9.960366e-01   9.951931e-01   7.318067e-02
  1.957058e-02   1.063576e-05   2.554666e+03   9.946446e-01   9.948837e-01   7.598269e-02
  2.015749e-02   3.002249e-06   2.478401e+03   9.938898e-01   9.951939e-01   7.269436e-02
  2.025645e-02   2.725200e-06   2.461839e+03   9.920948e-01   9.948268e-01   7.274383e-02
  2.023038e-02  -1.152622e-06   2.460737e+03   9.903744e-01   9.942429e-01   7.257303e-02
  2.022732e-02  -6.537787e-07   2.463450e+03   9.913163e-01   9.948483e-01   7.208108e-02
  2.010806e-02  -3.390160e-07   2.480361e+03   9.922362e-01   9.949763e-01   7.195461e-02
  2.001415e-02   5.069936e-07   2.499459e+03   9.952067e-01   9.959843e-01   7.192414e-02
  1.968781e-02  -4.914776e-07   2.546962e+03   9.975853e-01   9.963793e-01   7.384840e-02
  2.006529e-02  -1.995777e-06   2.499163e+03   9.976317e-01   9.962948e-01   7.194899e-02
  1.994569e-02  -1.117809e-06   2.503356e+03   9.933489e-01   9.947507e-01   7.180389e-02
  1.999473e-02  -1.115589e-06   2.497177e+03   9.933333e-01   9.956296e-01   7.190849e-02
  2.013849e-02  -5.834868e-07   2.476037e+03   9.920056e-01   9.951358e-01   7.212279e-02
  2.013140e-02  -6.460354e-07   2.476190e+03   9.917176e-01   9.950577e-01   7.262248e-02
  2.013939e-02  -2.445217e-06   2.477230e+03   9.925282e-01   9.951879e-01   7.287200e-02
  2.009664e-02  -1.346232e-06   2.482121e+03   9.923769e-01   9.941769e-01   7.314892e-02
  1.900071e-02  -4.907927e-06   2.635011e+03   9.960528e-01   9.951318e-01   7.332292e-02
  1.939573e-02   1.686934e-05   2.579382e+03   9.952950e-01   9.952413e-01   7.527935e-02
  2.011014e-02   5.970146e-06   2.484618e+03   9.940424e-01   9.952735e-01   7.241843e-02
  2.020907e-02   5.898916e-06   2.467329e+03   9.919812e-01   9.947689e-01   7.247939e-02
  2.023108e-02   2.746954e-06   2.461239e+03   9.906104e-01   9.943981e-01   7.258334e-02
  2.027076e-02   2.367263e-06   2.457774e+03   9.911562e-01   9.947355e-01   7.236367e-02
  2.017095e-02   3.101544e-06   2.472810e+03   9.923097e-01   9.950237e-01   7.238090e-02
  2.009019e-02   1.167599e-06   2.488617e+03   9.946545e-01   9.956491e-01   7.220333e-02
  1.947639e-02   2.437590e-06   2.574170e+03   9.974147e-01   9.961958e-01   7.455422e-02
  1.965715e-02  -4.297311e-07   2.542527e+03   9.942975e-01   9.944702e-01   6.071707e-02
  2.009049e-02   2.583329e-06   2.479608e+03   9.910682e-01   9.934781e-01   6.003487e-02
  2.015965e-02   1.793763e-06   2.470370e+03   9.907753e-01   9.940824e-01   6.013952e-02
  2.025024e-02   8.650579e-08   2.455743e+03   9.893346e-01   9.937343e-01   6.021747e-02
  2.025670e-02   1.161449e-06   2.456184e+03   9.898279e-01   9.938794e-01   6.053477e-02
  2.027809e-02  -4.565636e-06   2.456035e+03   9.908132e-01   9.941162e-01   6.054061e-02
  2.016271e-02  -3.849240e-06   2.474763e+03   9.926879e-01   9.945928e-01   6.081564e-02
  1.920550e-02  -1.133855e-05   2.603661e+03   9.948100e-01   9.947563e-01   6.250659e-02
  1.944512e-02   1.808570e-07   2.577261e+03   9.970093e-01   9.961612e-01   6.108306e-02
  1.999108e-02  -2.537022e-07   2.502388e+03   9.952246e-01   9.958674e-01   5.979055e-02
  2.004083e-02   6.928283e-07   2.493450e+03   9.941379e-01   9.961324e-01   5.974865e-02
  2.014661e-02  -5.511264e-07   2.478858e+03   9.935364e-01   9.961699e-01   6.040350e-02
  2.016650e-02  -9.128186e-07   2.475786e+03   9.932849e-01   9.959601e-01   6.035399e-02
  2.018196e-02   6.576066e-07   2.475979e+03   9.941234e-01   9.961715e-01   6.117466e-02
  2.011529e-02  -1.202724e-06   2.484587e+03   9.942844e-01   9.953402e-01   6.079964e-02
  1.930168e-02   1.201329e-06   2.593757e+03   9.959889e-01   9.953488e-01   6.314245e-02
  1.971126e-02  -2.946360e-06   2.538984e+03   9.956449e-01   9.951267e-01   6.099651e-02
  2.004223e-02   1.265365e-06   2.487846e+03   9.919726e-01   9.940552e-01   6.042789e-02
  2.005912e-02   1.679639e-06   2.485428e+03   9.918439e-01   9.947246e-01   6.035976e-02
  2.022050e-02   7.814044e-07   2.460767e+03   9.899027e-01   9.939053e-01   6.028730e-02
  2.020901e-02   1.002993e-06   2.463593e+03   9.904763e-01   9.943834e-01   6.047442e-02
  2.023098e-02  -2.583010e-06   2.460190e+03   9.901834e-01   9.937975e-01   5.994496e-02
  2.012502e-02  -1.615042e-06   2.478844e+03   9.924660e-01   9.941441e-01   6.027765e-02
  1.928026e-02  -2.944806e-06   2.591800e+03   9.941330e-01   9.946133e-01   6.197708e-02
  1.950991e-02  -1.162405e-05   2.564736e+03   9.954694e-01   9.952031e-01   6.096568e-02
  1.998675e-02  -2.939319e-06   2.501010e+03   9.944608e-01   9.955597e-01   5.968324e-02
  2.009058e-02  -1.551986e-06   2.484853e+03   9.931695e-01   9.955429e-01   5.981242e-02
  2.015245e-02  -1.029457e-06   2.477410e+03   9.932439e-01   9.958786e-01   6.028937e-02
  2.019285e-02  -2.259684e-07   2.471872e+03   9.930102e-01   9.958057e-01   6.036811e-02
  2.010870e-02   2.881921e-07   2.486257e+03   9.946266e-01   9.964002e-01   6.059687e-02
  2.006221e-02   3.615600e-07   2.492160e+03   9.946836e-01   9.955815e-01   6.032049e-02
  1.921514e-02   1.466748e-06   2.608634e+03   9.972108e-01   9.961765e-01   6.174756e-02
  1.980799e-02   3.184052e-07   2.527397e+03   9.959647e-01   9.949824e-01   6.158775e-02
  2.004270e-02   4.483484e-07   2.489050e+03   9.924759e-01   9.942329e-01   6.077274e-02
  2.005468e-02  -7.872090e-07   2.487219e+03   9.923388e-01   9.949794e-01   6.055637e-02
  2.017670e-02   3.879239e-07   2.468752e+03   9.909639e-01   9.944493e-01   6.057600e-02
  2.015079e-02  -1.218286e-07   2.473197e+03   9.914732e-01   9.949017e-01   6.049918e-02
  2.021799e-02   5.658051e-07   2.464086e+03   9.911149e-01   9.943501e-01   6.035814e-02
  2.007908e-02   2.809891e-07   2.487088e+03   9.934939e-01   9.949876e-01   6.047415e-02
  1.943041e-02   3.703274e-06   2.573213e+03   9.946901e-01   9.948677e-01   6.269452e-02
  1.977266e-02  -1.275581e-05   2.527290e+03   9.941464e-01   9.943185e-01   6.226909e-02
  2.007485e-02  -4.496432e-06   2.486166e+03   9.929160e-01   9.946073e-01   5.969853e-02
  2.017592e-02  -4.104854e-06   2.470528e+03   9.916382e-01   9.945696e-01   5.993201e-02
  2.016463e-02  -1.349448e-06   2.471334e+03   9.914067e-01   9.948180e-01   5.982144e-02
  2.019034e-02  -6.889215e-07   2.468547e+03   9.915513e-01   9.950515e-01   6.023440e-02
  2.005727e-02  -1.408502e-07   2.491245e+03   9.940731e-01   9.960580e-01   6.005372e-02
  2.003374e-02  -1.005530e-08   2.496287e+03   9.949168e-01   9.955705e-01   6.020709e-02
  1.943767e-02   4.943141e-06   2.579947e+03   9.976662e-01   9.964418e-01   6.104060e-02
  1.976882e-02  -3.259450e-06   2.531444e+03   9.955869e-01   9.950535e-01   6.044733e-02
  1.994325e-02  -6.168627e-07   2.503359e+03   9.932288e-01   9.947228e-01   6.032454e-02
  2.001792e-02  -1.481197e-06   2.493178e+03   9.928931e-01   9.952989e-01   6.031331e-02
  2.013380e-02  -1.609505e-09   2.476980e+03   9.921527e-01   9.951518e-01   6.065346e-02
  2.014575e-02  -1.241662e-06   2.476231e+03   9.924412e-01   9.954201e-01   6.066896e-02
  2.018485e-02   2.118134e-06   2.470612e+03   9.921110e-01   9.949161e-01   6.060862e-02
  2.002973e-02   2.312169e-06   2.496787e+03   9.949168e-01   9.957527e-01   6.066351e-02
  1.936434e-02   7.245842e-06   2.586901e+03   9.965811e-01   9.959455e-01   6.226569e-02
  1.947000e-02  -1.351911e-05   2.570221e+03   9.955579e-01   9.951618e-01   6.313557e-02
  2.011654e-02  -4.784011e-06   2.483273e+03   9.938204e-01   9.950033e-01   6.105113e-02
  2.016500e-02  -4.698368e-06   2.474514e+03   9.927006e-01   9.952908e-01   6.108303e-02
  2.024077e-02  -1.318226e-06   2.463552e+03   9.920166e-01   9.952955e-01   6.072993e-02
  2.021251e-02  -7.073177e-07   2.466239e+03   9.917120e-01   9.949814e-01   6.074826e-02
  2.006546e-02  -3.512484e-07   2.491195e+03   9.944596e-01   9.962855e-01   6.014696e-02
  1.998374e-02   5.007371e-07   2.503882e+03   9.954531e-01   9.960372e-01   6.000347e-02
  1.951220e-02   1.645497e-06   2.573090e+03   9.988295e-01   9.970039e-01   6.087331e-02
  1.982480e-02  -7.466651e-06   2.525727e+03   9.961514e-01   9.953042e-01   6.132425e-02
  1.996816e-02  -2.361235e-06   2.501916e+03   9.938959e-01   9.949917e-01   6.040592e-02
  2.006228e-02  -1.155952e-06   2.486328e+03   9.923588e-01   9.950223e-01   6.020736e-02
  2.010042e-02   2.910595e-07   2.478900e+03   9.912751e-01   9.946223e-01   5.999317e-02
  2.011195e-02   3.055548e-07   2.475478e+03   9.904747e-01   9.942654e-01   5.984674e-02
  2.013374e-02   2.673340e-06   2.472969e+03   9.905428e-01   9.939728e-01   6.009648e-02
  1.999828e-02   2.387604e-06   2.497647e+03   9.936965e-01   9.952302e-01   6.022004e-02
  1.950763e-02   6.392843e-06   2.565367e+03   9.955983e-01   9.950956e-01   6.281829e-02
  1.942535e-02  -7.022450e-06   2.569198e+03   9.928794e-01   9.937560e-01   6.197494e-02
  2.012276e-02  -4.257413e-06   2.476991e+03   9.916129e-01   9.939072e-01   6.028169e-02
  2.021110e-02  -5.030798e-06   2.463013e+03   9.903458e-01   9.938576e-01   6.041068e-02
  2.021328e-02  -2.235463e-06   2.462209e+03   9.901293e-01   9.941869e-01   6.014535e-02
  2.019762e-02  -8.639642e-07   2.463563e+03   9.899059e-01   9.939480e-01   6.021385e-02
  2.005252e-02  -1.446196e-08   2.489396e+03   9.931001e-01   9.954669e-01   5.975921e-02
  1.999187e-02   1.463242e-07   2.500820e+03   9.946401e-01   9.955201e-01   6.007027e-02
  1.971729e-02   4.289991e-06   2.544140e+03   9.979722e-01   9.966035e-01   6.096927e-02
  1.966968e-02  -1.475052e-06   2.547761e+03   9.969795e-01   9.958779e-01   6.106651e-02
  1.996234e-02  -1.695996e-06   2.507828e+03   9.959539e-01   9.963986e-01   6.087921e-02
  2.005954e-02  -9.879581e-07   2.490978e+03   9.940794e-01   9.960358e-01   6.073792e-02
  2.012903e-02   2.236093e-07   2.480199e+03   9.932067e-01   9.958722e-01   6.093144e-02
  2.013633e-02   5.586231e-07   2.476264e+03   9.919903e-01   9.951204e-01   6.062421e-02
  2.016292e-02   1.973738e-06   2.472737e+03   9.918853e-01   9.947468e-01   6.084015e-02
  2.004428e-02   1.691788e-06   2.492189e+03   9.938057e-01   9.949627e-01   6.059249e-02
  1.958859e-02   5.405183e-06   2.552542e+03   9.947326e-01   9.945472e-01   6.270857e-02
  1.930829e-02  -6.598348e-07   2.589418e+03   9.946633e-01   9.945666e-01   6.282258e-02
  2.014555e-02  -1.694014e-06   2.476787e+03   9.926540e-01   9.944216e-01   6.123759e-02
  2.020875e-02  -3.043557e-06   2.465799e+03   9.913504e-01   9.944453e-01   6.132313e-02
  2.026795e-02  -1.181219e-06   2.456742e+03   9.906024e-01   9.943494e-01   6.102340e-02
  2.021186e-02  -1.858607e-06   2.461812e+03   9.899000e-01   9.939990e-01   6.077292e-02
  2.009801e-02  -1.152352e-06   2.482107e+03   9.924390e-01   9.950566e-01   6.019498e-02
  2.002152e-02  -1.120577e-06   2.493951e+03   9.933793e-01   9.948062e-01   6.011654e-02
  1.993013e-02  -2.314809e-06   2.512948e+03   9.963772e-01   9.957693e-01   6.113698e-02
  1.962167e-02   2.336654e-06   2.556989e+03   9.981481e-01   9.965031e-01   6.148281e-02
  1.994483e-02   6.508009e-08   2.509867e+03   9.958899e-01   9.961523e-01   6.070073e-02
  2.005957e-02   1.379748e-07   2.490894e+03   9.940472e-01   9.959937e-01   6.068978e-02
  2.011408e-02   5.767015e-07   2.480696e+03   9.926675e-01   9.956954e-01   6.065904e-02
  2.013778e-02   1.056388e-06   2.474943e+03   9.915325e-01   9.948616e-01   6.048025e-02
  2.013039e-02   2.759774e-06   2.477029e+03   9.920040e-01   9.947608e-01   6.089791e-02
  2.004451e-02   2.338111e-06   2.492319e+03   9.938691e-01   9.950890e-01   6.081633e-02
  1.950163e-02   1.897842e-06   2.565356e+03   9.952878e-01   9.950774e-01   6.181094e-02
  1.930239e-02   1.241975e-06   2.592548e+03   9.955616e-01   9.949936e-01   6.361286e-02
  2.017319e-02  -6.602144e-08   2.474029e+03   9.929090e-01   9.946025e-01   6.177138e-02
  2.025926e-02  -1.211327e-06   2.460429e+03   9.916642e-01   9.946017e-01   6.166010e-02
  2.021143e-02  -1.612868e-06   2.462380e+03   9.901073e-01   9.940221e-01   6.069674e-02
  2.022048e-02  -8.075930e-07   2.458645e+03   9.890479e-01   9.935252e-01   6.039923e-02
  2.009985e-02  -2.542438e-06   2.476804e+03   9.904090e-01   9.938421e-01   5.957399e-02
  2.004784e-02  -1.596138e-06   2.486098e+03   9.915530e-01   9.938336e-01   5.971395e-02
  1.991281e-02  -7.999346e-06   2.510368e+03   9.944892e-01   9.944645e-01   6.083311e-02
  1.956584e-02   5.847319e-06   2.561512e+03   9.970689e-01   9.960818e-01   6.077592e-02
  1.995941e-02   1.845530e-06   2.503729e+03   9.941803e-01   9.952668e-01   6.020929e-02
  2.005502e-02   1.809330e-06   2.486654e+03   9.921298e-01   9.948399e-01   6.004689e-02
  2.015759e-02   1.642482e-06   2.469657e+03   9.903883e-01   9.942516e-01   6.023258e-02
  2.018803e-02   8.633634e-07   2.463046e+03   9.892282e-01   9.935427e-01   6.003670e-02
  2.009678e-02   9.105528e-07   2.476174e+03   9.900061e-01   9.936288e-01   6.005970e-02
  2.004556e-02   1.001977e-06   2.486622e+03   9.916496e-01   9.939301e-01   6.006943e-02
  1.962435e-02  -2.136830e-06   2.545410e+03   9.937636e-01   9.940780e-01   6.081659e-02
  1.914018e-02   4.866140e-06   2.611679e+03   9.944795e-01   9.943566e-01   6.234038e-02
  2.015472e-02  -6.216008e-07   2.474663e+03   9.922547e-01   9.941912e-01   6.133101e-02
  2.020760e-02   1.806646e-06   2.468192e+03   9.922560e-01   9.949280e-01   6.162654e-02
  2.020238e-02  -6.145159e-07   2.466122e+03   9.911682e-01   9.948172e-01   6.123424e-02
  2.021078e-02  -1.299901e-06   2.464221e+03   9.908154e-01   9.944701e-01   6.102067e-02
  2.011515e-02  -2.257575e-06   2.478909e+03   9.920055e-01   9.948366e-01   6.056389e-02
  2.008505e-02  -2.242945e-06   2.484264e+03   9.926604e-01   9.943536e-01   6.044668e-02
  1.979703e-02  -8.707707e-06   2.525034e+03   9.944833e-01   9.943736e-01   6.097793e-02
  1.969994e-02   1.008168e-05   2.543001e+03   9.966476e-01   9.957854e-01   6.177403e-02
  2.003237e-02   3.518189e-06   2.491599e+03   9.929803e-01   9.945870e-01   6.018125e-02
  2.012634e-02   1.868344e-06   2.475300e+03   9.911121e-01   9.943326e-01   6.012182e-02
  2.021823e-02   7.655981e-07   2.458821e+03   9.890090e-01   9.933560e-01   6.018386e-02
  2.027103e-02   3.635708e-07   2.451773e+03   9.887494e-01   9.932857e-01   6.049194e-02
  2.015538e-02   2.013404e-07   2.469855e+03   9.903589e-01   9.937921e-01   6.083518e-02
  2.006011e-02  -2.316500e-07   2.486063e+03   9.921456e-01   9.941808e-01   6.076467e-02
  1.980460e-02  -1.642413e-06   2.525686e+03   9.951201e-01   9.946664e-01   6.196246e-02
  1.915728e-02   7.611886e-07   2.613009e+03   9.958748e-01   9.950747e-01   6.224183e-02
  2.011442e-02  -4.814875e-07   2.482437e+03   9.933815e-01   9.947385e-01   6.147255e-02
  2.013729e-02   1.521723e-06   2.478244e+03   9.928307e-01   9.952317e-01   6.120838e-02
  2.017303e-02  -3.870052e-07   2.469222e+03   9.909725e-01   9.945806e-01   6.086778e-02
  2.022640e-02   9.083502e-07   2.460893e+03   9.902422e-01   9.940947e-01   6.077123e-02
  2.014300e-02  -4.245579e-06   2.471567e+03   9.904366e-01   9.938692e-01   6.038112e-02
  2.006164e-02  -2.486090e-06   2.484152e+03   9.914591e-01   9.937868e-01   6.025891e-02
  1.972941e-02  -8.374300e-06   2.531355e+03   9.935676e-01   9.940716e-01   6.136339e-02
  1.968155e-02   1.152743e-05   2.541472e+03   9.951186e-01   9.948790e-01   6.188328e-02
  2.010958e-02   4.682699e-06   2.475014e+03   9.901724e-01   9.928380e-01   5.966589e-02
  2.017684e-02   3.146153e-06   2.463745e+03   9.889608e-01   9.930983e-01   5.975818e-02
  2.022788e-02   1.689258e-06   2.452738e+03   9.870328e-01   9.923614e-01   5.976207e-02
  2.022920e-02  -2.199850e-07   2.452679e+03   9.870737e-01   9.923057e-01   5.998121e-02
  2.015052e-02   1.590676e-06   2.465970e+03   9.885628e-01   9.927152e-01   6.023656e-02
  2.006021e-02   6.550549e-07   2.482061e+03   9.905540e-01   9.933325e-01   6.019494e-02
  1.974636e-02   5.291037e-06   2.530017e+03   9.938954e-01   9.939808e-01   6.084478e-02
  1.915853e-02  -5.727106e-06   2.609022e+03   9.944206e-01   9.943240e-01   6.051862e-02
  2.005579e-02   7.025260e-07   2.489299e+03   9.932237e-01   9.947479e-01   6.074945e-02
  2.007986e-02   2.183880e-06   2.485156e+03   9.927603e-01   9.951886e-01   6.032978e-02
  2.015446e-02  -9.689223e-07   2.472272e+03   9.912827e-01   9.947363e-01   6.050447e-02
  2.022701e-02   1.677826e-06   2.460915e+03   9.902811e-01   9.942678e-01   6.064692e-02
  2.015639e-02  -1.888033e-06   2.469338e+03   9.902010e-01   9.937156e-01   6.023596e-02
  2.009686e-02  -4.488956e-07   2.480507e+03   9.917425e-01   9.937881e-01   6.057166e-02
  1.973844e-02  -4.346399e-06   2.527807e+03   9.926287e-01   9.933065e-01   6.185109e-02
  1.931216e-02   9.053588e-06   2.593031e+03   9.962512e-01   9.955544e-01   6.179446e-02
  2.019442e-02   1.623052e-06   2.465066e+03   9.903536e-01   9.930617e-01   6.052233e-02
  2.024365e-02  -1.085822e-07   2.457254e+03   9.896215e-01   9.934155e-01   6.062142e-02
  2.031672e-02   1.889907e-06   2.445151e+03   9.883013e-01   9.929409e-01   6.093186e-02
  2.027988e-02  -3.055349e-06   2.449814e+03   9.883903e-01   9.930720e-01   6.075829e-02
  2.017945e-02   1.564249e-06   2.466684e+03   9.902685e-01   9.938346e-01   6.105543e-02
  2.006029e-02  -1.047370e-07   2.484345e+03   9.914689e-01   9.939937e-01   6.058147e-02
  1.989880e-02   9.343690e-06   2.510271e+03   9.937511e-01   9.940040e-01   6.103197e-02
  1.932105e-02   2.206130e-06   2.594072e+03   9.971096e-01   9.959069e-01   6.335371e-02
  2.003076e-02   2.677976e-06   2.499056e+03   9.958723e-01   9.963889e-01   6.169279e-02
  2.010197e-02   2.313622e-06   2.488431e+03   9.951634e-01   9.967102e-01   6.150267e-02
  2.019815e-02  -1.061342e-06   2.471241e+03   9.930172e-01   9.958421e-01   6.145669e-02
  2.024105e-02   3.525245e-06   2.462568e+03   9.916342e-01   9.949536e-01   6.167691e-02
  2.016942e-02   6.970095e-07   2.470428e+03   9.912786e-01   9.944172e-01   6.108963e-02
  2.012239e-02   2.234787e-06   2.480660e+03   9.930631e-01   9.946996e-01   6.155963e-02
  1.946255e-02   2.412643e-06   2.564620e+03   9.930080e-01   9.935429e-01   6.160932e-02
  1.959594e-02  -1.205755e-05   2.557315e+03   9.969665e-01   9.960933e-01   6.449734e-02
  2.032908e-02  -4.836013e-06   2.448102e+03   9.900962e-01   9.931646e-01   6.124831e-02
  2.041703e-02  -2.115286e-06   2.435839e+03   9.893987e-01   9.932992e-01   6.153335e-02
  2.034956e-02  -2.148407e-07   2.438668e+03   9.872745e-01   9.925280e-01   6.084142e-02
  2.035156e-02  -3.057395e-06   2.439635e+03   9.877630e-01   9.926832e-01   6.083834e-02
  2.014447e-02   1.568686e-06   2.472550e+03   9.909028e-01   9.941463e-01   6.126128e-02
  2.012502e-02  -2.691001e-07   2.478544e+03   9.923459e-01   9.943115e-01   6.130834e-02
  1.989448e-02   9.585987e-06   2.515225e+03   9.954961e-01   9.947877e-01   6.256924e-02
  1.958324e-02   7.511691e-06   2.550762e+03   9.937670e-01   9.942504e-01   6.269735e-02
  2.001488e-02   4.361732e-06   2.498721e+03   9.949493e-01   9.957681e-01   6.065666e-02
  2.011611e-02   3.445180e-06   2.481836e+03   9.932242e-01   9.955654e-01   6.050930e-02
  2.011532e-02   1.492433e-06   2.480184e+03   9.925239e-01   9.954660e-01   6.067462e-02
  2.018651e-02   3.339555e-06   2.466933e+03   9.907147e-01   9.943671e-01   6.076334e-02
  2.025041e-02   1.795712e-06   2.456981e+03   9.898416e-01   9.935541e-01   6.099197e-02
  2.012235e-02   3.677160e-06   2.475929e+03   9.911674e-01   9.934584e-01   6.101362e-02
  1.946764e-02   3.684649e-06   2.559995e+03   9.914768e-01   9.927776e-01   6.239611e-02
  1.921067e-02  -4.896309e-06   2.612431e+03   9.984295e-01   9.970096e-01   6.295909e-02
  2.032522e-02  -5.356766e-06   2.451369e+03   9.912293e-01   9.937493e-01   6.165904e-02
  2.034714e-02  -3.850501e-06   2.446922e+03   9.904985e-01   9.939995e-01   6.167669e-02
  2.035962e-02  -2.873866e-06   2.442050e+03   9.891325e-01   9.934691e-01   6.178906e-02
  2.035219e-02  -1.783648e-06   2.443071e+03   9.891848e-01   9.935478e-01   6.154445e-02
  2.018726e-02  -9.133868e-07   2.468950e+03   9.915619e-01   9.944840e-01   6.137623e-02
  2.016472e-02   3.089494e-08   2.472924e+03   9.920490e-01   9.941483e-01   6.131006e-02
  1.972526e-02   2.992346e-06   2.534508e+03   9.945954e-01   9.943137e-01   6.192207e-02
  1.949929e-02   8.071836e-06   2.560256e+03   9.931899e-01   9.937428e-01   6.266743e-02
  2.002733e-02   4.525998e-06   2.493211e+03   9.933727e-01   9.948307e-01   5.967639e-02
  2.013374e-02   1.786811e-06   2.474546e+03   9.911745e-01   9.942839e-01   5.988093e-02
  2.021744e-02   3.463101e-06   2.461627e+03   9.900985e-01   9.941262e-01   6.002806e-02
  2.022174e-02   1.375879e-06   2.458246e+03   9.889495e-01   9.933866e-01   6.011923e-02
  2.033550e-02   4.589015e-06   2.443785e+03   9.886623e-01   9.928201e-01   6.126914e-02
  2.018723e-02   3.943014e-06   2.468566e+03   9.914062e-01   9.937189e-01   6.135704e-02
  1.940520e-02   9.747922e-06   2.569681e+03   9.920363e-01   9.929443e-01   6.349924e-02
  1.922527e-02  -5.330550e-06   2.605387e+03   9.964944e-01   9.958370e-01   6.219377e-02
  2.023491e-02  -3.194780e-06   2.465039e+03   9.923278e-01   9.943543e-01   6.147238e-02
  2.032179e-02  -1.604226e-06   2.450949e+03   9.908919e-01   9.942179e-01   6.139299e-02
  2.032614e-02  -3.037573e-06   2.447929e+03   9.898830e-01   9.940818e-01   6.149388e-02
  2.033759e-02   4.715233e-07   2.445198e+03   9.893357e-01   9.937015e-01   6.129909e-02
  2.024919e-02  -6.239864e-07   2.460121e+03   9.910468e-01   9.942778e-01   6.076504e-02
  2.019900e-02  -5.960054e-07   2.467166e+03   9.914216e-01   9.937813e-01   6.087932e-02
  1.968923e-02  -7.143768e-06   2.533914e+03   9.925465e-01   9.932554e-01   6.150732e-02
  1.956062e-02   1.231744e-05   2.558541e+03   9.956464e-01   9.953199e-01   6.367974e-02
  2.009526e-02   3.604690e-06   2.489794e+03   9.953762e-01   9.959487e-01   6.103973e-02
  2.019058e-02   1.720975e-06   2.473964e+03   9.937388e-01   9.959281e-01   6.120111e-02
  2.024024e-02   4.008316e-06   2.465378e+03   9.927257e-01   9.957099e-01   6.127383e-02
  2.025796e-02   4.377395e-07   2.461185e+03   9.919052e-01   9.950421e-01   6.125713e-02
  2.030145e-02   3.683270e-06   2.455111e+03   9.915812e-01   9.945685e-01   6.208264e-02
  2.019092e-02   1.636255e-06   2.473792e+03   9.936868e-01   9.949419e-01   6.195793e-02
  1.934887e-02   4.530178e-06   2.582702e+03   9.941684e-01   9.942602e-01   6.375513e-02
  1.933899e-02  -3.053056e-06   2.593064e+03   9.976478e-01   9.964272e-01   6.304622e-02
  2.023237e-02   9.117405e-08   2.468270e+03   9.935040e-01   9.950224e-01   6.151501e-02
  2.033594e-02   5.365320e-07   2.451784e+03   9.919199e-01   9.948115e-01   6.151007e-02
  2.034830e-02  -1.051816e-06   2.445058e+03   9.897999e-01   9.938640e-01   6.131473e-02
  2.034730e-02   1.486664e-06   2.444720e+03   9.896147e-01   9.938473e-01   6.143818e-02
  2.030410e-02  -2.099586e-06   2.453303e+03   9.909802e-01   9.942510e-01   6.085729e-02
  2.025195e-02  -7.216597e-07   2.462318e+03   9.920674e-01   9.939979e-01   6.119523e-02
  1.954707e-02  -5.469925e-06   2.556120e+03   9.940150e-01   9.941281e-01   6.232781e-02
  1.954955e-02   1.019916e-05   2.554857e+03   9.936503e-01   9.940897e-01   6.162217e-02
  2.001213e-02   1.913176e-06   2.495129e+03   9.933822e-01   9.948260e-01   5.960596e-02
  2.010368e-02   1.728061e-06   2.480480e+03   9.920681e-01   9.948452e-01   5.963601e-02
  2.019163e-02   2.372142e-06   2.467936e+03   9.913693e-01   9.947901e-01   6.002151e-02
  2.019455e-02  -1.814526e-06   2.467075e+03   9.911665e-01   9.946793e-01   6.014929e-02
  2.025131e-02   1.057510e-06   2.460379e+03   9.912546e-01   9.943723e-01   6.121007e-02
  2.013386e-02  -9.893080e-07   2.478929e+03   9.929362e-01   9.947467e-01   6.098394e-02
  1.929051e-02   1.435398e-06   2.590563e+03   9.941867e-01   9.943914e-01   6.352238e-02
  1.941680e-02   1.760679e-06   2.582151e+03   9.974461e-01   9.962274e-01   6.217691e-02
  2.015546e-02   1.842199e-06   2.480116e+03   9.944772e-01   9.954885e-01   6.168872e-02
  2.025091e-02   1.077735e-06   2.466711e+03   9.937865e-01   9.959387e-01   6.182118e-02
  2.026924e-02  -1.180396e-06   2.459929e+03   9.919510e-01   9.952273e-01   6.169833e-02
  2.029909e-02   2.185072e-06   2.454905e+03   9.913828e-01   9.949005e-01   6.172400e-02
  2.027397e-02  -5.210475e-06   2.458737e+03   9.917019e-01   9.947226e-01   6.090767e-02
  2.018738e-02  -3.371383e-06   2.471497e+03   9.925909e-01   9.944301e-01   6.091418e-02
  1.928947e-02  -2.080438e-05   2.590824e+03   9.942337e-01   9.943353e-01   6.144453e-02
  1.963325e-02   3.965738e-06   2.551906e+03   9.967519e-01   9.961872e-01   6.273653e-02
  2.005735e-02   1.810543e-06   2.493491e+03   9.949738e-01   9.958827e-01   6.031946e-02
  2.013752e-02   2.406124e-06   2.482150e+03   9.944068e-01   9.963004e-01   6.047083e-02
  2.022081e-02   9.952909e-07   2.470463e+03   9.938184e-01   9.964508e-01   6.107471e-02
  2.020247e-02  -2.091979e-06   2.472290e+03   9.936516e-01   9.962335e-01   6.089467e-02
  2.022480e-02  -1.584239e-07   2.470813e+03   9.941554e-01   9.961048e-01   6.169532e-02
  2.015265e-02  -2.436542e-06   2.481433e+03   9.948667e-01   9.957748e-01   6.135006e-02
  1.918001e-02  -3.933761e-06   2.613298e+03   9.971673e-01   9.961438e-01   6.384074e-02
  2.009336e-02  -1.162128e-05   2.493658e+03   9.968261e-01   9.955976e-01   4.901201e-02
  1.996139e-02  -3.163479e-07   2.498752e+03   9.923021e-01   9.941190e-01   4.891022e-02
  2.002926e-02   7.233373e-08   2.487428e+03   9.911641e-01   9.943648e-01   4.887107e-02
  2.018562e-02   3.674326e-08   2.464659e+03   9.897578e-01   9.937741e-01   4.936809e-02
  2.014267e-02   1.504224e-06   2.469834e+03   9.897263e-01   9.938520e-01   4.959459e-02
  2.020028e-02  -1.127071e-07   2.468756e+03   9.921237e-01   9.949293e-01   4.953990e-02
  2.007696e-02   4.536810e-07   2.485221e+03   9.926429e-01   9.943872e-01   4.965057e-02
  1.925320e-02   9.691287e-06   2.601721e+03   9.965376e-01   9.955896e-01   5.017512e-02
  1.922043e-02   5.285712e-06   2.601049e+03   9.945847e-01   9.944194e-01   5.143045e-02
  2.015503e-02   2.076272e-06   2.474184e+03   9.920774e-01   9.940562e-01   4.954291e-02
  2.018006e-02   7.805591e-07   2.468458e+03   9.910106e-01   9.942447e-01   4.938211e-02
  2.028157e-02   6.889908e-07   2.453489e+03   9.899557e-01   9.937450e-01   4.944629e-02
  2.029364e-02  -5.318798e-07   2.452063e+03   9.899694e-01   9.940078e-01   4.930716e-02
  2.027817e-02   3.326825e-06   2.455767e+03   9.907090e-01   9.940896e-01   4.973819e-02
  2.021535e-02   2.815226e-06   2.466013e+03   9.917606e-01   9.936659e-01   4.950347e-02
  1.951067e-02   9.555552e-06   2.564560e+03   9.954404e-01   9.951106e-01   5.145747e-02
  2.026652e-02   3.749723e-06   2.471433e+03   9.964558e-01   9.955206e-01   4.969225e-02
  1.994735e-02   6.649948e-07   2.502935e+03   9.932641e-01   9.947257e-01   4.900415e-02
  2.004668e-02   2.644561e-06   2.487513e+03   9.920602e-01   9.948809e-01   4.900120e-02
  2.012815e-02   1.930717e-06   2.473679e+03   9.905523e-01   9.941114e-01   4.917637e-02
  2.015165e-02   2.592510e-06   2.469070e+03   9.898612e-01   9.939174e-01   4.921683e-02
  2.016724e-02  -8.536287e-09   2.470720e+03   9.912884e-01   9.943635e-01   4.915487e-02
  2.008742e-02   3.305440e-06   2.483846e+03   9.926104e-01   9.942014e-01   4.940630e-02
  1.947815e-02   3.890715e-06   2.570655e+03   9.961427e-01   9.953158e-01   5.052810e-02
  1.909299e-02   2.559335e-06   2.620355e+03   9.953235e-01   9.949900e-01   5.043020e-02
  2.011339e-02   4.952301e-07   2.479734e+03   9.922488e-01   9.941392e-01   4.962340e-02
  2.016383e-02   7.449989e-07   2.470628e+03   9.910838e-01   9.942555e-01   4.953316e-02
  2.028132e-02  -2.016173e-07   2.453128e+03   9.897980e-01   9.936923e-01   4.962776e-02
  2.031955e-02  -1.202959e-06   2.448433e+03   9.897661e-01   9.939090e-01   4.969777e-02
  2.026080e-02   3.519108e-06   2.457443e+03   9.905357e-01   9.939119e-01   4.964377e-02
  2.024535e-02   7.910789e-07   2.461757e+03   9.915182e-01   9.937232e-01   4.965288e-02
  1.949234e-02   8.006311e-06   2.567137e+03   9.955045e-01   9.951186e-01   5.160947e-02
  1.972102e-02   1.239686e-05   2.542078e+03   9.973518e-01   9.959718e-01   4.932357e-02
  1.997505e-02   3.774942e-06   2.501581e+03   9.941056e-01   9.952507e-01   4.941810e-02
  2.004149e-02   2.817158e-06   2.490635e+03   9.930479e-01   9.954530e-01   4.933715e-02
  2.017692e-02   2.629901e-06   2.470232e+03   9.915687e-01   9.947823e-01   4.936401e-02
  2.014824e-02   8.450067e-07   2.471679e+03   9.907392e-01   9.944713e-01   4.895506e-02
  2.015795e-02   3.245452e-06   2.471987e+03   9.913399e-01   9.943785e-01   4.919794e-02
  2.003996e-02   4.779749e-06   2.489277e+03   9.924310e-01   9.941264e-01   4.913218e-02
  1.934260e-02   1.474577e-05   2.588818e+03   9.961998e-01   9.955202e-01   4.982788e-02
  1.931572e-02  -6.349401e-06   2.588699e+03   9.947701e-01   9.945147e-01   5.171197e-02
  2.020361e-02  -2.633003e-06   2.468765e+03   9.922905e-01   9.941556e-01   5.017816e-02
  2.027150e-02  -8.072101e-07   2.458118e+03   9.913311e-01   9.943829e-01   5.020780e-02
  2.026615e-02  -1.446553e-06   2.455688e+03   9.900901e-01   9.939881e-01   4.977791e-02
  2.026677e-02   1.389259e-06   2.456508e+03   9.904508e-01   9.943088e-01   4.997785e-02
  2.020379e-02   1.206370e-06   2.465584e+03   9.910206e-01   9.941975e-01   4.963231e-02
  2.020684e-02  -7.581227e-07   2.467227e+03   9.918311e-01   9.937208e-01   4.985362e-02
  1.913089e-02  -7.211889e-06   2.615701e+03   9.955279e-01   9.952530e-01   5.081997e-02
  1.964609e-02  -1.409487e-05   2.551342e+03   9.971830e-01   9.959480e-01   4.996251e-02
  2.001930e-02   8.622474e-07   2.495040e+03   9.937029e-01   9.950756e-01   4.941681e-02
  2.011289e-02  -2.630043e-06   2.480857e+03   9.926736e-01   9.952284e-01   4.953150e-02
  2.021546e-02   3.509179e-06   2.465619e+03   9.916075e-01   9.949833e-01   4.949153e-02
  2.019043e-02   1.182034e-06   2.467320e+03   9.910628e-01   9.946569e-01   4.929587e-02
  2.013279e-02   2.041582e-06   2.476537e+03   9.919254e-01   9.947895e-01   4.945075e-02
  2.006048e-02   2.292852e-06   2.487548e+03   9.927568e-01   9.945523e-01   4.919707e-02
  1.950301e-02   2.928587e-06   2.567131e+03   9.960469e-01   9.953650e-01   5.017029e-02
  1.928318e-02   5.116108e-06   2.592634e+03   9.946035e-01   9.943750e-01   5.191272e-02
  2.017268e-02   1.158374e-06   2.472423e+03   9.922396e-01   9.941250e-01   5.025978e-02
  2.023451e-02   2.235403e-06   2.462617e+03   9.913333e-01   9.943350e-01   5.024457e-02
  2.028512e-02  -4.490032e-07   2.451782e+03   9.894402e-01   9.936318e-01   4.985124e-02
  2.019314e-02   3.418515e-07   2.464627e+03   9.901138e-01   9.940835e-01   4.977324e-02
  2.019161e-02  -8.288588e-07   2.467269e+03   9.911000e-01   9.942876e-01   4.946811e-02
  2.010005e-02  -9.171715e-07   2.482683e+03   9.927698e-01   9.944724e-01   4.958430e-02
  1.926416e-02   3.160458e-06   2.597530e+03   9.954991e-01   9.951423e-01   5.102355e-02
  1.965214e-02   8.606244e-06   2.548930e+03   9.965471e-01   9.955043e-01   5.077635e-02
  2.014913e-02   1.558055e-06   2.475638e+03   9.923700e-01   9.943020e-01   4.933267e-02
  2.022351e-02   1.669675e-06   2.464874e+03   9.917025e-01   9.946489e-01   4.956409e-02
  2.024178e-02  -6.946509e-07   2.460548e+03   9.908566e-01   9.945427e-01   4.940685e-02
  2.023645e-02   5.973528e-07   2.461438e+03   9.909537e-01   9.946075e-01   4.951106e-02
  2.016141e-02   3.220430e-06   2.473338e+03   9.920522e-01   9.948696e-01   4.963841e-02
  2.013513e-02   3.365363e-06   2.478791e+03   9.929434e-01   9.947275e-01   4.963117e-02
  1.957902e-02   4.024841e-06   2.556949e+03   9.959627e-01   9.952422e-01   5.037906e-02
  1.938411e-02   1.600181e-06   2.576553e+03   9.936079e-01   9.939444e-01   5.208119e-02
  2.020126e-02   1.879615e-07   2.466863e+03   9.914109e-01   9.936713e-01   5.013509e-02
  2.028875e-02  -2.713783e-07   2.453261e+03   9.902143e-01   9.938470e-01   5.003839e-02
  2.026729e-02   1.410081e-06   2.451553e+03   9.884782e-01   9.931373e-01   4.952854e-02
  2.027233e-02   2.190778e-06   2.452340e+03   9.890413e-01   9.934652e-01   4.957636e-02
  2.022885e-02   9.532598e-07   2.461206e+03   9.904882e-01   9.939391e-01   4.939955e-02
  2.003970e-02   1.393608e-06   2.489935e+03   9.926802e-01   9.942270e-01   4.933297e-02
  1.926543e-02   6.874259e-06   2.597525e+03   9.955630e-01   9.952460e-01   5.110400e-02
  1.943688e-02   1.372603e-06   2.577248e+03   9.965818e-01   9.956908e-01   5.047617e-02
  2.017257e-02  -1.173519e-06   2.472674e+03   9.923345e-01   9.942211e-01   4.942018e-02
  2.019262e-02  -3.783210e-06   2.468963e+03   9.918302e-01   9.947401e-01   4.941432e-02
  2.021591e-02  -5.195446e-07   2.463979e+03   9.909699e-01   9.945644e-01   4.948158e-02
  2.027146e-02  -9.854236e-07   2.455576e+03   9.903041e-01   9.942268e-01   4.950551e-02
  2.010123e-02   1.549712e-06   2.479372e+03   9.915039e-01   9.945489e-01   4.933893e-02
  2.008055e-02   2.369958e-06   2.483732e+03   9.922255e-01   9.943148e-01   4.954197e-02
  1.947562e-02   5.360857e-06   2.569059e+03   9.953950e-01   9.950187e-01   4.998793e-02
  1.948528e-02  -8.180398e-07   2.562666e+03   9.934107e-01   9.938705e-01   5.211191e-02
  2.021681e-02   2.651865e-07   2.464388e+03   9.911784e-01   9.935774e-01   5.004673e-02
  2.031604e-02   1.931279e-06   2.448818e+03   9.897505e-01   9.935535e-01   5.003419e-02
  2.028164e-02   1.724490e-06   2.448849e+03   9.880872e-01   9.929523e-01   4.962592e-02
  2.023997e-02   2.106979e-06   2.455172e+03   9.886031e-01   9.932038e-01   4.943802e-02
  2.020306e-02  -1.183988e-06   2.462993e+03   9.899438e-01   9.935505e-01   4.931210e-02
  2.011980e-02   3.264627e-07   2.478561e+03   9.920952e-01   9.940415e-01   4.919613e-02
  1.912622e-02  -5.270085e-06   2.615918e+03   9.953675e-01   9.950238e-01   5.039108e-02
  1.934947e-02   2.476210e-06   2.588375e+03   9.963833e-01   9.956303e-01   5.037216e-02
  2.017088e-02  -7.445106e-07   2.473961e+03   9.927680e-01   9.944825e-01   4.966314e-02
  2.020780e-02  -1.240009e-07   2.468673e+03   9.924595e-01   9.952224e-01   4.951087e-02
  2.023547e-02  -2.250377e-06   2.463523e+03   9.917451e-01   9.950188e-01   4.974871e-02
  2.023308e-02  -5.255206e-07   2.460108e+03   9.902532e-01   9.941889e-01   4.952254e-02
  2.013001e-02   2.051416e-06   2.475138e+03   9.912280e-01   9.943653e-01   4.944321e-02
  2.004436e-02   1.061262e-06   2.487430e+03   9.919123e-01   9.939308e-01   4.937543e-02
  1.953760e-02   1.954396e-06   2.559995e+03   9.950401e-01   9.947061e-01   5.011693e-02
  1.976545e-02  -6.996936e-06   2.527878e+03   9.940147e-01   9.941162e-01   5.237606e-02
  2.019328e-02   1.062005e-06   2.467710e+03   9.913594e-01   9.936397e-01   4.980718e-02
  2.024786e-02   1.555043e-06   2.459026e+03   9.905410e-01   9.939461e-01   4.991447e-02
  2.026889e-02   2.695355e-06   2.452337e+03   9.888728e-01   9.934089e-01   4.947778e-02
  2.026652e-02   3.603546e-06   2.455068e+03   9.898577e-01   9.939522e-01   4.964615e-02
  2.030500e-02   1.506469e-06   2.451668e+03   9.903641e-01   9.938736e-01   4.970292e-02
  2.015307e-02   2.766409e-06   2.474885e+03   9.922621e-01   9.942220e-01   4.953324e-02
  1.934524e-02   2.706363e-06   2.583785e+03   9.943991e-01   9.942162e-01   5.143917e-02
  1.940967e-02  -5.173554e-06   2.578386e+03   9.956259e-01   9.954220e-01   5.015308e-02
  2.019587e-02  -2.165278e-06   2.470702e+03   9.926886e-01   9.945500e-01   4.966914e-02
  2.026369e-02  -4.362816e-06   2.460680e+03   9.919822e-01   9.948794e-01   4.951583e-02
  2.022572e-02  -3.030311e-06   2.464658e+03   9.917238e-01   9.951677e-01   4.972408e-02
  2.029373e-02  -2.537894e-06   2.452803e+03   9.902726e-01   9.942218e-01   4.972741e-02
  2.010367e-02  -6.685442e-07   2.478570e+03   9.913037e-01   9.943770e-01   4.924513e-02
  2.007246e-02   6.706973e-07   2.483363e+03   9.916787e-01   9.936247e-01   4.927629e-02
  1.962848e-02   1.532261e-06   2.547436e+03   9.947643e-01   9.947121e-01   5.011303e-02
  1.961600e-02   5.613993e-06   2.551771e+03   9.958232e-01   9.952684e-01   5.088182e-02
  2.007140e-02   3.970119e-07   2.483231e+03   9.915736e-01   9.937584e-01   4.940433e-02
  2.016335e-02   2.192940e-06   2.470602e+03   9.910501e-01   9.943003e-01   4.975524e-02
  2.023775e-02   2.858548e-06   2.456125e+03   9.888783e-01   9.932850e-01   4.953731e-02
  2.027824e-02   1.196837e-06   2.454378e+03   9.901520e-01   9.941276e-01   4.976619e-02
  2.017471e-02   1.385338e-06   2.470249e+03   9.914668e-01   9.945205e-01   4.995932e-02
  2.013397e-02  -3.445274e-07   2.479450e+03   9.931501e-01   9.947081e-01   4.991448e-02
  1.918586e-02   6.436855e-06   2.606839e+03   9.950057e-01   9.944937e-01   5.127562e-02
  1.941784e-02  -4.516272e-06   2.574952e+03   9.947183e-01   9.948257e-01   5.118679e-02
  2.018939e-02  -2.539169e-06   2.470276e+03   9.921991e-01   9.941926e-01   4.974113e-02
  2.029199e-02  -2.395335e-06   2.454162e+03   9.907362e-01   9.940789e-01   4.934348e-02
  2.028948e-02  -2.470771e-06   2.454092e+03   9.905857e-01   9.944444e-01   4.954350e-02
  2.019035e-02   1.515874e-06   2.465086e+03   9.901617e-01   9.941304e-01   4.927659e-02
  2.023270e-02   1.984309e-06   2.463087e+03   9.914341e-01   9.945091e-01   4.957017e-02
  2.012864e-02   4.943653e-07   2.477693e+03   9.921839e-01   9.942022e-01   4.939798e-02
  1.990775e-02   1.805316e-06   2.511977e+03   9.948739e-01   9.948353e-01   5.138924e-02
  1.987704e-02  -7.460708e-06   2.516046e+03   9.949482e-01   9.947866e-01   4.985699e-02
  2.003510e-02   8.270316e-07   2.485577e+03   9.907154e-01   9.932897e-01   4.902929e-02
  2.003842e-02  -8.365417e-07   2.485247e+03   9.907481e-01   9.940962e-01   4.917855e-02
  2.018089e-02   2.449161e-07   2.462186e+03   9.885334e-01   9.931978e-01   4.929823e-02
  2.022501e-02  -3.605436e-06   2.460160e+03   9.898793e-01   9.939408e-01   4.979165e-02
  2.019091e-02  -2.215249e-07   2.469384e+03   9.919154e-01   9.947189e-01   4.972365e-02
  2.010687e-02   1.281897e-06   2.484267e+03   9.937401e-01   9.950444e-01   4.990593e-02
  1.919869e-02   1.401578e-07   2.607074e+03   9.957608e-01   9.950991e-01   5.078045e-02
  1.927062e-02   1.243856e-06   2.597186e+03   9.957009e-01   9.954516e-01   5.148576e-02
  2.015963e-02  -5.445223e-07   2.474434e+03   9.924043e-01   9.943537e-01   4.989614e-02
  2.024800e-02  -1.344551e-06   2.459954e+03   9.909216e-01   9.942437e-01   4.943855e-02
  2.027414e-02  -4.781553e-07   2.455315e+03   9.903299e-01   9.941017e-01   4.954003e-02
  2.030378e-02   6.110580e-07   2.448964e+03   9.892122e-01   9.935744e-01   4.917423e-02
  2.022766e-02   2.548605e-06   2.463075e+03   9.911819e-01   9.944432e-01   4.937095e-02
  2.014500e-02   1.019643e-06   2.474241e+03   9.916063e-01   9.939103e-01   4.908853e-02
  1.978944e-02   5.460121e-06   2.527847e+03   9.952092e-01   9.950264e-01   5.139917e-02
  1.966335e-02  -2.243929e-05   2.538324e+03   9.929664e-01   9.935216e-01   4.826158e-02
  2.005252e-02  -1.032894e-06   2.480678e+03   9.896226e-01   9.925716e-01   4.873015e-02
  2.009012e-02  -3.957609e-06   2.477539e+03   9.902235e-01   9.938726e-01   4.890414e-02
  2.021153e-02   1.626060e-06   2.456821e+03   9.878770e-01   9.927194e-01   4.891870e-02
  2.023956e-02  -9.467673e-07   2.458743e+03   9.900206e-01   9.940537e-01   4.966851e-02
  2.017572e-02  -2.404400e-06   2.470560e+03   9.916412e-01   9.946147e-01   4.923239e-02
  2.007039e-02  -1.249872e-06   2.489749e+03   9.941265e-01   9.954476e-01   4.970564e-02
  1.930311e-02   6.177919e-07   2.593409e+03   9.959293e-01   9.952131e-01   5.058562e-02
  1.907466e-02   8.050478e-06   2.627908e+03   9.972340e-01   9.960358e-01   5.090136e-02
  2.009696e-02  -2.567161e-06   2.483279e+03   9.928552e-01   9.945192e-01   4.968389e-02
  2.024671e-02  -1.120068e-07   2.462886e+03   9.920397e-01   9.947929e-01   4.956709e-02
  2.023211e-02  -1.306921e-06   2.463895e+03   9.917301e-01   9.952194e-01   4.985415e-02
  2.029104e-02  -1.278292e-06   2.450713e+03   9.892975e-01   9.936313e-01   4.902080e-02
  2.022823e-02  -9.386728e-07   2.463537e+03   9.913960e-01   9.944417e-01   4.957887e-02
  2.016816e-02  -2.458879e-06   2.468697e+03   9.905225e-01   9.931822e-01   4.913991e-02
  1.979193e-02  -1.028862e-05   2.525781e+03   9.945210e-01   9.946909e-01   5.180766e-02
  2.002107e-02   7.684626e-06   2.491754e+03   9.924820e-01   9.932759e-01   5.043206e-02
  2.014178e-02  -1.023981e-06   2.470074e+03   9.897785e-01   9.927303e-01   4.905221e-02
  2.009233e-02  -4.349583e-07   2.478566e+03   9.907427e-01   9.939978e-01   4.902017e-02
  2.028650e-02  -9.129731e-07   2.447528e+03   9.877907e-01   9.928089e-01   4.898206e-02
  2.012060e-02   4.467377e-07   2.476883e+03   9.914627e-01   9.948894e-01   4.965155e-02
  2.009157e-02  -6.159171e-06   2.480825e+03   9.916084e-01   9.946129e-01   4.902638e-02
  2.003309e-02  -9.018858e-07   2.494828e+03   9.943029e-01   9.954431e-01   4.960369e-02
  1.947121e-02  -8.956525e-06   2.569800e+03   9.954563e-01   9.950260e-01   5.039833e-02
  1.943375e-02   1.348734e-05   2.574684e+03   9.954301e-01   9.949055e-01   5.062825e-02
  2.015140e-02   6.059241e-07   2.477166e+03   9.930943e-01   9.947288e-01   4.939906e-02
  2.016481e-02   3.171775e-06   2.473889e+03   9.924405e-01   9.951119e-01   4.970303e-02
  2.014760e-02  -3.833909e-06   2.477529e+03   9.930523e-01   9.957024e-01   4.979345e-02
  2.032872e-02  -4.097312e-06   2.445837e+03   9.891624e-01   9.935871e-01   4.955682e-02
  2.017467e-02   2.082932e-06   2.472225e+03   9.922577e-01   9.950486e-01   4.983740e-02
  2.020130e-02  -3.889358e-06   2.464496e+03   9.904617e-01   9.932508e-01   4.942707e-02
  1.960041e-02  -2.327469e-06   2.551095e+03   9.947681e-01   9.948733e-01   5.118070e-02
  1.947716e-02  -2.794674e-05   2.570717e+03   9.961161e-01   9.954855e-01   4.960656e-02
  2.000674e-02  -3.067232e-06   2.490967e+03   9.914584e-01   9.936984e-01   4.910846e-02
  2.008893e-02  -7.978785e-06   2.481584e+03   9.917811e-01   9.946893e-01   4.906581e-02
  2.030338e-02  -2.904502e-06   2.446583e+03   9.882313e-01   9.930253e-01   4.952011e-02
  2.010934e-02  -8.558764e-07   2.479880e+03   9.921073e-01   9.952487e-01   4.940451e-02
  2.020848e-02  -4.007849e-06   2.465369e+03   9.911645e-01   9.942757e-01   4.922105e-02
  1.989612e-02  -2.489831e-06   2.511845e+03   9.942407e-01   9.952329e-01   4.895536e-02
  1.958670e-02  -6.054789e-06   2.552098e+03   9.944635e-01   9.944626e-01   4.998065e-02
  1.944436e-02  -7.177490e-06   2.572899e+03   9.952833e-01   9.947145e-01   5.126928e-02
  2.016713e-02   1.668363e-06   2.474063e+03   9.926248e-01   9.943514e-01   4.957889e-02
  2.025579e-02   2.834853e-06   2.461396e+03   9.918839e-01   9.947396e-01   4.995838e-02
  2.014547e-02   4.362017e-06   2.476706e+03   9.926178e-01   9.957158e-01   4.914259e-02
  2.037469e-02   1.210927e-06   2.437325e+03   9.879493e-01   9.928644e-01   4.983166e-02
  2.019791e-02  -9.140594e-08   2.468646e+03   9.919627e-01   9.948046e-01   4.967653e-02
  2.022133e-02  -2.633443e-06   2.461580e+03   9.902702e-01   9.931515e-01   5.003976e-02
  1.952624e-02  -7.930766e-06   2.560273e+03   9.945692e-01   9.946416e-01   5.096587e-02
  1.940383e-02   5.840619e-06   2.579819e+03   9.958797e-01   9.954892e-01   5.023031e-02
  2.008456e-02  -6.129670e-06   2.482377e+03   9.918827e-01   9.939574e-01   4.929076e-02
  2.014454e-02  -1.727151e-06   2.473372e+03   9.912359e-01   9.943750e-01   4.903557e-02
  2.033066e-02  -2.867282e-06   2.442228e+03   9.877976e-01   9.928498e-01   4.988552e-02
  2.007201e-02  -1.847137e-06   2.482430e+03   9.912837e-01   9.947542e-01   4.868586e-02
  1.994920e-02  -3.145132e-09   2.496631e+03   9.908550e-01   9.941090e-01   4.883964e-02
  1.991324e-02  -2.152609e-06   2.508867e+03   9.939158e-01   9.950731e-01   4.874199e-02
  1.944394e-02   3.254562e-06   2.571952e+03   9.948950e-01   9.947253e-01   4.914818e-02
  1.958697e-02  -3.335447e-06   2.555047e+03   9.956259e-01   9.947957e-01   5.085348e-02
  2.016128e-02   6.354306e-07   2.473415e+03   9.920767e-01   9.940794e-01   4.976694e-02
  2.018362e-02   1.027933e-06   2.468893e+03   9.913601e-01   9.943474e-01   4.990405e-02
  2.017311e-02  -7.097325e-07   2.469622e+03   9.911363e-01   9.945923e-01   4.879992e-02
  2.033854e-02  -2.042141e-06   2.439154e+03   9.869360e-01   9.921995e-01   4.997238e-02
  2.023261e-02  -8.121326e-06   2.460888e+03   9.905444e-01   9.939721e-01   4.955149e-02
  2.022191e-02  -4.626293e-06   2.460290e+03   9.897795e-01   9.928178e-01   5.001054e-02
  1.930246e-02  -9.903418e-06   2.589953e+03   9.945683e-01   9.943315e-01   5.094359e-02
  1.949058e-02   1.541367e-05   2.564761e+03   9.944934e-01   9.945626e-01   5.109975e-02
  2.007080e-02   8.161653e-08   2.483536e+03   9.916657e-01   9.939045e-01   4.889676e-02
  2.025895e-02   6.713953e-07   2.457521e+03   9.904767e-01   9.939288e-01   4.906229e-02
  2.022501e-02  -2.718976e-07   2.455480e+03   9.879964e-01   9.926870e-01   4.970563e-02
  2.019739e-02  -5.338911e-07   2.465803e+03   9.907952e-01   9.945160e-01   4.870191e-02
  2.009360e-02  -5.244929e-08   2.479227e+03   9.910699e-01   9.942789e-01   4.915536e-02
  1.993949e-02   2.028801e-07   2.506907e+03   9.944491e-01   9.953377e-01   4.873829e-02
  1.975801e-02  -7.779595e-06   2.532093e+03   9.952981e-01   9.949503e-01   5.024946e-02
  1.999167e-02  -5.904012e-06   2.503577e+03   9.957268e-01   9.952024e-01   5.044042e-02
  2.009750e-02  -6.139394e-07   2.481255e+03   9.920731e-01   9.940579e-01   4.972726e-02
  2.013356e-02  -5.291308e-07   2.474721e+03   9.912358e-01   9.943610e-01   4.964734e-02
  2.024655e-02   1.152010e-06   2.458482e+03   9.902574e-01   9.941653e-01   4.922755e-02
  2.029687e-02   1.432374e-06   2.445463e+03   9.874620e-01   9.925063e-01   5.005659e-02
  2.019308e-02  -4.719005e-06   2.465662e+03   9.905272e-01   9.938835e-01   4.960901e-02
  2.019958e-02  -4.863563e-06   2.463240e+03   9.898725e-01   9.926796e-01   5.019066e-02
  1.920214e-02  -1.176542e-05   2.604085e+03   9.947979e-01   9.944150e-01   5.098333e-02
  1.905873e-02   4.764628e-06   2.621593e+03   9.940068e-01   9.944625e-01   4.986636e-02
  2.013274e-02   2.266438e-06   2.475698e+03   9.915868e-01   9.938282e-01   4.915872e-02
  2.025272e-02   1.744048e-06   2.458692e+03   9.906442e-01   9.941018e-01   4.936598e-02
  2.023913e-02  -4.496418e-06   2.456722e+03   9.891858e-01   9.937540e-01   4.973653e-02
  2.023434e-02  -2.729122e-06   2.461662e+03   9.909405e-01   9.946217e-01   4.902349e-02
  2.022275e-02  -5.470930e-07   2.463201e+03   9.909922e-01   9.942241e-01   4.977097e-02
  2.007694e-02  -9.351043e-07   2.487219e+03   9.934403e-01   9.949829e-01   4.915504e-02
  2.000736e-02  -8.557977e-06   2.498666e+03   9.945533e-01   9.946117e-01   5.143703e-02
  1.984577e-02   4.445259e-07   2.523416e+03   9.962928e-01   9.953982e-01   4.889236e-02
  1.998675e-02   1.092845e-06   2.494823e+03   9.920009e-01   9.939487e-01   4.925914e-02
  2.006839e-02   1.022718e-06   2.482281e+03   9.910455e-01   9.942089e-01   4.927051e-02
  2.021504e-02   1.652521e-06   2.461951e+03   9.901114e-01   9.942382e-01   4.939463e-02
  2.018992e-02  -7.640733e-08   2.462571e+03   9.891304e-01   9.934757e-01   5.002753e-02
  2.019872e-02  -4.103811e-06   2.468116e+03   9.917896e-01   9.946935e-01   4.970197e-02
  2.014481e-02  -1.367218e-06   2.473321e+03   9.912283e-01   9.936185e-01   5.001656e-02
  1.927350e-02  -9.069842e-06   2.596720e+03   9.956707e-01   9.949334e-01   5.057412e-02
  1.924878e-02   1.801697e-05   2.595874e+03   9.940700e-01   9.941820e-01   5.102403e-02
  2.022097e-02   5.323722e-06   2.465439e+03   9.918052e-01   9.938717e-01   4.959079e-02
  2.024948e-02   4.249882e-06   2.459710e+03   9.908957e-01   9.942971e-01   4.959121e-02
  2.024584e-02   2.301234e-06   2.457649e+03   9.898874e-01   9.940335e-01   4.974304e-02
  2.029061e-02   9.340572e-07   2.454194e+03   9.906817e-01   9.944705e-01   4.928633e-02
  2.021582e-02   3.509033e-06   2.464425e+03   9.911446e-01   9.943598e-01   4.979300e-02
  2.019949e-02   1.815044e-07   2.469687e+03   9.924584e-01   9.944506e-01   4.939176e-02
  1.976226e-02   2.896127e-06   2.530818e+03   9.950105e-01   9.948759e-01   5.130671e-02
  2.012983e-02  -4.045219e-06   2.481569e+03   9.937947e-01   9.941881e-01   3.996433e-02
  2.023521e-02   1.810551e-07   2.462022e+03   9.911284e-01   9.935525e-01   3.951795e-02
  2.021851e-02  -1.627412e-06   2.466015e+03   9.919164e-01   9.948293e-01   3.956681e-02
  2.030415e-02   1.517275e-06   2.452435e+03   9.906324e-01   9.945915e-01   3.952802e-02
  2.036982e-02   1.665246e-06   2.445582e+03   9.910592e-01   9.947265e-01   4.022009e-02
  2.030483e-02  -4.625435e-06   2.456996e+03   9.925081e-01   9.951275e-01   3.964641e-02
  2.012543e-02  -4.539136e-06   2.480340e+03   9.930853e-01   9.948725e-01   3.976764e-02
  1.922700e-02  -1.469649e-05   2.601677e+03   9.951650e-01   9.948975e-01   4.099729e-02
  1.912106e-02   9.802083e-06   2.622490e+03   9.975989e-01   9.964969e-01   3.890158e-02
  1.988663e-02  -2.157228e-06   2.515439e+03   9.951880e-01   9.960108e-01   3.873610e-02
  1.998190e-02   1.259339e-06   2.499775e+03   9.937290e-01   9.958531e-01   3.881378e-02
  2.003220e-02  -2.833462e-06   2.492995e+03   9.935286e-01   9.962007e-01   3.945360e-02
  2.015013e-02  -1.404722e-06   2.478055e+03   9.933881e-01   9.961197e-01   3.930664e-02
  2.021357e-02   1.368129e-06   2.475493e+03   9.954855e-01   9.969386e-01   4.061657e-02
  2.002512e-02  -1.152244e-07   2.502339e+03   9.968997e-01   9.971639e-01   3.993962e-02
  1.946979e-02   7.625096e-06   2.579064e+03   9.989723e-01   9.970613e-01   4.209506e-02
  1.942407e-02  -9.803185e-06   2.575110e+03   9.950984e-01   9.946049e-01   3.965119e-02
  2.010334e-02  -7.877625e-07   2.477884e+03   9.910132e-01   9.934530e-01   3.966589e-02
  2.004263e-02   5.694301e-07   2.488203e+03   9.921347e-01   9.948280e-01   3.962564e-02
  2.023240e-02   1.580055e-06   2.459904e+03   9.901377e-01   9.942088e-01   3.958311e-02
  2.017554e-02   2.845083e-06   2.469062e+03   9.910310e-01   9.948047e-01   3.990141e-02
  2.019949e-02  -6.057565e-06   2.466525e+03   9.911883e-01   9.944225e-01   3.904146e-02
  2.015425e-02  -3.814223e-06   2.475615e+03   9.926126e-01   9.946144e-01   3.983887e-02
  1.960274e-02   2.779133e-06   2.547438e+03   9.934604e-01   9.938501e-01   4.116095e-02
  1.941205e-02  -2.752898e-05   2.579036e+03   9.959992e-01   9.952034e-01   3.996543e-02
  1.995362e-02  -3.518515e-06   2.505774e+03   9.947041e-01   9.955719e-01   3.880450e-02
  2.013349e-02  -3.766567e-06   2.477979e+03   9.925373e-01   9.951705e-01   3.902853e-02
  2.017546e-02   4.250806e-07   2.473955e+03   9.929914e-01   9.958458e-01   3.942607e-02
  2.027052e-02  -7.402954e-07   2.460347e+03   9.921821e-01   9.954972e-01   3.948609e-02
  2.002399e-02   2.017800e-06   2.499754e+03   9.958137e-01   9.970490e-01   3.979296e-02
  2.001561e-02   4.551139e-07   2.501586e+03   9.961263e-01   9.966181e-01   3.932466e-02
  1.898789e-02  -9.058035e-06   2.646767e+03   9.998217e-01   9.974498e-01   3.986086e-02
  1.974953e-02   1.171850e-05   2.533399e+03   9.953833e-01   9.948184e-01   4.095128e-02
  2.007118e-02   2.870047e-06   2.482886e+03   9.914250e-01   9.935806e-01   4.010847e-02
  2.008104e-02   2.289909e-06   2.484705e+03   9.926387e-01   9.951870e-01   3.993424e-02
  2.021856e-02  -4.812251e-07   2.462284e+03   9.904180e-01   9.943480e-01   3.981119e-02
  2.012774e-02  -2.797569e-06   2.476024e+03   9.914707e-01   9.949794e-01   3.960207e-02
  2.026747e-02  -1.397183e-06   2.456744e+03   9.905802e-01   9.940104e-01   3.978502e-02
  2.014966e-02  -2.171306e-07   2.477310e+03   9.930661e-01   9.947506e-01   3.998933e-02
  1.974624e-02  -1.086960e-05   2.528197e+03   9.931742e-01   9.936664e-01   4.229059e-02
  2.016723e-02  -7.321650e-06   2.478207e+03   9.942923e-01   9.943952e-01   4.161468e-02
  2.008823e-02  -5.522497e-06   2.487377e+03   9.940618e-01   9.952379e-01   3.903634e-02
  2.028655e-02  -3.818078e-06   2.457288e+03   9.917323e-01   9.946465e-01   3.955728e-02
  2.007521e-02  -1.939052e-06   2.484438e+03   9.922439e-01   9.953744e-01   3.894631e-02
  2.020185e-02   6.467473e-07   2.466234e+03   9.911867e-01   9.947914e-01   3.954353e-02
  2.011265e-02  -8.366923e-07   2.486578e+03   9.949504e-01   9.965952e-01   3.933789e-02
  2.006151e-02   3.480389e-07   2.494111e+03   9.954274e-01   9.961108e-01   3.925719e-02
  1.999020e-02   1.013745e-05   2.510620e+03   9.984543e-01   9.968965e-01   4.073839e-02
  1.968327e-02  -5.134852e-06   2.543925e+03   9.961657e-01   9.954848e-01   3.881045e-02
  1.980146e-02  -2.095934e-06   2.519893e+03   9.926801e-01   9.943567e-01   3.946222e-02
  1.989712e-02  -2.357622e-06   2.509488e+03   9.933571e-01   9.956459e-01   3.906139e-02
  2.007547e-02   8.429546e-07   2.482698e+03   9.915616e-01   9.948899e-01   3.982183e-02
  2.016594e-02  -3.289044e-06   2.472325e+03   9.918689e-01   9.951380e-01   3.958456e-02
  2.017262e-02   2.339338e-06   2.469234e+03   9.909569e-01   9.942575e-01   3.959005e-02
  2.003864e-02  -2.329779e-06   2.492953e+03   9.938307e-01   9.952122e-01   3.975398e-02
  1.951603e-02   1.242777e-05   2.562898e+03   9.950683e-01   9.949973e-01   4.043309e-02
  1.895686e-02  -6.113840e-06   2.643542e+03   9.969717e-01   9.958612e-01   3.982824e-02
  1.996737e-02  -1.143467e-06   2.503209e+03   9.943705e-01   9.954555e-01   3.960017e-02
  2.002330e-02  -1.478080e-06   2.491643e+03   9.925479e-01   9.951531e-01   3.992923e-02
  2.038423e-02  -8.323626e-07   2.444697e+03   9.914013e-01   9.949157e-01   3.988871e-02
  2.028503e-02   1.814582e-07   2.454945e+03   9.907127e-01   9.945699e-01   3.993587e-02
  2.002801e-02   1.037054e-07   2.496693e+03   9.947939e-01   9.964800e-01   3.915864e-02
  2.000275e-02   2.786850e-06   2.500399e+03   9.950140e-01   9.959541e-01   3.918892e-02
  1.940874e-02   4.031036e-06   2.586525e+03   9.987213e-01   9.968316e-01   3.935264e-02
  1.973153e-02  -5.410292e-06   2.536004e+03   9.954987e-01   9.947953e-01   4.100714e-02
  1.998415e-02  -7.352965e-07   2.498338e+03   9.932694e-01   9.946948e-01   3.985027e-02
  2.010656e-02   2.420649e-06   2.482046e+03   9.928365e-01   9.952662e-01   3.968081e-02
  2.004617e-02  -5.189140e-07   2.487226e+03   9.919204e-01   9.951149e-01   3.918897e-02
  2.004912e-02   2.762477e-06   2.485058e+03   9.912016e-01   9.947123e-01   3.904004e-02
  2.007512e-02   5.707106e-06   2.480256e+03   9.905694e-01   9.939949e-01   3.955979e-02
  1.994112e-02   9.322026e-07   2.504905e+03   9.937358e-01   9.949085e-01   3.959524e-02
  1.934886e-02   4.711459e-06   2.585037e+03   9.950672e-01   9.948946e-01   4.071274e-02
  1.981608e-02  -9.871057e-06   2.522097e+03   9.942825e-01   9.941880e-01   4.195836e-02
  2.021279e-02  -3.754570e-06   2.468695e+03   9.927133e-01   9.944012e-01   4.010994e-02
  2.034259e-02  -7.714456e-06   2.449936e+03   9.914965e-01   9.944638e-01   4.025198e-02
  2.014137e-02  -4.157340e-06   2.472796e+03   9.908486e-01   9.946342e-01   3.961479e-02
  2.024666e-02  -1.361472e-06   2.457786e+03   9.899829e-01   9.940174e-01   3.977470e-02
  2.008086e-02  -3.532472e-06   2.486890e+03   9.935028e-01   9.956893e-01   3.910573e-02
  1.997985e-02  -2.148835e-06   2.500245e+03   9.938139e-01   9.950626e-01   3.922295e-02
  1.954996e-02  -6.516137e-07   2.565000e+03   9.976162e-01   9.961324e-01   3.889163e-02
  1.968433e-02   9.007077e-07   2.543111e+03   9.959008e-01   9.952271e-01   4.059508e-02
  2.004660e-02  -2.181447e-07   2.494093e+03   9.946803e-01   9.955549e-01   3.980345e-02
  2.008592e-02   8.272739e-07   2.487402e+03   9.939576e-01   9.958800e-01   3.954448e-02
  2.019107e-02   2.329230e-06   2.472287e+03   9.930896e-01   9.957741e-01   3.966318e-02
  2.012747e-02   2.842526e-07   2.477062e+03   9.918736e-01   9.950289e-01   3.931097e-02
  2.027466e-02   5.253604e-07   2.457475e+03   9.912262e-01   9.943785e-01   4.017701e-02
  2.011295e-02   4.316569e-06   2.482166e+03   9.932004e-01   9.945761e-01   3.994427e-02
  1.959990e-02  -6.592092e-07   2.549410e+03   9.940854e-01   9.943222e-01   4.197795e-02
  1.921859e-02  -7.668927e-07   2.602654e+03   9.951035e-01   9.947098e-01   4.133537e-02
  2.013131e-02  -2.360838e-06   2.478637e+03   9.926933e-01   9.944303e-01   4.024997e-02
  2.015264e-02  -2.812726e-06   2.473032e+03   9.914978e-01   9.946227e-01   4.030087e-02
  2.022437e-02  -7.874603e-07   2.460678e+03   9.900565e-01   9.942332e-01   4.001765e-02
  2.025414e-02  -3.536208e-06   2.454622e+03   9.890735e-01   9.936605e-01   3.994888e-02
  2.011254e-02   6.290515e-08   2.478679e+03   9.917843e-01   9.947152e-01   3.895371e-02
  2.005566e-02  -2.470780e-06   2.487143e+03   9.923569e-01   9.945177e-01   3.905227e-02
  2.004163e-02  -1.122124e-06   2.495776e+03   9.951047e-01   9.946945e-01   3.885123e-02
  1.975506e-02   9.439419e-06   2.534146e+03   9.959560e-01   9.952446e-01   4.157500e-02
  1.994418e-02   9.946277e-07   2.506615e+03   9.945670e-01   9.954386e-01   3.966183e-02
  2.010712e-02  -8.025370e-07   2.483636e+03   9.935001e-01   9.957616e-01   3.973466e-02
  2.013513e-02  -1.796960e-07   2.476779e+03   9.921374e-01   9.951830e-01   3.950113e-02
  2.009209e-02   1.982291e-06   2.479516e+03   9.911107e-01   9.945525e-01   3.926298e-02
  2.009361e-02   5.721067e-06   2.480511e+03   9.915835e-01   9.945644e-01   3.987917e-02
  2.000581e-02   2.392309e-06   2.496419e+03   9.935820e-01   9.948145e-01   3.965331e-02
  1.937044e-02   1.259722e-05   2.584014e+03   9.957825e-01   9.951853e-01   4.086221e-02
  1.943783e-02   7.473464e-06   2.572733e+03   9.948846e-01   9.947013e-01   4.150439e-02
  2.024346e-02   2.231439e-08   2.463817e+03   9.922553e-01   9.942406e-01   4.062957e-02
  2.042218e-02  -1.136627e-06   2.440012e+03   9.913436e-01   9.944818e-01   4.078101e-02
  2.021751e-02  -3.308031e-06   2.460872e+03   9.897990e-01   9.939147e-01   3.995600e-02
  2.026083e-02   1.819322e-06   2.452823e+03   9.886752e-01   9.933802e-01   3.988896e-02
  2.019013e-02  -3.291728e-06   2.464200e+03   9.897948e-01   9.935330e-01   3.908305e-02
  2.001634e-02  -8.712531e-07   2.488279e+03   9.908639e-01   9.932720e-01   3.897014e-02
  1.999452e-02  -4.037316e-06   2.496714e+03   9.931390e-01   9.934294e-01   3.926171e-02
  1.948810e-02  -1.151375e-05   2.569095e+03   9.960470e-01   9.952902e-01   3.938478e-02
  1.996472e-02   1.310395e-06   2.500660e+03   9.932259e-01   9.946643e-01   3.905700e-02
  2.001218e-02   3.599114e-06   2.492209e+03   9.922225e-01   9.948934e-01   3.865989e-02
  2.008132e-02   3.319501e-06   2.480151e+03   9.908330e-01   9.946395e-01   3.902033e-02
  2.017253e-02   1.815725e-06   2.467061e+03   9.900801e-01   9.940154e-01   3.917689e-02
  2.005478e-02  -4.192861e-06   2.484381e+03   9.912115e-01   9.943251e-01   3.948337e-02
  2.009887e-02   6.541831e-07   2.483079e+03   9.928698e-01   9.943604e-01   3.979389e-02
  1.953085e-02  -9.048080e-06   2.562271e+03   9.955803e-01   9.948942e-01   4.040427e-02
  1.897535e-02   7.242805e-06   2.635774e+03   9.950114e-01   9.946791e-01   4.138335e-02
  2.018601e-02  -2.351953e-06   2.470197e+03   9.920011e-01   9.941016e-01   4.056861e-02
  2.012075e-02   2.496741e-06   2.478719e+03   9.922056e-01   9.948752e-01   4.058665e-02
  2.023766e-02   1.457225e-06   2.460147e+03   9.904931e-01   9.941921e-01   4.034674e-02
  2.013697e-02  -7.368827e-06   2.471659e+03   9.901771e-01   9.940287e-01   3.977160e-02
  2.005421e-02   1.398386e-06   2.482953e+03   9.906134e-01   9.939916e-01   3.936332e-02
  2.010752e-02  -6.885253e-07   2.477641e+03   9.911218e-01   9.933336e-01   3.934457e-02
  1.969247e-02   6.839781e-06   2.534095e+03   9.927802e-01   9.933931e-01   3.965444e-02
  1.981541e-02   1.455132e-05   2.522187e+03   9.942839e-01   9.943838e-01   3.999203e-02
  1.996860e-02   5.356330e-06   2.495715e+03   9.914544e-01   9.936579e-01   3.877662e-02
  2.021199e-02  -5.553938e-07   2.462400e+03   9.901426e-01   9.937506e-01   3.898160e-02
  2.037064e-02  -2.602165e-06   2.440084e+03   9.888711e-01   9.933195e-01   3.925583e-02
  2.028963e-02  -8.615292e-07   2.450914e+03   9.893098e-01   9.936954e-01   3.966660e-02
  2.014862e-02   1.487787e-06   2.472994e+03   9.912853e-01   9.943559e-01   3.994324e-02
  1.995813e-02  -5.867503e-07   2.502194e+03   9.935069e-01   9.950553e-01   3.955897e-02
  1.952389e-02  -3.635735e-06   2.565011e+03   9.962896e-01   9.952067e-01   4.003099e-02
  1.905653e-02  -4.971806e-06   2.629520e+03   9.968971e-01   9.957434e-01   4.012754e-02
  2.004354e-02  -2.318250e-06   2.491709e+03   9.935777e-01   9.949609e-01   4.050030e-02
  2.009557e-02  -1.448803e-06   2.485912e+03   9.938393e-01   9.959413e-01   4.008809e-02
  2.013061e-02  -2.029290e-06   2.477335e+03   9.921371e-01   9.954371e-01   4.002471e-02
  2.020786e-02   6.181455e-06   2.466448e+03   9.915681e-01   9.947876e-01   3.964898e-02
  2.009333e-02  -4.100112e-06   2.479585e+03   9.911994e-01   9.943438e-01   3.953129e-02
  2.008221e-02  -1.690777e-06   2.482092e+03   9.916523e-01   9.940402e-01   3.968246e-02
  1.943086e-02  -1.147740e-05   2.568610e+03   9.929340e-01   9.933965e-01   4.001788e-02
  1.999790e-02   1.399082e-06   2.499655e+03   9.944767e-01   9.944953e-01   4.100530e-02
  2.019647e-02   6.885033e-06   2.461432e+03   9.889937e-01   9.922499e-01   3.892375e-02
  2.035154e-02   5.852316e-06   2.441132e+03   9.883678e-01   9.928163e-01   3.926569e-02
  2.020017e-02   3.486207e-06   2.456841e+03   9.873295e-01   9.924183e-01   3.900137e-02
  2.008167e-02   8.882421e-07   2.474979e+03   9.887839e-01   9.931818e-01   3.930709e-02
  2.010438e-02   2.491739e-06   2.477358e+03   9.908539e-01   9.941002e-01   3.983944e-02
  2.002175e-02   1.219376e-07   2.491980e+03   9.926056e-01   9.946304e-01   3.961174e-02
  1.929948e-02   5.263212e-06   2.593582e+03   9.958086e-01   9.951088e-01   3.952722e-02
  1.925825e-02  -1.404067e-05   2.602621e+03   9.971439e-01   9.960234e-01   3.801669e-02
  2.002096e-02  -2.087944e-06   2.498866e+03   9.953091e-01   9.959605e-01   4.049572e-02
  1.993095e-02   7.163415e-07   2.510591e+03   9.954837e-01   9.970314e-01   3.935166e-02
  2.007858e-02  -2.966566e-06   2.488506e+03   9.940354e-01   9.963004e-01   4.008099e-02
  2.015117e-02   1.383749e-06   2.476151e+03   9.926762e-01   9.957298e-01   3.993935e-02
  2.026186e-02  -1.876872e-06   2.459686e+03   9.914915e-01   9.945332e-01   3.975478e-02
  2.007025e-02   1.089100e-06   2.485857e+03   9.925652e-01   9.945948e-01   3.990591e-02
  1.942964e-02  -2.586096e-06   2.568927e+03   9.929940e-01   9.931737e-01   4.090134e-02
  1.870599e-02   2.915897e-05   2.694099e+03   1.002592e+00   9.990705e-01   3.921365e-02
  2.017908e-02   3.299100e-06   2.462056e+03   9.883925e-01   9.919354e-01   3.923017e-02
  2.002537e-02  -2.155660e-06   2.483389e+03   9.893627e-01   9.933972e-01   3.922689e-02
  2.029601e-02   5.495981e-06   2.446603e+03   9.878804e-01   9.928161e-01   3.968006e-02
  2.014690e-02  -8.787212e-06   2.469225e+03   9.896899e-01   9.937824e-01   3.949251e-02
  2.022030e-02  -1.336271e-06   2.466066e+03   9.920246e-01   9.948401e-01   4.033997e-02
  2.002606e-02  -3.743937e-07   2.492183e+03   9.929002e-01   9.947713e-01   3.973614e-02
  2.009254e-02   1.234526e-05   2.488582e+03   9.947567e-01   9.945199e-01   4.113666e-02
  1.876670e-02   1.150472e-05   2.670500e+03   9.970355e-01   9.955179e-01   4.165418e-02
  1.995032e-02   6.947107e-06   2.514008e+03   9.978073e-01   9.974227e-01   4.096505e-02
  1.992026e-02  -9.031953e-07   2.516891e+03   9.974462e-01   9.979414e-01   4.017084e-02
  2.024057e-02  -5.933961e-06   2.473000e+03   9.958110e-01   9.975555e-01   4.045740e-02
  2.029576e-02   7.228764e-06   2.460916e+03   9.936473e-01   9.960637e-01   4.100790e-02
  2.004452e-02  -4.429251e-07   2.487021e+03   9.917569e-01   9.946801e-01   3.923902e-02
  2.014986e-02   3.955246e-06   2.477535e+03   9.931664e-01   9.948036e-01   4.049666e-02
  1.915426e-02  -4.545751e-06   2.607637e+03   9.936709e-01   9.939890e-01   3.932706e-02
  2.047943e-02  -3.283548e-05   2.451928e+03   9.989775e-01   9.969051e-01   4.567799e-02
  2.057482e-02  -1.183558e-05   2.408470e+03   9.858422e-01   9.904192e-01   4.079977e-02
  2.074343e-02  -9.369486e-07   2.395914e+03   9.887396e-01   9.929863e-01   4.189254e-02
  2.047624e-02   2.025685e-06   2.425029e+03   9.878642e-01   9.927886e-01   4.017420e-02
  2.045194e-02  -4.293812e-06   2.431414e+03   9.892900e-01   9.937385e-01   3.991094e-02
  1.995111e-02   8.335397e-06   2.505095e+03   9.943087e-01   9.961741e-01   4.041501e-02
  2.004155e-02  -4.190399e-06   2.493377e+03   9.941443e-01   9.954165e-01   3.976038e-02
  1.955897e-02   8.135240e-06   2.563331e+03   9.974264e-01   9.959347e-01   4.088919e-02
  2.010493e-02   5.004683e-06   2.478161e+03   9.912022e-01   9.928533e-01   4.253513e-02
  1.983270e-02   5.609430e-06   2.529580e+03   9.980684e-01   9.976435e-01   3.922766e-02
  2.006995e-02   7.266593e-06   2.492540e+03   9.952188e-01   9.968679e-01   3.918920e-02
  1.974719e-02   2.010977e-06   2.535280e+03   9.960048e-01   9.974768e-01   3.908977e-02
  1.990751e-02   5.979502e-06   2.508994e+03   9.936806e-01   9.962415e-01   3.966197e-02
  2.027767e-02   1.643675e-06   2.453966e+03   9.899578e-01   9.936121e-01   4.004645e-02
  2.001521e-02   3.825964e-06   2.494471e+03   9.932733e-01   9.947990e-01   4.013406e-02
  1.956252e-02   3.071289e-06   2.549746e+03   9.923201e-01   9.929324e-01   4.128101e-02
  1.900886e-02   2.389524e-07   2.648529e+03   1.001592e+00   9.986112e-01   3.971865e-02
  2.048065e-02  -5.094125e-06   2.425507e+03   9.882715e-01   9.919587e-01   4.130710e-02
  2.005792e-02  -3.862686e-06   2.483766e+03   9.911208e-01   9.943751e-01   4.054705e-02
  2.024772e-02  -2.088451e-06   2.455146e+03   9.889710e-01   9.934382e-01   4.097562e-02
  2.030388e-02  -4.387451e-06   2.451395e+03   9.901990e-01   9.941196e-01   4.034708e-02
  1.992174e-02  -9.398149e-06   2.510787e+03   9.951013e-01   9.966004e-01   3.991406e-02
  2.018066e-02   4.280346e-06   2.475965e+03   9.940542e-01   9.952008e-01   4.018959e-02
  1.949138e-02  -9.432824e-06   2.573258e+03   9.978289e-01   9.964293e-01   4.025693e-02
  1.937965e-02   6.678798e-06   2.571188e+03   9.913111e-01   9.926767e-01   4.204230e-02
  2.001819e-02   6.216020e-06   2.502466e+03   9.966053e-01   9.967292e-01   3.855267e-02
  2.009572e-02   1.485549e-06   2.485929e+03   9.938536e-01   9.959486e-01   3.927604e-02
  2.034280e-02   7.010718e-06   2.456524e+03   9.941729e-01   9.966579e-01   3.966169e-02
  2.025854e-02   1.193053e-07   2.464528e+03   9.932809e-01   9.957384e-01   3.982223e-02
  2.050347e-02   3.075508e-06   2.425686e+03   9.894460e-01   9.933598e-01   4.097911e-02
  2.033402e-02   2.099613e-06   2.456113e+03   9.935771e-01   9.949998e-01   4.062832e-02
  1.944261e-02   5.630134e-06   2.567111e+03   9.929545e-01   9.935229e-01   4.179197e-02
  1.920930e-02   6.375404e-06   2.614917e+03   9.993086e-01   9.972122e-01   3.989523e-02
  2.019507e-02  -6.561952e-06   2.467503e+03   9.913640e-01   9.936568e-01   4.097584e-02
  2.036263e-02  -3.189115e-07   2.448442e+03   9.918678e-01   9.947318e-01   4.089334e-02
  2.035800e-02  -1.042472e-05   2.444284e+03   9.899584e-01   9.941842e-01   4.083735e-02
  2.035677e-02   5.403536e-06   2.445953e+03   9.905743e-01   9.945153e-01   4.071348e-02
  2.025399e-02   6.470911e-06   2.468897e+03   9.948182e-01   9.965208e-01   3.957960e-02
  2.001065e-02  -1.140924e-07   2.496607e+03   9.938973e-01   9.953504e-01   3.953660e-02
  1.940368e-02   5.553064e-06   2.580502e+03   9.961359e-01   9.952242e-01   4.031916e-02
  1.954952e-02   1.897730e-05   2.553054e+03   9.929474e-01   9.934866e-01   4.268156e-02
  2.021968e-02   4.028750e-06   2.475657e+03   9.958524e-01   9.963904e-01   3.960329e-02
  2.025484e-02   3.124946e-06   2.466990e+03   9.940915e-01   9.960812e-01   3.978433e-02
  2.013441e-02   9.488511e-06   2.481139e+03   9.938483e-01   9.963035e-01   3.938999e-02
  2.008277e-02  -5.021409e-07   2.487288e+03   9.937558e-01   9.962966e-01   3.941628e-02
  2.016795e-02   1.564101e-07   2.472018e+03   9.918444e-01   9.947272e-01   4.072108e-02
  2.000664e-02  -3.098178e-07   2.501560e+03   9.956694e-01   9.960988e-01   4.055401e-02
  1.976292e-02   3.494623e-06   2.531096e+03   9.951532e-01   9.947547e-01   4.272176e-02
  1.972173e-02  -1.850106e-05   2.541500e+03   9.971610e-01   9.960554e-01   4.110832e-02
  2.022067e-02   2.245246e-06   2.467860e+03   9.927644e-01   9.945784e-01   4.055334e-02
  2.030428e-02  -1.474818e-06   2.457554e+03   9.927060e-01   9.952549e-01   4.062450e-02
  2.046236e-02  -2.511737e-06   2.433739e+03   9.907404e-01   9.944218e-01   4.101831e-02
  2.042476e-02   2.715635e-06   2.438717e+03   9.909425e-01   9.947096e-01   4.108144e-02
  2.026322e-02   9.984181e-07   2.466465e+03   9.942912e-01   9.961967e-01   3.970292e-02
  2.042195e-02   2.340369e-06   2.444852e+03   9.932987e-01   9.948250e-01   4.043094e-02
  1.943569e-02   1.092818e-05   2.576356e+03   9.961760e-01   9.953048e-01   4.035732e-02
  1.930366e-02  -4.174963e-06   2.588164e+03   9.939430e-01   9.943574e-01   4.018806e-02
  1.988922e-02   8.744498e-09   2.514338e+03   9.948818e-01   9.957630e-01   3.873522e-02
  2.004794e-02   2.675585e-06   2.491433e+03   9.936859e-01   9.958630e-01   3.890849e-02
  2.014156e-02   3.474180e-06   2.478583e+03   9.931770e-01   9.959008e-01   3.887049e-02
  2.020811e-02  -5.234396e-06   2.470971e+03   9.933986e-01   9.960158e-01   3.922456e-02
  2.019207e-02   3.090623e-06   2.472254e+03   9.931252e-01   9.955611e-01   4.055724e-02
  2.007840e-02  -2.624518e-06   2.493731e+03   9.961134e-01   9.964214e-01   4.014276e-02
  1.983405e-02   1.490688e-06   2.526930e+03   9.970912e-01   9.960892e-01   4.269083e-02
  1.900939e-02   1.180158e-05   2.636319e+03   9.970027e-01   9.957322e-01   3.922357e-02
  2.011831e-02   3.917892e-06   2.481576e+03   9.932289e-01   9.947476e-01   4.025583e-02
  2.010403e-02  -1.459473e-06   2.484497e+03   9.936920e-01   9.958388e-01   4.012928e-02
  2.000535e-02  -1.830879e-06   2.493492e+03   9.923945e-01   9.954145e-01   4.020974e-02
  2.018318e-02   4.051400e-06   2.470964e+03   9.921702e-01   9.951998e-01   4.046145e-02
  2.016946e-02  -7.130774e-06   2.477626e+03   9.941686e-01   9.961637e-01   3.938256e-02
  2.001944e-02   1.098258e-06   2.495365e+03   9.938395e-01   9.951244e-01   3.955609e-02
  1.932808e-02  -2.620843e-05   2.590017e+03   9.959131e-01   9.954464e-01   3.997717e-02
  1.983563e-02   7.959852e-06   2.522566e+03   9.954485e-01   9.949628e-01   4.221543e-02
  2.017159e-02   2.396393e-06   2.478884e+03   9.947786e-01   9.956529e-01   3.952929e-02
  2.020806e-02   4.006121e-06   2.472462e+03   9.939954e-01   9.959368e-01   3.957657e-02
  2.040988e-02   9.907677e-07   2.446511e+03   9.933850e-01   9.961665e-01   4.026138e-02
  2.012855e-02  -3.411760e-06   2.482231e+03   9.939961e-01   9.963924e-01   3.948868e-02
  2.006275e-02   1.142828e-06   2.493510e+03   9.952489e-01   9.967452e-01   4.058485e-02
  2.008508e-02  -3.641031e-06   2.495337e+03   9.970864e-01   9.970984e-01   4.049603e-02
  1.930377e-02  -8.553354e-06   2.603861e+03   9.999770e-01   9.976256e-01   4.181608e-02
  1.960912e-02  -5.080188e-05   2.562227e+03   9.995532e-01   9.973328e-01   2.974579e-02
  1.999299e-02  -6.266321e-06   2.497670e+03   9.934429e-01   9.949626e-01   3.050906e-02
  2.004810e-02  -3.596116e-06   2.486253e+03   9.916277e-01   9.945325e-01   3.016755e-02
  2.029154e-02  -1.540108e-05   2.452107e+03   9.898847e-01   9.939408e-01   3.089698e-02
  2.011248e-02   4.514055e-06   2.473834e+03   9.898429e-01   9.937725e-01   3.104635e-02
  2.000463e-02   2.161356e-06   2.492878e+03   9.921141e-01   9.948536e-01   3.020275e-02
  1.999983e-02  -6.654539e-06   2.490928e+03   9.911003e-01   9.935523e-01   3.058529e-02
  1.934881e-02   2.336219e-05   2.583701e+03   9.945500e-01   9.945076e-01   3.041132e-02
  1.891364e-02  -2.839362e-05   2.640476e+03   9.935448e-01   9.936465e-01   3.275857e-02
  2.028772e-02  -2.153675e-06   2.454234e+03   9.905567e-01   9.933091e-01   3.117566e-02
  2.013234e-02  -5.142103e-06   2.472082e+03   9.901185e-01   9.936965e-01   3.104775e-02
  2.030255e-02  -1.427832e-06   2.446691e+03   9.882340e-01   9.930430e-01   3.061637e-02
  2.021042e-02  -6.957330e-06   2.460440e+03   9.892777e-01   9.937331e-01   3.044433e-02
  2.037863e-02   8.853967e-07   2.442238e+03   9.901321e-01   9.937840e-01   3.153020e-02
  2.026844e-02   3.970451e-06   2.460473e+03   9.921310e-01   9.941324e-01   3.106724e-02
  1.900762e-02   2.443594e-05   2.635284e+03   9.965184e-01   9.954351e-01   3.121072e-02
  2.053880e-02   2.020224e-05   2.441162e+03   9.974746e-01   9.961369e-01   3.171423e-02
  1.984727e-02   5.236782e-07   2.518533e+03   9.944400e-01   9.955297e-01   3.028798e-02
  2.012348e-02   7.306378e-06   2.479327e+03   9.925838e-01   9.952654e-01   3.056855e-02
  1.998941e-02   9.858909e-06   2.493657e+03   9.916694e-01   9.949855e-01   3.044385e-02
  2.002474e-02   8.271506e-06   2.489268e+03   9.916738e-01   9.950513e-01   3.076815e-02
  2.017364e-02  -8.614746e-06   2.471367e+03   9.918630e-01   9.947241e-01   2.993857e-02
  2.015955e-02   3.967969e-06   2.471459e+03   9.912072e-01   9.934493e-01   3.048440e-02
  1.998469e-02  -1.932844e-05   2.500384e+03   9.941096e-01   9.941354e-01   3.244389e-02
  1.929247e-02   1.378072e-05   2.589057e+03   9.937100e-01   9.940606e-01   3.073548e-02
  2.007459e-02  -7.348162e-07   2.480173e+03   9.905100e-01   9.931107e-01   3.099287e-02
  2.012776e-02   1.847715e-06   2.471935e+03   9.898343e-01   9.934888e-01   3.088275e-02
  2.034740e-02  -3.134251e-07   2.441094e+03   9.881517e-01   9.928704e-01   3.114934e-02
  2.051165e-02  -2.721759e-06   2.424228e+03   9.892461e-01   9.934828e-01   3.143202e-02
  2.010654e-02   9.929306e-06   2.480271e+03   9.921252e-01   9.948553e-01   3.105876e-02
  2.001924e-02   2.338714e-06   2.494111e+03   9.933299e-01   9.949367e-01   3.089931e-02
  1.958328e-02   9.705536e-06   2.560832e+03   9.976924e-01   9.965029e-01   3.153868e-02
  1.917069e-02   4.679859e-05   2.620742e+03   9.995218e-01   9.970309e-01   3.061145e-02
  2.009087e-02   8.428966e-06   2.487555e+03   9.942638e-01   9.953339e-01   3.115682e-02
  1.998587e-02   7.775611e-06   2.498733e+03   9.935117e-01   9.956051e-01   3.087744e-02
  2.024931e-02  -2.459683e-06   2.463263e+03   9.923187e-01   9.954478e-01   3.087743e-02
  2.010227e-02  -2.531255e-06   2.481785e+03   9.925207e-01   9.954926e-01   3.029348e-02
  2.020951e-02   6.849488e-06   2.466813e+03   9.917955e-01   9.947266e-01   3.066398e-02
  2.003247e-02   7.414131e-06   2.487372e+03   9.913004e-01   9.936254e-01   3.047419e-02
  1.949786e-02   5.244958e-05   2.568346e+03   9.962552e-01   9.954558e-01   3.028199e-02
  1.977093e-02  -1.638216e-05   2.520247e+03   9.912894e-01   9.923558e-01   3.394579e-02
  2.036319e-02  -1.186454e-05   2.443454e+03   9.898747e-01   9.928128e-01   3.137773e-02
  2.048302e-02  -4.467619e-06   2.427498e+03   9.891975e-01   9.932274e-01   3.153507e-02
  2.019582e-02  -6.264087e-06   2.460358e+03   9.885304e-01   9.931567e-01   3.080766e-02
  2.025727e-02   4.710439e-06   2.457619e+03   9.904341e-01   9.942913e-01   3.151379e-02
  2.008725e-02   2.917105e-06   2.485176e+03   9.931336e-01   9.955362e-01   3.075000e-02
  2.015264e-02  -1.540679e-06   2.479570e+03   9.941195e-01   9.953053e-01   3.125583e-02
  1.899592e-02  -2.525368e-05   2.646402e+03   1.000107e+00   9.975752e-01   3.169261e-02
  2.019212e-02  -6.985606e-05   2.482981e+03   9.974371e-01   9.961426e-01   3.193774e-02
  1.996267e-02   1.957596e-06   2.501557e+03   9.934804e-01   9.948882e-01   3.069415e-02
  2.002741e-02  -1.173801e-05   2.492359e+03   9.930371e-01   9.955515e-01   3.056811e-02
  2.005098e-02   1.793605e-05   2.488166e+03   9.925334e-01   9.955080e-01   3.067398e-02
  2.019753e-02   6.740725e-06   2.467678e+03   9.915553e-01   9.950024e-01   3.043318e-02
  2.015115e-02  -1.110811e-06   2.473778e+03   9.917238e-01   9.946647e-01   3.108514e-02
  2.011875e-02   2.126455e-06   2.474244e+03   9.903155e-01   9.929777e-01   3.032750e-02
  1.961736e-02  -2.632993e-05   2.547848e+03   9.943612e-01   9.941230e-01   3.184078e-02
  1.948965e-02   1.476294e-05   2.557434e+03   9.916047e-01   9.928091e-01   3.251004e-02
  2.014376e-02   6.654227e-06   2.470255e+03   9.899482e-01   9.927950e-01   3.124894e-02
  1.998370e-02   7.835227e-06   2.489526e+03   9.897438e-01   9.933252e-01   3.085092e-02
  2.028107e-02  -2.052097e-06   2.450107e+03   9.885669e-01   9.931544e-01   3.124691e-02
  2.006454e-02  -3.983917e-06   2.483467e+03   9.913291e-01   9.948095e-01   3.094408e-02
  2.000123e-02  -7.330316e-06   2.495195e+03   9.928673e-01   9.953376e-01   3.057110e-02
  1.994149e-02  -6.818833e-06   2.509675e+03   9.956467e-01   9.961081e-01   3.092007e-02
  1.959444e-02  -1.965489e-06   2.564049e+03   9.995150e-01   9.974284e-01   3.258206e-02
  2.007567e-02   5.223550e-05   2.497626e+03   9.975338e-01   9.961166e-01   3.175376e-02
  2.026372e-02   7.679398e-06   2.461096e+03   9.921514e-01   9.941360e-01   3.089363e-02
  2.042892e-02   1.202100e-05   2.438840e+03   9.911948e-01   9.942680e-01   3.154679e-02
  2.040621e-02  -1.160289e-05   2.439981e+03   9.905560e-01   9.944148e-01   3.103263e-02
  2.029675e-02  -4.138165e-06   2.450828e+03   9.896222e-01   9.937227e-01   3.107677e-02
  2.033137e-02   7.454635e-06   2.447674e+03   9.900344e-01   9.935026e-01   3.153617e-02
  2.040183e-02   5.432104e-06   2.434671e+03   9.881880e-01   9.919190e-01   3.138808e-02
  1.967863e-02   4.339096e-06   2.535391e+03   9.925903e-01   9.932498e-01   3.150677e-02
  1.979027e-02   5.557905e-06   2.517638e+03   9.912317e-01   9.926410e-01   3.296153e-02
  2.021097e-02   2.003804e-07   2.463036e+03   9.903488e-01   9.930757e-01   3.112587e-02
  2.041608e-02  -3.493021e-06   2.434894e+03   9.889688e-01   9.931673e-01   3.097910e-02
  2.024121e-02   6.624589e-06   2.455901e+03   9.889572e-01   9.934723e-01   3.076852e-02
  2.030979e-02   5.587922e-06   2.452356e+03   9.908753e-01   9.944714e-01   3.095958e-02
  2.046605e-02   5.660512e-06   2.437295e+03   9.923670e-01   9.951714e-01   3.092493e-02
  1.996558e-02   4.527059e-06   2.507233e+03   9.958796e-01   9.964400e-01   3.033073e-02
  1.933355e-02   2.169489e-05   2.599002e+03   9.996508e-01   9.974082e-01   3.213756e-02
  1.963489e-02  -1.561019e-05   2.552980e+03   9.972545e-01   9.961024e-01   3.040171e-02
  2.019078e-02  -6.751392e-06   2.468500e+03   9.915541e-01   9.938891e-01   3.066770e-02
  2.009286e-02  -1.482948e-05   2.479704e+03   9.912241e-01   9.944227e-01   3.072000e-02
  2.006915e-02   2.374694e-06   2.480602e+03   9.904126e-01   9.941345e-01   3.081929e-02
  2.032290e-02  -3.555860e-07   2.445363e+03   9.886877e-01   9.931736e-01   3.095900e-02
  2.000403e-02   3.152241e-06   2.486439e+03   9.895220e-01   9.933728e-01   3.058813e-02
  2.020262e-02   5.620777e-06   2.458398e+03   9.880752e-01   9.916884e-01   3.131932e-02
  1.981297e-02   2.434081e-05   2.515901e+03   9.916841e-01   9.928192e-01   3.204711e-02
  1.938431e-02   2.281289e-06   2.574858e+03   9.929646e-01   9.934969e-01   3.238982e-02
  2.009753e-02  -4.358009e-06   2.480063e+03   9.915975e-01   9.937319e-01   3.111389e-02
  2.034101e-02   4.031426e-06   2.444384e+03   9.891726e-01   9.931580e-01   3.124040e-02
  2.039166e-02   2.646691e-06   2.437748e+03   9.889440e-01   9.934538e-01   3.118469e-02
  2.022495e-02   3.052242e-06   2.462951e+03   9.909993e-01   9.947579e-01   3.061171e-02
  1.990440e-02  -6.800073e-06   2.506019e+03   9.923472e-01   9.950678e-01   3.032448e-02
  2.005253e-02  -2.861423e-06   2.494017e+03   9.949443e-01   9.957315e-01   3.032078e-02
  1.883863e-02  -2.119284e-05   2.663989e+03   9.984166e-01   9.967675e-01   3.000239e-02
  1.946734e-02   1.556359e-05   2.574700e+03   9.971565e-01   9.959376e-01   3.087402e-02
  2.011728e-02   2.686969e-06   2.477471e+03   9.915347e-01   9.939034e-01   3.089944e-02
  2.019073e-02   8.199169e-06   2.467498e+03   9.911489e-01   9.942946e-01   3.070257e-02
  2.036805e-02  -3.831396e-06   2.443165e+03   9.899937e-01   9.941418e-01   3.123033e-02
  2.009380e-02  -1.203374e-06   2.473247e+03   9.886890e-01   9.934435e-01   3.078696e-02
  2.026218e-02   6.181142e-06   2.453554e+03   9.890354e-01   9.930592e-01   3.155162e-02
  2.008621e-02   8.291242e-07   2.474041e+03   9.886326e-01   9.918823e-01   3.112985e-02
  1.945258e-02  -1.015036e-06   2.565626e+03   9.928887e-01   9.931411e-01   3.224212e-02
  2.012677e-02  -2.321025e-05   2.478405e+03   9.923767e-01   9.930272e-01   3.407634e-02
  2.021044e-02   6.110512e-06   2.464191e+03   9.907869e-01   9.931586e-01   3.109196e-02
  2.025116e-02   9.235721e-07   2.453875e+03   9.886270e-01   9.927583e-01   3.102285e-02
  2.021320e-02   8.719517e-07   2.457397e+03   9.881902e-01   9.929081e-01   3.048981e-02
  2.014542e-02   7.055001e-06   2.473227e+03   9.912208e-01   9.947969e-01   3.094333e-02
  2.061958e-02   1.291279e-06   2.418014e+03   9.919022e-01   9.948518e-01   3.139316e-02
  2.020129e-02   6.199982e-06   2.476423e+03   9.952542e-01   9.958746e-01   3.091318e-02
  1.984456e-02   5.002345e-06   2.524287e+03   9.965759e-01   9.956959e-01   3.281486e-02
  1.998945e-02  -2.281089e-05   2.501745e+03   9.948873e-01   9.950486e-01   3.031467e-02
  2.035672e-02  -6.753441e-06   2.448438e+03   9.915787e-01   9.939215e-01   3.129698e-02
  2.011092e-02  -1.841101e-05   2.477339e+03   9.911688e-01   9.943392e-01   3.069298e-02
  2.008263e-02  -1.151522e-06   2.479924e+03   9.908070e-01   9.944837e-01   3.102445e-02
  2.064686e-02  -8.818060e-06   2.407073e+03   9.887199e-01   9.933800e-01   3.176435e-02
  1.994004e-02  -8.566063e-06   2.496160e+03   9.902129e-01   9.938174e-01   3.027408e-02
  2.008234e-02   3.444728e-06   2.477949e+03   9.900036e-01   9.927680e-01   3.084173e-02
  1.946050e-02  -3.965580e-06   2.568196e+03   9.942882e-01   9.943651e-01   3.042899e-02
  1.901008e-02   2.400385e-05   2.633437e+03   9.959491e-01   9.951363e-01   3.063615e-02
  2.008538e-02  -1.666109e-06   2.476720e+03   9.896623e-01   9.926292e-01   3.043508e-02
  2.041074e-02   9.949781e-06   2.432300e+03   9.876568e-01   9.923066e-01   3.137515e-02
  2.055171e-02   1.540450e-05   2.413230e+03   9.866812e-01   9.921113e-01   3.117516e-02
  2.042597e-02   5.357171e-06   2.438092e+03   9.907473e-01   9.946060e-01   3.066594e-02
  2.001621e-02   2.934274e-06   2.494359e+03   9.932781e-01   9.955435e-01   3.113072e-02
  2.007312e-02  -8.066761e-06   2.494114e+03   9.960046e-01   9.963723e-01   3.103420e-02
  1.906252e-02   4.965151e-06   2.633187e+03   9.986015e-01   9.966001e-01   3.213345e-02
  1.945674e-02  -6.695350e-06   2.561995e+03   9.916960e-01   9.928446e-01   3.263243e-02
  2.018305e-02  -5.062908e-06   2.470256e+03   9.918796e-01   9.939809e-01   3.153522e-02
  2.045966e-02  -3.851024e-06   2.434062e+03   9.907411e-01   9.943107e-01   3.097410e-02
  2.049164e-02  -9.960488e-06   2.431149e+03   9.911023e-01   9.947590e-01   3.106505e-02
  1.978753e-02   5.991488e-06   2.515782e+03   9.903638e-01   9.942554e-01   3.006245e-02
  2.051089e-02   4.651977e-06   2.426700e+03   9.902177e-01   9.938426e-01   3.140144e-02
  2.019673e-02  -2.262631e-06   2.466371e+03   9.909905e-01   9.934133e-01   3.092945e-02
  2.026457e-02  -3.866150e-06   2.466151e+03   9.942307e-01   9.943037e-01   3.281380e-02
  2.013166e-02   1.173001e-06   2.478413e+03   9.926209e-01   9.931214e-01   2.975574e-02
  2.005323e-02   1.134972e-05   2.475090e+03   9.874283e-01   9.913563e-01   2.999724e-02
  1.989068e-02   7.041257e-06   2.497143e+03   9.881508e-01   9.926334e-01   2.998716e-02
  2.005087e-02  -5.513099e-06   2.475689e+03   9.875505e-01   9.925396e-01   3.014796e-02
  2.003901e-02  -1.570657e-05   2.484500e+03   9.904794e-01   9.942721e-01   3.124015e-02
  2.012654e-02  -4.084639e-06   2.480420e+03   9.931723e-01   9.954862e-01   3.060948e-02
  2.007399e-02   6.051816e-06   2.492350e+03   9.953433e-01   9.960221e-01   3.101507e-02
  1.950331e-02  -1.036235e-05   2.572761e+03   9.982468e-01   9.967323e-01   3.143622e-02
  1.977080e-02   6.553231e-06   2.526756e+03   9.938431e-01   9.942515e-01   3.438913e-02
  2.021160e-02   2.544587e-07   2.467947e+03   9.923539e-01   9.942914e-01   3.210980e-02
  2.005728e-02  -9.696989e-06   2.486983e+03   9.923728e-01   9.950803e-01   3.125641e-02
  2.022253e-02  -5.090552e-06   2.466130e+03   9.921597e-01   9.954527e-01   3.109673e-02
  2.047135e-02   6.023917e-07   2.430162e+03   9.897191e-01   9.939357e-01   3.081481e-02
  2.018305e-02   1.101690e-05   2.466358e+03   9.903145e-01   9.938817e-01   3.081515e-02
  2.008019e-02  -1.366550e-06   2.479980e+03   9.907091e-01   9.932704e-01   3.026400e-02
  1.946048e-02   8.842655e-06   2.571630e+03   9.956168e-01   9.951433e-01   3.093936e-02
  1.959239e-02  -8.022375e-05   2.524253e+03   9.838988e-01   9.883892e-01   2.635208e-02
  2.016525e-02   3.950216e-06   2.453639e+03   9.843385e-01   9.894987e-01   2.981398e-02
  2.033038e-02  -1.451030e-05   2.440420e+03   9.870524e-01   9.919562e-01   3.084246e-02
  2.020930e-02   5.565060e-06   2.457160e+03   9.879043e-01   9.928333e-01   3.033833e-02
  2.058981e-02   2.101191e-06   2.418946e+03   9.908518e-01   9.946553e-01   3.182178e-02
  2.017635e-02  -8.298682e-07   2.473178e+03   9.927229e-01   9.953207e-01   3.039715e-02
  2.007819e-02  -9.768379e-07   2.491718e+03   9.952989e-01   9.960131e-01   3.122439e-02
  1.920049e-02   3.227230e-05   2.612045e+03   9.977531e-01   9.962933e-01   3.105177e-02
  1.810976e-02  -5.721144e-06   2.792022e+03   1.005916e+00   1.000133e+00   3.091378e-02
  1.975435e-02  -1.079988e-05   2.530973e+03   9.946734e-01   9.955712e-01   3.072782e-02
  2.041658e-02  -3.062053e-06   2.447130e+03   9.939632e-01   9.960573e-01   3.069389e-02
  2.026724e-02   6.912989e-06   2.464805e+03   9.938192e-01   9.963144e-01   3.165350e-02
  2.017050e-02   2.956421e-06   2.466266e+03   9.896615e-01   9.939267e-01   2.921480e-02
  2.015941e-02  -7.575446e-06   2.470166e+03   9.906817e-01   9.940950e-01   3.056482e-02
  2.013983e-02   2.757703e-06   2.469034e+03   9.892657e-01   9.924346e-01   3.004866e-02
  1.970054e-02  -2.316398e-05   2.538270e+03   9.948238e-01   9.945326e-01   3.174486e-02
  2.158099e-02   1.015533e-04   2.294565e+03   9.851490e-01   9.888276e-01   3.697938e-02
  2.063463e-02   7.266327e-06   2.402199e+03   9.861339e-01   9.906673e-01   3.127508e-02
  2.010163e-02   2.007584e-05   2.474374e+03   9.895247e-01   9.934653e-01   3.088392e-02
  2.029481e-02   5.986386e-06   2.444508e+03   9.869759e-01   9.922895e-01   2.995004e-02
  1.987533e-02   1.244707e-05   2.512579e+03   9.934919e-01   9.961340e-01   3.159070e-02
  1.992685e-02  -1.696314e-05   2.503362e+03   9.924131e-01   9.949558e-01   3.005268e-02
  2.007065e-02   1.164602e-06   2.494387e+03   9.959910e-01   9.963421e-01   3.142195e-02
  1.947422e-02  -3.445899e-05   2.570958e+03   9.960594e-01   9.953813e-01   3.134916e-02
           inf -1.021109e+257   0.000000e+00   1.000000e-22 -8.361997e+256            inf
  2.018395e-02  -5.041370e-06   2.483154e+03   9.971031e-01   9.971578e-01   2.999304e-02
  1.973425e-02   1.113914e-05   2.531975e+03   9.940546e-01   9.961149e-01   3.025778e-02
  1.980766e-02  -2.852198e-05   2.527204e+03   9.958724e-01   9.974918e-01   3.085460e-02
  2.039724e-02  -2.423568e-05   2.433468e+03   9.874772e-01   9.926281e-01   3.025657e-02
  2.022454e-02   1.416371e-05   2.465844e+03   9.921433e-01   9.948638e-01   3.141863e-02
  2.031396e-02  -1.070585e-05   2.446380e+03   9.886638e-01   9.921464e-01   3.016914e-02
  1.948006e-02   1.788603e-05   2.568764e+03   9.955076e-01   9.949187e-01   3.106226e-02
  1.859691e-02  -9.632371e-05   2.694981e+03   9.970724e-01   9.960716e-01   2.981732e-02
  1.969585e-02   1.381513e-06   2.527882e+03   9.905165e-01   9.930629e-01   3.089384e-02
  2.018821e-02  -3.192895e-05   2.465716e+03   9.903093e-01   9.937187e-01   3.128408e-02
  2.046626e-02  -1.349923e-05   2.420482e+03   9.855312e-01   9.915697e-01   3.118396e-02
  2.005992e-02  -5.191948e-06   2.489778e+03   9.936190e-01   9.961806e-01   3.129005e-02
  2.067736e-02  -7.510123e-06   2.405836e+03   9.896723e-01   9.935153e-01   3.112915e-02
  1.963549e-02   1.212514e-06   2.549645e+03   9.959818e-01   9.962134e-01   3.022121e-02
  1.948888e-02  -3.095489e-06   2.563495e+03   9.939155e-01   9.940039e-01   3.200224e-02
  1.938631e-02  -4.428223e-05   2.579296e+03   9.947784e-01   9.944060e-01   3.207609e-02
  2.005114e-02   1.123512e-05   2.491190e+03   9.937475e-01   9.951007e-01   3.048086e-02
  2.050869e-02   8.392895e-06   2.431197e+03   9.919467e-01   9.948395e-01   3.136136e-02
  2.001110e-02   3.017748e-05   2.500765e+03   9.955752e-01   9.973908e-01   3.003244e-02
  2.056184e-02   1.502160e-05   2.408368e+03   9.851786e-01   9.912297e-01   3.083188e-02
  2.026238e-02   9.182583e-06   2.464278e+03   9.933686e-01   9.959042e-01   3.049947e-02
  2.017091e-02   9.557572e-06   2.465976e+03   9.895651e-01   9.926275e-01   3.124712e-02
  1.971780e-02  -1.289268e-05   2.538656e+03   9.958467e-01   9.953109e-01   3.069985e-02
  1.944237e-02   2.189716e-05   2.572895e+03   9.951795e-01   9.949676e-01   3.115417e-02
  2.015860e-02  -2.417010e-05   2.471449e+03   9.911562e-01   9.935961e-01   3.132792e-02
  2.009822e-02   6.614982e-06   2.476250e+03   9.901074e-01   9.936865e-01   3.021410e-02
  2.053479e-02   7.178926e-07   2.411341e+03   9.850972e-01   9.912453e-01   3.194600e-02
  1.972734e-02  -6.661771e-07   2.533722e+03   9.943922e-01   9.966149e-01   2.943778e-02
  1.943585e-02   9.108052e-06   2.559252e+03   9.895705e-01   9.932529e-01   2.969576e-02
  1.998530e-02  -1.451641e-05   2.500374e+03   9.941359e-01   9.951151e-01   3.039203e-02
  1.905634e-02   1.318112e-05   2.623599e+03   9.946428e-01   9.943950e-01   3.060230e-02
  1.889897e-02   2.800191e-06   2.645332e+03   9.945997e-01   9.943247e-01   3.046386e-02
  2.029569e-02   9.755680e-06   2.454670e+03   9.911219e-01   9.935144e-01   3.094336e-02
  2.011462e-02   1.007288e-05   2.477714e+03   9.915010e-01   9.945215e-01   3.125615e-02
  2.010105e-02  -8.123569e-06   2.483914e+03   9.933115e-01   9.960324e-01   2.944975e-02
  2.037911e-02  -1.020599e-05   2.429158e+03   9.848523e-01   9.908271e-01   3.233496e-02
  2.018767e-02  -2.379569e-05   2.472196e+03   9.928856e-01   9.952341e-01   3.171982e-02
  2.028524e-02  -1.771631e-05   2.453423e+03   9.901082e-01   9.930111e-01   3.168810e-02
  1.913194e-02   2.914621e-06   2.616059e+03   9.957187e-01   9.948581e-01   3.156079e-02
  1.923226e-02   4.456674e-05   2.597173e+03   9.937139e-01   9.937886e-01   3.111781e-02
  1.999484e-02  -5.489797e-06   2.491164e+03   9.909470e-01   9.933081e-01   2.997950e-02
  2.043274e-02  -6.696493e-06   2.433383e+03   9.891614e-01   9.931110e-01   3.056302e-02
  2.000399e-02   2.719251e-06   2.480138e+03   9.870126e-01   9.920864e-01   3.164931e-02
  2.023071e-02   2.885119e-07   2.465983e+03   9.925019e-01   9.956361e-01   2.983768e-02
  2.036357e-02   1.484477e-06   2.440424e+03   9.886656e-01   9.927991e-01   3.087252e-02
  1.988921e-02   1.859431e-05   2.510293e+03   9.932812e-01   9.946609e-01   3.001062e-02
  1.938828e-02  -4.185375e-06   2.575694e+03   9.934905e-01   9.937698e-01   3.162465e-02
  2.033550e-02  -2.144927e-05   2.458755e+03   9.947187e-01   9.942499e-01   3.232084e-02
  2.016241e-02  -1.269835e-05   2.471911e+03   9.915291e-01   9.936199e-01   3.143665e-02
  2.023861e-02  -6.387434e-06   2.462223e+03   9.913756e-01   9.944847e-01   3.111719e-02
  2.034141e-02   3.542743e-06   2.448750e+03   9.909587e-01   9.945229e-01   3.078831e-02
  2.051257e-02   9.098142e-06   2.416575e+03   9.861670e-01   9.918076e-01   3.227955e-02
  2.008242e-02  -3.390350e-06   2.486437e+03   9.933990e-01   9.955448e-01   3.108941e-02
  2.027369e-02  -1.762080e-06   2.455190e+03   9.902571e-01   9.929908e-01   3.207563e-02
  1.871173e-02  -1.199824e-05   2.674251e+03   9.955117e-01   9.947126e-01   3.131351e-02
  1.917261e-02  -3.549406e-05   2.604471e+03   9.934157e-01   9.937896e-01   3.064562e-02
  2.033897e-02   3.899691e-06   2.446061e+03   9.897520e-01   9.927438e-01   3.044551e-02
  2.024048e-02  -2.222958e-06   2.455914e+03   9.889266e-01   9.930308e-01   3.058411e-02
  2.031685e-02  -2.558438e-05   2.443115e+03   9.874851e-01   9.924871e-01   3.128417e-02
  2.018638e-02  -1.272269e-05   2.468623e+03   9.913875e-01   9.948850e-01   2.968930e-02
  2.045535e-02   6.233630e-07   2.430214e+03   9.889664e-01   9.930517e-01   3.160727e-02
  2.021741e-02  -1.382741e-05   2.466693e+03   9.921350e-01   9.941896e-01   3.033596e-02
  2.019765e-02  -1.565106e-05   2.469003e+03   9.920938e-01   9.927046e-01   3.385795e-02
  1.941567e-02   2.240861e-05   2.583272e+03   9.978212e-01   9.960789e-01   3.055101e-02
  1.989802e-02   1.165659e-05   2.507858e+03   9.927570e-01   9.945018e-01   3.070319e-02
  2.004998e-02   6.662697e-06   2.485475e+03   9.914108e-01   9.943979e-01   3.044834e-02
  2.027864e-02   1.520478e-05   2.455740e+03   9.907208e-01   9.944127e-01   3.071618e-02
  2.012755e-02  -1.973063e-06   2.467718e+03   9.881354e-01   9.929010e-01   3.159674e-02
  2.021068e-02  -1.166276e-05   2.468901e+03   9.926925e-01   9.952499e-01   3.060005e-02
  2.015141e-02  -8.197828e-07   2.470858e+03   9.905660e-01   9.930749e-01   3.160706e-02
  2.012174e-02  -3.235472e-05   2.482800e+03   9.938880e-01   9.941608e-01   3.278751e-02
  1.958839e-02   5.799837e-05   2.546767e+03   9.924718e-01   9.933090e-01   3.238760e-02
  2.029530e-02   1.018162e-05   2.451649e+03   9.898833e-01   9.929248e-01   3.108724e-02
  2.028930e-02   9.927301e-06   2.451707e+03   9.896135e-01   9.935282e-01   3.112237e-02
  2.026175e-02   1.413187e-05   2.451697e+03   9.882658e-01   9.930208e-01   3.123864e-02
  2.038868e-02   7.332145e-06   2.440452e+03   9.898957e-01   9.941022e-01   3.038735e-02
  2.012180e-02   8.584808e-06   2.471926e+03   9.895382e-01   9.933465e-01   3.117460e-02
  2.029397e-02   4.184772e-06   2.455149e+03   9.912316e-01   9.936570e-01   3.062617e-02
  1.935323e-02   4.286545e-06   2.580117e+03   9.933974e-01   9.939948e-01   3.131374e-02
  2.631078e-02  -3.997340e-05   1.884913e+03   9.866318e-01   9.908902e-01   2.893946e-02
  2.083663e-02   1.572195e-06   2.377121e+03   9.853920e-01   9.903269e-01   2.312750e-02
  2.102589e-02  -8.893219e-06   2.357782e+03   9.862524e-01   9.916383e-01   2.366206e-02
  2.164469e-02   3.053529e-06   2.287131e+03   9.848557e-01   9.913052e-01   2.368292e-02
  2.080027e-02  -3.813007e-06   2.384016e+03   9.865253e-01   9.918981e-01   2.443854e-02
  2.069326e-02   4.935847e-06   2.401665e+03   9.887158e-01   9.927206e-01   2.373207e-02
  2.067586e-02  -6.436188e-06   2.397634e+03   9.862264e-01   9.907439e-01   2.326421e-02
  1.833236e-02  -2.457882e-05   2.719645e+03   9.918836e-01   9.924934e-01   2.301806e-02
  1.914614e-02   5.842927e-05   2.621343e+03   9.984705e-01   9.976204e-01   1.960133e-02
  1.969545e-02  -1.411875e-05   2.535884e+03   9.936316e-01   9.950367e-01   2.157744e-02
  1.968802e-02   6.778285e-07   2.527919e+03   9.901372e-01   9.938113e-01   2.120194e-02
  1.934355e-02  -1.668149e-05   2.570657e+03   9.892598e-01   9.936613e-01   2.151463e-02
  2.061562e-02  -6.911354e-06   2.408332e+03   9.877405e-01   9.927246e-01   2.250557e-02
  2.090534e-02   8.239829e-06   2.380298e+03   9.899622e-01   9.939036e-01   2.486911e-02
  1.962255e-02   4.121191e-06   2.550068e+03   9.954908e-01   9.960723e-01   2.302234e-02
  1.984174e-02   3.753783e-05   2.528429e+03   9.980693e-01   9.962730e-01   2.719321e-02
  1.783116e-02  -2.857424e-06   2.804555e+03   9.948872e-01   9.945970e-01   2.159120e-02
  2.000463e-02  -6.666012e-06   2.482390e+03   9.879404e-01   9.916454e-01   2.334614e-02
  1.960801e-02   2.433284e-06   2.536466e+03   9.894471e-01   9.932005e-01   2.337519e-02
  1.987765e-02   6.437531e-06   2.493958e+03   9.862440e-01   9.916103e-01   2.346412e-02
  1.995014e-02   1.889557e-05   2.489432e+03   9.880440e-01   9.927138e-01   2.386387e-02
  1.994694e-02  -2.514489e-05   2.485888e+03   9.864795e-01   9.917048e-01   2.127463e-02
  2.037029e-02  -2.076603e-05   2.431446e+03   9.853530e-01   9.901792e-01   2.383934e-02
  2.051084e-02   3.972683e-05   2.417226e+03   9.863496e-01   9.899706e-01   2.400864e-02
  1.778495e-02  -8.623605e-05   2.818260e+03   9.971581e-01   9.957210e-01   2.093164e-02
  1.978898e-02   1.153656e-05   2.522134e+03   9.929370e-01   9.945111e-01   2.215320e-02
  2.004941e-02  -4.988545e-06   2.478428e+03   9.885715e-01   9.927238e-01   2.240359e-02
  2.079336e-02   9.786187e-06   2.388071e+03   9.878752e-01   9.927960e-01   2.348681e-02
  2.085897e-02   2.327758e-06   2.374861e+03   9.855105e-01   9.913751e-01   2.323655e-02
  1.973687e-02   1.106303e-05   2.528167e+03   9.926910e-01   9.949232e-01   2.324531e-02
  1.989169e-02   1.049687e-06   2.510192e+03   9.933647e-01   9.948034e-01   2.226967e-02
  1.779162e-02  -4.080774e-05   2.826782e+03   1.000548e+00   9.978715e-01   2.117835e-02
  1.910666e-02   4.031118e-05   2.621354e+03   9.964157e-01   9.944447e-01   2.674422e-02
  2.032547e-02   1.017583e-05   2.447767e+03   9.897848e-01   9.926547e-01   2.475819e-02
  2.032498e-02   1.324256e-05   2.451144e+03   9.911267e-01   9.941437e-01   2.456128e-02
  2.081220e-02  -6.512423e-06   2.382084e+03   9.862914e-01   9.919856e-01   2.382214e-02
  2.006272e-02  -1.620040e-05   2.478977e+03   9.894469e-01   9.937760e-01   2.286789e-02
  2.079585e-02   2.617866e-06   2.380664e+03   9.849292e-01   9.906813e-01   2.427825e-02
  2.049295e-02   1.246674e-05   2.420493e+03   9.868211e-01   9.909421e-01   2.422910e-02
  1.905878e-02  -4.498046e-05   2.601959e+03   9.865649e-01   9.892105e-01   2.614903e-02
  2.381825e-02   4.709130e-05   2.089230e+03   9.899794e-01   9.921078e-01   2.988018e-02
  2.059580e-02  -1.354096e-05   2.420325e+03   9.917048e-01   9.940648e-01   2.234149e-02
  2.138291e-02  -6.993554e-06   2.320924e+03   9.873201e-01   9.923415e-01   2.383154e-02
  1.954398e-02  -1.142141e-05   2.543001e+03   9.887573e-01   9.934014e-01   2.138847e-02
  1.978952e-02   4.488672e-06   2.505370e+03   9.863638e-01   9.918106e-01   2.279492e-02
  2.013872e-02  -6.459684e-06   2.476457e+03   9.921854e-01   9.950392e-01   2.293555e-02
  2.056220e-02  -2.997910e-08   2.424871e+03   9.919465e-01   9.941021e-01   2.308371e-02
  2.124026e-02   2.323392e-05   2.354003e+03   9.947113e-01   9.947957e-01   2.534329e-02
  2.287129e-02  -2.388095e-05   2.188885e+03   9.959640e-01   9.966382e-01   2.230607e-02
  1.899933e-02  -7.567845e-06   2.625952e+03   9.925565e-01   9.943046e-01   2.227870e-02
  1.966290e-02  -1.974343e-05   2.537801e+03   9.927392e-01   9.954399e-01   2.153890e-02
  1.922787e-02   4.184459e-06   2.584578e+03   9.886688e-01   9.928473e-01   2.362524e-02
  2.064624e-02  -1.158712e-05   2.407766e+03   9.889750e-01   9.932395e-01   2.397463e-02
  2.081965e-02  -4.149415e-06   2.378966e+03   9.853528e-01   9.909495e-01   2.355113e-02
  2.027019e-02  -1.366307e-05   2.449752e+03   9.878934e-01   9.916927e-01   2.328549e-02
  2.033179e-02   4.391574e-05   2.447461e+03   9.899687e-01   9.921651e-01   2.280161e-02
  1.635589e-02  -4.835066e-06   3.069785e+03   9.988778e-01   9.972517e-01   1.767513e-02
  1.974521e-02   1.040290e-05   2.524496e+03   9.916685e-01   9.936143e-01   2.305883e-02
  1.915768e-02   1.343760e-05   2.598203e+03   9.902530e-01   9.935756e-01   2.291794e-02
  2.150778e-02   1.277996e-05   2.306217e+03   9.867925e-01   9.923202e-01   2.436365e-02
  2.112760e-02   2.136658e-06   2.347815e+03   9.868342e-01   9.922549e-01   2.420665e-02
  2.008604e-02   4.512891e-06   2.486847e+03   9.937421e-01   9.959954e-01   2.207131e-02
  2.000356e-02   1.341150e-05   2.494952e+03   9.928869e-01   9.946396e-01   2.211983e-02
  1.938273e-02   8.995581e-06   2.587548e+03   9.977767e-01   9.963431e-01   2.221494e-02
  1.707292e-02   1.878341e-06   2.931887e+03   9.958299e-01   9.940690e-01   2.353723e-02
  2.042168e-02   3.697229e-06   2.439434e+03   9.910845e-01   9.933193e-01   2.440498e-02
  2.024954e-02   2.258032e-05   2.458557e+03   9.904343e-01   9.936117e-01   2.410324e-02
  2.023633e-02  -3.696700e-06   2.457664e+03   9.894288e-01   9.937611e-01   2.225197e-02
  1.986046e-02   1.294452e-05   2.504118e+03   9.894055e-01   9.937242e-01   2.206326e-02
  1.940763e-02   2.708903e-05   2.556189e+03   9.869507e-01   9.918197e-01   2.286871e-02
  1.968326e-02   9.058994e-07   2.526295e+03   9.892618e-01   9.923398e-01   2.318074e-02
  1.915966e-02  -7.018751e-06   2.599940e+03   9.910175e-01   9.923742e-01   2.319913e-02
  2.141548e-02  -2.321406e-05   2.326432e+03   9.911703e-01   9.923579e-01   2.739729e-02
  2.099807e-02  -5.610513e-06   2.368934e+03   9.896063e-01   9.927048e-01   2.462235e-02
  2.156289e-02  -2.538097e-05   2.304263e+03   9.884830e-01   9.928973e-01   2.509798e-02
  1.962222e-02  -1.776299e-05   2.531395e+03   9.881851e-01   9.928602e-01   2.323647e-02
  1.986436e-02   6.842545e-07   2.500223e+03   9.880605e-01   9.928635e-01   2.348511e-02
  2.011603e-02  -1.883351e-05   2.479886e+03   9.924394e-01   9.949021e-01   2.302399e-02
  1.994530e-02  -1.002223e-05   2.497303e+03   9.909277e-01   9.933297e-01   2.302296e-02
  1.825740e-02   4.250710e-06   2.747790e+03   9.980506e-01   9.959411e-01   2.121688e-02
  1.944258e-02  -1.311299e-05   2.563892e+03   9.917078e-01   9.928735e-01   2.220618e-02
  2.069264e-02  -8.360425e-06   2.404329e+03   9.897829e-01   9.928508e-01   2.332362e-02
  2.044804e-02  -3.150027e-06   2.432732e+03   9.896373e-01   9.936453e-01   2.219647e-02
  2.040219e-02   1.262919e-05   2.435604e+03   9.885840e-01   9.931156e-01   2.312624e-02
  2.024309e-02  -2.886213e-06   2.455311e+03   9.888114e-01   9.932879e-01   2.275799e-02
  2.100087e-02  -2.327022e-05   2.363895e+03   9.876333e-01   9.922416e-01   2.465966e-02
  2.047820e-02   1.072144e-05   2.429330e+03   9.897111e-01   9.926281e-01   2.410476e-02
  1.921281e-02  -2.424698e-05   2.597022e+03   9.926513e-01   9.930347e-01   2.686559e-02
  1.817448e-02  -5.985804e-06   2.753248e+03   9.954912e-01   9.943589e-01   2.377866e-02
  1.952063e-02  -5.222697e-06   2.553146e+03   9.915160e-01   9.939355e-01   2.274451e-02
  1.913580e-02   1.359764e-06   2.603952e+03   9.913109e-01   9.943708e-01   2.275812e-02
  2.057185e-02   1.116053e-05   2.415750e+03   9.886796e-01   9.932565e-01   2.426379e-02
  2.016936e-02  -1.296565e-05   2.464931e+03   9.890698e-01   9.935383e-01   2.376210e-02
  2.008751e-02   1.218739e-05   2.481279e+03   9.915891e-01   9.947601e-01   2.185783e-02
  2.026817e-02  -7.388866e-06   2.455386e+03   9.900668e-01   9.930204e-01   2.267419e-02
  2.061054e-02  -1.859677e-05   2.421532e+03   9.929095e-01   9.937978e-01   2.236841e-02
  2.151111e-02   4.404356e-05   2.308447e+03   9.878998e-01   9.905071e-01   2.845136e-02
  1.956844e-02   4.346888e-06   2.541139e+03   9.892699e-01   9.922616e-01   2.253733e-02
  1.976579e-02  -7.738856e-06   2.513200e+03   9.882604e-01   9.923240e-01   2.303755e-02
  2.040446e-02  -8.700747e-06   2.432719e+03   9.875228e-01   9.925563e-01   2.252476e-02
  1.997910e-02  -1.349369e-06   2.487445e+03   9.886887e-01   9.931421e-01   2.230201e-02
  1.974697e-02   3.194948e-05   2.522180e+03   9.908473e-01   9.940632e-01   2.357204e-02
  1.975302e-02   5.000165e-06   2.524803e+03   9.921819e-01   9.941179e-01   2.295802e-02
  1.933049e-02   5.996504e-05   2.597599e+03   9.989533e-01   9.969859e-01   2.394175e-02
  2.037897e-02   4.104031e-05   2.443883e+03   9.908157e-01   9.927915e-01   2.367665e-02
  2.061663e-02   5.457871e-06   2.415677e+03   9.908013e-01   9.933428e-01   2.505128e-02
  2.138794e-02  -1.138972e-05   2.328035e+03   9.905777e-01   9.941964e-01   2.562590e-02
  2.036362e-02  -1.720246e-05   2.444272e+03   9.902267e-01   9.943344e-01   2.398103e-02
  2.057955e-02   2.581466e-05   2.418739e+03   9.902732e-01   9.941386e-01   2.461139e-02
  2.049905e-02  -1.544490e-05   2.427821e+03   9.901034e-01   9.938025e-01   2.322371e-02
  1.972843e-02  -9.449034e-07   2.523800e+03   9.905524e-01   9.929937e-01   2.289368e-02
  1.956767e-02  -5.838830e-06   2.548232e+03   9.919922e-01   9.927605e-01   2.315168e-02
  1.841903e-02  -7.984948e-05   2.707518e+03   9.921292e-01   9.930253e-01   1.977113e-02
  2.079352e-02   8.315988e-06   2.385591e+03   9.868569e-01   9.910572e-01   2.290904e-02
  2.013036e-02   2.361730e-05   2.463649e+03   9.866442e-01   9.918370e-01   2.098452e-02
  1.938755e-02   2.077233e-05   2.559381e+03   9.871609e-01   9.922279e-01   2.163588e-02
  2.039781e-02   1.353255e-05   2.433434e+03   9.874912e-01   9.926459e-01   2.254938e-02
  2.010611e-02  -2.965977e-05   2.480195e+03   9.920739e-01   9.949572e-01   2.291471e-02
  2.052863e-02  -2.954446e-06   2.430452e+03   9.926066e-01   9.943794e-01   2.447422e-02
  1.990109e-02  -4.394224e-05   2.525036e+03   9.997115e-01   9.972947e-01   2.490163e-02
  1.727363e-02  -1.015822e-05   2.898959e+03   9.962215e-01   9.949338e-01   2.401654e-02
  2.074649e-02  -1.256117e-05   2.403557e+03   9.920402e-01   9.941895e-01   2.478234e-02
  1.976862e-02   1.988984e-05   2.528742e+03   9.945141e-01   9.962117e-01   2.458204e-02
  1.982555e-02   1.612508e-05   2.514684e+03   9.918338e-01   9.949673e-01   2.450537e-02
  1.908787e-02  -4.748408e-05   2.613812e+03   9.925717e-01   9.954103e-01   2.264709e-02
  1.968484e-02   2.275487e-05   2.531270e+03   9.912897e-01   9.942708e-01   2.276775e-02
  2.053003e-02   1.749717e-06   2.423757e+03   9.899399e-01   9.930120e-01   2.307444e-02
  2.051219e-02   4.920442e-05   2.426875e+03   9.903522e-01   9.920122e-01   2.445450e-02
  1.883468e-02   5.973731e-05   2.635378e+03   9.874866e-01   9.899318e-01   2.193502e-02
  1.943496e-02   7.118877e-06   2.548635e+03   9.854202e-01   9.902756e-01   2.116730e-02
  2.038660e-02  -2.445102e-05   2.424236e+03   9.832179e-01   9.896904e-01   2.212537e-02
  2.204977e-02  -2.731476e-05   2.243319e+03   9.840685e-01   9.906146e-01   2.405196e-02
  2.079475e-02  -1.509657e-05   2.386061e+03   9.871098e-01   9.921719e-01   2.443572e-02
  2.057064e-02   1.068508e-05   2.424425e+03   9.921713e-01   9.947220e-01   2.426340e-02
  1.950546e-02   1.695734e-06   2.563774e+03   9.948694e-01   9.956367e-01   2.253404e-02
  1.926037e-02   8.214672e-06   2.611509e+03   1.000659e+00   9.979059e-01   2.295709e-02
  1.943269e-02   6.487382e-06   2.591318e+03   1.001807e+00   9.980435e-01   2.564935e-02
  1.904192e-02  -1.644938e-06   2.625777e+03   9.947151e-01   9.955394e-01   2.409020e-02
  1.979039e-02  -2.102599e-05   2.533260e+03   9.973883e-01   9.979044e-01   2.401855e-02
  2.038772e-02  -1.281816e-05   2.450335e+03   9.938580e-01   9.965858e-01   2.384592e-02
  2.127161e-02   4.061597e-05   2.343760e+03   9.918447e-01   9.953213e-01   2.363390e-02
  2.009796e-02  -1.485091e-05   2.478345e+03   9.909322e-01   9.942085e-01   2.315620e-02
  1.993863e-02  -4.137061e-06   2.497255e+03   9.905773e-01   9.930971e-01   2.366259e-02
  1.942056e-02  -4.878386e-05   2.567370e+03   9.919286e-01   9.928180e-01   2.368491e-02
  2.365574e-02  -2.962398e-05   2.096067e+03   9.864423e-01   9.901855e-01   2.830379e-02
  2.059478e-02   1.481087e-05   2.395427e+03   9.814547e-01   9.876744e-01   2.252808e-02
  2.160962e-02   2.858001e-05   2.281478e+03   9.808297e-01   9.883502e-01   2.362233e-02
  1.951905e-02   9.919940e-06   2.534476e+03   9.841854e-01   9.906955e-01   2.133899e-02
  1.941737e-02   2.170906e-05   2.559268e+03   9.886357e-01   9.931686e-01   2.236756e-02
  1.914045e-02   4.223666e-06   2.607709e+03   9.929822e-01   9.952528e-01   2.289300e-02
  2.021125e-02  -7.712437e-07   2.471893e+03   9.939235e-01   9.951913e-01   2.340106e-02
  1.820183e-02  -7.925714e-06   2.764563e+03   1.001087e+00   9.981414e-01   2.139198e-02
  2.279255e-02  -9.548996e-05   2.205645e+03   1.000135e+00   9.989019e-01   1.920662e-02
  2.033178e-02  -2.057691e-05   2.463275e+03   9.963652e-01   9.967818e-01   2.577258e-02
  1.983687e-02   1.730577e-05   2.533934e+03   9.999968e-01   9.998871e-01   2.237162e-02
  1.967051e-02   5.194732e-07   2.548355e+03   9.972537e-01   9.981814e-01   2.382872e-02
  1.949333e-02  -1.013886e-05   2.560169e+03   9.928527e-01   9.958014e-01   2.283639e-02
  2.106664e-02  -4.945504e-06   2.361966e+03   9.899175e-01   9.934496e-01   2.428415e-02
  2.010441e-02   4.534585e-06   2.478028e+03   9.911232e-01   9.935172e-01   2.332293e-02
  1.859839e-02   9.503123e-06   2.684609e+03   9.933143e-01   9.929213e-01   2.576257e-02
  1.706451e-02   1.233903e-04   3.014899e+03   1.023521e+00   1.011739e+00   1.916007e-02
  2.038741e-02   8.896020e-06   2.411214e+03   9.779755e-01   9.857420e-01   2.232072e-02
  1.838793e-02  -2.216512e-05   2.684825e+03   9.821530e-01   9.890367e-01   2.020921e-02
  1.990677e-02   1.039822e-05   2.479994e+03   9.821585e-01   9.891459e-01   2.299419e-02
  1.988584e-02  -4.246772e-05   2.497547e+03   9.880700e-01   9.926022e-01   2.277292e-02
  2.144255e-02  -1.703436e-05   2.326119e+03   9.922899e-01   9.952288e-01   2.493656e-02
  1.988777e-02  -8.388981e-07   2.512118e+03   9.939310e-01   9.950148e-01   2.339903e-02
  2.200222e-02   2.959094e-05   2.273913e+03   9.953377e-01   9.950431e-01   2.692401e-02
           inf            inf            nan            nan           -inf            nan
  2.015204e-02   2.786788e-05   2.489825e+03   9.982007e-01   9.976171e-01   2.697444e-02
  1.875281e-02  -3.147296e-05   2.691989e+03   1.004314e+00   1.001306e+00   2.384961e-02
  2.112929e-02  -3.140055e-05   2.375184e+03   9.984180e-01   9.989782e-01   2.555547e-02
  2.129666e-02   2.068906e-05   2.342403e+03   9.924378e-01   9.953876e-01   2.699394e-02
  1.938545e-02   5.758414e-06   2.566600e+03   9.898381e-01   9.937565e-01   2.035174e-02
  2.063485e-02   1.257161e-05   2.413015e+03   9.905842e-01   9.932804e-01   2.445144e-02
  1.956301e-02  -1.590723e-05   2.557046e+03   9.951863e-01   9.953726e-01   2.132011e-02
           inf            inf            nan            nan -7.435199e+261            nan
           inf           -inf            nan            nan -7.435198e+261            nan
  2.330927e-02   1.821625e-05   2.104782e+03   9.760362e-01   9.856122e-01   3.094405e-02
  2.250105e-02   1.532407e-05   2.190017e+03   9.803483e-01   9.891847e-01   2.430622e-02
  2.164362e-02   3.099813e-06   2.285483e+03   9.840970e-01   9.910717e-01   2.321973e-02
  1.951932e-02   3.969594e-05   2.569484e+03   9.977936e-01   9.979560e-01   2.469660e-02
  2.010155e-02  -2.584920e-05   2.485073e+03   9.937996e-01   9.952843e-01   2.252699e-02
  1.827033e-02   7.148384e-06   2.756426e+03   1.001896e+00   9.983449e-01   2.259872e-02
           inf           -inf            nan            nan -1.118845e+265            nan
  1.881740e-02  -7.904928e-07   2.682772e+03   1.004323e+00   1.001138e+00   2.086189e-02
  2.077655e-02   3.903551e-05   2.405751e+03   9.943841e-01   9.969891e-01   2.120327e-02
  1.798079e-02   1.021028e-05   2.798525e+03   1.001078e+00   1.000848e+00   1.993495e-02
  1.794790e-02   1.272266e-05   2.790604e+03   9.964191e-01   9.978435e-01   2.096740e-02
  2.062757e-02   5.807740e-07   2.400174e+03   9.849653e-01   9.908114e-01   2.345675e-02
  1.900711e-02  -3.732703e-06   2.625041e+03   9.926184e-01   9.943266e-01   2.279260e-02
  2.012762e-02   1.739366e-05   2.475968e+03   9.914427e-01   9.923416e-01   2.640583e-02
  1.923377e-02   4.803515e-05   2.614322e+03   1.000354e+00   9.988219e-01   1.846706e-02
  2.121777e-02   7.790231e-06   2.301021e+03   9.712933e-01   9.818205e-01   2.666111e-02
  1.845422e-02  -9.550529e-06   2.679991e+03   9.839188e-01   9.900742e-01   2.287239e-02
  1.875684e-02   2.884518e-06   2.630370e+03   9.815367e-01   9.885541e-01   2.472657e-02
  1.942789e-02  -2.100158e-05   2.549185e+03   9.852745e-01   9.909850e-01   2.334607e-02
  1.857243e-02  -5.450442e-05   2.700235e+03   9.977012e-01   9.979129e-01   2.226176e-02
  2.029392e-02   2.946482e-05   2.457303e+03   9.920984e-01   9.938381e-01   2.428510e-02
  2.077299e-02  -4.357261e-05   2.419551e+03   9.999171e-01   9.978501e-01   2.411522e-02
  1.811008e-02  -2.004321e-05   2.729184e+03   9.832940e-01   9.876497e-01   2.499580e-02
  2.049826e-02   1.903513e-05   2.449472e+03   9.988944e-01   9.983809e-01   2.053287e-02
  1.939130e-02  -1.160957e-05   2.569172e+03   9.911291e-01   9.941001e-01   2.234157e-02
  2.164771e-02   1.358285e-05   2.309783e+03   9.947485e-01   9.970025e-01   2.474348e-02
  2.186996e-02  -6.937910e-06   2.286498e+03   9.948304e-01   9.968008e-01   2.569524e-02
  2.112376e-02  -3.667197e-06   2.340103e+03   9.834137e-01   9.896120e-01   2.648741e-02
  2.212381e-02   3.818645e-06   2.250621e+03   9.905868e-01   9.935193e-01   2.537549e-02
  1.949135e-02  -1.059343e-05   2.559853e+03   9.926294e-01   9.933253e-01   2.398983e-02
  1.855698e-02   1.612698e-05   2.698255e+03   9.961403e-01   9.951215e-01   2.112442e-02
  2.012295e-02  -2.100325e-05   2.449984e+03   9.808101e-01   9.872427e-01   2.529147e-02
  2.082343e-02   3.809967e-06   2.375609e+03   9.841412e-01   9.900559e-01   2.531273e-02
  2.100301e-02  -4.185483e-05   2.347366e+03   9.808275e-01   9.890663e-01   2.451473e-02
  2.099668e-02   2.927720e-05   2.355196e+03   9.838027e-01   9.906420e-01   2.449211e-02
  2.150667e-02   5.254754e-05   2.323793e+03   9.942617e-01   9.964265e-01   2.251463e-02
  1.923772e-02  -8.384175e-06   2.590837e+03   9.915710e-01   9.940041e-01   2.100093e-02
  1.799565e-02   2.001426e-05   2.788583e+03   9.983461e-01   9.964054e-01   2.163663e-02
  1.829861e-02   7.874976e-05   2.711491e+03   9.870891e-01   9.893784e-01   2.653945e-02
  2.133492e-02  -7.017500e-06   2.341387e+03   9.937895e-01   9.953341e-01   2.356159e-02
  2.168270e-02   5.715805e-06   2.293125e+03   9.891707e-01   9.932261e-01   2.392511e-02
  1.944325e-02   2.603448e-05   2.567978e+03   9.933224e-01   9.958792e-01   2.159486e-02
  1.909451e-02   4.615179e-06   2.615752e+03   9.936539e-01   9.960835e-01   2.131369e-02
  1.977247e-02  -1.041653e-05   2.508213e+03   9.866327e-01   9.916562e-01   2.391832e-02
  1.879873e-02  -3.729436e-06   2.656378e+03   9.934558e-01   9.943899e-01   2.340693e-02
  1.923286e-02  -7.733584e-06   2.598743e+03   9.943457e-01   9.938237e-01   2.550567e-02
  2.132524e-02  -3.356935e-05   2.332598e+03   9.896097e-01   9.915523e-01   2.612655e-02
  2.060921e-02   2.366753e-05   2.398867e+03   9.835526e-01   9.894060e-01   2.321933e-02
  2.106716e-02  -5.812514e-06   2.351485e+03   9.855493e-01   9.912766e-01   2.404122e-02
  2.177461e-02   5.875376e-06   2.267386e+03   9.822139e-01   9.895668e-01   2.625016e-02
  2.100945e-02   1.703928e-06   2.355239e+03   9.844188e-01   9.906606e-01   2.553829e-02
  2.009087e-02  -2.758986e-06   2.483767e+03   9.927496e-01   9.952163e-01   2.237602e-02
  2.207243e-02   8.650637e-06   2.249358e+03   9.877313e-01   9.915055e-01   2.547607e-02
  2.130120e-02   6.418327e-05   2.349100e+03   9.954872e-01   9.950503e-01   2.554499e-02
  1.931312e-02  -5.944068e-05   2.576886e+03   9.900971e-01   9.925244e-01   2.236708e-02
  1.843619e-02  -3.959502e-06   2.710326e+03   9.940839e-01   9.952779e-01   2.048126e-02
  1.944737e-02   6.462946e-06   2.558838e+03   9.899969e-01   9.938451e-01   2.120073e-02
  2.024342e-02   4.644193e-06   2.459648e+03   9.905744e-01   9.947823e-01   2.053042e-02
  2.112793e-02  -2.332050e-05   2.355866e+03   9.902334e-01   9.944089e-01   2.261834e-02
  2.065915e-02   9.341250e-06   2.403294e+03   9.877553e-01   9.923715e-01   2.460884e-02
  2.036530e-02  -5.710381e-06   2.450673e+03   9.929018e-01   9.949380e-01   2.287426e-02
  1.977430e-02   5.519067e-05   2.529755e+03   9.951984e-01   9.952880e-01   2.434993e-02
  1.499583e-02   3.239817e-05   3.335580e+03   9.951126e-01   9.941653e-01   1.742533e-02
  1.974479e-02  -1.010476e-06   2.509147e+03   9.856183e-01   9.899795e-01   2.361762e-02
  1.967039e-02  -7.468080e-06   2.523469e+03   9.875094e-01   9.919857e-01   2.288413e-02
  1.846073e-02  -4.717371e-06   2.689118e+03   9.876175e-01   9.921137e-01   2.248928e-02
  1.950469e-02   1.346523e-05   2.544314e+03   9.872792e-01   9.925896e-01   2.275679e-02
  1.999732e-02  -1.570623e-05   2.489992e+03   9.906037e-01   9.940921e-01   2.158237e-02
  1.911313e-02   1.181719e-05   2.601513e+03   9.892091e-01   9.923164e-01   2.158144e-02
  1.897246e-02  -6.991540e-05   2.634489e+03   9.943751e-01   9.943794e-01   2.114286e-02
  2.026004e-02   8.864547e-06   2.462803e+03   9.926591e-01   9.922731e-01   2.966218e-02
  2.109913e-02   8.733826e-06   2.363529e+03   9.921005e-01   9.941981e-01   2.403463e-02
  2.062414e-02   8.877992e-06   2.412066e+03   9.896810e-01   9.933607e-01   2.364816e-02
  2.136494e-02   2.785449e-06   2.324428e+03   9.879798e-01   9.926289e-01   2.549400e-02
  1.941595e-02  -4.707745e-06   2.562890e+03   9.899626e-01   9.939553e-01   2.205241e-02
  1.958945e-02  -3.973388e-07   2.542515e+03   9.908684e-01   9.940910e-01   2.340181e-02
  2.051453e-02  -4.177542e-06   2.436959e+03   9.945802e-01   9.954728e-01   2.474876e-02
  1.907992e-02  -5.158749e-05   2.635006e+03   1.000203e+00   9.975135e-01   2.423919e-02
  1.913687e-02  -1.328912e-04   2.630790e+03   1.001584e+00   9.989449e-01   1.551715e-02
  2.050296e-02  -3.731841e-05   2.433211e+03   9.924906e-01   9.943322e-01   1.717140e-02
  2.052051e-02  -2.621291e-05   2.428267e+03   9.913216e-01   9.944487e-01   1.619361e-02
  2.138525e-02  -1.109491e-04   2.320200e+03   9.871200e-01   9.925831e-01   1.783048e-02
  2.081321e-02   6.633068e-05   2.389152e+03   9.892658e-01   9.939394e-01   1.708015e-02
  1.939630e-02   4.660439e-05   2.568111e+03   9.909755e-01   9.937584e-01   1.603972e-02
  1.915183e-02  -6.520892e-05   2.597755e+03   9.897801e-01   9.926046e-01   1.560512e-02
  2.425560e-02   9.783980e-05   2.051947e+03   9.901665e-01   9.935224e-01   1.516212e-02
  1.983798e-02  -3.608237e-04   2.521516e+03   9.951517e-01   9.942011e-01   2.068221e-02
  2.161234e-02  -2.801453e-05   2.308584e+03   9.926076e-01   9.948500e-01   1.744577e-02
  2.030254e-02  -5.222373e-05   2.455861e+03   9.919378e-01   9.946059e-01   1.691218e-02
  2.064738e-02  -6.783921e-05   2.402583e+03   9.869004e-01   9.925009e-01   1.503804e-02
  1.903232e-02  -4.641678e-05   2.611525e+03   9.888174e-01   9.933454e-01   1.429616e-02
  2.194409e-02  -4.119699e-05   2.263500e+03   9.881620e-01   9.928530e-01   1.874633e-02
  2.044128e-02  -9.982497e-06   2.440362e+03   9.924134e-01   9.942240e-01   1.758384e-02
  1.677485e-02   1.204298e-04   2.994717e+03   9.994118e-01   9.967800e-01   1.352326e-02
  2.374476e-02  -2.190692e-05   2.103534e+03   9.936819e-01   9.947221e-01   2.041948e-02
  1.977777e-02  -1.150843e-05   2.523602e+03   9.929523e-01   9.948443e-01   1.525057e-02
  2.047105e-02   1.510767e-05   2.433008e+03   9.908631e-01   9.942457e-01   1.668858e-02
  1.892088e-02   7.838749e-05   2.634821e+03   9.917963e-01   9.948080e-01   1.544874e-02
  1.892394e-02   1.798708e-05   2.635710e+03   9.922921e-01   9.947786e-01   1.695318e-02
  2.101260e-02  -5.503672e-05   2.364862e+03   9.885891e-01   9.931580e-01   1.467730e-02
  2.147302e-02   2.655412e-05   2.314526e+03   9.887474e-01   9.925653e-01   1.656288e-02
  1.940309e-02  -1.250488e-04   2.567866e+03   9.912276e-01   9.921723e-01   2.092545e-02
  2.197983e-02   8.224844e-05   2.279487e+03   9.967622e-01   9.974088e-01   1.487669e-02
  1.829662e-02   1.307422e-06   2.732934e+03   9.947871e-01   9.952428e-01   1.534135e-02
  1.953294e-02   2.467265e-05   2.553298e+03   9.922002e-01   9.949888e-01   1.572199e-02
  2.046854e-02   3.470124e-05   2.423492e+03   9.868667e-01   9.919351e-01   1.774177e-02
  2.239714e-02  -1.684705e-06   2.212708e+03   9.859315e-01   9.916229e-01   1.907178e-02
  1.911218e-02   5.190047e-05   2.616964e+03   9.950347e-01   9.964639e-01   1.621957e-02
  1.950558e-02   1.125171e-05   2.562284e+03   9.942969e-01   9.953636e-01   1.561251e-02
  2.267123e-02  -6.292881e-05   2.205090e+03   9.945611e-01   9.956123e-01   1.833143e-02
  1.750261e-02   2.886323e-04   2.883010e+03   1.003874e+00   9.996825e-01   1.293715e-02
  2.064456e-02   2.651406e-05   2.414670e+03   9.917303e-01   9.936082e-01   1.832190e-02
  1.971316e-02   4.854939e-05   2.526223e+03   9.907364e-01   9.936781e-01   1.729226e-02
  2.170042e-02  -6.141449e-05   2.291663e+03   9.893480e-01   9.939211e-01   1.749077e-02
  2.088966e-02  -5.425374e-05   2.383758e+03   9.906578e-01   9.945436e-01   1.570797e-02
  2.061324e-02   6.834247e-06   2.407198e+03   9.871614e-01   9.917475e-01   1.729896e-02
  1.907670e-02   1.753056e-05   2.610245e+03   9.906376e-01   9.929460e-01   1.618136e-02
  2.080579e-02   2.290854e-04   2.409431e+03   9.973069e-01   9.968528e-01   1.358192e-02
  1.898152e-02   1.027898e-04   2.627376e+03   9.921637e-01   9.921004e-01   2.377932e-02
  2.198713e-02  -6.034753e-05   2.266001e+03   9.911946e-01   9.939774e-01   1.763270e-02
  2.232403e-02  -2.493150e-05   2.228227e+03   9.896057e-01   9.936020e-01   1.838118e-02
  2.063356e-02  -6.965887e-05   2.406396e+03   9.878054e-01   9.930841e-01   1.589208e-02
  2.009916e-02   3.649803e-05   2.474694e+03   9.895316e-01   9.938729e-01   1.747303e-02
  2.117106e-02   2.208296e-05   2.363128e+03   9.953140e-01   9.969058e-01   1.722340e-02
  2.122039e-02  -5.540404e-06   2.353892e+03   9.937338e-01   9.954127e-01   1.858371e-02
  1.782996e-02   1.991939e-06   2.824265e+03   1.001811e+00   9.984100e-01   1.564222e-02
  2.803064e-02  -4.868868e-04   1.779457e+03   9.923178e-01   9.949015e-01   2.275637e-02
  1.947275e-02  -6.079821e-07   2.559621e+03   9.915923e-01   9.940795e-01   1.533898e-02
  2.129996e-02  -8.724676e-05   2.335815e+03   9.898000e-01   9.943240e-01   1.588201e-02
  1.931961e-02   1.102276e-04   2.578894e+03   9.912012e-01   9.946378e-01   1.566984e-02
  2.044432e-02   7.145096e-05   2.426046e+03   9.867379e-01   9.923119e-01   1.593483e-02
  2.041971e-02   4.828247e-06   2.429448e+03   9.869321e-01   9.922479e-01   1.692234e-02
  2.019301e-02  -2.894081e-06   2.456411e+03   9.868074e-01   9.910429e-01   1.507452e-02
  1.914006e-02  -1.363523e-04   2.605492e+03   9.921179e-01   9.923480e-01   1.784161e-02
  1.923178e-02  -1.840084e-04   2.590596e+03   9.911728e-01   9.937694e-01   1.376903e-02
  1.927689e-02   5.643347e-05   2.584519e+03   9.911672e-01   9.932730e-01   1.665045e-02
  1.725989e-02   2.288475e-05   2.888709e+03   9.919097e-01   9.945541e-01   1.359677e-02
  2.011145e-02   3.357738e-05   2.469130e+03   9.879102e-01   9.925486e-01   1.791896e-02
  1.947656e-02  -3.877220e-05   2.558700e+03   9.914294e-01   9.945731e-01   1.624583e-02
  1.802224e-02  -6.533921e-05   2.772865e+03   9.941862e-01   9.958324e-01   1.451599e-02
  1.906708e-02  -3.249597e-05   2.630845e+03   9.979516e-01   9.969723e-01   1.680675e-02
  2.124748e-02  -4.437819e-05   2.369239e+03   1.001490e+00   9.989074e-01   1.968136e-02
  1.522948e-02   2.572411e-04   3.299255e+03   9.996116e-01   9.964368e-01   1.554025e-02
  2.081051e-02   4.389296e-05   2.390369e+03   9.896415e-01   9.924461e-01   1.767998e-02
  2.075399e-02   9.765080e-05   2.395210e+03   9.889524e-01   9.925394e-01   2.025443e-02
  2.235703e-02  -1.077643e-04   2.221097e+03   9.878969e-01   9.931107e-01   1.815936e-02
  2.002169e-02  -6.576212e-05   2.476080e+03   9.862695e-01   9.918551e-01   1.703284e-02
  1.967301e-02   1.530395e-05   2.520294e+03   9.863979e-01   9.907458e-01   1.848012e-02
  2.158394e-02   4.176220e-06   2.289052e+03   9.829162e-01   9.889600e-01   1.854441e-02
  1.869559e-02  -3.818743e-05   2.659466e+03   9.891538e-01   9.913760e-01   1.473680e-02
  2.130325e-02   1.206728e-04   2.332204e+03   9.884220e-01   9.905285e-01   2.267502e-02
  2.063397e-02   4.865258e-06   2.413418e+03   9.907078e-01   9.931846e-01   1.712498e-02
  2.322662e-02  -4.271351e-06   2.135811e+03   9.869133e-01   9.923370e-01   1.738723e-02
  2.096830e-02   1.686396e-05   2.369961e+03   9.886319e-01   9.937284e-01   1.572490e-02
  2.022589e-02   2.594110e-05   2.461956e+03   9.906449e-01   9.943511e-01   1.680041e-02
  2.359570e-02   6.085242e-05   2.110404e+03   9.906693e-01   9.945691e-01   1.926765e-02
  1.998517e-02   2.055359e-05   2.506963e+03   9.967494e-01   9.971736e-01   1.512246e-02
  1.793149e-02   4.731649e-05   2.812612e+03   1.003359e+00   9.983272e-01   1.931068e-02
  2.482170e-02  -1.588016e-04   2.010312e+03   9.927163e-01   9.944418e-01   1.894001e-02
  2.041033e-02  -7.054843e-05   2.436048e+03   9.891587e-01   9.923222e-01   1.648426e-02
  1.952855e-02  -1.149350e-04   2.554193e+03   9.923246e-01   9.951111e-01   1.601037e-02
  1.823240e-02   4.132242e-05   2.734030e+03   9.916931e-01   9.948388e-01   1.507751e-02
  2.117602e-02   1.641095e-05   2.342525e+03   9.868674e-01   9.923356e-01   1.778377e-02
  2.090596e-02  -6.719054e-07   2.374711e+03   9.876681e-01   9.930839e-01   1.531193e-02
  1.946825e-02   1.598642e-05   2.547358e+03   9.866136e-01   9.906821e-01   1.698529e-02
  2.579786e-02   1.434869e-04   1.915603e+03   9.831488e-01   9.887853e-01   2.157765e-02
  1.826165e-02   6.612231e-05   2.736841e+03   9.943055e-01   9.950111e-01   1.431647e-02
  2.025219e-02  -4.355483e-05   2.462186e+03   9.920257e-01   9.940907e-01   1.692144e-02
  1.985688e-02  -1.218964e-05   2.500454e+03   9.877798e-01   9.920602e-01   1.698174e-02
  1.991361e-02   8.197628e-06   2.491160e+03   9.869193e-01   9.917097e-01   1.763480e-02
  2.121350e-02  -3.566266e-06   2.343831e+03   9.891652e-01   9.937268e-01   1.628891e-02
  1.660659e-02  -4.417361e-05   3.008969e+03   9.940960e-01   9.956746e-01   1.324147e-02
  2.017817e-02  -2.224966e-05   2.478049e+03   9.947678e-01   9.956253e-01   1.602015e-02
  1.847301e-02  -4.576869e-05   2.720327e+03   9.997442e-01   9.988244e-01   1.057727e-02
  1.595012e-02   1.052292e-04   3.142994e+03   9.973269e-01   9.949393e-01   1.453207e-02
  1.984020e-02   4.204222e-05   2.505299e+03   9.888623e-01   9.924310e-01   1.670356e-02
  2.139792e-02   1.017859e-04   2.330238e+03   9.919775e-01   9.949785e-01   1.727664e-02
  2.259078e-02  -2.344950e-05   2.202044e+03   9.896631e-01   9.941976e-01   1.860767e-02
  1.913318e-02   8.017458e-06   2.601301e+03   9.901660e-01   9.942419e-01   1.500893e-02
  1.950297e-02   3.061827e-05   2.550788e+03   9.897038e-01   9.924242e-01   1.912146e-02
  2.035403e-02  -1.820190e-05   2.442281e+03   9.889546e-01   9.920808e-01   1.736313e-02
  1.175371e-02  -3.643084e-05   4.263632e+03   9.969761e-01   9.937528e-01   1.319672e-02
  2.128165e-02  -1.638579e-04   2.338806e+03   9.902152e-01   9.917345e-01   2.601158e-02
  1.946824e-02   6.156718e-05   2.558908e+03   9.910864e-01   9.934002e-01   1.612337e-02
  2.026202e-02   1.913958e-05   2.448697e+03   9.870698e-01   9.922379e-01   1.590351e-02
  2.039239e-02  -4.167228e-05   2.427056e+03   9.846412e-01   9.913989e-01   1.491651e-02
  1.790802e-02   2.409301e-05   2.776991e+03   9.893553e-01   9.929621e-01   1.592154e-02
  2.424429e-02   1.423272e-05   2.046635e+03   9.871428e-01   9.925282e-01   1.970994e-02
  2.046900e-02   3.799289e-05   2.439556e+03   9.934308e-01   9.950662e-01   1.656671e-02
  2.121648e-02   2.858763e-05   2.350059e+03   9.919329e-01   9.918944e-01   2.574714e-02
  2.756233e-02  -1.799419e-04   1.800652e+03   9.873605e-01   9.920494e-01   1.909789e-02
  2.076283e-02  -4.892142e-06   2.392313e+03   9.881767e-01   9.918727e-01   1.834325e-02
  1.696150e-02  -7.818198e-05   2.947081e+03   9.944579e-01   9.959883e-01   1.433659e-02
  1.688995e-02  -1.269220e-05   2.958664e+03   9.941553e-01   9.959367e-01   1.458492e-02
  2.245331e-02  -7.683663e-05   2.211863e+03   9.880266e-01   9.927532e-01   2.106035e-02
  2.030987e-02  -5.024206e-05   2.450817e+03   9.902573e-01   9.945470e-01   1.417825e-02
  1.961162e-02   3.957169e-05   2.539228e+03   9.907072e-01   9.930918e-01   1.595843e-02
  2.737963e-02   4.596596e-05   1.818641e+03   9.906144e-01   9.938200e-01   1.931357e-02
  1.967297e-02   6.564529e-05   2.558866e+03   1.001492e+00   9.997928e-01   1.418045e-02
  2.106132e-02  -8.142629e-05   2.359768e+03   9.887465e-01   9.922476e-01   1.658734e-02
  1.966780e-02   1.201880e-05   2.519342e+03   9.857644e-01   9.903046e-01   1.905375e-02
  2.116165e-02   1.373543e-04   2.332547e+03   9.819971e-01   9.888052e-01   1.975458e-02
  2.486795e-02   3.213294e-05   1.988929e+03   9.839872e-01   9.920828e-01   1.747940e-02
  1.754367e-02   1.355755e-05   2.842358e+03   9.920402e-01   9.943952e-01   1.535705e-02
  1.978199e-02  -6.353138e-05   2.522673e+03   9.927985e-01   9.942249e-01   1.678910e-02
  1.896314e-02  -1.578076e-05   2.639697e+03   9.958515e-01   9.957350e-01   1.472375e-02
  1.501362e-02   5.545262e-05   3.292841e+03   9.835270e-01   9.874087e-01   1.563169e-02
  2.069313e-02  -6.350590e-05   2.401589e+03   9.886782e-01   9.923332e-01   1.859875e-02
  2.374386e-02   1.580648e-06   2.094235e+03   9.892515e-01   9.936569e-01   1.931139e-02
  2.385913e-02  -1.165310e-08   2.087547e+03   9.908800e-01   9.953885e-01   1.859573e-02
  1.820964e-02   9.809061e-05   2.741777e+03   9.932619e-01   9.966026e-01   1.245397e-02
  2.099613e-02   2.734824e-05   2.367179e+03   9.887821e-01   9.927768e-01   1.829180e-02
  2.070282e-02  -3.297218e-05   2.404340e+03   9.902744e-01   9.928804e-01   1.728193e-02
  1.536230e-02  -3.544886e-05   3.254591e+03   9.946788e-01   9.940137e-01   1.503693e-02
  1.858244e-02   1.625110e-04   2.682915e+03   9.918359e-01   9.906311e-01   1.611207e-02
  1.999746e-02   8.241184e-05   2.465504e+03   9.808685e-01   9.874232e-01   1.556738e-02
  2.020886e-02   7.759682e-05   2.449773e+03   9.849131e-01   9.913164e-01   1.464504e-02
  1.911513e-02  -1.127481e-04   2.587103e+03   9.838325e-01   9.907883e-01   1.392505e-02
  1.691967e-02  -8.899262e-05   2.933542e+03   9.874483e-01   9.916139e-01   1.593056e-02
  2.117389e-02  -5.983346e-05   2.349319e+03   9.896300e-01   9.937716e-01   1.679672e-02
  2.037573e-02   5.460862e-05   2.444451e+03   9.908882e-01   9.934431e-01   1.680431e-02
  1.928920e-02  -6.548679e-05   2.585507e+03   9.921789e-01   9.927884e-01   1.872205e-02
  2.639055e-02   1.533494e-04   1.869514e+03   9.815386e-01   9.890182e-01   3.860743e-02
  2.068208e-02   6.043145e-05   2.400986e+03   9.879022e-01   9.918233e-01   2.075931e-02
  1.796421e-02  -1.386350e-05   2.781181e+03   9.939565e-01   9.960367e-01   1.728080e-02
  1.805621e-02  -3.911050e-05   2.767984e+03   9.943068e-01   9.962943e-01   1.606850e-02
  2.065139e-02  -6.540013e-05   2.406977e+03   9.888975e-01   9.927937e-01   1.843250e-02
  1.963398e-02   5.603109e-05   2.530383e+03   9.883821e-01   9.927176e-01   1.638397e-02
  1.970305e-02  -1.111803e-06   2.523404e+03   9.891233e-01   9.921696e-01   1.562214e-02
  2.231113e-02  -1.634693e-05   2.234358e+03   9.917551e-01   9.928851e-01   1.802232e-02
  3.070385e-02  -4.783255e-04   1.516358e+03   9.262429e-01   9.581575e-01   6.943170e-03
  2.076653e-02   3.334205e-05   2.334080e+03   9.642949e-01   9.782860e-01   1.502140e-02
  1.988344e-02  -1.340775e-04   2.472431e+03   9.780158e-01   9.862278e-01   1.631810e-02
  2.059232e-02   2.406543e-05   2.401085e+03   9.836550e-01   9.897871e-01   1.739592e-02
  2.378134e-02   4.108461e-05   2.081556e+03   9.848151e-01   9.916674e-01   2.053022e-02
  2.092455e-02   7.674847e-05   2.375605e+03   9.889184e-01   9.929966e-01   1.687156e-02
  2.009018e-02  -3.200397e-05   2.482327e+03   9.921399e-01   9.942393e-01   1.751556e-02
  2.025738e-02   2.086818e-04   2.463680e+03   9.928821e-01   9.936123e-01   1.681513e-02
           nan            nan            nan            nan            inf            nan
  1.791308e-02  -1.989305e-05   2.783091e+03   9.918083e-01   9.934706e-01   1.620900e-02
  2.263605e-02  -5.745586e-05   2.209261e+03   9.948966e-01   9.962182e-01   1.863558e-02
  2.184051e-02   8.285080e-05   2.286948e+03   9.936861e-01   9.966391e-01   1.971016e-02
  2.092173e-02   7.521952e-05   2.371177e+03   9.869418e-01   9.931962e-01   1.288286e-02
  2.152738e-02  -7.943802e-05   2.307232e+03   9.881270e-01   9.929750e-01   1.637633e-02
  1.948535e-02   3.473801e-05   2.543874e+03   9.861297e-01   9.902840e-01   1.537843e-02
  1.938573e-02  -1.839833e-06   2.571968e+03   9.919229e-01   9.925951e-01   1.782678e-02
           nan            nan            nan            nan           -inf            nan
           nan            nan            nan            nan           -inf            nan
  2.194865e-02   1.943012e-04   2.255436e+03   9.848463e-01   9.927008e-01   1.894476e-02
  2.021146e-02   1.192718e-04   2.438480e+03   9.804984e-01   9.890231e-01   1.414483e-02
  1.836411e-02   7.105312e-05   2.721596e+03   9.943145e-01   9.961772e-01   1.785891e-02
  1.820670e-02  -8.582054e-05   2.737367e+03   9.915039e-01   9.946129e-01   1.362138e-02
  2.101083e-02   2.640270e-05   2.379395e+03   9.945801e-01   9.954574e-01   1.949176e-02
  2.102762e-02  -2.215703e-04   2.372932e+03   9.926719e-01   9.937084e-01   1.795477e-02
           nan           -inf            nan            nan           -inf            nan
           inf            inf            nan            nan -2.118921e+263            nan
           inf           -inf            nan            nan -2.118920e+263            nan
  1.698983e-02  -1.710946e-04   2.962261e+03   1.001250e+00   1.000641e+00   1.783362e-02
  2.038503e-02  -1.786029e-04   2.413971e+03   9.789794e-01   9.875652e-01   1.661056e-02
  1.803605e-02   8.075693e-05   2.762453e+03   9.912115e-01   9.933941e-01   1.842091e-02
  2.340485e-02  -8.543246e-05   2.107346e+03   9.812326e-01   9.884662e-01   1.668970e-02
  1.965915e-02   5.450010e-05   2.541999e+03   9.941923e-01   9.945852e-01   1.602929e-02
           inf            inf            nan            nan -8.368984e+265            nan
           inf           -inf            nan            nan -8.551383e+267            nan
  1.846679e-02  -1.986369e-04   2.688359e+03   9.876630e-01   9.914407e-01   1.792543e-02
  2.030959e-02  -1.751019e-04   2.422140e+03   9.786570e-01   9.874828e-01   1.760347e-02
  2.118508e-02  -7.802810e-05   2.362856e+03   9.958584e-01   9.973347e-01   1.956874e-02
  2.375640e-02  -5.242923e-05   2.086234e+03   9.859928e-01   9.913231e-01   2.134552e-02
  1.871404e-02   8.527227e-06   2.685791e+03   9.999308e-01   9.989598e-01   1.351493e-02
  1.798622e-02   1.032153e-04   2.777622e+03   9.939013e-01   9.935232e-01   1.781897e-02
           inf           -inf            nan            nan -6.151112e+268            nan
  1.844423e-02   9.496082e-05   2.720763e+03   9.983467e-01   9.979710e-01   1.530663e-02
  2.301719e-02  -2.822219e-05   2.163515e+03   9.907005e-01   9.942059e-01   1.920760e-02
  2.065247e-02   2.015256e-04   2.437481e+03   1.001483e+00   1.000479e+00   1.623441e-02
  2.207922e-02   1.915995e-04   2.218843e+03   9.746314e-01   9.854372e-01   1.625831e-02
  2.306311e-02   2.702481e-05   2.161530e+03   9.917662e-01   9.964533e-01   1.626863e-02
  1.878566e-02   1.322487e-04   2.637244e+03   9.856140e-01   9.899299e-01   1.722805e-02
  2.167572e-02  -6.043814e-05   2.305085e+03   9.940097e-01   9.945123e-01   1.721738e-02
  2.081370e-02   2.662202e-05   2.398766e+03   9.932699e-01   9.923941e-01   2.680691e-02
  1.962635e-02  -9.735821e-05   2.542229e+03   9.926233e-01   9.940415e-01   1.848182e-02
  2.072506e-02   1.009235e-04   2.394659e+03   9.873466e-01   9.926604e-01   1.602907e-02
  2.315841e-02   9.973216e-05   2.122789e+03   9.780152e-01   9.876698e-01   2.074281e-02
  1.809395e-02   5.486790e-05   2.791809e+03   1.004961e+00   1.002163e+00   1.364926e-02
  1.612265e-02   1.102779e-04   3.093479e+03   9.922331e-01   9.950821e-01   1.263074e-02
  2.103288e-02  -8.515040e-05   2.381969e+03   9.967012e-01   9.968144e-01   1.749570e-02
  1.900804e-02  -6.311025e-05   2.640542e+03   9.985284e-01   9.969179e-01   1.495241e-02
  3.882782e-02   2.848540e-05   1.269640e+03   9.807395e-01   9.900583e-01   2.961399e-02
  2.023802e-02   4.065954e-05   2.454380e+03   9.881889e-01   9.918056e-01   1.641904e-02
  1.937532e-02   1.062945e-04   2.578118e+03   9.937606e-01   9.958488e-01   1.661703e-02
  2.042609e-02  -9.313351e-05   2.459237e+03   9.993458e-01   1.000494e+00   1.372227e-02
  2.007923e-02  -1.308232e-04   2.446175e+03   9.771579e-01   9.864033e-01   2.059706e-02
  1.770625e-02  -9.165523e-05   2.820495e+03   9.935324e-01   9.945845e-01   1.816832e-02
  2.203104e-02  -1.663123e-04   2.247339e+03   9.849940e-01   9.901131e-01   1.802751e-02
  1.701755e-02   1.527281e-05   2.941661e+03   9.959096e-01   9.941396e-01   1.663642e-02
  1.650581e-02   1.810055e-04   3.028337e+03   9.944230e-01   9.972772e-01   6.012129e-03
  1.962068e-02  -1.386138e-05   2.546024e+03   9.938177e-01   9.949308e-01   1.538373e-02
  2.080391e-02  -3.040392e-05   2.383414e+03   9.864489e-01   9.915767e-01   1.703260e-02
  1.840406e-02   3.925995e-05   2.693679e+03   9.862560e-01   9.914861e-01   1.796520e-02
  2.055015e-02  -3.552687e-06   2.434343e+03   9.952380e-01   9.970690e-01   1.557306e-02
  2.236080e-02  -6.108599e-05   2.218653e+03   9.869769e-01   9.918520e-01   1.797724e-02
  1.963264e-02   1.468443e-04   2.552947e+03   9.971273e-01   9.971967e-01   1.515242e-02
  2.455876e-02   1.368233e-04   2.033537e+03   9.935474e-01   9.942212e-01   2.224597e-02
  1.000340e-02   6.986972e-06   5.019988e+03   9.990347e-01   9.951420e-01   1.523739e-02
  1.996854e-02  -1.246587e-04   2.492302e+03   9.900956e-01   9.928727e-01   1.869643e-02
  2.017053e-02  -9.739309e-05   2.477764e+03   9.942766e-01   9.962616e-01   1.643948e-02
  2.029801e-02   4.271554e-05   2.457096e+03   9.922146e-01   9.952574e-01   1.669971e-02
  2.148492e-02   1.085696e-04   2.299663e+03   9.829426e-01   9.898987e-01   1.903359e-02
  2.042657e-02   3.893126e-05   2.450314e+03   9.957431e-01   9.972285e-01   1.728289e-02
  1.989180e-02   5.974560e-05   2.494479e+03   9.871521e-01   9.910840e-01   1.800219e-02
  1.980151e-02  -8.419855e-06   2.523348e+03   9.940438e-01   9.952704e-01   1.267687e-02
  2.493055e-02  -3.722469e-04   1.993269e+03   9.886169e-01   9.915629e-01   2.263104e-02
  2.006819e-02   6.473838e-06   2.481923e+03   9.908931e-01   9.935906e-01   1.573275e-02
  2.017830e-02  -3.718688e-05   2.458841e+03   9.870640e-01   9.920739e-01   1.689528e-02
  2.115366e-02  -1.838301e-04   2.343370e+03   9.861808e-01   9.917975e-01   1.754453e-02
  2.040983e-02  -7.942209e-05   2.444691e+03   9.926436e-01   9.960109e-01   1.410245e-02
  2.103231e-02   1.567910e-05   2.357255e+03   9.863333e-01   9.915547e-01   1.777538e-02
  2.026408e-02  -1.295065e-04   2.465316e+03   9.938704e-01   9.950879e-01   1.582541e-02
  8.798803e-03  -7.848689e-05   5.713550e+03   1.000138e+00   9.962131e-01   1.135487e-02
  2.514124e-02   8.563121e-05   1.991383e+03   9.960282e-01   9.963546e-01   2.015508e-02
  1.956920e-02   1.155012e-04   2.549694e+03   9.926389e-01   9.944498e-01   1.641649e-02
  1.992503e-02   4.837810e-05   2.505610e+03   9.932135e-01   9.954758e-01   1.558169e-02
  2.042591e-02   7.120770e-05   2.442209e+03   9.924176e-01   9.957388e-01   1.641838e-02
  1.934333e-02  -7.474860e-05   2.566969e+03   9.878295e-01   9.926205e-01   1.711566e-02
  2.097542e-02  -6.183639e-05   2.379182e+03   9.928155e-01   9.957174e-01   1.577672e-02
  2.033396e-02   1.761949e-05   2.443178e+03   9.883418e-01   9.917242e-01   1.842316e-02
  1.430039e-02  -6.533861e-05   3.496530e+03   9.947533e-01   9.923438e-01   2.085810e-02
  2.110969e-02   5.129575e-04   2.358879e+03   9.906444e-01   9.932774e-01   1.795858e-02
  1.997512e-02   3.870947e-05   2.494976e+03   9.914841e-01   9.933912e-01   1.682576e-02
  2.011229e-02   5.306416e-05   2.473334e+03   9.896335e-01   9.933987e-01   1.730561e-02
  2.015019e-02   1.476001e-04   2.464193e+03   9.878341e-01   9.926997e-01   1.726504e-02
  2.090470e-02   6.593503e-05   2.378635e+03   9.892405e-01   9.935186e-01   1.627026e-02
  1.918012e-02   3.606539e-05   2.590964e+03   9.886506e-01   9.929472e-01   1.576353e-02
  2.045668e-02   6.404405e-05   2.433435e+03   9.903417e-01   9.934896e-01   1.583520e-02
  2.829461e-02  -2.819737e-05   1.750298e+03   9.852484e-01   9.898931e-01   2.782959e-02
  3.285522e-03  -2.198602e-05   1.514300e+04   9.897977e-01   9.865807e-01   8.422589e-03
  2.238581e-02   9.495438e-05   2.197480e+03   9.786513e-01   9.873713e-01   1.175973e-02
  2.650600e-02  -1.444198e-05   1.856007e+03   9.787099e-01   9.887807e-01   1.330633e-02
  3.724418e-02   1.800079e-05   1.315871e+03   9.749936e-01   9.866417e-01   2.062778e-02
  2.180174e-02  -9.300157e-05   2.272522e+03   9.856652e-01   9.915485e-01   1.248351e-02
  1.599603e-02   8.807126e-05   3.116671e+03   9.918212e-01   9.915278e-01   1.362061e-02
  2.268030e-02  -6.613514e-06   2.167603e+03   9.780449e-01   9.858587e-01   1.301283e-02
  1.707486e-02  -3.809812e-04   2.905440e+03   9.869593e-01   9.900229e-01   1.315018e-02
  3.164555e-02   3.377316e-04   1.585806e+03   9.983733e-01   9.977685e-01   3.253794e-02
  1.769477e-02  -8.352771e-05   2.836177e+03   9.984091e-01   9.976696e-01   7.925624e-03
  1.943506e-02  -4.899624e-06   2.565838e+03   9.920771e-01   9.953810e-01   9.505672e-03
  2.449846e-02  -1.174370e-04   2.025779e+03   9.873267e-01   9.958409e-01   7.895943e-03
  1.994201e-02  -9.527395e-05   2.490804e+03   9.881857e-01   9.939231e-01   8.441652e-03
  3.267965e-02   7.264658e-05   1.509806e+03   9.815870e-01   9.909931e-01   2.315243e-02
  2.209942e-02   7.951710e-05   2.278289e+03   1.001659e+00   1.000243e+00   1.251503e-02
  1.544260e-02  -7.943707e-05   3.270885e+03   1.004884e+00   9.990016e-01   1.390252e-02
  4.066017e-02   1.442665e-04   1.213079e+03   9.812700e-01   9.906934e-01   1.488282e-02
  2.122654e-02  -1.576981e-04   2.329338e+03   9.836530e-01   9.896853e-01   1.316738e-02
  2.230411e-02  -1.537175e-05   2.225583e+03   9.875498e-01   9.927796e-01   1.330670e-02
  1.287314e-02   1.823778e-05   3.864406e+03   9.896855e-01   9.926761e-01   7.020789e-03
  1.558314e-02   1.477817e-04   3.199010e+03   9.917467e-01   9.934477e-01   1.109574e-02
  2.953487e-02  -2.030822e-04   1.662730e+03   9.769828e-01   9.897466e-01   7.575134e-03
  2.169648e-02  -9.544134e-05   2.264450e+03   9.774221e-01   9.862501e-01   1.287716e-02
  2.175931e-02   3.324959e-04   2.253866e+03   9.756711e-01   9.839822e-01   1.712472e-02
  1.880976e-02  -4.166227e-04   2.672183e+03   9.999528e-01   9.994879e-01   5.342044e-03
  1.715748e-02   1.028557e-04   2.918054e+03   9.960404e-01   9.958157e-01   7.798267e-03
  1.758769e-02  -5.668818e-06   2.827891e+03   9.894681e-01   9.937339e-01   8.604126e-03
  2.107766e-02   1.075806e-04   2.354087e+03   9.871316e-01   9.911997e-01   1.616774e-02
  2.296834e-02   9.272020e-05   2.148469e+03   9.817226e-01   9.882381e-01   1.716930e-02
  1.124777e-02   1.966900e-05   4.483780e+03   1.003323e+00   1.000907e+00   4.993352e-03
  1.787349e-02  -6.531465e-05   2.806176e+03   9.978254e-01   9.973315e-01   7.707291e-03
  2.739300e-02  -6.436429e-05   1.834235e+03   9.995962e-01   9.994112e-01   1.045433e-02
  9.332873e-03  -1.659264e-05   5.404869e+03   1.003531e+00   9.973561e-01   8.753324e-03
  2.119688e-02   1.605647e-04   2.342299e+03   9.877441e-01   9.902725e-01   2.018288e-02
  1.747960e-02   9.915958e-05   2.859885e+03   9.945127e-01   9.946705e-01   1.436098e-02
  2.981787e-02  -1.231928e-05   1.655609e+03   9.821197e-01   9.913351e-01   1.485316e-02
  3.043820e-02  -1.517257e-04   1.633156e+03   9.889555e-01   9.962415e-01   1.462742e-02
  1.643415e-02   1.044176e-04   3.003927e+03   9.821247e-01   9.868546e-01   1.504732e-02
  1.928939e-02   1.232428e-04   2.569472e+03   9.860357e-01   9.899076e-01   1.308814e-02
  1.793972e-02  -2.657967e-04   2.751071e+03   9.818559e-01   9.868600e-01   9.191532e-03
  1.559725e-02   4.023578e-04   3.196784e+03   9.919539e-01   9.910618e-01   2.256491e-02
  3.506320e-02  -8.367989e-05   1.411676e+03   9.847286e-01   9.928781e-01   1.511290e-02
  2.949567e-02   2.463036e-05   1.670324e+03   9.801424e-01   9.891513e-01   1.832233e-02
  2.118990e-02  -1.045200e-04   2.344046e+03   9.881553e-01   9.947632e-01   6.977192e-03
  1.868538e-02  -7.466420e-06   2.648651e+03   9.845932e-01   9.922693e-01   6.718234e-03
  2.743222e-02  -3.826573e-05   1.814318e+03   9.901578e-01   9.950745e-01   1.716524e-02
  2.171357e-02   2.985517e-05   2.293095e+03   9.905662e-01   9.934221e-01   1.371820e-02
  1.151717e-02  -9.502137e-07   4.339201e+03   9.942276e-01   9.925253e-01   1.165006e-02
  2.588400e-02  -2.109192e-05   1.927820e+03   9.927231e-01   9.951884e-01   1.847207e-02
  2.146196e-02  -9.092579e-05   2.326385e+03   9.933016e-01   9.980467e-01   9.628565e-03
  3.106175e-02  -2.635778e-04   1.602205e+03   9.900889e-01   9.973777e-01   1.047925e-02
  1.166161e-02  -4.770395e-06   4.286620e+03   9.944973e-01   9.948354e-01   7.653967e-03
  1.350861e-02  -3.395236e-05   3.705592e+03   9.958606e-01   9.959277e-01   9.527059e-03
  2.581659e-02  -1.831955e-04   1.904591e+03   9.782071e-01   9.882818e-01   1.055244e-02
  2.276120e-02  -1.284140e-04   2.175033e+03   9.848975e-01   9.903766e-01   1.227807e-02
  2.075691e-02   2.265172e-04   2.398394e+03   9.904064e-01   9.916766e-01   1.534436e-02
  2.791522e-02  -4.968879e-04   1.792721e+03   9.955980e-01   9.965537e-01   1.188265e-02
  1.400341e-02   4.349863e-05   3.562125e+03   9.923692e-01   9.931091e-01   6.553680e-03
  1.262083e-02  -7.518813e-06   3.952788e+03   9.924796e-01   9.961144e-01   3.921651e-03
  2.116855e-02   1.300510e-04   2.333109e+03   9.825536e-01   9.880915e-01   1.800817e-02
  2.250986e-02  -2.835772e-05   2.197224e+03   9.839599e-01   9.902829e-01   1.615925e-02
  2.013782e-02  -3.010659e-05   2.492145e+03   9.984259e-01   9.990304e-01   8.649966e-03
  1.960043e-02   6.607504e-05   2.552872e+03   9.954623e-01   9.968562e-01   8.983712e-03
  3.079478e-02   1.084592e-05   1.622252e+03   9.938608e-01   9.955145e-01   1.763884e-02
  2.231305e-02   9.313591e-05   2.240909e+03   9.947486e-01   9.946372e-01   1.528897e-02
  1.889215e-02   7.702399e-05   2.644459e+03   9.939130e-01   9.945051e-01   1.465584e-02
  1.179246e-02   1.895713e-04   4.237826e+03   9.942088e-01   9.925302e-01   1.194751e-02
  3.067145e-02   5.963850e-06   1.619811e+03   9.883912e-01   9.950960e-01   1.429565e-02
  2.530744e-02   6.713155e-05   1.963629e+03   9.886393e-01   9.948776e-01   1.199421e-02
  1.977505e-02   2.711900e-04   2.500125e+03   9.835792e-01   9.900279e-01   1.117936e-02
  1.744048e-02   2.360718e-05   2.853746e+03   9.901566e-01   9.926318e-01   1.116878e-02
  2.993214e-02  -1.801075e-04   1.651427e+03   9.833934e-01   9.905384e-01   1.092918e-02
  2.360628e-02   3.747159e-04   2.096193e+03   9.844395e-01   9.902457e-01   1.546947e-02
  1.948574e-02   1.889483e-05   2.544354e+03   9.863352e-01   9.906775e-01   1.178374e-02
  3.069862e-02  -9.326443e-05   1.606804e+03   9.813228e-01   9.887383e-01   2.412846e-02
  2.178098e-02  -1.906116e-04   2.271142e+03   9.841288e-01   9.924670e-01   9.642475e-03
  1.898852e-02   6.162866e-05   2.615008e+03   9.878579e-01   9.927352e-01   9.815778e-03
  1.760098e-02   2.497291e-05   2.842864e+03   9.954584e-01   9.961324e-01   1.017310e-02
  1.898178e-02  -8.287029e-05   2.622586e+03   9.903685e-01   9.922046e-01   1.180393e-02
  1.548483e-02   2.209963e-04   3.257868e+03   1.003621e+00   9.991780e-01   5.162999e-03
  1.435618e-02  -1.128761e-04   3.464307e+03   9.894310e-01   9.925842e-01   4.921559e-03
  2.059705e-02  -4.234516e-05   2.414967e+03   9.895699e-01   9.919031e-01   1.422082e-02
  3.520683e-02  -1.576124e-04   1.400447e+03   9.808979e-01   9.926470e-01   1.325829e-02
  1.582068e-02   8.768200e-06   3.147188e+03   9.905536e-01   9.935265e-01   7.936131e-03
  1.939819e-02   1.740122e-05   2.563638e+03   9.893457e-01   9.931698e-01   1.169583e-02
  2.328899e-02  -3.467562e-04   2.124059e+03   9.841184e-01   9.904921e-01   1.524415e-02
  2.123829e-02   4.995869e-05   2.340054e+03   9.887249e-01   9.920824e-01   1.340775e-02
  1.797517e-02  -2.056605e-05   2.766349e+03   9.892590e-01   9.913149e-01   2.569118e-02
  1.127292e-02  -2.547133e-04   4.468633e+03   1.002170e+00   9.960577e-01   1.146101e-02
  2.686993e-02  -5.608668e-05   1.843086e+03   9.852406e-01   9.914295e-01   1.477616e-02
  1.657602e-02   8.779212e-05   3.007067e+03   9.916388e-01   9.965235e-01   3.960323e-03
  2.051658e-02   1.955331e-04   2.419444e+03   9.875309e-01   9.922559e-01   1.416787e-02
  2.286905e-02  -1.202743e-04   2.170476e+03   9.874912e-01   9.930814e-01   1.361602e-02
  2.244743e-02  -4.384271e-05   2.220581e+03   9.916613e-01   9.957772e-01   9.739463e-03
  2.218672e-02   1.455230e-05   2.238668e+03   9.881273e-01   9.924796e-01   1.143427e-02
  3.281485e-02  -7.158627e-04   1.510701e+03   9.862320e-01   9.927029e-01   1.179131e-02
  1.790766e-02   1.954822e-04   2.748333e+03   9.791253e-01   9.830227e-01   2.131753e-02
  2.040218e-02  -2.894793e-05   2.436924e+03   9.891197e-01   9.929177e-01   8.921041e-03
  1.584054e-02  -2.697266e-05   3.136522e+03   9.884357e-01   9.899826e-01   1.326113e-02
  2.119201e-02  -2.395920e-05   2.337173e+03   9.853559e-01   9.914897e-01   1.011840e-02
  2.082829e-02  -1.299923e-04   2.383074e+03   9.874642e-01   9.931001e-01   9.358697e-03
  1.839107e-02   3.275241e-04   2.712333e+03   9.923848e-01   9.946541e-01   1.109072e-02
  1.991602e-02  -3.902261e-06   2.507353e+03   9.934550e-01   9.954296e-01   9.527017e-03
  2.056598e-02   1.944120e-04   2.445653e+03   1.000632e+00   1.000042e+00   1.269505e-02
  3.040596e-02   6.722993e-04   1.613134e+03   9.757964e-01   9.858016e-01   2.684133e-02
  1.875182e-02   4.806485e-05   2.650730e+03   9.888700e-01   9.917902e-01   1.190957e-02
  3.022580e-02  -3.333767e-04   1.639092e+03   9.856241e-01   9.927599e-01   1.871940e-02
  2.127211e-02  -2.503640e-04   2.342336e+03   9.912653e-01   9.950582e-01   1.349914e-02
  1.879441e-02   1.785777e-04   2.656874e+03   9.934128e-01   9.958507e-01   1.282585e-02
  2.084053e-02   1.593474e-05   2.383990e+03   9.884241e-01   9.923122e-01   1.441415e-02
  1.596834e-02  -7.035066e-06   3.124549e+03   9.926067e-01   9.935256e-01   9.071719e-03
  1.657309e-02   4.912619e-04   3.014534e+03   9.939256e-01   9.937085e-01   7.164914e-03
  2.014316e-02  -2.549250e-04   2.472713e+03   9.909040e-01   9.960056e-01   5.685971e-03
  2.021384e-02   1.103100e-04   2.447984e+03   9.844364e-01   9.897684e-01   1.299096e-02
  2.852531e-02   9.230200e-05   1.724016e+03   9.783674e-01   9.895755e-01   1.074769e-02
  2.143465e-02   8.946317e-05   2.306032e+03   9.833586e-01   9.907799e-01   1.158878e-02
  2.147039e-02   2.711649e-04   2.301892e+03   9.832298e-01   9.900915e-01   1.120991e-02
  2.748198e-02  -3.699116e-04   1.810076e+03   9.896350e-01   9.950190e-01   1.407661e-02
  1.842482e-02  -1.071916e-05   2.711272e+03   9.938172e-01   9.937611e-01   1.443689e-02
  2.049690e-02  -1.484518e-04   2.457702e+03   1.002184e+00   9.976936e-01   2.247694e-02
  1.423835e-02  -4.169749e-04   3.530522e+03   1.000066e+00   9.955976e-01   1.397396e-02
  2.285291e-02  -3.080038e-05   2.179540e+03   9.909153e-01   9.938584e-01   1.463489e-02
  2.002682e-02   3.686556e-04   2.511879e+03   1.000785e+00   1.001135e+00   8.089066e-03
  1.882887e-02   2.706384e-04   2.656864e+03   9.952306e-01   9.970273e-01   1.093735e-02
  2.044936e-02  -2.810261e-04   2.443303e+03   9.940018e-01   9.971261e-01   1.389952e-02
  2.082275e-02   3.173180e-05   2.393281e+03   9.914297e-01   9.960518e-01   8.956562e-03
  2.621571e-02   2.840087e-05   1.887879e+03   9.846140e-01   9.906875e-01   1.450278e-02
  3.327299e-02  -4.205038e-04   1.476910e+03   9.776331e-01   9.877622e-01   1.745364e-02
  2.094220e-02   9.113178e-05   2.339049e+03   9.745220e-01   9.819895e-01   9.123685e-03
  2.357727e-02  -4.996278e-05   2.085420e+03   9.781764e-01   9.866489e-01   1.181599e-02
  1.849588e-02  -6.551717e-05   2.645068e+03   9.732892e-01   9.828751e-01   1.076468e-02
  1.862521e-02  -1.269102e-04   2.650290e+03   9.820302e-01   9.890932e-01   1.027371e-02
  2.069831e-02  -3.100824e-04   2.391347e+03   9.847083e-01   9.912113e-01   1.175887e-02
  1.510231e-02   1.425421e-04   3.313068e+03   9.954147e-01   9.960644e-01   8.694431e-03
  2.186723e-02   2.473161e-05   2.290214e+03   9.963228e-01   9.981620e-01   9.173882e-03
  1.376655e-02   2.084996e-05   3.672135e+03   1.005713e+00   1.002256e+00   2.990756e-03
  1.880284e-02   4.637330e-04   2.732041e+03   1.021976e+00   1.010097e+00   1.380897e-02
  1.958819e-02  -9.655754e-07   2.549885e+03   9.936768e-01   9.956439e-01   1.231883e-02
  2.153254e-02  -3.496529e-04   2.351875e+03   1.007487e+00   1.004216e+00   1.453110e-02
  2.267672e-02  -2.433203e-04   2.209634e+03   9.968522e-01   9.980542e-01   1.614602e-02
  2.057457e-02   2.016114e-04   2.425408e+03   9.927634e-01   9.958940e-01   1.123665e-02
  1.930619e-02  -4.576050e-05   2.576919e+03   9.897548e-01   9.926669e-01   1.349206e-02
  1.606471e-02  -1.590037e-05   3.101469e+03   9.912211e-01   9.932143e-01   9.323344e-03
  1.157301e-02   1.229887e-04   4.304940e+03   9.911594e-01   9.906218e-01   1.548162e-02
  2.069202e-02   2.792103e-04   2.350917e+03   9.677655e-01   9.795563e-01   3.033103e-02
  1.820453e-02   7.802979e-05   2.685006e+03   9.724219e-01   9.820731e-01   7.484379e-03
  2.406025e-02   6.278658e-05   2.017317e+03   9.656157e-01   9.794253e-01   1.326778e-02
  2.728611e-02   1.085602e-04   1.794905e+03   9.743463e-01   9.862597e-01   1.318651e-02
  2.356911e-02   3.238522e-04   2.101510e+03   9.853827e-01   9.919323e-01   1.400887e-02
  2.188111e-02  -6.236790e-06   2.273832e+03   9.898239e-01   9.936839e-01   1.322858e-02
  1.894236e-02  -1.409456e-05   2.637136e+03   9.937950e-01   9.943614e-01   1.231368e-02
  3.005067e-02   6.418905e-06   1.669821e+03   9.982844e-01   9.973451e-01   1.546471e-02
           nan            nan            nan            nan            nan            nan
  1.719556e-02  -1.010643e-04   2.941353e+03   1.006221e+00   1.004138e+00   2.207702e-02
  2.874316e-02   3.852874e-04   1.769426e+03   1.011806e+00   1.009942e+00   1.471004e-02
  2.076415e-02   1.699518e-04   2.440892e+03   1.008307e+00   1.007344e+00   7.859282e-03
  2.069859e-02  -5.055312e-05   2.403840e+03   9.898665e-01   9.950920e-01   9.732206e-03
  2.071039e-02   5.223582e-05   2.398438e+03   9.882046e-01   9.924125e-01   1.144679e-02
  2.198509e-02  -8.944837e-06   2.261149e+03   9.889802e-01   9.927187e-01   1.126035e-02
  2.328838e-02  -7.286167e-05   2.137340e+03   9.902460e-01   9.938618e-01   1.123804e-02
           nan            nan            nan            nan            nan            nan
           nan            nan            nan            nan            inf            nan
  1.777881e-02  -3.617538e-05   2.707503e+03   9.576390e-01   9.764095e-01   2.747197e-03
  9.937519e-03  -1.421565e-05   4.953976e+03   9.794042e-01   9.860344e-01   4.681289e-03
  1.304054e-02  -2.242098e-04   3.825301e+03   9.924101e-01   9.944184e-01   7.216212e-03
  2.461197e-02  -1.707688e-04   2.021101e+03   9.896109e-01   9.949664e-01   1.417172e-02
  1.820107e-02   4.359954e-05   2.750264e+03   9.958673e-01   9.958965e-01   1.084733e-02
  1.029144e-02   6.733399e-05   4.863149e+03   9.956897e-01   9.933648e-01   1.135982e-02
           nan            nan            nan            nan            nan            nan
           nan            nan            nan            nan           -inf            nan
           nan            nan            nan            nan           -inf            nan
  2.432340e-02  -2.898042e-04   2.090975e+03   1.011820e+00   1.006245e+00   2.964706e-02
  1.630594e-02   5.143789e-05   3.064716e+03   9.941831e-01   9.942064e-01   2.058660e-02
  2.009675e-02  -1.161203e-04   2.465404e+03   9.856984e-01   9.920879e-01   5.700932e-03
  2.356972e-02   1.839200e-04   2.099492e+03   9.844616e-01   9.901418e-01   1.631812e-02
  2.866352e-02  -2.760166e-05   1.735328e+03   9.895582e-01   9.922490e-01   1.733031e-02
           nan            nan            nan            nan            nan            nan
           nan            nan            nan            nan           -inf            nan
           inf            inf            nan            nan -8.288597e+263            nan
           inf           -inf            nan            nan -8.288595e+263            nan
  2.965585e-02   1.483740e-04   1.643432e+03   9.695992e-01   9.829140e-01   1.961910e-02
  1.986456e-02   2.952086e-04   2.552620e+03   1.008777e+00   1.004431e+00   1.492274e-02
  2.689587e-02  -1.698240e-04   1.846070e+03   9.877885e-01   9.933418e-01   1.274860e-02
  3.061472e-02  -1.341916e-04   1.638154e+03   9.977348e-01   9.995075e-01   1.145644e-02
           nan           -inf            nan            nan           -inf            nan
           inf            inf            nan            nan -1.998276e+266            nan
           inf           -inf            nan            nan -6.416282e+268            nan
  2.416090e-02   2.049876e-04   2.110728e+03   1.014555e+00   1.016723e+00   1.494417e-03
  2.294879e-02   5.818723e-05   2.182217e+03   9.962950e-01   1.001163e+00   8.111406e-03
  1.955403e-02   1.937938e-04   2.494747e+03   9.704943e-01   9.821896e-01   9.500508e-03
  1.535598e-02  -1.715345e-04   3.251754e+03   9.934031e-01   9.953660e-01   6.458169e-03
  1.126546e-02   8.348932e-05   4.426246e+03   9.920065e-01   9.922096e-01   6.487599e-03
           inf            inf            nan            nan -4.204196e+269            nan
           inf           -inf            nan            nan -2.566846e+270            nan
  2.000903e-02   7.105238e-05   2.436778e+03   9.700009e-01   9.840278e-01   1.002942e-02
  1.030402e-02   7.869431e-05   4.751033e+03   9.739236e-01   9.809777e-01   1.333436e-02
  1.219534e-02  -1.317640e-04   4.037817e+03   9.796497e-01   9.881036e-01   8.755945e-03
  1.218444e-02  -2.956639e-04   4.157886e+03   1.007879e+00   1.003019e+00   1.106013e-02
  1.499837e-02   1.604588e-04   3.322861e+03   9.914856e-01   9.912524e-01   1.459066e-02
  1.776531e-02  -3.709453e-05   2.827806e+03   9.994307e-01   9.955368e-01   1.560612e-02
           inf           -inf            nan            nan -3.415243e+270            nan
  2.110185e-02   1.851865e-04   2.416945e+03   1.014653e+00   1.010124e+00   5.945401e-03
  1.454025e-02  -1.196061e-04   3.419312e+03   9.891010e-01   9.923307e-01   6.933327e-03
  3.076064e-02  -1.287953e-05   1.630500e+03   9.978063e-01   1.000549e+00   1.946816e-02
  1.508139e-02  -6.327904e-05   3.362939e+03   1.008998e+00   1.001591e+00   1.470122e-02
  1.949964e-02  -2.244846e-04   2.505322e+03   9.718971e-01   9.816052e-01   2.237071e-02
  3.370104e-02   1.804030e-04   1.465745e+03   9.827246e-01   9.911616e-01   2.342722e-02
  3.171463e-02  -2.364578e-04   1.560103e+03   9.843352e-01   9.898848e-01   1.971144e-02
  1.802659e-02  -1.370712e-04   2.743102e+03   9.837525e-01   9.926392e-01   1.171198e-02
  1.646748e-02  -1.040895e-04   2.968641e+03   9.725568e-01   9.822079e-01   1.601162e-02
  1.731624e-02  -3.187767e-05   2.835523e+03   9.768253e-01   9.844659e-01   1.388469e-02
  3.147696e-02  -2.757869e-04   1.538255e+03   9.632768e-01   9.820405e-01   1.293411e-02
  2.819782e-02   1.655709e-04   1.731852e+03   9.715307e-01   9.833115e-01   2.020878e-02
  2.392625e-02   3.929243e-04   2.096714e+03   9.980312e-01   1.000126e+00   9.552038e-03
  2.666358e-02  -1.002220e-04   1.858993e+03   9.861123e-01   9.944722e-01   7.376747e-03
  3.393399e-02   2.701914e-04   1.462875e+03   9.875801e-01   9.943489e-01   1.109715e-02
  8.742485e-03  -3.110649e-04   5.698625e+03   9.911402e-01   9.917140e-01   8.266188e-03
  2.351652e-02  -2.166050e-04   2.122213e+03   9.928693e-01   9.939732e-01   1.667626e-02
  2.475026e-02  -3.587834e-05   1.997229e+03   9.834173e-01   9.896227e-01   1.468718e-02
  1.070932e-02   5.196763e-05   4.689333e+03   9.990868e-01   9.983305e-01   2.630143e-03
  1.981516e-02   5.649247e-05   2.523182e+03   9.946636e-01   9.983997e-01   6.966436e-03
  1.824452e-02   8.762786e-05   2.700628e+03   9.802287e-01   9.878996e-01   1.106127e-02
  1.010900e-02  -5.484863e-05   4.962599e+03   9.980387e-01   9.955619e-01   5.734379e-03
  1.394558e-02   6.656388e-05   3.606978e+03   1.000715e+00   1.000030e+00   2.126755e-03
  7.140551e-03   1.252115e-04   6.936232e+03   9.853385e-01   9.834272e-01   2.036127e-02
  2.956031e-02   1.482238e-04   1.652720e+03   9.719379e-01   9.850155e-01   1.585798e-02
  2.832822e-02  -7.020792e-06   1.734821e+03   9.776965e-01   9.884776e-01   1.454306e-02
  2.551966e-02   6.420417e-05   1.919913e+03   9.747350e-01   9.854832e-01   2.928077e-02
  1.731199e-02  -6.754079e-06   2.848199e+03   9.809514e-01   9.883118e-01   1.429091e-02
  1.833157e-02  -1.171655e-04   2.731590e+03   9.961974e-01   9.963573e-01   1.014899e-02
  1.971450e-02  -3.687856e-05   2.510020e+03   9.844487e-01   9.884957e-01   1.714862e-02
  6.835475e-03  -2.489016e-04   7.359848e+03   1.000847e+00   9.951996e-01   1.093342e-02
  4.628063e-02   6.357414e-04   1.054989e+03   9.713538e-01   9.855326e-01   4.001327e-02
  1.673739e-02   6.994012e-05   2.990731e+03   9.958532e-01   9.970870e-01   5.588745e-03
  1.945100e-02   8.359305e-05   2.549261e+03   9.864755e-01   9.928520e-01   6.867227e-03
  3.166892e-02   1.275367e-05   1.561549e+03   9.838277e-01   9.935284e-01   6.514795e-03
  2.420207e-02  -1.387246e-04   2.051883e+03   9.879508e-01   9.935234e-01   1.221556e-02
  2.303304e-02   8.417273e-06   2.141188e+03   9.811518e-01   9.888162e-01   1.623063e-02
  2.900973e-02  -4.151964e-05   1.711647e+03   9.878432e-01   9.939289e-01   1.456559e-02
  2.863898e-02  -1.617409e-04   1.734202e+03   9.880695e-01   9.909682e-01   3.310253e-02
  4.463280e-02  -1.529327e-04   1.098885e+03   9.757455e-01   9.928973e-01   7.135578e-03
  1.518055e-02  -5.425816e-05   3.248434e+03   9.810512e-01   9.860897e-01   1.286193e-02
  1.677327e-02  -2.173460e-05   2.953406e+03   9.855328e-01   9.898195e-01   9.374585e-03
  5.726131e-03  -4.155231e-06   8.742202e+03   9.958920e-01   9.974651e-01   2.621062e-03
  2.218030e-02   6.077377e-05   2.227071e+03   9.827244e-01   9.906377e-01   1.217339e-02
  2.321847e-02  -3.161143e-05   2.132963e+03   9.852512e-01   9.924251e-01   8.152693e-03
  1.792544e-02   7.040585e-05   2.768010e+03   9.871148e-01   9.919419e-01   5.768759e-03
  4.451085e-02   8.973154e-04   1.107336e+03   9.805629e-01   9.908920e-01   1.461529e-02
  8.139937e-03  -9.028871e-05   6.199463e+03   1.003934e+00   1.000734e+00   2.833115e-03
  2.428069e-02   3.279712e-05   2.053129e+03   9.917621e-01   9.940247e-01   1.564509e-02
  2.219854e-02   1.576219e-05   2.238977e+03   9.887906e-01   9.926340e-01   1.568181e-02
  1.236853e-02   2.366099e-05   4.022852e+03   9.898794e-01   9.896994e-01   1.913685e-02
  1.950182e-02   5.895936e-05   2.548172e+03   9.886303e-01   9.931034e-01   9.645194e-03
  1.436319e-02  -1.945731e-05   3.476969e+03   9.935320e-01   9.953274e-01   6.655410e-03
  1.627949e-02  -1.091357e-05   3.090557e+03   1.000939e+00   9.980052e-01   1.236275e-02
  2.043027e-02   2.638739e-04   2.479025e+03   1.007593e+00   1.004652e+00   6.070786e-03
  2.297015e-02   7.759910e-04   2.206184e+03   1.008175e+00   1.010214e+00   7.248043e-03
  2.201555e-02   6.660301e-05   2.265669e+03   9.923300e-01   9.951197e-01   1.719663e-02
  1.865819e-02   1.392183e-05   2.664868e+03   9.891802e-01   9.932414e-01   1.463906e-02
  2.327186e-02   1.630059e-06   2.081458e+03   9.636713e-01   9.821559e-01   2.469078e-02
  2.395111e-02   8.602055e-05   2.070887e+03   9.867615e-01   9.926721e-01   1.431430e-02
  1.724830e-02   6.025667e-04   2.886207e+03   9.903845e-01   9.945305e-01   6.869336e-03
  2.147520e-02   4.827103e-05   2.318066e+03   9.903602e-01   9.932716e-01   1.017247e-02
  2.331904e-02   2.617295e-05   2.117612e+03   9.823977e-01   9.879831e-01   9.884089e-03
  1.353126e-02   4.974547e-04   3.765655e+03   1.013699e+00   1.001632e+00   9.004033e-03
  3.808155e-02   1.231726e-04   1.303259e+03   9.873598e-01   9.960516e-01   1.566659e-02
  2.680168e-02  -9.066797e-05   1.860553e+03   9.920516e-01   9.958241e-01   1.083511e-02
  4.644828e-02  -1.381586e-03   1.055764e+03   9.755885e-01   9.928593e-01   5.570718e-03
  2.867480e-02  -3.885446e-04   1.717416e+03   9.797289e-01   9.907457e-01   5.759286e-03
  2.153404e-02   4.305474e-04   2.285621e+03   9.791742e-01   9.870064e-01   2.903723e-02
  2.440641e-02  -9.945908e-05   2.030081e+03   9.857057e-01   9.926341e-01   1.283074e-02
  2.359534e-02   5.204584e-04   2.136256e+03   1.002789e+00   1.000143e+00   5.493954e-03
  2.446335e-02  -5.084626e-04   1.986288e+03   9.666925e-01   9.816235e-01   4.888001e-02
  2.917353e-02  -4.142627e-04   1.698771e+03   9.859481e-01   9.962368e-01   1.655670e-02
  2.813286e-02  -1.736869e-04   1.760580e+03   9.853712e-01   9.937742e-01   8.952356e-03
  1.404295e-02   2.276117e-04   3.560680e+03   9.947673e-01   9.994976e-01   7.404251e-03
  1.155058e-02   9.532766e-05   4.331083e+03   9.952461e-01   9.969681e-01   5.532140e-03
  4.867844e-02  -1.261147e-03   1.001123e+03   9.695138e-01   9.881988e-01   1.259005e-02
  2.723261e-02   2.276371e-05   1.815896e+03   9.838079e-01   9.908901e-01   5.054337e-03
  1.363240e-02   9.646172e-05   3.665179e+03   9.940262e-01   9.933948e-01   1.478164e-02
  6.508127e-02  -1.688865e-03   7.643570e+02   9.896517e-01   1.002871e+00   1.230682e-02
  1.920623e-02  -1.190235e-04   2.603841e+03   9.949168e-01   9.969467e-01   5.041034e-03
  1.885867e-02  -8.620311e-05   2.646016e+03   9.927360e-01   9.962567e-01   3.207515e-03
  1.672405e-02   5.686750e-04   2.971209e+03   9.885641e-01   9.897495e-01   1.000976e-02
  1.537017e-02   4.337938e-04   3.219439e+03   9.844393e-01   9.883432e-01   8.030785e-03
  2.672754e-02  -4.657732e-04   1.873194e+03   9.960287e-01   1.002043e+00   7.882624e-03
  1.512691e-02  -6.214648e-05   3.304767e+03   9.945375e-01   9.955350e-01   3.744205e-03
  2.520920e-02  -3.944769e-04   1.968044e+03   9.870156e-01   9.927634e-01   1.672063e-02
  2.414862e-02   4.040270e-04   2.082233e+03   1.000350e+00   1.005789e+00   1.558494e-02
  1.547841e-02   4.630202e-04   3.226710e+03   9.936112e-01   9.933058e-01   1.304439e-02
  1.438719e-02   3.222920e-04   3.459666e+03   9.902395e-01   9.917731e-01   7.172975e-03
  3.024373e-02  -3.000828e-04   1.633279e+03   9.827111e-01   9.920801e-01   1.840582e-02
  2.334714e-02  -2.407027e-04   2.138121e+03   9.931072e-01   9.958222e-01   9.772545e-03
  8.845285e-03   3.274137e-04   5.615157e+03   9.881067e-01   9.949344e-01   2.916525e-03
  1.177135e-02  -4.032383e-05   4.252632e+03   9.958968e-01   9.933150e-01   5.327905e-03
  1.678606e-02  -9.466887e-05   3.018830e+03   1.008133e+00   1.004431e+00   1.584245e-04
  1.923853e-02   7.653574e-04   2.624503e+03   1.004498e+00   9.991927e-01   6.514442e-03
  2.965668e-02  -1.340915e-04   1.675168e+03   9.883504e-01   9.948050e-01   1.847454e-02
  2.352928e-02   2.131999e-04   2.112986e+03   9.890889e-01   9.924760e-01   1.519032e-02
  3.416799e-02  -1.015871e-03   1.444385e+03   9.818216e-01   9.940576e-01   6.171017e-03
  2.528260e-02  -5.932729e-04   1.962084e+03   9.868917e-01   9.938505e-01   1.128705e-02
  1.613553e-02   3.799399e-04   3.145690e+03   1.009786e+00   1.000040e+00   2.534465e-02
  2.591214e-02   1.200131e-04   1.922066e+03   9.908359e-01   9.952996e-01   2.221212e-02
  1.132082e-02   1.110313e-04   4.483465e+03   1.009768e+00   1.001414e+00   9.155444e-03
  2.445744e-02  -3.007707e-04   2.007860e+03   9.769547e-01   9.862879e-01   2.597787e-02
  2.755319e-02  -6.789892e-04   1.797217e+03   9.851503e-01   9.934868e-01   8.571763e-03
  3.321639e-02  -8.066528e-04   1.484207e+03   9.807919e-01   9.928852e-01   8.985505e-03
  1.493797e-02   2.298339e-04   3.337295e+03   9.917819e-01   9.969012e-01   9.299154e-03
  2.366051e-02   2.440192e-04   2.075683e+03   9.770468e-01   9.879284e-01   9.315794e-03
  5.133441e-02  -4.376680e-04   9.422465e+02   9.622839e-01   9.822167e-01   2.403400e-02
  2.352647e-02   1.371453e-04   2.087647e+03   9.771109e-01   9.869626e-01   1.853643e-03
  1.995555e-02   3.291840e-04   2.492612e+03   9.895742e-01   9.893842e-01   9.463088e-03
  4.144480e-02  -9.026044e-04   1.192001e+03   9.828263e-01   9.931074e-01   1.241062e-02
  1.803679e-02   5.318999e-05   2.768659e+03   9.934795e-01   9.953341e-01   6.080213e-03
  1.769145e-02  -4.203697e-04   2.828313e+03   9.954540e-01   9.973025e-01   3.267740e-03
  1.745408e-02   6.598854e-04   2.857543e+03   9.922473e-01   9.930760e-01   6.013038e-03
  2.417281e-02   3.745124e-04   2.061426e+03   9.913456e-01   9.965894e-01   5.228093e-03
  3.358859e-02  -4.402526e-04   1.471905e+03   9.835615e-01   9.977495e-01   4.162711e-03
  6.257602e-03  -8.879345e-05   8.142861e+03   1.013713e+00   1.003557e+00   3.684593e-03
  2.885062e-02   3.012681e-04   1.755554e+03   1.007626e+00   1.007514e+00   1.819377e-02
  3.575119e-02   5.564241e-04   1.392369e+03   9.903192e-01   9.980554e-01   1.021276e-02
  1.805900e-02   1.667343e-04   2.743090e+03   9.855163e-01   9.898335e-01   1.359672e-02
  1.753176e-02   5.814493e-04   2.825010e+03   9.853162e-01   9.904800e-01   1.525202e-02
  2.481743e-02  -3.133132e-04   1.993802e+03   9.843937e-01   9.915881e-01   1.890244e-02
  1.683187e-02  -1.943269e-04   2.945169e+03   9.862176e-01   9.916803e-01   5.080200e-03
  1.212728e-02   4.856453e-05   4.090941e+03   9.869990e-01   9.916672e-01   1.746682e-03
  1.834043e-02  -8.931730e-05   2.665479e+03   9.725566e-01   9.800923e-01   1.657828e-02
  1.522797e-02  -4.497961e-04   3.213681e+03   9.735875e-01   9.832335e-01   8.483632e-03
  1.563433e-02   6.338815e-05   3.170975e+03   9.862847e-01   9.911090e-01   4.705320e-03
  3.303776e-02  -3.604088e-05   1.504874e+03   9.891014e-01   9.940672e-01   9.738128e-03
  3.086926e-02   7.850669e-04   1.601451e+03   9.834897e-01   9.909008e-01   1.246942e-02
  2.994319e-02  -7.265043e-04   1.651262e+03   9.836580e-01   9.942520e-01   6.164443e-03
  1.498256e-02  -8.379768e-05   3.329400e+03   9.923892e-01   9.933495e-01   6.385135e-03
  1.803657e-02   1.850843e-04   2.765401e+03   9.922979e-01   9.930969e-01   1.525687e-02
  3.076606e-02   1.338288e-04   1.622737e+03   9.932305e-01   9.982255e-01   8.621378e-03
  2.593752e-03  -7.499559e-05   1.965414e+04   1.014174e+00   1.001719e+00   7.030090e-03
  8.077257e-03  -3.112680e-04   6.212176e+03   9.982465e-01   9.939960e-01   9.196848e-03
  2.399412e-02   1.995949e-04   2.056797e+03   9.818075e-01   9.932060e-01   2.130043e-02
  3.261101e-02  -7.837661e-04   1.518288e+03   9.850278e-01   9.962011e-01   1.394552e-02
  1.663213e-02   1.464249e-04   2.999393e+03   9.924562e-01   9.959824e-01   6.952346e-03
  2.164146e-02   1.854767e-04   2.287669e+03   9.849402e-01   9.896854e-01   1.321679e-02
  3.343184e-02   5.394047e-05   1.469031e+03   9.770607e-01   9.885943e-01   9.954831e-03
  1.875584e-02   1.950907e-04   2.631979e+03   9.820847e-01   9.895707e-01   4.260721e-03
  1.327194e-02   4.958724e-04   3.698839e+03   9.766302e-01   9.816539e-01   2.898138e-02
  2.433317e-02   6.254995e-05   2.035132e+03   9.851930e-01   9.862774e-01   3.102658e-02
  3.027015e-02  -1.197177e-04   1.644567e+03   9.903670e-01   9.938310e-01   7.144106e-03
  1.327435e-02  -4.424251e-04   3.744067e+03   9.887509e-01   9.933219e-01   1.224633e-03
  1.531739e-02   2.770876e-04   3.232741e+03   9.851129e-01   9.893704e-01   8.466443e-03
  3.330241e-02   5.763136e-05   1.480553e+03   9.809116e-01   9.927594e-01   1.172510e-02
  2.138621e-02  -2.623611e-04   2.329878e+03   9.912818e-01   9.964375e-01   3.769448e-03
  1.436078e-02   1.074241e-05   3.487209e+03   9.962910e-01   9.951039e-01   4.597039e-03
  4.421495e-02  -2.087520e-05   1.116441e+03   9.820535e-01   9.910480e-01   2.145325e-02
  7.076836e-02   1.391663e-03   6.933727e+02   9.761938e-01   9.968538e-01   2.112144e-02
  3.288393e-02  -3.400802e-04   1.491803e+03   9.759446e-01   9.936750e-01   3.551736e-02
  1.783089e-02   5.793757e-04   2.795663e+03   9.917176e-01   9.924873e-01   2.242446e-02
  2.772816e-02  -1.526776e-04   1.793061e+03   9.891136e-01   9.948364e-01   1.501942e-02
  2.332466e-02  -1.332160e-04   2.132691e+03   9.896316e-01   9.972898e-01   1.845390e-03
  1.203157e-02   7.536263e-05   4.145767e+03   9.923328e-01   9.922833e-01   5.760307e-03
  1.773464e-02  -2.531966e-04   2.802942e+03   9.889323e-01   9.911290e-01   1.070069e-02
  5.010475e-02  -1.002112e-03   9.855297e+02   9.823784e-01   9.971839e-01   1.110344e-02
  2.072236e-02  -1.130812e-04   2.373391e+03   9.784501e-01   9.926062e-01   1.943145e-02
  2.429567e-02  -3.754034e-05   2.047031e+03   9.894265e-01   9.940856e-01   1.454992e-02
  4.735813e-02   9.781748e-04   1.033088e+03   9.733345e-01   9.900288e-01   1.923110e-02
  2.711352e-02  -1.164601e-04   1.806567e+03   9.744734e-01   9.879634e-01   7.507176e-03
  2.864695e-03   1.429438e-05   1.744685e+04   9.943183e-01   9.955017e-01   6.717553e-04
  2.367115e-02   4.024704e-04   2.086224e+03   9.824500e-01   9.894935e-01   1.415281e-02
  2.288441e-02   2.692630e-05   2.172236e+03   9.889560e-01   9.926119e-01   9.703984e-03
  1.337631e-02   4.883403e-05   3.701051e+03   9.848989e-01   9.890677e-01   3.983542e-03
  9.934078e-03   3.052281e-04   5.038892e+03   9.958474e-01   9.963058e-01   1.685085e-02
  3.906474e-02   9.217840e-05   1.253063e+03   9.738404e-01   9.914238e-01   3.182887e-02
  3.049783e-02  -6.882413e-04   1.626449e+03   9.868239e-01   9.989706e-01   8.138112e-03
  2.054373e-02  -4.670760e-07   2.443289e+03   9.985831e-01   1.000633e+00   7.677127e-03
  9.315101e-03  -5.204613e-05   5.350420e+03   9.915293e-01   9.862596e-01   2.441640e-02
  2.814102e-02  -1.763175e-04   1.752722e+03   9.812576e-01   9.906859e-01   6.687735e-03
  2.462050e-02   5.530026e-04   2.016216e+03   9.875612e-01   9.928657e-01   7.923599e-03
  2.065276e-02   6.607864e-04   2.418123e+03   9.935428e-01   9.947342e-01   9.918496e-03
  2.463091e-02   2.626547e-04   2.056035e+03   1.007491e+00   9.982182e-01   3.644421e-02
  2.746877e-02  -5.627945e-05   1.803728e+03   9.856902e-01   9.937886e-01   8.571493e-03
  6.532298e-03  -2.405553e-04   7.622691e+03   9.906140e-01   9.936783e-01   6.695070e-04
  1.263700e-02   8.697964e-05   3.899277e+03   9.802985e-01   9.869298e-01   6.679891e-03
  7.190146e-02   1.229398e-04   6.664969e+02   9.533800e-01   9.827976e-01   3.931784e-02
  1.842183e-02  -4.294685e-04   2.708382e+03   9.925968e-01   9.958686e-01   6.420588e-03
  2.055739e-02  -7.453082e-05   2.416298e+03   9.882083e-01   9.927614e-01   8.955270e-03
  1.080915e-02  -2.055560e-04   4.600865e+03   9.893759e-01   9.930074e-01   1.617487e-02
  6.895862e-02   1.226640e-04   6.727807e+02   9.229799e-01   9.576062e-01   3.527987e-02
  2.582345e-02  -1.089705e-04   1.909042e+03   9.807532e-01   9.911291e-01   2.626400e-02
  1.051027e-02   1.487568e-04   4.749249e+03   9.930453e-01   9.898473e-01   1.346074e-02
  2.147232e-02   3.444617e-05   2.326630e+03   9.938859e-01   9.940374e-01   1.767078e-02
  5.292926e-02   2.875947e-04   9.303371e+02   9.796396e-01   1.002778e+00   1.078493e-03
  1.720219e-02   4.957561e-05   2.879892e+03   9.855760e-01   9.899692e-01   9.155307e-03
  2.154233e-02  -5.482262e-04   2.311838e+03   9.907868e-01   9.940895e-01   5.872825e-03
  7.160811e-03  -2.358953e-04   7.045834e+03   1.003748e+00   9.966996e-01   1.152508e-02
  1.720922e-02   1.517482e-04   2.889299e+03   9.891993e-01   9.912178e-01   1.845052e-02
  3.620479e-02  -3.445482e-05   1.315652e+03   9.476263e-01   9.700828e-01   1.062859e-02
  3.201752e-02   4.680414e-04   1.527785e+03   9.731506e-01   9.858781e-01   1.820553e-02
  4.560130e-02   1.032247e-04   1.061958e+03   9.634175e-01   9.853550e-01   1.684003e-02
  3.988984e-03  -2.483556e-05   1.243990e+04   9.872094e-01   9.932631e-01   2.038889e-03
  2.298229e-02   3.355709e-04   2.167105e+03   9.908399e-01   9.949755e-01   8.073397e-03
  1.837959e-02   7.290443e-05   2.706231e+03   9.895342e-01   9.925414e-01   7.474307e-03
  2.498705e-02   4.131135e-04   1.970496e+03   9.795367e-01   9.842699e-01   2.944870e-02
           nan            nan            nan            nan            nan            nan
  2.519070e-02  -9.187869e-05   1.906335e+03   9.553653e-01   9.787190e-01   4.983953e-02
  3.401766e-02   5.522220e-05   1.450262e+03   9.814793e-01   9.947447e-01   1.676066e-02
  2.692158e-02  -5.469493e-05   1.849710e+03   9.906823e-01   1.001037e+00   2.809417e-03
  6.992801e-03   7.580091e-06   7.178175e+03   9.986088e-01   9.942658e-01   1.625147e-02
  1.898625e-02   6.497145e-05   2.600543e+03   9.822757e-01   9.884166e-01   7.477686e-03
  1.948694e-02   2.463316e-04   2.550891e+03   9.889303e-01   9.916791e-01   6.607074e-03
  3.709639e-02   5.360532e-04   1.329424e+03   9.811272e-01   9.928705e-01   7.692499e-03
           nan            nan            nan            nan            nan            nan
           nan            nan            nan            nan            nan            nan
  2.035334e-02  -3.155818e-04   2.329469e+03   9.432412e-01   9.668222e-01   1.756662e-03
  1.123864e-02  -3.654453e-04   4.424968e+03   9.893590e-01   9.904972e-01   2.321086e-03
  4.790226e-02  -5.417833e-04   1.008981e+03   9.615438e-01   9.803295e-01   3.205034e-02
  2.411785e-02   5.260702e-05   2.055689e+03   9.863390e-01   9.922511e-01   1.296695e-02
  2.415895e-02  -2.777811e-04   2.061158e+03   9.906481e-01   9.947216e-01   1.016702e-02
  2.133536e-02  -2.964143e-04   2.343431e+03   9.946775e-01   9.973008e-01   2.055854e-03
           nan            nan            nan            nan            nan            nan
           nan            nan            nan            nan            nan            nan
           nan            nan            nan            nan            inf            nan
  1.357704e-02   1.836479e-04   3.687915e+03   9.961301e-01   9.937160e-01   1.292157e-02
  5.328897e-02  -2.416502e-04   9.162384e+02   9.713506e-01   9.942321e-01   1.206061e-02
  3.688638e-02  -8.087497e-05   1.332299e+03   9.776828e-01   9.903753e-01   8.259901e-03
  1.437308e-02   1.081548e-04   3.435655e+03   9.824027e-01   9.882288e-01   4.788861e-03
  7.023604e-03   8.956692e-05   7.127022e+03   9.958599e-01   9.940572e-01   3.113591e-03
           nan            nan            nan            nan            nan            nan
           nan            nan            nan            nan            inf            nan
           nan            nan            nan            nan           -inf            nan
           nan            nan            nan            nan           -inf            nan
  3.346022e-02   9.779632e-04   1.495073e+03   9.952251e-01   1.004586e+00   3.918882e-03
  2.437627e-02  -2.804841e-04   2.050852e+03   9.945616e-01   1.000665e+00   2.761360e-03
  2.014411e-02   5.207466e-04   2.497846e+03   1.001022e+00   9.983188e-01   2.082892e-02
  1.041915e-02   1.999178e-04   4.821951e+03   9.995058e-01   9.931071e-01   1.455642e-02
           nan            nan            nan            nan            nan            nan
           nan            nan            nan            nan            nan            nan
           nan            nan            nan            nan           -inf            nan
           inf           -inf            nan            nan -9.929392e+263            nan
           inf            inf            nan            nan -9.929390e+263            nan
  6.179533e-03   5.017351e-05   8.101363e+03   9.959646e-01   9.936930e-01   6.574877e-03
  3.359088e-02  -5.476379e-04   1.436241e+03   9.597958e-01   9.791093e-01   9.435153e-03
  4.227598e-02  -7.613152e-04   1.168703e+03   9.829421e-01   9.926386e-01   1.921664e-02
           nan            nan            nan            nan            nan            nan
           nan            nan            nan            nan           -inf            nan
           inf            inf            nan            nan           -inf            nan
           inf           -inf            nan            nan -1.552191e+269            nan
  9.480981e-03  -3.570019e-04   5.369787e+03   1.012839e+00   1.003562e+00   9.113138e-03
  1.975903e-02  -3.728733e-04   2.497553e+03   9.817714e-01   9.854879e-01   3.786996e-02
  1.758147e-02  -4.871121e-04   2.900198e+03   1.014409e+00   1.007870e+00   6.249859e-03
  2.516229e-02  -2.306774e-04   1.970291e+03   9.863040e-01   9.933749e-01   5.655603e-03
           nan           -inf            nan            nan           -inf            nan
           inf            inf            nan            nan -9.489323e+269            nan
           inf           -inf            nan            nan -9.799044e+270            nan
  1.505309e-02   4.381739e-04   3.363577e+03   1.007296e+00   1.015102e+00   1.681793e-02
  3.269745e-02  -9.260583e-05   1.453023e+03   9.451841e-01   9.652214e-01   2.444213e-02
  6.730045e-02   2.185944e-04   7.182522e+02   9.616679e-01   9.920225e-01   3.555577e-02
  1.663108e-02   6.330423e-04   2.957701e+03   9.785992e-01   9.873336e-01   1.379222e-02
  1.261182e-02   3.826058e-04   3.970516e+03   9.962194e-01   9.945643e-01   5.631937e-03
           inf            inf            nan            nan -9.550380e+270            nan
           inf           -inf            nan            nan -3.578015e+271            nan
  2.201142e-02  -1.247434e-04   2.246161e+03   9.836014e-01   9.901320e-01   1.068583e-02
  4.760981e-02   1.439849e-03   1.016952e+03   9.632236e-01   9.848233e-01   3.642159e-02
  4.229839e-02   1.060738e-03   1.213122e+03   1.020842e+00   1.021482e+00   1.332302e-02
  1.891538e-02   6.289102e-04   2.647873e+03   9.964200e-01   1.008841e+00   8.480544e-03
  2.013122e-02   3.318651e-04   2.484388e+03   9.949923e-01   9.954898e-01   1.498385e-02
  3.010993e-02   5.180401e-04   1.663272e+03   9.963302e-01   9.967646e-01   1.625065e-02
           inf           -inf            nan            nan -3.028213e+271            nan
  3.132389e-02   9.594583e-05   1.551395e+03   9.667811e-01   9.827118e-01   3.044481e-02
  1.909302e-02   2.658883e-04   2.627648e+03   9.980954e-01   9.993216e-01   5.735558e-03
  6.697765e-02  -1.739008e-03   7.372624e+02   9.823859e-01   1.009557e+00   3.054074e-02
  1.447518e-02   6.489216e-05   3.295252e+03   9.489486e-01   9.704059e-01   1.109565e-02
  1.757510e-03  -3.392628e-05   2.830612e+04   9.897105e-01   9.891519e-01   1.178030e-02
  3.274987e-02  -1.223172e-03   1.496460e+03   9.750008e-01   9.880959e-01   1.526833e-02
  2.994590e-02  -7.005865e-04   1.643996e+03   9.794187e-01   9.900967e-01   1.394063e-02
  5.321862e-02  -2.945140e-04   9.152890e+02   9.690630e-01   9.876099e-01   2.905424e-02
  2.923100e-02   5.775463e-04   1.716613e+03   9.982655e-01   1.000161e+00   3.989860e-03
  1.824022e-02   2.530232e-04   2.711397e+03   9.839057e-01   9.883333e-01   7.846723e-03
  2.173536e-02  -2.079398e-04   2.255140e+03   9.751483e-01   9.937249e-01   8.553958e-03
  1.393286e-02  -3.718181e-04   3.615776e+03   1.002240e+00   1.000028e+00   1.562588e-03
  2.086377e-02  -2.373196e-04   2.374828e+03   9.857232e-01   9.874298e-01   1.145008e-02
  2.418005e-02  -1.171591e-04   2.069309e+03   9.954345e-01   9.975111e-01   1.374876e-02
  2.057362e-02  -7.894708e-04   2.445417e+03   1.000907e+00   9.978611e-01   4.095405e-03
  4.038201e-02   1.500032e-03   1.247595e+03   1.002286e+00   1.010728e+00   6.893071e-03
  3.039399e-02  -5.402133e-04   1.618967e+03   9.789395e-01   9.904831e-01   2.056624e-02
  2.652475e-02  -4.355550e-05   1.887413e+03   9.959749e-01   9.978895e-01   1.492811e-02
  1.887841e-02   7.393067e-04   2.645205e+03   9.934700e-01   9.909046e-01   5.130903e-03
  2.019449e-02   2.366070e-04   2.425134e+03   9.743138e-01   9.833926e-01   1.642364e-02
  2.896273e-02   3.845762e-04   1.729534e+03   9.965492e-01   1.000361e+00   1.470271e-02
  3.273672e-02   1.001471e-03   1.499797e+03   9.767823e-01   9.904436e-01   2.508195e-02
  2.127859e-02   4.760086e-04   2.304610e+03   9.755967e-01   9.854536e-01   3.123669e-02
  1.120918e-02   4.227320e-04   4.408809e+03   9.831625e-01   9.851699e-01   1.157289e-02
  2.636707e-02  -3.840152e-04   1.883307e+03   9.879006e-01   9.951462e-01   4.665528e-03
  3.451918e-02  -3.291591e-04   1.419531e+03   9.748448e-01   9.897270e-01   1.137737e-02
  3.899522e-02  -1.384882e-03   1.244995e+03   9.658488e-01   9.866434e-01   4.079665e-02
  2.767182e-02   7.383293e-05   1.796602e+03   9.890534e-01   9.962289e-01   5.586611e-03
  2.105707e-02   3.929616e-04   2.325691e+03   9.742718e-01   9.846307e-01   8.041827e-03
  2.705690e-02  -7.331447e-05   1.836683e+03   9.886494e-01   9.960085e-01   7.083886e-03
  4.491463e-02   1.550716e-03   1.117425e+03   9.984729e-01   1.001671e+00   6.813985e-03
  4.180452e-02  -1.480870e-03   1.189254e+03   9.890726e-01   9.971213e-01   3.291824e-02
  1.899687e-02   1.930421e-04   2.626215e+03   9.925271e-01   9.951272e-01   8.074078e-03
  1.583345e-02  -3.951388e-05   3.161765e+03   9.959448e-01   9.985849e-01   3.583609e-03
  4.309636e-02  -7.105349e-04   1.140144e+03   9.775303e-01   9.972953e-01   1.623219e-02
  1.904145e-02  -2.172967e-04   2.598311e+03   9.842861e-01   9.909600e-01   5.263028e-03
  2.910036e-02  -5.495405e-04   1.708842e+03   9.893057e-01   9.954752e-01   1.189220e-02
  1.948293e-02  -3.873290e-04   2.546425e+03   9.869960e-01   9.912940e-01   7.309312e-03
  2.393196e-02  -4.624184e-04   2.042560e+03   9.724860e-01   9.863285e-01   2.752966e-02
  5.033778e-02  -1.166850e-03   9.672374e+02   9.686286e-01   9.873782e-01   1.323840e-02
  2.257856e-02   6.124247e-05   2.197179e+03   9.869427e-01   9.904231e-01   7.747641e-03
  2.126004e-02   1.446925e-04   2.336394e+03   9.881896e-01   9.929871e-01   1.284684e-02
  3.675756e-02   1.451244e-03   1.355319e+03   9.911020e-01   9.995248e-01   7.836569e-03
  1.448977e-02   4.949769e-05   3.439679e+03   9.915382e-01   9.927637e-01   4.208072e-03
  3.045380e-02  -3.599765e-04   1.615446e+03   9.787327e-01   9.913691e-01   7.110297e-03
  1.948760e-02   1.899260e-04   2.531423e+03   9.814163e-01   9.876288e-01   8.574617e-03
  2.725607e-02  -9.334604e-04   1.805175e+03   9.788423e-01   9.888729e-01   2.463271e-03
  4.080277e-02  -1.621354e-03   1.196854e+03   9.715407e-01   9.893453e-01   3.947846e-03
  1.319408e-02   4.323531e-04   3.669296e+03   9.631454e-01   9.777457e-01   1.017132e-02
  2.221831e-02   3.971178e-04   2.192094e+03   9.689475e-01   9.855936e-01   2.354288e-02
  2.531276e-02   3.974630e-04   1.981551e+03   9.978721e-01   1.000017e+00   6.239558e-02
  1.834931e-02   3.047245e-04   2.741380e+03   1.000735e+00   9.960598e-01   4.771467e-03
  2.361215e-03   4.881032e-06   2.121757e+04   9.966930e-01   9.999663e-01   1.725731e-02
  1.666022e-02   2.461360e-04   2.918113e+03   9.671925e-01   9.782573e-01   3.793357e-03
  3.764848e-02  -7.272793e-04   1.301184e+03   9.745774e-01   9.929124e-01   9.425868e-03
  1.297637e-02   2.800179e-04   3.815394e+03   9.849699e-01   9.991586e-01   6.593749e-02
  1.808132e-02   2.225124e-04   2.820914e+03   1.014729e+00   1.004246e+00   1.220662e-02
  3.065956e-02  -6.671943e-05   1.641977e+03   1.001528e+00   1.003076e+00   3.594216e-03
  1.109123e-01  -1.886587e-03   4.281104e+02   9.446386e-01   9.795879e-01   1.938172e-02
  3.763562e-02  -1.022467e-03   1.311932e+03   9.822916e-01   9.942439e-01   1.985772e-02
  1.203887e-02   4.422947e-05   4.246331e+03   1.017020e+00   1.001418e+00   6.707011e-03
  2.175280e-02   3.072435e-04   2.388207e+03   1.033516e+00   1.017814e+00   8.544886e-03
  7.046238e-03  -1.469984e-04   7.361548e+03   1.031945e+00   1.011432e+00   1.119494e-02
  3.890642e-02   1.321823e-03   1.294101e+03   1.001659e+00   1.003913e+00   2.903992e-02
  3.783625e-02  -1.150593e-03   1.270583e+03   9.564040e-01   9.773690e-01   1.131976e-02
  1.849800e-02  -1.661602e-04   2.663738e+03   9.802714e-01   9.880043e-01   8.779430e-03
  4.285521e-02  -1.013543e-03   1.136640e+03   9.690732e-01   9.955049e-01   1.242404e-02
  4.734232e-02  -5.982069e-04   1.041841e+03   9.812533e-01   9.986720e-01   1.007490e-02
  5.238821e-02  -3.248571e-04   9.029373e+02   9.410686e-01   9.753041e-01   6.420514e-02
  3.356096e-02  -8.953074e-04   1.428757e+03   9.539440e-01   9.752799e-01   1.409184e-02
  3.531869e-02   9.835295e-04   1.346390e+03   9.460314e-01   9.685166e-01   2.683301e-02
  3.442582e-02  -1.202707e-03   1.408447e+03   9.646172e-01   9.864996e-01   3.763776e-02
  2.422087e-02  -2.285108e-04   2.072927e+03   9.988584e-01   1.002814e+00   5.992340e-03
  2.156100e-02  -1.098108e-04   2.318024e+03   9.942988e-01   9.978046e-01   1.413070e-02
  1.350799e-02   4.692846e-04   3.723819e+03   1.000713e+00   1.000065e+00   7.284722e-03
  2.568453e-02   6.059880e-04   1.924422e+03   9.833361e-01   9.938274e-01   4.814841e-03
  1.273492e-01  -2.842520e-03   3.830045e+02   9.703540e-01   1.014710e+00   1.038644e-02
  3.598114e-02  -9.245467e-04   1.401787e+03   1.003430e+00   1.005027e+00   3.414060e-03
  1.631120e-02  -9.127951e-05   3.061693e+03   9.935224e-01   1.006734e+00   2.853685e-02
  3.646602e-02  -1.385187e-03   1.394221e+03   1.011464e+00   1.007913e+00   1.458095e-02
  2.157535e-02   5.205905e-04   2.289330e+03   9.826443e-01   9.922773e-01   2.428853e-02
  3.864506e-02   3.781971e-04   1.281395e+03   9.851609e-01   9.961929e-01   1.226888e-02
  1.994650e-02   4.915733e-04   2.494506e+03   9.898772e-01   9.927149e-01   1.121332e-02
  8.856921e-03   9.050913e-05   5.739883e+03   1.011384e+00   1.003286e+00   1.013875e-03
  2.550347e-02  -1.865488e-05   1.905622e+03   9.668657e-01   9.968219e-01   3.493461e-02
  5.005195e-02   1.236891e-03   9.807096e+02   9.765435e-01   9.961725e-01   2.551908e-02
  4.345588e-02  -7.584344e-05   1.128343e+03   9.754830e-01   9.878415e-01   3.249888e-02
  1.558914e-02  -1.065432e-05   3.148446e+03   9.764465e-01   9.905675e-01   3.997995e-02
  1.565119e-02   2.823756e-04   3.194037e+03   9.945290e-01   9.961726e-01   2.636151e-02
  2.529371e-02   4.599285e-04   1.951475e+03   9.819868e-01   9.933985e-01   9.925520e-03
  2.718430e-02  -6.089292e-04   1.812961e+03   9.804753e-01   9.895103e-01   1.550702e-02
  1.812980e-02  -1.395543e-05   2.712632e+03   9.783948e-01   9.862568e-01   1.489747e-02
  2.315192e-02   5.280998e-04   2.160520e+03   9.951202e-01   9.955728e-01   2.750052e-02
  4.044569e-02   8.065671e-04   1.218046e+03   9.800904e-01   9.922023e-01   1.129405e-02
  3.992567e-02   1.648529e-04   1.199426e+03   9.526993e-01   9.794561e-01   4.952409e-02
  3.461001e-02   8.018019e-04   1.450640e+03   9.988299e-01   1.006083e+00   5.362886e-02
  5.430835e-02  -6.588237e-04   9.089798e+02   9.820892e-01   9.967787e-01   1.805686e-02
  2.390651e-02  -2.605260e-04   2.096169e+03   9.969480e-01   1.000655e+00   1.530403e-02
  2.900321e-02  -6.132506e-04   1.720815e+03   9.929112e-01   1.003007e+00   7.903337e-03
  2.912035e-02  -1.024442e-04   1.712887e+03   9.923284e-01   9.983419e-01   9.769589e-03
  3.817031e-02   5.488454e-04   1.243130e+03   9.440011e-01   9.768841e-01   5.899876e-02
  3.191791e-02  -1.060004e-03   1.537789e+03   9.764756e-01   9.906772e-01   3.982110e-02
  9.852199e-02   2.031315e-03   4.971392e+02   9.744091e-01   1.013691e+00   1.806919e-02
  7.794589e-02  -8.282577e-04   6.220980e+02   9.646775e-01   9.870766e-01   1.494146e-02
  2.313306e-02  -7.054748e-05   2.137832e+03   9.838679e-01   9.967260e-01   2.339789e-02
  1.004390e-02  -1.666136e-04   4.973312e+03   9.937530e-01   9.952381e-01   1.742155e-02
  2.754649e-02   4.513070e-04   1.767699e+03   9.687345e-01   9.814186e-01   1.108266e-02
  2.220969e-02  -2.981666e-04   2.230778e+03   9.856644e-01   9.955918e-01   1.691814e-02
  8.518275e-02  -2.423286e-03   5.864401e+02   9.938149e-01   1.013326e+00   9.634185e-03
  6.212405e-02  -3.539276e-04   7.929058e+02   9.799671e-01   1.003406e+00   2.485843e-02
  1.711318e-02  -2.230233e-04   2.959307e+03   1.007514e+00   1.001282e+00   1.356032e-02
  2.916026e-02  -3.758464e-04   1.732646e+03   1.005152e+00   1.009447e+00   1.673186e-02
  4.203718e-02   4.768896e-04   1.186553e+03   9.923181e-01   9.980735e-01   1.047016e-02
  2.509068e-02   5.367416e-04   1.981935e+03   9.893087e-01   9.927449e-01   1.198027e-02
  1.727218e-02   4.471093e-04   2.964229e+03   1.018566e+00   1.010678e+00   8.744273e-04
  2.193043e-02  -2.950489e-05   2.283676e+03   9.963500e-01   9.987552e-01   3.829489e-03
  1.773475e-02  -1.707982e-04   2.767433e+03   9.764100e-01   9.925956e-01   6.603059e-03
  3.451446e-02   1.103574e-03   1.449699e+03   9.954264e-01   1.003475e+00   3.324265e-03
  4.803892e-02  -1.689694e-03   1.008517e+03   9.638434e-01   9.877368e-01   5.887725e-02
  3.997096e-03   5.748151e-05   1.231074e+04   9.789463e-01   9.836894e-01   4.044758e-02
  1.771389e-02  -4.231153e-05   2.783940e+03   9.810790e-01   9.910331e-01   2.197671e-02
  2.487751e-02   1.106132e-04   1.987419e+03   9.836180e-01   9.928223e-01   8.915848e-03
  1.527219e-02  -3.344278e-04   3.214035e+03   9.765216e-01   9.854367e-01   1.672758e-02
  2.317810e-02   1.693049e-04   2.130893e+03   9.825838e-01   9.900891e-01   6.481643e-03
  9.537216e-03   3.651409e-04   5.298693e+03   1.005357e+00   9.957156e-01   4.113480e-03
  1.036794e-02  -6.404914e-05   4.767763e+03   9.834159e-01   9.853890e-01   4.379692e-03
  1.021468e-01   4.019061e-04   4.739080e+02   9.630505e-01   9.990748e-01   3.449990e-02
  8.945701e-02  -4.763112e-04   5.361842e+02   9.542421e-01   9.835284e-01   4.142301e-02
  2.798144e-02  -3.332486e-04   1.777957e+03   9.897411e-01   9.947228e-01   6.147081e-03
  3.030231e-02  -3.223037e-04   1.631377e+03   9.834677e-01   9.932736e-01   3.796162e-03
  2.679497e-02  -4.272745e-04   1.859751e+03   9.913754e-01   9.961073e-01   6.835961e-03
  2.577984e-02   3.234036e-04   1.932884e+03   9.913252e-01   9.978878e-01   3.376944e-03
  3.869032e-02  -2.835760e-04   1.255757e+03   9.665804e-01   9.855489e-01   3.333269e-02
  1.871851e-02  -3.180748e-04   2.670448e+03   9.944560e-01   9.941447e-01   8.523146e-03
  4.389376e-02   1.625520e-03   1.153064e+03   1.006900e+00   1.014646e+00   3.139710e-03
  1.123472e-01   1.774230e-03   4.330674e+02   9.679388e-01   1.010074e+00   2.737406e-02
  4.071161e-03   6.826478e-06   1.229752e+04   9.960155e-01   9.940451e-01   7.770822e-03
  3.319812e-02   9.785362e-05   1.492905e+03   9.859973e-01   9.952100e-01   8.257060e-03
  3.268360e-02   5.237436e-04   1.509723e+03   9.816512e-01   9.939871e-01   1.094010e-02
  1.370747e-02   2.404296e-05   3.611919e+03   9.849759e-01   9.895399e-01   3.797799e-03
  6.544745e-02  -9.480096e-04   7.483187e+02   9.743376e-01   9.963413e-01   1.945881e-03
  2.751567e-02   3.401123e-04   1.789601e+03   9.796397e-01   9.883791e-01   6.197819e-03
  9.734537e-03   2.186113e-04   4.979706e+03   9.643822e-01   9.764740e-01   2.622930e-02
  2.685332e-02  -2.037520e-04   1.816968e+03   9.706787e-01   9.805496e-01   1.999811e-02
  1.680940e-02  -2.596974e-04   2.993534e+03   1.001075e+00   9.976357e-01   1.266279e-02
  1.781139e-02   6.647151e-05   2.796767e+03   9.910240e-01   9.959165e-01   3.496098e-03
  2.432196e-02   4.398735e-04   2.033505e+03   9.839520e-01   9.946149e-01   3.007799e-03
  2.752118e-02  -1.025400e-03   1.813813e+03   9.930927e-01   9.974474e-01   1.156028e-02
  1.135236e-02   2.651156e-04   4.410782e+03   9.961666e-01   1.001626e+00   5.067656e-03
  2.226905e-02   2.021482e-04   2.242510e+03   9.934963e-01   9.962651e-01   2.810759e-03
  4.019964e-02  -8.195359e-04   1.256201e+03   1.004642e+00   1.007543e+00   2.795798e-03
  4.179418e-02  -8.725509e-04   1.143237e+03   9.505662e-01   9.858065e-01   8.276980e-02
  2.600836e-02  -6.765160e-04   1.898344e+03   9.822408e-01   9.914206e-01   5.563909e-03
  4.722193e-03  -6.012721e-05   1.064867e+04   1.000390e+00   1.001058e+00   2.810780e-02
  2.010541e-02  -3.908714e-04   2.487358e+03   9.949043e-01   9.961489e-01   8.662198e-03
  2.699571e-02  -3.406495e-04   1.818239e+03   9.765085e-01   9.877447e-01   2.154341e-02
  7.804777e-03   2.371663e-04   6.380407e+03   9.906927e-01   9.869233e-01   1.183512e-02
  1.815753e-02  -9.180733e-05   2.743145e+03   9.909136e-01   9.931498e-01   3.128484e-03
  1.173738e-02  -3.220346e-05   4.225993e+03   9.868021e-01   9.874676e-01   2.038522e-03
  1.208403e-01  -4.433753e-04   3.827891e+02   9.202409e-01   9.744203e-01   7.787652e-02
  1.237498e-02  -7.848107e-05   3.990592e+03   9.824531e-01   9.850126e-01   2.307421e-03
  4.285046e-02  -3.530958e-04   1.139034e+03   9.710070e-01   9.805943e-01   1.901117e-02
  2.317694e-02  -3.659741e-04   2.125455e+03   9.800276e-01   9.874721e-01   9.542833e-03
  7.070846e-02   2.601281e-03   6.958452e+02   9.788455e-01   1.002295e+00   2.354940e-02
  5.141293e-02  -1.014899e-03   9.542886e+02   9.760729e-01   9.937135e-01   3.079200e-02
  1.958980e-02  -7.283019e-05   2.542741e+03   9.909739e-01   9.932106e-01   7.384514e-03
  1.578950e-03   4.074386e-05   3.303813e+04   1.037801e+00   1.023975e+00   1.757724e-03
  1.797274e-01   5.032790e-03   2.609221e+02   9.329434e-01   1.015965e+00   4.172739e-02
  4.067344e-03  -7.214958e-06   1.228869e+04   9.943671e-01   9.902198e-01   6.671981e-03
  6.776316e-02   5.948514e-04   7.251499e+02   9.775784e-01   1.004942e+00   3.510238e-02
  3.641594e-02   5.953529e-04   1.365433e+03   9.892184e-01   9.963445e-01   1.092567e-02
  3.048187e-02   9.460494e-04   1.588844e+03   9.635026e-01   9.871145e-01   4.403632e-02
  7.218188e-02  -8.454750e-04   6.729354e+02   9.663439e-01   9.954791e-01   7.082126e-03
  2.087898e-02  -7.886816e-05   2.359299e+03   9.799916e-01   9.890878e-01   9.556535e-03
  2.387863e-02  -8.978459e-04   2.005027e+03   9.524883e-01   9.641330e-01   4.198450e-02
  3.075400e-02   2.387733e-04   1.370846e+03   8.387263e-01   9.284861e-01   1.041970e-01
  2.610742e-02  -8.820605e-05   1.873979e+03   9.733274e-01   9.843740e-01   1.731868e-02
  2.692215e-02   3.724164e-04   1.785996e+03   9.565778e-01   9.881442e-01   8.401129e-03
  3.214969e-02   7.457504e-04   1.525928e+03   9.759801e-01   9.923982e-01   1.323126e-02
  7.681483e-02  -2.644570e-03   6.355003e+02   9.711605e-01   1.000018e+00   3.276282e-02
  2.454484e-02   6.559510e-04   2.033519e+03   9.929758e-01   1.001930e+00   3.607358e-03
  2.406203e-02   2.547971e-05   2.087907e+03   9.994788e-01   9.991617e-01   2.962887e-03
  1.038642e-01   1.179726e-03   4.573184e+02   9.449625e-01   9.866511e-01   4.519857e-02
           inf           -inf            nan            nan            inf            nan
  1.978419e-02   5.062904e-05   2.459804e+03   9.681638e-01   9.843413e-01   1.662323e-02
  1.943034e-02  -1.408061e-04   2.651972e+03   1.025131e+00   1.007582e+00   1.285943e-02
  4.207193e-02  -3.531379e-04   1.183689e+03   9.907407e-01   1.001347e+00   1.215773e-02
  2.299887e-02  -8.095104e-04   2.140121e+03   9.792080e-01   9.947749e-01   2.903157e-02
  1.089286e-02   2.223977e-04   4.571734e+03   9.907249e-01   9.897005e-01   2.614173e-03
  1.433715e-02   4.121920e-05   3.466625e+03   9.887801e-01   9.918153e-01   7.431874e-03
  5.900541e-02   2.101193e-03   8.370987e+02   9.826494e-01   1.010694e+00   8.324128e-03
           nan            nan            nan            nan            nan            nan
           nan            nan            nan            nan            nan            nan
  3.228273e-02  -1.308915e-04   1.450625e+03   9.316557e-01   9.794155e-01   8.680813e-02
  2.617042e-02  -1.020445e-03   1.875289e+03   9.763579e-01   9.910047e-01   2.129856e-02
  6.075490e-02   1.948210e-03   8.045852e+02   9.724863e-01   9.993973e-01   5.669621e-02
  1.286520e-02   2.021239e-04   3.868607e+03   9.901510e-01   9.908777e-01   4.123992e-03
  1.980440e-02   7.964218e-05   2.509284e+03   9.886480e-01   9.904980e-01   1.011458e-02
  1.635360e-03  -4.081980e-05   3.024951e+04   9.841510e-01   9.856497e-01   2.173229e-02
           nan            nan            nan            nan            nan            nan
           nan            nan            nan            nan            nan            nan
           nan            nan            nan            nan            nan            nan
  1.929986e-02  -3.837777e-04   2.674197e+03   1.026780e+00   1.016574e+00   1.762007e-02
  6.036253e-02   1.887705e-03   8.056093e+02   9.674356e-01   9.953465e-01   2.378539e-02
  2.595821e-02   7.188230e-04   1.908329e+03   9.855036e-01   9.912175e-01   1.649429e-02
  3.992449e-02  -4.259642e-04   1.226895e+03   9.744889e-01   9.880024e-01   5.047248e-03
  2.009553e-02  -7.335150e-04   2.522437e+03   1.008440e+00   9.998783e-01   9.211954e-03
           nan            nan            nan            nan            nan            nan
           nan            nan            nan            nan            nan            nan
           nan            nan            nan            nan           -inf            nan
           nan            nan            nan            nan            inf            nan
  3.287679e-02  -1.182777e-03   1.498119e+03   9.798643e-01   9.987656e-01   4.469636e-02
  3.624013e-02  -2.918841e-04   1.351210e+03   9.741880e-01   9.891744e-01   1.265348e-02
  1.908376e-02  -1.252431e-04   2.646602e+03   1.004807e+00   1.003871e+00   2.597887e-03
  2.060887e-02  -1.641950e-04   2.344166e+03   9.611092e-01   9.772518e-01   2.917142e-02
           nan            nan            nan            nan            nan            nan
           nan            nan            nan            nan            nan            nan
           nan            nan            nan            nan            inf            nan
           nan            nan            nan            nan           -inf            nan
           inf            inf            nan            nan           -inf            nan
  3.747249e-02  -1.484172e-03   1.316069e+03   9.811180e-01   9.933967e-01   2.546773e-03
  8.591944e-03   4.938293e-06   5.814560e+03   9.938902e-01   9.978905e-01   2.484046e-03
  3.098675e-02   1.055005e-03   1.610937e+03   9.930809e-01   9.993041e-01   1.006487e-02
           nan            nan            nan            nan            nan            nan
           nan            nan            nan            nan            inf            nan
           nan            nan            nan            nan            nan            nan
           nan            nan            nan            nan           -inf            nan
           inf           -inf   0.000000e+00   1.000000e-22 -2.463241e+263            inf
           inf            inf   0.000000e+00   1.000000e-22 -2.463240e+263            inf
  1.793035e-02  -3.700350e-04   2.717240e+03   9.692746e-01   9.825517e-01   6.878820e-02
  2.988668e-02   3.872943e-04   1.671149e+03   9.936260e-01   9.963220e-01   1.966767e-02
           nan            nan            nan            nan            inf            nan
           nan            nan            nan            nan            nan            nan
           nan            nan            nan            nan           -inf            nan
           nan            nan            nan            nan           -inf            nan
           inf            inf            nan            nan -1.220322e+269            nan
  5.821694e-02   2.151772e-03   8.189412e+02   9.484890e-01   9.749701e-01   1.481848e-02
  1.225483e-01  -2.970662e-03   3.891350e+02   9.487197e-01   9.867107e-01   1.493201e-02
  5.381957e-02  -1.329786e-03   9.062877e+02   9.703680e-01   9.886486e-01   1.395436e-02
           nan            nan            nan            nan           -inf            nan
           nan            nan            nan            nan           -inf            nan
           nan            inf            nan            nan            inf            nan
           inf            inf            nan            nan -9.829251e+270            nan
  3.106658e-02   8.965003e-04   1.502693e+03   9.287393e-01   9.734953e-01   6.020018e-02
  2.010774e-02  -7.783502e-04   2.488488e+03   9.954717e-01   1.013789e+00   6.655460e-02
  1.888599e-02   5.580448e-04   2.636193e+03   9.904828e-01   1.008017e+00   2.189216e-02
  2.195273e-02   7.409782e-05   2.257161e+03   9.857828e-01   9.947686e-01   3.846400e-03
           nan           -inf            nan            nan           -inf            nan
           inf           -inf            nan            nan -7.913230e+270            nan
           inf            inf            nan            nan -5.894319e+271            nan
  1.846115e-02   5.250605e-04   2.883602e+03   1.059069e+00   1.028345e+00   8.510398e-02
  3.211440e-02   8.882849e-04   1.654360e+03   1.056963e+00   1.045995e+00   8.127161e-03
  5.464733e-02  -9.666025e-04   8.901075e+02   9.677017e-01   9.843342e-01   8.349101e-03
  8.562620e-03   7.600567e-05   5.896276e+03   1.004418e+00   9.951718e-01   4.009052e-03
  2.892179e-03   5.436125e-05   1.736799e+04   9.993210e-01   9.939843e-01   2.144780e-03
           inf           -inf            nan            nan -4.538895e+270            nan
           inf            inf            nan            nan -1.173431e+272            nan
  2.120245e-02  -4.070772e-04   2.290679e+03   9.662297e-01   9.815727e-01   2.359956e-03
  6.210406e-02  -1.621086e-03   7.319904e+02   9.043894e-01   8.894145e-01   2.199203e-02
  1.137431e-02  -4.389668e-07   4.378508e+03   9.907897e-01   9.942571e-01   3.536963e-02
  5.388411e-02   1.126705e-03   9.034854e+02   9.685276e-01   9.928631e-01   5.291023e-02
  2.104337e-02  -2.895556e-04   2.366930e+03   9.909024e-01   9.911520e-01   1.337257e-02
  2.681544e-02  -3.061213e-04   1.823832e+03   9.729711e-01   9.814095e-01   4.284229e-02
           inf  6.186742e+272   0.000000e+00   1.000000e-22 -7.376619e+271            inf
  4.642774e-02  -8.075105e-06   1.062187e+03   9.810896e-01   9.911951e-01   2.272225e-02
  3.017297e-02   4.637850e-04   1.625225e+03   9.755771e-01   9.886278e-01   1.095934e-02
  1.976043e-02  -7.075936e-04   2.550447e+03   1.002635e+00   1.008227e+00   1.918375e-03
  5.554877e-02   7.791670e-04   8.835945e+02   9.764670e-01   9.955809e-01   2.279545e-02
  3.843251e-02   1.355679e-03   1.262079e+03   9.649739e-01   9.850373e-01   4.099467e-03
  3.389725e-02  -1.965873e-04   1.458856e+03   9.838001e-01   9.944400e-01   1.205222e-02
  1.345945e-01   8.993194e-04   3.597834e+02   9.633825e-01   9.994622e-01   4.783434e-02
  3.394320e-02  -1.243039e-03   1.422919e+03   9.608664e-01   9.832460e-01   2.127452e-03
  2.953467e-02   2.954699e-04   1.634592e+03   9.604435e-01   9.812416e-01   6.726197e-02
  3.029037e-02   3.021758e-04   1.637263e+03   9.866275e-01   9.925474e-01   3.911569e-04
  4.557749e-03  -8.261900e-05   1.090009e+04   9.883494e-01   9.909676e-01   1.211840e-02
  2.434323e-02   6.140309e-04   2.021090e+03   9.788003e-01   9.932461e-01   1.060337e-03
  1.549540e-03  -8.064005e-07   3.334215e+04   1.027843e+00   1.011570e+00   1.909393e-03
  1.327041e-02   9.180120e-05   3.758810e+03   9.923503e-01   9.935993e-01   3.136762e-03
  8.751494e-02   3.973309e-04   5.523777e+02   9.617196e-01   1.000733e+00   7.289979e-03
  8.337277e-03   3.174727e-04   5.940350e+03   9.852953e-01   9.878749e-01   1.078125e-02
  8.556721e-02  -6.446159e-05   5.679140e+02   9.667632e-01   9.983255e-01   1.685753e-02
  2.310963e-02  -3.659274e-04   2.130525e+03   9.795124e-01   9.882490e-01   1.296527e-02
  2.257165e-02   7.405919e-04   2.201469e+03   9.885667e-01   9.994045e-01   3.261546e-02
  7.946497e-03  -2.126777e-04   6.301673e+03   9.962349e-01   9.947983e-01   3.958108e-03
  3.167576e-03   9.829990e-05   1.574589e+04   9.922574e-01   9.868244e-01   1.648684e-02
  1.553062e-02  -2.373735e-04   3.232790e+03   9.988412e-01   9.977949e-01   1.051493e-02
  1.924933e-03   2.798534e-05   2.572969e+04   9.853268e-01   9.908518e-01   2.571836e-02
  3.940920e-02   1.317503e-03   1.242677e+03   9.742852e-01   9.839863e-01   2.053567e-02
  1.928635e-02  -4.236005e-04   2.537907e+03   9.737691e-01   9.910259e-01   1.282332e-02
  2.214926e-02  -3.560985e-04   2.224604e+03   9.802620e-01   9.897878e-01   9.679283e-03
  4.238803e-02  -6.234612e-04   1.179269e+03   9.944577e-01   1.003531e+00   7.390215e-03
  2.470333e-02  -4.000522e-04   2.007112e+03   9.864096e-01   9.924527e-01   1.023890e-02
  3.656244e-02   1.558182e-04   1.324246e+03   9.632390e-01   9.836265e-01   1.176627e-02
  2.196027e-02  -1.019800e-04   2.255502e+03   9.853966e-01   9.916894e-01   8.322889e-04
  2.248090e-02   2.756262e-04   2.209818e+03   9.883262e-01   9.912361e-01   2.851427e-02
  5.371064e-02  -1.570505e-03   9.021559e+02   9.639889e-01   9.904021e-01   3.035920e-02
  1.906253e-02  -1.077601e-04   2.642854e+03   1.002268e+00   1.000217e+00   6.683699e-03
  3.889503e-02   4.639729e-04   1.282751e+03   9.925826e-01   9.992243e-01   1.173969e-02
  2.823404e-03   6.496700e-06   1.745351e+04   9.803609e-01   9.973220e-01   1.554409e-02
  2.318447e-02   4.271983e-04   2.135075e+03   9.847831e-01   9.940567e-01   4.100212e-03
  3.088753e-02  -8.584828e-04   1.610096e+03   9.893845e-01   9.985924e-01   5.122275e-03
  1.067071e-02   8.467031e-05   4.832730e+03   1.025926e+00   1.011212e+00   7.466175e-03
  8.045720e-02   7.249695e-04   6.300117e+02   1.008425e+00   1.010289e+00   2.796417e-02
  1.181169e-01  -1.516183e-03   4.052400e+02   9.522576e-01   9.807050e-01   1.897074e-02
  4.743670e-02   3.703185e-04   1.069056e+03   1.008893e+00   1.017340e+00   1.274698e-02
  1.125895e-02   9.279725e-05   4.360916e+03   9.768004e-01   1.010122e+00   9.709101e-02
  1.066258e-01   2.688654e-04   4.667555e+02   9.901063e-01   1.007442e+00   6.143211e-02
  5.280388e-03  -6.758098e-06   9.643374e+03   1.013036e+00   9.976992e-01   1.214977e-02
  7.671482e-02  -1.713239e-03   6.409091e+02   9.781508e-01   1.009698e+00   3.138356e-02
  1.932499e-02  -2.434330e-04   2.612374e+03   1.004349e+00   1.003977e+00   1.581607e-02
  5.787063e-02  -2.273596e-03   8.548571e+02   9.841967e-01   9.880590e-01   2.925934e-03
  1.051982e-01   5.219658e-04   4.835298e+02   1.011956e+00   1.041975e+00   8.052992e-02
  7.035421e-03  -1.634819e-04   7.195235e+03   1.007083e+00   9.914587e-01   7.944418e-03
  3.941420e-02   8.259931e-05   1.270479e+03   9.962083e-01   9.886866e-01   8.156056e-03
  4.493230e-02   1.233103e-03   9.852422e+02   8.807077e-01   9.715044e-01   1.896467e-01
  3.417192e-02   6.956577e-04   1.412573e+03   9.603079e-01   9.811125e-01   4.106978e-02
  5.690963e-02   1.069592e-03   8.354577e+02   9.458893e-01   9.940113e-01   7.228966e-02
  1.191663e-02  -4.394626e-05   4.150253e+03   9.839167e-01   9.801744e-01   8.963599e-03
  3.898713e-02   1.200511e-03   1.244406e+03   9.651912e-01   9.962020e-01   7.664736e-02
  6.627552e-02  -9.334685e-05   7.175302e+02   9.460704e-01   9.823050e-01   3.844068e-02
  4.303866e-03  -1.258643e-04   1.156473e+04   9.902033e-01   9.992519e-01   6.535333e-02
  4.287494e-02  -3.543878e-04   1.139338e+03   9.718209e-01   9.977247e-01   5.879545e-02
  1.909131e-01  -5.396540e-03   2.505148e+02   9.514791e-01   1.029378e+00   9.471560e-03
  7.308070e-02   6.334593e-04   6.737739e+02   9.795960e-01   1.010706e+00   5.356777e-03
  9.419690e-02   7.491815e-04   5.139915e+02   9.632137e-01   9.979897e-01   6.511429e-02
  6.102184e-02  -8.452498e-05   7.821603e+02   9.495355e-01   9.911097e-01   7.840134e-02
  3.952049e-02   9.064624e-05   1.252857e+03   9.850401e-01   1.037393e+00   8.704304e-02
  1.707948e-02   5.434003e-04   2.969138e+03   1.008870e+00   1.010833e+00   5.505308e-02
  6.476940e-02  -9.145193e-04   7.600965e+02   9.794194e-01   1.004877e+00   5.640550e-03
  9.984455e-02   1.251890e-04   4.784037e+02   9.502745e-01   9.957962e-01   6.375362e-03
  2.876019e-02  -5.757037e-04   1.703519e+03   9.746954e-01   1.001651e+00   3.003245e-02
  6.486035e-03  -7.665492e-05   7.391164e+03   9.537230e-01   9.806355e-01   2.811425e-02
  6.135094e-02  -2.090154e-03   7.829391e+02   9.556071e-01   9.966793e-01   7.624854e-02
  7.633751e-02  -8.750110e-04   6.128921e+02   9.307910e-01   9.886028e-01   2.825697e-02
  3.863876e-02   6.769492e-04   1.227346e+03   9.434533e-01   9.563935e-01   2.705876e-02
  1.969292e-01  -1.794387e-03   2.363646e+02   9.260246e-01   9.777652e-01   7.288311e-02
  1.472092e-02   2.926855e-04   3.402222e+03   9.963862e-01   9.985992e-01   1.134931e-02
  9.484656e-03   3.012667e-04   5.237132e+03   9.882010e-01   1.002523e+00   4.210057e-02
  5.106624e-03   9.348520e-05   9.903020e+03   1.006078e+00   9.939242e-01   1.016592e-02
  3.849758e-03   1.351602e-04   1.341642e+04   1.027543e+00   1.008523e+00   3.510066e-03
  1.005103e-01  -2.490133e-03   4.912047e+02   9.822077e-01   1.007800e+00   3.705091e-03
  4.566534e-02  -7.170153e-04   1.107738e+03   1.006361e+00   1.000625e+00   1.234953e-02
  2.301205e-01   1.228220e-03   1.863746e+02   8.532418e-01   9.517035e-01   1.209991e-01
  1.711783e-01   2.834895e-03   2.812040e+02   9.576360e-01   1.038467e+00   9.230088e-02
  1.304984e-02   6.390029e-05   3.925613e+03   1.019161e+00   1.008120e+00   2.216634e-02
  1.706862e-02  -5.103852e-04   2.907516e+03   9.873032e-01   9.863289e-01   2.176081e-02
  2.606389e-02  -6.173052e-04   1.876442e+03   9.729817e-01   9.792982e-01   4.169033e-02
  1.147229e-02   2.489868e-04   4.364121e+03   9.960409e-01   9.912997e-01   2.095783e-02
  1.272780e-02   6.857006e-05   3.842935e+03   9.730751e-01   1.006428e+00   9.982941e-02
  3.168315e-02   1.187066e-03   1.588498e+03   1.001256e+00   1.010769e+00   1.046588e-01
  2.656512e-01   4.559061e-03   1.724567e+02   9.114271e-01   1.059179e+00   3.115125e-01
  1.005288e-01   6.171325e-04   4.737599e+02   9.474994e-01   9.814943e-01   4.775390e-02
  3.133129e-02  -7.667841e-05   1.539038e+03   9.593072e-01   9.779460e-01   2.614243e-02
  7.231243e-02  -1.738276e-03   6.691808e+02   9.626903e-01   9.882124e-01   1.758559e-02
  1.226042e-01   2.962757e-03   3.878414e+02   9.459970e-01   1.002440e+00   3.299900e-02
  4.105924e-02   1.384777e-03   1.175912e+03   9.605412e-01   9.835423e-01   5.997090e-03
  5.686854e-02  -3.354013e-04   8.810034e+02   9.967353e-01   1.001285e+00   4.741002e-02
  3.172226e-02  -2.497190e-04   1.499431e+03   9.462822e-01   9.734206e-01   8.212495e-02
  3.235665e-01   5.653063e-06   1.240431e+02   7.984842e-01   9.714424e-01   2.025779e-01
  1.909647e-02  -6.124866e-04   2.502018e+03   9.505474e-01   9.813178e-01   7.722974e-02
  3.376259e-02  -7.406352e-04   1.484513e+03   9.971257e-01   1.006001e+00   1.873095e-02
  8.539084e-02   1.673906e-04   5.669781e+02   9.631805e-01   9.998608e-01   5.207365e-03
  5.230193e-02   9.356903e-04   9.062990e+02   9.430166e-01   9.959629e-01   5.433055e-02
  2.221277e-02   4.450280e-04   2.245681e+03   9.923868e-01   1.000970e+00   4.423860e-03
  4.905029e-02  -1.417612e-03   9.536076e+02   9.305537e-01   9.737349e-01   4.021807e-02
  5.083139e-02   2.638048e-04   1.012415e+03   1.023813e+00   1.034213e+00   2.008794e-02
  8.573907e-02   1.227465e-03   5.899926e+02   1.006365e+00   1.016585e+00   5.259525e-02
  5.748654e-02  -1.892152e-03   8.239678e+02   9.423376e-01   9.777910e-01   3.706528e-02
  1.366680e-02  -3.852402e-04   3.593516e+03   9.770493e-01   9.855952e-01   8.419273e-03
  1.985064e-02   6.703855e-04   2.491478e+03   9.839241e-01   9.961226e-01   2.598870e-02
  2.146493e-02   2.229868e-05   2.346831e+03   1.002170e+00   9.989405e-01   1.210086e-02
  1.337634e-02  -1.916151e-04   3.741102e+03   9.955589e-01   9.934174e-01   2.921119e-03
  5.847354e-02  -2.197810e-03   8.471277e+02   9.854586e-01   1.003759e+00   3.610204e-03
  4.665904e-02  -1.244456e-03   1.019974e+03   9.467931e-01   9.704152e-01   6.781307e-03
  3.210956e-02   1.087923e-03   1.436087e+03   9.173715e-01   9.495280e-01   9.492039e-02
  7.181907e-02   2.837071e-03   6.845088e+02   9.780226e-01   1.002352e+00   2.820651e-02
  4.772537e-02   2.261322e-04   1.028144e+03   9.761882e-01   9.929560e-01   2.312127e-02
  2.750638e-02   4.285955e-04   1.784962e+03   9.767707e-01   9.843963e-01   6.389073e-03
  1.075436e-02  -2.218592e-04   4.620863e+03   9.886391e-01   9.881096e-01   1.712431e-02
  1.877198e-02   1.392190e-04   2.636425e+03   9.845907e-01   9.903950e-01   4.725165e-03
  1.977873e-02   4.490006e-04   2.454133e+03   9.656650e-01   9.864929e-01   4.420901e-02
  1.063180e-02  -2.840020e-04   4.736033e+03   1.001733e+00   1.001530e+00   2.635051e-02
  1.124059e-01  -1.118467e-03   4.265336e+02   9.538330e-01   1.013898e+00   6.609577e-02
  5.136386e-02   2.012785e-03   9.340797e+02   9.544908e-01   9.865401e-01   2.820931e-02
  4.601850e-02   1.097805e-03   1.072203e+03   9.816113e-01   9.979469e-01   5.206724e-03
  2.990038e-02  -2.789992e-06   1.657267e+03   9.858238e-01   9.967242e-01   2.751189e-02
  6.001634e-02   9.262181e-04   8.156930e+02   9.739269e-01   9.932318e-01   8.902910e-03
  2.805585e-02   1.287351e-04   1.761510e+03   9.831928e-01   9.931611e-01   2.098134e-03
  4.527250e-02   1.692049e-03   1.091193e+03   9.828022e-01   9.954348e-01   2.293189e-02
  3.311402e-02   7.249545e-04   1.472773e+03   9.702368e-01   9.843530e-01   1.033101e-02
  5.636494e-02  -1.218679e-03   8.367067e+02   9.382368e-01   9.753062e-01   2.333875e-02
  4.641112e-02  -1.833286e-03   1.052047e+03   9.713762e-01   9.929581e-01   3.866409e-02
  6.129688e-03   7.169628e-06   8.107006e+03   9.886191e-01   9.872821e-01   6.196232e-03
  4.524269e-02  -1.190562e-03   1.078514e+03   9.707429e-01   9.899128e-01   4.669207e-03
  2.803812e-02   3.706982e-04   1.743860e+03   9.727262e-01   9.954096e-01   2.981089e-02
  2.475952e-02  -3.094157e-04   1.995542e+03   9.829540e-01   9.906112e-01   1.366799e-03
  5.404350e-02  -2.070887e-03   8.896154e+02   9.564801e-01   9.905189e-01   4.526714e-02
  2.241490e-02   1.773997e-04   2.220327e+03   9.901111e-01   9.951434e-01   2.077379e-03
  4.657973e-03   1.525985e-04   1.086461e+04   1.006795e+00   9.972031e-01   8.873637e-03
  1.413112e-02  -3.960304e-04   3.462988e+03   9.735492e-01   9.735564e-01   3.221975e-02
  2.324294e-02  -7.332757e-04   2.129320e+03   9.846056e-01   9.897554e-01   1.803065e-02
  3.229033e-02  -1.238005e-03   1.538646e+03   9.884198e-01   9.980273e-01   2.548204e-02
  4.846656e-02  -3.252990e-04   1.019216e+03   9.827399e-01   9.953631e-01   6.401776e-03
  1.870470e-02   4.102568e-04   2.659417e+03   9.896175e-01   9.943974e-01   9.241027e-03
  3.912788e-02  -1.510134e-03   1.270965e+03   9.893503e-01   1.003487e+00   1.564991e-02
  1.561365e-02  -2.930043e-04   3.171365e+03   9.851011e-01   9.874785e-01   3.027529e-03
  1.745766e-02  -5.842010e-04   2.826638e+03   9.817173e-01   9.846117e-01   1.718530e-02
  9.043725e-02   3.401174e-03   5.182176e+02   9.323729e-01   9.907316e-01   1.012618e-01
  5.650733e-02   4.531242e-05   8.530885e+02   9.590231e-01   9.858150e-01   1.105004e-02
  5.189796e-02   1.337469e-03   9.165853e+02   9.463533e-01   9.781132e-01   2.274604e-02
  3.235733e-02  -5.746332e-04   1.499453e+03   9.652409e-01   9.863440e-01   2.993951e-02
  2.975941e-02   5.336836e-04   1.668070e+03   9.875719e-01   9.955648e-01   4.306519e-03
  2.851039e-02   4.231392e-04   1.715601e+03   9.730826e-01   9.884298e-01   2.819451e-02
  3.056507e-02   1.069742e-04   1.623359e+03   9.871204e-01   9.957373e-01   8.170991e-03
  8.150768e-02  -3.021624e-03   6.056049e+02   9.820149e-01   1.003657e+00   3.452135e-02
  1.637547e-01   5.600050e-03   2.912475e+02   9.488249e-01   1.014788e+00   8.173033e-03
  3.489985e-02   1.160096e-03   1.426308e+03   9.903003e-01   9.988785e-01   8.163230e-03
  4.642352e-02   1.832928e-03   1.095050e+03   1.011352e+00   1.014909e+00   3.064664e-03
  5.199778e-02  -1.520056e-05   9.580748e+02   9.910928e-01   1.005059e+00   7.595420e-03
  2.399831e-02  -2.076966e-04   2.051532e+03   9.794655e-01   9.877325e-01   2.251614e-03
  3.377802e-02   1.327716e-03   1.457006e+03   9.790971e-01   9.935294e-01   4.275378e-02
  3.288286e-02   7.195272e-04   1.495667e+03   9.784409e-01   9.891276e-01   2.261492e-03
  6.701533e-02   2.030649e-03   6.702281e+02   8.935666e-01   9.645871e-01   1.123835e-01
  4.399476e-02  -1.112294e-03   1.052669e+03   9.213459e-01   9.821794e-01   1.784595e-01
  1.703267e-02   4.848524e-04   2.848711e+03   9.652980e-01   9.771212e-01   7.229143e-03
  2.238354e-02  -2.501123e-04   2.135571e+03   9.509835e-01   9.747154e-01   2.749586e-02
  2.712179e-02   4.608748e-04   1.800227e+03   9.713500e-01   9.834306e-01   1.598610e-02
  5.392477e-03  -1.100132e-04   9.222202e+03   9.893571e-01   9.911039e-01   5.051299e-03
  7.786030e-02  -2.268972e-03   6.196564e+02   9.598363e-01   9.934476e-01   2.872746e-02
  1.441646e-02  -2.005213e-04   3.471608e+03   9.956796e-01   9.930871e-01   7.296460e-03
  1.714914e-01   6.821325e-03   2.979486e+02   1.016515e+00   1.050030e+00   1.089403e-02
  1.357280e-01  -3.387770e-03   3.406900e+02   9.199386e-01   1.000716e+00   7.662227e-02
  1.504458e-02  -2.902672e-05   3.333001e+03   9.975751e-01   9.944653e-01   7.052747e-03
  3.483697e-02  -1.201553e-03   1.435702e+03   9.950272e-01   1.000232e+00   4.103659e-03
  2.527601e-02   8.589668e-05   1.971929e+03   9.915848e-01   1.001612e+00   3.613471e-02
  1.505322e-02  -3.585238e-04   3.314652e+03   9.926529e-01   9.994840e-01   2.620841e-02
  2.654888e-02  -1.053862e-03   1.860108e+03   9.824595e-01   9.994775e-01   1.577773e-02
  2.689459e-02  -4.742116e-04   1.843702e+03   9.864741e-01   9.924805e-01   7.203217e-03
  4.084527e-02  -4.296870e-04   1.116989e+03   9.076550e-01   9.613798e-01   9.258569e-02
  2.655076e-01  -2.863288e-03   1.803472e+02   9.526130e-01   1.146787e+00   3.157733e-01
  4.938340e-02   1.268179e-03   8.814747e+02   8.660063e-01   9.264438e-01   2.169769e-02
  2.184197e-02  -7.370089e-04   2.204788e+03   9.580512e-01   9.752240e-01   3.709181e-02
  4.759201e-02  -9.209803e-04   1.025228e+03   9.706991e-01   9.877307e-01   2.933750e-03
  6.032261e-02   2.058488e-04   7.912012e+02   9.495050e-01   9.809181e-01   5.820421e-03
  9.669764e-03  -1.069768e-04   5.216630e+03   1.003543e+00   9.962315e-01   4.910531e-03
  3.393620e-02   5.612649e-04   1.453803e+03   9.815196e-01   9.927808e-01   6.660070e-03
  6.677882e-02  -1.794412e-03   7.547743e+02   1.002735e+00   1.009036e+00   6.230390e-03
           nan           -inf            nan            nan            inf            nan
  1.183096e-01   3.109098e-05   3.932929e+02   9.256911e-01   8.735073e-01   1.121571e-01
  7.747311e-02   2.150904e-03   6.182797e+02   9.529412e-01   9.978133e-01   2.162624e-02
  3.189126e-02   2.663795e-04   1.539452e+03   9.767153e-01   1.000489e+00   5.468087e-02
  1.935485e-02   5.784808e-04   2.626383e+03   1.011295e+00   1.011958e+00   1.759995e-02
  1.591973e-02   4.737218e-04   3.075920e+03   9.741834e-01   9.835585e-01   1.721388e-02
  3.310265e-02   1.149224e-03   1.510007e+03   9.944246e-01   9.976088e-01   1.251259e-03
  2.592720e-02  -5.440222e-04   1.844375e+03   9.513383e-01   9.754769e-01   5.331801e-02
           nan            nan            nan            nan            nan            nan
           nan            nan            nan            nan            nan            nan
  1.848093e-02   3.501873e-04   2.311776e+03   8.499626e-01   9.397954e-01   4.016256e-02
  8.850112e-02   7.277434e-04   5.474666e+02   9.639102e-01   9.998535e-01   3.265441e-03
  7.756331e-03  -3.749879e-05   6.256845e+03   9.654768e-01   9.740724e-01   1.495617e-02
  3.758647e-02   1.450610e-03   1.313201e+03   9.819581e-01   9.925783e-01   7.374089e-03
  1.958545e-02  -4.244931e-04   2.478113e+03   9.655723e-01   9.812837e-01   2.404268e-02
  7.259408e-02   1.804632e-03   6.800761e+02   9.821749e-01   1.000224e+00   6.370238e-03
           nan            nan            nan            nan            nan            nan
           nan            nan            nan            nan            nan            nan
           nan            nan            nan            nan            nan            nan
  7.666851e-03  -1.069679e-04   6.716993e+03   1.024524e+00   1.014178e+00   3.016332e-02
  9.217206e-02  -3.064771e-03   5.380867e+02   9.866922e-01   1.013898e+00   3.595078e-02
  2.153170e-02  -3.429972e-04   2.259563e+03   9.679055e-01   9.862787e-01   2.996246e-02
  6.772655e-02  -2.683692e-03   7.440365e+02   1.002498e+00   1.015183e+00   1.537891e-02
  3.820087e-02   5.738827e-04   1.310015e+03   9.955883e-01   1.003874e+00   5.587022e-03
           nan            nan            nan            nan            nan            nan
           nan            nan            nan            nan            nan            nan
           nan            nan            nan            nan            nan            nan
           nan            nan            nan            nan            inf            nan
  5.510478e-02  -4.463319e-05   8.149361e+02   8.933939e-01   9.687830e-01   1.327381e-01
  7.250840e-02  -2.861689e-03   6.819339e+02   9.836956e-01   9.996923e-01   1.176236e-02
  3.518149e-02   9.538835e-04   1.312995e+03   9.189832e-01   9.668284e-01   6.343139e-02
  8.378642e-03  -7.147063e-05   5.957341e+03   9.930160e-01   9.898027e-01   5.906408e-03
           nan            nan            nan            nan            nan            nan
           nan            nan            nan            nan            nan            nan
           nan            nan            nan            nan            inf            nan
           inf           -inf            nan            nan           -inf            nan
           inf            inf            nan            nan           -inf            nan
  1.824200e-02   2.707885e-04   2.726885e+03   9.896222e-01   1.008083e+00   4.488489e-02
  1.148241e-01   2.956612e-03   4.423078e+02   1.010387e+00   1.018158e+00   5.091258e-03
  6.534048e-03   4.133745e-05   7.741220e+03   1.006287e+00   9.988858e-01   1.329119e-02
           nan            nan            nan            nan            nan            nan
           nan            nan            nan            nan            inf            nan
           nan            nan            nan            nan            nan            nan
           nan            nan            nan            nan           -inf            nan
  1.893653e-02  -1.192053e-05   2.337959e+03   8.807803e-01   9.648513e-01   2.090692e-01
  5.901890e-03   1.673877e-04   8.498119e+03   9.978013e-01   1.004051e+00   2.302032e-02
  4.110902e-02  -1.043045e-03   1.140860e+03   9.330391e-01   9.908446e-01   1.251269e-01
  1.838623e-02   3.350613e-05   2.670837e+03   9.769451e-01   9.848667e-01   6.493642e-03
           nan            nan            nan            nan            nan            nan
           nan            nan            nan            nan            nan            nan
           nan            nan            nan            nan           -inf            nan
  3.451027e-02  -1.161194e-03   1.378015e+03   9.460900e-01   1.001823e+00   1.669154e-01
  2.998064e-01  -8.015347e-03   1.610891e+02   9.608092e-01   1.044509e+00   3.424033e-02
  4.140214e-02  -1.070095e-03   1.180141e+03   9.720460e-01   9.700828e-01   2.084873e-02
  9.247110e-02  -3.130564e-03   5.378411e+02   9.894416e-01   1.006935e+00   8.972723e-03
  2.763266e-02  -1.098133e-03   1.820622e+03   1.000858e+00   1.003001e+00   9.384136e-03
           nan            nan            nan            nan            nan            nan
           nan            nan            nan            nan           -inf            nan
  2.233560e-02  -1.154370e-04   2.141009e+03   9.513629e-01   9.750769e-01   2.636781e-02
  1.600010e-01  -5.668885e-03   3.282136e+02   1.044743e+00   1.055585e+00   8.648049e-02
  1.162504e-01  -2.112969e-03   3.722778e+02   8.609777e-01   9.798242e-01   2.331264e-01
  1.500109e-01   4.669974e-03   3.223894e+02   9.621301e-01   1.017756e+00   3.210756e-02
  2.984491e-02   6.271176e-04   1.619803e+03   9.617509e-01   9.819495e-01   3.124307e-02
  1.470895e-02  -3.206799e-04   3.316986e+03   9.706339e-01   9.828093e-01   3.813574e-02
           nan            inf            nan            nan           -inf            nan
  1.256813e-01  -3.729695e-03   3.772819e+02   9.433371e-01   9.856484e-01   2.528272e-02
  4.915498e-02  -4.304765e-04   1.003901e+03   9.817218e-01   1.021464e+00   5.555953e-02
  4.045598e-02  -1.342401e-03   9.095098e+02   7.320155e-01   9.192021e-01   4.713264e-01
  2.158606e-01   4.896944e-03   2.204936e+02   9.468900e-01   1.032599e+00   9.862632e-02
  7.285576e-02   2.432366e-03   6.447426e+02   9.345025e-01   9.894489e-01   4.143998e-02
  5.254229e-02   1.866316e-03   9.337142e+02   9.760074e-01   9.955329e-01   5.103613e-03
  7.539562e-02   2.699301e-03   6.556071e+02   9.833767e-01   1.002507e+00   2.684117e-02
  8.597887e-02   2.633404e-03   5.673745e+02   9.704914e-01   1.007658e+00   1.061817e-02
  2.963769e-02   9.637667e-04   1.670897e+03   9.851994e-01   1.002104e+00   4.712478e-02
  1.260460e-02  -2.067295e-04   3.889985e+03   9.754544e-01   9.878831e-01   2.784697e-02
  2.854621e-01  -1.080535e-02   1.576831e+02   8.954961e-01   1.033363e+00   5.900012e-03
  5.050819e-02   1.740529e-04   9.507892e+02   9.553800e-01   9.986331e-01   8.871980e-02
  1.116439e-01  -4.158294e-03   4.224565e+02   9.383118e-01   9.906122e-01   5.565242e-02
  2.163406e-02  -1.818409e-04   2.293448e+03   9.870907e-01   9.946038e-01   1.472102e-02
  3.970820e-02   1.209149e-03   1.192482e+03   9.420242e-01   9.806204e-01   5.934559e-02
  2.857712e-02   8.746058e-05   1.779043e+03   1.011428e+00   1.012796e+00   1.642345e-02
  7.011824e-02   1.530875e-03   7.005657e+02   9.772598e-01   9.972907e-01   6.531111e-03
  5.854536e-03   7.108142e-05   8.770705e+03   1.021544e+00   1.009405e+00   1.505966e-02
  5.279779e-02   2.041246e-03   9.123824e+02   9.583470e-01   9.984824e-01   5.276407e-02
  4.067624e-02  -1.297533e-03   1.207242e+03   9.769344e-01   9.886847e-01   2.696121e-02
  1.281826e-01  -2.368189e-03   3.691269e+02   9.413146e-01   1.004376e+00   7.060954e-02
  1.531018e-02  -4.112574e-04   3.225395e+03   9.824116e-01   9.853077e-01   5.221451e-03
  7.846949e-02  -2.434357e-03   6.218873e+02   9.708287e-01   9.983017e-01   3.353815e-02
  1.458047e-02  -3.514894e-05   3.325120e+03   9.645149e-01   9.751478e-01   1.260727e-03
  1.523326e-02  -5.899462e-04   3.230058e+03   9.788886e-01   9.939276e-01   5.252347e-02
  1.753793e-02   3.676831e-04   2.759407e+03   9.627738e-01   9.715488e-01   2.073237e-02
  2.286557e-02  -2.588952e-04   2.148890e+03   9.775216e-01   9.785813e-01   1.642506e-02
  6.218483e-02   5.140988e-04   7.742768e+02   9.578794e-01   9.948041e-01   4.065826e-02
  1.186691e-01   4.590730e-03   4.000563e+02   9.444713e-01   9.975067e-01   2.223551e-02
  3.490082e-02   1.403136e-04   1.416446e+03   9.834808e-01   9.913048e-01   5.004914e-03
  6.078317e-03  -2.217503e-04   8.116983e+03   9.815403e-01   9.970748e-01   6.447114e-02
  1.191925e-02   1.149837e-04   4.216295e+03   9.997931e-01   9.942062e-01   5.257531e-03
  6.810449e-02  -8.766337e-04   7.221264e+02   9.784060e-01   9.931740e-01   1.526433e-02
  3.761103e-02  -1.183398e-04   1.320887e+03   9.883504e-01   1.001517e+00   1.174398e-02
  5.947224e-02  -2.076216e-03   8.258243e+02   9.770844e-01   1.005391e+00   5.398718e-02
  6.213145e-02   1.127098e-03   7.748231e+02   9.577324e-01   9.903852e-01   4.802256e-03
  9.085923e-03   3.254626e-04   5.437315e+03   9.828419e-01   9.888861e-01   5.082344e-02
  3.396388e-02  -1.782858e-05   1.449071e+03   9.791226e-01   9.980335e-01   3.443634e-02
  3.500181e-02   1.477049e-04   1.462882e+03   1.018662e+00   1.011415e+00   3.070435e-03
  1.584523e-02  -1.122896e-04   3.078857e+03   9.705506e-01   9.860104e-01   4.830451e-02
  5.215491e-02   4.480950e-04   9.092799e+02   9.434588e-01   9.874135e-01   6.234042e-02
  9.567189e-02  -2.585575e-05   5.014199e+02   9.543685e-01   1.000648e+00   1.063235e-02
  5.518022e-02  -6.844763e-04   8.464919e+02   9.292580e-01   9.804493e-01   7.253124e-02
  4.699531e-03  -1.629359e-04   1.071398e+04   1.001695e+00   9.968023e-01   4.485606e-03
  6.590018e-02  -2.608901e-03   7.353419e+02   9.640645e-01   9.877313e-01   1.605704e-02
  4.153679e-02  -2.366499e-04   1.136295e+03   9.389752e-01   9.685506e-01   9.340950e-03
  1.688077e-02  -2.723758e-04   2.589167e+03   8.695259e-01   9.364168e-01   1.004294e-01
  3.391929e-02   1.062121e-03   1.317038e+03   8.887410e-01   9.464004e-01   1.011945e-01
  1.313870e-01  -4.239745e-03   3.376481e+02   8.825656e-01   9.526260e-01   2.456921e-02
  1.408124e-01  -3.603174e-04   3.035822e+02   8.504475e-01   9.810080e-01   2.463187e-01
  1.357987e-02   4.038516e-05   3.526525e+03   9.527365e-01   9.992823e-01   5.841861e-02
  7.249632e-02   1.819933e-03   6.628804e+02   9.560515e-01   9.886949e-01   2.579899e-02
  8.897173e-02  -2.542820e-03   5.400638e+02   9.559325e-01   9.962237e-01   1.340831e-02
  1.925642e-02  -2.512153e-04   2.391962e+03   9.163472e-01   9.445645e-01   5.802267e-03
  8.986737e-02   2.367002e-04   4.822417e+02   8.621780e-01   9.970453e-01   1.890116e-01
  8.065147e-02   1.988653e-03   6.655093e+02   1.067816e+00   1.139584e+00   3.981747e-02
  1.464852e-02   1.995555e-04   3.332412e+03   9.711415e-01   9.902684e-01   3.959900e-02
  1.983119e-01   1.584213e-03   2.502150e+02   9.871708e-01   1.047571e+00   5.572787e-02
  5.463951e-02   8.042452e-04   9.154402e+02   9.951004e-01   1.007590e+00   5.333121e-02
  6.311894e-02   2.494214e-03   7.918477e+02   9.943323e-01   1.015199e+00   1.809260e-02
  4.326052e-02  -9.064151e-04   1.114509e+03   9.591917e-01   9.864936e-01   4.372277e-02
  4.281197e-02   1.366840e-03   1.253424e+03   1.067563e+00   1.050410e+00   8.173021e-03
  1.008357e-01   8.807646e-04   5.412778e+02   1.085837e+00   1.065572e+00   6.231942e-02
  2.278598e-02   1.066100e-04   2.165618e+03   9.817025e-01   9.850628e-01   4.661349e-02
  9.149564e-03   2.479731e-04   5.189578e+03   9.446318e-01   9.680873e-01   8.335025e-03
  4.978812e-02   5.751729e-04   9.076404e+02   8.990207e-01   9.633429e-01   1.266434e-01
  5.749614e-02  -1.633102e-03   8.578291e+02   9.812274e-01   1.006316e+00   5.868533e-02
  1.726384e-02  -6.647483e-05   2.767810e+03   9.506130e-01   9.769832e-01   3.843387e-02
  1.622828e-02   3.069558e-04   3.105773e+03   1.002704e+00   9.950389e-01   2.103492e-02
  2.778580e-02  -6.367874e-04   1.624904e+03   8.982157e-01   9.359319e-01   6.856080e-02
  5.979427e-02  -1.698071e-03   5.426705e+02   6.455441e-01   8.574387e-01   4.531998e-01
  2.835140e-01   8.055349e-03   1.468356e+02   8.282012e-01   9.557271e-01   3.076438e-01
  3.036185e-02  -7.594855e-04   1.701047e+03   1.027483e+00   1.019525e+00   4.407006e-02
  8.160241e-02  -1.450543e-03   6.137478e+02   9.963756e-01   1.019197e+00   2.520163e-02
  6.769529e-02  -2.304631e-03   7.119279e+02   9.587924e-01   9.891890e-01   1.916321e-02
  5.446151e-02  -6.776624e-04   9.362792e+02   1.014437e+00   1.004799e+00   1.646560e-02
  4.035215e-03  -4.756988e-05   1.265624e+04   1.016019e+00   1.010118e+00   5.607644e-02
  6.728257e-02   1.752979e-03   8.013842e+02   1.072688e+00   1.053991e+00   6.604687e-02
  2.397553e-01   5.908072e-03   2.118415e+02   1.010437e+00   1.129076e+00   2.334946e-01
  1.938455e-01   2.771655e-03   2.266638e+02   8.741137e-01   1.011597e+00   1.403691e-01
  4.322591e-02  -1.163068e-03   1.121661e+03   9.645746e-01   9.834811e-01   1.841703e-02
  1.241865e-02  -2.389250e-04   3.835274e+03   9.475476e-01   9.752959e-01   5.239675e-02
  2.566865e-02   7.055029e-04   1.894824e+03   9.676137e-01   9.926744e-01   6.282671e-02
  8.762419e-02  -4.522948e-04   5.204829e+02   9.073202e-01   9.800103e-01   1.007814e-01
  6.193206e-02  -2.274206e-03   7.754781e+02   9.554659e-01   9.911050e-01   4.683594e-02
  3.085515e-02  -1.787175e-04   1.499660e+03   9.205568e-01   9.647772e-01   9.374461e-02
  1.147846e-01   1.414275e-03   3.852236e+02   8.796839e-01   9.578226e-01   4.652420e-02
  6.044394e-02   7.585230e-04   8.005801e+02   9.626927e-01   9.852520e-01   7.400746e-02
  2.971157e-02   3.036372e-04   1.648582e+03   9.744649e-01   9.866650e-01   1.977801e-02
  3.082465e-02   1.084990e-03   1.647333e+03   1.010206e+00   1.005242e+00   2.014187e-02
  1.089929e-01   3.646672e-03   4.513090e+02   9.785934e-01   1.009330e+00   1.845359e-02
  1.791428e-01   5.731104e-03   2.660367e+02   9.481371e-01   1.023449e+00   1.152546e-02
  1.249726e-01  -2.102245e-04   3.926074e+02   9.761206e-01   1.019655e+00   1.834055e-02
  9.620975e-02   1.515677e-03   5.115256e+02   9.790765e-01   1.021388e+00   3.326773e-02
  2.445879e-01   6.494851e-03   1.707971e+02   8.310850e-01   9.907244e-01   2.986423e-01
  3.199033e-02   5.821909e-04   1.591684e+03   1.012991e+00   1.008875e+00   6.231876e-02
  6.044851e-02  -6.033993e-04   8.283638e+02   9.961778e-01   1.018211e+00   4.409474e-02
  7.432336e-02   1.507107e-03   6.507738e+02   9.622447e-01   9.995715e-01   2.162947e-02
  4.258140e-02  -2.546880e-04   1.114907e+03   9.444709e-01   9.889031e-01   1.112833e-01
  2.693538e-02   8.976671e-04   1.778719e+03   9.531483e-01   9.810825e-01   6.937047e-02
  7.627416e-02   2.102367e-03   6.210869e+02   9.424535e-01   9.967972e-01   1.002931e-01
  1.117351e-01  -1.184763e-03   4.160386e+02   9.248115e-01   9.946929e-01   1.117070e-01
  2.471802e-01   8.895024e-04   1.921664e+02   9.449768e-01   9.751933e-01   8.137313e-02
  9.993348e-02   9.395668e-04   4.515747e+02   8.977818e-01   9.761771e-01   1.410479e-01
  8.824164e-02  -4.784303e-04   5.433916e+02   9.539303e-01   9.840750e-01   3.779584e-02
  5.204601e-02  -2.070141e-03   9.218700e+02   9.545248e-01   9.913409e-01   4.485973e-02
  1.249300e-01  -2.614326e-03   3.938010e+02   9.787545e-01   1.016150e+00   6.550469e-03
  4.832369e-03   1.410266e-05   1.040975e+04   1.000761e+00   9.994462e-01   5.226160e-02
  1.327629e-02   2.435040e-04   3.757235e+03   9.923736e-01   9.965402e-01   6.687087e-02
  8.283383e-02   2.546830e-03   6.007916e+02   9.900604e-01   1.017686e+00   9.082190e-02
  5.202134e-01   3.676584e-03   7.231417e+01   7.484023e-01   1.009398e+00   3.953517e-01
  2.202301e-01   3.920299e-04   2.226382e+02   9.754535e-01   1.035364e+00   4.622335e-02
  8.986808e-02   8.562533e-04   5.469802e+02   9.779287e-01   1.027409e+00   1.341508e-01
  3.388306e-02   3.879032e-04   1.498738e+03   1.010273e+00   1.012255e+00   2.171491e-02
  3.802869e-02  -4.378394e-04   1.234119e+03   9.336809e-01   9.868971e-01   1.252626e-01
  4.011679e-02   2.223662e-04   1.225231e+03   9.778543e-01   9.958263e-01   2.448439e-02
  5.785912e-02  -1.762757e-03   8.424032e+02   9.696655e-01   9.909993e-01   9.442714e-03
  4.087695e-03   7.311558e-05   1.254942e+04   1.020546e+00   9.901051e-01   1.969472e-02
  4.612306e-01   7.272318e-03   9.178224e+01   8.421838e-01   1.065747e+00   2.033404e-01
  3.246115e-02  -2.218006e-04   1.470795e+03   9.498306e-01   9.803357e-01   4.687368e-02
  1.045914e-01   4.719077e-04   4.475457e+02   9.312436e-01   9.936560e-01   7.383342e-02
  1.185705e-02   1.794951e-05   4.192393e+03   9.889375e-01   9.882225e-01   2.915848e-02
  9.176147e-02   3.141870e-03   5.398587e+02   9.855318e-01   1.010161e+00   9.000320e-03
  4.090722e-02   5.502854e-04   1.200524e+03   9.770141e-01   9.949365e-01   7.641913e-03
  3.599919e-02   6.837386e-04   1.367966e+03   9.797113e-01   9.960000e-01   1.377638e-02
  8.206182e-02   9.504392e-04   5.672989e+02   9.261540e-01   9.733890e-01   2.452892e-02
  1.075893e-01   1.978847e-04   3.968361e+02   8.493964e-01   9.433927e-01   1.886174e-01
  3.017374e-03   5.415047e-05   1.663835e+04   9.987792e-01   9.905178e-01   9.340917e-03
  4.635710e-02  -1.295713e-03   1.068934e+03   9.858189e-01   9.958761e-01   3.594354e-02
  3.795671e-02   2.613591e-04   1.281219e+03   9.674806e-01   9.866903e-01   7.222013e-03
  2.629652e-02  -6.744823e-05   1.839097e+03   9.621284e-01   9.883956e-01   4.586364e-02
  2.927601e-02   3.939107e-05   1.705558e+03   9.933641e-01   9.952477e-01   2.960842e-03
  2.317962e-02  -5.064057e-05   2.153163e+03   9.929179e-01   9.906564e-01   7.217570e-03
  2.871914e-02  -6.931708e-04   1.696295e+03   9.691767e-01   9.981875e-01   4.061743e-02
  2.986698e-02  -6.693845e-04   1.732530e+03   1.029443e+00   1.022162e+00   2.992055e-03
  1.396552e-02  -3.243681e-04   3.527945e+03   9.801876e-01   9.827514e-01   2.417347e-03
  2.102769e-02   1.119342e-04   2.348113e+03   9.822923e-01   9.896516e-01   1.506383e-02
  3.125665e-02  -7.093099e-04   1.604599e+03   9.977901e-01   1.002555e+00   4.700696e-03
  4.311806e-02  -1.522074e-03   1.149316e+03   9.858907e-01   9.993243e-01   6.827129e-03
  2.295002e-02  -3.543147e-05   2.130092e+03   9.725491e-01   9.904473e-01   2.620770e-02
  6.529441e-03  -2.301607e-04   7.513651e+03   9.760165e-01   9.955034e-01   5.600315e-02
  2.035539e-02  -1.511285e-04   2.411766e+03   9.766633e-01   9.802657e-01   1.009684e-02
  5.368280e-02   7.478900e-05   8.716904e+02   9.309526e-01   9.617203e-01   7.652543e-03
  3.811574e-02   1.055575e-03   1.318029e+03   9.994461e-01   1.012772e+00   3.176786e-02
  5.862629e-02   1.361228e-03   8.423219e+02   9.824278e-01   1.004621e+00   1.070942e-02
  4.893752e-02  -6.097414e-05   9.923664e+02   9.661491e-01   9.901889e-01   5.417592e-03
  1.979044e-02   3.944008e-04   2.517286e+03   9.911014e-01   9.931124e-01   9.441603e-03
  6.812384e-02  -2.443199e-04   7.199652e+02   9.757550e-01   9.971138e-01   5.349421e-04
  1.081177e-01  -2.011876e-03   4.455707e+02   9.583924e-01   9.995167e-01   5.084423e-03
  3.438201e-02   9.574715e-04   1.437171e+03   9.830368e-01   9.958341e-01   1.221205e-02
  1.588400e-02   2.320934e-04   3.219678e+03   1.017425e+00   9.991037e-01   2.697638e-02
  4.766167e-02   9.221040e-04   9.553167e+02   9.058301e-01   9.416425e-01   1.018723e-02
  6.937736e-02  -6.238801e-04   6.922964e+02   9.555205e-01   9.877653e-01   4.658696e-02
  2.070378e-02   4.851051e-04   2.406161e+03   9.910705e-01   9.932553e-01   7.899084e-03
  3.746406e-02  -6.246599e-04   1.326300e+03   9.885225e-01   1.001708e+00   2.621142e-02
  8.602946e-03  -8.815881e-05   5.774011e+03   9.882229e-01   9.969462e-01   2.992482e-02
  2.022948e-02   6.060184e-04   2.384232e+03   9.595407e-01   9.878018e-01   4.860987e-02
  4.025210e-02  -5.761306e-05   1.221707e+03   9.783307e-01   9.902451e-01   1.185276e-02
  1.101278e-01   3.074279e-03   4.193749e+02   9.188182e-01   9.907458e-01   7.514829e-02
  2.059909e-02  -6.789431e-04   2.585098e+03   1.059388e+00   1.031749e+00   3.320692e-03
  1.007658e-01  -4.729596e-04   4.765642e+02   9.553550e-01   1.010580e+00   9.702691e-02
  3.594166e-03   8.143801e-05   1.394192e+04   9.968984e-01   9.986303e-01   6.941294e-03
  7.684988e-02  -1.989077e-03   6.191275e+02   9.465715e-01   9.871780e-01   1.625367e-02
  1.688276e-03   6.608171e-06   2.981001e+04   1.001234e+00   9.994774e-01   2.989119e-02
  3.879650e-02  -5.292436e-04   1.310400e+03   1.011408e+00   9.937069e-01   1.175331e-03
  2.201098e-02  -3.044710e-04   2.280972e+03   9.988254e-01   1.005003e+00   4.143580e-02
  1.960088e-01   8.279847e-04   2.382283e+02   9.289647e-01   1.006395e+00   5.542640e-02
  2.572762e-01   6.237372e-04   1.552445e+02   7.945955e-01   9.234599e-01   1.198681e-01
  1.028331e-01   8.865613e-05   4.538350e+02   9.284556e-01   9.921845e-01   1.214501e-01
  9.829155e-03   2.113344e-04   5.069144e+03   9.912448e-01   9.884604e-01   1.704423e-02
  3.627437e-02   1.106853e-03   1.374833e+03   9.921563e-01   1.006376e+00   3.194483e-02
  6.038912e-02  -7.008640e-04   8.017812e+02   9.632626e-01   9.845481e-01   1.594249e-02
  1.994815e-02  -4.514574e-04   2.423707e+03   9.618621e-01   9.920696e-01   8.708890e-02
  4.181042e-02   1.084589e-04   1.146320e+03   9.534992e-01   9.798173e-01   2.729764e-02
  5.687195e-02  -4.663809e-04   8.514630e+02   9.633721e-01   9.921893e-01   6.350493e-02
  7.761556e-01   6.701225e-04   2.862254e+01   4.419643e-01   8.387161e-01   8.833129e-01
  3.167860e-02   5.886240e-06   1.491274e+03   9.398394e-01   9.684266e-01   2.582099e-01
  5.403045e-02  -8.974163e-05   8.864162e+02   9.528103e-01   9.815544e-01   1.153580e-02
  1.702599e-02   6.518156e-07   2.924847e+03   9.907077e-01   9.874921e-01   6.356770e-03
  9.230374e-02  -1.078522e-04   5.082924e+02   9.333898e-01   9.804375e-01   2.635329e-02
  1.246768e-01  -2.892757e-03   3.817575e+02   9.468986e-01   1.001415e+00   1.840646e-02
  4.990804e-02   9.849396e-04   1.003425e+03   9.962900e-01   1.011700e+00   2.012328e-02
  4.129122e-02   1.524217e-03   1.229234e+03   1.009769e+00   1.004880e+00   1.304561e-02
  1.115920e+00  -5.884314e-03   2.401904e+01   5.332354e-01   1.050344e+00   5.968136e-01
  5.896635e-02  -3.340003e-04   7.938793e+02   9.312985e-01   1.015374e+00   2.275546e-01
  1.033762e-01   2.022661e-04   4.782609e+02   9.835936e-01   1.021943e+00   3.314762e-02
  2.075082e-02  -1.317929e-04   2.421682e+03   9.997296e-01   1.005682e+00   5.522366e-02
  4.835367e-02   3.296321e-04   1.024120e+03   9.851678e-01   1.008711e+00   4.074422e-02
  9.374367e-02   1.340131e-03   5.084322e+02   9.482112e-01   9.942462e-01   1.616186e-02
  4.328047e-02  -6.578350e-04   1.113478e+03   9.587467e-01   9.810819e-01   6.789537e-03
  4.617443e-02   1.484742e-03   1.034868e+03   9.506409e-01   9.853459e-01   6.128868e-02
  3.454830e-01   2.360948e-03   1.288651e+02   8.857110e-01   9.503436e-01   2.174123e-01
  1.260143e-02  -3.981136e-04   3.820830e+03   9.578727e-01   9.583585e-01   4.668824e-02
  2.690116e-02  -1.393238e-05   1.744432e+03   9.335881e-01   9.580096e-01   1.169723e-02
  1.047124e-01   4.886613e-04   4.477797e+02   9.328090e-01   9.808651e-01   1.256660e-02
  7.527961e-03  -1.376178e-04   6.504687e+03   9.741681e-01   9.854372e-01   2.036878e-02
  2.017451e-02   7.274463e-04   2.490315e+03   9.995108e-01   9.985726e-01   1.654493e-02
  1.267649e-02  -4.985662e-04   3.994577e+03   1.007395e+00   1.001291e+00   8.215485e-03
  9.813212e-02   3.431740e-03   4.986343e+02   9.734719e-01   1.007860e+00   8.623328e-03
           nan           -inf            nan            nan            inf            nan
  2.413291e-02  -6.440123e-04   1.381493e+03   6.632670e-01   8.033098e-01   1.308887e-02
  4.657945e-03   9.716695e-05   1.101464e+04   1.020692e+00   1.012617e+00   1.257078e-02
  2.736240e-02  -8.316063e-04   1.808572e+03   9.845099e-01   1.006692e+00   2.636189e-02
  2.786668e-02   5.180609e-04   1.778904e+03   9.862062e-01   9.910201e-01   1.484492e-02
  9.336202e-03   1.601903e-04   5.257294e+03   9.764784e-01   9.849713e-01   7.892868e-04
  9.172266e-03   3.301728e-04   5.381275e+03   9.819560e-01   9.850190e-01   1.006629e-02
  4.118847e-02  -1.508393e-03   1.148514e+03   9.411134e-01   9.759142e-01   4.872592e-02
           nan            nan            nan            nan            nan            nan
           nan            nan            nan            nan            nan            nan
  2.134601e-02   2.305305e-04   2.182186e+03   9.266988e-01   9.600624e-01   2.737264e-02
  3.364946e-02  -1.338158e-03   1.486937e+03   9.954075e-01   1.003912e+00   2.653323e-02
  5.115860e-02   1.651644e-03   9.435592e+02   9.603243e-01   9.898073e-01   3.367930e-02
  2.390355e-02   1.660930e-04   2.028928e+03   9.648484e-01   9.787431e-01   5.237524e-02
  3.879603e-02   9.898010e-04   1.278780e+03   9.869910e-01   9.990454e-01   1.556460e-02
  7.155181e-02  -2.819768e-03   6.768747e+02   9.635162e-01   9.887653e-01   1.445274e-02
           nan            nan            nan            nan            nan            nan
           nan            nan            nan            nan            nan            nan
           nan            nan            nan            nan            nan            nan
  3.114334e-02   1.064267e-03   1.619848e+03   1.003621e+00   1.026200e+00   4.543637e-02
  1.059367e-01  -1.841560e-03   4.498812e+02   9.481443e-01   9.862520e-01   1.743242e-02
  1.503559e-01  -4.464006e-03   2.997877e+02   8.967354e-01   9.688900e-01   1.641408e-02
  7.016825e-02   2.040839e-04   6.827229e+02   9.530491e-01   9.805165e-01   1.188390e-02
  4.531114e-02   9.075821e-04   1.075444e+03   9.694446e-01   9.922702e-01   3.888478e-02
           nan            nan            nan            nan            nan            nan
           nan            nan            nan            nan            nan            nan
           nan            nan            nan            nan            nan            nan
           nan            nan            nan            nan            inf            nan
  6.366999e-02  -2.086056e-03   7.782431e+02   9.857806e-01   1.003907e+00   2.278282e-02
  7.771805e-02  -1.236603e-03   6.552135e+02   1.013059e+00   1.047748e+00   8.431803e-02
  1.321704e-02  -3.148960e-04   3.818255e+03   1.003990e+00   1.005887e+00   1.516867e-02
  2.273426e-02   5.948235e-04   2.250971e+03   1.018078e+00   1.009105e+00   1.078806e-02
           nan            nan            nan            nan            nan            nan
           nan            nan            nan            nan            nan            nan
           nan            nan            nan            nan            inf            nan
  5.895492e-02  -1.985421e-03   8.026134e+02   9.413618e-01   1.012991e+00   1.100179e-01
  9.685195e-03   1.708233e-04   5.112740e+03   9.851269e-01   1.005534e+00   6.884917e-02
  8.321552e-02   1.615049e-03   5.369472e+02   8.889269e-01   9.618964e-01   8.733709e-02
  1.811504e-02   1.198184e-04   2.636487e+03   9.501566e-01   9.743089e-01   2.631317e-03
  1.270336e-02  -2.359321e-04   3.776209e+03   9.543434e-01   9.767736e-01   4.932113e-02
           nan            nan            nan            nan            nan            nan
           nan            nan            nan            nan            inf            nan
  1.112181e-01  -1.533641e-03   4.129098e+02   9.136097e-01   9.824140e-01   2.306804e-02
  3.135123e-01  -1.018364e-02   1.529917e+02   9.542290e-01   1.066782e+00   2.643422e-02
  7.201708e-02   2.475987e-03   6.895995e+02   9.880129e-01   1.019624e+00   4.470484e-02
  6.628728e-02   2.271321e-03   6.795209e+02   8.961138e-01   9.688670e-01   1.053866e-01
  2.648830e-02   5.741346e-04   1.954270e+03   1.029838e+00   1.020428e+00   2.831291e-02
  5.233746e-02  -5.048257e-04   8.979321e+02   9.349455e-01   9.744105e-01   4.023654e-02
           nan            nan            nan            nan            inf            nan
  7.247581e-02   5.471411e-05   6.172621e+02   8.900058e-01   9.483930e-01   6.407526e-02
  3.813918e-02   6.508123e-04   1.203190e+03   9.129264e-01   9.642107e-01   7.194715e-02
  7.126891e-02   1.669209e-03   5.461627e+02   7.743767e-01   9.724263e-01   4.147371e-01
  1.387246e-01  -1.837321e-03   3.388118e+02   9.350658e-01   9.986270e-01   6.711005e-02
  9.693438e-02  -3.773204e-03   5.095155e+02   9.825743e-01   1.003135e+00   1.631837e-02
  6.701576e-02   1.930376e-03   7.089220e+02   9.451605e-01   9.791612e-01   1.446775e-02
  9.448152e-02   1.245845e-03   5.305873e+02   9.973186e-01   1.022720e+00   1.761481e-02
  4.654845e-01   7.497580e-03   8.907267e+01   8.248591e-01   1.094194e+00   4.255896e-01
  1.422720e-02   1.549224e-04   3.702499e+03   1.047959e+00   1.065326e+00   2.077522e-01
  1.313112e-02   4.127014e-05   4.062531e+03   1.061277e+00   1.012574e+00   1.171328e-02
  2.284411e-01   2.632763e-03   1.928709e+02   8.765390e-01   1.022659e+00   2.096859e-01
  1.327237e-01  -5.088336e-03   3.473338e+02   9.171186e-01   9.745438e-01   9.736126e-03
  8.678227e-04   7.051046e-06   5.400350e+04   9.323589e-01   9.820728e-01   9.879526e-02
  3.173264e-02  -9.733730e-04   1.571741e+03   9.922416e-01   1.004615e+00   2.594815e-02
  2.050941e-02   4.648035e-04   2.381733e+03   9.717985e-01   9.785505e-01   1.930861e-02
  5.650137e-01  -3.546499e-03   6.481233e+01   7.285289e-01   9.765457e-01   1.453464e-01
  4.814941e-02  -1.000004e-03   9.726577e+02   9.317109e-01   9.678170e-01   2.974543e-02
  1.229414e-01  -3.520773e-03   3.647813e+02   8.921968e-01   9.580071e-01   6.804370e-02
  1.428523e-01  -5.070061e-03   3.472313e+02   9.868159e-01   1.039051e+00   1.048357e-01
  4.467636e-02   2.717816e-04   1.047526e+03   9.310496e-01   9.758588e-01   9.097710e-02
  1.053211e-01   2.637520e-03   4.703308e+02   9.854827e-01   1.018152e+00   5.928922e-02
  1.830357e-02  -6.228019e-04   2.708214e+03   9.861637e-01   9.896993e-01   9.979840e-03
  6.612589e-03   2.904945e-05   7.652428e+03   1.006702e+00   1.001917e+00   2.181678e-02
  6.825075e-02  -6.147954e-05   6.582313e+02   8.937502e-01   9.541191e-01   1.008043e-01
  3.612936e-02  -1.139144e-03   1.349567e+03   9.700293e-01   9.839690e-01   1.971939e-02
  1.409230e-01  -2.384002e-04   3.346791e+02   9.382980e-01   1.022620e+00   7.035462e-02
  1.442595e-01  -4.344420e-03   3.296280e+02   9.460163e-01   9.993360e-01   4.924703e-03
  1.136992e-01   4.331813e-03   4.325492e+02   9.784148e-01   1.013410e+00   1.148532e-02
  1.450762e-01  -1.905525e-04   3.130292e+02   9.034646e-01   9.876600e-01   7.313589e-02
  1.122050e-02   2.525752e-04   4.460965e+03   9.957974e-01   9.958368e-01   4.379551e-03
  2.101569e-02  -2.997044e-04   2.305338e+03   9.638478e-01   9.817010e-01   3.682210e-02
  1.080480e-02   9.465929e-05   4.630032e+03   9.952474e-01   9.890714e-01   1.668942e-03
  2.557428e-02  -1.287942e-04   1.948995e+03   9.916174e-01   9.972602e-01   1.196609e-02
  1.102884e-01   2.721151e-03   4.349876e+02   9.544145e-01   1.007595e+00   5.613337e-02
  2.489165e-02   2.438134e-04   1.998771e+03   9.897988e-01   9.992877e-01   6.447332e-02
  5.187954e-02   7.890209e-04   9.335517e+02   9.635287e-01   9.895698e-01   4.337548e-02
  8.344130e-02  -2.904673e-03   5.867241e+02   9.739690e-01   1.010186e+00   3.945101e-02
  2.548397e-02   6.598073e-04   1.992659e+03   1.010253e+00   1.007568e+00   6.228258e-03
  7.298047e-02  -2.735546e-03   6.827033e+02   9.912171e-01   1.017809e+00   5.633102e-02
  3.124470e-02  -8.805853e-04   1.499138e+03   9.318546e-01   9.575994e-01   1.534751e-02
  1.684226e-02   2.888326e-04   2.872801e+03   9.625785e-01   9.798877e-01   1.271161e-02
  9.000653e-02   1.473073e-04   5.149502e+02   9.220817e-01   9.870106e-01   1.249078e-01
  1.018497e-01   3.993590e-03   4.648320e+02   9.418595e-01   9.833312e-01   6.794566e-03
  8.390444e-02  -2.093872e-03   5.747442e+02   9.593778e-01   9.978559e-01   4.346484e-02
  1.896993e-03  -4.649384e-05   2.592622e+04   9.784421e-01   9.780745e-01   2.185898e-02
  2.703476e-02  -3.081413e-04   1.800926e+03   9.686089e-01   9.843181e-01   1.315172e-02
  9.607773e-02   2.539406e-03   4.488275e+02   8.578914e-01   9.436782e-01   9.546848e-02
  1.041705e-01   6.626615e-04   4.442898e+02   9.207488e-01   9.607189e-01   3.647978e-02
  7.904168e-02  -2.421011e-03   6.213239e+02   9.770221e-01   1.007233e+00   3.440279e-02
  1.893988e-01  -2.227614e-03   2.467488e+02   9.297417e-01   9.988531e-01   8.408525e-02
  5.096377e-02   4.282394e-04   1.003507e+03   1.017448e+00   1.022729e+00   1.463330e-02
  5.019698e-02  -1.782304e-03   9.845922e+02   9.832504e-01   1.008714e+00   5.463809e-02
  5.276017e-02   1.254093e-03   9.557886e+02   1.003225e+00   1.009895e+00   1.551699e-02
  1.880533e-02  -7.227146e-04   2.819309e+03   1.054760e+00   1.036247e+00   1.897802e-02
  1.834962e-01   3.193385e-03   2.579286e+02   9.415790e-01   1.091471e+00   2.054870e-01
  4.853807e-01  -1.779519e-02   8.688095e+01   8.389522e-01   1.143620e+00   1.761246e-01
  3.721192e-02   1.346936e-03   1.524018e+03   1.128242e+00   1.083642e+00   1.473740e-02
  8.969967e-02  -3.813805e-04   5.502018e+02   9.818451e-01   1.008834e+00   2.120238e-02
  6.449489e-02  -9.670328e-04   7.303811e+02   9.371410e-01   9.735705e-01   2.382002e-02
  9.422572e-02   6.244730e-04   4.881106e+02   9.149930e-01   9.793786e-01   4.421358e-02
  4.687892e-02  -1.244941e-03   1.046446e+03   9.759434e-01   9.942672e-01   4.836443e-03
  1.596182e-01  -9.964769e-04   2.778176e+02   8.822108e-01   9.811000e-01   1.541872e-01
  1.963272e-01  -6.755402e-04   1.809876e+02   7.069023e-01   8.991362e-01   4.431620e-01
  2.835214e-01  -8.003351e-03   6.128275e+01   3.456640e-01   8.504458e-01   1.176869e+00
  1.006078e-01  -2.383054e-03   4.418031e+02   8.842818e-01   9.252861e-01   1.386927e-02
  1.686961e-02  -4.690178e-04   2.897636e+03   9.724764e-01   9.877255e-01   3.939945e-02
  1.073540e-02  -2.960428e-04   4.734187e+03   1.011099e+00   9.979433e-01   3.357399e-02
  2.259810e-02  -7.363773e-04   2.260916e+03   1.016451e+00   1.000201e+00   2.068312e-02
  6.138131e-02  -4.183689e-04   8.089200e+02   9.878064e-01   9.982007e-01   1.815906e-03
  4.665737e-02   8.429489e-04   1.134962e+03   1.053493e+00   1.048649e+00   1.224783e-01
  8.131532e-01   2.187310e-02   4.854500e+01   7.853207e-01   1.145369e+00   5.340787e-01
  6.645076e-01   2.569112e-02   6.693365e+01   8.848601e-01   1.289058e+00   2.774695e-01
  2.352995e-02   1.210145e-04   2.373984e+03   1.111294e+00   1.074771e+00   8.988409e-02
  2.013658e-02  -2.184578e-07   2.554534e+03   1.023358e+00   1.002678e+00   1.232793e-03
  3.379357e-03   8.082484e-05   1.441911e+04   9.693994e-01   9.836564e-01   5.754590e-02
  2.807348e-02  -1.376922e-05   1.756531e+03   9.810299e-01   9.930107e-01   2.853403e-02
  2.476861e-02   3.664719e-04   1.974725e+03   9.730574e-01   9.847847e-01   2.011370e-02
  7.737305e-02   2.699070e-03   6.556640e+02   1.009256e+00   9.987210e-01   4.080541e-02
  7.665225e-01   1.459810e-02   5.398982e+01   8.233167e-01   1.159315e+00   3.497037e-01
  1.415060e-01   3.855898e-03   2.238521e+02   6.301822e-01   9.432708e-01   7.182189e-01
  2.280843e-02  -1.987187e-04   1.951013e+03   8.852904e-01   9.277405e-01   6.538022e-02
  3.250811e-02  -7.001861e-04   1.509564e+03   9.762779e-01   9.907472e-01   1.800072e-02
  1.277177e-01  -4.379088e-04   3.791527e+02   9.633752e-01   1.018841e+00   1.630700e-02
  6.382441e-02   2.441305e-03   7.562144e+02   9.602005e-01   9.982161e-01   5.027914e-02
  5.860820e-03   1.565461e-04   8.649122e+03   1.008464e+00   9.856258e-01   6.810959e-03
  6.534125e-02  -1.997474e-03   6.305912e+02   8.197199e-01   8.736607e-01   1.294124e-01
  6.214169e-01  -1.268088e-03   3.427038e+01   4.236742e-01   9.338984e-01   9.107109e-01
  1.797156e-01   1.172262e-03   2.681064e+02   9.585685e-01   1.003371e+00   8.213962e-02
  6.405585e-02   1.035049e-03   8.097163e+02   1.031862e+00   1.033662e+00   5.700388e-03
  1.008360e-01  -6.440905e-04   4.806182e+02   9.641533e-01   1.001956e+00   6.893508e-03
  1.043380e-01  -3.850727e-04   4.463751e+02   9.265577e-01   9.924792e-01   5.517220e-02
  1.277756e-01   4.107364e-03   3.776725e+02   9.600489e-01   1.012714e+00   5.043960e-02
  6.854662e-02  -3.099424e-05   6.904343e+02   9.415396e-01   9.986942e-01   6.138569e-02
  1.531990e-01   4.745242e-03   3.459077e+02   1.054257e+00   1.079514e+00   2.737556e-02
  1.864985e-01   6.199514e-03   2.801407e+02   1.039397e+00   9.952028e-01   4.111733e-02
  2.509767e-01  -7.756965e-03   1.603509e+02   8.006354e-01   9.434419e-01   9.416460e-02
  1.519425e-02  -2.319459e-04   3.140757e+03   9.493882e-01   9.671581e-01   5.528745e-03
  3.402470e-02   1.102120e-03   1.420994e+03   9.618704e-01   9.895006e-01   4.651002e-02
  3.455212e-02   1.460096e-04   1.441578e+03   9.909303e-01   9.869055e-01   4.046879e-02
  8.819121e-02  -3.149339e-03   5.232286e+02   9.180089e-01   9.802183e-01   9.370262e-02
  1.673663e-01  -3.502288e-03   2.749972e+02   9.156437e-01   9.967722e-01   1.627386e-02
  2.568212e-02   1.255306e-04   1.650665e+03   8.433736e-01   8.699951e-01   1.685520e-01
  8.502249e-01  -4.258782e-03   1.972560e+01   3.336523e-01   8.402532e-01   8.321424e-01
  8.572176e-02   3.198236e-03   5.627498e+02   9.597024e-01   1.014300e+00   1.353521e-01
  1.384823e-02   9.073006e-06   3.657841e+03   1.007742e+00   1.005279e+00   1.252689e-02
  2.120759e-03   3.986927e-05   2.360686e+04   9.960010e-01   9.887436e-01   2.638504e-02
  2.394833e-02  -6.421233e-04   2.072078e+03   9.872144e-01   9.888443e-01   1.605057e-02
  1.044015e-01  -2.904716e-03   4.848744e+02   1.007085e+00   1.038543e+00   6.095102e-02
  9.786710e-02  -1.476936e-04   5.157687e+02   1.004204e+00   1.010667e+00   6.162502e-02
  2.363044e-01   9.320796e-03   2.150030e+02   1.010756e+00   1.093924e+00   2.875687e-01
  7.075740e-01   2.227805e-02   6.305287e+01   8.875787e-01   1.341748e+00   4.791384e-01
  1.098895e-01  -9.977828e-04   4.557113e+02   9.962684e-01   1.035399e+00   4.060432e-02
  8.336483e-02   1.040678e-03   5.711217e+02   9.472000e-01   9.852948e-01   3.123798e-03
  4.677507e-02  -1.333644e-03   1.056954e+03   9.835601e-01   9.997991e-01   1.433297e-02
  4.797314e-02   1.330033e-03   1.017711e+03   9.712989e-01   1.007623e+00   7.120174e-02
  3.275392e-02   1.008082e-03   1.462067e+03   9.527098e-01   9.796695e-01   5.562905e-02
  1.161962e-02   5.638973e-05   4.207263e+03   9.725723e-01   9.702615e-01   8.710757e-03
  4.156996e-02  -1.641396e-03   1.092160e+03   9.032255e-01   9.216444e-01   1.138664e-01
  7.621702e-01   4.263484e-04   2.472256e+01   3.748656e-01   8.719942e-01   8.269587e-01
  1.149485e-02  -1.610137e-04   3.798408e+03   8.686306e-01   9.426303e-01   1.356966e-01
  2.071739e-02  -3.850636e-04   2.377635e+03   9.799645e-01   9.858833e-01   3.531517e-02
  9.052761e-02  -1.380733e-03   5.209823e+02   9.382837e-01   9.943392e-01   6.330438e-02
  1.880125e-01   4.508292e-04   2.479146e+02   9.272974e-01   1.006054e+00   1.007490e-02
  4.872825e-02   1.288316e-03   1.027657e+03   9.962292e-01   1.006159e+00   1.695026e-02
  4.613170e-02  -1.644700e-03   1.081076e+03   9.921698e-01   1.008674e+00   2.662994e-02
  8.284300e-02   1.942391e-03   5.901050e+02   9.725575e-01   1.013236e+00   1.251111e-02
  2.985831e-01   1.611129e-03   1.499560e+02   8.907571e-01   9.588020e-01   8.436631e-02
  8.192048e-02  -1.559183e-03   6.014899e+02   9.802819e-01   1.012709e+00   3.164806e-02
  2.100592e-02   2.916943e-04   2.369215e+03   9.900935e-01   9.902234e-01   1.012894e-02
  6.973280e-02   2.173001e-03   6.983090e+02   9.687571e-01   1.004066e+00   5.316257e-02
  2.835247e-02  -2.699079e-04   1.671713e+03   9.429371e-01   9.763052e-01   6.705351e-02
  2.488276e-02  -5.155531e-04   1.957873e+03   9.691996e-01   9.870118e-01   2.348315e-02
  8.340795e-02  -1.435349e-03   5.712670e+02   9.479310e-01   9.905228e-01   2.204029e-02
  1.768213e-02  -5.940273e-04   2.775290e+03   9.762768e-01   9.793427e-01   1.922358e-02
  2.921650e-02  -7.022163e-04   1.584474e+03   9.209658e-01   9.736149e-01   1.245353e-01
  5.469987e-02   1.938767e-03   8.860203e+02   9.641845e-01   9.793161e-01   6.277960e-03
  3.019655e-02  -1.423637e-05   1.624985e+03   9.761954e-01   9.939911e-01   2.714685e-02
  8.714591e-02   6.566505e-04   5.488118e+02   9.514819e-01   9.868457e-01   2.586536e-02
  1.472994e-03   2.443039e-05   3.435604e+04   1.006779e+00   9.985293e-01   9.761098e-03
  3.715360e-02  -8.262285e-04   1.326672e+03   9.806062e-01   9.948949e-01   6.005404e-03
  4.142761e-02   1.639230e-03   1.193530e+03   9.836790e-01   9.949612e-01   2.047401e-02
  1.433258e-02  -5.063479e-04   3.525963e+03   1.005384e+00   1.001051e+00   6.479930e-03
  1.740582e-01   5.546764e-03   2.757085e+02   9.547173e-01   1.015381e+00   3.315466e-02
  1.723415e-02  -2.090034e-04   2.860466e+03   9.807464e-01   9.897820e-01   1.599534e-02
  7.004627e-02   5.191974e-04   6.865539e+02   9.567309e-01   9.888297e-01   2.854722e-03
  2.277453e-02  -6.470957e-04   2.155807e+03   9.767634e-01   1.005581e+00   1.033757e-01
  3.007411e-02   1.443481e-05   1.651978e+03   9.883874e-01   9.935852e-01   1.297317e-03
  3.497956e-02   1.309614e-03   1.416582e+03   9.857942e-01   9.975410e-01   8.453569e-03
  1.924437e-02   5.420804e-04   2.540070e+03   9.724777e-01   9.839859e-01   2.140571e-02
  3.916548e-02  -1.003888e-04   1.247391e+03   9.719326e-01   9.873539e-01   3.006277e-03
  1.051985e-01  -3.574364e-04   4.375759e+02   9.157844e-01   9.835508e-01   8.254911e-02
  2.081992e-02  -7.503613e-04   2.415471e+03   1.000486e+00   9.982477e-01   5.057456e-03
  2.216118e-02  -1.283048e-04   2.231836e+03   9.839777e-01   9.908649e-01   2.434405e-02
  1.668996e-01  -2.360677e-04   2.792360e+02   9.271643e-01   9.903305e-01   9.934684e-03
  1.678455e-02   4.635828e-04   2.946069e+03   9.837457e-01   9.880428e-01   1.704406e-02
  2.154502e-02   1.661724e-04   2.239606e+03   9.599501e-01   9.837898e-01   3.715633e-02
  5.925062e-02  -2.170031e-03   8.305332e+02   9.789941e-01   1.001627e+00   1.233657e-02
  1.697377e-02   4.047200e-05   2.903170e+03   9.803492e-01   9.867058e-01   9.544992e-03
  2.159574e-02  -2.583471e-04   2.357792e+03   1.012986e+00   1.014136e+00   1.735261e-02
  6.483020e-03   2.391946e-04   7.404726e+03   9.550289e-01   9.703566e-01   2.694525e-02
  1.228746e-02  -1.653634e-04   4.052958e+03   9.907510e-01   1.001808e+00   5.043884e-02
  3.584356e-02   4.089086e-04   1.347796e+03   9.610929e-01   1.003655e+00   1.229337e-01
  5.221097e-02   1.477704e-03   9.177079e+02   9.532271e-01   9.904496e-01   3.436240e-02
  4.384917e-02  -9.731073e-04   1.153118e+03   1.005924e+00   1.008741e+00   8.407548e-03
  6.168903e-02  -1.433724e-03   7.874433e+02   9.664010e-01   9.958976e-01   2.230563e-02
  1.471023e-02  -2.759978e-04   3.365207e+03   9.848306e-01   9.904461e-01   1.530913e-02
  5.374219e-03  -3.250729e-05   9.425959e+03   1.007792e+00   9.925508e-01   6.531841e-03
  1.927728e-02  -2.022457e-04   2.632310e+03   1.009515e+00   1.001839e+00   2.705526e-03
  2.556456e-02  -8.171737e-04   1.915173e+03   9.740392e-01   9.920931e-01   3.361586e-02
  1.607442e-01  -9.457929e-04   2.935664e+02   9.387971e-01   9.916339e-01   1.978576e-03
  1.089171e-01   9.287553e-04   4.451194e+02   9.645014e-01   1.010972e+00   1.472144e-02
  1.949092e-02   2.193739e-04   2.438261e+03   9.454588e-01   9.772058e-01   8.201230e-02
  1.241895e-02   3.800094e-04   3.959005e+03   9.781401e-01   9.864096e-01   3.324291e-02
  7.562144e-02   3.799388e-04   6.428440e+02   9.671207e-01   9.964376e-01   2.798132e-03
  8.461979e-03  -3.075417e-04   5.831479e+03   9.817046e-01   9.851338e-01   2.263912e-02
  3.245186e-02   4.942269e-04   1.480065e+03   9.555435e-01   9.835520e-01   2.701234e-02
  5.368348e-02   1.798579e-03   9.095783e+02   9.714286e-01   9.904513e-01   9.718413e-03
  1.426747e-02   6.418068e-05   3.331658e+03   9.456655e-01   9.932307e-01   1.316201e-01
  2.752493e-02  -8.937622e-04   1.771048e+03   9.698100e-01   9.836792e-01   2.843674e-02
  1.491052e-01   5.471480e-03   3.308316e+02   9.813635e-01   1.028357e+00   4.737470e-03
  1.389278e-02   2.451518e-04   3.527443e+03   9.749433e-01   9.818964e-01   1.031569e-02
  2.264472e-02   2.917462e-04   2.193085e+03   9.879899e-01   1.000520e+00   3.032958e-02
  3.926942e-02  -8.206990e-04   1.222348e+03   9.549471e-01   9.809295e-01   3.128169e-02
  8.279168e-02   2.513588e-03   5.984333e+02   9.856724e-01   9.977844e-01   7.336346e-03
  3.977524e-02   1.395610e-03   1.235209e+03   9.774250e-01   9.911558e-01   1.395428e-02
  1.029538e-01   2.224822e-03   4.745800e+02   9.720351e-01   9.963483e-01   5.913572e-03
  4.333469e-03   4.747499e-05   1.171327e+04   1.009820e+00   1.009426e+00   4.018921e-02
  5.399773e-02  -4.261799e-04   8.565026e+02   9.200985e-01   9.853509e-01   1.243535e-01
  8.378432e-02   1.738673e-03   5.870830e+02   9.785711e-01   1.009428e+00   1.377459e-02
  1.838567e-02   2.205006e-04   2.700724e+03   9.878472e-01   9.830092e-01   6.667582e-03
  7.122991e-02   1.728588e-03   6.933798e+02   9.825704e-01   1.007667e+00   2.095184e-02
  5.431564e-02  -1.560673e-03   7.506035e+02   8.110836e-01   9.644796e-01   3.103096e-01
  4.221243e-02  -1.146768e-03   1.151117e+03   9.666960e-01   9.853315e-01   1.908188e-02
  3.079751e-02  -3.908533e-04   1.514151e+03   9.277157e-01   9.693492e-01   6.157508e-02
  2.250868e-02   3.578329e-04   2.164991e+03   9.694742e-01   9.743974e-01   3.793750e-02
  1.018023e-01  -1.297142e-03   4.809345e+02   9.740330e-01   9.896753e-01   4.547074e-04
  6.802520e-02  -1.626627e-03   6.886527e+02   9.319663e-01   9.830980e-01   5.229407e-02
  3.545384e-02  -6.615570e-04   1.403111e+03   9.896585e-01   9.993090e-01   1.717546e-02
  4.780559e-02   8.777911e-04   1.021066e+03   9.710969e-01   9.842280e-01   2.205226e-02
  3.007027e-01  -9.228208e-03   1.440391e+02   8.616838e-01   1.027628e+00   9.124821e-02
  3.599584e-02  -1.058311e-03   1.385628e+03   9.922683e-01   1.016659e+00   6.795962e-02
  5.219036e-02  -1.252906e-03   9.545806e+02   9.911356e-01   9.941462e-01   1.095557e-02
  1.568659e-01  -7.707639e-05   2.935305e+02   9.160349e-01   9.998092e-01   7.369154e-02
  5.683381e-02  -3.717972e-04   8.420343e+02   9.520651e-01   1.000362e+00   6.712156e-02
  4.676278e-02  -1.241962e-03   1.076672e+03   1.001645e+00   1.008218e+00   2.551636e-02
  8.601475e-02   7.727123e-05   5.533964e+02   9.469770e-01   9.899522e-01   1.150540e-02
  1.384284e-02   5.450512e-04   3.550638e+03   9.778265e-01   9.821649e-01   2.062707e-02
  5.944926e-02   4.064644e-04   5.457647e+02   6.454789e-01   9.445451e-01   7.946277e-01
  8.782806e-02   1.455089e-03   5.538039e+02   9.676525e-01   1.022517e+00   1.918076e-01
  2.748802e-02   9.411939e-04   1.676999e+03   9.170785e-01   9.642853e-01   3.403979e-02
  1.499880e-01  -2.180206e-03   3.055524e+02   9.117425e-01   9.927516e-01   6.344787e-02
  8.233120e-02   2.672520e-03   5.895583e+02   9.656535e-01   9.956602e-01   2.184992e-02
  1.231461e-02   1.816567e-04   3.688308e+03   9.036034e-01   9.454690e-01   6.926064e-02
  1.548268e-02   2.557856e-04   3.249165e+03   1.000802e+00   1.002585e+00   3.128478e-02
  1.723939e-02   6.576141e-05   2.950867e+03   1.012050e+00   1.015157e+00   3.235515e-02
           nan           -inf            nan            nan            inf            nan
  1.129153e-01  -1.084423e-04   4.695812e+02   1.054857e+00   1.041637e+00   9.556373e-02
  6.041313e-02   2.003878e-03   8.393288e+02   1.008773e+00   1.016648e+00   1.698675e-02
  1.955482e-02  -1.651188e-04   2.630599e+03   1.023384e+00   1.017803e+00   7.710908e-03
  5.923548e-02  -6.410978e-05   7.974509e+02   9.397579e-01   9.760863e-01   3.478423e-02
  6.281061e-02   1.588169e-03   7.847496e+02   9.806054e-01   1.020232e+00   5.600261e-02
  2.615888e-03   8.721590e-05   1.861371e+04   9.686839e-01   9.736605e-01   1.505660e-02
  8.401704e-02   9.328107e-04   5.530679e+02   9.244341e-01   9.679095e-01   6.007505e-02
           nan            nan            nan            nan            nan            nan
           nan            nan            nan            nan            nan            nan
  4.596710e-03  -1.107565e-04   1.055072e+04   9.648493e-01   9.712738e-01   9.069199e-03
  5.893589e-02  -5.341567e-04   7.847617e+02   9.201269e-01   1.021418e+00   1.724652e-01
  1.162232e-01   5.405276e-04   4.156652e+02   9.610958e-01   9.980013e-01   2.146819e-02
  1.700150e-02  -4.721758e-04   2.403224e+03   8.128522e-01   8.851872e-01   2.485578e-01
  4.586737e-02  -9.144998e-04   1.033292e+03   9.428815e-01   9.697542e-01   1.628907e-02
  2.025733e-01  -6.590175e-05   2.305815e+02   9.292593e-01   1.005716e+00   5.690278e-02
           nan            nan            nan            nan            nan            nan
           nan            nan            nan            nan            nan            nan
           nan            nan            nan            nan            nan            nan
  8.427940e-02  -2.060110e-04   5.421555e+02   9.090242e-01   9.582972e-01   1.521768e-01
  7.792808e-02  -3.403156e-04   6.278822e+02   9.734245e-01   1.008801e+00   7.425135e-02
  7.541333e-02   2.868330e-03   6.888136e+02   1.033427e+00   1.088948e+00   1.137277e-01
  7.503973e-02   1.805467e-03   6.350904e+02   9.481061e-01   1.010213e+00   1.156746e-01
  1.127631e-01   2.723508e-04   4.044426e+02   9.073064e-01   9.507918e-01   7.010605e-02
           nan            nan            nan            nan            nan            nan
           nan            nan            nan            nan            nan            nan
  1.179594e-02   2.875512e-04   4.135618e+03   9.705168e-01   9.888455e-01   9.870087e-02
  1.282745e-01  -7.159589e-04   3.707585e+02   9.461536e-01   1.002014e+00   8.202699e-02
  2.459943e-02  -2.880063e-04   2.072754e+03   1.014385e+00   1.011196e+00   7.272743e-03
  1.145688e-01  -6.490857e-04   4.642714e+02   1.058202e+00   1.056327e+00   3.224056e-02
  2.907472e-02   6.636903e-04   1.737953e+03   1.005273e+00   1.028675e+00   7.277519e-02
  1.535478e-01   2.105086e-03   2.848834e+02   8.702440e-01   9.708851e-01   4.807624e-02
           nan            nan            nan            nan            nan            nan
  4.916558e-02  -7.560927e-05   9.841139e+02   9.625795e-01   9.993459e-01   1.358694e-01
  1.584087e-01  -4.190854e-03   2.921586e+02   9.207205e-01   9.858643e-01   9.563936e-03
  1.863964e-01  -3.810111e-03   2.374296e+02   8.804456e-01   9.851909e-01   4.278770e-02
  2.437138e-02  -9.574636e-05   2.033042e+03   9.857267e-01   9.970142e-01   3.856906e-02
  3.145680e-02   2.179293e-04   1.401960e+03   8.773651e-01   8.910853e-01   6.068450e-02
  2.393647e-03   2.051457e-05   2.035639e+04   9.693735e-01   9.857623e-01   2.533700e-02
  4.557212e-02   1.457090e-03   1.124465e+03   1.019472e+00   1.057280e+00   1.146309e-01
  2.819655e-01   4.006940e-03   1.432836e+02   8.037532e-01   9.633216e-01   3.020349e-01
  3.401410e-02  -2.416652e-06   1.463041e+03   9.900236e-01   1.018111e+00   1.312338e-01
  7.375742e-02  -2.319764e-03   6.539662e+02   9.596020e-01   1.011393e+00   1.414661e-01
  1.946091e-02   2.260040e-04   2.256527e+03   8.736425e-01   9.372922e-01   1.946267e-01
  3.467531e-02  -9.060818e-05   1.468475e+03   1.013017e+00   1.010668e+00   5.711947e-03
  5.410856e-02  -1.129418e-03   8.786615e+02   9.458401e-01   9.773391e-01   4.820355e-03
  3.039803e-03   4.903709e-06   1.641488e+04   9.926891e-01   9.897972e-01   1.817305e-02
  1.463762e-02  -3.792573e-04   3.249156e+03   9.461745e-01   9.634834e-01   2.387066e-02
  2.835733e-01  -3.414728e-03   1.628316e+02   9.186165e-01   1.006357e+00   6.026660e-02
  5.482681e-02  -1.226752e-03   9.161527e+02   9.992887e-01   1.006282e+00   3.805116e-03
  7.959375e-02   8.602315e-04   6.010486e+02   9.517409e-01   9.756520e-01   3.703562e-02
  1.042821e-01  -2.723611e-03   5.074465e+02   1.052762e+00   1.059366e+00   3.531821e-02
  2.790783e-02   1.026109e-03   1.683949e+03   9.349430e-01   9.700571e-01   2.420482e-02
  3.143385e-02  -1.890174e-04   1.534260e+03   9.594595e-01   9.760002e-01   8.367182e-03
  3.126258e-02  -5.662362e-04   1.547931e+03   9.627347e-01   9.741257e-01   8.514036e-04
  2.638754e-02   1.724879e-04   1.917864e+03   1.006808e+00   1.006767e+00   2.568216e-02
  6.186438e-02   1.589500e-03   7.549155e+02   9.291142e-01   1.000571e+00   1.747547e-01
  2.573915e-02  -7.847294e-04   1.836868e+03   9.405939e-01   9.680801e-01   1.763299e-02
  1.111818e-01   3.410922e-03   4.317658e+02   9.550191e-01   1.003748e+00   5.646608e-02
  4.007464e-02  -1.053832e-03   1.207618e+03   9.627850e-01   9.657791e-01   6.888881e-02
  8.421289e-02   8.138276e-04   5.778815e+02   9.681609e-01   1.008583e+00   1.164188e-02
  7.210875e-03   2.017729e-05   6.908601e+03   9.910789e-01   9.879499e-01   2.685997e-02
  4.574630e-02  -1.051663e-03   1.068067e+03   9.720408e-01   9.919921e-01   2.201232e-03
  2.080342e-02  -5.735474e-07   2.237598e+03   9.260768e-01   9.556942e-01   3.127918e-02
  6.432605e-02  -8.718288e-04   7.461225e+02   9.548325e-01   9.862874e-01   3.115539e-02
  2.748422e-02   1.857749e-04   1.838355e+03   1.005178e+00   1.005570e+00   1.237781e-02
  1.137259e-01  -2.390147e-03   4.176397e+02   9.449121e-01   1.001259e+00   7.233552e-02
  1.969403e-01  -2.691297e-03   2.305238e+02   9.031927e-01   9.911857e-01   2.342656e-02
  4.235585e-02  -1.066110e-03   1.107983e+03   9.336339e-01   9.631593e-01   3.040278e-02
  4.878750e-03   1.336176e-05   1.023555e+04   9.934594e-01   1.003754e+00   2.857994e-02
  1.280058e-02  -4.883379e-05   3.738838e+03   9.521303e-01   9.680565e-01   1.905833e-02
  8.938906e-02  -8.164295e-04   5.208124e+02   9.261810e-01   9.900892e-01   1.064935e-01
  3.666370e-02   6.019965e-04   1.283275e+03   9.360221e-01   9.743377e-01   5.836572e-02
  2.354688e-02   6.723360e-05   2.038120e+03   9.547581e-01   9.762045e-01   1.950928e-02
  6.344905e-02  -2.343110e-03   7.483763e+02   9.446595e-01   9.901146e-01   4.359792e-02
  9.311575e-03   2.879965e-04   5.174721e+03   9.586061e-01   1.033051e+00   1.510064e-01
  1.387055e-02   2.946687e-04   3.786293e+03   1.044811e+00   1.017066e+00   2.458564e-02
  1.840054e-02  -6.352015e-04   2.687295e+03   9.837302e-01   9.832390e-01   7.199903e-03
  4.464351e-03   6.319234e-06   1.130947e+04   1.004456e+00   9.932838e-01   6.092619e-03
  3.460607e-01   5.632153e-03   1.283671e+02   8.837640e-01   1.026422e+00   8.663647e-02
  1.010411e-01   2.902255e-03   4.831810e+02   9.712654e-01   1.013949e+00   3.647972e-02
  3.037552e-02  -8.687554e-04   1.685876e+03   1.018778e+00   1.011869e+00   3.516043e-03
  2.544250e-02   2.181605e-05   1.992241e+03   1.008398e+00   9.929736e-01   1.832747e-02
  2.632624e-02   2.839963e-04   1.838326e+03   9.628119e-01   9.806345e-01   5.651960e-02
  5.111623e-03   5.013228e-05   9.213768e+03   9.369713e-01   9.750053e-01   7.269683e-02
  4.272054e-02   1.172979e-03   1.155354e+03   9.819330e-01   9.982788e-01   9.411473e-03
  3.889996e-02  -1.847802e-05   1.276298e+03   9.877139e-01   1.003728e+00   4.607898e-02
  3.168393e-01   4.238215e-03   1.317362e+02   8.303751e-01   9.712052e-01   1.724263e-01
  2.063248e-02  -3.983548e-04   1.825822e+03   7.494454e-01   9.299552e-01   3.846645e-01
  1.233701e-02   2.901265e-05   3.784501e+03   9.288563e-01   9.556936e-01   3.067617e-02
  6.044962e-02   1.083048e-03   7.853833e+02   9.445075e-01   9.758369e-01   2.529409e-02
  8.358649e-02  -1.194429e-03   5.925593e+02   9.853670e-01   1.001148e+00   1.509581e-02
  1.168330e-01   2.460690e-03   4.178809e+02   9.712886e-01   1.027780e+00   1.815828e-02
  2.131284e-02   8.216717e-05   2.248659e+03   9.534437e-01   9.747578e-01   2.728161e-02
  1.771068e-01  -3.612594e-03   2.482648e+02   8.747431e-01   9.673140e-01   1.772778e-01
  1.032635e+00   2.191525e-04   2.521215e+01   5.179490e-01   9.138543e-01   4.992999e-01
  3.574461e+00   2.035170e-02   1.039754e-09   7.393863e-11   7.393863e-01   2.709108e+00
  1.940393e-01  -1.276918e-03   2.266066e+02   8.747669e-01   8.760108e-01   9.203855e-01
  2.541244e-02  -4.462619e-04   1.644430e+03   8.313654e-01   9.251615e-01   2.779695e-02
  1.227369e-01  -3.271023e-03   4.096876e+02   1.000364e+00   1.027248e+00   2.430115e-02
  2.384143e-02  -3.875355e-04   2.120126e+03   1.005597e+00   1.004574e+00   2.315866e-02
  4.908997e-02   1.846694e-03   1.055107e+03   1.030432e+00   1.027546e+00   7.790391e-02
  1.245979e-01   3.974465e-03   3.775520e+02   9.358748e-01   1.052722e+00   4.197888e-01
  5.581464e-01   1.621543e-02   8.713987e+01   9.675985e-01   1.201530e+00   3.533989e-01
  1.701597e+00  -3.865781e-03   1.591986e+01   5.389223e-01   1.389448e+00   1.090669e+00
  4.141996e-01   1.356649e-03   1.123171e+02   9.255198e-01   1.195878e+00   7.672360e-01
  1.446603e-01  -1.624846e-03   3.722277e+02   1.071243e+00   1.068020e+00   1.495057e-01
  5.033458e-03  -6.450153e-05   9.889351e+03   9.902945e-01   1.001344e+00   8.351944e-02
  3.149425e-02  -1.141723e-03   1.579374e+03   9.895696e-01   1.006345e+00   3.961045e-02
  5.227429e-02  -2.876198e-04   9.015387e+02   9.375677e-01   9.724521e-01   8.707160e-03
  6.688995e-02  -1.378419e-03   6.701337e+02   8.917692e-01   9.266775e-01   1.306985e-01
  5.113553e-01  -3.749879e-03   4.168045e+01   4.240190e-01   8.070580e-01   7.941611e-01
  2.559035e+00  -1.975836e-02   1.782150e-09   9.072995e-11   9.072995e-01   1.353967e+00
  1.691096e-01   1.010188e-03   2.479924e+02   8.343283e-01   8.453599e-01   3.509875e-01
  1.350173e-02   3.947895e-04   3.301287e+03   8.867532e-01   9.328576e-01   5.202734e-03
  2.647298e-02   7.694157e-04   1.906359e+03   1.004009e+00   1.009051e+00   3.727907e-02
  8.589406e-02   2.015126e-03   5.570322e+02   9.518610e-01   9.937788e-01   8.767430e-03
  4.035534e-02  -7.559621e-04   1.264303e+03   1.015038e+00   1.017139e+00   1.365300e-02
  3.511241e-02   9.073026e-05   1.482688e+03   1.035716e+00   1.040685e+00   1.105905e-02
  5.639732e-01   1.006438e-02   9.044715e+01   1.014807e+00   1.059037e+00   8.015112e-02
  3.238245e-01   1.213667e-03   1.007309e+02   6.489371e-01   9.099562e-01   6.113325e-01
  3.354680e-02   5.045083e-04   1.316622e+03   8.787032e-01   9.032107e-01   9.451218e-03
  2.786330e-02   9.493425e-04   1.794521e+03   9.947437e-01   1.002103e+00   5.311312e-03
  3.909518e-02   4.715270e-04   1.227008e+03   9.543351e-01   9.881578e-01   4.703494e-02
  3.460924e-02   1.175135e-03   1.408794e+03   9.699951e-01   9.861714e-01   5.158678e-02
  2.702326e-02   1.899506e-04   1.799959e+03   9.676768e-01   9.791059e-01   1.021910e-02
  5.923193e-02  -1.297687e-03   7.611774e+02   8.969575e-01   9.501595e-01   3.626075e-02
  4.457134e-01   8.033868e-04   7.114824e+01   6.308848e-01   9.429535e-01   4.575806e-01
  2.400613e-02   2.237215e-05   2.216134e+03   1.058396e+00   1.039195e+00   4.872805e-03
  4.037546e-02  -4.588624e-04   1.201812e+03   9.653487e-01   9.909354e-01   6.393177e-02
  7.000092e-02  -1.044957e-03   6.794750e+02   9.462532e-01   9.842682e-01   1.223626e-02
  5.409938e-02  -1.731530e-03   9.009244e+02   9.696406e-01   9.901934e-01   1.617857e-02
  1.987049e-02   1.251822e-04   2.497372e+03   9.872382e-01   9.894912e-01   1.671995e-02
  2.286481e-02   8.578135e-04   2.237842e+03   1.017951e+00   1.009520e+00   9.851829e-03
  1.875131e-02  -6.204501e-04   2.583311e+03   9.636923e-01   9.837433e-01   4.813913e-02
  1.973174e-01   6.145775e-03   2.402633e+02   9.431544e-01   1.057747e+00   1.546424e-01
  2.980764e-01   3.368249e-03   1.395784e+02   8.277059e-01   9.461187e-01   6.928609e-02
  6.404399e-03  -6.009875e-07   7.757262e+03   9.883641e-01   9.977274e-01   5.289063e-02
  3.532105e-02  -1.283904e-03   1.381018e+03   9.704274e-01   9.924505e-01   4.166344e-02
  8.648074e-03  -2.093574e-04   5.734369e+03   9.865865e-01   1.003201e+00   5.302817e-02
  1.253315e-02  -5.615006e-05   4.047729e+03   1.009257e+00   1.014106e+00   2.272386e-02
  1.147705e-02  -1.359895e-04   4.248517e+03   9.700578e-01   9.835135e-01   1.244446e-02
  3.330891e-02  -6.419953e-04   1.516504e+03   1.004926e+00   1.006621e+00   3.628976e-02
  2.858748e-01   1.068793e-02   1.659897e+02   9.440331e-01   1.062253e+00   8.128705e-02
  3.477692e-01  -1.006760e-02   1.384178e+02   9.576640e-01   1.078813e+00   7.300562e-02
  4.308251e-02   2.874399e-04   1.162941e+03   9.967563e-01   1.005925e+00   4.008562e-02
  2.144292e-03   8.254423e-05   2.319661e+04   9.895518e-01   9.793789e-01   1.440389e-02
  5.615847e-02   5.170213e-04   8.960367e+02   1.001085e+00   1.008022e+00   4.325974e-03
  6.664062e-02   2.417342e-04   7.096951e+02   9.408946e-01   9.796289e-01   3.289656e-03
  4.452614e-02  -1.100838e-03   1.065657e+03   9.439795e-01   9.739851e-01   1.936624e-03
  6.025526e-02   1.017227e-03   7.735493e+02   9.272846e-01   9.807481e-01   4.982105e-02
  4.026471e-02  -1.583833e-05   1.047990e+03   8.394825e-01   9.302543e-01   2.955312e-01
  1.630561e-01  -7.043305e-04   2.272051e+02   7.370300e-01   9.344693e-01   4.098300e-01
  9.196392e-03   2.697081e-04   5.237872e+03   9.583022e-01   9.581029e-01   2.038362e-02
  4.914754e-02   1.197795e-03   9.877535e+02   9.657852e-01   9.986867e-01   2.141563e-02
  4.731425e-02   9.571515e-04   9.942481e+02   9.358730e-01   9.716872e-01   5.605634e-02
  4.783850e-02   1.945339e-04   1.025207e+03   9.757069e-01   1.001188e+00   3.654559e-02
  2.589872e-02   3.403224e-04   1.917279e+03   9.878562e-01   9.940382e-01   1.180586e-02
  7.309027e-02   2.030418e-03   6.859608e+02   9.974451e-01   1.013766e+00   3.105178e-02
  4.233180e-01   6.008988e-03   1.088951e+02   9.170758e-01   1.048823e+00   6.048691e-02
  8.631086e-02   1.955072e-03   5.681802e+02   9.756222e-01   9.782331e-01   2.856858e-03
  4.523592e-02  -1.281230e-03   1.112335e+03   1.001034e+00   1.006696e+00   7.023096e-03
  1.188600e-01  -1.408378e-03   4.031655e+02   9.533429e-01   1.001219e+00   1.791679e-02
  6.402074e-02  -1.037526e-03   7.766397e+02   9.891689e-01   1.006492e+00   3.345602e-02
  8.984504e-03   4.418996e-05   5.519892e+03   9.866312e-01   9.823792e-01   1.171069e-02
  2.745434e-02   7.800662e-04   1.780928e+03   9.727192e-01   9.855579e-01   2.319389e-03
  1.212825e-02  -3.600329e-04   3.819561e+03   9.215987e-01   9.530683e-01   4.498672e-02
  1.834485e-01  -2.231195e-03   1.734305e+02   6.329506e-01   8.814462e-01   3.733230e-01
  3.653854e-02   8.239222e-04   1.310410e+03   9.525520e-01   9.877319e-01   8.126426e-02
  2.890137e-02   5.352667e-04   1.699742e+03   9.773087e-01   9.927816e-01   2.205370e-02
  2.703306e-02  -4.783477e-04   1.810808e+03   9.738624e-01   9.831048e-01   2.512351e-02
  3.392372e-02  -5.037694e-04   1.414325e+03   9.545155e-01   9.941492e-01   7.618172e-02
  8.965811e-03   5.058284e-05   5.576498e+03   9.946752e-01   9.935179e-01   8.056891e-04
  4.373626e-02  -3.363247e-05   1.138885e+03   9.909500e-01   9.973791e-01   5.157204e-03
  8.446680e-03  -2.051631e-04   6.073077e+03   1.020528e+00   1.009916e+00   5.191515e-02
  2.702692e-01   9.860766e-03   1.841992e+02   9.904087e-01   1.089195e+00   1.103945e-01
  4.719155e-02  -1.124576e-03   1.057796e+03   9.931079e-01   9.916802e-01   7.990711e-03
  3.051807e-02   6.838717e-04   1.638798e+03   9.949758e-01   9.995169e-01   1.258598e-02
  1.021320e-02   8.197173e-05   4.853115e+03   9.860805e-01   9.879800e-01   2.498338e-04
  4.587527e-02   1.271463e-03   1.081081e+03   9.866592e-01   9.935220e-01   4.361099e-03
  3.002141e-02   2.147880e-04   1.639459e+03   9.791783e-01   9.912611e-01   2.409087e-03
  3.067395e-02  -3.215436e-04   1.575687e+03   9.615454e-01   9.791608e-01   5.682678e-03
  3.352101e-02  -1.130761e-04   1.401382e+03   9.345527e-01   9.621507e-01   1.320529e-02
  9.950634e-02   1.076790e-03   4.192071e+02   8.298690e-01   9.372951e-01   2.328441e-01
  2.906919e-02  -1.003932e-03   1.654467e+03   9.568002e-01   9.861117e-01   3.816604e-02
  2.364336e-02  -3.276877e-04   2.077537e+03   9.772106e-01   9.844267e-01   2.945619e-03
  3.588219e-02  -1.437754e-04   1.388169e+03   9.909495e-01   9.998774e-01   2.194996e-04
  3.587101e-02  -8.910569e-04   1.353121e+03   9.656290e-01   9.921322e-01   3.664255e-02
  2.016243e-02   1.131550e-04   2.447620e+03   9.817867e-01   9.898910e-01   9.169668e-03
  1.320643e-02   4.777856e-05   3.775352e+03   9.919117e-01   9.903349e-01   2.355951e-03
  5.047227e-02  -1.822842e-03   9.807547e+02   9.847895e-01   1.003613e+00   1.305420e-02
  9.906067e-02   6.640232e-04   4.999612e+02   9.852982e-01   1.010772e+00   5.204316e-02
  1.423382e-01   2.199117e-03   3.354377e+02   9.498684e-01   1.004492e+00   2.125498e-02
  8.759615e-03   2.063120e-04   5.704339e+03   9.940781e-01   9.942251e-01   1.757661e-02
  4.230183e-02  -2.875680e-04   1.151933e+03   9.694300e-01   9.880897e-01   7.025866e-03
  5.720872e-02  -1.496782e-03   8.416261e+02   9.578811e-01   9.979799e-01   5.656936e-02
  1.479013e-02  -5.044457e-04   3.374389e+03   9.928812e-01   9.906612e-01   3.233874e-03
  2.230754e-02  -3.388491e-04   2.209337e+03   9.804916e-01   9.918280e-01   2.904965e-03
  2.775644e-02  -7.046423e-04   1.734833e+03   9.579691e-01   9.837657e-01   4.123520e-02
  6.827408e-02  -1.629473e-03   6.485133e+02   8.808560e-01   9.753144e-01   1.883768e-01
  5.733222e-02   1.452900e-03   8.392978e+02   9.572932e-01   9.856326e-01   6.123362e-02
  1.543693e-02   1.252432e-04   3.234587e+03   9.933675e-01   9.939768e-01   4.906922e-03
  1.550079e-02  -2.699052e-04   3.252254e+03   1.002925e+00   9.976220e-01   3.769940e-03
  3.783958e-02   9.853436e-04   1.302074e+03   9.801943e-01   9.922687e-01   2.735096e-02
  3.868933e-02   4.636053e-04   1.244569e+03   9.579444e-01   9.952382e-01   3.093506e-02
  3.166981e-02  -7.684526e-04   1.563547e+03   9.851140e-01   9.925014e-01   1.549909e-03
  3.672420e-02   1.349800e-03   1.354130e+03   9.893341e-01   9.944282e-01   1.578789e-02
  7.180254e-02   2.752613e-03   6.810801e+02   9.728999e-01   9.931923e-01   4.895022e-02
  3.773585e-03   4.211945e-06   1.358755e+04   1.020059e+00   1.003217e+00   6.182798e-03
  4.743042e-02  -1.257429e-03   1.031603e+03   9.734192e-01   9.944978e-01   1.421323e-03
  1.980985e-02  -2.709389e-04   2.461257e+03   9.699927e-01   9.845646e-01   2.149676e-03
  4.489759e-03   3.252307e-05   1.123472e+04   1.003495e+00   1.000532e+00   3.982397e-02
  1.093010e-01   4.217758e-03   4.467902e+02   9.715340e-01   1.005903e+00   2.560847e-02
  2.982035e-02  -4.400427e-05   1.640953e+03   9.735070e-01   9.889797e-01   5.021721e-03
  4.043824e-02  -7.631803e-04   1.197467e+03   9.633542e-01   9.900733e-01   3.292137e-02
  3.595421e-02   1.064691e-03   1.328852e+03   9.505093e-01   9.855558e-01   6.077234e-02
  6.171326e-03  -4.920512e-06   8.055208e+03   9.889753e-01   9.960533e-01   2.203474e-02
  4.999282e-02  -3.562816e-04   9.823255e+02   9.769970e-01   9.962931e-01   2.627275e-02
  3.936590e-02   1.150654e-04   1.255830e+03   9.835155e-01   9.967469e-01   1.572369e-02
  9.628909e-02  -2.822588e-03   4.950329e+02   9.482902e-01   9.909447e-01   1.028203e-03
  1.216672e-02  -1.482740e-04   4.052664e+03   9.809441e-01   9.843818e-01   3.958571e-02
  3.898583e-02   9.437746e-04   1.263262e+03   9.797839e-01   9.940732e-01   1.149919e-02
  6.541512e-02  -2.488331e-03   7.456938e+02   9.704403e-01   9.947726e-01   2.979184e-02
  3.164493e-02  -4.592080e-04   1.570276e+03   9.885764e-01   9.950602e-01   7.444916e-03
  5.322387e-02  -6.924672e-05   8.609857e+02   9.116593e-01   9.538773e-01   3.491685e-02
  2.446615e-02   4.868879e-04   1.962433e+03   9.551918e-01   9.744945e-01   2.678432e-02
  1.516583e-02   4.228619e-05   3.166358e+03   9.553362e-01   9.734703e-01   2.495750e-02
  1.023126e-01  -1.862320e-03   4.751511e+02   9.671432e-01   1.016611e+00   6.019314e-02
  4.776978e-02   2.453417e-04   1.045313e+03   9.934125e-01   9.997575e-01   1.441141e-02
  7.748605e-03  -1.973622e-04   6.364177e+03   9.810608e-01   9.889076e-01   3.285119e-02
  4.314330e-02   1.548385e-03   1.133859e+03   9.732008e-01   9.928766e-01   2.773916e-02
  2.570309e-02  -3.936521e-04   1.909215e+03   9.762708e-01   9.870607e-01   1.001891e-02
  4.035015e-02  -3.459515e-04   1.277322e+03   1.025358e+00   1.048687e+00   3.749753e-02
  2.315262e-02   6.312681e-06   2.130082e+03   9.811303e-01   9.858788e-01   3.800651e-02
  9.381375e-05  -1.242905e-07   5.604018e+05   1.045914e+00   1.019454e+00   6.338461e-03
  8.668995e-02   1.266684e-03   5.426295e+02   9.358416e-01   9.884500e-01   9.385398e-02
  5.757405e-02   1.962573e-03   8.242368e+02   9.440803e-01   9.920657e-01   5.148579e-02
  3.083494e-02   3.093060e-04   1.642986e+03   1.007876e+00   1.003778e+00   6.791035e-03
  7.382980e-02   2.837199e-03   6.598040e+02   9.691183e-01   1.000323e+00   3.691657e-02
  3.155270e-02  -1.160003e-03   1.568285e+03   9.844451e-01   9.889466e-01   5.010167e-03
  1.128208e-01  -1.270777e-04   3.983361e+02   8.940647e-01   9.506763e-01   2.401040e-02
  5.121174e-02  -3.915465e-04   9.457704e+02   9.635747e-01   9.987356e-01   2.406281e-02
  4.312917e-02   1.156073e-03   1.093231e+03   9.380221e-01   9.747159e-01   6.530907e-03
  1.246222e-01   5.688082e-04   3.817854e+02   9.465529e-01   1.022268e+00   1.525886e-01
  7.345719e-02   8.323570e-04   6.546051e+02   9.566296e-01   1.005063e+00   5.641563e-02
  6.428273e-02  -1.771069e-03   7.368588e+02   9.423423e-01   9.854065e-01   2.107858e-02
  5.171515e-02  -1.977701e-03   9.452127e+02   9.724729e-01   9.920359e-01   2.889481e-02
  5.042324e-02   9.139432e-04   9.804530e+02   9.835302e-01   1.005053e+00   2.972614e-02
  1.253103e-01  -1.616514e-03   3.768042e+02   9.393612e-01   9.022037e-01   2.198443e-02
  1.576228e-01   1.737180e-04   2.811334e+02   8.815798e-01   9.718184e-01   1.954338e-02
  5.543448e-02   1.329339e-03   9.026953e+02   9.955230e-01   1.003494e+00   1.629328e-02
  7.683327e-02  -1.835916e-03   5.980586e+02   9.141620e-01   9.879907e-01   1.180257e-01
  1.091366e-01  -2.106031e-03   4.448697e+02   9.659028e-01   1.001278e+00   3.422596e-02
  8.122331e-02   1.834846e-03   6.122965e+02   9.894016e-01   1.008680e+00   2.200930e-02
  6.523369e-02  -2.242208e-03   7.432112e+02   9.645268e-01   9.927659e-01   3.374985e-02
  4.848561e-02   1.545617e-03   9.770909e+02   9.424927e-01   9.745774e-01   5.646008e-02
  1.087594e-01  -8.955502e-04   4.896388e+02   1.059432e+00   1.036799e+00   1.608469e-01
  4.055951e-02   5.451531e-04   1.321558e+03   1.066373e+00   1.046391e+00   8.122443e-02
  2.319748e-02   5.939872e-04   2.076938e+03   9.585051e-01   9.737658e-01   2.473201e-03
  2.669011e-01  -7.600779e-03   1.806434e+02   9.591856e-01   1.059172e+00   1.036875e-01
  5.671900e-02   8.206562e-04   8.535270e+02   9.631101e-01   1.030203e+00   1.069261e-01
  1.324448e-02   1.202773e-04   3.574210e+03   9.417707e-01   9.769560e-01   2.054491e-01
  3.379502e-02   8.021162e-04   1.463382e+03   9.838765e-01   9.970118e-01   2.374950e-02
  1.174876e-01  -1.591357e-03   3.785699e+02   8.848471e-01   9.749718e-01   1.181047e-01
           nan           -inf            nan            nan            inf            nan
  5.694017e-02  -3.468345e-06   8.277466e+02   9.376620e-01   9.737940e-01   5.700186e-03
  1.743626e-02   6.305485e-04   2.841195e+03   9.855634e-01   9.952182e-01   3.153561e-02
  5.263886e-02   1.345819e-03   7.882768e+02   8.254967e-01   9.408336e-01   3.117525e-01
  8.970934e-02   1.156639e-03   4.882402e+02   8.713674e-01   9.685738e-01   1.625437e-01
  4.771444e-01  -9.096058e-03   8.296090e+01   7.875051e-01   1.085970e+00   1.670493e-01
  5.555496e-02   1.228596e-03   8.612635e+02   9.518950e-01   9.774454e-01   4.000533e-02
  4.379134e-01  -5.021382e-03   8.116104e+01   7.070758e-01   9.674688e-01   2.644031e-01
           nan            nan            nan            nan            nan            nan
           nan            nan            nan            nan            nan            nan
  2.108998e-02   5.308260e-04   2.422554e+03   1.016436e+00   1.016920e+00   2.512770e-02
  3.107808e-01   2.509575e-04   1.671853e+02   1.033671e+00   1.063856e+00   4.556400e-02
  1.505325e-01  -2.690202e-04   3.405033e+02   1.019722e+00   1.021073e+00   1.104374e-03
  5.593440e-01  -2.016418e-02   6.331484e+01   7.045545e-01   1.021195e+00   5.253467e-01
  3.372741e-02   7.081651e-04   1.452229e+03   9.744244e-01   1.020393e+00   2.690788e-01
  6.532973e-01   1.755505e-02   6.800094e+01   8.838040e-01   1.194395e+00   3.902200e-01
           nan            nan            nan            nan            nan            nan
  1.630658e-02  -6.034386e-04   2.992881e+03   9.709178e-01   9.813802e-01   2.665819e-02
  8.665421e-03   1.848311e-04   5.600490e+03   9.654857e-01   9.775941e-01   4.009543e-03
  2.767494e-02   9.186272e-04   1.599203e+03   8.804821e-01   9.634423e-01   1.812170e-01
  4.818563e-02  -9.881078e-04   9.744832e+02   9.341617e-01   9.878672e-01   1.252143e-01
  6.061835e-01   1.297465e-02   6.767498e+01   8.161356e-01   1.060889e+00   3.032567e-01
  2.026488e-01   9.293652e-05   2.175239e+02   8.769625e-01   9.616581e-01   1.434578e-01
  7.662496e-01  -1.174691e-03   3.447333e+01   5.255132e-01   9.202947e-01   6.628189e-01
  1.102876e-01  -2.472327e-03   4.310139e+02   9.456888e-01   9.927811e-01   1.806583e-01
  4.352814e-02   1.750158e-04   1.136206e+03   9.839144e-01   1.006843e+00   1.781938e-02
  5.298702e-02   1.998643e-04   9.470109e+02   9.982852e-01   1.006969e+00   3.018914e-03
  1.477923e-01  -4.585055e-03   3.446862e+02   1.013458e+00   1.041723e+00   8.572128e-03
  1.534050e-01   5.068223e-03   3.171686e+02   9.679651e-01   1.017757e+00   6.096800e-02
  3.817125e-01   2.673992e-03   9.813118e+01   7.452012e-01   1.008960e+00   3.629633e-01
  6.024793e-02  -1.825659e-03   7.866824e+02   9.429132e-01   9.980215e-01   1.441684e-01
  3.251317e-01   3.797842e-03   1.221147e+02   7.898729e-01   9.252932e-01   8.347924e-02
  1.236866e-01  -3.486136e-03   3.472026e+02   8.543501e-01   9.304423e-01   1.841208e-01
  4.821525e-02   1.356718e-03   9.785522e+02   9.386388e-01   9.767493e-01   4.375719e-02
  4.545204e-02  -4.142369e-04   1.056085e+03   9.549536e-01   9.979435e-01   1.114450e-01
  2.426993e-02  -8.305588e-04   1.835626e+03   8.863044e-01   9.586041e-01   1.945705e-01
  3.276155e-02  -4.061553e-04   1.450274e+03   9.452457e-01   9.908846e-01   8.113969e-02
  1.256571e-01  -4.595077e-03   3.919335e+02   9.797825e-01   1.024291e+00   6.725712e-02
  1.302141e-01   3.714704e-03   3.863943e+02   1.000965e+00   1.013189e+00   1.975571e-02
  4.645941e-02  -3.986997e-04   1.017899e+03   9.408247e-01   9.847420e-01   9.377714e-02
  7.053394e-03  -1.630529e-04   7.090164e+03   9.949118e-01   1.001346e+00   5.691063e-02
  2.199912e-02  -3.474822e-04   2.213399e+03   9.687132e-01   9.802151e-01   9.401499e-03
  1.376191e-01  -8.578921e-05   3.453150e+02   9.454191e-01   9.949343e-01   3.245741e-02
  2.043882e-01   7.198126e-04   2.402586e+02   9.769332e-01   1.017414e+00   2.269692e-02
  4.468746e-02  -1.747948e-03   1.081844e+03   9.617909e-01   9.885225e-01   3.174696e-02
  8.460647e-02  -3.260740e-03   5.851000e+02   9.848357e-01   1.017290e+00   3.427433e-02
  1.010797e-02   1.548645e-04   4.717066e+03   9.485626e-01   9.899830e-01   1.177112e-01
  2.836158e-01   4.728720e-03   1.667081e+02   9.406267e-01   1.038275e+00   6.817499e-02
  3.356473e-02  -4.954765e-04   1.349311e+03   9.010013e-01   9.474464e-01   2.518223e-02
  2.184371e-02  -1.008454e-04   2.166089e+03   9.413104e-01   9.629414e-01   4.261787e-03
  3.833572e-03  -2.776442e-06   1.254294e+04   9.566056e-01   9.787392e-01   4.622039e-02
  6.620538e-02   1.624780e-03   6.561360e+02   8.642061e-01   9.700608e-01   2.486785e-01
  3.184881e-02   9.638442e-04   1.555741e+03   9.857359e-01   9.875184e-01   1.205350e-02
  1.875398e-02   7.246697e-04   2.550543e+03   9.516039e-01   9.723773e-01   3.803735e-02
  7.857707e-02  -2.935680e-03   6.133415e+02   9.588007e-01   9.870083e-01   6.901179e-03
  6.198984e-02  -1.710869e-04   7.505793e+02   9.256509e-01   9.814057e-01   1.244359e-01
  5.315098e-02  -1.844643e-04   9.443875e+02   9.986001e-01   1.012998e+00   5.884507e-03
  3.880038e-02  -1.854548e-04   1.270847e+03   9.809782e-01   9.944525e-01   4.409903e-03
  4.579773e-02   1.291944e-04   1.116645e+03   1.017394e+00   1.013811e+00   1.212137e-03
  2.772489e-01  -5.367191e-03   1.727142e+02   9.526386e-01   1.026622e+00   2.710597e-02
  1.873509e-02   4.196069e-04   2.627467e+03   9.793166e-01   9.864061e-01   1.270900e-02
  3.257260e-02   1.195283e-03   1.534254e+03   9.942139e-01   9.967059e-01   6.352943e-03
  2.737280e-02  -4.988138e-04   1.814891e+03   9.883252e-01   1.002842e+00   4.793555e-02
  1.643072e-02   3.527597e-04   2.845130e+03   9.300129e-01   9.670473e-01   3.428856e-02
  5.874777e-02  -2.867555e-04   7.755585e+02   9.064339e-01   9.590347e-01   4.210038e-02
  1.683902e-02  -6.227701e-05   2.906011e+03   9.735185e-01   9.840167e-01   6.762369e-03
  3.585555e-02  -6.197543e-04   1.332934e+03   9.508134e-01   9.758601e-01   5.708008e-02
  8.125691e-02  -1.966726e-03   5.356930e+02   8.659771e-01   9.845716e-01   2.599500e-01
  1.738923e-02  -5.231342e-04   2.874978e+03   9.945920e-01   1.004087e+00   3.791304e-03
  4.818181e-02   2.930988e-04   9.875999e+02   9.466605e-01   9.818943e-01   1.236500e-02
  4.069516e-02   1.224870e-03   1.184895e+03   9.592964e-01   9.812991e-01   2.212606e-02
  3.922580e-02   5.867228e-04   1.178201e+03   9.194355e-01   9.651941e-01   4.078836e-02
  1.008637e-01  -5.245315e-05   5.557156e+02   1.115110e+00   1.107737e+00   1.226006e-03
  2.244469e-02   3.226208e-05   2.098931e+03   9.372207e-01   9.692767e-01   2.268031e-02
  7.048631e-02   8.154108e-04   6.685786e+02   9.375348e-01   9.809353e-01   1.512251e-02
  1.687906e-01   2.152688e-03   2.925943e+02   9.825263e-01   1.013125e+00   2.263741e-02
  3.596941e-02   1.260894e-03   1.373709e+03   9.830109e-01   9.990739e-01   1.118844e-02
  5.659507e-02  -1.215886e-03   8.610886e+02   9.695196e-01   9.950061e-01   1.208584e-02
  4.934013e-02   1.258026e-03   1.073420e+03   1.053659e+00   1.047068e+00   5.378413e-02
  2.139318e-01   2.041176e-03   2.190349e+02   9.322207e-01   9.977032e-01   1.553035e-02
  9.466647e-01  -4.062514e-03   9.948559e+00   1.873642e-01   8.311372e-01   1.128433e+00
  6.752691e-02  -2.572378e-04   6.827996e+02   9.172765e-01   9.221780e-01   1.234559e-01
  1.462405e-02   4.406384e-04   3.272268e+03   9.520214e-01   9.755866e-01   1.926266e-02
  2.803872e-02   1.029557e-03   1.641824e+03   9.158300e-01   9.875430e-01   1.593790e-01
  4.351463e-02   1.587929e-03   1.130243e+03   9.784467e-01   9.905837e-01   2.736166e-02
  1.967317e-02  -4.336723e-04   2.355795e+03   9.220232e-01   9.513785e-01   2.023481e-02
  1.337891e-01  -5.736016e-04   3.012558e+02   8.018375e-01   8.566734e-01   3.236683e-01
  1.321226e+00   2.882473e-04   8.115860e+00   2.133250e-01   8.817027e-01   1.290085e+00
  5.262467e-02  -2.041155e-03   8.224215e+02   8.610215e-01   8.581580e-01   3.220755e-01
  3.036824e-02   2.813001e-04   1.407508e+03   8.503559e-01   9.197481e-01   7.767082e-02
  3.541461e-02   3.764807e-04   1.374043e+03   9.680841e-01   9.914301e-01   6.862031e-03
  8.939011e-02  -6.779043e-04   5.471173e+02   9.729715e-01   1.002576e+00   1.852668e-02
  1.457494e-02   3.736633e-04   3.460706e+03   1.003464e+00   9.989313e-01   7.293094e-03
  3.808412e-02   1.240748e-03   1.264608e+03   9.581419e-01   9.834361e-01   2.131613e-02
  1.235904e-01   4.025159e-04   3.923452e+02   9.646801e-01   1.007631e+00   2.712932e-02
  6.044356e-02  -5.813486e-04   8.259958e+02   9.932486e-01   9.932198e-01   5.976706e-02
  3.976606e-02  -8.004042e-04   1.327765e+03   1.050423e+00   1.103638e+00   4.172193e-01
  3.715304e-02  -4.974109e-05   1.430680e+03   1.057468e+00   1.045340e+00   5.800793e-02
  8.300460e-02  -8.070254e-04   5.915041e+02   9.767648e-01   1.016039e+00   3.298403e-02
  3.877476e-02  -9.599316e-04   1.247492e+03   9.623146e-01   9.904448e-01   5.541345e-02
  2.385157e-02   8.071473e-04   2.075588e+03   9.848912e-01   9.958140e-01   2.724767e-03
  3.395559e-02  -4.159086e-04   1.453292e+03   9.817353e-01   9.957247e-01   4.162290e-03
  4.671868e-02   8.659052e-04   1.093921e+03   1.016733e+00   1.014416e+00   7.979692e-02
  6.814241e-01   1.968255e-04   5.397000e+01   7.316443e-01   9.900760e-01   1.507382e-01
  7.692375e-02   1.667088e-03   5.805412e+02   8.884310e-01   8.819718e-01   2.403428e-01
  2.180804e-02  -2.529309e-04   2.032912e+03   8.819933e-01   9.351041e-01   6.897122e-03
  3.307594e-02  -7.544289e-04   1.488393e+03   9.793996e-01   9.906686e-01   4.405285e-02
  8.364450e-02   1.345338e-03   5.759551e+02   9.584206e-01   9.864465e-01   2.468548e-02
  4.451176e-02  -4.967913e-04   1.094153e+03   9.689088e-01   9.883281e-01   6.099893e-03
  3.213981e-02  -6.773518e-04   1.490450e+03   9.529959e-01   9.737114e-01   1.597321e-02
  2.217329e-02  -1.449286e-04   1.957172e+03   8.633548e-01   8.917720e-01   1.358452e-01
  5.887862e-01  -2.578335e-05   4.557841e+01   5.338840e-01   9.249028e-01   6.089840e-01
  1.641619e-02  -2.088222e-04   2.914166e+03   9.517365e-01   9.693835e-01   1.086590e-01
  1.774545e-02   1.142143e-04   2.833886e+03   1.000460e+00   1.002485e+00   2.678529e-02
  7.860637e-03   2.390869e-04   6.325092e+03   9.891331e-01   9.862321e-01   6.466966e-03
  5.603012e-03   1.781311e-04   8.831418e+03   9.844238e-01   9.969410e-01   4.851840e-02
  4.063172e-02  -1.198239e-03   1.225299e+03   9.904614e-01   1.001322e+00   2.737537e-02
  3.354931e-02   3.082974e-04   1.534761e+03   1.024365e+00   1.011225e+00   1.566903e-02
  5.003535e-02   1.629840e-03   1.031849e+03   1.027125e+00   1.038256e+00   1.667509e-01
  5.169542e-01   8.269111e-03   8.708582e+01   8.956322e-01   1.136735e+00   5.151328e-01
  3.167542e-02   1.191199e-03   1.507036e+03   9.496777e-01   9.732438e-01   3.873989e-02
  3.207679e-02  -4.356795e-04   1.534826e+03   9.794456e-01   9.897662e-01   1.048339e-02
  5.940160e-03  -2.038125e-04   8.451630e+03   9.987775e-01   9.969454e-01   2.180325e-03
  6.779920e-02  -1.981617e-03   7.256657e+02   9.787941e-01   1.002417e+00   5.158722e-03
  1.578535e-02   3.802561e-04   3.146714e+03   9.881930e-01   9.882897e-01   7.159280e-03
  1.641903e-02   2.308069e-04   2.961774e+03   9.674523e-01   9.788743e-01   3.522273e-03
  2.747862e-03   3.302377e-05   1.818227e+04   9.939699e-01   9.834322e-01   1.772712e-02
  4.626995e-01   3.523986e-04   7.405814e+01   6.817136e-01   8.786801e-01   2.238638e-01
  2.461046e-03  -3.185427e-05   2.014615e+04   9.863750e-01   9.815709e-01   4.929828e-04
  4.263641e-02  -1.920959e-05   1.153693e+03   9.785906e-01   9.952371e-01   8.565635e-03
  2.511298e-02  -8.588406e-04   1.950841e+03   9.746533e-01   9.885722e-01   6.496449e-03
  6.709045e-02  -1.353894e-03   7.094579e+02   9.469291e-01   9.900545e-01   5.889969e-02
  2.616976e-02   9.678855e-04   1.897123e+03   9.877003e-01   9.979443e-01   4.157994e-03
  1.586926e-02  -2.364902e-04   3.153228e+03   9.955021e-01   9.956938e-01   3.573058e-03
  3.688525e-02   4.754145e-05   1.263431e+03   9.271168e-01   9.721614e-01   9.021107e-03
  6.570199e-02  -9.905565e-04   7.385666e+02   9.653801e-01   9.865279e-01   1.168690e-01
  6.797296e-03   3.292966e-05   7.315992e+03   9.893262e-01   9.926557e-01   6.858653e-03
  2.308095e-02   3.841508e-04   2.122531e+03   9.746259e-01   9.948786e-01   7.006663e-02
  3.301017e-02   8.321021e-04   1.514236e+03   9.944237e-01   1.003052e+00   9.569694e-03
  6.353845e-02   2.462658e-03   7.824850e+02   9.891059e-01   1.005148e+00   4.799390e-02
  4.196035e-02   6.366923e-04   1.171757e+03   9.781534e-01   9.936600e-01   7.209567e-03
  2.886916e-02  -3.404824e-05   1.737822e+03   9.980897e-01   1.004114e+00   2.721850e-03
  5.008375e-02  -1.019932e-03   9.597081e+02   9.562382e-01   9.819615e-01   4.169493e-02
  1.481512e-02  -4.324571e-05   3.108841e+03   9.162922e-01   9.739977e-01   1.070540e-01
  1.488918e-01  -4.103800e-05   3.133213e+02   9.280916e-01   9.691240e-01   4.209412e-02
  2.569242e-02   2.630200e-05   1.968422e+03   1.006128e+00   9.983483e-01   2.156319e-03
  2.251414e-02   8.553833e-04   2.170868e+03   9.723413e-01   9.818700e-01   2.742607e-02
  1.811126e-02   2.869287e-04   2.670730e+03   9.622965e-01   9.851251e-01   4.227988e-02
  2.100929e-02  -3.989620e-04   2.367218e+03   9.894181e-01   9.936318e-01   1.603894e-02
  4.008529e-02   3.382056e-04   1.222183e+03   9.746562e-01   9.902245e-01   1.035623e-02
  5.166896e-03  -1.490579e-04   9.678729e+03   9.948972e-01   9.873435e-01   1.809537e-02
  7.405011e-02   1.056043e-03   6.860442e+02   1.010667e+00   1.064330e+00   1.403403e-01
  6.629818e-02  -4.626363e-04   7.623677e+02   1.005533e+00   1.023759e+00   7.861840e-02
  2.450510e-02  -1.511944e-05   2.022794e+03   9.861393e-01   9.951945e-01   1.340439e-02
  1.318680e-02  -4.943754e-04   3.858271e+03   1.012190e+00   1.002395e+00   7.208526e-03
  4.769121e-02  -7.725115e-04   1.060464e+03   1.006154e+00   1.015853e+00   7.882364e-04
  1.728316e-02  -6.025303e-04   2.870715e+03   9.870597e-01   9.945174e-01   5.322427e-03
  1.637132e-02  -5.835884e-05   3.052706e+03   9.942577e-01   9.929520e-01   1.168094e-02
  3.560515e-03   7.998788e-05   1.472924e+04   1.043334e+00   1.022829e+00   3.535245e-03
  2.424694e-01  -4.585209e-04   1.858543e+02   8.965194e-01   9.593460e-01   7.525141e-02
  9.327896e-03  -4.304604e-05   5.249182e+03   9.741043e-01   9.799745e-01   6.590028e-03
  5.360512e-02  -9.929756e-05   9.198753e+02   9.809919e-01   9.965247e-01   1.063306e-02
  8.010201e-03  -2.874622e-04   6.076040e+03   9.682649e-01   9.850527e-01   1.921924e-02
  4.962703e-02  -6.069957e-04   9.505984e+02   9.385244e-01   9.818812e-01   7.280712e-02
  5.192500e-02  -1.275346e-04   9.431037e+02   9.742403e-01   9.917091e-01   7.133021e-03
  1.224182e-02  -2.441804e-04   4.060365e+03   9.888749e-01   9.907152e-01   4.103423e-04
  2.849049e-02   1.024264e-05   1.714475e+03   9.717651e-01   9.880972e-01   6.976146e-03
  6.815076e-02  -1.767218e-03   7.160834e+02   9.708776e-01   9.891085e-01   4.139783e-02
  2.197711e-02   4.013175e-04   2.293094e+03   1.002588e+00   1.006511e+00   2.270277e-02
  2.296896e-02  -9.078034e-05   2.137390e+03   9.766868e-01   9.879301e-01   2.320129e-02
  2.660294e-02   9.812360e-04   1.893547e+03   1.002157e+00   1.007776e+00   7.620236e-03
  1.314019e-01   5.351508e-04   3.675746e+02   9.608980e-01   9.932644e-01   8.022635e-03
  3.764199e-02   6.240901e-04   1.309042e+03   9.802937e-01   9.946903e-01   2.794630e-02
  2.847579e-02   1.223356e-04   1.725556e+03   9.775408e-01   9.907809e-01   2.667238e-03
  2.575976e-02  -6.658138e-04   1.966522e+03   1.007792e+00   1.003755e+00   1.752451e-02
  1.020643e-01   7.070608e-04   4.404347e+02   8.943045e-01   9.622596e-01   1.139621e-01
  7.778933e-02   3.064687e-03   6.341132e+02   9.813343e-01   1.000994e+00   4.061009e-03
  2.717714e-02   6.785866e-05   1.846816e+03   9.985217e-01   1.001063e+00   2.120170e-03
  5.636688e-02   1.210026e-03   8.483615e+02   9.513386e-01   9.767069e-01   3.181061e-02
  1.251041e-02   4.091898e-04   3.793108e+03   9.440537e-01   1.020961e+00   2.017994e-01
  2.317555e-03   8.819524e-05   2.148292e+04   9.904978e-01   9.989074e-01   4.266876e-02
  2.888493e-02   3.503435e-04   1.679226e+03   9.649628e-01   9.812671e-01   1.631837e-02
  1.041587e-02   1.961922e-05   4.542060e+03   9.411928e-01   9.565474e-01   8.824288e-02
  5.678807e-01  -4.642339e-04   5.927977e+01   6.697207e-01   9.605711e-01   1.879002e-01
  3.596506e-02   2.846100e-04   1.293031e+03   9.251669e-01   9.762573e-01   1.002674e-01
  2.856303e-02   3.589726e-04   1.692001e+03   9.614683e-01   9.767931e-01   1.522596e-02
  1.169812e-02  -2.407306e-04   4.304680e+03   1.001814e+00   1.008221e+00   3.046518e-02
  2.809465e-01  -7.423444e-04   1.618769e+02   9.047709e-01   1.006808e+00   6.306190e-02
  2.559585e-02   1.007912e-04   1.935126e+03   9.853920e-01   1.004609e+00   3.054014e-02
  2.822845e-02  -2.013665e-04   1.794289e+03   1.007649e+00   1.002999e+00   1.580216e-02
  1.066891e-02   7.197017e-06   4.755419e+03   1.009343e+00   1.021158e+00   1.709893e-01
  5.539619e-01  -7.163671e-04   8.121279e+01   8.950236e-01   1.108151e+00   3.279139e-01
  1.156044e-01  -4.336135e-03   4.297888e+02   9.884610e-01   1.016217e+00   2.083559e-02
  5.235640e-03  -3.384475e-06   9.724571e+03   1.012909e+00   9.985957e-01   5.653542e-03
  3.232237e-03  -1.050638e-04   1.537131e+04   9.884263e-01   9.920894e-01   1.374890e-02
  2.949615e-02  -7.288988e-04   1.594973e+03   9.359418e-01   9.894869e-01   1.811236e-01
  1.261640e-01  -1.151175e-03   3.702459e+02   9.292997e-01   9.798652e-01   3.405010e-02
  2.029492e-02  -2.234857e-04   2.405330e+03   9.711628e-01   9.839444e-01   1.097867e-03
  2.749198e-03   1.911683e-05   1.779664e+04   9.733618e-01   9.717340e-01   4.661924e-02
  4.413275e-01   9.882908e-04   8.851311e+01   7.771391e-01   9.363415e-01   1.954188e-01
  4.490875e-02  -1.484805e-03   1.033467e+03   9.233314e-01   9.725718e-01   1.084808e-01
  2.029128e-02   2.782864e-04   2.402160e+03   9.697095e-01   9.850830e-01   6.050562e-03
  3.557053e-02   9.474563e-05   1.382624e+03   9.784186e-01   9.912933e-01   8.574930e-03
  2.007312e-01   7.119350e-04   2.352136e+02   9.393068e-01   1.000412e+00   4.890163e-02
  1.320814e-02  -5.214172e-04   3.811675e+03   1.001585e+00   1.001281e+00   6.110559e-02
  1.917826e-02   3.008108e-04   2.559151e+03   9.764171e-01   9.866314e-01   7.480791e-03
  4.163519e-03  -6.147237e-07   1.192556e+04   9.878013e-01   9.895401e-01   1.783845e-03
  3.178364e-02  -1.181999e-04   1.483861e+03   9.382681e-01   9.672880e-01   7.899199e-02
  6.146652e-02   1.645529e-03   8.220850e+02   1.005276e+00   1.010803e+00   2.861774e-02
  4.544060e-02   4.488866e-04   1.089141e+03   9.845969e-01   9.999757e-01   6.112090e-03
  4.503253e-02   4.434678e-04   1.091534e+03   9.778988e-01   9.928205e-01   1.836630e-02
  5.511517e-02   2.048473e-03   8.671656e+02   9.508310e-01   9.972586e-01   7.325907e-02
  1.477146e-02   4.443099e-04   3.307970e+03   9.721093e-01   9.864455e-01   2.885389e-02
  2.297644e-02  -8.722887e-05   2.171841e+03   9.927525e-01   9.960784e-01   3.211568e-03
  3.999214e-02   3.277377e-04   1.235674e+03   9.831246e-01   9.971014e-01   1.591341e-03
  1.483288e-02  -3.416542e-04   3.373665e+03   9.955376e-01   9.962200e-01   6.314513e-03
  7.591358e-02   1.463661e-03   6.134224e+02   9.264228e-01   9.772199e-01   3.521515e-02
  2.385595e-02   9.580396e-06   2.041190e+03   9.687469e-01   9.808458e-01   1.770058e-02
  2.314738e-02   9.042921e-04   2.135538e+03   9.834204e-01   9.900398e-01   4.035382e-03
  1.832592e-01  -2.878741e-03   2.546704e+02   9.284840e-01   1.001613e+00   4.156746e-02
  5.240695e-02  -2.405201e-04   9.487366e+02   9.891558e-01   1.019520e+00   7.209548e-03
  2.212201e-02  -5.672462e-04   2.210186e+03   9.727104e-01   9.881554e-01   2.639369e-02
  4.172415e-02   2.507454e-04   1.169516e+03   9.707870e-01   9.867901e-01   2.780232e-02
  1.677414e-02  -3.193461e-05   2.922310e+03   9.752065e-01   9.831778e-01   9.717604e-03
  6.513891e-02  -1.563048e-03   7.689363e+02   9.964626e-01   1.023148e+00   6.611540e-02
  1.020105e-02   1.351248e-04   4.905121e+03   9.954625e-01   9.913493e-01   6.620361e-03
  1.883302e-02   6.844168e-04   2.643236e+03   9.903440e-01   9.986538e-01   1.271349e-02
  6.414816e-02  -2.429770e-03   7.239677e+02   9.239182e-01   9.768171e-01   1.268458e-01
  8.859707e-02   7.246463e-04   5.305307e+02   9.351041e-01   9.784624e-01   6.497735e-02
  5.474325e-02   1.136709e-03   9.193390e+02   1.001236e+00   1.014545e+00   2.578986e-03
  3.834190e-03  -6.532422e-05   1.313290e+04   1.001762e+00   9.928473e-01   6.428760e-03
  4.196414e-02   1.653770e-03   1.177145e+03   9.827398e-01   9.946346e-01   2.214724e-03
  1.442284e-01  -4.344738e-03   3.225207e+02   9.254192e-01   9.883461e-01   3.898874e-02
  1.836934e-02   4.961259e-04   2.722111e+03   9.947854e-01   9.961694e-01   3.879693e-03
  1.762610e-02  -3.289376e-04   2.774171e+03   9.727910e-01   9.805404e-01   4.693175e-03
  5.982572e-02   1.153493e-04   8.274656e+02   9.848452e-01   1.001268e+00   2.540778e-02
  2.129887e-02  -8.126977e-06   2.374889e+03   1.006306e+00   9.889216e-01   2.197684e-02
  5.602435e-02   9.064947e-04   8.472929e+02   9.443665e-01   9.801850e-01   5.058782e-02
  3.368183e-03  -7.683939e-06   1.477851e+04   9.902763e-01   9.912027e-01   9.114589e-04
  7.150690e-02  -2.928118e-04   6.817446e+02   9.698392e-01   9.965313e-01   2.234622e-02
  6.907767e-02  -8.610039e-05   7.217068e+02   9.918104e-01   1.005533e+00   4.879415e-02
  2.488441e-02   3.891515e-04   2.005091e+03   9.926395e-01   9.949434e-01   5.162315e-03
  1.941109e-02  -4.766549e-04   2.572373e+03   9.933768e-01   9.943243e-01   4.402065e-03
  2.530622e-02  -2.398747e-05   1.976899e+03   9.952722e-01   1.006847e+00   2.324508e-02
  3.226564e-02  -8.578402e-05   1.463361e+03   9.393379e-01   9.850075e-01   3.046676e-02
  6.637913e-02  -2.349557e-03   8.011638e+02   1.057994e+00   1.047012e+00   1.984201e-03
  5.051785e-02   1.028608e-04   9.888137e+02   9.937783e-01   1.011285e+00   5.711833e-03
  2.123039e-02  -4.043134e-04   2.200994e+03   9.296233e-01   9.601006e-01   9.370211e-02
  2.227027e-02   7.273762e-04   2.275916e+03   1.008351e+00   1.001784e+00   2.028963e-02
  2.517188e-02  -1.582854e-04   1.986580e+03   9.948371e-01   9.973946e-01   1.187162e-02
  1.718720e-02   4.787157e-05   2.886686e+03   9.870400e-01   9.930106e-01   5.749283e-03
  8.853368e-02  -3.140388e-04   5.306780e+02   9.346947e-01   9.846717e-01   1.224879e-02
  5.842807e-02   1.095532e-03   8.442419e+02   9.813379e-01   9.976716e-01   1.546769e-02
  4.461234e-02   1.326015e-03   9.070054e+02   8.049985e-01   8.894110e-01   2.015185e-01
  4.201921e-02  -4.915159e-04   1.105706e+03   9.243104e-01   9.591775e-01   6.457658e-02
  2.147394e-01   2.075004e-03   2.027941e+02   8.663576e-01   1.010764e+00   9.951198e-02
  3.472134e-02  -7.247132e-04   1.273268e+03   8.795215e-01   9.224763e-01   7.106095e-02
  2.903091e-02   2.317137e-04   1.761834e+03   1.017550e+00   1.018683e+00   2.917311e-02
  2.449839e-02  -1.200755e-05   2.025063e+03   9.869751e-01   9.938204e-01   5.285294e-03
  1.949460e-01  -1.466878e-03   2.439460e+02   9.461024e-01   9.891681e-01   4.884115e-02
  1.378481e-02  -4.966228e-04   3.507976e+03   9.620274e-01   9.832671e-01   2.233886e-02
  3.927493e-01   1.178530e-02   1.090526e+02   8.520821e-01   1.106443e+00   2.679154e-01
  1.045160e-02   3.873882e-04   5.033122e+03   1.046527e+00   1.013619e+00   1.489604e-02
  3.972995e-01   1.117432e-02   1.141747e+02   9.024392e-01   1.076715e+00   2.554995e-01
           inf           -inf            nan            nan            inf            nan
  2.103897e-02   6.542593e-04   2.167695e+03   9.073038e-01   9.187827e-01   4.478083e-02
  1.611645e-02   5.756946e-04   3.031140e+03   9.718644e-01   9.798364e-01   1.101257e-02
  7.277757e-02   1.866719e-04   6.502524e+02   9.414768e-01   9.910392e-01   1.557799e-01
  6.900303e-02   4.709029e-04   6.838336e+02   9.387474e-01   9.978644e-01   3.902017e-02
  6.384292e-01  -1.111191e-02   5.395630e+01   6.853068e-01   1.031327e+00   2.876512e-01
  2.199565e-02  -5.785779e-05   2.234643e+03   9.778564e-01   9.839697e-01   6.151660e-03
  1.533615e-01  -4.667569e-03   2.877767e+02   8.780153e-01   9.443324e-01   1.797322e-01
  7.929907e-01  -1.675050e-02   4.573015e+01   7.214410e-01   1.066533e+00   4.248846e-01
  1.954694e-02  -4.089836e-04   2.637113e+03   1.025505e+00   1.034641e+00   6.621990e-02
  3.295496e-02   6.863634e-04   1.536333e+03   1.007247e+00   1.001807e+00   1.252659e-02
  8.454474e-02  -2.557503e-04   5.374070e+02   9.038992e-01   9.932074e-01   6.366720e-02
  1.063013e-01   2.183284e-03   4.530284e+02   9.580632e-01   1.010478e+00   5.374311e-02
  5.402994e-01  -2.044584e-02   6.303771e+01   6.775870e-01   9.722237e-01   4.324559e-01
  6.630389e-02  -4.768436e-04   7.424122e+02   9.792966e-01   1.012527e+00   2.148637e-02
  4.064313e-01   8.077206e-03   1.163682e+02   9.409174e-01   1.044300e+00   8.040859e-02
  5.428455e-01   6.934476e-03   7.833952e+01   8.460330e-01   9.974534e-01   3.303136e-01
  5.492452e-03  -1.118286e-04   9.507490e+03   1.038873e+00   1.004266e+00   1.970249e-02
  3.909167e-02  -1.338298e-03   1.238494e+03   9.631814e-01   9.835169e-01   1.447958e-02
  2.137326e-02  -3.940153e-04   2.379464e+03   1.011766e+00   1.032541e+00   6.710381e-02
  6.750474e-03  -3.854648e-05   7.149260e+03   9.601200e-01   9.638735e-01   1.371138e-02
  3.378461e-02  -9.793790e-06   1.475832e+03   9.919413e-01   1.004842e+00   5.268574e-02
  1.347958e-01  -1.313526e-03   3.424217e+02   9.182645e-01   9.672415e-01   6.432874e-02
  1.143930e-01  -1.693196e-04   3.311798e+02   7.536914e-01   9.171448e-01   2.248260e-01
  5.587352e-01   5.072983e-03   6.293969e+01   6.996177e-01   1.011748e+00   4.009742e-01
  7.795567e-03  -8.590360e-05   6.001909e+03   9.308234e-01   9.324583e-01   9.440938e-03
  2.783044e-02  -1.050315e-03   1.794167e+03   9.933744e-01   1.006865e+00   4.224628e-02
  1.253945e-01  -1.254211e-03   3.798244e+02   9.475270e-01   9.872376e-01   3.638612e-02
  2.713148e-02  -5.363117e-05   1.847893e+03   9.974258e-01   1.009819e+00   1.722322e-02
  5.629182e-03   1.744258e-04   9.172656e+03   1.027237e+00   1.018460e+00   1.194240e-02
  2.698607e-02  -5.551555e-04   1.804727e+03   9.689052e-01   9.735738e-01   8.513719e-02
  2.428334e-01   9.308246e-03   1.998699e+02   9.655747e-01   1.070858e+00   1.991773e-01
  4.625447e-02   4.682776e-04   1.013370e+03   9.325061e-01   9.478580e-01   4.722332e-02
  3.246633e-02  -7.294955e-05   1.546530e+03   9.988993e-01   1.009634e+00   2.168269e-02
  5.441707e-02   6.704340e-04   8.822138e+02   9.550787e-01   9.782402e-01   8.419673e-03
  7.883867e-02   6.562862e-04   6.096816e+02   9.562523e-01   1.001148e+00   1.177682e-01
  7.002270e-02   2.270798e-04   6.965438e+02   9.703254e-01   1.001441e+00   2.433654e-02
  2.848376e-02  -8.851436e-04   1.705138e+03   9.662445e-01   9.802773e-01   1.195587e-03
  1.081077e-02  -1.934638e-04   4.493537e+03   9.664406e-01   9.910184e-01   1.715994e-02
  1.007445e-01  -1.890294e-03   4.357364e+02   8.733238e-01   9.493969e-01   1.608335e-01
  1.144055e-02  -1.097422e-04   4.248691e+03   9.670127e-01   9.819258e-01   4.237338e-02
  6.538340e-02   4.836564e-04   7.291848e+02   9.484955e-01   9.859587e-01   6.403503e-02
  2.663242e-02   8.304628e-04   1.859004e+03   9.849658e-01   1.000847e+00   2.951722e-02
  3.142658e-02  -1.767969e-04   1.530935e+03   9.571587e-01   1.001445e+00   3.028758e-02
  5.477863e-02   1.644977e-04   8.796162e+02   9.585937e-01   9.853456e-01   4.410253e-02
  2.419494e-02  -3.642695e-04   2.042932e+03   9.833510e-01   9.966747e-01   2.117346e-02
  3.207606e-02  -4.003021e-04   1.571235e+03   1.002657e+00   1.007958e+00   7.624998e-04
  1.062878e-01  -1.991488e-03   4.569617e+02   9.662591e-01   1.007435e+00   6.962132e-02
  1.154718e-01   5.319563e-05   3.931227e+02   9.030967e-01   9.598279e-01   4.887372e-03
  3.915598e-02  -2.765848e-04   1.239834e+03   9.658104e-01   9.983432e-01   7.869901e-02
  7.753553e-02  -9.304149e-04   6.089361e+02   9.392964e-01   9.809267e-01   1.271485e-02
  1.509211e-02  -7.755844e-06   3.414884e+03   1.025312e+00   1.032221e+00   1.012244e-01
  1.926027e-02   1.201263e-04   2.610293e+03   1.000188e+00   9.933322e-01   4.514319e-03
  4.717854e-02   1.586927e-03   1.041066e+03   9.771314e-01   9.928272e-01   1.406309e-02
  6.098317e-02  -3.860545e-04   7.991560e+02   9.695534e-01   9.954638e-01   1.436695e-02
  1.118839e-02  -2.642748e-04   4.307603e+03   9.588118e-01   9.772465e-01   5.159097e-02
  1.630087e-01   6.951073e-04   2.948400e+02   9.561529e-01   1.015991e+00   1.040193e-01
  1.213959e-01  -3.123741e-04   3.850929e+02   9.300361e-01   9.988687e-01   1.376068e-01
  5.237873e-02  -1.124648e-03   9.478265e+02   9.876748e-01   1.010187e+00   4.692890e-02
  7.901871e-02  -7.759325e-04   5.987995e+02   9.413292e-01   9.575162e-01   8.612372e-03
  1.741086e-02   3.620764e-04   2.859280e+03   9.903919e-01   9.957939e-01   5.281343e-03
  1.975900e-02   2.401900e-04   2.518859e+03   9.901452e-01   9.936917e-01   1.810850e-02
  3.514607e-02   4.803402e-04   1.357937e+03   9.494817e-01   9.701735e-01   4.843072e-02
  1.102867e-01  -4.381024e-04   4.086632e+02   8.966417e-01   9.807854e-01   1.418093e-01
  1.450789e-01  -1.517482e-03   3.054823e+02   8.816991e-01   9.570898e-01   6.347979e-02
  4.211098e-02   1.377514e-04   1.125914e+03   9.432587e-01   9.774944e-01   6.434153e-02
  3.058708e-02   4.283361e-05   1.571253e+03   9.561243e-01   9.785746e-01   1.686265e-02
  1.145794e-01   1.319982e-04   4.033886e+02   9.195182e-01   9.822180e-01   4.984196e-02
  2.644886e-02  -3.718135e-05   1.896751e+03   9.980386e-01   9.969090e-01   3.152294e-03
  2.101447e-02  -8.006418e-04   2.356262e+03   9.850816e-01   9.883913e-01   1.099240e-02
  7.864031e-03  -4.731880e-06   6.517619e+03   1.019681e+00   1.007445e+00   2.486672e-02
  1.929584e-01  -1.994276e-03   2.451481e+02   9.410711e-01   1.052437e+00   9.971837e-02
  1.748992e-02  -6.439555e-04   2.809130e+03   9.774392e-01   9.797342e-01   1.275454e-01
  1.297506e-01   8.131511e-05   3.655104e+02   9.434943e-01   1.003154e+00   6.621118e-02
  6.413475e-03   3.236248e-05   7.892400e+03   1.007007e+00   1.002079e+00   3.820325e-02
  1.207741e-02   1.543167e-04   4.036243e+03   9.697979e-01   1.010055e+00   1.219271e-01
  1.969823e-02  -1.376611e-04   2.497950e+03   9.789061e-01   9.895984e-01   2.700745e-02
  1.707992e-02   2.999873e-04   2.904315e+03   9.868694e-01   9.955428e-01   2.467409e-02
  2.078085e-03   2.345180e-05   2.613555e+04   1.080501e+00   1.068795e+00   5.398240e-02
  2.905508e-01  -6.385272e-04   1.346326e+02   7.782204e-01   1.033754e+00   3.746069e-01
  2.933001e-02   6.570604e-04   1.636799e+03   9.550756e-01   9.809280e-01   1.000957e-01
  2.524784e-02   4.984247e-05   1.886050e+03   9.473436e-01   9.679867e-01   2.705744e-02
  2.511100e-02   4.006070e-04   1.913759e+03   9.560517e-01   9.747277e-01   1.695185e-02
  1.343023e-02  -4.166296e-05   3.688837e+03   9.856057e-01   9.936310e-01   7.202468e-03
  2.182196e-02  -5.930291e-05   2.295400e+03   9.965115e-01   9.985818e-01   8.844033e-03
  1.236130e-02   5.004535e-05   4.062963e+03   9.991651e-01   9.937444e-01   1.109450e-02
  1.251801e-02   3.284087e-04   3.970723e+03   9.888608e-01   9.897871e-01   9.627382e-03
  1.583924e-01  -1.497234e-03   3.014216e+02   9.498147e-01   9.909239e-01   7.560977e-02
  2.055720e-02  -2.642716e-04   2.588184e+03   1.058496e+00   1.024678e+00   8.858464e-02
  1.491330e-02   3.251731e-05   3.605572e+03   1.069740e+00   1.032559e+00   1.354051e-02
  1.340931e-02  -2.179295e-05   3.885559e+03   1.036549e+00   1.020269e+00   9.702887e-03
  5.089038e-02  -3.102557e-04   9.711702e+02   9.832437e-01   9.986770e-01   1.332060e-02
  1.445253e-02  -1.446303e-04   3.399730e+03   9.775037e-01   9.848377e-01   1.152333e-02
  9.446987e-03  -5.072488e-06   5.227583e+03   9.824816e-01   9.880989e-01   2.458965e-03
  2.685147e-02  -3.639245e-04   1.738078e+03   9.284690e-01   9.589448e-01   1.357594e-02
  4.770041e-02   5.154726e-04   1.016826e+03   9.649367e-01   9.861231e-01   3.129374e-02
  2.804033e-02  -1.076034e-04   1.782342e+03   9.942703e-01   1.015417e+00   3.464269e-02
  2.133323e-02  -4.771067e-05   2.264907e+03   9.612515e-01   9.811368e-01   1.664452e-02
  2.833269e-02  -5.742529e-04   1.682276e+03   9.482332e-01   9.708971e-01   4.673140e-03
  3.189074e-02   3.304155e-05   1.548126e+03   9.822024e-01   9.902882e-01   2.279036e-02
  1.442956e-02   2.778285e-04   3.502238e+03   1.005377e+00   1.003033e+00   3.400125e-03
  2.209381e-02  -5.518675e-05   2.258461e+03   9.926896e-01   9.984396e-01   2.724551e-03
  1.965928e-02  -1.134588e-04   2.620139e+03   1.024760e+00   1.020321e+00   3.595129e-02
  1.123944e-01   6.867615e-04   4.134327e+02   9.244419e-01   9.807768e-01   3.668263e-02
  5.469190e-02   3.951218e-04   8.805214e+02   9.580608e-01   9.848818e-01   1.724675e-02
  2.964495e-02   2.912357e-04   1.647227e+03   9.714811e-01   9.859301e-01   1.528128e-02
  1.545015e-02   1.779167e-04   3.284570e+03   1.009581e+00   1.007832e+00   2.236759e-02
  3.690671e-03   3.122569e-05   1.349097e+04   9.905548e-01   9.833702e-01   3.876039e-03
  2.622646e-02   3.167441e-05   1.850859e+03   9.657021e-01   9.822477e-01   7.002241e-03
  3.213682e-02   4.975278e-05   1.503179e+03   9.610453e-01   9.791915e-01   1.253176e-02
  2.276991e-02   5.257929e-04   2.063482e+03   9.347427e-01   9.644850e-01   1.399872e-02
  5.257903e-02   6.675625e-04   8.514510e+02   8.906403e-01   9.479275e-01   5.411661e-02
  2.810242e-02  -8.083428e-04   1.777497e+03   9.937630e-01   9.968253e-01   3.340098e-02
  2.957386e-02  -4.302428e-05   1.667756e+03   9.812299e-01   9.894474e-01   1.099734e-02
  4.904995e-02   4.593888e-04   9.850978e+02   9.612759e-01   9.864477e-01   1.322313e-02
  2.824388e-02   6.928868e-04   1.730187e+03   9.721818e-01   1.009268e+00   2.491341e-02
  2.539715e-02  -3.786526e-04   1.967116e+03   9.939058e-01   9.991245e-01   1.508176e-02
  1.858579e-02   4.667422e-05   2.692758e+03   9.956538e-01   9.949372e-01   1.211864e-02
  2.262132e-02   5.434797e-05   2.221736e+03   9.998629e-01   9.985555e-01   1.985725e-02
  2.105727e-02   6.720954e-05   2.485651e+03   1.041292e+00   1.021773e+00   2.768962e-02
  2.141256e-02   6.180589e-04   2.297761e+03   9.788215e-01   9.852482e-01   8.130283e-03
  1.409596e-02  -6.218051e-05   3.560645e+03   9.985127e-01   9.969158e-01   1.419610e-02
  4.304583e-02  -1.837075e-04   1.143162e+03   9.789690e-01   9.969952e-01   2.957467e-02
  1.598404e-01  -4.771341e-04   2.955348e+02   9.397777e-01   9.998282e-01   3.203124e-02
  1.534043e-02   8.008236e-05   3.240684e+03   9.890188e-01   9.898885e-01   8.105557e-03
  1.618954e-02   1.342827e-05   3.041606e+03   9.796423e-01   9.867915e-01   3.177695e-03
  1.068002e-02  -4.781733e-05   4.615248e+03   9.806124e-01   9.863653e-01   3.113145e-03
  2.675248e-02  -9.028588e-04   1.740427e+03   9.262968e-01   9.585618e-01   1.449715e-02
  2.698950e-02   9.704028e-04   1.870567e+03   1.004380e+00   1.003948e+00   2.524907e-02
  1.827824e-02   1.293213e-04   2.726652e+03   9.915036e-01   9.951317e-01   3.934939e-03
  4.402163e-02  -1.326440e-04   1.122232e+03   9.828312e-01   9.920135e-01   2.168422e-02
  5.155282e-02  -1.007863e-03   9.411641e+02   9.652679e-01   9.848931e-01   8.386712e-02
  1.706578e-02   3.837995e-06   2.883359e+03   9.789378e-01   9.866376e-01   9.086131e-03
  2.282662e-02   2.207278e-05   2.157558e+03   9.797925e-01   9.892114e-01   8.987208e-03
  1.584800e-02  -1.800875e-04   3.145685e+03   9.917902e-01   9.940612e-01   5.446846e-03
  1.174649e-02  -2.099176e-04   4.312977e+03   1.007896e+00   1.005564e+00   5.932786e-02
  2.237515e-02  -8.123846e-04   2.192142e+03   9.758086e-01   9.851379e-01   3.301045e-03
  2.727569e-02  -1.033156e-04   1.796188e+03   9.746703e-01   9.860513e-01   1.082169e-02
  7.884942e-03   3.814109e-05   6.241200e+03   9.790317e-01   9.853006e-01   1.535903e-02
  5.873755e-03   8.843372e-05   8.401919e+03   9.818032e-01   9.850472e-01   4.363466e-03
  1.078022e-02  -2.194828e-04   4.673371e+03   1.002277e+00   9.981413e-01   5.092446e-03
  2.225808e-02   4.916026e-05   2.226799e+03   9.860498e-01   9.922018e-01   7.771618e-03
  3.119819e-02   1.104981e-04   1.592739e+03   9.885623e-01   9.964180e-01   7.360700e-03
  1.789978e-02  -8.664681e-05   2.787553e+03   9.926610e-01   9.907517e-01   1.206791e-02
  2.306104e-02  -7.997339e-04   2.102550e+03   9.646179e-01   9.810934e-01   2.164060e-02
  2.169089e-02  -3.334786e-04   2.298246e+03   9.917542e-01   9.932301e-01   1.200444e-02
  1.805178e-02   5.834501e-05   2.781500e+03   9.989169e-01   1.001101e+00   3.212997e-03
  2.008670e-02  -1.080184e-04   2.488185e+03   9.943091e-01   1.002101e+00   3.282300e-03
  2.066895e-02   2.689195e-04   2.390347e+03   9.829004e-01   9.938324e-01   1.242325e-03
  2.084113e-02  -1.728401e-04   2.382270e+03   9.877395e-01   9.922480e-01   8.335499e-03
  2.047850e-02   2.338615e-04   2.402408e+03   9.787576e-01   9.853710e-01   2.349669e-02
  3.923295e-03   1.350012e-04   1.285621e+04   1.003446e+00   1.000201e+00   2.546590e-02
  3.898467e-02   1.035018e-03   1.295778e+03   1.004973e+00   1.004780e+00   7.925052e-03
  1.686323e-02  -1.167573e-06   2.962044e+03   9.937160e-01   9.936043e-01   4.859482e-03
  3.485921e-02   2.379723e-04   1.413116e+03   9.799991e-01   9.909309e-01   7.522074e-03
  4.754954e-02  -1.069635e-04   1.029431e+03   9.738088e-01   9.901337e-01   9.907969e-03
  4.058435e-02   3.587005e-04   1.223538e+03   9.878843e-01   9.997910e-01   1.157236e-02
  2.059853e-02  -2.637251e-04   2.427237e+03   9.946691e-01   9.967722e-01   6.352311e-03
  9.373421e-03   3.771637e-06   5.350478e+03   9.977480e-01   9.955556e-01   3.213988e-03
  3.009703e-02  -1.190254e-03   1.657058e+03   9.921822e-01   9.944376e-01   9.981627e-03
  3.589400e-02   6.602764e-05   1.348749e+03   9.631258e-01   9.807267e-01   1.759560e-02
  1.846616e-02   3.611895e-04   2.685144e+03   9.864484e-01   9.916538e-01   8.605370e-03
  2.480364e-02  -2.696537e-04   2.000878e+03   9.873386e-01   9.915632e-01   1.796005e-02
  2.784295e-02   2.446731e-04   1.769801e+03   9.803247e-01   9.914015e-01   2.450445e-02
  3.077348e-02  -3.283198e-04   1.588731e+03   9.726508e-01   9.842608e-01   1.583042e-02
  2.389259e-02   3.125245e-04   2.063185e+03   9.806893e-01   9.895063e-01   8.380912e-03
  2.144088e-02  -1.479882e-04   2.305536e+03   9.834329e-01   9.902136e-01   4.874918e-03
  1.088124e-02  -9.617803e-05   4.524886e+03   9.795260e-01   9.934392e-01   4.541762e-02
  1.820919e-02  -5.722990e-04   2.721540e+03   9.859061e-01   9.887573e-01   3.022929e-02
  2.647764e-02  -8.617718e-05   1.872458e+03   9.863284e-01   9.940137e-01   8.018352e-03
  9.918603e-03  -2.084567e-04   4.970260e+03   9.807533e-01   9.864752e-01   1.385244e-02
  1.839787e-02  -1.161155e-04   2.686008e+03   9.831162e-01   9.908830e-01   1.197330e-02
  1.643141e-02  -5.038814e-05   3.049716e+03   9.969297e-01   9.954892e-01   9.872736e-03
  2.475985e-02   6.951423e-04   2.006150e+03   9.881927e-01   9.940244e-01   1.173210e-02
  2.362844e-02   2.207518e-04   2.122088e+03   9.975357e-01   9.988731e-01   9.497996e-03
  5.478368e-02   1.825884e-03   9.121983e+02   9.941927e-01   1.004775e+00   7.238695e-03
  5.432363e-03  -7.409839e-05   9.220050e+03   9.964425e-01   9.992883e-01   1.472019e-02
  2.492763e-02  -3.855082e-04   1.966300e+03   9.751263e-01   9.856394e-01   1.851316e-02
  1.681862e-02   5.675172e-04   2.993268e+03   1.001535e+00   1.000349e+00   2.947098e-03
  1.742650e-02  -2.814097e-04   2.861420e+03   9.920233e-01   9.919036e-01   2.999889e-03
  1.217423e-02   4.975304e-05   4.033674e+03   9.769501e-01   9.851050e-01   5.065253e-03
  1.805721e-02  -2.465606e-04   2.725384e+03   9.790582e-01   9.871610e-01   1.179684e-02
  2.152400e-02   1.111751e-04   2.282193e+03   9.772496e-01   9.855566e-01   8.793977e-03
  3.368455e-02   1.222705e-04   1.383563e+03   9.271711e-01   9.811588e-01   1.062498e-01
  5.932837e-02   9.213206e-04   8.105756e+02   9.567228e-01   9.909447e-01   2.327300e-02
  1.390114e-02   3.362617e-05   3.597331e+03   9.948574e-01   9.924555e-01   1.111086e-02
  2.507405e-02   5.072713e-04   1.950135e+03   9.727905e-01   9.869886e-01   1.238135e-02
  3.444466e-02   6.248863e-04   1.431625e+03   9.810275e-01   9.944471e-01   6.246057e-03
  1.708758e-02  -3.126964e-04   2.976677e+03   1.011911e+00   1.007031e+00   3.075607e-03
  3.124406e-02  -1.202349e-03   1.597919e+03   9.932358e-01   9.994322e-01   1.110069e-02
  1.794788e-02  -2.003758e-04   2.801848e+03   1.000433e+00   9.989756e-01   1.073966e-02
  7.613807e-02  -2.940434e-03   6.498993e+02   9.844147e-01   1.003158e+00   3.133543e-02
  1.809513e-01  -2.060146e-03   2.634530e+02   9.484075e-01   1.007927e+00   5.998162e-02
  3.485354e-03   1.209714e-04   1.446561e+04   1.003030e+00   9.950084e-01   9.893903e-03
  3.189733e-02  -1.106123e-03   1.575464e+03   9.997535e-01   1.002734e+00   8.597823e-03
  3.733865e-02   5.899815e-04   1.314441e+03   9.764048e-01   9.965574e-01   3.690368e-02
  1.860083e-02  -1.093386e-04   2.596437e+03   9.608161e-01   9.776376e-01   9.090307e-03
  2.260075e-02   1.935261e-04   2.184459e+03   9.821929e-01   9.920064e-01   1.948555e-02
  2.282299e-02   2.674101e-04   2.172519e+03   9.864302e-01   9.912953e-01   6.485635e-03
  1.751101e-02   1.595510e-04   2.793834e+03   9.732892e-01   9.846830e-01   4.023639e-02
  1.163764e-01  -1.239724e-03   4.124276e+02   9.548670e-01   9.966854e-01   8.333269e-02
  1.659784e-02   2.252850e-04   3.003484e+03   9.917614e-01   9.956556e-01   5.343497e-03
  3.857417e-02  -8.587887e-04   1.263320e+03   9.694829e-01   9.877772e-01   2.039819e-02
  1.248759e-02  -2.395355e-04   3.974666e+03   9.874373e-01   9.878054e-01   1.137386e-02
  2.958694e-02   9.311446e-04   1.722942e+03   1.014147e+00   1.011420e+00   5.080318e-03
  3.178836e-02   1.259728e-03   1.558898e+03   9.858619e-01   9.950518e-01   1.560212e-02
  1.937081e-02   9.563118e-05   2.576818e+03   9.930283e-01   9.943234e-01   8.885432e-03
  1.882338e-02   7.120665e-04   2.666598e+03   9.985856e-01   9.982484e-01   5.641086e-03
  4.137173e-03  -1.050930e-04   1.133680e+04   9.330918e-01   9.619070e-01   5.905561e-02
  3.806561e-02  -6.498644e-05   1.262941e+03   9.564142e-01   9.750812e-01   2.095799e-02
  2.473025e-02   7.853988e-04   2.021571e+03   9.945982e-01   9.956160e-01   1.965644e-02
  1.349201e-02  -1.317815e-04   3.754037e+03   1.007640e+00   1.005165e+00   1.046489e-02
  3.526402e-02   3.872065e-04   1.374652e+03   9.643948e-01   9.839355e-01   2.073950e-02
  2.560869e-02   1.442587e-04   1.927399e+03   9.819494e-01   9.909258e-01   1.000606e-02
  1.715851e-02  -1.309821e-04   2.878100e+03   9.824619e-01   9.881719e-01   7.695221e-03
  3.465252e-02  -6.207150e-05   1.405583e+03   9.689944e-01   9.823905e-01   9.977117e-03
  3.198649e-02   1.229592e-03   1.609060e+03   1.023927e+00   1.030811e+00   9.435909e-02
  1.264882e-02   4.684221e-05   4.020572e+03   1.011738e+00   1.001931e+00   3.187588e-02
  1.460640e-02   2.291052e-04   3.437611e+03   9.989185e-01   9.984082e-01   6.574447e-03
  5.579126e-02   3.081314e-04   8.664363e+02   9.616853e-01   9.871532e-01   7.879065e-03
  1.802796e-02  -5.447514e-04   2.767125e+03   9.924429e-01   9.951866e-01   2.452475e-02
  2.989816e-02  -9.682335e-04   1.658540e+03   9.865082e-01   9.926730e-01   1.415423e-02
  2.244146e-02   1.385966e-04   2.239712e+03   9.999386e-01   1.000137e+00   4.699783e-03
  1.564876e-02  -1.424235e-04   3.220484e+03   1.002608e+00   9.959663e-01   1.468302e-02
  8.044415e-02  -1.597985e-04   5.832329e+02   9.333975e-01   9.720446e-01   2.497030e-02
  1.835925e-02  -1.784018e-04   2.674699e+03   9.769226e-01   9.883929e-01   1.066341e-02
  2.601607e-02  -4.464991e-04   1.892827e+03   9.796769e-01   9.902240e-01   7.006455e-03
  3.224405e-02   3.696438e-04   1.502258e+03   9.636611e-01   9.834526e-01   4.325317e-02
  1.344986e-02  -2.325961e-04   3.734776e+03   9.993381e-01   9.966287e-01   1.288754e-03
  9.798788e-03  -1.419313e-04   5.108359e+03   9.958269e-01   9.970470e-01   1.134332e-02
  2.145985e-02   1.460103e-04   2.294832e+03   9.797330e-01   9.870801e-01   1.229618e-02
  3.386616e-03  -3.541521e-05   1.457871e+04   9.822345e-01   9.834178e-01   4.210605e-03
  8.990775e-02  -2.935302e-03   5.425835e+02   9.704962e-01   1.003611e+00   2.305894e-02
  2.434261e-02  -5.107447e-04   2.033929e+03   9.849930e-01   9.907836e-01   9.708795e-03
  3.036158e-02  -7.675845e-05   1.652181e+03   9.979577e-01   1.001218e+00   8.988351e-03
  1.251661e-02   7.831821e-05   4.021580e+03   1.001414e+00   9.958648e-01   2.622114e-03
  2.946586e-02   4.070277e-05   1.679502e+03   9.845320e-01   9.921773e-01   7.159701e-03
  1.684510e-02   2.600459e-04   2.911342e+03   9.756564e-01   9.875385e-01   6.210209e-03
  1.820766e-02  -3.105481e-04   2.772423e+03   1.004255e+00   1.001160e+00   7.823002e-03
  3.250872e-02  -4.134630e-04   1.566515e+03   1.013128e+00   1.020782e+00   1.121368e-02
  4.679848e-02  -1.731542e-03   1.075645e+03   1.001454e+00   1.013770e+00   7.179979e-02
  2.264619e-02   5.398479e-05   2.222617e+03   1.001359e+00   1.000690e+00   4.120457e-03
  1.965560e-02   2.089613e-04   2.500704e+03   9.778647e-01   9.860542e-01   9.074580e-03
  2.907455e-02  -2.074702e-04   1.669677e+03   9.657742e-01   9.832585e-01   7.259756e-03
  2.082433e-02   1.223226e-04   2.358370e+03   9.770417e-01   9.866643e-01   1.583411e-02
  5.673569e-02   9.113006e-04   8.574081e+02   9.677743e-01   9.842650e-01   1.308980e-02
  1.709192e-02  -1.241875e-04   2.830459e+03   9.624495e-01   9.773945e-01   1.941691e-02
  2.640906e-02   5.622259e-04   1.681600e+03   8.834985e-01   9.268896e-01   1.079382e-01
  4.586442e-02   1.426462e-03   9.958874e+02   9.086911e-01   9.506949e-01   6.339316e-02
  2.307736e-02  -2.199035e-05   2.092015e+03   9.604640e-01   9.773372e-01   1.137815e-02
  2.152603e-02   1.254254e-04   2.303796e+03   9.865934e-01   9.935589e-01   1.241537e-02
  2.953892e-02  -4.946502e-04   1.671887e+03   9.824979e-01   9.913049e-01   7.426133e-03
  2.135461e-02   4.282658e-04   2.357597e+03   1.001593e+00   1.003391e+00   5.476239e-03
  6.155834e-03  -6.434150e-05   8.012015e+03   9.812029e-01   9.651866e-01   4.395771e-02
  2.752764e-02   4.252218e-04   1.854486e+03   1.015600e+00   1.011782e+00   8.396972e-03
  2.731677e-02  -3.184011e-04   1.904672e+03   1.035094e+00   1.025136e+00   4.852788e-02
  4.413169e-02   1.470245e-03   1.133274e+03   9.949831e-01   1.045961e+00   6.039151e-02
  2.610178e-02   2.370654e-06   1.916957e+03   9.954340e-01   9.988925e-01   1.821860e-02
  2.804519e-02  -1.370578e-04   1.770979e+03   9.881022e-01   9.933697e-01   1.446909e-02
  2.707446e-02   1.630672e-04   1.761104e+03   9.485820e-01   9.714451e-01   8.988244e-03
  3.611206e-02  -1.915766e-04   1.337792e+03   9.611053e-01   9.801844e-01   2.884070e-02
  1.078865e-01   3.461402e-03   5.037029e+02   1.081115e+00   1.074253e+00   1.756077e-02
  1.941862e-02  -9.058811e-05   2.478194e+03   9.573788e-01   9.718313e-01   3.290156e-02
  2.218270e-01   1.977476e-03   2.062858e+02   9.103616e-01   1.009748e+00   1.128228e-01
  2.202127e-01  -5.240520e-04   2.185127e+02   9.573025e-01   1.012768e+00   3.154715e-02
  1.820396e-02   1.857951e-04   2.738272e+03   9.916826e-01   9.945945e-01   1.495917e-02
  8.854348e-03  -1.502844e-04   5.649420e+03   9.951547e-01   9.905391e-01   7.675875e-03
  1.894331e-02   4.373284e-04   2.696499e+03   1.016217e+00   1.014548e+00   6.365531e-03
  1.445265e-02  -4.192893e-04   3.497417e+03   1.005600e+00   1.002970e+00   2.051065e-02
  1.330718e-02  -8.481604e-05   3.342296e+03   8.848326e-01   9.017377e-01   6.657209e-02
  1.008387e-02  -1.638664e-04   4.954400e+03   9.939136e-01   1.002744e+00   6.696003e-02
  1.885595e-01  -1.663506e-03   2.499478e+02   9.376222e-01   1.033628e+00   1.781710e-01
  1.674796e-01  -3.134924e-03   2.636927e+02   8.785981e-01   9.868553e-01   6.701560e-02
  2.657912e-02  -6.519427e-04   1.822875e+03   9.638903e-01   9.746031e-01   9.696905e-03
  1.576738e-02   1.538272e-04   3.174630e+03   9.958247e-01   1.001513e+00   1.956278e-03
  2.495295e-02  -1.323739e-04   1.959846e+03   9.729126e-01   9.903923e-01   1.237317e-02
  1.161631e-02   3.008815e-04   4.220328e+03   9.753143e-01   9.850794e-01   3.071805e-03
  6.383265e-02   2.436407e-03   7.327812e+02   9.305663e-01   9.772527e-01   4.507230e-02
  1.227521e-02  -1.237322e-04   4.222750e+03   1.031228e+00   1.011191e+00   1.195069e-02
  1.873480e-01   3.021575e-03   2.519590e+02   9.390940e-01   9.664410e-01   1.486237e-01
  5.452566e-02  -1.546390e-03   9.254993e+02   1.003939e+00   1.046064e+00   9.173843e-02
  2.111557e-02  -6.286094e-05   2.424949e+03   1.018675e+00   1.013555e+00   1.245883e-02
  4.483593e-02   5.790755e-04   1.102432e+03   9.833500e-01   9.974614e-01   1.338616e-02
  5.392773e-02  -2.924615e-04   9.263901e+02   9.938852e-01   1.006572e+00   1.172108e-02
  2.460524e-02   3.223121e-04   2.028749e+03   9.930843e-01   9.999815e-01   1.015656e-02
  1.712443e-02   5.660686e-05   2.834842e+03   9.657728e-01   9.767387e-01   3.162284e-02
  2.531050e-02   6.181504e-05   1.943100e+03   9.784214e-01   9.938687e-01   1.522999e-02
  1.347702e-02  -2.109989e-04   3.706672e+03   9.938211e-01   9.917431e-01   2.125582e-02
  1.371461e-02  -5.311930e-04   3.541418e+03   9.662529e-01   9.785971e-01   1.143930e-02
  3.178927e-02   3.525970e-04   1.515924e+03   9.587121e-01   9.766526e-01   8.010929e-03
  1.714712e-02  -1.953602e-04   2.895318e+03   9.876829e-01   9.907675e-01   1.568206e-02
  3.727788e-02  -2.509874e-04   1.279061e+03   9.485772e-01   9.765487e-01   2.501743e-02
  3.525612e-02  -7.243631e-04   1.390333e+03   9.751771e-01   9.873584e-01   6.328951e-03
  3.404409e-02  -1.188998e-03   1.447648e+03   9.804712e-01   9.956870e-01   1.438958e-02
  2.335640e-02   5.567583e-04   2.118084e+03   9.841907e-01   9.908780e-01   3.012413e-02
  1.153160e-01   2.541161e-04   4.218909e+02   9.678761e-01   1.016811e+00   5.453329e-02
  3.041815e-02   4.477943e-04   1.600183e+03   9.683507e-01   9.861422e-01   2.411289e-02
  1.965028e-02  -5.414608e-05   2.516406e+03   9.837381e-01   9.890857e-01   1.573751e-02
  1.018750e-02  -3.067914e-04   4.835872e+03   9.801046e-01   9.862257e-01   4.384963e-03
  4.902305e-02   1.548341e-04   1.021757e+03   9.965020e-01   1.004483e+00   1.781129e-02
  2.430543e-02  -1.272814e-04   1.998902e+03   9.665513e-01   9.806983e-01   2.012281e-02
  3.469951e-02   3.776125e-04   1.395574e+03   9.633990e-01   9.794821e-01   1.688939e-02
  1.654095e-02  -2.173101e-05   2.923895e+03   9.621712e-01   9.780495e-01   2.028430e-02
  7.828666e-02  -5.357529e-04   5.988573e+02   9.326985e-01   9.793229e-01   5.658493e-02
  3.628184e-02   1.400201e-03   1.374268e+03   9.919524e-01   9.963433e-01   2.015758e-02
  1.520453e-02  -4.565975e-07   3.230277e+03   9.771089e-01   9.850152e-01   5.941861e-03
  2.750477e-02   1.858394e-04   1.817008e+03   9.942490e-01   9.996152e-01   1.030154e-02
  1.690132e-02   2.494234e-04   2.843371e+03   9.560579e-01   9.800762e-01   3.262069e-02
  1.340491e-02   1.610519e-04   3.716526e+03   9.911313e-01   9.942413e-01   6.387758e-03
  1.829199e-02   3.607600e-04   2.722546e+03   9.907552e-01   9.915237e-01   1.045415e-02
  1.029156e-02  -2.949538e-04   4.953931e+03   1.014288e+00   1.005887e+00   1.320977e-02
  1.659512e-01  -9.341258e-04   2.924791e+02   9.656182e-01   1.007774e+00   3.500924e-02
  1.364104e-02  -3.914797e-04   3.612344e+03   9.803174e-01   9.832047e-01   1.071347e-02
  2.294881e-02  -3.127372e-05   2.177050e+03   9.939367e-01   9.942933e-01   3.443164e-03
  3.001965e-02   4.714987e-04   1.639078e+03   9.788933e-01   9.881183e-01   1.128332e-02
  4.988887e-02  -1.581311e-04   9.998252e+02   9.923340e-01   1.004422e+00   1.347188e-02
  1.649260e-02  -4.598574e-05   2.989299e+03   9.808183e-01   9.879714e-01   4.164548e-03
  9.342821e-03  -6.895860e-05   5.282999e+03   9.819484e-01   9.863495e-01   4.516644e-03
  3.717512e-02   4.135035e-04   1.263428e+03   9.344006e-01   9.628529e-01   1.240736e-02
  6.117394e-02   5.252541e-04   7.662914e+02   9.325894e-01   9.804361e-01   1.226161e-01
  2.036027e-02  -6.453675e-04   2.513629e+03   1.018157e+00   1.011212e+00   1.482960e-02
  2.214731e-02   4.449665e-05   2.170447e+03   9.563136e-01   9.731613e-01   1.215631e-02
  1.252478e-02  -1.394691e-04   3.923343e+03   9.775892e-01   9.841896e-01   1.189353e-02
  3.569015e-02  -1.535455e-04   1.346535e+03   9.560842e-01   9.770513e-01   2.013700e-02
  2.563769e-02  -1.146291e-04   1.935773e+03   9.873326e-01   9.942192e-01   5.872265e-03
  2.904593e-02   4.485982e-05   1.705252e+03   9.853808e-01   9.997918e-01   3.321862e-03
  2.857864e-02   6.821785e-04   1.785072e+03   1.014910e+00   1.011102e+00   3.108630e-02
  5.492688e-02   8.771099e-04   8.666051e+02   9.469703e-01   9.801866e-01   3.037081e-02
  4.283308e-02   5.648801e-04   1.126392e+03   9.598402e-01   9.837707e-01   9.880706e-03
  2.141926e-02  -1.921741e-05   2.350064e+03   1.001415e+00   1.001434e+00   4.255469e-03
  1.696341e-02  -7.823119e-05   2.954454e+03   9.970582e-01   9.987809e-01   2.828366e-03
  2.241008e-02   1.353951e-04   2.236983e+03   9.973237e-01   9.982107e-01   1.962190e-02
  2.496776e-02   1.172814e-04   1.951502e+03   9.693458e-01   9.826771e-01   1.020885e-02
  3.964606e-02   1.615142e-04   1.214184e+03   9.576671e-01   9.801301e-01   2.726177e-02
  7.395481e-03   9.845946e-05   6.253053e+03   9.200018e-01   9.514238e-01   1.982405e-02
  1.627238e-01  -2.080821e-03   2.949615e+02   9.548753e-01   1.011924e+00   7.005057e-02
  1.929463e-02   3.907665e-04   2.437569e+03   9.356716e-01   9.605893e-01   2.540286e-02
  2.210675e-02  -9.384107e-05   2.171020e+03   9.548145e-01   9.720629e-01   1.805021e-02
  2.140312e-02   1.284507e-04   2.291534e+03   9.757385e-01   9.841863e-01   1.691049e-02
  2.106530e-02  -5.581233e-05   2.355218e+03   9.870265e-01   9.923804e-01   1.276324e-02
  1.675263e-02   5.825658e-06   2.970604e+03   9.900518e-01   9.940863e-01   8.607798e-03
  1.746635e-02   2.748750e-05   2.822936e+03   9.809194e-01   9.874302e-01   1.089872e-02
  1.979301e-02  -5.209095e-05   2.492912e+03   9.816325e-01   9.873457e-01   1.104591e-02
  3.985766e-02  -5.980909e-04   1.231745e+03   9.767033e-01   9.905938e-01   1.935949e-02
  2.004264e-02   1.726896e-04   2.741229e+03   1.093026e+00   1.050181e+00   2.474930e-02
  1.813060e-02  -3.930575e-05   2.859843e+03   1.031536e+00   1.016048e+00   1.532055e-02
  1.179579e-02  -2.240771e-05   4.305701e+03   1.010418e+00   1.003696e+00   1.013134e-02
  2.071637e-02  -6.888798e-05   2.407804e+03   9.923504e-01   9.961604e-01   8.701767e-03
  2.790622e-02   6.752620e-05   1.776893e+03   9.864895e-01   9.938328e-01   1.218733e-02
  1.790569e-02   3.061941e-06   2.801782e+03   9.980578e-01   9.985977e-01   7.798724e-03
  1.878289e-02   5.788449e-05   2.706298e+03   1.011272e+00   1.006842e+00   5.044640e-03
  3.136703e-02  -8.506536e-04   1.627871e+03   1.015836e+00   1.010003e+00   2.578665e-02
  2.698603e-02  -6.555734e-04   1.772607e+03   9.516595e-01   9.709591e-01   7.804938e-03
  2.212036e-02   4.417727e-05   2.177643e+03   9.583165e-01   9.746130e-01   9.692427e-03
  2.395998e-02  -5.833088e-05   2.060121e+03   9.819951e-01   9.918577e-01   8.580112e-03
  2.484766e-02  -3.568190e-05   1.980730e+03   9.791313e-01   9.890033e-01   1.450418e-02
  2.186436e-02  -2.996999e-05   2.259276e+03   9.827341e-01   9.887393e-01   1.816256e-02
  2.298316e-02  -4.172185e-05   2.135591e+03   9.764677e-01   9.865388e-01   1.265504e-02
  2.637278e-02   4.794801e-05   1.803873e+03   9.464376e-01   9.702545e-01   1.508799e-02
  1.966662e-02  -1.645738e-05   2.455072e+03   9.605589e-01   9.741300e-01   2.251135e-02
  1.451422e-02   7.729235e-05   3.518656e+03   1.016016e+00   1.007689e+00   1.656675e-02
  2.082704e-02   1.300840e-04   2.417600e+03   1.001710e+00   1.000302e+00   1.901475e-02
  2.997345e-02   8.962274e-05   1.653526e+03   9.860020e-01   9.934225e-01   2.148529e-02
  2.380724e-02   1.866873e-04   2.100826e+03   9.950145e-01   9.969465e-01   1.436044e-02
  1.282188e-02  -8.179610e-05   3.901208e+03   9.951324e-01   9.957946e-01   8.346606e-03
  2.200579e-02   2.814062e-06   2.288366e+03   1.001827e+00   1.000955e+00   1.377494e-02
  1.936332e-02  -1.305409e-04   2.608113e+03   1.004700e+00   1.001909e+00   2.071485e-02
  1.895717e-02   4.626429e-04   2.738814e+03   1.032919e+00   1.018467e+00   1.292588e-02
  3.478391e-02   5.013333e-04   1.405973e+03   9.729387e-01   9.871154e-01   9.437900e-03
  1.774355e-02  -1.541704e-04   2.780104e+03   9.813674e-01   9.872084e-01   8.813352e-03
  1.532452e-02  -4.822326e-05   3.249482e+03   9.906751e-01   9.924240e-01   1.220096e-02
  1.505802e-02   2.396780e-04   3.279637e+03   9.824799e-01   9.872274e-01   1.306907e-02
  2.091838e-02   6.985482e-05   2.372102e+03   9.871691e-01   9.934358e-01   8.186902e-03
  2.236458e-02   5.057026e-05   2.202872e+03   9.801219e-01   9.879131e-01   1.083346e-02
  2.254040e-02  -1.131375e-05   2.183740e+03   9.792483e-01   9.867235e-01   9.215265e-03
  6.704133e-03   7.770204e-05   7.291679e+03   9.725240e-01   9.813622e-01   1.420086e-02
  3.781347e-02  -1.800578e-04   1.311994e+03   9.869804e-01   9.929446e-01   3.888154e-02
  2.090508e-02  -1.024120e-04   2.394838e+03   9.959970e-01   9.973497e-01   1.198618e-02
  1.876825e-02  -8.090817e-05   2.651963e+03   9.901964e-01   9.944567e-01   1.014218e-02
  1.017596e-02  -1.805668e-04   4.941107e+03   1.000299e+00   9.987814e-01   1.050829e-02
  2.297129e-02  -1.770945e-05   2.154825e+03   9.847535e-01   9.912881e-01   1.416872e-02
  2.061427e-02  -4.583349e-05   2.421895e+03   9.932382e-01   9.952478e-01   1.561355e-02
  2.138933e-02   5.085216e-05   2.312899e+03   9.842015e-01   9.889137e-01   1.889523e-02
  3.308009e-02  -8.211166e-04   1.506274e+03   9.912905e-01   1.001637e+00   5.996924e-03
  4.197868e-03  -1.114779e-04   1.194198e+04   9.973217e-01   9.895713e-01   1.256366e-02
  2.047119e-02   5.753556e-05   2.417547e+03   9.845733e-01   9.899572e-01   1.326449e-02
  2.313365e-02  -2.661082e-05   2.151417e+03   9.901451e-01   9.946003e-01   1.135894e-02
  2.512308e-02  -5.177702e-04   1.960632e+03   9.799392e-01   9.899328e-01   9.517595e-03
  1.851992e-02  -8.498391e-05   2.688042e+03   9.903878e-01   9.938463e-01   1.073732e-02
  1.728943e-02  -3.378275e-05   2.883968e+03   9.919763e-01   9.940141e-01   8.524799e-03
  1.180813e-02   5.846373e-05   4.220036e+03   9.913514e-01   9.926504e-01   8.939903e-03
  8.175916e-02  -1.564273e-03   5.904853e+02   9.604520e-01   9.904250e-01   3.023902e-02
  1.246715e-02  -1.666023e-05   4.005068e+03   9.933617e-01   9.954704e-01   2.925166e-03
  1.831484e-02   3.867695e-05   2.735410e+03   9.966801e-01   9.961743e-01   1.312347e-02
  2.129155e-02   3.096177e-04   2.328890e+03   9.864760e-01   9.914495e-01   1.415829e-02
  2.183760e-02   2.476628e-04   2.263350e+03   9.833017e-01   9.900909e-01   2.268444e-02
  2.306688e-02   1.216171e-05   2.148161e+03   9.857930e-01   9.925945e-01   1.104691e-02
  1.901165e-02   2.606509e-05   2.618299e+03   9.903053e-01   9.942234e-01   9.235386e-03
  2.139484e-02  -7.121625e-07   2.316330e+03   9.859155e-01   9.915744e-01   1.172896e-02
  4.830087e-02   1.063886e-03   1.035818e+03   9.953338e-01   9.977914e-01   5.036574e-02
  4.455502e-02   3.127172e-04   1.129534e+03   1.001212e+00   1.004125e+00   8.569729e-03
  1.859060e-02  -2.194948e-06   2.678034e+03   9.904661e-01   9.936382e-01   8.432137e-03
  2.013828e-02   2.073891e-05   2.481200e+03   9.940638e-01   9.961979e-01   1.088582e-02
  1.730228e-02   3.392827e-04   2.890615e+03   9.950015e-01   9.970179e-01   7.559975e-03
  2.054153e-02   1.942907e-04   2.414846e+03   9.868527e-01   9.911786e-01   1.389191e-02
  2.144961e-02   7.570321e-05   2.316410e+03   9.884733e-01   9.935195e-01   1.010974e-02
  2.338061e-02   1.114636e-05   2.146378e+03   9.983712e-01   9.983770e-01   1.485090e-02
  1.640166e-02   5.728493e-04   3.000601e+03   9.790980e-01   9.872844e-01   2.162245e-02
  1.942153e-02  -6.480373e-05   2.529326e+03   9.772789e-01   9.853962e-01   3.185915e-02
  2.775760e-02  -7.556110e-05   1.793339e+03   9.903175e-01   9.945604e-01   1.461665e-02
  2.081818e-02  -3.321515e-04   2.380114e+03   9.857588e-01   9.912500e-01   1.322723e-02
  2.498839e-02  -1.145726e-04   1.967255e+03   9.779779e-01   9.881559e-01   1.458161e-02
  1.550831e-02  -6.108127e-05   3.206832e+03   9.893979e-01   9.927168e-01   9.601491e-03
  2.370259e-02  -7.815845e-05   2.089172e+03   9.851448e-01   9.918494e-01   1.210083e-02
  1.848897e-02   3.877605e-05   2.669936e+03   9.820726e-01   9.872608e-01   1.186613e-02
  2.094985e-02  -3.916981e-04   2.386454e+03   9.946359e-01   9.984865e-01   6.426943e-03
  1.183821e-02  -1.365262e-04   4.269013e+03   1.005411e+00   9.993599e-01   6.274294e-03
  1.931919e-02  -3.107114e-05   2.567845e+03   9.869335e-01   9.891524e-01   1.715816e-02
  1.600888e-02   3.727995e-05   3.128647e+03   9.964320e-01   9.967978e-01   8.762737e-03
  1.934850e-02  -1.498648e-04   2.596034e+03   9.992816e-01   9.990506e-01   9.892066e-03
  2.113768e-02  -2.531521e-04   2.350134e+03   9.882801e-01   9.938590e-01   1.032865e-02
  2.453313e-02  -5.953018e-05   2.021116e+03   9.864484e-01   9.920868e-01   1.456648e-02
  1.988912e-02   2.656363e-05   2.525516e+03   9.992997e-01   9.989451e-01   7.675313e-03
  4.479629e-02  -9.057037e-04   1.090907e+03   9.722100e-01   9.876070e-01   2.187734e-02
  3.988646e-02  -2.003749e-05   1.240496e+03   9.843535e-01   9.935557e-01   1.118677e-02
  1.102215e-02   3.373094e-05   4.565402e+03   1.001096e+00   9.982268e-01   6.961766e-03
  2.481121e-02   2.409104e-04   1.995983e+03   9.852236e-01   9.922603e-01   1.096139e-02
  1.897085e-02   6.590284e-05   2.579382e+03   9.734923e-01   9.843503e-01   1.113299e-02
  2.204269e-02   2.804264e-05   2.239415e+03   9.820402e-01   9.895847e-01   1.320621e-02
  1.740943e-02   6.745527e-05   2.835008e+03   9.819040e-01   9.872097e-01   1.609450e-02
  2.268364e-02   4.656842e-05   2.141582e+03   9.664463e-01   9.790767e-01   1.436422e-02
  1.677348e-02   3.243295e-04   2.884222e+03   9.624588e-01   9.763640e-01   5.861560e-02
  3.325582e-02   1.599794e-04   1.508400e+03   9.979626e-01   9.977923e-01   2.845267e-02
  2.066559e-02   6.514858e-05   2.395999e+03   9.850642e-01   9.915080e-01   7.394800e-03
  2.394429e-02  -4.662077e-05   2.077178e+03   9.894775e-01   9.927802e-01   1.977691e-02
  2.338503e-02   4.535626e-05   2.152056e+03   1.001202e+00   1.001809e+00   1.164702e-02
  1.833667e-02   2.656114e-04   2.717587e+03   9.913664e-01   9.942078e-01   9.601727e-03
  1.036545e-02   1.704343e-05   4.866168e+03   1.003473e+00   9.999097e-01   5.642524e-03
  1.657523e-02   3.937438e-05   3.044387e+03   1.003898e+00   9.998220e-01   1.233960e-02
  2.400954e-03   9.182573e-05   2.181813e+04   1.042153e+00   1.023411e+00   7.970653e-03
  6.437527e-03   1.911334e-04   7.721025e+03   9.888357e-01   9.882247e-01   1.119691e-02
  2.677927e-02  -3.234590e-05   1.861738e+03   9.918533e-01   9.956666e-01   1.549813e-02
  1.114606e-02   5.453303e-05   4.470158e+03   9.912302e-01   9.925517e-01   8.783744e-03
  2.388910e-02  -1.165347e-04   2.047709e+03   9.731912e-01   9.838374e-01   1.363540e-02
  2.035529e-02  -9.406732e-05   2.422771e+03   9.811149e-01   9.903476e-01   9.163627e-03
  2.564623e-02  -3.193261e-05   1.919754e+03   9.794883e-01   9.922151e-01   4.217136e-03
  2.148777e-02  -9.665597e-05   2.281157e+03   9.751619e-01   9.856424e-01   7.408216e-03
  2.528067e-02  -2.403472e-04   1.953113e+03   9.823043e-01   9.916553e-01   1.631425e-04
  9.506829e-03  -2.033313e-04   5.348617e+03   1.011597e+00   1.003965e+00   1.309218e-02
  2.055639e-02  -6.365308e-05   2.411236e+03   9.860904e-01   9.893969e-01   1.567647e-02
  1.402389e-02  -4.035718e-05   3.570419e+03   9.961339e-01   9.988397e-01   5.975890e-03
  1.286326e-02  -8.417152e-05   3.912438e+03   1.001218e+00   9.993451e-01   1.227157e-02
  3.033956e-02  -3.042426e-04   1.630356e+03   9.840607e-01   9.930768e-01   1.822920e-02
  3.895796e-02  -5.593417e-05   1.260588e+03   9.770108e-01   9.891835e-01   2.429284e-02
  2.368401e-02  -1.702331e-04   2.105947e+03   9.922767e-01   9.949335e-01   1.753783e-02
  4.089010e-02  -2.214757e-04   1.204212e+03   9.796052e-01   9.905124e-01   2.092605e-02
  3.497899e-02  -1.181120e-03   1.402482e+03   9.759661e-01   9.889389e-01   9.986451e-03
  1.615099e-02   2.116938e-05   3.097950e+03   9.954139e-01   9.951869e-01   9.583728e-03
  3.812230e-02  -7.022849e-04   1.291444e+03   9.794556e-01   9.923609e-01   1.245713e-02
  1.937431e-02   2.792962e-04   2.532741e+03   9.762186e-01   9.874858e-01   4.818079e-03
  2.241486e-02   1.422674e-04   2.186644e+03   9.750890e-01   9.838374e-01   2.192730e-02
  1.727946e-02   1.029861e-04   2.872084e+03   9.873187e-01   9.887292e-01   1.829506e-02
  1.905303e-02   1.706669e-04   2.600847e+03   9.858455e-01   9.896568e-01   9.729048e-03
  1.535511e-02   8.764122e-05   3.235292e+03   9.883177e-01   9.876657e-01   2.008266e-02
  3.518355e-02   8.089842e-04   1.387470e+03   9.711663e-01   9.834965e-01   4.302048e-02
  2.099430e-02   1.229866e-04   2.367518e+03   9.888371e-01   9.922636e-01   1.216692e-02
  2.754303e-02   1.349702e-04   1.780449e+03   9.755992e-01   9.857417e-01   2.665146e-02
  2.749368e-02   1.601589e-04   1.816063e+03   9.933306e-01   9.993869e-01   2.015795e-02
  1.087641e-02   8.129755e-05   4.626032e+03   1.000978e+00   9.986088e-01   7.649782e-03
  9.478017e-03  -4.681409e-05   5.259509e+03   9.917286e-01   9.933388e-01   6.634492e-03
  2.088519e-02   1.802153e-04   2.383387e+03   9.902918e-01   9.935660e-01   1.196723e-02
  1.459383e-02   6.548646e-05   3.423713e+03   9.940239e-01   9.935718e-01   6.904848e-03
  2.309953e-02   8.954242e-04   2.177980e+03   1.000892e+00   9.991695e-01   4.963588e-02
  2.025809e-02  -5.709067e-06   2.478291e+03   9.988056e-01   9.977469e-01   1.256922e-02
  1.718604e-02   5.535971e-04   2.909000e+03   9.946030e-01   9.948175e-01   1.116818e-02
  2.263663e-02  -4.351901e-04   2.184692e+03   9.838572e-01   9.899349e-01   1.189272e-02
  1.606363e-02  -2.217157e-05   3.072728e+03   9.819697e-01   9.900479e-01   6.854787e-03
  2.002904e-02  -1.877101e-04   2.496134e+03   9.946221e-01   9.981943e-01   7.009413e-03
  2.152141e-02  -2.044986e-04   2.304899e+03   9.868536e-01   9.908865e-01   1.211873e-02
  1.935913e-02  -1.725051e-04   2.545125e+03   9.802233e-01   9.857528e-01   1.460391e-02
  7.925558e-03  -1.194857e-04   6.366384e+03   1.003813e+00   9.978689e-01   4.926300e-03
  1.787649e-02  -1.281452e-04   2.779605e+03   9.885425e-01   9.917767e-01   9.332880e-03
  2.065386e-02  -3.030986e-05   2.397635e+03   9.851771e-01   9.919806e-01   9.870642e-03
  1.932152e-02  -4.987244e-05   2.578083e+03   9.909880e-01   9.953875e-01   1.717850e-02
  2.567920e-02  -1.128118e-04   1.947050e+03   9.946922e-01   9.989387e-01   1.193775e-02
  2.710684e-02   1.294764e-04   1.811797e+03   9.770540e-01   9.877088e-01   1.403133e-02
  1.709994e-02  -4.666727e-05   2.910341e+03   9.900758e-01   9.923321e-01   1.275840e-02
  2.043452e-02   1.844056e-04   2.465238e+03   1.002198e+00   9.998068e-01   6.541547e-03
  2.039671e-02  -5.169506e-04   2.447732e+03   9.932398e-01   1.001177e+00   1.500689e-02
  2.008147e-02  -1.185579e-04   2.484088e+03   9.924135e-01   9.949148e-01   9.852357e-03
  2.518492e-02  -5.193335e-04   1.976221e+03   9.901622e-01   9.950572e-01   1.324543e-02
  1.999776e-02   3.763809e-04   2.500671e+03   9.948736e-01   9.964835e-01   9.793674e-03
  2.250689e-02   3.604764e-05   2.187524e+03   9.794865e-01   9.876543e-01   1.220604e-02
  2.047311e-02   1.887395e-04   2.429987e+03   9.897324e-01   9.920358e-01   1.407351e-02
  1.981840e-02   1.085220e-04   2.519236e+03   9.932705e-01   9.955459e-01   7.291507e-03
  2.690422e-02   5.513138e-05   1.814680e+03   9.712941e-01   9.841471e-01   1.567983e-02
  6.990591e-02  -8.591091e-05   6.990708e+02   9.722215e-01   9.929013e-01   1.666427e-02
  2.072254e-02  -5.488003e-05   2.388737e+03   9.847849e-01   9.901010e-01   1.475349e-02
  2.047095e-02   2.908181e-05   2.419754e+03   9.854607e-01   9.907293e-01   1.346332e-02
  2.072881e-02   8.580039e-05   2.393469e+03   9.870343e-01   9.929286e-01   1.245023e-02
  2.237733e-02   1.298722e-04   2.225889e+03   9.909278e-01   9.950878e-01   1.332276e-02
  2.073852e-02  -2.268472e-04   2.348704e+03   9.690279e-01   9.815323e-01   3.601599e-03
  2.595795e-02  -6.290748e-06   1.894051e+03   9.781201e-01   9.868783e-01   1.498023e-02
  2.482131e-02  -3.652129e-04   1.971579e+03   9.735742e-01   9.856019e-01   3.729460e-02
  3.621249e-02   6.843493e-04   1.327846e+03   9.566127e-01   9.778654e-01   6.305336e-02
  2.170427e-02   3.715253e-04   2.318604e+03   1.001156e+00   1.000350e+00   9.769923e-03
  1.951831e-02   1.600238e-04   2.559223e+03   9.937579e-01   9.959477e-01   1.044473e-02
  2.511580e-02  -7.286462e-04   1.989941e+03   9.942996e-01   9.977726e-01   1.193451e-02
  1.993593e-02  -1.434997e-04   2.471574e+03   9.802574e-01   9.872221e-01   1.188305e-02
  9.699692e-03   6.661284e-05   4.779464e+03   9.222896e-01   9.542774e-01   3.262983e-02
  2.142455e-02  -1.018190e-04   2.346852e+03   1.000294e+00   9.983643e-01   2.155833e-02
  2.107283e-02   2.154568e-04   2.355879e+03   9.876566e-01   9.852286e-01   1.667425e-02
  1.477903e-02   4.508552e-04   3.384891e+03   9.952235e-01   9.928995e-01   3.105372e-02
  2.588667e-02   1.322927e-04   1.891283e+03   9.740084e-01   9.847980e-01   1.704571e-02
  1.929755e-02  -4.161459e-05   2.555639e+03   9.811419e-01   9.882892e-01   1.419041e-02
  2.127439e-02   1.463168e-06   2.337263e+03   9.892242e-01   9.952650e-01   1.758348e-02
  1.504053e-02  -1.921648e-05   3.296311e+03   9.863283e-01   9.925289e-01   1.560199e-02
  2.961979e-02   4.743906e-04   1.774641e+03   1.045737e+00   1.034074e+00   1.189230e-02
  1.448216e-02   2.136590e-06   3.486936e+03   1.004633e+00   9.998840e-01   8.726745e-03
  3.084975e-02   1.048651e-03   1.659153e+03   1.018283e+00   1.026145e+00   1.042345e-02
  9.464481e-03  -3.470418e-04   5.562802e+03   1.047419e+00   1.023555e+00   2.090340e-02
  1.711784e-02  -3.218130e-04   2.940181e+03   1.001275e+00   9.980563e-01   1.831294e-02
  2.124998e-02   2.231277e-04   2.377579e+03   1.005133e+00   1.003208e+00   9.414970e-03
  2.394145e-02   7.465225e-04   2.059883e+03   9.811223e-01   9.906451e-01   2.166853e-02
  2.553277e-02   1.578409e-04   1.941298e+03   9.860983e-01   9.943834e-01   1.135052e-02
  5.427375e-02  -2.725621e-04   8.995884e+02   9.713234e-01   9.852667e-01   2.327840e-02
  1.792668e-02   2.040287e-04   2.771314e+03   9.883616e-01   9.915386e-01   5.367945e-03
  4.915711e-02   2.819159e-04   9.534124e+02   9.323894e-01   9.727030e-01   5.905584e-02
  1.365073e-02  -5.322525e-04   3.737829e+03   1.015092e+00   1.012276e+00   1.973496e-02
  1.762182e-02   3.844159e-05   2.839225e+03   9.953613e-01   9.968976e-01   4.461541e-03
  2.416663e-02   7.461706e-05   2.031538e+03   9.767228e-01   9.861197e-01   1.568221e-02
  2.033478e-02  -2.090799e-05   2.459388e+03   9.949397e-01   9.967738e-01   1.134901e-02
  2.264456e-02  -3.090632e-05   2.180219e+03   9.821869e-01   9.888974e-01   1.874130e-02
  1.850928e-02  -2.911377e-04   2.692691e+03   9.915307e-01   9.956387e-01   3.433650e-02
  2.402769e-02  -1.411868e-04   2.077961e+03   9.932980e-01   9.986929e-01   8.747414e-03
  5.838412e-02  -2.157133e-03   8.322037e+02   9.666173e-01   9.866470e-01   3.308730e-02
  2.063653e-02   4.256447e-04   2.338081e+03   9.599006e-01   9.737354e-01   2.712011e-03
  2.460626e-02   1.174021e-04   1.980984e+03   9.697429e-01   9.829492e-01   1.366248e-02
  1.637604e-02  -2.915330e-04   3.071429e+03   1.000644e+00   9.981297e-01   1.218050e-02
  2.268272e-02  -4.770480e-04   2.186970e+03   9.868885e-01   9.924874e-01   1.079211e-02
  1.325172e-02  -6.591607e-05   3.761662e+03   9.917039e-01   9.933478e-01   1.048566e-02
  7.278387e-03   2.392442e-05   6.939530e+03   1.004836e+00   1.001343e+00   2.443163e-03
  3.032425e-02  -1.674998e-04   1.628907e+03   9.826899e-01   9.898945e-01   1.717852e-02
  2.050057e-02  -3.808402e-04   2.422258e+03   9.879080e-01   9.914592e-01   3.634937e-02
  3.234455e-02   8.899153e-04   1.536265e+03   9.885468e-01   9.959442e-01   1.437435e-02
  1.982608e-02   9.069189e-06   2.519116e+03   9.936081e-01   9.949066e-01   1.329811e-02
  1.432275e-02  -6.194639e-05   3.445343e+03   9.817230e-01   9.886615e-01   6.969810e-03
  1.931411e-02   4.202451e-05   2.580719e+03   9.916204e-01   9.955863e-01   1.090100e-02
  2.056309e-02  -2.463642e-06   2.422557e+03   9.910433e-01   9.961195e-01   7.391136e-03
  2.653495e-02   1.237909e-04   1.862083e+03   9.829862e-01   9.918849e-01   7.920770e-03
  1.887570e-02   7.646854e-05   2.623588e+03   9.852101e-01   9.882830e-01   1.710706e-02
  3.134597e-02   1.196904e-03   1.598035e+03   9.965479e-01   1.000296e+00   8.128062e-03
  3.607847e-02   2.393758e-04   1.357470e+03   9.743357e-01   9.853454e-01   2.071328e-02
  2.302392e-02   8.162545e-05   2.143223e+03   9.816955e-01   9.889114e-01   1.112665e-02
  2.520892e-02   3.885969e-04   1.979956e+03   9.929787e-01   9.989914e-01   7.920161e-03
  2.324821e-02   1.366595e-04   2.117657e+03   9.794340e-01   9.900685e-01   1.664918e-02
  2.711928e-02   1.273028e-04   1.818199e+03   9.809567e-01   9.899012e-01   1.589723e-02
  2.835361e-02  -7.886678e-05   1.753112e+03   9.888903e-01   9.944792e-01   1.546443e-02
  1.568873e-02   1.232032e-04   3.185917e+03   9.943800e-01   9.951662e-01   6.559890e-03
  2.635667e-02   7.293308e-04   1.851008e+03   9.705749e-01   9.837907e-01   2.228041e-02
  1.629544e-02  -4.665000e-04   2.996206e+03   9.713328e-01   9.790472e-01   3.019569e-02
  2.112475e-02  -1.340469e-04   2.338297e+03   9.827011e-01   9.885845e-01   1.647578e-02
  3.202988e-02   8.219326e-05   1.521564e+03   9.695624e-01   9.839085e-01   2.239767e-02
  2.016564e-02  -3.389533e-05   2.478702e+03   9.944122e-01   9.965726e-01   1.355843e-02
  1.809757e-02  -5.162757e-05   2.763584e+03   9.950004e-01   9.956438e-01   1.341745e-02
  1.812648e-02  -1.292260e-05   2.732471e+03   9.853694e-01   9.896147e-01   1.270798e-02
  2.358255e-02  -1.411902e-04   2.105332e+03   9.877372e-01   9.937792e-01   1.107304e-02
  3.500254e-02  -1.185507e-03   1.406007e+03   9.790776e-01   9.928404e-01   1.210420e-02
  1.566239e-02  -1.400134e-04   3.257554e+03   1.015032e+00   1.008041e+00   4.525947e-03
  1.779830e-02  -7.096809e-05   2.804641e+03   9.930837e-01   9.944284e-01   7.979248e-03
  1.683841e-02  -2.423526e-04   2.988514e+03   1.001121e+00   9.975162e-01   1.309819e-02
  1.948186e-02   4.729818e-05   2.540618e+03   9.846912e-01   9.907683e-01   8.790886e-03
  1.806353e-02  -2.821272e-05   2.753436e+03   9.894818e-01   9.940954e-01   8.232198e-03
  1.869871e-02   4.920006e-05   2.678689e+03   9.964699e-01   9.980011e-01   8.591553e-03
  2.303783e-02   2.355568e-05   2.174132e+03   9.964551e-01   9.966289e-01   1.807931e-02
  6.342998e-02  -1.779364e-03   7.590950e+02   9.579015e-01   9.872625e-01   5.656998e-02
  3.075182e-02   9.972239e-05   1.568886e+03   9.598257e-01   9.771675e-01   1.973991e-02
  2.270809e-02   2.008612e-04   2.153004e+03   9.726474e-01   9.833330e-01   1.476047e-02
  1.660888e-02  -3.533000e-05   2.958397e+03   9.775226e-01   9.869519e-01   6.797979e-03
  2.187840e-02  -6.322637e-05   2.258487e+03   9.830218e-01   9.907221e-01   1.132743e-02
  2.382059e-02   1.388626e-06   2.086229e+03   9.886546e-01   9.940445e-01   1.264844e-02
  2.422300e-02  -2.289643e-05   2.032130e+03   9.792857e-01   9.880928e-01   1.406177e-02
  1.726270e-02   1.241898e-04   2.868245e+03   9.850427e-01   9.892027e-01   1.773234e-02
  3.186658e-02   9.059372e-04   1.576258e+03   9.992935e-01   1.000199e+00   3.331115e-02
  2.090410e-02  -2.073839e-04   2.471475e+03   1.027822e+00   1.014163e+00   1.111608e-02
  2.101157e-02  -1.214119e-05   2.402233e+03   1.004162e+00   1.001455e+00   9.160172e-03
  2.725128e-02   3.494063e-05   1.839809e+03   9.974468e-01   1.000259e+00   1.451243e-02
  2.164201e-02   1.475502e-05   2.282468e+03   9.827260e-01   9.906725e-01   1.504870e-02
  1.943873e-02   1.724162e-05   2.557099e+03   9.888848e-01   9.928386e-01   1.209991e-02
  2.134332e-02  -2.663401e-05   2.345267e+03   9.958286e-01   9.968507e-01   1.391795e-02
  1.953339e-02  -7.463049e-05   2.631793e+03   1.022726e+00   1.013524e+00   1.004767e-02
  1.619665e-02   4.859469e-04   3.051510e+03   9.832640e-01   9.936490e-01   2.618325e-02
  2.165496e-02   2.666607e-04   2.292409e+03   9.875965e-01   9.899490e-01   2.759498e-02
  2.138127e-02   1.567246e-05   2.314658e+03   9.845790e-01   9.898812e-01   1.860747e-02
  2.042325e-02   2.364759e-05   2.434076e+03   9.889836e-01   9.930888e-01   1.926661e-02
  2.026693e-02   1.219691e-05   2.452100e+03   9.886813e-01   9.932990e-01   1.485429e-02
  2.055067e-02   4.322918e-05   2.437385e+03   9.965066e-01   9.977132e-01   1.700063e-02
  1.991684e-02  -1.900337e-06   2.506799e+03   9.932766e-01   9.956494e-01   1.581285e-02
  2.083002e-02   4.332217e-05   2.400775e+03   9.948814e-01   9.962717e-01   1.784990e-02
  1.013302e-02  -3.705367e-05   4.974383e+03   1.002785e+00   9.999729e-01   7.890732e-03
  1.362741e-02  -7.754818e-06   3.754324e+03   1.017830e+00   1.005016e+00   2.497227e-02
  2.049006e-02   8.767498e-06   2.489392e+03   1.014768e+00   1.006918e+00   1.972542e-02
  1.917895e-02   4.491046e-05   2.640818e+03   1.007612e+00   1.003575e+00   1.579853e-02
  2.108590e-02  -2.205960e-05   2.379597e+03   9.982188e-01   9.993299e-01   1.764507e-02
  1.984579e-02  -7.032904e-05   2.500396e+03   9.872047e-01   9.921905e-01   1.674091e-02
  2.105577e-02   1.893701e-05   2.358428e+03   9.879249e-01   9.923583e-01   1.704098e-02
  2.136863e-02  -6.468098e-05   2.286828e+03   9.721658e-01   9.824957e-01   1.956326e-02
  2.063934e-02   3.485830e-05   2.414778e+03   9.915238e-01   9.945525e-01   1.024459e-02
  2.408283e-02  -2.842868e-04   2.086359e+03   9.996011e-01   9.999792e-01   1.263837e-02
  2.002261e-02  -3.696775e-05   2.468061e+03   9.831203e-01   9.886847e-01   1.344329e-02
  2.025339e-02  -5.403527e-05   2.446967e+03   9.859525e-01   9.915542e-01   1.439265e-02
  2.159610e-02   2.928957e-05   2.310671e+03   9.927585e-01   9.958481e-01   1.608475e-02
  1.883003e-02  -8.884429e-06   2.673002e+03   1.001338e+00   1.000715e+00   1.482148e-02
  2.033805e-02   2.173117e-05   2.467198e+03   9.982595e-01   9.985765e-01   1.511439e-02
  1.848128e-02  -3.734439e-05   2.743918e+03   1.008866e+00   1.004454e+00   1.781009e-02
  2.608705e-02   1.520041e-04   1.913666e+03   9.931648e-01   9.951256e-01   1.819439e-02
  2.603801e-02   2.532736e-04   1.913470e+03   9.911958e-01   9.937705e-01   2.513840e-02
  1.892167e-02   5.082763e-05   2.640314e+03   9.939055e-01   9.952686e-01   1.921298e-02
  1.937874e-02  -6.433088e-06   2.587996e+03   9.977440e-01   9.982861e-01   1.776375e-02
  2.160022e-02  -1.472978e-05   2.302627e+03   9.894908e-01   9.935012e-01   1.963221e-02
  2.138389e-02   5.876391e-05   2.307650e+03   9.817182e-01   9.896797e-01   1.689504e-02
  2.098222e-02  -1.845390e-05   2.357170e+03   9.839487e-01   9.902425e-01   1.795469e-02
  2.061739e-02   9.538042e-05   2.383011e+03   9.774396e-01   9.860014e-01   1.514202e-02
  2.095477e-02   9.384433e-05   2.337844e+03   9.746048e-01   9.823061e-01   3.041527e-02
  1.329450e-02   6.015303e-05   3.765509e+03   9.959229e-01   9.931892e-01   1.650417e-02
  2.002762e-02   2.060662e-06   2.474036e+03   9.857474e-01   9.904993e-01   1.555821e-02
  2.062165e-02   2.147019e-05   2.399038e+03   9.842168e-01   9.903947e-01   1.542086e-02
  1.783026e-02   6.128449e-05   2.772532e+03   9.834778e-01   9.893634e-01   1.822656e-02
  2.065526e-02  -1.783234e-05   2.413245e+03   9.916584e-01   9.949316e-01   1.944805e-02
  2.008179e-02  -1.653871e-05   2.485351e+03   9.929338e-01   9.952460e-01   1.803857e-02
  2.185183e-02  -3.115219e-05   2.296857e+03   9.985087e-01   9.982758e-01   2.110712e-02
  1.271863e-02  -9.677857e-05   3.985884e+03   1.008545e+00   1.001548e+00   1.266543e-02
  1.466809e-02  -1.521970e-04   3.407620e+03   9.943860e-01   9.940091e-01   1.379382e-02
  2.184204e-02  -1.787872e-05   2.297642e+03   9.984029e-01   9.981425e-01   1.748674e-02
  2.101283e-02  -1.677093e-07   2.385184e+03   9.970952e-01   9.979930e-01   1.764787e-02
  1.664427e-02  -1.278361e-06   3.032738e+03   1.004222e+00   1.002667e+00   1.165505e-02
  1.937610e-02  -1.263856e-05   2.578580e+03   9.939786e-01   9.962652e-01   1.399998e-02
  1.978175e-02   3.763035e-05   2.516198e+03   9.902380e-01   9.937775e-01   1.564667e-02
  2.078584e-02  -1.862574e-05   2.387091e+03   9.871125e-01   9.907961e-01   1.705410e-02
  1.881715e-02   1.338203e-04   2.624293e+03   9.824183e-01   9.900969e-01   8.507638e-03
  2.231150e-02  -3.523395e-05   2.272311e+03   1.008618e+00   1.003462e+00   1.446511e-02
  1.955068e-02   1.858461e-05   2.562223e+03   9.965725e-01   9.965878e-01   1.494905e-02
  2.154978e-02  -1.522058e-05   2.318025e+03   9.937819e-01   9.960884e-01   1.602566e-02
  2.422507e-02  -1.282103e-04   2.046231e+03   9.861656e-01   9.934004e-01   1.445926e-02
  2.050301e-02   2.601499e-05   2.414376e+03   9.848105e-01   9.911931e-01   1.875876e-02
  1.966288e-02  -1.037856e-05   2.522398e+03   9.867131e-01   9.916948e-01   1.751591e-02
  1.757738e-02  -2.009584e-05   2.829440e+03   9.894295e-01   9.920725e-01   1.898441e-02
  4.490477e-02  -1.614091e-05   1.109938e+03   9.915652e-01   1.000024e+00   2.347242e-02
  2.106263e-02   2.448388e-04   2.336157e+03   9.789144e-01   9.852792e-01   1.957787e-02
  2.042499e-02   4.011445e-05   2.415063e+03   9.813420e-01   9.878310e-01   1.871290e-02
  2.043628e-02   1.258623e-05   2.407670e+03   9.788787e-01   9.867656e-01   2.065445e-02
  2.581672e-02   7.163518e-05   1.902585e+03   9.771815e-01   9.870067e-01   2.485232e-02
  2.205594e-02  -4.594315e-05   2.249289e+03   9.869629e-01   9.923321e-01   1.826615e-02
  2.040495e-02  -4.075858e-07   2.430216e+03   9.865305e-01   9.917353e-01   1.688894e-02
  1.858070e-02   3.624556e-05   2.688302e+03   9.937342e-01   9.952782e-01   1.369721e-02
  4.778037e-02  -3.526221e-04   1.021166e+03   9.706803e-01   9.841464e-01   3.705597e-02
  1.803269e-02  -1.352460e-04   2.752910e+03   9.876035e-01   9.896111e-01   1.928496e-02
  1.991608e-02  -2.149419e-05   2.506955e+03   9.933002e-01   9.945884e-01   1.721302e-02
  1.650562e-02  -2.168391e-05   3.040564e+03   9.984265e-01   9.980127e-01   1.398194e-02
  1.824875e-02   1.090971e-05   2.750479e+03   9.985539e-01   9.977321e-01   1.703917e-02
  1.935283e-02  -3.423708e-06   2.580578e+03   9.935542e-01   9.956463e-01   1.706159e-02
  2.058879e-02  -5.266690e-06   2.431595e+03   9.959838e-01   9.971387e-01   1.707309e-02
  2.186610e-02   1.046331e-05   2.282504e+03   9.929172e-01   9.952376e-01   1.742219e-02
  1.303865e-02   2.523738e-05   3.886054e+03   1.008025e+00   9.995372e-01   2.482497e-02
  1.794099e-02  -1.547834e-04   2.815312e+03   1.004854e+00   1.000893e+00   1.612246e-02
  1.956594e-02  -5.328190e-05   2.567013e+03   9.992149e-01   9.983138e-01   1.433761e-02
  2.039823e-02   1.354352e-05   2.456727e+03   9.969642e-01   9.984392e-01   1.308301e-02
  1.754264e-02  -2.345161e-05   2.858251e+03   9.975288e-01   9.986403e-01   1.302393e-02
  1.760668e-02   6.477876e-05   2.858564e+03   1.001280e+00   1.000636e+00   1.232929e-02
  1.978768e-02  -4.213704e-05   2.527221e+03   9.948744e-01   9.965497e-01   1.542678e-02
  2.092858e-02   3.912039e-06   2.386772e+03   9.937583e-01   9.947784e-01   1.835426e-02
  1.058447e-02   1.463229e-05   4.717593e+03   9.933895e-01   9.942339e-01   6.336325e-03
  2.194002e-02   3.345258e-04   2.268880e+03   9.903275e-01   9.928187e-01   1.600132e-02
  2.070551e-02   5.046771e-05   2.399453e+03   9.883900e-01   9.919956e-01   1.727968e-02
  2.333058e-02   5.041534e-05   2.132948e+03   9.900016e-01   9.941511e-01   1.883270e-02
  2.114265e-02   1.202489e-05   2.350463e+03   9.886510e-01   9.938156e-01   1.646599e-02
  2.143854e-02  -9.359896e-06   2.308529e+03   9.846019e-01   9.916705e-01   1.641674e-02
  2.072343e-02  -9.944658e-06   2.402549e+03   9.905221e-01   9.943032e-01   1.631880e-02
  1.936499e-02  -2.824614e-05   2.574460e+03   9.918216e-01   9.938581e-01   1.621083e-02
  2.920862e-02  -2.009972e-04   1.729540e+03   1.005013e+00   1.003039e+00   1.737142e-02
  2.029914e-02   3.944961e-05   2.452496e+03   9.904127e-01   9.923057e-01   2.100722e-02
  2.064037e-02   3.596760e-05   2.408130e+03   9.888433e-01   9.920045e-01   1.785247e-02
  2.008884e-02  -4.821348e-05   2.465342e+03   9.852857e-01   9.905208e-01   1.930928e-02
  2.155655e-02   5.750153e-05   2.292750e+03   9.832549e-01   9.900152e-01   1.965271e-02
  2.348681e-02  -4.629681e-05   2.114357e+03   9.879443e-01   9.932948e-01   1.948896e-02
  2.086061e-02   8.373436e-05   2.377415e+03   9.866477e-01   9.915955e-01   1.861242e-02
  2.048112e-02   4.925809e-06   2.440989e+03   9.946028e-01   9.959367e-01   1.763621e-02
  2.284823e-02   2.614185e-04   2.166951e+03   9.849897e-01   9.889327e-01   2.291263e-02
  2.139035e-02  -3.023606e-04   2.328470e+03   9.908747e-01   9.925741e-01   1.864557e-02
  1.969718e-02  -3.258203e-05   2.524414e+03   9.892245e-01   9.921503e-01   1.729175e-02
  1.928165e-02  -2.549976e-05   2.583485e+03   9.910154e-01   9.938168e-01   1.707769e-02
  1.950173e-02  -7.868150e-05   2.545590e+03   9.876240e-01   9.922553e-01   1.746372e-02
  2.004026e-02   7.355718e-06   2.453399e+03   9.781412e-01   9.862139e-01   2.132149e-02
  1.976763e-02   5.879820e-05   2.501473e+03   9.837404e-01   9.897836e-01   1.824004e-02
  1.991937e-02   3.936908e-05   2.484656e+03   9.846274e-01   9.894455e-01   1.919199e-02
  1.701236e-02   1.879618e-04   2.961324e+03   1.002260e+00   9.980606e-01   2.200001e-02
  1.775569e-02   7.414635e-05   2.771994e+03   9.791742e-01   9.846762e-01   2.450841e-02
  1.985257e-02  -4.451926e-05   2.501636e+03   9.880323e-01   9.915423e-01   1.749310e-02
  1.968838e-02   8.316168e-05   2.517931e+03   9.862429e-01   9.910879e-01   1.710057e-02
  1.896959e-02  -2.407376e-05   2.632734e+03   9.935622e-01   9.964417e-01   1.515416e-02
  1.690951e-02   1.165424e-05   2.985973e+03   1.004494e+00   1.002645e+00   1.192235e-02
  1.975665e-02  -1.139550e-04   2.534650e+03   9.962341e-01   9.974747e-01   1.564332e-02
  1.822276e-02  -5.346916e-06   2.755350e+03   9.988981e-01   9.982491e-01   1.401319e-02
  2.097285e-02  -2.559230e-04   2.381151e+03   9.935149e-01   9.944716e-01   1.256477e-02
  1.598721e-02   8.509255e-05   3.173235e+03   1.009265e+00   1.002392e+00   1.254572e-02
  1.955775e-02  -2.196389e-05   2.551561e+03   9.927848e-01   9.943231e-01   1.652661e-02
  1.678338e-02   6.689970e-06   2.990785e+03   9.986075e-01   9.985722e-01   1.389393e-02
  2.204213e-02   1.450936e-04   2.268161e+03   9.946209e-01   9.976353e-01   1.698451e-02
  2.201076e-02  -6.900757e-05   2.253001e+03   9.865669e-01   9.928079e-01   1.543306e-02
  2.141747e-02  -8.506992e-05   2.345364e+03   9.993293e-01   9.993870e-01   1.519610e-02
  2.200088e-02   5.162401e-06   2.274873e+03   9.956972e-01   9.970681e-01   1.530877e-02
  2.144658e-02  -1.312296e-04   2.341216e+03   9.989174e-01   9.977374e-01   1.609254e-02
  2.799834e-02  -9.640334e-05   1.799558e+03   1.002371e+00   1.003198e+00   9.483531e-03
  2.115858e-02   6.173436e-05   2.370181e+03   9.976956e-01   9.979526e-01   1.370991e-02
  2.306612e-02  -1.244046e-04   2.157970e+03   9.902619e-01   9.955232e-01   1.306545e-02
  2.205739e-02  -7.229201e-06   2.241706e+03   9.837009e-01   9.899202e-01   2.096468e-02
  2.216962e-02   3.151240e-05   2.253931e+03   9.940976e-01   9.966601e-01   1.981823e-02
  2.022982e-02   9.571607e-05   2.449107e+03   9.856664e-01   9.909042e-01   1.839724e-02
  2.208383e-02  -3.022598e-05   2.258146e+03   9.921023e-01   9.940894e-01   1.920033e-02
  2.236490e-02   1.160239e-04   2.232877e+03   9.934865e-01   9.940678e-01   1.629843e-02
  3.532935e-02   1.328490e-04   1.386625e+03   9.745968e-01   9.850205e-01   3.387096e-02
  2.033974e-02   1.237845e-05   2.436268e+03   9.858268e-01   9.904133e-01   1.908463e-02
  2.931083e-02   2.126805e-05   1.687678e+03   9.841196e-01   9.915233e-01   2.560653e-02
  1.601255e-02  -1.004294e-04   3.121762e+03   9.944674e-01   9.954078e-01   1.569101e-02
  1.978745e-02   7.404025e-05   2.494031e+03   9.817974e-01   9.889134e-01   1.638350e-02
  1.832499e-02   8.617986e-05   2.702258e+03   9.851461e-01   9.905121e-01   1.522386e-02
  1.766623e-02  -1.162443e-06   2.792281e+03   9.813710e-01   9.871245e-01   1.780696e-02
  1.890825e-02   8.594783e-05   2.605922e+03   9.802637e-01   9.855488e-01   1.978917e-02
  1.197551e-02  -5.187294e-05   4.212700e+03   1.003656e+00   9.947443e-01   2.590022e-02
  1.858072e-02  -2.802811e-05   2.690065e+03   9.943871e-01   9.948831e-01   1.696202e-02
  1.892966e-02   6.141448e-05   2.639083e+03   9.938620e-01   9.938115e-01   2.084581e-02
  1.951406e-02  -3.703223e-05   2.542838e+03   9.871802e-01   9.932805e-01   1.161346e-02
  1.950400e-02   5.427891e-06   2.554465e+03   9.911827e-01   9.948587e-01   1.765137e-02
  2.202262e-02  -9.205105e-05   2.250252e+03   9.858941e-01   9.921030e-01   1.705785e-02
  1.901121e-02   2.182542e-05   2.643664e+03   9.998757e-01   9.990440e-01   1.375004e-02
  1.937078e-02  -4.449016e-05   2.588543e+03   9.975454e-01   9.968118e-01   1.377037e-02
  1.494850e-02   1.924056e-05   3.343463e+03   9.943158e-01   9.974559e-01   2.219329e-03
  2.041843e-02  -1.888424e-07   2.440526e+03   9.913705e-01   9.938004e-01   1.446888e-02
  1.356337e-02   1.358693e-05   3.687831e+03   9.951050e-01   9.964000e-01   1.099991e-02
  2.370432e-02   1.079289e-04   2.092353e+03   9.867170e-01   9.929062e-01   2.038050e-02
  2.013230e-02  -4.504931e-05   2.476549e+03   9.919062e-01   9.950375e-01   1.530027e-02
  2.285889e-02  -9.192302e-05   2.185602e+03   9.939312e-01   9.961312e-01   1.809924e-02
  2.189029e-02   2.898620e-05   2.265730e+03   9.867110e-01   9.910710e-01   1.797090e-02
  2.215937e-02  -1.171790e-04   2.217582e+03   9.776138e-01   9.843617e-01   2.380372e-02
  3.163412e-02   1.119404e-04   1.579620e+03   9.941190e-01   9.984096e-01   2.302161e-02
  2.072411e-02   1.175811e-05   2.428245e+03   1.001149e+00   1.000010e+00   1.599005e-02
  2.095835e-02  -5.125066e-05   2.409390e+03   1.004603e+00   1.003670e+00   1.172963e-02
  2.075528e-02   6.726858e-05   2.425418e+03   1.001487e+00   1.000151e+00   1.558846e-02
  2.116651e-02  -5.823236e-05   2.373393e+03   9.994222e-01   9.999319e-01   1.444339e-02
  1.856197e-02   2.710369e-05   2.691122e+03   9.937741e-01   9.952041e-01   1.590155e-02
  1.968767e-02  -3.908337e-05   2.559362e+03   1.002435e+00   9.999088e-01   1.563352e-02
  1.659781e-02  -1.082697e-05   3.058048e+03   1.009776e+00   1.002908e+00   1.131857e-02
  2.639248e-02  -3.410584e-04   1.918621e+03   1.007394e+00   1.003088e+00   1.761445e-02
  2.217898e-02   6.828458e-08   2.251737e+03   9.935495e-01   9.951789e-01   1.677557e-02
  2.432023e-02  -4.440653e-05   2.037819e+03   9.859693e-01   9.918807e-01   1.916381e-02
  1.556664e-02  -4.686817e-05   3.166566e+03   9.806491e-01   9.879005e-01   1.583040e-02
  1.936849e-02  -1.516526e-05   2.548611e+03   9.820408e-01   9.889969e-01   1.860522e-02
  1.889017e-02   4.071572e-05   2.643511e+03   9.934526e-01   9.962319e-01   1.284669e-02
  1.960422e-02  -2.976323e-05   2.525727e+03   9.850676e-01   9.900868e-01   1.717667e-02
  2.187540e-02   1.683540e-04   2.223853e+03   9.678144e-01   9.794204e-01   1.851178e-02
  3.092362e-02  -6.186117e-05   1.564184e+03   9.622951e-01   9.771676e-01   2.933307e-02
  2.064816e-02  -3.029045e-05   2.389722e+03   9.816551e-01   9.873918e-01   2.051250e-02
  2.019202e-02   8.556719e-05   2.450209e+03   9.842670e-01   9.897842e-01   1.987709e-02
  2.121675e-02  -1.610351e-04   2.331279e+03   9.840186e-01   9.924376e-01   1.259846e-02
  1.932216e-02   7.416458e-05   2.565717e+03   9.862673e-01   9.919063e-01   1.543662e-02
  2.337989e-02   2.255389e-04   2.085671e+03   9.701040e-01   9.814552e-01   2.475488e-02
  1.985767e-02   4.923166e-05   2.521648e+03   9.961917e-01   9.965548e-01   1.794722e-02
  2.474892e-02   1.154063e-04   2.055809e+03   1.012207e+00   1.005969e+00   3.192117e-02
  1.470137e-02   3.215112e-04   3.407836e+03   9.967051e-01   9.940089e-01   3.138697e-02
  1.629790e-02   1.968379e-05   3.072885e+03   9.963414e-01   9.962849e-01   1.740601e-02
  2.126765e-02   8.581860e-05   2.341125e+03   9.905454e-01   9.940542e-01   1.791940e-02
  3.014059e-02   6.888978e-05   1.629955e+03   9.773664e-01   9.877600e-01   2.632270e-02
  2.259858e-02   5.352552e-05   2.187505e+03   9.834684e-01   9.908507e-01   1.823092e-02
  1.801729e-02  -1.043453e-04   2.827161e+03   1.013375e+00   1.005195e+00   2.144648e-02
  2.226791e-02   2.565990e-05   2.206253e+03   9.773830e-01   9.858098e-01   1.672029e-02
  1.453453e-02  -1.357346e-04   3.409176e+03   9.857812e-01   9.863802e-01   2.029745e-02
  1.319571e-02   1.395400e-04   3.905076e+03   1.025162e+00   1.014353e+00   7.268313e-03
  1.923020e-02   8.345918e-05   2.613932e+03   1.000019e+00   9.994754e-01   1.207184e-02
  1.904684e-02  -8.569113e-05   2.632011e+03   9.973342e-01   9.971937e-01   1.742849e-02
  1.862811e-02   1.543863e-04   2.704620e+03   1.002317e+00   9.996436e-01   2.009075e-02
  1.973756e-02  -1.166086e-04   2.541725e+03   9.980495e-01   9.982954e-01   1.774226e-02
  1.571078e-02  -2.377485e-04   3.162289e+03   9.883927e-01   9.923678e-01   9.929745e-03
  1.888411e-02   8.240797e-06   2.650364e+03   9.957086e-01   9.958862e-01   2.188738e-02
  4.959711e-03  -1.583798e-05   1.039041e+04   1.025225e+00   1.012762e+00   1.165062e-02
  3.259732e-02  -2.870367e-04   1.515846e+03   9.830307e-01   9.925342e-01   1.829822e-02
  2.305039e-02  -7.323639e-05   2.144301e+03   9.833186e-01   9.894351e-01   2.074653e-02
  1.625989e-02  -6.358378e-05   3.065007e+03   9.914694e-01   9.943994e-01   1.376677e-02
  1.420893e-02  -7.007861e-05   3.461985e+03   9.786255e-01   9.868214e-01   1.327220e-02
  1.931445e-02  -1.467202e-05   2.548886e+03   9.794064e-01   9.876748e-01   1.586593e-02
  1.955780e-02   1.699789e-04   2.522126e+03   9.813341e-01   9.892606e-01   1.490416e-02
  1.810752e-02  -8.597134e-05   2.776054e+03   1.000039e+00   9.986625e-01   1.271388e-02
  1.647878e-02   1.613124e-04   3.029835e+03   9.932859e-01   9.963423e-01   2.844541e-03
  2.636173e-02  -1.702396e-04   1.912118e+03   1.002810e+00   9.997514e-01   3.000333e-02
  1.939272e-02  -6.342892e-05   2.622394e+03   1.011735e+00   1.005865e+00   1.429698e-02
  2.051504e-02   3.616342e-05   2.459740e+03   1.003903e+00   1.003186e+00   1.271283e-02
  2.084430e-02  -8.286984e-05   2.437394e+03   1.010749e+00   1.007838e+00   1.186330e-02
  2.000312e-02   9.504487e-05   2.515073e+03   1.000872e+00   1.000751e+00   1.585406e-02
  2.202655e-02   1.326669e-04   2.273957e+03   9.964577e-01   9.980490e-01   1.944781e-02
  2.110010e-02  -5.777433e-05   2.366571e+03   9.934230e-01   9.953716e-01   1.553583e-02
  4.369107e-02  -1.529171e-04   1.133212e+03   9.849947e-01   9.942825e-01   3.414351e-02
  1.843812e-02  -5.243323e-05   2.722030e+03   9.984808e-01   9.953296e-01   1.627843e-02
  2.100826e-02   1.293882e-05   2.363189e+03   9.876855e-01   9.917035e-01   1.467538e-02
  2.528552e-02   3.164689e-05   1.976714e+03   9.943651e-01   9.971935e-01   1.742023e-02
  2.378067e-02   4.716140e-05   2.069893e+03   9.792692e-01   9.881355e-01   1.916853e-02
  2.106323e-02  -7.808588e-06   2.367870e+03   9.922315e-01   9.956505e-01   1.404563e-02
  2.005633e-02  -9.480395e-05   2.490467e+03   9.937164e-01   9.955549e-01   1.483244e-02
  2.193336e-02   1.036664e-04   2.288638e+03   9.986476e-01   9.984925e-01   1.401692e-02
  2.097890e-02  -1.767162e-04   2.420657e+03   1.010290e+00   1.000032e+00   2.674873e-02
  9.786380e-03  -6.182398e-05   5.074838e+03   9.880397e-01   9.891683e-01   1.954335e-02
  1.960770e-02  -9.059076e-06   2.520398e+03   9.831639e-01   9.886534e-01   2.048580e-02
  2.061688e-02  -2.370775e-05   2.376101e+03   9.745808e-01   9.837501e-01   2.465171e-02
  1.919627e-02   3.489709e-05   2.594076e+03   9.906719e-01   9.937906e-01   1.936511e-02
  2.044199e-02  -2.189049e-05   2.399485e+03   9.758238e-01   9.856450e-01   2.152942e-02
  2.019263e-02  -5.756420e-05   2.440619e+03   9.804449e-01   9.880419e-01   1.911086e-02
  1.983248e-02   3.431365e-05   2.468889e+03   9.741114e-01   9.829905e-01   2.181584e-02
  8.100004e-03   1.950721e-05   6.171154e+03   9.944473e-01   9.934061e-01   1.316649e-02
  1.619414e-02   2.314673e-04   3.065407e+03   9.875887e-01   9.906143e-01   1.099201e-02
  1.943334e-02   3.832584e-05   2.539099e+03   9.816511e-01   9.877719e-01   1.640590e-02
  1.576891e-02  -1.291182e-05   3.166235e+03   9.932878e-01   9.948345e-01   1.526734e-02
  2.058980e-02  -3.283742e-06   2.384910e+03   9.769093e-01   9.865454e-01   1.541105e-02
  1.960057e-02  -1.224299e-06   2.542586e+03   9.914584e-01   9.948262e-01   1.538692e-02
  1.960254e-02   4.225023e-05   2.539182e+03   9.902304e-01   9.935164e-01   1.601686e-02
  1.800462e-02  -3.826201e-05   2.792972e+03   1.000416e+00   9.989510e-01   1.241350e-02
  1.217480e-02   1.001431e-04   4.167354e+03   1.009375e+00   1.003443e+00   7.005590e-03
  2.504925e-02   1.021408e-04   2.004355e+03   9.988483e-01   9.990641e-01   2.170564e-02
  2.149092e-02  -1.598794e-05   2.352755e+03   1.005917e+00   1.002938e+00   1.449965e-02
  2.007493e-02   1.382766e-05   2.507486e+03   1.001435e+00   1.001345e+00   1.190862e-02
  1.998986e-02   1.084928e-05   2.541961e+03   1.010901e+00   1.006503e+00   1.637161e-02
  2.051254e-02  -8.592585e-06   2.433100e+03   9.929091e-01   9.958512e-01   1.581965e-02
  2.040011e-02   1.388273e-05   2.448919e+03   9.938868e-01   9.961232e-01   1.524469e-02
  2.307976e-02  -2.751582e-05   2.121816e+03   9.742469e-01   9.842853e-01   1.696107e-02
  3.615361e-02   1.355765e-04   1.363604e+03   9.807761e-01   9.912663e-01   9.891401e-03
  1.939504e-02  -2.067130e-04   2.586071e+03   9.978411e-01   9.960465e-01   1.899278e-02
  2.059028e-02   1.078639e-05   2.376125e+03   9.733337e-01   9.827864e-01   2.063063e-02
  2.218667e-02   9.447048e-09   2.222548e+03   9.810101e-01   9.886030e-01   2.130745e-02
  2.021777e-02  -1.738692e-05   2.428169e+03   9.766574e-01   9.861478e-01   1.583432e-02
  2.019135e-02  -1.341016e-05   2.464117e+03   9.898211e-01   9.938571e-01   1.676380e-02
  2.067592e-02  -8.735215e-06   2.405274e+03   9.893718e-01   9.933371e-01   1.754201e-02
  2.055892e-02   4.368424e-05   2.457822e+03   1.005266e+00   1.001875e+00   1.745624e-02
  3.353742e-02   3.961878e-06   1.469789e+03   9.806518e-01   9.895410e-01   4.349675e-02
  2.101009e-02  -1.374626e-04   2.361183e+03   9.869328e-01   9.911132e-01   1.669004e-02
  1.864914e-02  -1.936822e-05   2.694314e+03   9.996253e-01   9.982416e-01   1.554620e-02
  2.058516e-02  -1.893035e-05   2.416688e+03   9.897030e-01   9.934193e-01   1.677056e-02
  1.990093e-02  -2.152828e-05   2.502021e+03   9.905910e-01   9.944461e-01   1.980657e-02
  2.100334e-02   2.533835e-05   2.339994e+03   9.777620e-01   9.866635e-01   1.893271e-02
  1.941832e-02  -1.428196e-05   2.549001e+03   9.847181e-01   9.903912e-01   1.740742e-02
  1.976294e-02  -9.692326e-06   2.468410e+03   9.705075e-01   9.815442e-01   1.573450e-02
  1.645584e-02  -1.782831e-04   3.069218e+03   1.004796e+00   9.962805e-01   1.949896e-02
  2.084372e-02   6.480979e-05   2.338217e+03   9.695949e-01   9.794593e-01   3.185134e-02
  2.072089e-02   1.105053e-05   2.375250e+03   9.791470e-01   9.865214e-01   2.560389e-02
  2.068603e-02   3.467638e-05   2.389240e+03   9.832570e-01   9.896007e-01   2.416792e-02
  2.025348e-02  -1.106636e-05   2.449184e+03   9.868502e-01   9.920997e-01   2.437864e-02
  1.972172e-02   4.045065e-06   2.518046e+03   9.879581e-01   9.928233e-01   2.329099e-02
  2.041583e-02  -1.509006e-06   2.431354e+03   9.875187e-01   9.923590e-01   2.346009e-02
  2.006558e-02  -4.851868e-07   2.471716e+03   9.866892e-01   9.908903e-01   2.344275e-02
  2.193132e-02  -9.012017e-05   2.268798e+03   9.898987e-01   9.922878e-01   2.854154e-02
  1.643621e-02   1.152761e-04   3.147021e+03   1.029038e+00   1.013594e+00   2.257375e-02
  1.937852e-02  -4.151290e-06   2.602938e+03   1.003493e+00   1.000457e+00   2.371963e-02
  1.938960e-02   6.010007e-06   2.586310e+03   9.976530e-01   9.979127e-01   2.428591e-02
  2.067177e-02  -4.993935e-06   2.409674e+03   9.909828e-01   9.946176e-01   2.279360e-02
  1.987907e-02   9.907042e-06   2.505037e+03   9.906958e-01   9.946777e-01   2.193659e-02
  2.064278e-02  -6.256545e-07   2.418058e+03   9.930362e-01   9.956320e-01   2.345126e-02
  1.950593e-02   2.907227e-06   2.575507e+03   9.994464e-01   9.986199e-01   2.049359e-02
  1.879121e-02  -4.327713e-05   2.691751e+03   1.006283e+00   1.001071e+00   2.412000e-02
  2.243110e-02  -8.639835e-05   2.187111e+03   9.760042e-01   9.845550e-01   1.909922e-02
  2.063980e-02  -2.825365e-05   2.387587e+03   9.803807e-01   9.872353e-01   2.220607e-02
  1.994804e-02  -1.701892e-05   2.486845e+03   9.869133e-01   9.919310e-01   2.094630e-02
  2.038444e-02  -7.213140e-06   2.430360e+03   9.855972e-01   9.913718e-01   2.424363e-02
  2.111103e-02   5.584552e-07   2.347577e+03   9.859603e-01   9.919707e-01   2.403485e-02
  2.044509e-02  -7.965692e-06   2.426084e+03   9.867905e-01   9.917390e-01   2.391317e-02
  2.171822e-02   1.105834e-05   2.267909e+03   9.798961e-01   9.874252e-01   2.405396e-02
  1.959039e-02  -2.837675e-05   2.531431e+03   9.865960e-01   9.894041e-01   2.588288e-02
  2.070873e-02  -1.300269e-04   2.438335e+03   1.004562e+00   1.000311e+00   3.062097e-02
  2.027003e-02   3.044356e-05   2.471869e+03   9.968047e-01   9.967565e-01   2.553542e-02
  2.075988e-02  -3.031472e-07   2.402122e+03   9.920876e-01   9.950916e-01   2.516530e-02
  2.032558e-02   1.087704e-05   2.454600e+03   9.925532e-01   9.957129e-01   2.307427e-02
  2.009464e-02  -2.196306e-05   2.477816e+03   9.905569e-01   9.942355e-01   2.398441e-02
  1.977365e-02   4.576618e-08   2.530629e+03   9.955096e-01   9.967833e-01   2.343746e-02
  1.987269e-02  -1.794266e-05   2.520435e+03   9.964658e-01   9.965515e-01   2.619704e-02
  1.727625e-02   2.198543e-05   2.936695e+03   1.009342e+00   1.002628e+00   2.412034e-02
  1.794505e-02  -1.054427e-05   2.768888e+03   9.885083e-01   9.904136e-01   1.849290e-02
  1.975281e-02  -1.621027e-05   2.509999e+03   9.863536e-01   9.904682e-01   2.210507e-02
  1.999087e-02  -1.733515e-05   2.487395e+03   9.892514e-01   9.929688e-01   2.261112e-02
  2.052089e-02   3.432726e-05   2.413018e+03   9.851151e-01   9.910777e-01   2.386881e-02
  1.990562e-02   6.415341e-06   2.494704e+03   9.879272e-01   9.926764e-01   2.235216e-02
  2.100600e-02   7.387882e-06   2.361660e+03   9.869404e-01   9.918564e-01   2.317158e-02
  1.996422e-02   5.990607e-06   2.484644e+03   9.868396e-01   9.911448e-01   2.073962e-02
  1.795580e-02   1.447482e-05   2.765540e+03   9.879044e-01   9.906235e-01   1.868652e-02
  2.007318e-02   1.019308e-04   2.498685e+03   9.978331e-01   9.970661e-01   2.446181e-02
  1.989914e-02  -7.789169e-06   2.513019e+03   9.948560e-01   9.958033e-01   2.369333e-02
  1.991161e-02   3.156319e-06   2.500402e+03   9.904815e-01   9.939548e-01   2.358261e-02
  1.896103e-02   1.055784e-06   2.630491e+03   9.922674e-01   9.951433e-01   2.262548e-02
  2.054394e-02  -2.342506e-06   2.420628e+03   9.893315e-01   9.936163e-01   2.390313e-02
  2.030740e-02  -1.579407e-06   2.460653e+03   9.941112e-01   9.960554e-01   2.498084e-02
  2.063616e-02   1.176892e-06   2.417174e+03   9.923548e-01   9.944392e-01   2.610552e-02
  1.862457e-02   7.678594e-05   2.697825e+03   9.996094e-01   9.971481e-01   2.768477e-02
  2.031003e-02   1.664759e-06   2.457554e+03   9.929877e-01   9.937156e-01   2.293057e-02
  2.076235e-02  -4.293450e-06   2.394496e+03   9.890556e-01   9.923661e-01   2.330476e-02
  2.072202e-02  -2.401213e-05   2.404697e+03   9.913400e-01   9.944609e-01   2.291434e-02
  2.093641e-02  -6.372478e-05   2.371345e+03   9.877043e-01   9.928426e-01   2.176667e-02
  2.017545e-02   3.583642e-07   2.464595e+03   9.892336e-01   9.934715e-01   2.329112e-02
  1.934754e-02  -8.588268e-06   2.573216e+03   9.904491e-01   9.938111e-01   2.164731e-02
  1.979516e-02   6.483454e-06   2.515405e+03   9.905974e-01   9.931638e-01   2.171890e-02
  1.826862e-02  -2.937406e-05   2.735983e+03   9.943728e-01   9.937036e-01   2.050809e-02
  1.962800e-02  -7.764703e-05   2.537524e+03   9.908692e-01   9.917296e-01   2.828389e-02
  1.997482e-02   1.093289e-08   2.500155e+03   9.935274e-01   9.949006e-01   2.432732e-02
  2.026066e-02   2.472149e-05   2.452418e+03   9.885036e-01   9.926409e-01   2.436348e-02
  2.089023e-02   2.099207e-06   2.375045e+03   9.870638e-01   9.923659e-01   2.586330e-02
  2.016394e-02  -1.548662e-05   2.465291e+03   9.889483e-01   9.936291e-01   2.293322e-02
  2.009490e-02  -1.220650e-05   2.482596e+03   9.924802e-01   9.950741e-01   2.319918e-02
  2.018908e-02  -2.135935e-05   2.468541e+03   9.914871e-01   9.938758e-01   2.448471e-02
  2.072943e-02  -1.500853e-04   2.424568e+03   9.998891e-01   9.984222e-01   2.204718e-02
  1.826784e-02   5.482096e-05   2.763350e+03   1.004276e+00   1.000206e+00   1.821134e-02
  1.917959e-02   1.210172e-05   2.601237e+03   9.925432e-01   9.943166e-01   2.136227e-02
  1.975553e-02   2.533251e-05   2.528226e+03   9.936529e-01   9.957991e-01   2.196914e-02
  1.974960e-02   3.907241e-05   2.524656e+03   9.919520e-01   9.949950e-01   2.131982e-02
  2.091125e-02   2.428153e-05   2.378041e+03   9.893030e-01   9.937453e-01   2.367995e-02
  2.005379e-02   1.471113e-05   2.481909e+03   9.901761e-01   9.937265e-01   2.243805e-02
  1.993702e-02   4.569491e-06   2.504026e+03   9.931830e-01   9.945895e-01   2.219105e-02
  2.114968e-02   2.009510e-06   2.350776e+03   9.891112e-01   9.914306e-01   2.485453e-02
  2.214900e-02   3.330603e-05   2.237329e+03   9.858572e-01   9.902070e-01   2.583695e-02
  2.078181e-02   4.147765e-06   2.400091e+03   9.922963e-01   9.943857e-01   2.328397e-02
  2.094621e-02  -2.789957e-05   2.369131e+03   9.872442e-01   9.921098e-01   2.414353e-02
  2.038149e-02   3.945543e-06   2.428966e+03   9.848898e-01   9.912323e-01   2.438102e-02
  2.018322e-02   6.070671e-06   2.460588e+03   9.880058e-01   9.925644e-01   2.393804e-02
  2.030442e-02  -2.189467e-06   2.450389e+03   9.898193e-01   9.937135e-01   2.338393e-02
  2.004934e-02   4.496361e-06   2.479373e+03   9.889446e-01   9.921402e-01   2.384721e-02
  1.912869e-02   8.857815e-05   2.616901e+03   9.958700e-01   9.949463e-01   2.430083e-02
  2.063629e-02  -4.377473e-05   2.435074e+03   9.997098e-01   9.967676e-01   2.837592e-02
  2.060416e-02  -5.211685e-06   2.418332e+03   9.912906e-01   9.934844e-01   2.431603e-02
  1.982326e-02  -1.768264e-05   2.518595e+03   9.932615e-01   9.954020e-01   2.320278e-02
  2.071450e-02  -1.991164e-05   2.410655e+03   9.934358e-01   9.961426e-01   2.251506e-02
  1.956070e-02  -2.078496e-05   2.547006e+03   9.911616e-01   9.946309e-01   2.189222e-02
  2.086899e-02  -1.303770e-05   2.384772e+03   9.900984e-01   9.937269e-01   2.304307e-02
  2.005152e-02  -5.973847e-06   2.490818e+03   9.936178e-01   9.950524e-01   2.168447e-02
  2.078720e-02  -4.513281e-05   2.400064e+03   9.925420e-01   9.941083e-01   2.135438e-02
  1.612843e-02  -3.188673e-06   3.095379e+03   9.931986e-01   9.932806e-01   2.002904e-02
  1.935915e-02  -8.752975e-07   2.579461e+03   9.934485e-01   9.947784e-01   2.244651e-02
  1.961082e-02   2.774164e-05   2.534698e+03   9.888992e-01   9.930592e-01   2.201453e-02
  1.985562e-02   2.874522e-06   2.490141e+03   9.836433e-01   9.900213e-01   2.396709e-02
  2.041756e-02  -1.233247e-05   2.430180e+03   9.871254e-01   9.925401e-01   2.334279e-02
  2.070816e-02   1.485928e-07   2.396127e+03   9.871465e-01   9.918247e-01   2.511924e-02
  2.086577e-02   1.308479e-07   2.371990e+03   9.846402e-01   9.899145e-01   2.472463e-02
  2.174272e-02  -3.768019e-05   2.274079e+03   9.836701e-01   9.879649e-01   3.288806e-02
  2.076330e-02  -1.846398e-05   2.424177e+03   1.001362e+00   9.993552e-01   2.160098e-02
  1.969668e-02   9.465840e-06   2.530800e+03   9.917016e-01   9.940011e-01   2.238332e-02
  2.074663e-02   3.285870e-06   2.402941e+03   9.917925e-01   9.948684e-01   2.374989e-02
  1.964912e-02   7.630244e-06   2.546179e+03   9.953187e-01   9.973237e-01   2.203269e-02
  2.047945e-02   2.799622e-05   2.431148e+03   9.905123e-01   9.943437e-01   2.304056e-02
  1.889266e-02   3.602947e-06   2.642887e+03   9.933493e-01   9.952761e-01   2.256620e-02
  1.985403e-02   8.417295e-06   2.519298e+03   9.950806e-01   9.956217e-01   2.376714e-02
  1.653974e-02   1.019904e-04   3.061365e+03   1.007335e+00   1.000335e+00   2.255380e-02
  2.120004e-02   9.273519e-05   2.341479e+03   9.875454e-01   9.901616e-01   2.789127e-02
  2.057733e-02   4.070000e-06   2.424627e+03   9.925768e-01   9.943858e-01   2.334827e-02
  2.054365e-02   4.551500e-06   2.418224e+03   9.883354e-01   9.925396e-01   2.385769e-02
  2.162219e-02  -4.018308e-07   2.286352e+03   9.834968e-01   9.903432e-01   2.408430e-02
  2.011689e-02   3.689487e-06   2.465332e+03   9.866572e-01   9.918784e-01   2.344332e-02
  1.932856e-02   8.504657e-06   2.570769e+03   9.885364e-01   9.928427e-01   2.024330e-02
  1.984371e-02   1.587541e-06   2.499529e+03   9.867595e-01   9.909144e-01   2.179396e-02
  1.872338e-02  -1.385499e-05   2.663848e+03   9.922562e-01   9.936670e-01   1.732219e-02
  1.818044e-02   4.866607e-05   2.770137e+03   1.001926e+00   9.979454e-01   2.389436e-02
  2.099567e-02  -3.941029e-06   2.372787e+03   9.911024e-01   9.934465e-01   2.445251e-02
  1.922811e-02   2.112660e-05   2.594207e+03   9.923647e-01   9.948432e-01   2.304759e-02
  2.003586e-02  -1.960086e-05   2.491445e+03   9.930918e-01   9.956811e-01   2.440759e-02
  2.025936e-02  -1.855894e-05   2.457217e+03   9.903741e-01   9.945823e-01   2.249078e-02
  2.158580e-02  -1.042456e-05   2.301407e+03   9.883065e-01   9.932074e-01   2.428132e-02
  2.007241e-02  -1.899861e-05   2.484935e+03   9.923040e-01   9.943023e-01   2.397084e-02
  2.141631e-02  -4.127607e-05   2.335987e+03   9.952796e-01   9.955435e-01   2.500766e-02
  2.025421e-02  -1.840034e-04   2.464201e+03   9.929363e-01   9.941272e-01   2.089656e-02
  2.028828e-02  -1.687429e-05   2.460000e+03   9.929113e-01   9.944627e-01   2.337700e-02
  2.047803e-02  -6.052398e-05   2.430146e+03   9.900355e-01   9.940089e-01   2.098693e-02
  1.907724e-02   1.446682e-05   2.598624e+03   9.862552e-01   9.916582e-01   2.162326e-02
  2.123426e-02  -3.709064e-06   2.331470e+03   9.849111e-01   9.911843e-01   2.505806e-02
  2.108511e-02   4.600332e-06   2.356158e+03   9.883491e-01   9.925190e-01   2.436362e-02
  2.038824e-02  -7.749148e-06   2.438490e+03   9.890787e-01   9.924239e-01   2.280876e-02
  2.033048e-02  -1.995117e-05   2.447696e+03   9.899999e-01   9.915445e-01   2.497428e-02
  1.943563e-02   5.829861e-06   2.566009e+03   9.921717e-01   9.931448e-01   2.926987e-02
  1.981335e-02   1.684671e-05   2.514737e+03   9.912444e-01   9.934003e-01   2.383649e-02
  2.143471e-02  -1.857431e-05   2.315185e+03   9.872644e-01   9.921957e-01   2.567006e-02
  2.019647e-02   3.146464e-05   2.470882e+03   9.927906e-01   9.960602e-01   2.376486e-02
  1.995619e-02  -6.344096e-07   2.497830e+03   9.916778e-01   9.946721e-01   2.360494e-02
  1.940487e-02  -2.714259e-06   2.561643e+03   9.889162e-01   9.927817e-01   2.395085e-02
  2.053092e-02   2.554667e-05   2.426898e+03   9.912657e-01   9.936523e-01   2.431007e-02
  1.882684e-02  -1.372451e-05   2.658731e+03   9.958226e-01   9.950251e-01   2.320926e-02
  1.951252e-02   1.895401e-04   2.582847e+03   1.002634e+00   9.992465e-01   2.289086e-02
  1.983335e-02   1.172437e-05   2.520693e+03   9.945944e-01   9.955322e-01   2.267401e-02
  1.980299e-02   5.828308e-05   2.518011e+03   9.920157e-01   9.946167e-01   2.314402e-02
  2.137503e-02  -4.250816e-05   2.323381e+03   9.880006e-01   9.930452e-01   2.332877e-02
  1.961847e-02   2.181443e-05   2.529293e+03   9.871760e-01   9.925020e-01   2.273533e-02
  1.945833e-02  -1.846343e-05   2.563179e+03   9.922354e-01   9.948983e-01   2.165989e-02
  2.024688e-02  -8.116677e-06   2.459596e+03   9.907226e-01   9.931426e-01   2.319892e-02
  1.842201e-02  -3.268598e-05   2.702181e+03   9.903339e-01   9.919614e-01   2.347043e-02
  2.100988e-02  -6.305517e-05   2.374165e+03   9.923495e-01   9.932558e-01   2.566413e-02
  2.059190e-02  -2.242896e-05   2.415160e+03   9.894016e-01   9.926997e-01   2.380323e-02
  2.003816e-02   3.026797e-05   2.479660e+03   9.885077e-01   9.928267e-01   2.337245e-02
  2.065870e-02   2.609295e-07   2.410110e+03   9.905356e-01   9.943089e-01   2.546285e-02
  1.989454e-02  -6.280075e-06   2.509607e+03   9.932756e-01   9.958584e-01   2.284587e-02
  2.110018e-02  -3.551983e-06   2.354447e+03   9.883373e-01   9.930111e-01   2.290983e-02
  1.969302e-02  -5.461744e-06   2.532546e+03   9.922012e-01   9.941993e-01   2.381406e-02
  2.109459e-02   2.854097e-05   2.377592e+03   9.977886e-01   9.965917e-01   2.426207e-02
  1.770584e-02  -8.836212e-05   2.838273e+03   9.997719e-01   9.970113e-01   2.302400e-02
  1.989170e-02   8.105167e-06   2.511622e+03   9.939314e-01   9.951186e-01   2.273768e-02
  1.977301e-02  -4.038533e-05   2.522276e+03   9.921916e-01   9.949710e-01   2.244307e-02
  1.959056e-02   1.427295e-05   2.543988e+03   9.914985e-01   9.947742e-01   2.280800e-02
  2.042143e-02  -1.033439e-05   2.430343e+03   9.873791e-01   9.927183e-01   2.259623e-02
  2.079527e-02   3.343209e-05   2.390752e+03   9.890748e-01   9.931170e-01   2.469772e-02
  1.980172e-02   7.991529e-06   2.519704e+03   9.926189e-01   9.944627e-01   2.218145e-02
  2.106344e-02   2.266175e-05   2.357098e+03   9.877272e-01   9.906722e-01   2.573208e-02
  1.987291e-02  -4.417816e-05   2.516953e+03   9.950997e-01   9.954687e-01   2.054712e-02
  2.004605e-02  -2.442133e-05   2.479312e+03   9.887580e-01   9.923361e-01   2.369646e-02
  2.107454e-02  -1.945843e-05   2.356767e+03   9.881090e-01   9.927038e-01   2.433519e-02
  1.917672e-02   3.613323e-05   2.598904e+03   9.915045e-01   9.950404e-01   2.204694e-02
  2.103422e-02   2.136704e-05   2.369732e+03   9.916440e-01   9.950658e-01   2.441991e-02
  2.100176e-02  -2.241354e-05   2.369899e+03   9.901831e-01   9.938790e-01   2.233133e-02
  2.102507e-02   1.070056e-05   2.369118e+03   9.909561e-01   9.935311e-01   2.459226e-02
  1.969162e-02  -2.623718e-06   2.541094e+03   9.954795e-01   9.948486e-01   2.749158e-02
  2.265004e-02   1.724247e-05   2.198659e+03   9.907339e-01   9.926589e-01   2.873670e-02
  2.041814e-02   1.999084e-05   2.449943e+03   9.951817e-01   9.958617e-01   2.355965e-02
  2.118285e-02   1.429346e-05   2.354562e+03   9.922580e-01   9.949957e-01   2.440262e-02
  2.111637e-02  -7.137096e-05   2.356301e+03   9.898745e-01   9.942677e-01   2.413648e-02
  2.074769e-02  -2.154756e-05   2.392149e+03   9.873885e-01   9.924148e-01   2.403460e-02
  1.942379e-02  -1.012783e-05   2.532445e+03   9.785974e-01   9.866876e-01   2.850156e-02
  2.018191e-02  -1.298998e-05   2.472979e+03   9.929169e-01   9.945684e-01   2.522983e-02
  1.789299e-02  -2.671716e-05   2.782260e+03   9.904003e-01   9.912630e-01   2.535431e-02
  2.066781e-02   1.862026e-04   2.417568e+03   9.940388e-01   9.935596e-01   3.210420e-02
  2.098511e-02   4.944437e-05   2.365755e+03   9.876684e-01   9.915305e-01   2.461990e-02
  1.929456e-02  -7.914803e-07   2.573236e+03   9.877445e-01   9.920643e-01   2.463985e-02
  2.208007e-02  -3.056781e-05   2.258889e+03   9.922598e-01   9.954862e-01   2.486334e-02
  1.920208e-02  -8.237604e-06   2.594208e+03   9.910219e-01   9.944521e-01   2.395833e-02
  1.738825e-02   5.189483e-05   2.916250e+03   1.008813e+00   1.004277e+00   2.168290e-02
  1.970450e-02  -1.538961e-05   2.540649e+03   9.959566e-01   9.961362e-01   2.249211e-02
  1.821573e-02   7.078424e-05   2.767092e+03   1.002767e+00   9.993910e-01   2.036891e-02
  1.645675e-02   1.869896e-06   3.083591e+03   1.009557e+00   1.002031e+00   2.213424e-02
  1.924564e-02  -3.256204e-05   2.600818e+03   9.958009e-01   9.959144e-01   2.477595e-02
  1.901286e-02   2.750125e-05   2.637655e+03   9.976897e-01   9.981159e-01   2.166787e-02
  1.947992e-02   6.378429e-05   2.551709e+03   9.888908e-01   9.930560e-01   2.397385e-02
  1.987450e-02   2.426394e-05   2.504247e+03   9.901560e-01   9.943050e-01   2.180651e-02
  2.233199e-02  -6.901186e-06   2.221035e+03   9.867632e-01   9.925645e-01   2.049323e-02
  1.980862e-02   5.101795e-05   2.512222e+03   9.900164e-01   9.928646e-01   2.271512e-02
  2.034135e-02   1.124389e-04   2.434111e+03   9.850319e-01   9.894762e-01   2.444266e-02
  1.818331e-02  -1.418157e-04   2.778743e+03   1.005198e+00   1.000833e+00   1.699360e-02
  1.882945e-02  -5.640888e-06   2.652785e+03   9.937329e-01   9.950784e-01   1.996266e-02
  2.080111e-02   1.233166e-05   2.383683e+03   9.864277e-01   9.916499e-01   2.318275e-02
  1.922973e-02   2.788158e-05   2.596207e+03   9.932135e-01   9.959657e-01   2.146336e-02
  2.149098e-02  -3.200025e-06   2.311631e+03   9.883366e-01   9.932744e-01   2.455427e-02
  2.195834e-02  -2.231263e-05   2.271637e+03   9.923584e-01   9.949495e-01   2.886968e-02
  1.993131e-02  -1.281804e-05   2.505784e+03   9.935953e-01   9.950667e-01   2.277528e-02
  1.827226e-02  -9.054693e-05   2.727624e+03   9.915327e-01   9.920659e-01   2.701540e-02
  2.128449e-02  -2.367918e-05   2.344925e+03   9.929382e-01   9.940057e-01   2.018395e-02
  2.071675e-02   4.301590e-06   2.401250e+03   9.896673e-01   9.929184e-01   2.316182e-02
  2.047510e-02  -2.426368e-05   2.444413e+03   9.957051e-01   9.969430e-01   2.353942e-02
  2.114227e-02  -3.375044e-05   2.349724e+03   9.883225e-01   9.933195e-01   2.350138e-02
  2.017348e-02   8.205603e-06   2.464810e+03   9.892238e-01   9.933304e-01   2.442322e-02
  1.851971e-02   7.734998e-07   2.694401e+03   9.927197e-01   9.946131e-01   2.134483e-02
  2.132606e-02  -1.516691e-05   2.331955e+03   9.893751e-01   9.926954e-01   2.321451e-02
  1.770633e-02  -8.933756e-05   2.825166e+03   9.951828e-01   9.944537e-01   2.142739e-02
  2.009009e-02   3.907535e-05   2.485469e+03   9.933914e-01   9.941143e-01   2.451699e-02
  2.019659e-02  -5.721996e-06   2.468505e+03   9.918417e-01   9.938855e-01   2.386557e-02
  1.994083e-02  -3.414603e-05   2.485636e+03   9.860772e-01   9.912361e-01   2.272324e-02
  2.069040e-02  -6.373722e-06   2.406664e+03   9.906371e-01   9.944371e-01   2.366917e-02
  1.966976e-02  -1.574117e-05   2.530591e+03   9.902643e-01   9.941361e-01   2.220984e-02
  1.933187e-02   4.973313e-06   2.575407e+03   9.904896e-01   9.940496e-01   2.184238e-02
  2.037121e-02  -7.152059e-06   2.442244e+03   9.897739e-01   9.925618e-01   2.491106e-02
  2.124173e-02  -2.472624e-05   2.348507e+03   9.924576e-01   9.935973e-01   2.307216e-02
  2.222549e-02   3.967101e-05   2.257307e+03   9.980956e-01   9.972367e-01   2.262291e-02
  2.058256e-02   1.014119e-05   2.421891e+03   9.917086e-01   9.941388e-01   2.194025e-02
  2.003831e-02   2.987774e-05   2.500068e+03   9.966508e-01   9.977692e-01   2.210459e-02
  2.007067e-02   5.188593e-06   2.475866e+03   9.885968e-01   9.931276e-01   2.365223e-02
  2.016331e-02   1.304015e-05   2.465064e+03   9.888263e-01   9.933674e-01   2.327329e-02
  2.078146e-02   4.675993e-06   2.395958e+03   9.905704e-01   9.940358e-01   2.283727e-02
  1.942484e-02   3.134641e-05   2.566081e+03   9.916491e-01   9.937217e-01   2.243954e-02
  2.166545e-02   1.705925e-04   2.296503e+03   9.898397e-01   9.918218e-01   2.480412e-02
  1.984410e-02   2.913281e-05   2.489073e+03   9.826506e-01   9.869414e-01   3.223358e-02
  2.036318e-02   2.109148e-06   2.437916e+03   9.876307e-01   9.913265e-01   2.537016e-02
  2.064885e-02   2.677748e-05   2.393888e+03   9.833988e-01   9.898557e-01   2.421214e-02
  2.017444e-02  -3.769185e-06   2.465463e+03   9.895324e-01   9.936353e-01   2.363137e-02
  2.020576e-02  -3.450912e-06   2.461739e+03   9.895720e-01   9.937935e-01   2.332829e-02
  2.063515e-02   1.412333e-06   2.405947e+03   9.876973e-01   9.921413e-01   2.446815e-02
  1.993912e-02  -1.900042e-05   2.495748e+03   9.900039e-01   9.929099e-01   2.398213e-02
  1.907709e-02   1.692175e-06   2.605288e+03   9.887763e-01   9.909484e-01   2.761384e-02
  1.719598e-02  -1.450136e-05   2.948012e+03   1.008524e+00   1.001919e+00   2.032037e-02
  1.973544e-02  -2.330409e-05   2.533064e+03   9.945418e-01   9.954691e-01   2.138191e-02
  1.999175e-02  -2.314445e-05   2.506548e+03   9.969123e-01   9.976545e-01   2.295822e-02
  2.012027e-02   2.500877e-05   2.469571e+03   9.885201e-01   9.931559e-01   2.235335e-02
  2.025412e-02   2.646712e-06   2.455461e+03   9.894104e-01   9.937351e-01   2.295603e-02
  1.978664e-02   3.374316e-06   2.518769e+03   9.914951e-01   9.942689e-01   2.275572e-02
  2.029153e-02  -9.451715e-06   2.463907e+03   9.946476e-01   9.957655e-01   2.304341e-02
  1.960544e-02  -1.877263e-04   2.554452e+03   9.963330e-01   9.954657e-01   2.544808e-02
  1.795783e-02  -2.239981e-05   2.747357e+03   9.815200e-01   9.869407e-01   2.379740e-02
  2.033900e-02   1.485044e-05   2.431313e+03   9.837861e-01   9.893136e-01   2.498359e-02
  2.026330e-02  -5.138947e-06   2.439592e+03   9.834620e-01   9.898211e-01   2.320251e-02
  1.988597e-02  -1.911030e-05   2.494816e+03   9.869962e-01   9.924599e-01   2.288501e-02
  2.035044e-02  -6.732638e-06   2.441314e+03   9.883885e-01   9.931069e-01   2.344159e-02
  1.987588e-02   2.702369e-06   2.497949e+03   9.877341e-01   9.922082e-01   2.325525e-02
  1.984374e-02   1.323471e-05   2.504655e+03   9.887844e-01   9.920884e-01   2.534292e-02
  1.818937e-02   1.250193e-04   2.748801e+03   9.946979e-01   9.943527e-01   2.461027e-02
  2.060007e-02  -7.619909e-05   2.469283e+03   1.011975e+00   1.005184e+00   2.221619e-02
  2.019774e-02  -6.739457e-06   2.482512e+03   9.975263e-01   9.971825e-01   2.229571e-02
  2.054717e-02  -2.136424e-05   2.437387e+03   9.963382e-01   9.974811e-01   2.379306e-02
  2.066564e-02   3.856917e-06   2.403022e+03   9.879537e-01   9.930297e-01   2.367249e-02
  2.054402e-02  -3.140027e-06   2.421504e+03   9.896938e-01   9.939621e-01   2.329170e-02
  1.999845e-02  -2.484921e-06   2.494032e+03   9.922669e-01   9.950159e-01   2.256943e-02
  1.967486e-02  -8.002146e-06   2.556717e+03   1.000748e+00   9.993085e-01   2.154440e-02
  1.988539e-02   1.193357e-04   2.530092e+03   1.000923e+00   9.988762e-01   2.190996e-02
  2.068275e-02   3.957759e-05   2.419779e+03   9.956671e-01   9.948953e-01   3.413779e-02
  2.030844e-02   4.757341e-06   2.463238e+03   9.952063e-01   9.958132e-01   3.009203e-02
  2.033306e-02   2.200288e-06   2.458798e+03   9.946167e-01   9.963496e-01   3.126480e-02
  2.025918e-02   5.913800e-06   2.445868e+03   9.857913e-01   9.913942e-01   3.084948e-02
  2.017888e-02   9.410166e-06   2.468479e+03   9.909616e-01   9.943874e-01   3.154523e-02
  2.022006e-02  -2.123251e-07   2.456521e+03   9.881732e-01   9.927888e-01   3.152871e-02
  2.009819e-02   8.041288e-06   2.481533e+03   9.922181e-01   9.942017e-01   3.214146e-02
  1.842792e-02  -3.186958e-05   2.684445e+03   9.841495e-01   9.882801e-01   3.244733e-02
  1.828027e-02   2.653532e-05   2.761685e+03   1.004355e+00   9.996289e-01   3.360081e-02
  1.973598e-02   3.714786e-06   2.563848e+03   1.006656e+00   1.002513e+00   3.027871e-02
  1.971412e-02   1.155417e-05   2.558373e+03   1.003394e+00   1.001544e+00   2.930887e-02
  2.021637e-02  -9.145199e-06   2.487944e+03   1.000631e+00   1.000527e+00   3.007282e-02
  2.027248e-02  -9.032769e-06   2.466576e+03   9.947900e-01   9.970068e-01   2.985689e-02
  2.028146e-02  -1.198396e-06   2.459639e+03   9.924319e-01   9.951800e-01   3.113676e-02
  2.046610e-02  -1.187786e-05   2.418568e+03   9.847446e-01   9.898051e-01   3.213540e-02
  1.941694e-02  -2.035742e-05   2.575332e+03   9.948189e-01   9.945888e-01   3.129994e-02
  1.898888e-02  -5.961008e-05   2.633126e+03   9.947206e-01   9.945472e-01   2.755190e-02
  2.021932e-02  -1.189988e-05   2.455244e+03   9.876235e-01   9.914780e-01   2.945547e-02
  1.992132e-02  -1.234175e-05   2.501215e+03   9.912869e-01   9.945222e-01   2.929651e-02
  2.039910e-02   6.195861e-06   2.452031e+03   9.951009e-01   9.972100e-01   2.876572e-02
  1.993673e-02  -2.058905e-06   2.517757e+03   9.986146e-01   9.990770e-01   2.921973e-02
  2.021515e-02   5.421340e-06   2.481928e+03   9.981508e-01   9.984577e-01   2.888472e-02
  1.990344e-02  -5.615106e-06   2.527903e+03   1.000965e+00   9.994212e-01   3.059676e-02
  1.930642e-02   3.427921e-05   2.610656e+03   1.002725e+00   9.994948e-01   2.904286e-02
  1.972978e-02   3.496200e-05   2.545621e+03   9.991853e-01   9.977434e-01   3.123391e-02
  2.003656e-02   1.361858e-05   2.494012e+03   9.941496e-01   9.952500e-01   3.270386e-02
  1.998992e-02   6.409159e-06   2.498852e+03   9.937608e-01   9.958352e-01   3.153631e-02
  2.038450e-02  -2.636727e-06   2.444945e+03   9.915152e-01   9.950166e-01   3.198869e-02
  2.035149e-02   9.212986e-06   2.438212e+03   9.871833e-01   9.924703e-01   3.116881e-02
  2.048833e-02   3.369342e-06   2.432589e+03   9.915291e-01   9.944292e-01   3.155191e-02
  2.038490e-02   2.028506e-05   2.441019e+03   9.899426e-01   9.929275e-01   3.057160e-02
  1.933124e-02   2.732641e-05   2.578816e+03   9.917680e-01   9.927792e-01   3.440845e-02
  2.084889e-02   2.029229e-05   2.380011e+03   9.871704e-01   9.899922e-01   3.394881e-02
  1.990775e-02  -3.458427e-07   2.476640e+03   9.808787e-01   9.872401e-01   3.212552e-02
  2.025412e-02   9.125117e-07   2.436472e+03   9.817595e-01   9.886399e-01   3.214809e-02
  2.020044e-02   5.181577e-06   2.436226e+03   9.790580e-01   9.873123e-01   3.336652e-02
  2.028498e-02  -2.308677e-06   2.443400e+03   9.860509e-01   9.916444e-01   3.294672e-02
  2.021630e-02  -6.911632e-06   2.461038e+03   9.898061e-01   9.934698e-01   3.181097e-02
  2.020363e-02  -1.243158e-05   2.484178e+03   9.984866e-01   9.979155e-01   3.177961e-02
  1.888342e-02  -3.485810e-05   2.661064e+03   9.996918e-01   9.974122e-01   3.145439e-02
  1.925517e-02  -2.761599e-05   2.591394e+03   9.926835e-01   9.933286e-01   3.311332e-02
  2.023800e-02   3.411081e-06   2.482210e+03   9.993930e-01   9.983869e-01   3.048421e-02
  2.022005e-02   3.623734e-06   2.481832e+03   9.983547e-01   9.986886e-01   3.025075e-02
  1.963619e-02   1.001025e-05   2.561213e+03   1.000537e+00   1.000301e+00   2.897180e-02
  2.026417e-02  -7.632412e-08   2.475636e+03   9.980350e-01   9.989485e-01   2.844220e-02
  2.013498e-02   1.240390e-05   2.486507e+03   9.960270e-01   9.974633e-01   2.975009e-02
  2.025519e-02   1.304738e-05   2.466078e+03   9.937410e-01   9.950671e-01   2.986570e-02
  1.918340e-02   6.655558e-05   2.603522e+03   9.936123e-01   9.935599e-01   3.260679e-02
  1.896520e-02  -2.775288e-05   2.686643e+03   1.013672e+00   1.005876e+00   2.603619e-02
  2.001276e-02  -1.708072e-06   2.517639e+03   1.002376e+00   1.000352e+00   2.736271e-02
  2.022282e-02  -7.192242e-06   2.481512e+03   9.983621e-01   9.988152e-01   2.825836e-02
  2.031391e-02  -1.971381e-05   2.454241e+03   9.918384e-01   9.953753e-01   2.866346e-02
  2.026771e-02   2.836820e-06   2.446629e+03   9.865130e-01   9.919803e-01   3.205295e-02
  2.000572e-02  -4.404586e-06   2.478089e+03   9.862822e-01   9.914195e-01   3.179914e-02
  1.991301e-02  -9.238646e-06   2.489111e+03   9.860783e-01   9.904207e-01   3.364447e-02
  1.820945e-02   1.534087e-05   2.758429e+03   9.992838e-01   9.971754e-01   2.939748e-02
  1.984493e-02   7.275819e-05   2.487684e+03   9.821435e-01   9.871708e-01   3.343587e-02
  2.043780e-02   1.461296e-05   2.409099e+03   9.795326e-01   9.867674e-01   3.461186e-02
  2.064382e-02   9.722080e-06   2.374994e+03   9.753999e-01   9.850265e-01   3.543292e-02
  2.082493e-02   1.355468e-05   2.353252e+03   9.749497e-01   9.850536e-01   3.613216e-02
  2.036453e-02  -2.614260e-06   2.412203e+03   9.772784e-01   9.863664e-01   3.402461e-02
  2.018649e-02  -1.176722e-06   2.443867e+03   9.814508e-01   9.884392e-01   3.344533e-02
  1.997690e-02   4.817571e-06   2.484390e+03   9.873658e-01   9.911691e-01   3.144460e-02
  2.014435e-02  -5.212521e-05   2.461111e+03   9.863129e-01   9.902250e-01   3.317670e-02
  2.020888e-02  -2.067439e-05   2.438541e+03   9.803982e-01   9.856909e-01   3.710536e-02
  1.998117e-02  -1.977102e-06   2.478963e+03   9.854195e-01   9.899451e-01   3.314837e-02
  1.967513e-02  -5.071569e-06   2.524424e+03   9.881207e-01   9.922322e-01   3.209142e-02
  2.006300e-02  -6.949060e-06   2.485806e+03   9.921863e-01   9.952643e-01   3.105706e-02
  2.024940e-02  -2.756356e-06   2.461046e+03   9.914303e-01   9.948260e-01   3.112838e-02
  2.022518e-02  -3.576060e-06   2.474506e+03   9.956602e-01   9.971672e-01   3.042461e-02
  2.032776e-02  -4.179971e-06   2.469383e+03   9.986380e-01   9.979041e-01   3.037503e-02
  2.092221e-02  -2.016900e-05   2.401816e+03   9.997179e-01   9.973626e-01   3.400221e-02
  1.865785e-02  -3.155654e-05   2.708412e+03   1.005325e+00   1.000545e+00   2.886352e-02
  1.996647e-02  -5.942875e-06   2.531532e+03   1.005576e+00   1.002251e+00   2.754338e-02
  1.993566e-02   1.962619e-06   2.530732e+03   1.003707e+00   1.001939e+00   2.721279e-02
  1.996857e-02   4.717512e-06   2.525362e+03   1.003230e+00   1.001903e+00   2.737919e-02
  1.991974e-02   8.696652e-06   2.531744e+03   1.003306e+00   1.001966e+00   2.705963e-02
  2.008616e-02  -3.632039e-06   2.497572e+03   9.980334e-01   9.983843e-01   2.895750e-02
  2.011141e-02   4.580207e-06   2.484013e+03   9.938632e-01   9.949922e-01   3.044740e-02
  1.928045e-02   5.085368e-06   2.578114e+03   9.888932e-01   9.906644e-01   3.302939e-02
  1.973485e-02   4.859221e-05   2.553542e+03   1.002552e+00   9.992302e-01   2.835028e-02
  1.999706e-02   6.721703e-06   2.503510e+03   9.959685e-01   9.964608e-01   2.978061e-02
  2.042274e-02   7.518484e-06   2.453295e+03   9.967679e-01   9.978479e-01   2.957850e-02
  2.023131e-02  -7.106629e-06   2.468558e+03   9.935677e-01   9.960694e-01   2.972689e-02
  2.026574e-02  -5.776026e-07   2.457223e+03   9.906885e-01   9.944203e-01   3.012314e-02
  2.029461e-02  -6.062608e-06   2.462843e+03   9.943688e-01   9.962937e-01   2.976939e-02
  2.015606e-02  -7.043830e-06   2.477018e+03   9.932646e-01   9.947765e-01   3.080786e-02
  1.903531e-02  -3.920737e-05   2.650314e+03   1.003662e+00   9.998442e-01   2.949820e-02
  1.948943e-02   2.785705e-05   2.568287e+03   9.958016e-01   9.952598e-01   3.200149e-02
  2.028870e-02   7.210018e-06   2.447050e+03   9.877051e-01   9.914532e-01   3.197855e-02
  2.043081e-02  -1.757511e-06   2.425842e+03   9.860032e-01   9.912304e-01   3.236911e-02
  2.049145e-02   1.261934e-05   2.404649e+03   9.802897e-01   9.883257e-01   3.343632e-02
  2.054607e-02  -3.314126e-06   2.404205e+03   9.827214e-01   9.896013e-01   3.254680e-02
  2.047590e-02   1.275986e-05   2.418012e+03   9.849894e-01   9.908442e-01   3.257365e-02
  2.028584e-02   3.724611e-06   2.463027e+03   9.940135e-01   9.953365e-01   3.060054e-02
  2.017266e-02   3.932632e-05   2.476410e+03   9.938388e-01   9.939903e-01   3.168654e-02
  1.999521e-02  -4.597468e-05   2.507742e+03   9.975601e-01   9.960620e-01   3.111018e-02
  1.993092e-02  -6.678200e-06   2.509294e+03   9.949677e-01   9.959304e-01   3.066441e-02
  1.983639e-02  -6.373841e-06   2.508321e+03   9.898648e-01   9.933691e-01   3.166295e-02
  2.009035e-02  -4.459071e-06   2.461717e+03   9.839108e-01   9.903868e-01   3.274855e-02
  2.030736e-02  -2.940695e-06   2.415403e+03   9.758280e-01   9.853868e-01   3.477690e-02
  2.037542e-02   1.218352e-05   2.407645e+03   9.759537e-01   9.851967e-01   3.499890e-02
  2.023614e-02   7.835925e-06   2.436158e+03   9.807613e-01   9.873930e-01   3.427767e-02
  1.922873e-02   4.701032e-05   2.595796e+03   9.930046e-01   9.929661e-01   3.464469e-02
  1.976947e-02  -3.521078e-06   2.486121e+03   9.777939e-01   9.842208e-01   3.732384e-02
  2.021736e-02  -2.841146e-06   2.449925e+03   9.853884e-01   9.903476e-01   3.222875e-02
  2.045732e-02   8.642384e-06   2.422408e+03   9.858848e-01   9.912579e-01   3.184782e-02
  2.014994e-02  -9.208229e-06   2.474765e+03   9.920598e-01   9.950871e-01   3.008009e-02
  1.984931e-02   1.676279e-06   2.518760e+03   9.946314e-01   9.965861e-01   2.946134e-02
  2.000135e-02  -1.243370e-05   2.489824e+03   9.907364e-01   9.939194e-01   3.099552e-02
  1.982940e-02  -5.691005e-06   2.507987e+03   9.893843e-01   9.924883e-01   3.129479e-02
  1.857928e-02  -3.198363e-05   2.671514e+03   9.874534e-01   9.901279e-01   3.002016e-02
  1.803362e-02   2.126049e-05   2.775868e+03   9.958912e-01   9.944160e-01   3.178941e-02
  1.976911e-02  -5.208710e-06   2.516936e+03   9.898956e-01   9.925603e-01   3.210511e-02
  1.953336e-02   5.591102e-06   2.563024e+03   9.960009e-01   9.970063e-01   3.035693e-02
  2.011047e-02   1.712921e-05   2.496728e+03   9.989037e-01   9.996127e-01   2.864348e-02
  2.025089e-02  -9.634840e-06   2.476105e+03   9.975696e-01   9.985592e-01   2.801523e-02
  2.005983e-02  -1.288227e-05   2.523857e+03   1.007215e+00   1.004130e+00   2.629916e-02
  2.000380e-02   2.104820e-06   2.520483e+03   1.003059e+00   1.000694e+00   2.746490e-02
  1.964160e-02  -2.979646e-05   2.564466e+03   1.002083e+00   9.989058e-01   2.930297e-02
  1.941111e-02  -2.178289e-05   2.613135e+03   1.009119e+00   1.003626e+00   2.425013e-02
  2.014584e-02   2.977253e-06   2.496734e+03   1.000663e+00   9.993642e-01   2.743329e-02
  2.004089e-02  -1.982191e-05   2.493611e+03   9.942046e-01   9.962659e-01   2.796692e-02
  2.068278e-02   2.499045e-07   2.393553e+03   9.848776e-01   9.909043e-01   3.147371e-02
  2.033457e-02   6.312550e-06   2.447879e+03   9.902730e-01   9.941730e-01   3.081667e-02
  2.041490e-02   5.890593e-06   2.436642e+03   9.896216e-01   9.933209e-01   3.041978e-02
  2.046871e-02  -3.343207e-06   2.441016e+03   9.940113e-01   9.951543e-01   2.997789e-02
  1.969241e-02   7.140807e-06   2.548618e+03   9.984670e-01   9.969514e-01   2.824125e-02
  2.146412e-02   3.916659e-05   2.336869e+03   9.978783e-01   9.966370e-01   3.279534e-02
  2.042594e-02   3.093011e-06   2.445308e+03   9.936785e-01   9.949517e-01   3.111758e-02
  2.100502e-02   5.401795e-06   2.364383e+03   9.880323e-01   9.927643e-01   3.299969e-02
  1.975274e-02  -6.237469e-06   2.505888e+03   9.847347e-01   9.906790e-01   3.239437e-02
  2.044248e-02   8.067536e-06   2.403395e+03   9.774376e-01   9.866218e-01   3.294824e-02
  2.000873e-02   1.403765e-05   2.448769e+03   9.747597e-01   9.842738e-01   3.417272e-02
  2.011709e-02   5.144136e-07   2.432358e+03   9.734704e-01   9.828191e-01   3.504884e-02
  2.002727e-02   8.410769e-06   2.457432e+03   9.791144e-01   9.852013e-01   3.459195e-02
  1.909558e-02  -5.373732e-06   2.603462e+03   9.890410e-01   9.905769e-01   3.471858e-02
  1.974401e-02  -3.597084e-06   2.501771e+03   9.826820e-01   9.884269e-01   3.283298e-02
  2.027859e-02   4.592463e-06   2.441373e+03   9.849222e-01   9.903378e-01   3.277107e-02
  2.005095e-02  -1.232677e-05   2.464616e+03   9.831375e-01   9.902034e-01   3.059023e-02
  2.010685e-02   2.747931e-06   2.459805e+03   9.839542e-01   9.905027e-01   3.280343e-02
  2.017419e-02  -6.879695e-06   2.441701e+03   9.799834e-01   9.878540e-01   3.279245e-02
  1.980080e-02   1.819534e-06   2.512780e+03   9.898452e-01   9.927311e-01   3.091130e-02
  1.980662e-02   1.783415e-05   2.509508e+03   9.888472e-01   9.910429e-01   3.142206e-02
  1.806050e-02  -1.902747e-05   2.734653e+03   9.825667e-01   9.871676e-01   3.133306e-02
  1.991599e-02  -1.128472e-06   2.493804e+03   9.880852e-01   9.916430e-01   3.151123e-02
  1.948227e-02   2.208244e-07   2.546970e+03   9.871737e-01   9.918915e-01   3.142021e-02
  2.034306e-02   1.156427e-05   2.442539e+03   9.885260e-01   9.931171e-01   3.202564e-02
  1.996230e-02  -4.439484e-06   2.488371e+03   9.882249e-01   9.929287e-01   3.021786e-02
  2.038047e-02  -1.547375e-05   2.446306e+03   9.918707e-01   9.945698e-01   3.047112e-02
  2.020012e-02   4.286440e-06   2.462966e+03   9.897887e-01   9.927626e-01   3.073780e-02
  2.041758e-02  -1.147225e-05   2.422618e+03   9.840549e-01   9.881499e-01   3.420140e-02
  2.028918e-02   2.329880e-05   2.488381e+03   1.004411e+00   1.000854e+00   2.886204e-02
  1.996628e-02  -4.953488e-07   2.531958e+03   1.005735e+00   1.002362e+00   2.708112e-02
  1.968038e-02  -1.446347e-06   2.572195e+03   1.007088e+00   1.003941e+00   2.581311e-02
  2.032886e-02   4.603812e-06   2.493250e+03   1.008345e+00   1.005234e+00   2.556959e-02
  2.022710e-02  -7.770163e-06   2.501164e+03   1.006482e+00   1.003921e+00   2.637094e-02
  2.009992e-02   4.261310e-06   2.504717e+03   1.001574e+00   1.000786e+00   2.753642e-02
  1.992405e-02  -4.836001e-06   2.522294e+03   9.997777e-01   9.986116e-01   2.887990e-02
  1.948597e-02  -2.646757e-05   2.576317e+03   9.987378e-01   9.967656e-01   2.976358e-02
  1.966071e-02  -5.312244e-05   2.597907e+03   1.016138e+00   1.007302e+00   2.684850e-02
  2.034864e-02  -4.137034e-07   2.463047e+03   9.970988e-01   9.971201e-01   2.923309e-02
  2.085484e-02  -5.024144e-06   2.398068e+03   9.949436e-01   9.968105e-01   2.938386e-02
  2.005946e-02   2.823087e-06   2.467559e+03   9.847294e-01   9.907681e-01   3.174180e-02
  2.043863e-02  -4.738973e-06   2.428374e+03   9.874096e-01   9.924553e-01   3.072564e-02
  1.997109e-02  -3.193877e-06   2.504099e+03   9.949092e-01   9.965215e-01   2.898325e-02
  2.017331e-02  -5.452176e-06   2.478214e+03   9.945946e-01   9.956271e-01   2.899483e-02
  1.972441e-02   1.475946e-05   2.525123e+03   9.908704e-01   9.924206e-01   3.048295e-02
  2.133763e-02  -1.863115e-05   2.311486e+03   9.812225e-01   9.866941e-01   3.494927e-02
  2.048330e-02  -4.555602e-06   2.407448e+03   9.810403e-01   9.874766e-01   3.332551e-02
  2.015957e-02   2.998455e-06   2.440136e+03   9.786460e-01   9.867636e-01   3.392555e-02
  1.985764e-02  -1.426236e-05   2.465937e+03   9.741813e-01   9.845756e-01   3.297157e-02
  1.994495e-02   5.525682e-06   2.459930e+03   9.760812e-01   9.857194e-01   3.379792e-02
  2.059635e-02   3.870337e-05   2.383287e+03   9.765552e-01   9.858002e-01   3.422940e-02
  1.971370e-02   9.035558e-06   2.524218e+03   9.899770e-01   9.928159e-01   3.193605e-02
  1.987087e-02   3.175464e-05   2.546469e+03   1.006666e+00   1.001542e+00   3.145865e-02
  1.916427e-02   7.607315e-05   2.573800e+03   9.812894e-01   9.861923e-01   4.044934e-02
  1.996040e-02   3.721917e-06   2.487340e+03   9.877216e-01   9.915281e-01   3.317308e-02
  2.059082e-02   2.044521e-05   2.403967e+03   9.847640e-01   9.904710e-01   3.253867e-02
  2.117687e-02  -5.781920e-06   2.346656e+03   9.886471e-01   9.934591e-01   3.202413e-02
  2.069047e-02   1.312463e-05   2.398037e+03   9.870893e-01   9.924638e-01   3.094681e-02
  2.026193e-02  -8.590892e-06   2.452686e+03   9.886736e-01   9.926617e-01   3.350371e-02
  2.071025e-02  -2.187866e-06   2.368646e+03   9.759230e-01   9.844872e-01   3.304951e-02
  2.030325e-02  -3.222686e-05   2.422676e+03   9.785682e-01   9.847687e-01   3.510758e-02
  1.768423e-02   3.812710e-05   2.870267e+03   1.009807e+00   1.003138e+00   2.486442e-02
  1.950581e-02   1.471405e-05   2.567949e+03   9.965071e-01   9.967195e-01   2.842268e-02
  1.988172e-02  -7.339078e-06   2.519172e+03   9.964185e-01   9.973616e-01   2.993174e-02
  2.030552e-02   1.579372e-05   2.479854e+03   1.001775e+00   1.001041e+00   2.884856e-02
  2.004314e-02  -1.473756e-05   2.505129e+03   9.989089e-01   9.992470e-01   2.933846e-02
  1.962071e-02  -4.862721e-05   2.546719e+03   9.940902e-01   9.960785e-01   2.767118e-02
  1.974812e-02   5.838134e-07   2.537690e+03   9.969983e-01   9.967478e-01   3.174265e-02
  1.843182e-02  -2.594917e-05   2.736812e+03   1.003560e+00   9.993664e-01   3.043039e-02
  1.999612e-02  -2.171628e-05   2.488836e+03   9.900844e-01   9.926827e-01   3.138236e-02
  2.044334e-02  -9.462130e-06   2.417992e+03   9.834148e-01   9.890465e-01   3.320518e-02
  2.003919e-02  -8.000027e-06   2.464146e+03   9.823741e-01   9.892493e-01   3.209787e-02
  1.997618e-02  -4.479368e-06   2.448378e+03   9.730183e-01   9.840324e-01   3.435884e-02
  2.031423e-02  -4.573703e-06   2.418592e+03   9.774467e-01   9.865968e-01   3.261452e-02
  2.022327e-02   2.043584e-05   2.442511e+03   9.826932e-01   9.895723e-01   3.214134e-02
  1.969925e-02  -7.876227e-06   2.534509e+03   9.932842e-01   9.949245e-01   2.845133e-02
  1.876879e-02   3.934332e-05   2.652056e+03   9.902598e-01   9.921857e-01   2.703652e-02
  2.002082e-02  -4.734478e-05   2.503311e+03   9.970727e-01   9.961788e-01   3.277810e-02
  1.985318e-02  -1.471837e-05   2.552655e+03   1.008213e+00   1.003827e+00   2.777895e-02
  1.982078e-02  -3.168237e-06   2.545197e+03   1.003627e+00   1.001810e+00   2.849992e-02
  1.975113e-02  -1.177123e-05   2.558716e+03   1.005412e+00   1.003402e+00   2.778153e-02
  1.998515e-02   1.021655e-05   2.508687e+03   9.974334e-01   9.985858e-01   3.028811e-02
  2.007415e-02   1.249648e-05   2.496576e+03   9.970390e-01   9.980157e-01   2.973621e-02
  2.001056e-02  -1.468795e-05   2.499561e+03   9.950691e-01   9.959334e-01   3.066379e-02
  2.028260e-02   3.152777e-06   2.456892e+03   9.913792e-01   9.930405e-01   3.404521e-02
  2.010752e-02  -7.461289e-06   2.538109e+03   1.015310e+00   1.007274e+00   2.668425e-02
  2.058652e-02   3.034040e-06   2.452091e+03   1.004268e+00   1.001760e+00   2.656778e-02
  2.074879e-02   2.216348e-06   2.444238e+03   1.008942e+00   1.005323e+00   2.563095e-02
  2.081491e-02   5.708745e-07   2.413987e+03   9.996308e-01   1.000160e+00   2.721938e-02
  2.040995e-02  -3.725719e-07   2.474974e+03   1.004946e+00   1.003193e+00   2.584355e-02
  2.037514e-02  -4.389880e-06   2.471938e+03   1.002001e+00   1.001250e+00   2.708852e-02
  2.032409e-02   1.354942e-05   2.481643e+03   1.003415e+00   1.000985e+00   2.656049e-02
  2.090586e-02  -1.338984e-05   2.420681e+03   1.006783e+00   1.001937e+00   2.880993e-02
  1.925276e-02  -5.743739e-05   2.582911e+03   9.893106e-01   9.910406e-01   3.520795e-02
  2.031809e-02  -1.544399e-05   2.426054e+03   9.806484e-01   9.872097e-01   3.540522e-02
  2.083721e-02  -9.795946e-06   2.352386e+03   9.751653e-01   9.848287e-01   3.706447e-02
  2.015600e-02   3.555203e-06   2.444500e+03   9.802221e-01   9.882310e-01   3.531277e-02
  2.052122e-02  -2.583186e-06   2.391421e+03   9.763134e-01   9.858071e-01   3.572059e-02
  2.038745e-02  -1.044665e-05   2.421128e+03   9.819982e-01   9.891896e-01   3.359254e-02
  2.041638e-02   1.255509e-06   2.419209e+03   9.826125e-01   9.886189e-01   3.365989e-02
  2.036982e-02  -2.878049e-05   2.470316e+03   1.001083e+00   9.982325e-01   3.193121e-02
  1.915548e-02   4.006289e-05   2.548067e+03   9.710330e-01   9.803863e-01   3.758451e-02
  2.008137e-02   1.238354e-05   2.446361e+03   9.773365e-01   9.854244e-01   3.407433e-02
  1.986621e-02   6.218598e-07   2.478111e+03   9.794133e-01   9.869830e-01   3.428434e-02
  2.052071e-02   3.467861e-06   2.388150e+03   9.749538e-01   9.851410e-01   3.336239e-02
  2.000805e-02   1.566203e-06   2.470446e+03   9.833548e-01   9.900709e-01   3.235519e-02
  1.999306e-02   9.405299e-06   2.470148e+03   9.824995e-01   9.892786e-01   3.253286e-02
  1.956256e-02   4.487387e-06   2.535938e+03   9.869483e-01   9.907366e-01   3.117110e-02
  1.795193e-02   2.923742e-05   2.758456e+03   9.851615e-01   9.885924e-01   3.315529e-02
  1.881833e-02   8.790321e-06   2.693469e+03   1.008378e+00   1.002616e+00   2.969948e-02
  2.011308e-02  -7.562385e-06   2.535642e+03   1.014604e+00   1.007851e+00   2.685643e-02
  2.009555e-02  -3.207601e-06   2.536538e+03   1.014078e+00   1.008043e+00   2.592737e-02
  1.992091e-02  -2.180823e-06   2.569311e+03   1.018254e+00   1.010740e+00   2.665958e-02
  2.033997e-02  -1.807008e-06   2.486157e+03   1.006026e+00   1.003664e+00   2.765499e-02
  2.014361e-02   1.113242e-07   2.505347e+03   1.004003e+00   1.002104e+00   2.787221e-02
  2.055376e-02  -7.796970e-06   2.426985e+03   9.924042e-01   9.945259e-01   2.970392e-02
  2.105919e-02   2.147527e-05   2.373230e+03   9.942867e-01   9.949421e-01   2.913877e-02
  1.958184e-02  -2.729424e-05   2.577344e+03   1.004052e+00   1.000126e+00   2.940751e-02
  2.058209e-02   5.233522e-06   2.404921e+03   9.847374e-01   9.895511e-01   3.206523e-02
  2.041092e-02  -7.928922e-07   2.437449e+03   9.897561e-01   9.933126e-01   3.130967e-02
  2.049587e-02   1.848963e-06   2.420344e+03   9.869010e-01   9.919482e-01   2.941013e-02
  2.030634e-02  -3.790078e-07   2.459495e+03   9.935913e-01   9.960560e-01   2.977315e-02
  2.045205e-02   4.348313e-06   2.441832e+03   9.935341e-01   9.958341e-01   2.984269e-02
  2.022504e-02   1.390184e-05   2.490476e+03   1.002079e+00   9.999893e-01   2.934825e-02
  2.078713e-02   2.263717e-05   2.426027e+03   1.003276e+00   9.998064e-01   3.456754e-02
  1.951834e-02  -2.045999e-05   2.530561e+03   9.826294e-01   9.874271e-01   3.589527e-02
  1.987808e-02  -4.582255e-06   2.491465e+03   9.852790e-01   9.898859e-01   3.483576e-02
  2.033293e-02  -2.891240e-06   2.418381e+03   9.782610e-01   9.865031e-01   3.537616e-02
  2.018660e-02  -3.122670e-06   2.439490e+03   9.796983e-01   9.875316e-01   3.634265e-02
  2.044534e-02  -2.548652e-06   2.401035e+03   9.766140e-01   9.861769e-01   3.491904e-02
  2.011381e-02  -4.267655e-06   2.464953e+03   9.863550e-01   9.915920e-01   3.286039e-02
  2.026641e-02  -1.071966e-05   2.444687e+03   9.856671e-01   9.903789e-01   3.097737e-02
  1.858688e-02  -3.168694e-05   2.703801e+03   9.997959e-01   9.969311e-01   3.136936e-02
  2.014488e-02   7.056052e-06   2.455536e+03   9.841046e-01   9.882026e-01   4.220304e-02
  2.026276e-02   6.182147e-06   2.446859e+03   9.863650e-01   9.906648e-01   4.065513e-02
  2.028869e-02   1.025068e-05   2.445774e+03   9.871897e-01   9.918738e-01   3.990444e-02
  2.018646e-02  -5.518004e-06   2.462073e+03   9.887608e-01   9.931374e-01   4.009025e-02
  2.014061e-02  -9.273870e-08   2.471446e+03   9.902709e-01   9.940312e-01   3.964132e-02
  2.011803e-02  -6.154276e-06   2.478094e+03   9.918212e-01   9.947146e-01   3.949479e-02
  2.011183e-02  -3.520530e-06   2.477666e+03   9.913442e-01   9.937698e-01   3.964192e-02
  2.005665e-02  -3.194637e-05   2.492878e+03   9.946942e-01   9.949443e-01   4.159626e-02
  1.860803e-02   2.439113e-05   2.717824e+03   1.006125e+00   1.001041e+00   4.024660e-02
  1.991965e-02   4.837412e-06   2.511372e+03   9.952285e-01   9.958288e-01   3.990423e-02
  2.004353e-02   4.133879e-06   2.492372e+03   9.938419e-01   9.958810e-01   4.039894e-02
  2.022763e-02   3.771619e-06   2.461414e+03   9.905122e-01   9.940817e-01   3.954712e-02
  2.017336e-02   2.488184e-06   2.469155e+03   9.909618e-01   9.946962e-01   3.958380e-02
  2.026778e-02  -1.387561e-06   2.462410e+03   9.928798e-01   9.954184e-01   3.974535e-02
  2.002840e-02  -4.064833e-06   2.497511e+03   9.951392e-01   9.958799e-01   3.891815e-02
  1.956022e-02  -5.610383e-06   2.571816e+03   1.000792e+00   9.981017e-01   4.135106e-02
  1.989160e-02  -2.304054e-05   2.494186e+03   9.870262e-01   9.900703e-01   3.776575e-02
  2.019677e-02  -1.121250e-05   2.457392e+03   9.873847e-01   9.913036e-01   3.931585e-02
  2.009657e-02  -4.514622e-06   2.471456e+03   9.881095e-01   9.925133e-01   3.868727e-02
  2.031860e-02  -3.185720e-06   2.444085e+03   9.879620e-01   9.927493e-01   4.009795e-02
  2.034102e-02   2.195626e-06   2.443563e+03   9.888412e-01   9.932064e-01   3.975298e-02
  2.031481e-02  -3.860094e-06   2.450094e+03   9.902063e-01   9.937452e-01   3.998744e-02
  2.047947e-02   5.774036e-07   2.427475e+03   9.890167e-01   9.923716e-01   3.986654e-02
  2.008543e-02  -2.194945e-05   2.484770e+03   9.928814e-01   9.934765e-01   4.185922e-02
  1.977789e-02  -2.625819e-05   2.540179e+03   9.994807e-01   9.972386e-01   4.321484e-02
  2.008993e-02   3.686057e-06   2.485621e+03   9.934441e-01   9.950259e-01   4.058674e-02
  2.020652e-02  -2.410682e-06   2.467861e+03   9.920704e-01   9.948657e-01   4.061935e-02
  2.015281e-02   2.507951e-06   2.473035e+03   9.915075e-01   9.950452e-01   3.965797e-02
  2.025600e-02  -5.712852e-06   2.459829e+03   9.912624e-01   9.947604e-01   4.014265e-02
  2.015256e-02   1.249447e-06   2.478421e+03   9.936545e-01   9.957997e-01   4.006400e-02
  2.011455e-02  -2.781992e-06   2.484143e+03   9.940702e-01   9.952083e-01   4.077232e-02
  1.864629e-02   3.300459e-06   2.698135e+03   1.000890e+00   9.980358e-01   4.144818e-02
  1.927532e-02  -1.899109e-05   2.586393e+03   9.918049e-01   9.926934e-01   3.737685e-02
  2.005607e-02  -8.048715e-06   2.481736e+03   9.902197e-01   9.928718e-01   3.904522e-02
  2.011114e-02  -8.542646e-06   2.474050e+03   9.898636e-01   9.934216e-01   3.892828e-02
  2.038274e-02   1.739562e-07   2.437643e+03   9.884687e-01   9.932561e-01   3.968347e-02
  2.016833e-02   1.103499e-06   2.465800e+03   9.893685e-01   9.934460e-01   3.931372e-02
  2.028528e-02  -1.917772e-06   2.453302e+03   9.900616e-01   9.936869e-01   3.961119e-02
  2.020299e-02   2.511776e-06   2.462891e+03   9.898990e-01   9.927769e-01   3.899981e-02
  1.969314e-02  -2.660789e-06   2.534042e+03   9.927937e-01   9.933549e-01   3.951474e-02
  1.944746e-02   1.294133e-05   2.578011e+03   9.974191e-01   9.962620e-01   4.137572e-02
  1.996649e-02   3.133526e-06   2.500122e+03   9.931002e-01   9.948508e-01   3.986600e-02
  2.005330e-02   6.260431e-06   2.485310e+03   9.915090e-01   9.944917e-01   3.989034e-02
  2.000500e-02   6.446165e-06   2.491275e+03   9.914949e-01   9.947482e-01   3.978431e-02
  2.026969e-02   1.491123e-06   2.457913e+03   9.911600e-01   9.947375e-01   4.005636e-02
  2.025146e-02   3.646974e-06   2.464740e+03   9.930190e-01   9.954199e-01   4.045463e-02
  2.022671e-02   6.360630e-07   2.467475e+03   9.929061e-01   9.945618e-01   4.103035e-02
  1.920840e-02   2.256389e-05   2.610264e+03   9.974835e-01   9.961251e-01   4.307450e-02
  2.009110e-02   1.876731e-05   2.490570e+03   9.954800e-01   9.949408e-01   3.935824e-02
  2.018257e-02   4.000176e-06   2.471031e+03   9.921673e-01   9.941095e-01   3.927731e-02
  2.022321e-02   8.766829e-07   2.463741e+03   9.912318e-01   9.942598e-01   3.912688e-02
  2.026746e-02  -8.239711e-06   2.454371e+03   9.896228e-01   9.936824e-01   3.881555e-02
  2.018863e-02   1.871951e-06   2.466107e+03   9.904873e-01   9.941740e-01   3.937040e-02
  1.997510e-02  -4.550737e-06   2.495005e+03   9.914949e-01   9.944765e-01   3.895381e-02
  1.997671e-02  -9.375979e-07   2.495021e+03   9.915814e-01   9.937295e-01   3.886993e-02
  1.881602e-02  -5.569697e-06   2.658151e+03   9.950331e-01   9.944358e-01   3.852987e-02
  1.969616e-02  -1.762446e-05   2.536922e+03   9.940745e-01   9.941365e-01   4.267618e-02
  2.005126e-02  -7.648657e-06   2.488161e+03   9.925449e-01   9.944326e-01   3.993908e-02
  2.017494e-02  -5.963088e-06   2.466923e+03   9.901432e-01   9.936277e-01   3.992995e-02
  2.027811e-02  -8.276556e-06   2.452722e+03   9.894775e-01   9.937824e-01   4.054055e-02
  2.023069e-02  -1.274881e-05   2.461698e+03   9.907764e-01   9.945870e-01   3.981132e-02
  2.015171e-02  -9.516518e-06   2.475060e+03   9.922655e-01   9.949864e-01   3.981027e-02
  2.014598e-02  -9.935940e-06   2.477152e+03   9.928215e-01   9.945660e-01   4.031542e-02
  1.910165e-02  -2.572194e-05   2.626720e+03   9.981940e-01   9.967935e-01   4.003753e-02
  1.925920e-02   1.598585e-06   2.610533e+03   1.000225e+00   9.977942e-01   3.829955e-02
  1.989121e-02  -1.272234e-06   2.511079e+03   9.936917e-01   9.949182e-01   3.898771e-02
  2.005329e-02   1.334737e-06   2.488651e+03   9.928411e-01   9.951906e-01   3.912883e-02
  2.012942e-02   5.283472e-06   2.476072e+03   9.915729e-01   9.951040e-01   3.885358e-02
  2.021720e-02   5.789595e-06   2.465826e+03   9.917759e-01   9.950710e-01   3.945932e-02
  2.010417e-02   2.713965e-06   2.481786e+03   9.926147e-01   9.951068e-01   3.908097e-02
  2.005940e-02   2.166372e-06   2.488891e+03   9.932395e-01   9.947855e-01   3.893427e-02
  1.967587e-02  -1.485515e-05   2.539888e+03   9.942111e-01   9.942982e-01   3.987099e-02
  2.006176e-02   1.083197e-05   2.483718e+03   9.912920e-01   9.928202e-01   4.170405e-02
  2.017755e-02   7.515613e-06   2.468779e+03   9.910163e-01   9.934186e-01   3.961890e-02
  2.032411e-02   6.161941e-06   2.443562e+03   9.880185e-01   9.924727e-01   3.989079e-02
  2.033918e-02   9.475583e-06   2.439971e+03   9.872980e-01   9.924358e-01   4.049785e-02
  2.024629e-02   6.406458e-06   2.456606e+03   9.894893e-01   9.937270e-01   3.990721e-02
  2.018068e-02   4.144042e-06   2.468008e+03   9.908604e-01   9.941301e-01   3.982135e-02
  2.010428e-02   6.439389e-07   2.479810e+03   9.918293e-01   9.940273e-01   4.002719e-02
  1.942525e-02   5.440512e-06   2.580841e+03   9.973742e-01   9.962001e-01   4.134112e-02
  2.004832e-02  -1.293580e-06   2.504878e+03   9.990671e-01   9.971176e-01   4.173545e-02
  2.012149e-02   3.321391e-06   2.483265e+03   9.940615e-01   9.950074e-01   3.982730e-02
  2.013059e-02  -1.265352e-06   2.480367e+03   9.933508e-01   9.956896e-01   3.965950e-02
  2.018274e-02  -1.929520e-07   2.472479e+03   9.927571e-01   9.955299e-01   3.913984e-02
  2.009593e-02   4.320688e-07   2.480719e+03   9.917809e-01   9.949424e-01   3.928865e-02
  2.021752e-02  -6.823902e-07   2.467858e+03   9.926090e-01   9.951150e-01   3.937290e-02
  2.004275e-02   4.582214e-07   2.491450e+03   9.934351e-01   9.949337e-01   3.898805e-02
  1.949502e-02  -1.058712e-06   2.567805e+03   9.959003e-01   9.952916e-01   3.938631e-02
  1.910402e-02   8.290768e-06   2.607968e+03   9.911906e-01   9.924712e-01   4.034027e-02
  2.005146e-02  -1.448012e-06   2.481597e+03   9.899367e-01   9.927166e-01   3.953196e-02
  2.019645e-02   2.288197e-06   2.456791e+03   9.871280e-01   9.920460e-01   3.946504e-02
  2.039684e-02  -3.465019e-06   2.430175e+03   9.861219e-01   9.917651e-01   4.033910e-02
  2.022572e-02  -7.770759e-06   2.457479e+03   9.888352e-01   9.931909e-01   3.989709e-02
  2.031212e-02  -5.278353e-06   2.449237e+03   9.897289e-01   9.934886e-01   4.030193e-02
  2.027323e-02  -2.013175e-06   2.455390e+03   9.903154e-01   9.930432e-01   4.043339e-02
  2.002818e-02  -1.769510e-05   2.495135e+03   9.941816e-01   9.942991e-01   4.360899e-02
  1.946914e-02  -4.498038e-06   2.578997e+03   9.989131e-01   9.971918e-01   3.995392e-02
  2.001647e-02   3.572210e-06   2.495864e+03   9.938908e-01   9.951734e-01   3.966661e-02
  2.019285e-02   2.984898e-06   2.473127e+03   9.935145e-01   9.958278e-01   3.991334e-02
  1.995635e-02  -1.040606e-06   2.502990e+03   9.937345e-01   9.963837e-01   3.928775e-02
  2.026125e-02   1.110145e-06   2.459992e+03   9.915854e-01   9.948566e-01   3.974665e-02
  1.996844e-02  -4.704263e-06   2.499056e+03   9.927736e-01   9.952330e-01   3.976986e-02
  1.999891e-02  -3.695790e-07   2.497429e+03   9.936412e-01   9.948395e-01   3.982181e-02
  1.879379e-02   2.515641e-05   2.672634e+03   9.992726e-01   9.968789e-01   4.021106e-02
  1.993920e-02   2.243460e-06   2.496494e+03   9.903040e-01   9.919933e-01   4.170595e-02
  2.018903e-02  -1.965390e-06   2.465450e+03   9.902430e-01   9.931640e-01   3.967150e-02
  2.034209e-02  -2.468856e-06   2.442250e+03   9.883618e-01   9.927000e-01   3.953658e-02
  2.053381e-02   2.827623e-06   2.417252e+03   9.874651e-01   9.924428e-01   3.980955e-02
  2.024911e-02   1.847262e-06   2.456492e+03   9.895809e-01   9.937377e-01   3.978569e-02
  2.001022e-02   1.805991e-06   2.489995e+03   9.912437e-01   9.944652e-01   3.884757e-02
  2.006107e-02  -2.445553e-06   2.485064e+03   9.917947e-01   9.938897e-01   3.935557e-02
  1.919828e-02  -9.573548e-06   2.607165e+03   9.957744e-01   9.952290e-01   3.901120e-02
  1.925999e-02   1.749658e-05   2.604739e+03   9.980457e-01   9.963973e-01   4.174823e-02
  2.017171e-02   1.066070e-06   2.474392e+03   9.929820e-01   9.946175e-01   4.027580e-02
  2.010466e-02   9.000050e-06   2.481838e+03   9.926595e-01   9.950522e-01   4.034704e-02
  2.018689e-02   2.646787e-06   2.472066e+03   9.927953e-01   9.958044e-01   4.011163e-02
  2.028316e-02   5.244672e-06   2.456867e+03   9.913969e-01   9.949685e-01   3.972614e-02
  2.030006e-02   7.446351e-06   2.454773e+03   9.913766e-01   9.945534e-01   4.010159e-02
  2.012402e-02   6.418864e-06   2.479386e+03   9.926336e-01   9.944861e-01   4.014826e-02
  1.948793e-02   5.015183e-06   2.571435e+03   9.969455e-01   9.959423e-01   4.055659e-02
  1.962739e-02  -2.030216e-05   2.546330e+03   9.942770e-01   9.946227e-01   3.929536e-02
  2.014775e-02   1.220219e-06   2.475489e+03   9.922424e-01   9.939773e-01   3.943598e-02
  2.018268e-02  -6.840512e-06   2.468301e+03   9.910759e-01   9.943120e-01   3.864130e-02
  2.020297e-02  -1.287773e-06   2.462493e+03   9.897380e-01   9.939483e-01   3.921367e-02
  2.033304e-02  -1.019260e-06   2.447577e+03   9.900765e-01   9.942552e-01   3.999632e-02
  2.031909e-02  -9.123597e-07   2.453659e+03   9.918562e-01   9.947269e-01   3.971367e-02
  2.010344e-02  -3.507291e-06   2.483158e+03   9.931273e-01   9.948124e-01   3.947950e-02
  1.966499e-02  -5.558606e-06   2.540596e+03   9.939385e-01   9.941026e-01   4.091013e-02
  1.949056e-02  -1.091973e-05   2.566437e+03   9.951422e-01   9.948757e-01   4.343585e-02
  2.020994e-02   2.039494e-06   2.467481e+03   9.920856e-01   9.938905e-01   4.051744e-02
  2.047070e-02  -4.851686e-06   2.432188e+03   9.905126e-01   9.940766e-01   4.114543e-02
  2.019470e-02   4.230129e-06   2.468186e+03   9.916201e-01   9.948889e-01   4.039580e-02
  2.029693e-02  -6.988313e-06   2.454454e+03   9.910955e-01   9.946856e-01   4.018422e-02
  2.018003e-02  -8.662587e-06   2.467962e+03   9.908097e-01   9.941221e-01   4.026738e-02
  2.018716e-02  -3.839415e-06   2.470578e+03   9.922108e-01   9.941358e-01   4.020391e-02
  1.946534e-02  -9.984277e-06   2.572687e+03   9.962746e-01   9.954913e-01   4.078406e-02
  1.900570e-02   3.683186e-05   2.640568e+03   9.984160e-01   9.967234e-01   3.903503e-02
  1.998571e-02  -1.081920e-06   2.499295e+03   9.937275e-01   9.950532e-01   3.925980e-02
  1.999939e-02   5.475478e-06   2.493742e+03   9.921984e-01   9.949232e-01   3.924288e-02
  2.034956e-02  -1.138736e-05   2.445967e+03   9.902295e-01   9.942814e-01   3.950582e-02
  2.014241e-02   2.289401e-06   2.469813e+03   9.897048e-01   9.937770e-01   3.977095e-02
  2.004775e-02  -7.067817e-06   2.486972e+03   9.918972e-01   9.947184e-01   3.956332e-02
  2.009112e-02  -4.299238e-06   2.485350e+03   9.933946e-01   9.947394e-01   3.965408e-02
  1.951847e-02  -1.545814e-05   2.557703e+03   9.931754e-01   9.936970e-01   4.106517e-02
  1.973267e-02  -1.837796e-05   2.535217e+03   9.952478e-01   9.949478e-01   4.181211e-02
  2.026771e-02  -6.525054e-06   2.458614e+03   9.913461e-01   9.938851e-01   4.017318e-02
  2.030945e-02   3.147942e-06   2.449963e+03   9.898920e-01   9.935698e-01   4.033712e-02
  2.037802e-02   7.594518e-06   2.441679e+03   9.898760e-01   9.939724e-01   4.062790e-02
  2.026527e-02   2.367396e-06   2.456510e+03   9.903782e-01   9.941017e-01   4.003100e-02
  2.037505e-02   2.088821e-06   2.442644e+03   9.901230e-01   9.938612e-01   3.988010e-02
  2.013521e-02   3.825551e-06   2.476096e+03   9.918680e-01   9.940025e-01   4.017388e-02
  1.929979e-02   3.264220e-06   2.595409e+03   9.965257e-01   9.956085e-01   4.067671e-02
  1.905544e-02  -2.258790e-06   2.630900e+03   9.973635e-01   9.958536e-01   4.030814e-02
  2.005323e-02   1.232762e-05   2.489477e+03   9.931675e-01   9.948178e-01   3.965685e-02
  2.010107e-02   5.970578e-06   2.479974e+03   9.917369e-01   9.945666e-01   3.973241e-02
  2.017272e-02   5.774534e-06   2.467012e+03   9.900700e-01   9.940086e-01   3.990173e-02
  2.020634e-02   5.432363e-06   2.461735e+03   9.895984e-01   9.938109e-01   3.968570e-02
  2.024358e-02   1.106507e-05   2.458750e+03   9.902203e-01   9.937868e-01   4.055991e-02
  2.001001e-02   4.039215e-06   2.494312e+03   9.929520e-01   9.947114e-01   3.958304e-02
  1.976866e-02  -2.021438e-06   2.523666e+03   9.925199e-01   9.933531e-01   4.083793e-02
  1.937956e-02   2.241836e-06   2.583121e+03   9.959070e-01   9.954609e-01   4.006704e-02
  2.022675e-02  -6.402376e-07   2.462814e+03   9.910321e-01   9.935376e-01   4.009002e-02
  2.030914e-02  -2.790606e-07   2.450282e+03   9.900060e-01   9.937851e-01   4.023608e-02
  2.023601e-02   7.613436e-06   2.459759e+03   9.902563e-01   9.942276e-01   3.983728e-02
  2.036379e-02   4.877638e-06   2.444037e+03   9.901398e-01   9.942889e-01   4.018418e-02
  2.043223e-02   3.329239e-06   2.438266e+03   9.911220e-01   9.943112e-01   3.971125e-02
  2.030124e-02   6.889396e-06   2.455134e+03   9.915806e-01   9.938032e-01   4.026512e-02
  1.969382e-02   9.490011e-06   2.539149e+03   9.948286e-01   9.946401e-01   4.223707e-02
  2.011671e-02  -3.075802e-07   2.486429e+03   9.950917e-01   9.946710e-01   4.274150e-02
  2.016542e-02  -1.875560e-06   2.473829e+03   9.924465e-01   9.943316e-01   4.030603e-02
  2.035929e-02  -4.258073e-07   2.448133e+03   9.915800e-01   9.946003e-01   4.026252e-02
  2.015849e-02  -1.790478e-05   2.467941e+03   9.897442e-01   9.938335e-01   4.022301e-02
  2.031371e-02  -8.832034e-06   2.450315e+03   9.902420e-01   9.942343e-01   3.993325e-02
  2.015883e-02  -5.506686e-06   2.465562e+03   9.888067e-01   9.928612e-01   4.127075e-02
  2.005220e-02   2.925263e-07   2.489102e+03   9.929672e-01   9.944881e-01   4.020599e-02
  1.947799e-02   3.381554e-06   2.562796e+03   9.930891e-01   9.935441e-01   4.101158e-02
  1.965270e-02   2.233550e-05   2.542793e+03   9.941761e-01   9.941384e-01   4.301376e-02
  2.032717e-02   6.827334e-06   2.448602e+03   9.902050e-01   9.929762e-01   4.023484e-02
  2.022194e-02  -4.724809e-06   2.458967e+03   9.892494e-01   9.930788e-01   4.058782e-02
  2.042402e-02   5.305092e-07   2.438923e+03   9.909902e-01   9.945657e-01   3.974926e-02
  2.014801e-02  -2.330746e-06   2.471049e+03   9.904753e-01   9.943009e-01   3.998205e-02
  1.969432e-02   1.101753e-05   2.541354e+03   9.957179e-01   9.969727e-01   3.922268e-02
  2.008337e-02  -9.531444e-06   2.486830e+03   9.936029e-01   9.950905e-01   3.952736e-02
  1.908677e-02   9.507785e-06   2.625648e+03   9.970088e-01   9.958591e-01   4.048576e-02
  1.907060e-02   2.559177e-05   2.635621e+03   9.999482e-01   9.973488e-01   4.067415e-02
  2.000757e-02  -2.092598e-06   2.494489e+03   9.929011e-01   9.944463e-01   4.040589e-02
  1.991247e-02   8.687671e-06   2.508407e+03   9.936956e-01   9.958256e-01   3.935564e-02
  2.020128e-02   9.790763e-06   2.463925e+03   9.902310e-01   9.941348e-01   3.988809e-02
  2.006889e-02   1.014338e-05   2.482863e+03   9.913025e-01   9.946726e-01   3.915407e-02
  2.040863e-02   4.694312e-06   2.440610e+03   9.909286e-01   9.943070e-01   3.884550e-02
  2.008172e-02   1.676891e-05   2.483384e+03   9.921444e-01   9.941181e-01   3.966607e-02
  2.000319e-02   3.342972e-05   2.493380e+03   9.922424e-01   9.930972e-01   4.033552e-02
  1.891626e-02  -2.141475e-05   2.649318e+03   9.970104e-01   9.955871e-01   3.813576e-02
  1.988467e-02  -4.090363e-06   2.506610e+03   9.915970e-01   9.938211e-01   3.878773e-02
  2.021251e-02  -5.709847e-06   2.458696e+03   9.886788e-01   9.929541e-01   3.978769e-02
  2.012405e-02  -1.436774e-06   2.474590e+03   9.907154e-01   9.944501e-01   3.937397e-02
  2.037393e-02  -8.674117e-06   2.441222e+03   9.894919e-01   9.938162e-01   3.997088e-02
  2.052903e-02  -4.131035e-06   2.427792e+03   9.915397e-01   9.945026e-01   4.112434e-02
  2.007408e-02  -3.099527e-06   2.485147e+03   9.924712e-01   9.941718e-01   3.976552e-02
  1.934967e-02  -9.806261e-06   2.582708e+03   9.942122e-01   9.941092e-01   4.229595e-02
  1.980149e-02  -1.038752e-05   2.534483e+03   9.984292e-01   9.968648e-01   3.882692e-02
  2.022443e-02   4.996497e-06   2.467040e+03   9.926192e-01   9.945132e-01   3.966167e-02
  2.014297e-02   2.502041e-06   2.481306e+03   9.943379e-01   9.961088e-01   3.948510e-02
  2.026382e-02   1.465030e-06   2.456473e+03   9.902928e-01   9.942495e-01   3.954703e-02
  2.019574e-02   8.478537e-06   2.464198e+03   9.900693e-01   9.941638e-01   4.001157e-02
  1.998446e-02   4.056445e-06   2.494265e+03   9.916653e-01   9.945704e-01   3.902353e-02
  2.018857e-02   5.176014e-06   2.468900e+03   9.916063e-01   9.939459e-01   3.961337e-02
  1.939069e-02  -5.320012e-07   2.577501e+03   9.943111e-01   9.941948e-01   3.921634e-02
  1.954238e-02   1.880388e-05   2.555084e+03   9.933738e-01   9.939094e-01   4.054186e-02
  2.003929e-02   6.515964e-06   2.485859e+03   9.910350e-01   9.934080e-01   3.983391e-02
  2.013838e-02   2.551181e-06   2.466682e+03   9.882524e-01   9.926746e-01   3.974144e-02
  2.028219e-02   6.424389e-06   2.452677e+03   9.896586e-01   9.940546e-01   3.990372e-02
  2.015053e-02   2.184611e-06   2.467005e+03   9.889779e-01   9.932383e-01   3.966355e-02
  2.014188e-02   7.724962e-06   2.468641e+03   9.892090e-01   9.932055e-01   4.002294e-02
  2.019681e-02   1.339733e-06   2.464777e+03   9.903540e-01   9.930548e-01   4.042465e-02
  1.929755e-02   1.628163e-06   2.588958e+03   9.939333e-01   9.941385e-01   4.075528e-02
  2.005244e-02  -3.887281e-06   2.505001e+03   9.993218e-01   9.973802e-01   3.898895e-02
  2.027833e-02  -8.045386e-06   2.462369e+03   9.933801e-01   9.948970e-01   3.924534e-02
  2.015671e-02  -5.464578e-06   2.480436e+03   9.946675e-01   9.965313e-01   3.931733e-02
  2.023455e-02  -8.150520e-06   2.459005e+03   9.898814e-01   9.941853e-01   3.976455e-02
  2.023332e-02  -2.626473e-06   2.459076e+03   9.898497e-01   9.940433e-01   3.981418e-02
  2.016007e-02  -1.308724e-06   2.471583e+03   9.912825e-01   9.943101e-01   3.942307e-02
  2.000704e-02   6.397776e-06   2.493263e+03   9.923870e-01   9.940795e-01   3.933487e-02
  1.987247e-02   3.287548e-05   2.514785e+03   9.942210e-01   9.942043e-01   3.965256e-02
  2.015519e-02   3.830366e-06   2.465201e+03   9.884835e-01   9.909129e-01   4.355280e-02
  2.022310e-02  -3.970560e-06   2.459205e+03   9.894018e-01   9.924603e-01   4.067343e-02
  2.028652e-02  -1.637190e-06   2.447301e+03   9.877002e-01   9.922356e-01   4.020924e-02
  2.016962e-02  -9.265718e-06   2.467011e+03   9.899171e-01   9.942034e-01   3.979825e-02
  2.014995e-02  -7.541289e-06   2.469343e+03   9.898868e-01   9.939326e-01   3.979865e-02
  2.020756e-02  -2.549333e-06   2.461121e+03   9.894116e-01   9.933267e-01   4.024323e-02
  2.002222e-02  -8.406875e-06   2.486318e+03   9.903733e-01   9.932942e-01   4.038304e-02
  1.972160e-02   1.394650e-05   2.530766e+03   9.929427e-01   9.937085e-01   4.265529e-02
  1.907732e-02  -5.146694e-06   2.639002e+03   1.001583e+00   9.982188e-01   3.906164e-02
  2.012428e-02   1.454809e-06   2.483430e+03   9.942654e-01   9.954554e-01   3.912700e-02
  2.020972e-02   2.504638e-06   2.473960e+03   9.946795e-01   9.965444e-01   3.979432e-02
  2.018774e-02   1.785350e-05   2.464482e+03   9.897910e-01   9.941661e-01   3.932525e-02
  2.023621e-02   1.046886e-05   2.460625e+03   9.906146e-01   9.944010e-01   3.961758e-02
  2.005252e-02   6.226767e-06   2.486543e+03   9.919621e-01   9.948240e-01   3.943269e-02
  2.005314e-02   9.442609e-07   2.491590e+03   9.940064e-01   9.950329e-01   3.916771e-02
  1.958237e-02  -3.574310e-05   2.559380e+03   9.970803e-01   9.959069e-01   4.006963e-02
  1.977449e-02   6.938276e-06   2.508321e+03   9.867760e-01   9.899514e-01   4.134086e-02
  2.020845e-02   2.164308e-06   2.456787e+03   9.877127e-01   9.912128e-01   4.050802e-02
  2.023089e-02   1.306320e-06   2.454504e+03   9.878907e-01   9.922799e-01   3.976620e-02
  2.015930e-02  -5.601161e-06   2.468297e+03   9.899266e-01   9.942188e-01   3.958133e-02
  2.012359e-02  -1.550155e-06   2.475735e+03   9.911510e-01   9.946983e-01   3.954376e-02
  2.000264e-02   2.744538e-06   2.492062e+03   9.916909e-01   9.945963e-01   3.947637e-02
  1.995032e-02   5.635501e-06   2.497943e+03   9.914310e-01   9.938207e-01   4.018793e-02
  1.956192e-02   2.883226e-05   2.556965e+03   9.950989e-01   9.949396e-01   4.167806e-02
  1.935215e-02  -3.648640e-05   2.607815e+03   1.004006e+00   9.998242e-01   3.968904e-02
  2.013526e-02  -1.507735e-05   2.484876e+03   9.953872e-01   9.962451e-01   3.946873e-02
  2.029649e-02  -2.060346e-05   2.463205e+03   9.946074e-01   9.963950e-01   4.023770e-02
  2.024746e-02  -9.505234e-06   2.457562e+03   9.899316e-01   9.940872e-01   3.968082e-02
  2.028676e-02  -1.039432e-05   2.455523e+03   9.910300e-01   9.946757e-01   3.964964e-02
  2.009936e-02  -5.900092e-06   2.482211e+03   9.925469e-01   9.952114e-01   3.939559e-02
  1.996413e-02  -5.869656e-06   2.505793e+03   9.952354e-01   9.958501e-01   3.871666e-02
  1.923861e-02   1.728189e-05   2.611396e+03   9.994855e-01   9.974099e-01   3.937377e-02
  1.985396e-02  -1.036802e-06   2.497303e+03   9.863896e-01   9.894550e-01   5.428398e-02
  2.012024e-02   1.151031e-07   2.464245e+03   9.863866e-01   9.906599e-01   5.086721e-02
  2.019822e-02  -1.856181e-06   2.442637e+03   9.815270e-01   9.883779e-01   5.266594e-02
  2.041089e-02   2.903520e-06   2.390261e+03   9.705932e-01   9.821783e-01   5.411326e-02
  2.031929e-02   2.060622e-06   2.414228e+03   9.759261e-01   9.855146e-01   5.361264e-02
  2.039039e-02   1.164637e-06   2.412294e+03   9.785564e-01   9.867711e-01   5.245495e-02
  2.026801e-02   3.698835e-06   2.441470e+03   9.844479e-01   9.894824e-01   5.147632e-02
  1.930281e-02  -1.932825e-06   2.538317e+03   9.747570e-01   9.827617e-01   5.635354e-02
  1.868784e-02   1.166599e-05   2.704665e+03   1.005548e+00   1.000620e+00   4.917079e-02
  1.996694e-02   2.213044e-06   2.536943e+03   1.007749e+00   1.003259e+00   4.623481e-02
  2.010041e-02   4.882605e-06   2.508727e+03   1.003202e+00   1.001315e+00   4.631073e-02
  2.028755e-02  -1.983989e-06   2.469185e+03   9.965828e-01   9.979030e-01   4.822840e-02
  2.032167e-02  -6.025028e-07   2.456126e+03   9.929793e-01   9.957629e-01   4.829842e-02
  2.038146e-02   7.465000e-08   2.430919e+03   9.856801e-01   9.910005e-01   5.125066e-02
  2.043836e-02  -2.177772e-06   2.411412e+03   9.805000e-01   9.872152e-01   5.224434e-02
  1.951603e-02  -7.493580e-06   2.528687e+03   9.817859e-01   9.868746e-01   5.582254e-02
  1.964108e-02  -1.459981e-05   2.542349e+03   9.934150e-01   9.936681e-01   4.864708e-02
  2.009698e-02  -5.025785e-06   2.477155e+03   9.904078e-01   9.930698e-01   4.761021e-02
  2.009902e-02  -4.521914e-06   2.481608e+03   9.922891e-01   9.950374e-01   4.725030e-02
  2.033326e-02   5.374134e-07   2.460391e+03   9.952709e-01   9.972815e-01   4.581652e-02
  2.020235e-02  -6.407141e-07   2.479180e+03   9.964146e-01   9.978545e-01   4.668862e-02
  2.033136e-02  -4.661928e-07   2.453458e+03   9.923735e-01   9.951905e-01   4.794311e-02
  2.021942e-02  -2.271792e-06   2.461053e+03   9.899651e-01   9.928902e-01   4.989399e-02
  1.908191e-02   1.599800e-06   2.632035e+03   9.991799e-01   9.974118e-01   4.879847e-02
  1.904912e-02   1.342600e-05   2.634866e+03   9.985356e-01   9.968992e-01   5.020994e-02
  2.017545e-02   6.236674e-06   2.470613e+03   9.916495e-01   9.938803e-01   5.062544e-02
  2.019781e-02   6.307512e-06   2.463411e+03   9.898543e-01   9.935412e-01   4.990137e-02
  2.039459e-02   1.072560e-06   2.442765e+03   9.911215e-01   9.948036e-01   4.944041e-02
  2.033540e-02   2.735484e-06   2.438507e+03   9.865225e-01   9.919973e-01   4.977355e-02
  2.038222e-02   2.812141e-06   2.444456e+03   9.912060e-01   9.944548e-01   4.935885e-02
  2.034423e-02   6.969003e-06   2.443352e+03   9.889112e-01   9.923543e-01   4.954144e-02
  1.960264e-02   1.200686e-05   2.547385e+03   9.934347e-01   9.939075e-01   5.207307e-02
  2.002400e-02  -5.048525e-07   2.484027e+03   9.895490e-01   9.915940e-01   5.088346e-02
  2.008170e-02  -2.201097e-06   2.445590e+03   9.770444e-01   9.853029e-01   5.246104e-02
  2.020401e-02  -2.493418e-06   2.432493e+03   9.777312e-01   9.863411e-01   5.237974e-02
  2.037593e-02  -4.272006e-07   2.398773e+03   9.723814e-01   9.835571e-01   5.347402e-02
  2.029572e-02  -2.466329e-06   2.424387e+03   9.788960e-01   9.873833e-01   5.270737e-02
  2.029325e-02  -3.660586e-06   2.439723e+03   9.849686e-01   9.907439e-01   5.103743e-02
  2.016588e-02  -6.594728e-06   2.475333e+03   9.930722e-01   9.947256e-01   4.961152e-02
  1.913033e-02  -1.156530e-05   2.606453e+03   9.919789e-01   9.927424e-01   5.229129e-02
  1.942339e-02   1.214245e-05   2.540349e+03   9.816316e-01   9.869951e-01   5.588316e-02
  2.017218e-02   5.752280e-06   2.463975e+03   9.888244e-01   9.924483e-01   5.117894e-02
  2.026593e-02   6.189484e-06   2.455781e+03   9.901167e-01   9.938376e-01   4.978344e-02
  2.022981e-02   5.118381e-06   2.466825e+03   9.927966e-01   9.957647e-01   4.881733e-02
  2.023939e-02   1.645063e-06   2.476212e+03   9.970466e-01   9.984568e-01   4.654704e-02
  2.020320e-02   5.090472e-06   2.477602e+03   9.958220e-01   9.970535e-01   4.771546e-02
  2.016856e-02   6.902625e-06   2.483869e+03   9.966295e-01   9.968304e-01   4.708164e-02
  1.937429e-02   2.017602e-05   2.585535e+03   9.965667e-01   9.956379e-01   5.037273e-02
  1.957470e-02  -1.161134e-05   2.618578e+03   1.019743e+00   1.009661e+00   4.185149e-02
  1.992741e-02  -3.071214e-06   2.549926e+03   1.010901e+00   1.005548e+00   4.240101e-02
  2.006828e-02  -2.682864e-06   2.523711e+03   1.007581e+00   1.004315e+00   4.321060e-02
  2.024117e-02  -6.556400e-06   2.484786e+03   1.000587e+00   1.000632e+00   4.424809e-02
  2.028808e-02  -9.779879e-07   2.467449e+03   9.959082e-01   9.977848e-01   4.676114e-02
  2.024616e-02  -3.480675e-06   2.461763e+03   9.915600e-01   9.946169e-01   4.844127e-02
  2.022290e-02  -5.521736e-06   2.450268e+03   9.857962e-01   9.902739e-01   5.125844e-02
  1.894215e-02  -2.171406e-06   2.649687e+03   9.985132e-01   9.967667e-01   4.959364e-02
  1.941864e-02   2.890191e-05   2.576981e+03   9.955434e-01   9.952842e-01   4.951918e-02
  2.039401e-02   8.937876e-06   2.422891e+03   9.830298e-01   9.887730e-01   5.179867e-02
  2.052831e-02   7.675281e-06   2.389808e+03   9.759921e-01   9.853873e-01   5.324028e-02
  2.060832e-02   5.713696e-06   2.363950e+03   9.691950e-01   9.816479e-01   5.568118e-02
  2.048659e-02   1.417951e-06   2.373506e+03   9.673643e-01   9.804491e-01   5.558293e-02
  2.028915e-02   4.498789e-07   2.408790e+03   9.722833e-01   9.830775e-01   5.484611e-02
  2.011813e-02   2.285295e-06   2.445372e+03   9.787294e-01   9.860712e-01   5.295524e-02
  1.940005e-02  -7.604389e-06   2.557448e+03   9.870518e-01   9.901419e-01   5.207751e-02
  2.019229e-02  -8.692610e-07   2.401515e+03   9.647196e-01   9.761922e-01   6.000678e-02
  2.015374e-02   1.243371e-07   2.414000e+03   9.678836e-01   9.795337e-01   5.717476e-02
  2.020992e-02  -1.197639e-06   2.409309e+03   9.686953e-01   9.807585e-01   5.677724e-02
  2.023422e-02  -2.223693e-06   2.419195e+03   9.738398e-01   9.841351e-01   5.443316e-02
  2.025475e-02  -1.828790e-06   2.426262e+03   9.776756e-01   9.864952e-01   5.372177e-02
  2.019748e-02  -2.976439e-06   2.453804e+03   9.859779e-01   9.911910e-01   5.159579e-02
  2.013642e-02  -4.546140e-06   2.481751e+03   9.941926e-01   9.953990e-01   4.934564e-02
  1.946198e-02  -9.732027e-06   2.571655e+03   9.957028e-01   9.951459e-01   5.178425e-02
  1.905996e-02   4.118646e-06   2.621179e+03   9.939144e-01   9.938985e-01   5.159512e-02
  1.999768e-02   2.816480e-06   2.518192e+03   1.001840e+00   9.997454e-01   4.686575e-02
  2.002745e-02   3.896980e-06   2.513139e+03   1.001319e+00   1.000398e+00   4.626432e-02
  2.008401e-02   3.512988e-06   2.517059e+03   1.005712e+00   1.003366e+00   4.472988e-02
  2.006698e-02   2.777313e-06   2.519343e+03   1.005772e+00   1.003412e+00   4.430815e-02
  2.003484e-02   1.179941e-06   2.509630e+03   1.000290e+00   9.995298e-01   4.647728e-02
  2.006508e-02   2.428225e-06   2.493264e+03   9.952665e-01   9.960206e-01   4.803772e-02
  1.965092e-02   1.447405e-07   2.529368e+03   9.888378e-01   9.909276e-01   5.216954e-02
  1.974513e-02   9.741820e-06   2.568988e+03   1.009142e+00   1.002929e+00   4.536777e-02
  2.000096e-02   1.365981e-06   2.523835e+03   1.004250e+00   1.001081e+00   4.532450e-02
  2.011762e-02   2.116715e-06   2.508405e+03   1.003933e+00   1.001934e+00   4.498308e-02
  2.020042e-02  -3.408502e-06   2.493906e+03   1.002237e+00   1.001335e+00   4.459322e-02
  2.022126e-02  -7.455749e-07   2.489080e+03   1.001330e+00   1.000812e+00   4.504621e-02
  2.018159e-02  -3.099640e-06   2.495244e+03   1.001840e+00   1.000838e+00   4.575749e-02
  2.017699e-02  -2.347899e-06   2.473569e+03   9.929117e-01   9.946010e-01   4.899697e-02
  1.932953e-02  -1.247119e-05   2.596393e+03   9.984394e-01   9.968271e-01   5.039395e-02
  1.922325e-02   6.381698e-06   2.616724e+03   1.000725e+00   9.983428e-01   4.884778e-02
  2.020557e-02   2.503713e-06   2.457532e+03   9.878715e-01   9.916065e-01   5.043439e-02
  2.034113e-02   1.258344e-06   2.442350e+03   9.883551e-01   9.925766e-01   4.977506e-02
  2.037399e-02   3.105732e-06   2.420669e+03   9.811640e-01   9.887023e-01   5.148144e-02
  2.038177e-02   1.558199e-06   2.427236e+03   9.842017e-01   9.906220e-01   5.029037e-02
  2.031989e-02   3.279916e-06   2.451897e+03   9.911825e-01   9.944576e-01   4.898329e-02
  2.014706e-02   2.490778e-06   2.491998e+03   9.988252e-01   9.982004e-01   4.710708e-02
  1.964528e-02   8.022660e-06   2.565365e+03   1.002623e+00   9.992641e-01   4.770208e-02
  1.950686e-02  -6.722802e-06   2.591807e+03   1.005820e+00   1.001225e+00   4.624489e-02
  1.994057e-02  -2.430384e-06   2.511377e+03   9.962758e-01   9.966751e-01   4.827710e-02
  2.003942e-02  -1.820326e-06   2.477271e+03   9.876177e-01   9.920792e-01   5.046544e-02
  2.023770e-02  -5.768362e-07   2.423581e+03   9.757734e-01   9.854271e-01   5.355190e-02
  2.038510e-02  -1.400363e-06   2.392939e+03   9.704534e-01   9.822866e-01   5.523841e-02
  2.038280e-02   1.880109e-06   2.392560e+03   9.701904e-01   9.817928e-01   5.599816e-02
  2.027358e-02   7.966693e-07   2.429336e+03   9.798243e-01   9.869042e-01   5.300669e-02
  1.963136e-02   8.401130e-06   2.543620e+03   9.934199e-01   9.936252e-01   5.229424e-02
  1.970546e-02  -4.718304e-06   2.500744e+03   9.803611e-01   9.862419e-01   5.510668e-02
  2.017717e-02   5.907726e-07   2.460240e+03   9.875698e-01   9.914674e-01   5.009598e-02
  2.025438e-02   1.225742e-06   2.443880e+03   9.847569e-01   9.904885e-01   5.072352e-02
  2.019851e-02  -7.274192e-07   2.457885e+03   9.876681e-01   9.926935e-01   4.978806e-02
  2.014839e-02   1.220764e-06   2.456183e+03   9.845352e-01   9.907057e-01   5.095415e-02
  2.019911e-02  -2.895557e-07   2.430569e+03   9.767205e-01   9.856748e-01   5.430904e-02
  2.012143e-02  -5.051548e-07   2.438812e+03   9.762643e-01   9.846357e-01   5.446300e-02
  1.935851e-02  -2.285172e-06   2.543909e+03   9.797236e-01   9.854439e-01   5.440153e-02
  1.936078e-02   1.569870e-06   2.539217e+03   9.780314e-01   9.842917e-01   5.585307e-02
  2.002015e-02  -2.065625e-06   2.460749e+03   9.800875e-01   9.869563e-01   5.323357e-02
  1.998229e-02   6.137268e-07   2.491751e+03   9.905584e-01   9.939734e-01   4.966106e-02
  2.003363e-02   2.988666e-06   2.510796e+03   1.000694e+00   1.000406e+00   4.552819e-02
  2.010386e-02  -2.817699e-06   2.507939e+03   1.003060e+00   1.001876e+00   4.471040e-02
  1.988739e-02  -1.839448e-06   2.559196e+03   1.012538e+00   1.007046e+00   4.297056e-02
  1.992161e-02  -5.215577e-07   2.535153e+03   1.004752e+00   1.001565e+00   4.519305e-02
  1.965767e-02  -5.468430e-06   2.558629e+03   1.000621e+00   9.979857e-01   4.934431e-02
  1.928002e-02  -7.006811e-06   2.625886e+03   1.007195e+00   1.002283e+00   4.541326e-02
  1.999566e-02   6.359008e-07   2.513661e+03   9.999370e-01   9.987697e-01   4.582405e-02
  2.003944e-02  -4.556843e-06   2.503803e+03   9.981960e-01   9.986754e-01   4.556616e-02
  2.038061e-02   2.112874e-07   2.446853e+03   9.920991e-01   9.953183e-01   4.734960e-02
  2.022177e-02   2.622701e-06   2.484180e+03   9.993839e-01   9.996160e-01   4.566520e-02
  2.020078e-02   1.623778e-06   2.506473e+03   1.007306e+00   1.003847e+00   4.359758e-02
  2.010913e-02   9.902510e-07   2.519341e+03   1.007884e+00   1.003508e+00   4.384910e-02
  1.933891e-02   5.833175e-06   2.629485e+03   1.011656e+00   1.004342e+00   4.400596e-02
  1.975059e-02   5.006362e-06   2.576573e+03   1.012401e+00   1.005101e+00   4.460306e-02
  2.013985e-02  -2.447257e-07   2.499573e+03   1.001503e+00   9.996422e-01   4.575103e-02
  2.035434e-02   1.208423e-06   2.445662e+03   9.903386e-01   9.938660e-01   4.885808e-02
  2.023936e-02   8.432778e-07   2.434914e+03   9.804165e-01   9.883326e-01   5.129381e-02
  2.041937e-02   4.660922e-07   2.405010e+03   9.769884e-01   9.861363e-01   5.194537e-02
  2.027954e-02   2.611248e-06   2.416961e+03   9.751194e-01   9.846141e-01   5.327474e-02
  2.026792e-02   9.435174e-07   2.415329e+03   9.739030e-01   9.831803e-01   5.373768e-02
  1.982391e-02   1.614768e-06   2.509689e+03   9.897817e-01   9.915079e-01   5.105134e-02
  1.986798e-02   1.757160e-06   2.502998e+03   9.893373e-01   9.915500e-01   5.136974e-02
  2.014611e-02  -1.323222e-06   2.441342e+03   9.784758e-01   9.860679e-01   5.211988e-02
  2.020754e-02  -4.940605e-07   2.437998e+03   9.801145e-01   9.876505e-01   5.162964e-02
  2.025369e-02  -3.428207e-06   2.425482e+03   9.773102e-01   9.864408e-01   5.229206e-02
  2.023918e-02   2.990630e-07   2.424915e+03   9.763813e-01   9.858006e-01   5.357252e-02
  2.029498e-02   9.346187e-07   2.404048e+03   9.706487e-01   9.818013e-01   5.540038e-02
  2.009131e-02   1.339998e-06   2.449107e+03   9.789176e-01   9.860015e-01   5.329236e-02
  1.962112e-02   9.922972e-06   2.522708e+03   9.847385e-01   9.883963e-01   5.257634e-02
  1.920952e-02  -9.023586e-06   2.523176e+03   9.642603e-01   9.765391e-01   5.889539e-02
  2.016677e-02  -8.203221e-07   2.421908e+03   9.716822e-01   9.817971e-01   5.538961e-02
  2.016189e-02  -2.763154e-07   2.426608e+03   9.733321e-01   9.836992e-01   5.442312e-02
  2.025813e-02   1.808109e-06   2.425778e+03   9.776437e-01   9.868045e-01   5.306551e-02
  2.021530e-02  -5.417530e-07   2.434239e+03   9.789791e-01   9.874552e-01   5.189426e-02
  2.010689e-02  -4.225536e-06   2.462123e+03   9.848832e-01   9.907057e-01   5.116416e-02
  2.002653e-02   7.574756e-07   2.481614e+03   9.887127e-01   9.920320e-01   4.972237e-02
  1.986865e-02  -4.503945e-06   2.502645e+03   9.892313e-01   9.911335e-01   5.166077e-02
  2.006705e-02   4.580369e-06   2.483463e+03   9.914514e-01   9.930306e-01   5.143576e-02
  1.984269e-02  -4.224284e-07   2.543473e+03   1.004056e+00   1.001242e+00   4.468974e-02
  1.981628e-02  -9.829580e-07   2.545736e+03   1.003612e+00   1.001853e+00   4.452789e-02
  1.997579e-02  -1.782440e-07   2.546221e+03   1.011883e+00   1.007217e+00   4.204751e-02
  1.997787e-02  -1.804510e-06   2.540280e+03   1.009627e+00   1.005760e+00   4.330163e-02
  1.999637e-02   2.358767e-06   2.526914e+03   1.005245e+00   1.002699e+00   4.446960e-02
  1.992942e-02  -1.078841e-06   2.514821e+03   9.970842e-01   9.971996e-01   4.751384e-02
  1.966961e-02  -4.464203e-06   2.537541e+03   9.929766e-01   9.936701e-01   5.043362e-02
  1.915618e-02  -3.748573e-06   2.690465e+03   1.025337e+00   1.013017e+00   4.128144e-02
  2.024976e-02   1.929326e-06   2.493939e+03   1.004699e+00   1.001621e+00   4.408802e-02
  2.032959e-02   1.738995e-06   2.487839e+03   1.006192e+00   1.003422e+00   4.334922e-02
  2.035123e-02   7.383401e-07   2.464877e+03   9.979670e-01   9.988389e-01   4.553185e-02
  2.033486e-02   2.705176e-07   2.470424e+03   9.994079e-01   9.997494e-01   4.484342e-02
  2.004144e-02  -2.938262e-06   2.518927e+03   1.004326e+00   1.002201e+00   4.453918e-02
  2.005211e-02  -1.559466e-06   2.514270e+03   1.003003e+00   1.000622e+00   4.499413e-02
  1.986013e-02  -2.389703e-06   2.530327e+03   9.997444e-01   9.974347e-01   4.831750e-02
  2.025112e-02  -6.832154e-06   2.475775e+03   9.974481e-01   9.965836e-01   4.802048e-02
  2.016391e-02  -2.057086e-06   2.454196e+03   9.844964e-01   9.896975e-01   4.990450e-02
  2.018255e-02  -1.724671e-06   2.444129e+03   9.813644e-01   9.884017e-01   5.066414e-02
  2.030252e-02  -3.175092e-06   2.394654e+03   9.672146e-01   9.802771e-01   5.512381e-02
  2.028614e-02  -1.553762e-06   2.410381e+03   9.727815e-01   9.837187e-01   5.403302e-02
  2.021223e-02   5.850999e-06   2.442789e+03   9.822687e-01   9.890573e-01   5.093571e-02
  1.991510e-02   1.315556e-06   2.516026e+03   9.968452e-01   9.968893e-01   4.744536e-02
  1.954155e-02   6.464506e-06   2.605640e+03   1.012986e+00   1.005533e+00   4.535959e-02
  1.978766e-02   2.357411e-05   2.452741e+03   9.655530e-01   9.773334e-01   6.220265e-02
  2.043691e-02   2.919286e-06   2.403609e+03   9.772579e-01   9.853210e-01   5.344275e-02
  2.056491e-02   6.322476e-06   2.381715e+03   9.744210e-01   9.844029e-01   5.372712e-02
  2.052447e-02  -1.703898e-06   2.399929e+03   9.799420e-01   9.880746e-01   5.221103e-02
  2.046476e-02   3.064717e-06   2.404258e+03   9.788542e-01   9.874130e-01   5.189853e-02
  2.031600e-02  -1.189257e-06   2.421264e+03   9.786120e-01   9.868925e-01   5.293697e-02
  2.041944e-02  -1.362618e-06   2.393131e+03   9.721659e-01   9.822439e-01   5.381574e-02
  2.001827e-02  -8.128559e-06   2.477972e+03   9.868544e-01   9.898133e-01   5.191313e-02
  1.934850e-02  -9.967045e-08   2.597039e+03   9.996685e-01   9.977440e-01   4.798785e-02
  1.996002e-02   3.356970e-07   2.499541e+03   9.925476e-01   9.944452e-01   4.776171e-02
  2.006783e-02  -3.528637e-06   2.490609e+03   9.943427e-01   9.963387e-01   4.744244e-02
  2.007307e-02   1.273326e-06   2.520581e+03   1.006572e+00   1.004115e+00   4.380868e-02
  2.008560e-02  -3.480808e-06   2.508512e+03   1.002377e+00   1.001682e+00   4.543564e-02
  1.995917e-02  -1.072772e-05   2.506022e+03   9.950790e-01   9.968935e-01   4.657541e-02
  1.997635e-02  -2.670687e-06   2.487667e+03   9.886408e-01   9.918373e-01   5.056456e-02
  1.957980e-02  -1.490730e-05   2.554317e+03   9.949772e-01   9.947914e-01   5.040727e-02
  1.946665e-02   6.381894e-06   2.552848e+03   9.886583e-01   9.916323e-01   5.263618e-02
  2.060425e-02   1.330262e-06   2.374317e+03   9.732528e-01   9.832530e-01   5.439177e-02
  2.060661e-02   1.566975e-06   2.372958e+03   9.728073e-01   9.836356e-01   5.379286e-02
  2.061491e-02  -1.593280e-07   2.357461e+03   9.668436e-01   9.803683e-01   5.539696e-02
  2.054808e-02   1.017273e-06   2.379322e+03   9.726456e-01   9.837283e-01   5.318644e-02
  2.031332e-02   4.541361e-06   2.425363e+03   9.801392e-01   9.878190e-01   5.150291e-02
  2.007168e-02   4.366170e-07   2.483759e+03   9.917981e-01   9.940779e-01   4.763866e-02
  1.957630e-02   8.139693e-06   2.551305e+03   9.936264e-01   9.943201e-01   4.827281e-02
  1.962593e-02  -2.181516e-05   2.505688e+03   9.783347e-01   9.851034e-01   5.650252e-02
  1.992811e-02  -8.248133e-06   2.508886e+03   9.946659e-01   9.958226e-01   4.908661e-02
  2.008895e-02  -6.460756e-06   2.472472e+03   9.881406e-01   9.926184e-01   5.081208e-02
  2.004125e-02  -4.540286e-06   2.474502e+03   9.866037e-01   9.920006e-01   5.082592e-02
  2.020934e-02   2.082803e-07   2.441020e+03   9.814171e-01   9.889582e-01   5.262595e-02
  2.009209e-02  -1.432353e-06   2.466820e+03   9.860357e-01   9.913649e-01   5.053636e-02
  2.007341e-02  -4.595936e-06   2.474001e+03   9.879871e-01   9.916598e-01   5.055752e-02
  1.989823e-02  -4.926950e-06   2.478487e+03   9.811405e-01   9.869072e-01   5.530642e-02
  1.933878e-02   6.101141e-06   2.648059e+03   1.018795e+00   1.009527e+00   4.433442e-02
  2.033916e-02   2.936726e-06   2.507860e+03   1.014767e+00   1.007952e+00   4.108826e-02
  2.033481e-02   1.460650e-06   2.518473e+03   1.018844e+00   1.011342e+00   3.996181e-02
  2.038963e-02   2.498451e-07   2.499125e+03   1.013742e+00   1.008583e+00   4.068523e-02
  2.024636e-02   1.083763e-06   2.515167e+03   1.013081e+00   1.008131e+00   4.119430e-02
  2.019131e-02   2.431951e-06   2.507974e+03   1.007437e+00   1.004380e+00   4.303213e-02
  2.009730e-02   5.174558e-06   2.509966e+03   1.003542e+00   1.001148e+00   4.425825e-02
  1.965815e-02   6.104437e-06   2.556996e+03   1.000007e+00   9.982139e-01   4.810919e-02
  1.924146e-02  -2.578877e-05   2.635302e+03   1.008785e+00   1.002865e+00   4.690707e-02
  2.040302e-02  -1.011457e-05   2.429954e+03   9.863307e-01   9.907008e-01   5.142337e-02
  2.064098e-02  -7.390198e-06   2.391893e+03   9.822052e-01   9.891104e-01   5.204659e-02
  2.042279e-02  -2.604800e-06   2.413222e+03   9.804885e-01   9.883900e-01   5.208230e-02
  2.056608e-02  -3.045781e-06   2.398574e+03   9.813746e-01   9.890162e-01   5.157192e-02
  2.043516e-02  -5.714941e-06   2.427498e+03   9.868862e-01   9.918058e-01   4.954635e-02
  2.037495e-02  -4.684753e-06   2.445079e+03   9.911048e-01   9.935613e-01   4.876180e-02
  1.980186e-02  -1.408424e-05   2.576161e+03   1.014867e+00   1.007143e+00   4.489729e-02
  1.962145e-02   5.059996e-06   2.447445e+03   9.553756e-01   9.712867e-01   6.439181e-02
  2.047968e-02   4.025721e-06   2.356048e+03   9.599255e-01   9.749402e-01   5.930568e-02
  2.051637e-02   1.122087e-06   2.343174e+03   9.563904e-01   9.735949e-01   6.069932e-02
  2.066108e-02   2.257556e-06   2.319080e+03   9.532322e-01   9.721782e-01   6.027005e-02
  2.043053e-02   2.397607e-06   2.367074e+03   9.621031e-01   9.773503e-01   5.795809e-02
  2.039776e-02   6.036442e-06   2.381074e+03   9.662407e-01   9.792080e-01   5.632317e-02
  2.023339e-02   6.116089e-06   2.415392e+03   9.722689e-01   9.821648e-01   5.441057e-02
  1.929362e-02   1.786808e-05   2.546251e+03   9.773386e-01   9.844327e-01   5.550532e-02
  1.890832e-02  -9.744448e-06   2.639192e+03   9.927826e-01   9.929922e-01   5.358627e-02
  2.005494e-02  -6.046107e-06   2.532355e+03   1.010360e+00   1.004818e+00   4.582910e-02
  2.013760e-02  -4.866322e-06   2.521697e+03   1.010254e+00   1.005664e+00   4.516692e-02
  1.999969e-02  -2.087721e-06   2.545070e+03   1.012636e+00   1.007528e+00   4.428149e-02
  2.019908e-02  -1.978685e-06   2.497640e+03   1.003671e+00   1.002194e+00   4.596332e-02
  2.016475e-02  -2.681302e-06   2.489593e+03   9.987372e-01   9.987579e-01   4.732404e-02
  2.031021e-02  -4.175059e-06   2.444958e+03   9.879069e-01   9.914891e-01   5.033223e-02
  1.975361e-02   2.282447e-06   2.492521e+03   9.795246e-01   9.856804e-01   5.549073e-02
  1.929047e-02  -8.921885e-06   2.655646e+03   1.019162e+00   1.009305e+00   4.313296e-02
  2.043201e-02   1.417956e-06   2.460656e+03   1.000212e+00   9.991022e-01   4.510514e-02
  2.038171e-02  -1.143490e-06   2.482475e+03   1.006597e+00   1.003653e+00   4.342073e-02
  2.045232e-02   2.748951e-06   2.470626e+03   1.005263e+00   1.003224e+00   4.217258e-02
  2.034275e-02   1.113452e-06   2.483749e+03   1.005189e+00   1.003208e+00   4.343788e-02
  2.041858e-02   5.352368e-06   2.464329e+03   1.001047e+00   1.000367e+00   4.476905e-02
  2.025025e-02   6.972380e-06   2.486225e+03   1.001615e+00   9.997339e-01   4.557458e-02
  1.943410e-02   1.473260e-05   2.611095e+03   1.009525e+00   1.003529e+00   4.728710e-02
  1.906605e-02  -7.150115e-06   2.584434e+03   9.802940e-01   9.856802e-01   5.611419e-02
  2.038331e-02  -1.611116e-06   2.389787e+03   9.690895e-01   9.802030e-01   5.829742e-02
  2.062332e-02  -1.339230e-06   2.350372e+03   9.643291e-01   9.780461e-01   5.855733e-02
  2.051092e-02  -1.219583e-06   2.374910e+03   9.690863e-01   9.813239e-01   5.682739e-02
  2.058549e-02  -2.013940e-06   2.370877e+03   9.709577e-01   9.826992e-01   5.515555e-02
  2.046585e-02  -2.768803e-06   2.415276e+03   9.833921e-01   9.897268e-01   5.156408e-02
  2.041855e-02  -4.814851e-06   2.435958e+03   9.895210e-01   9.925416e-01   4.904936e-02
  1.928309e-02  -9.127814e-06   2.625938e+03   1.007375e+00   1.002065e+00   4.687929e-02
  2.016523e-02  -1.306169e-05   2.470078e+03   9.909324e-01   9.923850e-01   6.115445e-02
  2.009312e-02  -6.598657e-06   2.475773e+03   9.896650e-01   9.926837e-01   6.065118e-02
  2.016796e-02  -7.180236e-06   2.464870e+03   9.889767e-01   9.929982e-01   6.059352e-02
  2.017417e-02  -1.330058e-05   2.465475e+03   9.895245e-01   9.937665e-01   6.074084e-02
  2.018960e-02  -9.410086e-06   2.464804e+03   9.900116e-01   9.940605e-01   6.078328e-02
  2.013270e-02  -1.074898e-05   2.470889e+03   9.896584e-01   9.934282e-01   6.042391e-02
  2.006380e-02  -5.995196e-06   2.481647e+03   9.905659e-01   9.932216e-01   6.048442e-02
  1.993806e-02  -2.291141e-05   2.506583e+03   9.942491e-01   9.947684e-01   6.292706e-02
  1.924646e-02   6.142042e-07   2.615085e+03   1.001306e+00   9.985421e-01   6.202654e-02
  1.996534e-02   7.327813e-06   2.509784e+03   9.968808e-01   9.969980e-01   6.052005e-02
  2.007789e-02   5.445257e-06   2.490353e+03   9.947388e-01   9.964706e-01   6.066031e-02
  2.019528e-02   4.012398e-06   2.469149e+03   9.920355e-01   9.952082e-01   6.047641e-02
  2.020348e-02   1.388907e-06   2.468900e+03   9.923385e-01   9.954550e-01   6.055879e-02
  2.020835e-02  -4.454476e-06   2.474137e+03   9.946831e-01   9.964050e-01   6.063463e-02
  2.008389e-02  -7.513792e-06   2.492037e+03   9.957091e-01   9.961655e-01   6.044230e-02
  1.919662e-02  -1.166128e-05   2.612614e+03   9.977693e-01   9.965074e-01   6.229436e-02
  1.999301e-02  -1.163882e-05   2.496249e+03   9.928788e-01   9.935509e-01   5.960656e-02
  2.007089e-02  -1.826669e-06   2.479920e+03   9.902264e-01   9.929632e-01   6.013108e-02
  2.012037e-02   1.345262e-06   2.472077e+03   9.895280e-01   9.933480e-01   5.993666e-02
  2.023297e-02   2.376443e-06   2.457141e+03   9.890534e-01   9.934396e-01   6.048187e-02
  2.020819e-02   3.908257e-06   2.462463e+03   9.899818e-01   9.940250e-01   6.033787e-02
  2.020925e-02  -4.315340e-06   2.461576e+03   9.896772e-01   9.934559e-01   6.041684e-02
  2.019920e-02  -4.255633e-06   2.464291e+03   9.902761e-01   9.929821e-01   6.049141e-02
  2.004962e-02  -1.859037e-05   2.491827e+03   9.939264e-01   9.943600e-01   6.318075e-02
  1.955509e-02  -8.382645e-06   2.569942e+03   9.998005e-01   9.978335e-01   6.297356e-02
  1.998863e-02   9.230664e-07   2.504184e+03   9.958167e-01   9.962114e-01   6.075206e-02
  2.008313e-02  -1.061121e-06   2.487440e+03   9.938345e-01   9.959146e-01   6.081748e-02
  2.019180e-02   3.226187e-06   2.468252e+03   9.915046e-01   9.949194e-01   6.074424e-02
  2.021151e-02  -1.796983e-06   2.465671e+03   9.914345e-01   9.948723e-01   6.081625e-02
  2.025211e-02   2.542566e-06   2.464447e+03   9.929331e-01   9.954226e-01   6.103944e-02
  2.016049e-02  -8.284316e-07   2.479102e+03   9.943184e-01   9.954286e-01   6.114025e-02
  1.903718e-02   2.006521e-06   2.632334e+03   9.969509e-01   9.957876e-01   6.283687e-02
  1.986809e-02  -4.864983e-06   2.514796e+03   9.940064e-01   9.941349e-01   5.989240e-02
  2.007443e-02  -6.329641e-06   2.480148e+03   9.904918e-01   9.930846e-01   6.019185e-02
  2.013166e-02  -4.299036e-06   2.471640e+03   9.899082e-01   9.935555e-01   5.999081e-02
  2.025966e-02  -6.286657e-06   2.453764e+03   9.889973e-01   9.934324e-01   6.037164e-02
  2.019150e-02  -2.851082e-06   2.464684e+03   9.900565e-01   9.940081e-01   6.008244e-02
  2.021934e-02  -6.362555e-06   2.461329e+03   9.900722e-01   9.937131e-01   6.014380e-02
  2.015211e-02  -2.649975e-06   2.472560e+03   9.912824e-01   9.936549e-01   6.012004e-02
  1.974297e-02  -1.968751e-05   2.531664e+03   9.943715e-01   9.945553e-01   6.164605e-02
  1.962798e-02  -5.352175e-06   2.555670e+03   9.979539e-01   9.967342e-01   6.328640e-02
  1.996322e-02  -2.266196e-06   2.503487e+03   9.942741e-01   9.954370e-01   6.068750e-02
  2.006446e-02   4.380893e-07   2.487398e+03   9.928940e-01   9.953303e-01   6.076343e-02
  2.017872e-02   2.570839e-06   2.469238e+03   9.912580e-01   9.947980e-01   6.096296e-02
  2.023641e-02   4.057317e-06   2.459647e+03   9.902308e-01   9.942081e-01   6.096778e-02
  2.026930e-02   5.048954e-06   2.456674e+03   9.906410e-01   9.940041e-01   6.129865e-02
  2.023826e-02   3.951610e-06   2.462702e+03   9.915512e-01   9.937654e-01   6.142765e-02
  1.926292e-02   7.089553e-06   2.596833e+03   9.951676e-01   9.946812e-01   6.380518e-02
  1.982066e-02   2.047588e-05   2.523150e+03   9.949272e-01   9.945599e-01   6.041153e-02
  2.011302e-02   1.416215e-05   2.477948e+03   9.915161e-01   9.937604e-01   6.027651e-02
  2.014985e-02   1.326897e-05   2.472232e+03   9.910396e-01   9.942379e-01   6.001738e-02
  2.021620e-02   8.563945e-06   2.461377e+03   9.899377e-01   9.940385e-01   5.995097e-02
  2.019697e-02   9.445401e-06   2.464641e+03   9.903072e-01   9.942429e-01   6.002501e-02
  2.013939e-02   3.917798e-07   2.473996e+03   9.912324e-01   9.942953e-01   6.001732e-02
  2.005576e-02  -1.881031e-06   2.488397e+03   9.928618e-01   9.945099e-01   6.001209e-02
  1.928632e-02  -1.084037e-05   2.595060e+03   9.956964e-01   9.950356e-01   6.044654e-02
  1.978214e-02   9.300124e-06   2.530536e+03   9.959003e-01   9.957069e-01   6.348177e-02
  2.002955e-02  -4.053739e-07   2.492184e+03   9.930739e-01   9.946499e-01   6.052486e-02
  2.010182e-02  -3.593765e-06   2.480273e+03   9.918931e-01   9.947965e-01   6.052071e-02
  2.028566e-02  -9.181306e-06   2.454794e+03   9.906821e-01   9.944617e-01   6.111391e-02
  2.022102e-02  -1.335731e-05   2.459936e+03   9.895938e-01   9.938097e-01   6.083100e-02
  2.025047e-02  -1.066244e-05   2.456503e+03   9.896520e-01   9.935102e-01   6.105021e-02
  2.022025e-02  -9.665348e-06   2.460941e+03   9.899607e-01   9.928877e-01   6.120274e-02
  1.936604e-02  -7.217744e-06   2.581071e+03   9.944225e-01   9.945897e-01   6.282874e-02
  1.946545e-02  -1.854433e-05   2.573491e+03   9.965914e-01   9.958072e-01   6.045634e-02
  2.005595e-02  -1.566920e-05   2.488693e+03   9.929894e-01   9.945944e-01   6.024525e-02
  2.013532e-02  -1.586408e-05   2.477526e+03   9.924460e-01   9.950896e-01   6.014236e-02
  2.018175e-02  -1.275065e-05   2.468688e+03   9.911862e-01   9.947070e-01   6.009461e-02
  2.021506e-02  -8.655203e-06   2.463128e+03   9.905858e-01   9.943681e-01   6.036617e-02
  2.014767e-02  -7.512595e-06   2.475134e+03   9.920959e-01   9.948885e-01   6.044173e-02
  2.004372e-02  -1.623066e-06   2.492569e+03   9.939297e-01   9.951230e-01   6.043026e-02
  1.936797e-02  -5.624222e-06   2.584432e+03   9.958168e-01   9.950322e-01   6.122128e-02
  1.984345e-02  -6.277749e-06   2.521943e+03   9.955944e-01   9.954119e-01   6.299717e-02
  2.008693e-02   2.136442e-06   2.483150e+03   9.923086e-01   9.943103e-01   6.023464e-02
  2.018062e-02   2.727339e-06   2.468965e+03   9.912416e-01   9.944038e-01   6.028928e-02
  2.025565e-02   8.689745e-06   2.456846e+03   9.900436e-01   9.940953e-01   6.082506e-02
  2.025329e-02   7.338944e-06   2.456037e+03   9.896023e-01   9.938468e-01   6.060969e-02
  2.021546e-02   4.949845e-06   2.461546e+03   9.899692e-01   9.936298e-01   6.066820e-02
  2.020849e-02   1.962953e-06   2.462539e+03   9.900270e-01   9.928035e-01   6.084322e-02
  1.950665e-02  -6.094114e-06   2.559460e+03   9.932558e-01   9.938517e-01   6.285787e-02
  1.943733e-02   8.007984e-06   2.577699e+03   9.967791e-01   9.957494e-01   6.140570e-02
  2.013416e-02   1.057501e-05   2.479371e+03   9.931282e-01   9.947431e-01   6.063189e-02
  2.017319e-02   9.798514e-06   2.473560e+03   9.927208e-01   9.952749e-01   6.059843e-02
  2.019612e-02   1.001046e-05   2.468041e+03   9.916321e-01   9.950280e-01   6.040609e-02
  2.022234e-02   1.061328e-05   2.463490e+03   9.910884e-01   9.946872e-01   6.066688e-02
  2.012642e-02   8.493577e-06   2.481362e+03   9.935436e-01   9.956934e-01   6.067981e-02
  2.000199e-02   3.546435e-06   2.501662e+03   9.954785e-01   9.960990e-01   6.055863e-02
  1.925366e-02   2.817742e-06   2.603764e+03   9.973445e-01   9.958753e-01   6.089560e-02
  1.968855e-02   2.741893e-06   2.539604e+03   9.947409e-01   9.948921e-01   6.275311e-02
  2.012095e-02  -2.663248e-06   2.476675e+03   9.913969e-01   9.936222e-01   6.025848e-02
  2.020461e-02  -1.103820e-06   2.463107e+03   9.900655e-01   9.937197e-01   6.027876e-02
  2.030908e-02  -3.002419e-06   2.446906e+03   9.886388e-01   9.932429e-01   6.083848e-02
  2.027458e-02  -2.491159e-06   2.451406e+03   9.887746e-01   9.932605e-01   6.061301e-02
  2.023370e-02  -2.257900e-08   2.458669e+03   9.897044e-01   9.935171e-01   6.064511e-02
  2.016345e-02   2.792879e-06   2.467778e+03   9.899221e-01   9.929407e-01   6.062729e-02
  1.967066e-02  -5.882580e-06   2.535564e+03   9.922558e-01   9.932487e-01   6.297405e-02
  1.930236e-02   1.012213e-05   2.594166e+03   9.961811e-01   9.955286e-01   6.184457e-02
  2.017082e-02   5.255872e-06   2.473945e+03   9.927585e-01   9.945004e-01   6.085926e-02
  2.021740e-02   1.904016e-06   2.467191e+03   9.923346e-01   9.950577e-01   6.107302e-02
  2.018638e-02  -5.993523e-06   2.469381e+03   9.916921e-01   9.950090e-01   6.088374e-02
  2.022304e-02  -6.113046e-06   2.464598e+03   9.915682e-01   9.949949e-01   6.095091e-02
  2.007129e-02  -9.103392e-06   2.490289e+03   9.943860e-01   9.962276e-01   6.096784e-02
  1.998359e-02  -1.705126e-06   2.506026e+03   9.962981e-01   9.964718e-01   6.086885e-02
  1.904324e-02   1.042867e-05   2.636191e+03   9.987291e-01   9.968468e-01   6.088624e-02
  1.978538e-02  -5.465760e-06   2.523803e+03   9.934136e-01   9.941017e-01   6.278704e-02
  2.019158e-02  -3.425616e-07   2.467111e+03   9.910355e-01   9.935360e-01   6.048528e-02
  2.026765e-02  -3.773135e-06   2.454903e+03   9.898467e-01   9.935674e-01   6.048664e-02
  2.030657e-02  -2.726852e-06   2.445365e+03   9.878939e-01   9.928056e-01   6.061625e-02
  2.027387e-02  -6.063651e-06   2.450046e+03   9.881915e-01   9.930097e-01   6.058011e-02
  2.015766e-02  -1.257119e-05   2.467816e+03   9.896532e-01   9.934086e-01   6.015109e-02
  2.009864e-02  -1.358235e-05   2.476468e+03   9.902152e-01   9.929643e-01   6.013399e-02
  1.952326e-02  -2.047228e-05   2.556010e+03   9.927619e-01   9.937038e-01   6.116389e-02
  1.938208e-02  -5.869647e-06   2.581602e+03   9.954505e-01   9.948620e-01   6.361406e-02
  2.021491e-02  -3.595080e-06   2.467585e+03   9.923710e-01   9.942335e-01   6.120925e-02
  2.023870e-02   2.413107e-06   2.464351e+03   9.922368e-01   9.949986e-01   6.139652e-02
  2.022702e-02   8.250296e-06   2.465283e+03   9.920390e-01   9.952671e-01   6.112680e-02
  2.023113e-02   8.824605e-06   2.465413e+03   9.922931e-01   9.953605e-01   6.102973e-02
  2.012343e-02   1.118549e-05   2.483770e+03   9.943596e-01   9.962767e-01   6.102146e-02
  2.005437e-02   7.796344e-06   2.496069e+03   9.958540e-01   9.964320e-01   6.099258e-02
  1.923943e-02   2.084159e-06   2.607634e+03   9.980887e-01   9.965620e-01   6.167303e-02
  1.967252e-02   7.344735e-06   2.541854e+03   9.948112e-01   9.947820e-01   6.192030e-02
  2.012526e-02   5.898652e-06   2.477412e+03   9.919048e-01   9.939718e-01   6.036098e-02
  2.020668e-02   6.195493e-06   2.464870e+03   9.908757e-01   9.941648e-01   6.028178e-02
  2.025063e-02   5.333339e-06   2.453450e+03   9.884297e-01   9.931145e-01   6.040609e-02
  2.027024e-02   9.202872e-06   2.450961e+03   9.883835e-01   9.931481e-01   6.055880e-02
  2.020062e-02   1.143290e-05   2.462234e+03   9.895190e-01   9.934004e-01   6.026480e-02
  2.014490e-02   9.392807e-06   2.470308e+03   9.900255e-01   9.928212e-01   6.030273e-02
  1.964590e-02  -1.029320e-06   2.538149e+03   9.920174e-01   9.931178e-01   6.164389e-02
  1.935254e-02   7.927728e-06   2.584042e+03   9.948728e-01   9.947558e-01   6.399272e-02
  2.021659e-02   1.019893e-05   2.467191e+03   9.922949e-01   9.943255e-01   6.129084e-02
  2.030656e-02   3.689604e-06   2.455547e+03   9.920071e-01   9.948532e-01   6.156389e-02
  2.022709e-02   6.873973e-07   2.465473e+03   9.921191e-01   9.952860e-01   6.108174e-02
  2.025067e-02  -4.594849e-06   2.463149e+03   9.923393e-01   9.954211e-01   6.097749e-02
  2.019155e-02  -5.382048e-06   2.473580e+03   9.936327e-01   9.957833e-01   6.104249e-02
  2.012106e-02  -4.962569e-06   2.484670e+03   9.946028e-01   9.955907e-01   6.100365e-02
  1.928160e-02  -8.779414e-07   2.597849e+03   9.965225e-01   9.957297e-01   6.215854e-02
  1.942087e-02   1.692751e-05   2.580128e+03   9.968736e-01   9.956999e-01   6.114600e-02
  2.003811e-02  -1.806853e-06   2.490153e+03   9.926885e-01   9.943595e-01   6.031812e-02
  2.009873e-02  -1.622370e-06   2.480506e+03   9.918341e-01   9.947309e-01   6.031854e-02
  2.023757e-02  -8.374251e-06   2.456091e+03   9.888556e-01   9.933646e-01   6.029704e-02
  2.023444e-02  -7.070557e-06   2.456035e+03   9.886805e-01   9.932072e-01   6.043770e-02
  2.016552e-02  -1.388594e-05   2.466758e+03   9.896145e-01   9.934372e-01   6.022078e-02
  2.013919e-02  -1.197617e-05   2.471363e+03   9.901678e-01   9.930150e-01   6.033211e-02
  1.969236e-02  -1.682488e-05   2.530849e+03   9.915031e-01   9.928355e-01   6.150532e-02
  1.931754e-02  -2.124536e-05   2.589839e+03   9.953017e-01   9.949140e-01   6.329726e-02
  2.021261e-02  -1.374976e-05   2.467672e+03   9.922929e-01   9.942528e-01   6.116767e-02
  2.028068e-02  -9.253569e-06   2.457575e+03   9.915611e-01   9.946173e-01   6.125874e-02
  2.030092e-02  -3.917072e-06   2.454123e+03   9.911564e-01   9.947437e-01   6.113102e-02
  2.026817e-02  -4.862745e-06   2.457606e+03   9.909619e-01   9.946648e-01   6.098597e-02
  2.027586e-02  -3.136111e-06   2.459311e+03   9.920257e-01   9.948718e-01   6.100948e-02
  2.017420e-02   5.884895e-07   2.473902e+03   9.929080e-01   9.945376e-01   6.109569e-02
  1.924519e-02  -4.487015e-06   2.600143e+03   9.955188e-01   9.950950e-01   6.261821e-02
  1.933448e-02   9.638900e-06   2.592150e+03   9.970633e-01   9.959379e-01   6.094129e-02
  2.003797e-02   1.038734e-05   2.490685e+03   9.928933e-01   9.945965e-01   6.046128e-02
  2.009309e-02   8.996265e-06   2.482839e+03   9.924884e-01   9.950905e-01   6.040783e-02
  2.021507e-02   9.116470e-06   2.459399e+03   9.890866e-01   9.934662e-01   6.034264e-02
  2.023811e-02   8.575636e-06   2.455847e+03   9.887839e-01   9.932281e-01   6.035323e-02
  2.020784e-02   7.511298e-06   2.460790e+03   9.892925e-01   9.931909e-01   6.049678e-02
  2.009444e-02   2.747991e-06   2.479033e+03   9.910337e-01   9.935385e-01   6.027663e-02
  1.982621e-02  -2.329450e-06   2.515178e+03   9.920614e-01   9.930552e-01   6.155634e-02
  1.921038e-02   1.442767e-05   2.605893e+03   9.959160e-01   9.953512e-01   6.238283e-02
  2.017700e-02   1.205226e-05   2.472084e+03   9.923157e-01   9.941823e-01   6.094329e-02
  2.024757e-02   1.275232e-05   2.460381e+03   9.910725e-01   9.943251e-01   6.103050e-02
  2.027975e-02   1.514518e-05   2.453734e+03   9.899657e-01   9.940502e-01   6.085758e-02
  2.031341e-02   1.277174e-05   2.447497e+03   9.890883e-01   9.935746e-01   6.097530e-02
  2.031623e-02   1.392960e-05   2.450431e+03   9.904117e-01   9.939797e-01   6.106691e-02
  2.024300e-02   1.112775e-05   2.460960e+03   9.910818e-01   9.934657e-01   6.122270e-02
  1.934940e-02   4.183521e-06   2.583193e+03   9.943849e-01   9.944933e-01   6.337253e-02
  1.944636e-02   2.916461e-05   2.576976e+03   9.969624e-01   9.958597e-01   6.140588e-02
  2.007761e-02   4.577825e-06   2.485812e+03   9.929112e-01   9.946619e-01   6.075400e-02
  2.015433e-02   6.545123e-06   2.475960e+03   9.927551e-01   9.952603e-01   6.069997e-02
  2.020898e-02  -1.101221e-05   2.460578e+03   9.892630e-01   9.936165e-01   6.066165e-02
  2.025560e-02  -4.496473e-06   2.453381e+03   9.886446e-01   9.931634e-01   6.067068e-02
  2.021800e-02   1.653366e-06   2.458678e+03   9.889402e-01   9.929350e-01   6.092953e-02
  2.008383e-02   1.029036e-05   2.481994e+03   9.916936e-01   9.940026e-01   6.051322e-02
  1.983698e-02   1.750383e-05   2.516508e+03   9.931253e-01   9.936163e-01   6.173069e-02
  1.937032e-02  -1.282089e-05   2.583519e+03   9.955857e-01   9.952655e-01   6.297518e-02
  2.016074e-02  -5.859779e-06   2.473319e+03   9.920117e-01   9.940133e-01   6.087383e-02
  2.024386e-02  -1.117579e-05   2.458598e+03   9.901729e-01   9.937587e-01   6.104750e-02
  2.031909e-02  -3.497151e-06   2.447375e+03   9.893156e-01   9.936249e-01   6.079244e-02
  2.029897e-02  -6.700195e-06   2.447313e+03   9.883114e-01   9.930095e-01   6.084998e-02
  2.020641e-02   1.278638e-07   2.464537e+03   9.907281e-01   9.940953e-01   6.094969e-02
  2.022797e-02  -7.767692e-06   2.462248e+03   9.908644e-01   9.933957e-01   6.097759e-02
  1.918589e-02   9.455242e-06   2.606264e+03   9.947880e-01   9.946599e-01   6.293224e-02
  1.927558e-02   1.952149e-05   2.600502e+03   9.972286e-01   9.957488e-01   6.103070e-02
  2.009916e-02   3.000994e-06   2.482531e+03   9.926652e-01   9.945295e-01   6.085401e-02
  2.012728e-02   7.834274e-06   2.479886e+03   9.929944e-01   9.953928e-01   6.052797e-02
  2.023285e-02   1.015731e-05   2.458666e+03   9.896615e-01   9.938215e-01   6.059409e-02
  2.021213e-02   1.058167e-05   2.461480e+03   9.897800e-01   9.938117e-01   6.053576e-02
  2.018440e-02   7.239218e-06   2.466294e+03   9.903550e-01   9.937566e-01   6.044815e-02
  2.005853e-02   4.711759e-06   2.487201e+03   9.925220e-01   9.944311e-01   6.065802e-02
  1.995638e-02   1.479897e-05   2.505443e+03   9.947096e-01   9.946044e-01   6.143929e-02
  1.944640e-02   6.072432e-07   2.573172e+03   9.954926e-01   9.952343e-01   6.167537e-02
  2.003187e-02  -9.032072e-06   2.488819e+03   9.918479e-01   9.940150e-01   6.032807e-02
  2.017082e-02  -9.538904e-06   2.467743e+03   9.902697e-01   9.938286e-01   6.053813e-02
  2.023670e-02  -7.943421e-06   2.458853e+03   9.899253e-01   9.940027e-01   6.055361e-02
  2.029455e-02  -8.457235e-06   2.449269e+03   9.888855e-01   9.933321e-01   6.066324e-02
  2.028716e-02  -4.533879e-07   2.454972e+03   9.908274e-01   9.941087e-01   6.106728e-02
  2.016110e-02   1.505692e-06   2.471503e+03   9.913006e-01   9.937177e-01   6.072487e-02
  1.937318e-02   1.030914e-05   2.581334e+03   9.948903e-01   9.946390e-01   6.357029e-02
  1.938984e-02  -1.726544e-05   2.582758e+03   9.962955e-01   9.952920e-01   6.062830e-02
  2.017480e-02  -5.522241e-06   2.471722e+03   9.920623e-01   9.942395e-01   6.084803e-02
  2.019774e-02  -5.805766e-06   2.469386e+03   9.922520e-01   9.949738e-01   6.081659e-02
  2.024439e-02  -6.546460e-06   2.456984e+03   9.895490e-01   9.937514e-01   6.084784e-02
  2.022262e-02  -3.982277e-06   2.461511e+03   9.903059e-01   9.941563e-01   6.093678e-02
  2.008657e-02  -1.445878e-06   2.481855e+03   9.917729e-01   9.946015e-01   6.059039e-02
  2.005114e-02   2.642995e-06   2.489998e+03   9.932725e-01   9.947808e-01   6.072627e-02
  1.972978e-02   5.980884e-06   2.539694e+03   9.968592e-01   9.957380e-01   6.112827e-02
  1.978924e-02   2.019807e-05   2.523003e+03   9.932921e-01   9.939968e-01   6.223938e-02
  2.008413e-02   1.659953e-05   2.479408e+03   9.906749e-01   9.933374e-01   6.076096e-02
  2.018242e-02   1.669565e-05   2.465051e+03   9.897585e-01   9.935107e-01   6.060330e-02
  2.021828e-02   1.902540e-05   2.462113e+03   9.903351e-01   9.942732e-01   6.067265e-02
  2.019499e-02   1.414053e-05   2.463558e+03   9.897754e-01   9.939142e-01   6.046094e-02
  2.015716e-02   1.471938e-05   2.472419e+03   9.914746e-01   9.944735e-01   6.050433e-02
  2.009093e-02   8.081638e-06   2.481864e+03   9.919923e-01   9.940955e-01   6.050387e-02
  1.938099e-02   1.359245e-05   2.581935e+03   9.955235e-01   9.953874e-01   6.257907e-02
  1.939141e-02   3.303686e-06   2.582388e+03   9.962330e-01   9.952676e-01   6.096049e-02
  2.022963e-02  -1.135128e-06   2.465101e+03   9.920939e-01   9.941461e-01   6.087988e-02
  2.026091e-02   7.958153e-07   2.459713e+03   9.914563e-01   9.945101e-01   6.098514e-02
  2.025933e-02   1.136841e-08   2.454867e+03   9.894255e-01   9.937183e-01   6.083804e-02
  2.023730e-02   3.373119e-06   2.460214e+03   9.905028e-01   9.943653e-01   6.089811e-02
  2.008974e-02   5.690739e-06   2.484417e+03   9.929535e-01   9.953378e-01   6.067710e-02
  2.000502e-02   1.042871e-05   2.498491e+03   9.943674e-01   9.953319e-01   6.069296e-02
  1.974568e-02   2.842898e-05   2.541260e+03   9.982777e-01   9.965879e-01   6.141923e-02
  2.007833e-02  -1.250117e-05   2.481713e+03   9.913095e-01   9.927172e-01   6.309567e-02
  2.013261e-02  -1.830521e-05   2.471744e+03   9.899969e-01   9.928458e-01   6.117754e-02
  2.018620e-02  -2.099282e-05   2.463491e+03   9.893179e-01   9.933217e-01   6.103336e-02
  2.018835e-02  -2.382951e-05   2.465657e+03   9.902926e-01   9.942802e-01   6.080042e-02
  2.019120e-02  -2.041496e-05   2.464415e+03   9.899338e-01   9.940580e-01   6.086955e-02
  2.012502e-02  -1.289712e-05   2.474761e+03   9.908310e-01   9.941587e-01   6.059637e-02
  2.003817e-02  -1.083997e-05   2.487931e+03   9.918054e-01   9.939169e-01   6.061013e-02
  1.966075e-02   9.987660e-06   2.544567e+03   9.952776e-01   9.952307e-01   6.320846e-02
  1.924110e-02  -2.709738e-05   2.606174e+03   9.976158e-01   9.959373e-01   6.108360e-02
  2.017723e-02   6.432313e-07   2.475798e+03   9.938179e-01   9.950356e-01   6.082998e-02
  2.023525e-02   1.083478e-06   2.465311e+03   9.924543e-01   9.950860e-01   6.112793e-02
  2.024800e-02   1.100397e-05   2.458504e+03   9.903376e-01   9.942596e-01   6.074644e-02
  2.023131e-02   6.505611e-06   2.462469e+03   9.911170e-01   9.947237e-01   6.087398e-02
  2.009295e-02   1.713327e-06   2.486270e+03   9.938529e-01   9.959185e-01   6.081068e-02
  2.001552e-02  -3.962104e-06   2.498844e+03   9.950299e-01   9.958073e-01   6.074582e-02
  1.949087e-02  -1.651429e-05   2.576140e+03   9.989204e-01   9.970341e-01   6.167211e-02
  2.008231e-02   1.868347e-05   2.480109e+03   9.908653e-01   9.922627e-01   6.172428e-02
  2.010280e-02   1.208172e-05   2.475157e+03   9.898958e-01   9.926605e-01   6.096871e-02
  2.015283e-02   1.641164e-05   2.468213e+03   9.895753e-01   9.933644e-01   6.077431e-02
  2.015491e-02   1.346530e-05   2.469507e+03   9.901960e-01   9.942107e-01   6.077304e-02
  2.016510e-02   1.234904e-05   2.468216e+03   9.901789e-01   9.941283e-01   6.074669e-02
  2.006815e-02   1.103986e-05   2.480332e+03   9.902557e-01   9.938657e-01   6.029551e-02
  1.998219e-02   8.985889e-06   2.494370e+03   9.915947e-01   9.939206e-01   6.034916e-02
  1.969887e-02   1.947533e-05   2.539836e+03   9.953531e-01   9.953526e-01   6.260659e-02
  1.928216e-02  -2.863999e-05   2.606306e+03   9.997954e-01   9.974235e-01   6.143683e-02
  2.008999e-02  -2.085785e-05   2.491705e+03   9.958790e-01   9.963131e-01   6.076097e-02
  2.017949e-02  -2.315376e-05   2.476748e+03   9.943107e-01   9.962369e-01   6.094008e-02
  2.023118e-02  -1.331262e-05   2.464391e+03   9.918842e-01   9.952281e-01   6.065181e-02
  2.023094e-02  -1.175279e-05   2.465647e+03   9.923781e-01   9.954075e-01   6.073950e-02
  2.010350e-02  -4.724930e-06   2.487605e+03   9.949086e-01   9.965971e-01   6.061465e-02
  2.002204e-02  -1.400581e-06   2.499706e+03   9.956976e-01   9.963624e-01   6.044833e-02
  1.924455e-02   1.260736e-05   2.608409e+03   9.986506e-01   9.969999e-01   6.129986e-02
  1.975281e-02  -7.881830e-06   2.472275e+03   9.715291e-01   9.804678e-01   8.287577e-02
  2.024807e-02  -3.008686e-06   2.396721e+03   9.654534e-01   9.778737e-01   8.246783e-02
  2.036035e-02  -3.911509e-06   2.371277e+03   9.605010e-01   9.756156e-01   8.431773e-02
  2.058283e-02   5.381358e-07   2.335891e+03   9.565061e-01   9.737922e-01   8.445189e-02
  2.050022e-02   1.760019e-07   2.362803e+03   9.636430e-01   9.781650e-01   8.226334e-02
  2.047040e-02   2.169288e-06   2.400572e+03   9.776226e-01   9.863104e-01   7.700211e-02
  2.027159e-02   2.592147e-06   2.451274e+03   9.885757e-01   9.919798e-01   7.338804e-02
  1.923019e-02   6.678564e-06   2.581140e+03   9.874729e-01   9.904054e-01   7.677610e-02
  1.856277e-02   5.718303e-06   2.715941e+03   1.002983e+00   9.989649e-01   7.249274e-02
  1.992356e-02   1.446630e-06   2.536632e+03   1.005436e+00   1.001829e+00   6.952983e-02
  2.008821e-02   2.504991e-06   2.498804e+03   9.986280e-01   9.985850e-01   7.093015e-02
  2.027968e-02   1.565114e-07   2.441698e+03   9.851064e-01   9.908782e-01   7.501524e-02
  2.035900e-02   2.160373e-07   2.428628e+03   9.836661e-01   9.901511e-01   7.478138e-02
  2.049924e-02   6.027503e-07   2.401249e+03   9.792761e-01   9.872649e-01   7.722814e-02
  2.045982e-02   4.534395e-07   2.406434e+03   9.795030e-01   9.866187e-01   7.682501e-02
  1.950754e-02   1.586126e-06   2.493416e+03   9.676703e-01   9.785154e-01   8.704200e-02
  1.970437e-02  -5.960418e-06   2.560069e+03   1.003562e+00   1.000040e+00   6.890550e-02
  1.994227e-02  -2.601073e-06   2.527606e+03   1.002799e+00   1.000409e+00   6.689503e-02
  1.995236e-02  -3.436417e-06   2.526304e+03   1.002790e+00   1.001267e+00   6.688486e-02
  2.017515e-02  -4.989069e-07   2.493756e+03   1.000923e+00   1.000560e+00   6.727842e-02
  2.012238e-02  -1.047011e-06   2.499632e+03   1.000658e+00   1.000377e+00   6.815284e-02
  2.035285e-02   6.444235e-08   2.441450e+03   9.885606e-01   9.927444e-01   7.300383e-02
  2.031525e-02  -3.667213e-07   2.433812e+03   9.836471e-01   9.890724e-01   7.518828e-02
  1.891613e-02   5.363624e-07   2.632123e+03   9.905322e-01   9.919349e-01   7.629435e-02
  1.896318e-02   1.277805e-05   2.644462e+03   9.976510e-01   9.963604e-01   7.363491e-02
  2.014667e-02   4.871265e-06   2.482949e+03   9.951788e-01   9.960296e-01   7.180206e-02
  2.023702e-02   5.176439e-06   2.467070e+03   9.932490e-01   9.956455e-01   7.168751e-02
  2.028202e-02   1.785401e-06   2.473979e+03   9.982459e-01   9.991377e-01   6.941713e-02
  2.037851e-02   1.863217e-06   2.445544e+03   9.914668e-01   9.950782e-01   7.125567e-02
  2.034680e-02   1.581318e-06   2.454007e+03   9.933494e-01   9.956686e-01   7.162078e-02
  2.031707e-02   3.257939e-06   2.444444e+03   9.880326e-01   9.916653e-01   7.345782e-02
  1.927774e-02   1.829894e-06   2.602897e+03   9.982589e-01   9.968307e-01   7.358048e-02
  1.981739e-02  -4.299662e-07   2.538147e+03   1.000676e+00   9.984606e-01   7.017228e-02
  2.002175e-02  -2.065197e-06   2.469012e+03   9.834571e-01   9.891007e-01   7.438464e-02
  2.006714e-02  -2.363777e-06   2.460478e+03   9.822796e-01   9.891381e-01   7.496005e-02
  2.034515e-02  -1.008871e-06   2.412097e+03   9.763060e-01   9.859708e-01   7.661907e-02
  2.027631e-02  -1.332565e-06   2.422097e+03   9.770359e-01   9.863708e-01   7.733858e-02
  2.030156e-02  -1.159299e-06   2.438804e+03   9.850008e-01   9.907240e-01   7.498588e-02
  2.018107e-02  -2.476297e-06   2.464836e+03   9.896064e-01   9.926280e-01   7.370768e-02
  1.890737e-02  -3.830961e-06   2.623330e+03   9.867662e-01   9.897496e-01   7.730259e-02
  1.940497e-02   1.625786e-05   2.511187e+03   9.694429e-01   9.800965e-01   8.507665e-02
  2.028596e-02   5.255268e-06   2.410942e+03   9.729993e-01   9.829226e-01   8.047667e-02
  2.029765e-02   4.664957e-06   2.419544e+03   9.770333e-01   9.862041e-01   7.818666e-02
  2.030942e-02   2.511474e-06   2.425768e+03   9.801148e-01   9.883133e-01   7.663261e-02
  2.021176e-02   1.991764e-06   2.460207e+03   9.892498e-01   9.938301e-01   7.263994e-02
  2.015874e-02   1.915219e-06   2.475388e+03   9.927431e-01   9.954653e-01   7.198916e-02
  2.006347e-02   2.164267e-06   2.504228e+03   9.995631e-01   9.985330e-01   6.934700e-02
  1.935591e-02   2.236181e-06   2.582448e+03   9.944327e-01   9.946059e-01   7.453123e-02
  1.980967e-02  -4.956977e-06   2.566159e+03   1.011325e+00   1.004799e+00   6.737871e-02
  1.973542e-02  -1.084633e-06   2.583441e+03   1.014320e+00   1.007520e+00   6.415949e-02
  1.976032e-02  -8.729068e-07   2.586614e+03   1.016847e+00   1.009848e+00   6.321894e-02
  1.999643e-02  -2.466052e-06   2.551551e+03   1.015049e+00   1.009357e+00   6.296203e-02
  2.000321e-02  -1.283336e-06   2.551043e+03   1.015190e+00   1.009452e+00   6.353425e-02
  2.013979e-02  -2.445051e-06   2.512985e+03   1.006874e+00   1.003985e+00   6.698960e-02
  2.022256e-02  -3.038147e-06   2.478927e+03   9.973099e-01   9.972620e-01   7.044233e-02
  1.892081e-02  -6.389089e-06   2.663719e+03   1.002671e+00   9.992996e-01   7.199194e-02
  1.904734e-02   1.918344e-05   2.714278e+03   1.028535e+00   1.015028e+00   6.243625e-02
  2.020832e-02   6.229790e-06   2.507965e+03   1.008282e+00   1.003738e+00   6.588004e-02
  2.040959e-02   5.720693e-06   2.464058e+03   1.000496e+00   9.999708e-01   6.799481e-02
  2.048700e-02   2.504281e-06   2.421803e+03   9.870684e-01   9.923161e-01   7.244279e-02
  2.053498e-02   2.016126e-06   2.397128e+03   9.792996e-01   9.876481e-01   7.504361e-02
  2.038491e-02  -3.476557e-07   2.411638e+03   9.780276e-01   9.864757e-01   7.620159e-02
  2.026247e-02  -2.667600e-07   2.422714e+03   9.766177e-01   9.847447e-01   7.733517e-02
  1.942145e-02  -2.183724e-06   2.569212e+03   9.926854e-01   9.933123e-01   7.410152e-02
  2.043413e-02   5.533509e-06   2.384139e+03   9.692101e-01   9.786839e-01   8.156301e-02
  2.039679e-02   8.337392e-07   2.364867e+03   9.596185e-01   9.744452e-01   8.425292e-02
  2.049551e-02   1.098343e-06   2.346165e+03   9.566375e-01   9.734844e-01   8.542931e-02
  2.055875e-02  -9.556280e-07   2.331053e+03   9.534086e-01   9.719402e-01   8.636941e-02
  2.047039e-02  -8.333416e-07   2.351335e+03   9.575706e-01   9.745694e-01   8.555633e-02
  2.039340e-02  -2.926974e-06   2.390428e+03   9.698298e-01   9.813956e-01   8.174420e-02
  2.021895e-02  -3.725264e-06   2.446247e+03   9.839866e-01   9.891957e-01   7.652197e-02
  1.906426e-02  -8.770762e-06   2.615409e+03   9.919496e-01   9.929118e-01   7.628392e-02
  1.957397e-02   9.759284e-06   2.482983e+03   9.669025e-01   9.777933e-01   8.722924e-02
  2.011733e-02   4.501690e-06   2.450177e+03   9.806137e-01   9.869403e-01   7.785771e-02
  2.019587e-02   3.776217e-06   2.443110e+03   9.816026e-01   9.882793e-01   7.700374e-02
  2.007144e-02   2.258893e-06   2.482670e+03   9.913518e-01   9.946113e-01   7.326204e-02
  2.007316e-02   1.754726e-06   2.489170e+03   9.940320e-01   9.962358e-01   7.200237e-02
  2.003373e-02  -1.200770e-08   2.489364e+03   9.921571e-01   9.948696e-01   7.306677e-02
  1.995209e-02   8.779698e-08   2.507791e+03   9.954279e-01   9.961086e-01   7.163834e-02
  1.957631e-02  -3.743659e-06   2.541016e+03   9.896199e-01   9.914426e-01   7.534871e-02
  1.977914e-02   6.432309e-06   2.553437e+03   1.004761e+00   1.000269e+00   6.902965e-02
  1.983128e-02   1.701470e-06   2.561293e+03   1.010509e+00   1.004954e+00   6.556179e-02
  1.990616e-02   2.165388e-06   2.552045e+03   1.010662e+00   1.005854e+00   6.527912e-02
  1.998818e-02  -6.238428e-07   2.553391e+03   1.015362e+00   1.009117e+00   6.292557e-02
  1.995868e-02   1.383319e-07   2.556650e+03   1.015157e+00   1.009050e+00   6.372409e-02
  2.002170e-02  -2.100876e-06   2.533061e+03   1.008967e+00   1.005166e+00   6.696305e-02
  2.012969e-02  -2.481348e-06   2.477979e+03   9.923500e-01   9.944320e-01   7.275631e-02
  1.933790e-02  -8.772367e-06   2.571153e+03   9.891620e-01   9.912002e-01   7.735276e-02
  1.935931e-02   4.538174e-06   2.604509e+03   1.003104e+00   1.000066e+00   7.178580e-02
  2.017800e-02   2.912968e-06   2.473679e+03   9.930054e-01   9.946700e-01   7.140658e-02
  2.023404e-02   2.413759e-06   2.476679e+03   9.969710e-01   9.977951e-01   6.941143e-02
  2.027712e-02   1.771452e-06   2.468855e+03   9.959371e-01   9.976563e-01   6.962896e-02
  2.020559e-02   8.031745e-07   2.491714e+03   1.001613e+00   1.000995e+00   6.787018e-02
  2.009655e-02   9.200226e-07   2.525597e+03   1.009754e+00   1.005641e+00   6.614357e-02
  1.997194e-02   1.307197e-06   2.535044e+03   1.007247e+00   1.003353e+00   6.769916e-02
  1.945479e-02   1.928638e-07   2.603318e+03   1.007590e+00   1.001872e+00   6.908244e-02
  1.955320e-02  -1.853545e-06   2.606817e+03   1.014048e+00   1.006189e+00   6.511150e-02
  1.996357e-02  -6.028170e-08   2.502376e+03   9.938505e-01   9.952112e-01   7.130432e-02
  2.007544e-02   1.918982e-07   2.475926e+03   9.888553e-01   9.928767e-01   7.279913e-02
  2.033956e-02   1.261188e-07   2.405961e+03   9.735548e-01   9.841816e-01   7.795201e-02
  2.041063e-02  -5.443705e-07   2.400130e+03   9.745882e-01   9.848342e-01   7.784239e-02
  2.035574e-02  -8.527917e-07   2.422797e+03   9.811472e-01   9.884636e-01   7.629800e-02
  2.016084e-02  -1.090974e-06   2.479967e+03   9.946830e-01   9.957760e-01   7.150985e-02
  1.941847e-02  -5.695914e-07   2.606895e+03   1.007091e+00   1.001933e+00   6.974606e-02
  1.960196e-02   2.163348e-06   2.559543e+03   9.981412e-01   9.973941e-01   7.302192e-02
  2.004031e-02   7.726690e-07   2.503796e+03   9.982367e-01   9.979772e-01   6.970093e-02
  2.020810e-02   8.742754e-07   2.453277e+03   9.862846e-01   9.914832e-01   7.375436e-02
  2.023113e-02   3.448415e-07   2.431613e+03   9.786889e-01   9.873071e-01   7.717980e-02
  2.027210e-02   4.884951e-07   2.409053e+03   9.715726e-01   9.829675e-01   8.014522e-02
  2.042981e-02   1.153938e-06   2.356662e+03   9.578373e-01   9.744409e-01   8.659276e-02
  2.029189e-02   1.653943e-06   2.393499e+03   9.662423e-01   9.786078e-01   8.347668e-02
  1.949713e-02   7.328235e-06   2.521088e+03   9.778873e-01   9.841887e-01   8.006276e-02
  1.994789e-02  -6.060632e-06   2.425483e+03   9.625546e-01   9.753502e-01   8.437677e-02
  2.016168e-02  -2.701573e-06   2.425230e+03   9.727694e-01   9.826143e-01   7.890506e-02
  2.005679e-02  -1.516949e-06   2.464360e+03   9.833217e-01   9.895592e-01   7.525850e-02
  1.998386e-02   2.818484e-07   2.510939e+03   9.982645e-01   9.989089e-01   6.959685e-02
  1.998333e-02  -1.146972e-06   2.508842e+03   9.974045e-01   9.983914e-01   7.048419e-02
  1.982351e-02  -4.389774e-07   2.531717e+03   9.984490e-01   9.984738e-01   7.145197e-02
  1.991291e-02  -3.870128e-08   2.500662e+03   9.906489e-01   9.930738e-01   7.421795e-02
  1.971666e-02   1.079379e-06   2.512376e+03   9.854804e-01   9.887246e-01   7.860112e-02
  1.964741e-02  -5.953545e-06   2.527583e+03   9.879634e-01   9.911047e-01   7.828568e-02
  1.998860e-02  -1.048988e-06   2.489766e+03   9.900816e-01   9.928667e-01   7.295095e-02
  1.998137e-02  -2.178465e-06   2.515806e+03   1.000075e+00   9.996949e-01   6.865688e-02
  2.006262e-02   7.424006e-08   2.522281e+03   1.006726e+00   1.004062e+00   6.620493e-02
  1.991675e-02   1.470905e-06   2.565496e+03   1.016530e+00   1.009880e+00   6.332194e-02
  1.973559e-02   3.422703e-06   2.626252e+03   1.031138e+00   1.018067e+00   5.952515e-02
  1.969834e-02   3.084154e-06   2.621143e+03   1.027189e+00   1.014883e+00   6.119170e-02
  1.922202e-02   1.059835e-05   2.663299e+03   1.018472e+00   1.008235e+00   6.522466e-02
  1.929518e-02  -8.360540e-06   2.672578e+03   1.025910e+00   1.013178e+00   6.254759e-02
  1.980011e-02  -1.962616e-06   2.575272e+03   1.014427e+00   1.007424e+00   6.359599e-02
  2.005235e-02  -1.917246e-06   2.515365e+03   1.003452e+00   1.001631e+00   6.711263e-02
  2.025275e-02   3.692707e-07   2.461425e+03   9.917467e-01   9.950311e-01   7.051586e-02
  2.025254e-02   5.067178e-08   2.468441e+03   9.945630e-01   9.967269e-01   6.974003e-02
  2.003049e-02   1.131072e-06   2.510460e+03   1.000403e+00   9.995122e-01   6.822994e-02
  2.004038e-02   4.419375e-07   2.501975e+03   9.975140e-01   9.971176e-01   6.948945e-02
  1.969993e-02   2.735808e-06   2.585606e+03   1.013345e+00   1.005479e+00   6.661559e-02
  1.986056e-02  -6.675205e-07   2.566248e+03   1.013959e+00   1.007023e+00   6.648754e-02
  2.010838e-02  -1.922520e-06   2.487640e+03   9.951641e-01   9.959786e-01   6.933442e-02
  2.022336e-02  -9.499618e-07   2.458493e+03   9.891279e-01   9.932181e-01   7.142920e-02
  2.030970e-02  -2.300491e-07   2.425148e+03   9.798781e-01   9.880761e-01   7.552663e-02
  2.031196e-02   2.823805e-07   2.416398e+03   9.764513e-01   9.859641e-01   7.728612e-02
  2.038757e-02   3.364885e-06   2.389192e+03   9.690514e-01   9.809515e-01   8.074119e-02
  2.022722e-02   2.870918e-06   2.420879e+03   9.741802e-01   9.832178e-01   7.948233e-02
  1.968204e-02   1.115544e-05   2.526090e+03   9.891201e-01   9.910403e-01   7.499993e-02
  1.964648e-02  -1.161478e-05   2.467661e+03   9.644958e-01   9.767742e-01   8.524625e-02
  2.035892e-02  -9.186997e-07   2.371415e+03   9.604893e-01   9.752322e-01   8.388490e-02
  2.034629e-02  -1.067829e-06   2.385275e+03   9.655034e-01   9.790801e-01   8.199940e-02
  2.032967e-02   7.334762e-07   2.388381e+03   9.659709e-01   9.797905e-01   8.177662e-02
  2.031534e-02   4.646392e-07   2.396088e+03   9.684053e-01   9.811917e-01   8.070964e-02
  2.006657e-02  -5.940014e-07   2.436990e+03   9.728749e-01   9.832258e-01   7.959837e-02
  1.991628e-02  -3.295088e-07   2.484115e+03   9.842606e-01   9.893265e-01   7.535566e-02
  2.001344e-02  -2.700261e-06   2.490518e+03   9.916114e-01   9.926851e-01   7.472816e-02
  2.029757e-02  -1.822872e-06   2.379383e+03   9.608121e-01   9.752555e-01   8.823472e-02
  1.985569e-02  -1.019301e-06   2.499238e+03   9.872398e-01   9.910339e-01   7.412592e-02
  1.993892e-02  -2.330050e-06   2.483499e+03   9.851350e-01   9.906993e-01   7.440131e-02
  1.993475e-02  -4.847548e-07   2.518635e+03   9.988633e-01   9.993932e-01   6.952513e-02
  1.997637e-02   2.977956e-07   2.509481e+03   9.973112e-01   9.983568e-01   7.040517e-02
  1.993497e-02   2.711415e-06   2.510457e+03   9.956313e-01   9.970097e-01   7.101627e-02
  1.992740e-02   8.554334e-07   2.499131e+03   9.907632e-01   9.933379e-01   7.323320e-02
  1.977240e-02   2.427273e-06   2.513759e+03   9.888104e-01   9.910632e-01   7.536195e-02
  1.888309e-02   4.720269e-06   2.717715e+03   1.020956e+00   1.010725e+00   6.674866e-02
  1.994783e-02   2.324567e-06   2.560649e+03   1.016192e+00   1.008450e+00   6.342261e-02
  1.997961e-02   2.247738e-06   2.563066e+03   1.018772e+00   1.010864e+00   6.272469e-02
  1.992879e-02   5.924980e-07   2.579309e+03   1.022621e+00   1.013668e+00   6.059431e-02
  1.997630e-02   7.599963e-07   2.563564e+03   1.018801e+00   1.011280e+00   6.198501e-02
  1.977319e-02  -1.818812e-06   2.583243e+03   1.016183e+00   1.009136e+00   6.361766e-02
  1.981798e-02  -9.425356e-07   2.548162e+03   1.004654e+00   1.001675e+00   6.777359e-02
  2.016585e-02  -4.953533e-06   2.473350e+03   9.922755e-01   9.931166e-01   7.450967e-02
  1.972731e-02  -3.227166e-06   2.628733e+03   1.031679e+00   1.017533e+00   6.088113e-02
  1.998697e-02  -1.762651e-06   2.521798e+03   1.002738e+00   1.000451e+00   6.668983e-02
  2.001308e-02  -1.333888e-06   2.517637e+03   1.002391e+00   1.001021e+00   6.646227e-02
  2.039503e-02  -1.000678e-06   2.414788e+03   9.797911e-01   9.879122e-01   7.449354e-02
  2.031407e-02  -1.541826e-06   2.441552e+03   9.867179e-01   9.920676e-01   7.251361e-02
  1.996845e-02   7.032174e-07   2.516382e+03   9.996569e-01   9.994447e-01   6.826842e-02
  1.970109e-02   3.496128e-07   2.590170e+03   1.015193e+00   1.007970e+00   6.390494e-02
  1.956465e-02   8.727222e-07   2.616749e+03   1.018507e+00   1.008970e+00   6.546925e-02
  1.949734e-02   1.665076e-05   2.502361e+03   9.706339e-01   9.803896e-01   8.580609e-02
  2.047397e-02   4.252629e-06   2.403336e+03   9.789186e-01   9.863409e-01   7.714059e-02
  2.060871e-02   5.354511e-06   2.377627e+03   9.748203e-01   9.846042e-01   7.857870e-02
  2.052455e-02   3.031575e-08   2.366752e+03   9.663993e-01   9.800202e-01   8.152922e-02
  2.049563e-02   1.487205e-06   2.378369e+03   9.697741e-01   9.820740e-01   7.983816e-02
  2.022803e-02  -1.842269e-06   2.430974e+03   9.782820e-01   9.867274e-01   7.687306e-02
  2.021662e-02  -8.591174e-07   2.444405e+03   9.831322e-01   9.886425e-01   7.440888e-02
  1.985875e-02  -6.898394e-06   2.539875e+03   1.003447e+00   1.000012e+00   7.021781e-02
  1.981148e-02  -4.762420e-06   2.503663e+03   9.867855e-01   9.905774e-01   7.682577e-02
  2.001418e-02  -2.216525e-06   2.495268e+03   9.935396e-01   9.951346e-01   7.041076e-02
  2.003343e-02  -3.745445e-06   2.496064e+03   9.948124e-01   9.966610e-01   6.983699e-02
  1.995431e-02  -1.678752e-06   2.548404e+03   1.011661e+00   1.007321e+00   6.416328e-02
  1.999054e-02  -1.992318e-06   2.530163e+03   1.006244e+00   1.003956e+00   6.659167e-02
  1.998150e-02  -4.888128e-06   2.505230e+03   9.958771e-01   9.972209e-01   6.944729e-02
  2.012505e-02  -3.561210e-06   2.446120e+03   9.793657e-01   9.864230e-01   7.614606e-02
  1.991004e-02  -1.065310e-05   2.508340e+03   9.935477e-01   9.944186e-01   7.411474e-02
  1.893392e-02   1.172391e-05   2.652931e+03   9.993018e-01   9.982900e-01   7.473061e-02
  2.073900e-02   4.062972e-06   2.362419e+03   9.747089e-01   9.839548e-01   7.806728e-02
  2.074592e-02   4.816990e-06   2.371404e+03   9.787424e-01   9.872672e-01   7.627934e-02
  2.059186e-02   8.037530e-07   2.393095e+03   9.803602e-01   9.885624e-01   7.463610e-02
  2.052095e-02   1.212868e-06   2.412621e+03   9.849558e-01   9.911827e-01   7.296776e-02
  2.025927e-02   4.934211e-07   2.452920e+03   9.886382e-01   9.931506e-01   7.215224e-02
  2.007382e-02   5.903424e-07   2.488961e+03   9.939816e-01   9.953401e-01   7.059914e-02
  1.988375e-02  -2.190002e-06   2.534947e+03   1.002760e+00   1.000276e+00   7.020545e-02
  1.979739e-02  -1.370980e-05   2.443828e+03   9.625176e-01   9.760327e-01   8.629687e-02
  2.021232e-02  -5.050996e-06   2.412954e+03   9.702762e-01   9.811766e-01   8.098675e-02
  2.034311e-02  -4.602156e-06   2.379156e+03   9.628760e-01   9.777092e-01   8.306145e-02
  2.044477e-02  -3.469546e-06   2.356141e+03   9.583269e-01   9.753608e-01   8.444880e-02
  2.046846e-02  -3.041097e-06   2.357553e+03   9.600123e-01   9.763037e-01   8.387338e-02
  2.022512e-02  -4.267587e-06   2.416414e+03   9.722826e-01   9.831842e-01   7.884356e-02
  2.011725e-02  -4.392122e-06   2.455297e+03   9.826588e-01   9.886501e-01   7.527397e-02
  1.996146e-02  -1.068904e-05   2.468091e+03   9.801298e-01   9.868019e-01   8.048592e-02
  1.900036e-02   9.948083e-06   2.631333e+03   9.946440e-01   9.951860e-01   7.824932e-02
  2.019105e-02   2.901924e-06   2.523981e+03   1.013853e+00   1.007395e+00   6.472140e-02
  2.018904e-02   2.716755e-06   2.531108e+03   1.016615e+00   1.009905e+00   6.403234e-02
  2.011186e-02   9.586932e-07   2.538817e+03   1.015813e+00   1.009808e+00   6.312829e-02
  2.010388e-02   1.299280e-06   2.525030e+03   1.009896e+00   1.006191e+00   6.525085e-02
  2.006704e-02   2.333580e-06   2.518214e+03   1.005324e+00   1.003011e+00   6.714304e-02
  2.005175e-02   2.652986e-06   2.503418e+03   9.986561e-01   9.981813e-01   6.950654e-02
  1.992541e-02   7.408118e-06   2.474662e+03   9.809648e-01   9.871941e-01   8.011929e-02
  1.862508e-02  -1.779612e-05   2.814704e+03   1.042944e+00   1.023774e+00   5.748378e-02
  2.018524e-02  -6.633354e-06   2.526779e+03   1.014685e+00   1.007825e+00   6.403575e-02
  2.029410e-02  -5.693864e-06   2.514008e+03   1.015002e+00   1.008951e+00   6.301364e-02
  2.026596e-02  -2.781375e-06   2.509573e+03   1.011806e+00   1.007448e+00   6.338978e-02
  2.027930e-02  -2.325512e-06   2.504623e+03   1.010475e+00   1.006529e+00   6.389485e-02
  2.022168e-02  -3.881385e-06   2.510564e+03   1.009993e+00   1.005881e+00   6.430641e-02
  2.015053e-02  -3.788805e-06   2.519216e+03   1.009908e+00   1.004946e+00   6.492799e-02
  1.940464e-02  -9.352835e-06   2.658153e+03   1.026161e+00   1.014439e+00   6.473096e-02
  1.947523e-02   5.580618e-07   2.500728e+03   9.689003e-01   9.798622e-01   8.576569e-02
  2.086814e-02   5.417447e-07   2.289801e+03   9.506303e-01   9.694871e-01   8.784505e-02
  2.093370e-02  -2.303308e-07   2.267578e+03   9.443618e-01   9.666217e-01   9.014718e-02
  2.099980e-02   9.834559e-07   2.245156e+03   9.379764e-01   9.631871e-01   9.173040e-02
  2.081234e-02   9.140613e-07   2.295088e+03   9.502776e-01   9.703092e-01   8.692242e-02
  2.068588e-02   4.358789e-06   2.338010e+03   9.621671e-01   9.769966e-01   8.219889e-02
  2.045648e-02   4.641476e-06   2.396856e+03   9.754455e-01   9.841321e-01   7.726627e-02
  1.953056e-02   1.363124e-05   2.567651e+03   9.976561e-01   9.970258e-01   7.361806e-02
  1.909547e-02  -1.555198e-05   2.515939e+03   9.557855e-01   9.704369e-01   9.199741e-02
  2.009445e-02  -4.943945e-06   2.466764e+03   9.861293e-01   9.902996e-01   7.769456e-02
  2.022619e-02  -4.019786e-06   2.437710e+03   9.809034e-01   9.879408e-01   7.895253e-02
  2.012452e-02  -2.113158e-06   2.452397e+03   9.818527e-01   9.887792e-01   7.750288e-02
  2.024630e-02  -1.949527e-06   2.430323e+03   9.789031e-01   9.872302e-01   7.780639e-02
  2.033388e-02  -2.548260e-06   2.415636e+03   9.771964e-01   9.858277e-01   7.855938e-02
  2.042488e-02  -3.480294e-06   2.388979e+03   9.707378e-01   9.811814e-01   8.067406e-02
  1.975863e-02  -2.157904e-06   2.434371e+03   9.569156e-01   9.724687e-01   9.136912e-02
  1.903010e-02  -8.573432e-06   2.710933e+03   1.026337e+00   1.013594e+00   6.474943e-02
  2.001755e-02  -1.853077e-06   2.570929e+03   1.023838e+00   1.013247e+00   6.016355e-02
  1.994995e-02  -3.045365e-06   2.602569e+03   1.032938e+00   1.019424e+00   5.765396e-02
  1.999244e-02   1.975378e-07   2.595397e+03   1.032286e+00   1.019207e+00   5.684470e-02
  2.002439e-02  -2.689495e-07   2.571307e+03   1.024338e+00   1.014607e+00   5.989951e-02
  2.017093e-02   3.717238e-06   2.520188e+03   1.011321e+00   1.006352e+00   6.473852e-02
  2.015765e-02   4.580496e-06   2.495991e+03   1.000951e+00   9.993561e-01   6.892438e-02
  1.915300e-02   1.314202e-05   2.615824e+03   9.967249e-01   9.959442e-01   7.614097e-02
  1.874608e-02  -6.833723e-06   2.686212e+03   1.001800e+00   9.977512e-01   7.171271e-02
  2.060133e-02  -1.141731e-06   2.382907e+03   9.766352e-01   9.846129e-01   7.867910e-02
  2.070477e-02  -1.327815e-07   2.373714e+03   9.777527e-01   9.859176e-01   7.694720e-02
  2.055979e-02   3.932311e-07   2.411516e+03   9.863681e-01   9.914677e-01   7.290525e-02
  2.058737e-02  -3.464979e-07   2.406632e+03   9.856907e-01   9.911971e-01   7.261562e-02
  2.051626e-02  -4.387815e-07   2.437455e+03   9.948670e-01   9.966411e-01   7.018647e-02
  2.040908e-02  -5.849144e-07   2.461241e+03   9.993271e-01   9.985079e-01   6.884257e-02
  1.891833e-02   3.397070e-07   2.726596e+03   1.026204e+00   1.013680e+00   6.509766e-02
  2.050230e-02  -2.797135e-05   2.440662e+03   9.954979e-01   9.952276e-01   8.745926e-02
  2.000380e-02  -2.640431e-05   2.494151e+03   9.925797e-01   9.943859e-01   8.598470e-02
  2.007770e-02  -2.614327e-05   2.481261e+03   9.910976e-01   9.943012e-01   8.610962e-02
  2.019120e-02  -2.561084e-05   2.464214e+03   9.898529e-01   9.939678e-01   8.616947e-02
  2.018948e-02  -1.890535e-05   2.461899e+03   9.888391e-01   9.932964e-01   8.611549e-02
  2.014012e-02  -9.401356e-06   2.468467e+03   9.890529e-01   9.930776e-01   8.559284e-02
  2.005451e-02  -1.894225e-06   2.482352e+03   9.903886e-01   9.931353e-01   8.558477e-02
  1.984576e-02  -7.244729e-06   2.516586e+03   9.935958e-01   9.945334e-01   8.827157e-02
  1.933347e-02  -1.765033e-05   2.597434e+03   9.990435e-01   9.973545e-01   8.882128e-02
  2.000359e-02   3.211331e-07   2.503302e+03   9.962108e-01   9.964828e-01   8.568867e-02
  2.009296e-02  -4.521687e-06   2.486729e+03   9.940369e-01   9.960378e-01   8.567177e-02
  2.021817e-02  -7.255430e-06   2.465415e+03   9.916579e-01   9.949153e-01   8.578618e-02
  2.022633e-02  -8.368084e-06   2.463309e+03   9.912107e-01   9.947575e-01   8.587766e-02
  2.025410e-02  -1.032574e-05   2.462726e+03   9.923372e-01   9.950484e-01   8.641672e-02
  2.012913e-02  -9.147091e-06   2.483223e+03   9.944225e-01   9.954611e-01   8.628633e-02
  1.903180e-02  -2.434183e-05   2.629784e+03   9.957035e-01   9.952384e-01   8.864823e-02
  2.035076e-02  -1.323464e-06   2.459610e+03   9.958114e-01   9.952479e-01   8.646969e-02
  1.999708e-02   8.677982e-06   2.494272e+03   9.922944e-01   9.941821e-01   8.558794e-02
  2.007173e-02   9.794088e-06   2.483616e+03   9.917434e-01   9.946543e-01   8.559682e-02
  2.019922e-02   6.080801e-06   2.463552e+03   9.899805e-01   9.939986e-01   8.574985e-02
  2.023324e-02   7.898423e-06   2.458843e+03   9.897519e-01   9.939658e-01   8.561364e-02
  2.018557e-02  -8.559824e-06   2.465025e+03   9.899027e-01   9.935706e-01   8.529433e-02
  2.010496e-02  -1.019591e-05   2.477854e+03   9.910810e-01   9.934217e-01   8.527126e-02
  1.978659e-02  -3.322296e-05   2.524272e+03   9.936587e-01   9.944251e-01   8.763335e-02
  1.941918e-02  -5.984346e-06   2.587312e+03   9.995620e-01   9.977444e-01   8.864826e-02
  1.992243e-02   3.997762e-06   2.514508e+03   9.966106e-01   9.967923e-01   8.531147e-02
  2.004483e-02   3.379934e-06   2.493309e+03   9.942800e-01   9.961797e-01   8.544942e-02
  2.019596e-02   9.902176e-06   2.467734e+03   9.915008e-01   9.949573e-01   8.580622e-02
  2.022374e-02   3.288326e-06   2.462411e+03   9.907229e-01   9.944748e-01   8.583288e-02
  2.027976e-02   2.660002e-06   2.458147e+03   9.917469e-01   9.946772e-01   8.648264e-02
  2.017264e-02  -3.009473e-06   2.475909e+03   9.936364e-01   9.950481e-01   8.649126e-02
  1.901205e-02  -1.809511e-07   2.631756e+03   9.954162e-01   9.951981e-01   8.918309e-02
  2.007286e-02   1.147322e-05   2.494363e+03   9.960913e-01   9.953206e-01   8.594397e-02
  2.004680e-02   1.039380e-06   2.487195e+03   9.919393e-01   9.939593e-01   8.556155e-02
  2.008495e-02  -4.154165e-07   2.482281e+03   9.918635e-01   9.946932e-01   8.546742e-02
  2.021362e-02  -4.838597e-06   2.460735e+03   9.895530e-01   9.937899e-01   8.564354e-02
  2.022217e-02  -8.305530e-06   2.459966e+03   9.896625e-01   9.937488e-01   8.542800e-02
  2.016485e-02  -9.046158e-06   2.468334e+03   9.902139e-01   9.937731e-01   8.502752e-02
  2.011031e-02  -7.549935e-06   2.478993e+03   9.918006e-01   9.940251e-01   8.510633e-02
  1.970120e-02  -2.958087e-05   2.535394e+03   9.937300e-01   9.942082e-01   8.753057e-02
  1.942099e-02  -9.360402e-06   2.584399e+03   9.985299e-01   9.976149e-01   8.822751e-02
  1.992137e-02  -1.322554e-05   2.512047e+03   9.955821e-01   9.961577e-01   8.563773e-02
  2.003950e-02  -9.312675e-06   2.491413e+03   9.932593e-01   9.955563e-01   8.563174e-02
  2.020101e-02  -8.909007e-06   2.465237e+03   9.907452e-01   9.944725e-01   8.616939e-02
  2.022666e-02  -3.225452e-06   2.459904e+03   9.898571e-01   9.939549e-01   8.594002e-02
  2.030153e-02   2.836231e-07   2.454700e+03   9.914193e-01   9.945111e-01   8.657285e-02
  2.020900e-02   5.760619e-06   2.469595e+03   9.928886e-01   9.945577e-01   8.663147e-02
  1.907582e-02   1.509502e-06   2.623504e+03   9.956237e-01   9.953985e-01   8.928311e-02
  1.988100e-02   1.185020e-05   2.517690e+03   9.957965e-01   9.955429e-01   8.616180e-02
  2.006766e-02   1.216336e-05   2.483970e+03   9.916834e-01   9.938617e-01   8.537663e-02
  2.015630e-02   1.778402e-05   2.473614e+03   9.919113e-01   9.947924e-01   8.534150e-02
  2.022647e-02   1.713058e-05   2.459566e+03   9.897119e-01   9.937747e-01   8.562556e-02
  2.022982e-02   2.142994e-05   2.458159e+03   9.893094e-01   9.936026e-01   8.567286e-02
  2.017963e-02   9.089518e-06   2.466852e+03   9.903447e-01   9.938458e-01   8.549737e-02
  2.008965e-02   4.586232e-06   2.483482e+03   9.925753e-01   9.942659e-01   8.532918e-02
  1.965488e-02  -1.581385e-05   2.543807e+03   9.946830e-01   9.946594e-01   8.757978e-02
  1.970545e-02   3.983288e-05   2.543423e+03   9.970919e-01   9.965607e-01   9.030298e-02
  1.997136e-02   2.424080e-05   2.503935e+03   9.948571e-01   9.957721e-01   8.569322e-02
  2.005932e-02   2.054911e-05   2.488844e+03   9.932171e-01   9.956139e-01   8.557843e-02
  2.021943e-02   1.117341e-05   2.463049e+03   9.907685e-01   9.945188e-01   8.620581e-02
  2.025887e-02   2.805651e-06   2.454434e+03   9.892287e-01   9.935604e-01   8.608169e-02
  2.025985e-02   3.371895e-08   2.458378e+03   9.908662e-01   9.941689e-01   8.651520e-02
  2.019873e-02  -5.509025e-06   2.467156e+03   9.914042e-01   9.937483e-01   8.651591e-02
  1.928002e-02  -2.055386e-06   2.592583e+03   9.944208e-01   9.946170e-01   8.959048e-02
  1.955806e-02  -5.397402e-06   2.557208e+03   9.949972e-01   9.946988e-01   8.680453e-02
  2.012708e-02  -1.832440e-05   2.477023e+03   9.918383e-01   9.939317e-01   8.580948e-02
  2.017232e-02  -2.084629e-05   2.471662e+03   9.919165e-01   9.948160e-01   8.579075e-02
  2.023609e-02  -2.677256e-05   2.459053e+03   9.899755e-01   9.940611e-01   8.589913e-02
  2.025306e-02  -2.580214e-05   2.454714e+03   9.890575e-01   9.934614e-01   8.613495e-02
  2.021071e-02  -1.999854e-05   2.462342e+03   9.900567e-01   9.936747e-01   8.615998e-02
  2.010813e-02  -1.177646e-05   2.481186e+03   9.925702e-01   9.944551e-01   8.598347e-02
  1.956654e-02  -3.296765e-06   2.556508e+03   9.951564e-01   9.949993e-01   8.711358e-02
  1.957952e-02  -3.431051e-05   2.559009e+03   9.967908e-01   9.965852e-01   8.928189e-02
  2.001570e-02  -1.976397e-05   2.497778e+03   9.946143e-01   9.956225e-01   8.547787e-02
  2.010195e-02  -1.955436e-05   2.484879e+03   9.937416e-01   9.959127e-01   8.542493e-02
  2.021628e-02  -1.085467e-05   2.464492e+03   9.911946e-01   9.945963e-01   8.599207e-02
  2.026230e-02  -8.212544e-06   2.453949e+03   9.892008e-01   9.934602e-01   8.600801e-02
  2.021971e-02  -6.003981e-06   2.462423e+03   9.905300e-01   9.939989e-01   8.630041e-02
  2.017032e-02  -1.235372e-06   2.468228e+03   9.904402e-01   9.930738e-01   8.628007e-02
  1.953489e-02  -6.889317e-06   2.554221e+03   9.926579e-01   9.938778e-01   8.984499e-02
  1.939259e-02   1.888072e-07   2.580177e+03   9.954412e-01   9.950671e-01   8.760962e-02
  2.017722e-02   1.318980e-05   2.470452e+03   9.916716e-01   9.938805e-01   8.584734e-02
  2.023320e-02   1.190346e-05   2.463324e+03   9.915537e-01   9.945890e-01   8.593360e-02
  2.022118e-02   1.735468e-05   2.461326e+03   9.901610e-01   9.942191e-01   8.565014e-02
  2.023744e-02   1.663060e-05   2.458881e+03   9.899724e-01   9.940701e-01   8.594529e-02
  2.019231e-02   1.012792e-05   2.467936e+03   9.914026e-01   9.944136e-01   8.620842e-02
  2.007723e-02   2.946824e-06   2.487648e+03   9.936258e-01   9.948798e-01   8.622121e-02
  1.953135e-02  -1.713480e-07   2.562804e+03   9.958130e-01   9.952429e-01   8.747508e-02
  1.948533e-02  -5.623063e-07   2.572341e+03   9.971636e-01   9.965437e-01   8.882910e-02
  2.006371e-02   2.774086e-06   2.491801e+03   9.946145e-01   9.956156e-01   8.540828e-02
  2.014690e-02   4.879692e-06   2.479262e+03   9.937125e-01   9.958574e-01   8.548184e-02
  2.023813e-02   8.501511e-06   2.460975e+03   9.908497e-01   9.945563e-01   8.593026e-02
  2.027087e-02   1.166341e-05   2.452204e+03   9.889155e-01   9.933575e-01   8.590878e-02
  2.018678e-02   1.311163e-05   2.465687e+03   9.902277e-01   9.938245e-01   8.580978e-02
  2.012847e-02   8.661314e-06   2.472515e+03   9.901017e-01   9.930898e-01   8.558289e-02
  1.976821e-02  -5.967352e-06   2.521585e+03   9.916788e-01   9.932846e-01   8.981509e-02
  1.932190e-02   1.791137e-05   2.589505e+03   9.953982e-01   9.950703e-01   8.872847e-02
  2.019230e-02   4.115859e-06   2.468560e+03   9.916525e-01   9.938405e-01   8.613465e-02
  2.025778e-02   2.414649e-06   2.458966e+03   9.910022e-01   9.942770e-01   8.625002e-02
  2.024101e-02  -7.737485e-06   2.458406e+03   9.899561e-01   9.940025e-01   8.591913e-02
  2.023730e-02  -4.327618e-06   2.460324e+03   9.905468e-01   9.944069e-01   8.593031e-02
  2.011241e-02   4.063522e-07   2.480730e+03   9.925990e-01   9.952220e-01   8.591349e-02
  2.001395e-02   9.506611e-06   2.498519e+03   9.948228e-01   9.956399e-01   8.596465e-02
  1.940554e-02   1.461523e-05   2.582059e+03   9.968320e-01   9.958749e-01   8.726195e-02
  1.945126e-02   8.052698e-06   2.575500e+03   9.966426e-01   9.958685e-01   8.882332e-02
  2.011505e-02   7.159695e-06   2.483482e+03   9.938303e-01   9.951201e-01   8.572897e-02
  2.021118e-02  -3.212615e-06   2.467483e+03   9.921468e-01   9.949321e-01   8.592213e-02
  2.027220e-02  -1.272070e-05   2.452834e+03   9.892344e-01   9.936663e-01   8.601521e-02
  2.028913e-02  -1.846352e-05   2.447903e+03   9.880698e-01   9.929035e-01   8.596945e-02
  2.018648e-02  -2.916311e-05   2.463966e+03   9.895218e-01   9.934022e-01   8.558061e-02
  2.012819e-02  -2.139191e-05   2.470937e+03   9.894560e-01   9.924329e-01   8.529161e-02
  1.979156e-02  -2.288685e-05   2.518792e+03   9.917508e-01   9.932774e-01   8.893277e-02
  1.915193e-02  -1.182994e-05   2.612600e+03   9.954415e-01   9.952975e-01   8.843672e-02
  2.020810e-02  -6.330400e-06   2.468811e+03   9.925298e-01   9.943940e-01   8.634810e-02
  2.027936e-02  -5.005981e-06   2.457685e+03   9.915407e-01   9.945639e-01   8.653013e-02
  2.026384e-02   2.250926e-06   2.456605e+03   9.903467e-01   9.943235e-01   8.618943e-02
  2.026247e-02  -3.078851e-06   2.457964e+03   9.908275e-01   9.946085e-01   8.617787e-02
  2.014862e-02  -9.189550e-06   2.477350e+03   9.930308e-01   9.954208e-01   8.616737e-02
  2.004411e-02  -1.255445e-05   2.495320e+03   9.950459e-01   9.959459e-01   8.618780e-02
  1.920868e-02  -1.528236e-05   2.608889e+03   9.969726e-01   9.958180e-01   8.710768e-02
  1.954467e-02  -6.246036e-06   2.561612e+03   9.960286e-01   9.957230e-01   8.877068e-02
  2.012250e-02  -7.398673e-06   2.478938e+03   9.923797e-01   9.942731e-01   8.595113e-02
  2.019886e-02   2.775143e-06   2.465375e+03   9.906948e-01   9.940625e-01   8.600375e-02
  2.027473e-02   1.225369e-05   2.448991e+03   9.878075e-01   9.926962e-01   8.603725e-02
  2.029770e-02   1.835020e-05   2.445311e+03   9.874408e-01   9.925184e-01   8.604341e-02
  2.020256e-02   2.081182e-05   2.459560e+03   9.885397e-01   9.928904e-01   8.572403e-02
  2.014232e-02   1.614614e-05   2.467356e+03   9.887159e-01   9.920380e-01   8.546648e-02
  1.974120e-02  -8.570259e-06   2.526025e+03   9.920677e-01   9.934156e-01   8.832398e-02
  1.923899e-02   1.442525e-05   2.597690e+03   9.942598e-01   9.943664e-01   8.966696e-02
  2.022621e-02   1.882566e-05   2.467482e+03   9.928844e-01   9.945765e-01   8.670488e-02
  2.031503e-02   1.515061e-05   2.454079e+03   9.918274e-01   9.947604e-01   8.684754e-02
  2.027249e-02   1.110535e-05   2.456891e+03   9.908846e-01   9.946664e-01   8.624995e-02
  2.026052e-02   1.157242e-05   2.458738e+03   9.910442e-01   9.946080e-01   8.623703e-02
  2.018987e-02   1.769399e-05   2.472237e+03   9.930102e-01   9.954447e-01   8.640768e-02
  2.009145e-02   1.428243e-05   2.488320e+03   9.945980e-01   9.954439e-01   8.637966e-02
  1.906991e-02   1.757496e-05   2.626976e+03   9.966325e-01   9.956236e-01   8.757323e-02
  1.951887e-02   4.060488e-05   2.566804e+03   9.967302e-01   9.959661e-01   8.775775e-02
  2.007708e-02   1.447611e-05   2.484410e+03   9.923253e-01   9.941953e-01   8.587587e-02
  2.014011e-02   7.933092e-06   2.474032e+03   9.912820e-01   9.943712e-01   8.572804e-02
  2.024150e-02  -3.001994e-06   2.454540e+03   9.884236e-01   9.931432e-01   8.564917e-02
  2.024636e-02  -5.521506e-06   2.453650e+03   9.883021e-01   9.930263e-01   8.550138e-02
  2.018081e-02  -1.299679e-05   2.463188e+03   9.889314e-01   9.930088e-01   8.520453e-02
  2.015814e-02  -1.492136e-05   2.466251e+03   9.890495e-01   9.923256e-01   8.529773e-02
  1.967257e-02  -9.802487e-06   2.536541e+03   9.927344e-01   9.937596e-01   8.734613e-02
  1.922480e-02  -1.801471e-05   2.598606e+03   9.938765e-01   9.942919e-01   8.894237e-02
  2.022386e-02  -2.042626e-05   2.466408e+03   9.923368e-01   9.942591e-01   8.687319e-02
  2.028079e-02  -1.625184e-05   2.457134e+03   9.913881e-01   9.945163e-01   8.680034e-02
  2.028749e-02  -1.619795e-05   2.455281e+03   9.909682e-01   9.946909e-01   8.645775e-02
  2.026941e-02  -1.627827e-05   2.458291e+03   9.912984e-01   9.948084e-01   8.632097e-02
  2.024955e-02  -1.540614e-05   2.464709e+03   9.929128e-01   9.953950e-01   8.662860e-02
  2.017412e-02  -6.181179e-06   2.477167e+03   9.942143e-01   9.950731e-01   8.670954e-02
  1.897042e-02  -9.623154e-06   2.640988e+03   9.967208e-01   9.957341e-01   8.791090e-02
  1.962827e-02  -8.371726e-06   2.554209e+03   9.973985e-01   9.963083e-01   8.875285e-02
  2.000136e-02  -1.032840e-05   2.496694e+03   9.934705e-01   9.949001e-01   8.567590e-02
  2.007384e-02  -8.827701e-06   2.485915e+03   9.927662e-01   9.952900e-01   8.546462e-02
  2.017766e-02  -6.465329e-06   2.466530e+03   9.901189e-01   9.943366e-01   8.510648e-02
  2.020961e-02  -5.299863e-06   2.460399e+03   9.892216e-01   9.935726e-01   8.513309e-02
  2.016365e-02  -3.048662e-06   2.468131e+03   9.900739e-01   9.936921e-01   8.505304e-02
  2.013253e-02  -3.078273e-06   2.471820e+03   9.900231e-01   9.927653e-01   8.529190e-02
  1.975722e-02  -4.578897e-07   2.526553e+03   9.930806e-01   9.938672e-01   8.736768e-02
  1.910588e-02  -2.926453e-07   2.616289e+03   9.944498e-01   9.941875e-01   8.807236e-02
  2.016456e-02   1.471343e-05   2.474204e+03   9.925547e-01   9.943930e-01   8.659806e-02
  2.025562e-02   1.360391e-05   2.459591e+03   9.911479e-01   9.943656e-01   8.677424e-02
  2.029705e-02   2.833464e-05   2.453005e+03   9.905159e-01   9.943965e-01   8.677310e-02
  2.027138e-02   2.234119e-05   2.456637e+03   9.907279e-01   9.945690e-01   8.655693e-02
  2.028645e-02   1.832351e-05   2.459164e+03   9.924842e-01   9.951793e-01   8.687060e-02
  2.021234e-02   6.749069e-06   2.471013e+03   9.936234e-01   9.948877e-01   8.690477e-02
  1.901842e-02  -6.143816e-06   2.634106e+03   9.966387e-01   9.955769e-01   8.926691e-02
  1.941138e-02   6.869014e-05   2.586414e+03   9.988140e-01   9.969731e-01   8.662913e-02
  2.000828e-02   2.272538e-05   2.499104e+03   9.947731e-01   9.956455e-01   8.569026e-02
  2.008376e-02   2.617282e-05   2.486334e+03   9.934238e-01   9.956348e-01   8.565290e-02
  2.019852e-02   5.031929e-06   2.464014e+03   9.901313e-01   9.941510e-01   8.553547e-02
  2.023278e-02   9.627355e-06   2.456449e+03   9.887659e-01   9.932264e-01   8.563220e-02
  2.018632e-02   1.586810e-05   2.464689e+03   9.898046e-01   9.934965e-01   8.569025e-02
  2.010561e-02   2.408605e-05   2.477253e+03   9.908727e-01   9.932651e-01   8.565365e-02
  1.975684e-02   1.835220e-05   2.528050e+03   9.936498e-01   9.939918e-01   8.679030e-02
  1.911433e-02  -1.223858e-05   2.620248e+03   9.963950e-01   9.955220e-01   8.705762e-02
  2.009199e-02  -7.252238e-06   2.485531e+03   9.935104e-01   9.949642e-01   8.589529e-02
  2.017707e-02  -1.183178e-05   2.470535e+03   9.916973e-01   9.946782e-01   8.600148e-02
  2.026661e-02  -1.667602e-05   2.456839e+03   9.905767e-01   9.942535e-01   8.639486e-02
  2.027598e-02  -1.494319e-05   2.454353e+03   9.900313e-01   9.940116e-01   8.640037e-02
  2.026747e-02  -1.577004e-06   2.460847e+03   9.922345e-01   9.949768e-01   8.689763e-02
  2.018268e-02   4.385536e-06   2.473250e+03   9.930634e-01   9.947667e-01   8.675078e-02
  1.903695e-02   2.773932e-05   2.631012e+03   9.964384e-01   9.956918e-01   8.958789e-02
  1.916292e-02   8.230763e-06   2.616496e+03   9.974979e-01   9.960688e-01   8.623278e-02
  2.008327e-02   6.393867e-06   2.487614e+03   9.939110e-01   9.951359e-01   8.617983e-02
  2.015669e-02   8.417057e-06   2.475130e+03   9.925386e-01   9.951162e-01   8.622503e-02
  2.024395e-02   1.336395e-05   2.456359e+03   9.892756e-01   9.935824e-01   8.610610e-02
  2.023266e-02   1.074887e-05   2.456651e+03   9.888413e-01   9.933302e-01   8.610435e-02
  2.016020e-02   7.666771e-06   2.467887e+03   9.898063e-01   9.934680e-01   8.591261e-02
  2.005655e-02  -4.079911e-06   2.486167e+03   9.920116e-01   9.940098e-01   8.582784e-02
  1.978949e-02   1.981308e-05   2.528346e+03   9.954087e-01   9.950330e-01   8.639479e-02
  1.925971e-02   1.212898e-05   2.600917e+03   9.965670e-01   9.958967e-01   8.615931e-02
  2.002634e-02  -5.114106e-06   2.494912e+03   9.940011e-01   9.952502e-01   8.540587e-02
  2.011069e-02  -3.385937e-06   2.480519e+03   9.924296e-01   9.951065e-01   8.526067e-02
  2.021151e-02   4.753937e-06   2.465373e+03   9.913147e-01   9.947575e-01   8.581501e-02
  2.023536e-02   4.116611e-06   2.459946e+03   9.902995e-01   9.941364e-01   8.601053e-02
  2.021623e-02   7.192678e-06   2.467876e+03   9.925532e-01   9.951685e-01   8.641142e-02
  2.012879e-02   3.510287e-06   2.479723e+03   9.930040e-01   9.947204e-01   8.637621e-02
  1.923931e-02   2.267435e-05   2.602558e+03   9.961393e-01   9.957424e-01   8.972522e-02
  1.920565e-02  -2.231508e-05   2.607911e+03   9.964418e-01   9.953906e-01   8.743698e-02
  2.017235e-02  -2.277962e-05   2.474835e+03   9.931913e-01   9.947705e-01   8.677335e-02
  2.023554e-02  -2.433471e-05   2.464212e+03   9.920258e-01   9.948900e-01   8.690208e-02
  2.027500e-02  -2.649774e-05   2.452438e+03   9.892111e-01   9.936039e-01   8.670138e-02
  2.024520e-02  -2.129595e-05   2.458076e+03   9.900282e-01   9.940669e-01   8.656495e-02
  2.011300e-02  -1.041796e-05   2.476580e+03   9.909674e-01   9.942141e-01   8.609106e-02
  2.001558e-02  -5.127380e-07   2.494138e+03   9.931589e-01   9.946859e-01   8.596661e-02
  1.980838e-02   1.310595e-05   2.530483e+03   9.972004e-01   9.960532e-01   8.659504e-02
  1.957877e-02  -1.101463e-05   2.556290e+03   9.956933e-01   9.951788e-01   8.644859e-02
  2.003389e-02   6.559889e-06   2.492678e+03   9.934855e-01   9.949019e-01   8.566715e-02
  2.011928e-02   7.389965e-06   2.478865e+03   9.921917e-01   9.949123e-01   8.546022e-02
  2.018460e-02   1.130065e-05   2.469211e+03   9.915361e-01   9.949963e-01   8.578539e-02
  2.019360e-02   6.078512e-06   2.466752e+03   9.909905e-01   9.945527e-01   8.564197e-02
  2.012598e-02   8.878072e-06   2.480853e+03   9.933177e-01   9.956016e-01   8.573198e-02
  2.005429e-02   2.248845e-06   2.491336e+03   9.939620e-01   9.952097e-01   8.572342e-02
  1.947415e-02   5.166624e-06   2.571941e+03   9.964369e-01   9.958895e-01   8.992626e-02
  1.910046e-02   2.098977e-05   2.622222e+03   9.964225e-01   9.956177e-01   8.772400e-02
  2.023812e-02   2.484848e-05   2.466046e+03   9.928910e-01   9.946140e-01   8.685786e-02
  2.029683e-02   2.815278e-05   2.456702e+03   9.919978e-01   9.948873e-01   8.699752e-02
  2.025991e-02   3.130649e-05   2.456929e+03   9.902852e-01   9.943027e-01   8.626133e-02
  2.024756e-02   2.853853e-05   2.460602e+03   9.911611e-01   9.948302e-01   8.635981e-02
  2.010213e-02   2.495520e-05   2.482211e+03   9.926838e-01   9.952108e-01   8.592439e-02
  2.001644e-02   2.218811e-05   2.496255e+03   9.940450e-01   9.952049e-01   8.618517e-02
  1.961423e-02   3.242819e-05   2.557434e+03   9.979435e-01   9.963098e-01   8.590932e-02
  2.002210e-02   6.368634e-06   2.498519e+03   9.952273e-01   9.950224e-01   8.701260e-02
  2.004108e-02  -2.212232e-05   2.490554e+03   9.929954e-01   9.946159e-01   8.620430e-02
  2.013499e-02  -2.497074e-05   2.474810e+03   9.913421e-01   9.944593e-01   8.603044e-02
  2.017427e-02  -3.086294e-05   2.468554e+03   9.907648e-01   9.945465e-01   8.598611e-02
  2.017722e-02  -2.232828e-05   2.467318e+03   9.904135e-01   9.943686e-01   8.580951e-02
  2.004911e-02  -1.056011e-05   2.488178e+03   9.924458e-01   9.951511e-01   8.524716e-02
  1.996060e-02  -1.953014e-06   2.502494e+03   9.937490e-01   9.951293e-01   8.507377e-02
  1.966390e-02   3.206086e-05   2.546639e+03   9.962471e-01   9.961463e-01   8.868313e-02
  1.917918e-02  -6.580371e-05   2.613165e+03   9.970733e-01   9.961266e-01   8.815866e-02
  2.022857e-02  -2.717628e-05   2.467898e+03   9.931678e-01   9.947363e-01   8.663513e-02
  2.028812e-02  -2.906207e-05   2.457853e+03   9.920367e-01   9.948545e-01   8.680740e-02
  2.024690e-02  -2.291324e-05   2.459634e+03   9.907384e-01   9.944191e-01   8.616703e-02
  2.023812e-02  -2.039862e-05   2.462246e+03   9.913606e-01   9.948879e-01   8.634186e-02
  2.010402e-02  -2.031667e-05   2.484046e+03   9.935113e-01   9.957568e-01   8.600927e-02
  2.004615e-02  -2.025454e-05   2.494002e+03   9.946217e-01   9.955780e-01   8.632199e-02
  1.936883e-02  -2.812911e-05   2.589360e+03   9.977598e-01   9.964123e-01   8.702900e-02
  2.038821e-02   1.357940e-05   2.454799e+03   9.956925e-01   9.953853e-01   8.775569e-02
  2.002434e-02   2.655268e-05   2.492929e+03   9.931120e-01   9.947152e-01   8.632080e-02
  2.010655e-02   3.083073e-05   2.477870e+03   9.911653e-01   9.943688e-01   8.639167e-02
  2.017574e-02   3.036833e-05   2.466679e+03   9.900847e-01   9.941733e-01   8.634819e-02
  2.020003e-02   2.390932e-05   2.461420e+03   9.891632e-01   9.935698e-01   8.618066e-02
  2.006984e-02   1.201673e-05   2.479586e+03   9.900412e-01   9.937300e-01   8.535403e-02
  1.999877e-02   3.800792e-06   2.492308e+03   9.915972e-01   9.937478e-01   8.530071e-02
  1.979776e-02  -2.948483e-07   2.526131e+03   9.949521e-01   9.953281e-01   8.858483e-02
  1.925383e-02  -1.547297e-05   2.605186e+03   9.978975e-01   9.966568e-01   8.871956e-02
  2.010834e-02  -6.625506e-06   2.485633e+03   9.943597e-01   9.954611e-01   8.615194e-02
  2.021290e-02  -3.575825e-06   2.468423e+03   9.926091e-01   9.952179e-01   8.627712e-02
  2.023516e-02   7.070559e-06   2.461094e+03   9.907522e-01   9.945950e-01   8.604089e-02
  2.024331e-02   5.805016e-06   2.460836e+03   9.910472e-01   9.946300e-01   8.626131e-02
  2.018556e-02   6.903076e-06   2.473300e+03   9.932253e-01   9.955544e-01   8.631213e-02
  2.008871e-02   6.268087e-06   2.489847e+03   9.950729e-01   9.958752e-01   8.626177e-02
  1.913690e-02   2.437817e-05   2.619710e+03   9.973667e-01   9.960583e-01   8.744993e-02
  1.983702e-02  -1.035809e-05   2.477265e+03   9.776403e-01   9.846248e-01   1.087595e-01
  2.058596e-02  -5.983159e-06   2.333108e+03   9.555122e-01   9.719426e-01   1.146638e-01
  2.059344e-02  -6.322467e-06   2.336906e+03   9.574147e-01   9.737265e-01   1.135878e-01
  2.064926e-02  -7.816374e-07   2.359511e+03   9.692961e-01   9.812093e-01   1.085599e-01
  2.053205e-02  -1.454771e-06   2.388060e+03   9.754561e-01   9.850731e-01   1.063939e-01
  2.031171e-02   1.752663e-06   2.463484e+03   9.954658e-01   9.968958e-01   9.915500e-02
  2.004108e-02   1.343630e-06   2.526958e+03   1.007510e+00   1.003284e+00   9.529761e-02
  1.827148e-02   1.184862e-05   2.833009e+03   1.029797e+00   1.015506e+00   9.013234e-02
  1.873200e-02   1.626486e-06   2.634980e+03   9.819550e-01   9.856322e-01   1.088816e-01
  2.004195e-02   7.651310e-07   2.463493e+03   9.822487e-01   9.877516e-01   1.081818e-01
  2.022950e-02   1.630785e-06   2.424606e+03   9.757905e-01   9.847156e-01   1.103902e-01
  2.043231e-02   4.097891e-07   2.374508e+03   9.652087e-01   9.788950e-01   1.132090e-01
  2.044974e-02   7.698979e-07   2.381534e+03   9.688907e-01   9.812710e-01   1.109367e-01
  2.039052e-02   6.118603e-07   2.422573e+03   9.827326e-01   9.892952e-01   1.061808e-01
  2.022220e-02   4.475213e-07   2.468561e+03   9.931217e-01   9.947061e-01   1.019518e-01
  1.900847e-02   2.296955e-06   2.586724e+03   9.781995e-01   9.848863e-01   1.138116e-01
  1.978439e-02  -7.597529e-06   2.565290e+03   1.009693e+00   1.003871e+00   9.460330e-02
  1.961685e-02  -4.167125e-06   2.590564e+03   1.011006e+00   1.005292e+00   9.198621e-02
  1.971665e-02  -3.749034e-06   2.571013e+03   1.008481e+00   1.004576e+00   9.291122e-02
  2.003106e-02  -1.827657e-06   2.498492e+03   9.956623e-01   9.973938e-01   9.862345e-02
  1.998059e-02  -1.667428e-06   2.509854e+03   9.976701e-01   9.985980e-01   9.792619e-02
  2.027303e-02   4.203984e-07   2.441107e+03   9.845451e-01   9.904034e-01   1.044951e-01
  2.020659e-02   9.259385e-07   2.452354e+03   9.858401e-01   9.903462e-01   1.044835e-01
  1.878817e-02   3.951830e-06   2.611501e+03   9.761235e-01   9.833000e-01   1.131145e-01
  1.905387e-02   9.598050e-06   2.633162e+03   9.981386e-01   9.965736e-01   9.998215e-02
  1.999664e-02   4.286616e-06   2.531411e+03   1.007047e+00   1.003179e+00   9.502876e-02
  2.005900e-02   2.962230e-06   2.521419e+03   1.006200e+00   1.003428e+00   9.485171e-02
  2.003311e-02   1.333796e-06   2.539961e+03   1.012291e+00   1.007574e+00   9.211228e-02
  2.015282e-02   1.283805e-06   2.511210e+03   1.006813e+00   1.004217e+00   9.384588e-02
  2.022749e-02   3.309096e-07   2.481423e+03   9.985570e-01   9.988657e-01   9.866402e-02
  2.025020e-02   1.764675e-06   2.458926e+03   9.906151e-01   9.932504e-01   1.021973e-01
  1.891071e-02   7.138562e-07   2.671566e+03   1.005087e+00   1.001022e+00   1.014310e-01
  1.988604e-02  -2.703636e-06   2.569375e+03   1.016497e+00   1.008538e+00   9.120451e-02
  1.977448e-02  -1.511619e-06   2.549480e+03   1.002968e+00   1.000964e+00   9.479952e-02
  1.987671e-02  -1.852376e-06   2.524761e+03   9.983778e-01   9.989662e-01   9.673947e-02
  2.013242e-02  -6.478407e-07   2.485968e+03   9.956847e-01   9.977412e-01   9.804180e-02
  2.031516e-02  -1.143739e-06   2.437533e+03   9.851468e-01   9.913219e-01   1.027267e-01
  2.023134e-02   1.055548e-07   2.461731e+03   9.908213e-01   9.942787e-01   1.016848e-01
  2.012418e-02  -2.936643e-07   2.469184e+03   9.885572e-01   9.920207e-01   1.035388e-01
  1.850909e-02  -2.387351e-06   2.698955e+03   9.938275e-01   9.938162e-01   1.036472e-01
  1.928786e-02   1.752985e-05   2.538645e+03   9.741279e-01   9.832365e-01   1.109765e-01
  2.040766e-02   3.934233e-06   2.376230e+03   9.647434e-01   9.782754e-01   1.134069e-01
  2.042926e-02   3.458639e-06   2.374661e+03   9.651266e-01   9.792893e-01   1.130786e-01
  2.049057e-02   1.397559e-06   2.367158e+03   9.649648e-01   9.795141e-01   1.131522e-01
  2.036842e-02   7.859932e-07   2.395267e+03   9.706025e-01   9.827963e-01   1.101807e-01
  2.015067e-02   1.442229e-06   2.453786e+03   9.836856e-01   9.901077e-01   1.053667e-01
  1.993747e-02   7.651333e-07   2.510143e+03   9.956313e-01   9.962402e-01   1.002841e-01
  1.929970e-02   7.532763e-08   2.572144e+03   9.875880e-01   9.904313e-01   1.066456e-01
  2.057530e-02   6.706071e-06   2.365856e+03   9.684219e-01   9.791605e-01   1.131868e-01
  1.982577e-02   4.776558e-07   2.503942e+03   9.876079e-01   9.915200e-01   1.032715e-01
  1.972555e-02   1.101006e-07   2.542981e+03   9.979352e-01   9.984716e-01   9.902815e-02
  1.978319e-02  -1.184428e-06   2.560990e+03   1.007939e+00   1.004917e+00   9.483996e-02
  1.968047e-02   3.920496e-07   2.600390e+03   1.018132e+00   1.010913e+00   9.066892e-02
  1.988868e-02  -1.042080e-06   2.564574e+03   1.014732e+00   1.008510e+00   9.289339e-02
  1.989436e-02  -1.215460e-06   2.563409e+03   1.014561e+00   1.007474e+00   9.311198e-02
  1.866240e-02  -4.188286e-06   2.702482e+03   1.003369e+00   9.993077e-01   1.003393e-01
  1.841494e-02   1.663317e-05   2.861430e+03   1.048295e+00   1.026185e+00   8.290690e-02
  1.960314e-02   5.226313e-06   2.669043e+03   1.040905e+00   1.023230e+00   8.196946e-02
  1.971857e-02   4.705263e-06   2.648604e+03   1.039017e+00   1.022948e+00   8.208596e-02
  1.988066e-02   1.468019e-06   2.606509e+03   1.030909e+00   1.018620e+00   8.428165e-02
  1.995749e-02   1.219444e-06   2.572933e+03   1.021562e+00   1.012974e+00   8.710589e-02
  1.999503e-02  -6.949087e-07   2.539686e+03   1.010258e+00   1.005769e+00   9.215246e-02
  2.009764e-02  -5.320186e-07   2.485924e+03   9.939467e-01   9.952005e-01   9.883381e-02
  1.944583e-02  -5.327649e-06   2.597465e+03   1.004862e+00   1.000729e+00   9.678286e-02
  2.011363e-02   4.141584e-06   2.552589e+03   1.021413e+00   1.009904e+00   8.815621e-02
  2.027056e-02   1.495751e-06   2.458224e+03   9.913279e-01   9.931754e-01   9.937033e-02
  2.035712e-02   1.731208e-06   2.427855e+03   9.832618e-01   9.891858e-01   1.026098e-01
  2.067284e-02  -2.322116e-07   2.344193e+03   9.641034e-01   9.782147e-01   1.106813e-01
  2.077112e-02  -3.135806e-07   2.320893e+03   9.590588e-01   9.753371e-01   1.133008e-01
  2.063658e-02  -2.293144e-06   2.356053e+03   9.672814e-01   9.800176e-01   1.112224e-01
  2.040226e-02  -2.247899e-06   2.408203e+03   9.774656e-01   9.853870e-01   1.082874e-01
  1.885893e-02  -5.450796e-06   2.653964e+03   9.957314e-01   9.950257e-01   1.033359e-01
  1.985610e-02   1.222095e-05   2.404993e+03   9.500311e-01   9.681550e-01   1.230941e-01
  2.053952e-02   3.541454e-06   2.327676e+03   9.511368e-01   9.693792e-01   1.191823e-01
  2.064989e-02   3.593101e-06   2.312997e+03   9.502170e-01   9.695886e-01   1.193555e-01
  2.049889e-02   5.131896e-07   2.338922e+03   9.538418e-01   9.720829e-01   1.182296e-01
  2.044131e-02   3.399968e-07   2.356288e+03   9.582244e-01   9.747855e-01   1.158451e-01
  2.022523e-02  -1.022498e-06   2.407978e+03   9.688937e-01   9.809368e-01   1.115709e-01
  2.001396e-02  -1.549259e-06   2.484208e+03   9.891250e-01   9.923832e-01   1.024880e-01
  1.950096e-02  -5.475128e-06   2.562940e+03   9.943166e-01   9.940482e-01   1.001192e-01
  2.032616e-02   6.686795e-06   2.426499e+03   9.812184e-01   9.861644e-01   1.069419e-01
  1.975021e-02   2.601077e-06   2.543358e+03   9.993312e-01   9.981042e-01   9.804139e-02
  1.984259e-02   2.949660e-06   2.529134e+03   9.983902e-01   9.982667e-01   9.839790e-02
  1.980315e-02   9.526512e-07   2.559698e+03   1.008447e+00   1.004807e+00   9.411266e-02
  1.982232e-02   1.008208e-06   2.551444e+03   1.006169e+00   1.003463e+00   9.521918e-02
  2.007005e-02  -1.830867e-06   2.492190e+03   9.950838e-01   9.968132e-01   1.008043e-01
  2.011318e-02  -2.304513e-06   2.469771e+03   9.882516e-01   9.920819e-01   1.038257e-01
  1.933032e-02  -5.724591e-06   2.547826e+03   9.798035e-01   9.857703e-01   1.096554e-01
  1.941629e-02   6.176532e-06   2.577142e+03   9.954851e-01   9.961986e-01   1.038802e-01
  1.997369e-02   2.906461e-06   2.526538e+03   1.003955e+00   1.001274e+00   9.451869e-02
  2.005828e-02   2.265946e-06   2.528151e+03   1.008851e+00   1.004894e+00   9.217186e-02
  1.994425e-02   1.107285e-06   2.571566e+03   1.020341e+00   1.012096e+00   8.777088e-02
  1.982141e-02  -1.080828e-07   2.594498e+03   1.023100e+00   1.013775e+00   8.716866e-02
  1.975798e-02  -1.576889e-06   2.603037e+03   1.023183e+00   1.013707e+00   8.876047e-02
  1.987279e-02  -1.801271e-06   2.535339e+03   1.002363e+00   1.000479e+00   9.722115e-02
  1.954652e-02  -4.475404e-06   2.555111e+03   9.935951e-01   9.932017e-01   1.007537e-01
  1.999289e-02  -1.567071e-06   2.545064e+03   1.012289e+00   1.005723e+00   9.342220e-02
  2.000073e-02   1.602451e-06   2.490890e+03   9.911300e-01   9.937285e-01   9.990533e-02
  2.002397e-02   2.303585e-06   2.504546e+03   9.977214e-01   9.982832e-01   9.680931e-02
  2.030631e-02   1.928615e-06   2.454116e+03   9.914170e-01   9.948709e-01   9.891374e-02
  2.022729e-02   7.932417e-07   2.484025e+03   9.995943e-01   9.998668e-01   9.544709e-02
  2.000592e-02  -4.254047e-07   2.554291e+03   1.016621e+00   1.009982e+00   8.976973e-02
  1.983139e-02  -1.133357e-06   2.590512e+03   1.022042e+00   1.012326e+00   8.901202e-02
  1.946886e-02  -2.309658e-06   2.640655e+03   1.022780e+00   1.011306e+00   9.088961e-02
  1.920452e-02  -7.365009e-07   2.693861e+03   1.029222e+00   1.016346e+00   9.044536e-02
  1.989537e-02   5.200366e-07   2.549404e+03   1.009069e+00   1.004529e+00   9.277602e-02
  2.017917e-02   2.697160e-07   2.468587e+03   9.910187e-01   9.944148e-01   9.903383e-02
  2.048674e-02  -2.827184e-07   2.373577e+03   9.674005e-01   9.805555e-01   1.096641e-01
  2.060776e-02   7.331537e-08   2.350124e+03   9.634998e-01   9.782914e-01   1.111753e-01
  2.066726e-02   6.703055e-07   2.329421e+03   9.577694e-01   9.744551e-01   1.148975e-01
  2.032735e-02   1.069975e-06   2.417587e+03   9.776716e-01   9.854965e-01   1.068229e-01
  1.954265e-02   4.594220e-06   2.564981e+03   9.972354e-01   9.951096e-01   9.796237e-02
  2.026408e-02  -7.536360e-06   2.431455e+03   9.802192e-01   9.858910e-01   1.050331e-01
  2.004115e-02  -2.273368e-07   2.474374e+03   9.865477e-01   9.908551e-01   1.016433e-01
  2.013039e-02  -3.061740e-07   2.446381e+03   9.797303e-01   9.875689e-01   1.050388e-01
  2.010956e-02   9.503479e-07   2.451833e+03   9.808971e-01   9.885357e-01   1.052219e-01
  2.029909e-02   2.427122e-07   2.397629e+03   9.682525e-01   9.809802e-01   1.108554e-01
  2.044655e-02  -5.716398e-08   2.336348e+03   9.503588e-01   9.696923e-01   1.196779e-01
  2.036424e-02   4.944046e-08   2.354194e+03   9.537630e-01   9.710482e-01   1.188335e-01
  2.011537e-02  -7.686190e-07   2.403640e+03   9.618950e-01   9.750866e-01   1.154531e-01
  2.032822e-02  -2.276939e-06   2.342615e+03   9.473938e-01   9.675534e-01   1.278007e-01
  2.038417e-02  -1.261424e-06   2.377078e+03   9.639770e-01   9.773747e-01   1.122520e-01
  2.018710e-02  -1.038711e-06   2.450099e+03   9.839832e-01   9.900625e-01   1.032730e-01
  1.990188e-02   7.029408e-09   2.539723e+03   1.005566e+00   1.003329e+00   9.461262e-02
  1.979088e-02   5.980193e-07   2.563943e+03   1.009494e+00   1.005568e+00   9.330836e-02
  1.961828e-02   3.001078e-06   2.608863e+03   1.018221e+00   1.010019e+00   9.174509e-02
  1.962274e-02   3.238355e-06   2.594992e+03   1.013038e+00   1.006120e+00   9.428430e-02
  1.965606e-02   1.072610e-05   2.536405e+03   9.918483e-01   9.918170e-01   1.026884e-01
  1.937869e-02  -1.473854e-05   2.609948e+03   1.006205e+00   1.001356e+00   9.783306e-02
  1.959608e-02  -1.721673e-06   2.588587e+03   1.009164e+00   1.004104e+00   9.418663e-02
  1.970171e-02  -2.461227e-06   2.580060e+03   1.011263e+00   1.006259e+00   9.264716e-02
  1.989310e-02  -6.327612e-08   2.557283e+03   1.012072e+00   1.007357e+00   9.109971e-02
  1.979775e-02  -7.473299e-07   2.592297e+03   1.021012e+00   1.012499e+00   8.745974e-02
  1.939094e-02  -1.843604e-07   2.692491e+03   1.038684e+00   1.022462e+00   8.095827e-02
  1.941140e-02   6.390933e-07   2.676937e+03   1.033773e+00   1.018610e+00   8.341388e-02
  1.962797e-02   8.168480e-08   2.634468e+03   1.028723e+00   1.014613e+00   8.604661e-02
  1.945006e-02  -2.868927e-06   2.706825e+03   1.047397e+00   1.027529e+00   8.375223e-02
  1.971125e-02  -2.569872e-06   2.622501e+03   1.028395e+00   1.015884e+00   8.406476e-02
  2.001494e-02  -2.237763e-06   2.544038e+03   1.012996e+00   1.007659e+00   8.901813e-02
  2.024123e-02  -2.127149e-07   2.479503e+03   9.984620e-01   9.994212e-01   9.522950e-02
  2.025869e-02  -5.140453e-08   2.469147e+03   9.951498e-01   9.971761e-01   9.662626e-02
  2.025381e-02   4.368111e-06   2.463786e+03   9.927499e-01   9.951258e-01   9.824420e-02
  2.025771e-02   4.525143e-06   2.452938e+03   9.885691e-01   9.918296e-01   1.008101e-01
  1.976958e-02   1.282099e-05   2.554237e+03   1.004590e+00   1.000044e+00   9.561582e-02
  1.912067e-02  -1.042604e-05   2.653114e+03   1.009228e+00   1.003824e+00   9.462564e-02
  2.029244e-02  -2.321020e-06   2.426059e+03   9.794130e-01   9.864470e-01   1.045838e-01
  2.031546e-02  -1.857917e-06   2.425656e+03   9.803608e-01   9.880314e-01   1.043396e-01
  2.040972e-02  -5.717210e-07   2.382243e+03   9.672824e-01   9.807285e-01   1.102384e-01
  2.047213e-02  -2.142699e-08   2.373267e+03   9.665845e-01   9.801289e-01   1.102229e-01
  2.029150e-02  -1.521871e-09   2.391365e+03   9.653619e-01   9.788473e-01   1.103502e-01
  1.996319e-02  -3.560133e-07   2.465795e+03   9.793029e-01   9.864236e-01   1.049742e-01
  2.034086e-02  -2.752628e-06   2.457029e+03   9.942825e-01   9.946143e-01   9.895135e-02
  2.099820e-02  -8.248754e-06   2.240727e+03   9.360546e-01   9.616214e-01   1.317346e-01
  2.039248e-02  -3.145394e-06   2.350866e+03   9.537355e-01   9.711299e-01   1.167823e-01
  2.042097e-02  -3.594365e-06   2.346753e+03   9.533974e-01   9.718038e-01   1.160887e-01
  2.045177e-02  -1.858021e-07   2.359011e+03   9.598227e-01   9.762374e-01   1.140716e-01
  2.044712e-02   1.832379e-07   2.366896e+03   9.628118e-01   9.778701e-01   1.124095e-01
  2.027266e-02   2.977248e-06   2.399221e+03   9.676342e-01   9.802928e-01   1.102180e-01
  2.005779e-02   1.636552e-06   2.453805e+03   9.791590e-01   9.865798e-01   1.053737e-01
  2.009781e-02   8.407470e-06   2.474920e+03   9.895554e-01   9.919854e-01   1.024614e-01
  1.910159e-02  -1.994992e-06   2.552329e+03   9.699211e-01   9.794486e-01   1.191023e-01
  1.980865e-02   1.523592e-06   2.544140e+03   1.002596e+00   1.000092e+00   9.858473e-02
  1.992782e-02   1.031116e-06   2.523779e+03   1.000556e+00   9.997028e-01   9.905558e-02
  1.958963e-02   1.472883e-06   2.630692e+03   1.025242e+00   1.014942e+00   8.804013e-02
  1.968924e-02   1.870107e-06   2.594544e+03   1.016296e+00   1.009581e+00   9.122100e-02
  1.972641e-02  -1.623278e-07   2.560809e+03   1.004976e+00   1.002433e+00   9.453713e-02
  1.998278e-02  -1.033337e-06   2.476798e+03   9.846382e-01   9.897099e-01   1.030225e-01
  2.076056e-02  -8.942417e-06   2.354900e+03   9.726167e-01   9.817845e-01   1.087831e-01
  1.923483e-02  -7.816390e-06   2.749426e+03   1.052109e+00   1.030101e+00   8.168139e-02
  1.968240e-02  -3.374217e-06   2.615508e+03   1.024152e+00   1.013225e+00   8.604428e-02
  1.962580e-02  -3.022518e-06   2.634584e+03   1.028655e+00   1.016725e+00   8.437099e-02
  1.993098e-02  -1.121960e-06   2.572892e+03   1.020188e+00   1.012205e+00   8.695705e-02
  1.992827e-02  -4.368398e-07   2.571102e+03   1.019340e+00   1.011588e+00   8.756245e-02
  1.965435e-02   7.756215e-07   2.611677e+03   1.021194e+00   1.012225e+00   8.713985e-02
  1.946265e-02   5.836642e-08   2.640017e+03   1.022207e+00   1.012053e+00   8.780727e-02
  2.039387e-02   5.587414e-07   2.466560e+03   1.000741e+00   9.990821e-01   9.955097e-02
  1.835205e-02   1.401512e-05   2.773843e+03   1.012737e+00   1.005677e+00   9.895025e-02
  2.030743e-02   5.510708e-06   2.463901e+03   9.954245e-01   9.961377e-01   1.006471e-01
  2.047533e-02   6.298276e-06   2.431389e+03   9.904111e-01   9.939276e-01   1.020252e-01
  2.071092e-02   1.840000e-06   2.328346e+03   9.593502e-01   9.759944e-01   1.140598e-01
  2.063849e-02   1.378140e-06   2.360499e+03   9.691963e-01   9.818223e-01   1.093420e-01
  2.009861e-02  -1.315973e-06   2.471760e+03   9.883313e-01   9.926765e-01   1.007126e-01
  1.976676e-02  -1.178891e-06   2.572040e+03   1.011448e+00   1.005545e+00   9.147286e-02
  1.996867e-02  -1.070809e-05   2.558886e+03   1.016554e+00   1.008378e+00   9.244658e-02
  2.038639e-02  -6.465070e-06   2.396972e+03   9.721503e-01   9.823753e-01   1.130129e-01
  1.992603e-02  -3.127103e-06   2.514529e+03   9.967988e-01   9.970966e-01   9.768400e-02
  1.997066e-02  -3.869043e-06   2.500255e+03   9.933608e-01   9.959337e-01   9.908911e-02
  1.997029e-02  -1.798757e-06   2.513616e+03   9.986499e-01   9.995272e-01   9.732862e-02
  2.003736e-02  -1.822091e-06   2.495659e+03   9.948460e-01   9.971845e-01   9.907108e-02
  2.001110e-02  -4.366371e-06   2.486228e+03   9.897877e-01   9.936909e-01   9.961764e-02
  2.023746e-02  -3.172252e-06   2.430285e+03   9.784603e-01   9.860250e-01   1.042148e-01
  1.995736e-02  -7.283060e-06   2.509067e+03   9.961975e-01   9.971731e-01   1.020278e-01
  1.810236e-02   1.892797e-05   2.818756e+03   1.015133e+00   1.008194e+00   1.008140e-01
  2.049545e-02   5.782383e-06   2.450970e+03   9.993683e-01   9.989471e-01   9.855586e-02
  2.051342e-02   5.889055e-06   2.463872e+03   1.005510e+00   1.003535e+00   9.592617e-02
  2.009585e-02   9.232944e-07   2.550412e+03   1.019640e+00   1.012458e+00   8.878093e-02
  2.004747e-02   1.120075e-06   2.550853e+03   1.017361e+00   1.010944e+00   8.954768e-02
  2.010442e-02  -1.056508e-06   2.515016e+03   1.005918e+00   1.003560e+00   9.334387e-02
  2.021084e-02  -4.999215e-07   2.467495e+03   9.921351e-01   9.943514e-01   9.943116e-02
  2.023257e-02  -3.332009e-06   2.501329e+03   1.006821e+00   1.003475e+00   9.834458e-02
  1.986677e-02  -8.544311e-06   2.479695e+03   9.800670e-01   9.869589e-01   1.085284e-01
  2.057802e-02  -2.235852e-06   2.334234e+03   9.556045e-01   9.726925e-01   1.162013e-01
  2.071016e-02  -1.698529e-06   2.312357e+03   9.527268e-01   9.718595e-01   1.170603e-01
  2.078001e-02  -2.673716e-06   2.294264e+03   9.484603e-01   9.697960e-01   1.185660e-01
  2.067440e-02  -2.865932e-06   2.327596e+03   9.573498e-01   9.749210e-01   1.144673e-01
  2.041439e-02  -4.640834e-06   2.388757e+03   9.701492e-01   9.820871e-01   1.083507e-01
  2.012097e-02  -4.432810e-06   2.462763e+03   9.858295e-01   9.906162e-01   1.021136e-01
  1.976984e-02  -8.539001e-06   2.539743e+03   9.989023e-01   9.989240e-01   1.025377e-01
  1.905190e-02   1.115237e-05   2.477993e+03   9.392228e-01   9.632871e-01   1.370271e-01
  2.039916e-02   3.299005e-06   2.415964e+03   9.804670e-01   9.874079e-01   1.096908e-01
  2.045067e-02   2.665647e-06   2.399857e+03   9.763893e-01   9.859466e-01   1.110051e-01
  2.030168e-02  -2.377266e-07   2.421571e+03   9.780461e-01   9.872691e-01   1.087609e-01
  2.036900e-02   3.213452e-07   2.403345e+03   9.739039e-01   9.846747e-01   1.097446e-01
  2.022920e-02   3.996872e-07   2.428660e+03   9.774072e-01   9.862782e-01   1.075681e-01
  2.022522e-02   1.365306e-06   2.432543e+03   9.787775e-01   9.864236e-01   1.068728e-01
  2.037828e-02   2.634332e-06   2.353665e+03   9.542066e-01   9.721519e-01   1.233672e-01
  1.841946e-02  -1.031854e-05   2.855217e+03   1.046276e+00   1.024967e+00   8.444444e-02
  1.946788e-02  -2.119486e-06   2.709205e+03   1.049278e+00   1.028585e+00   7.964109e-02
  1.944688e-02  -1.850494e-06   2.728592e+03   1.055647e+00   1.033470e+00   7.706200e-02
  1.939852e-02  -1.661254e-06   2.740077e+03   1.057454e+00   1.035026e+00   7.525355e-02
  1.956473e-02  -8.318249e-07   2.686144e+03   1.045522e+00   1.027636e+00   7.943826e-02
  1.973009e-02  -3.633329e-06   2.632852e+03   1.033441e+00   1.019780e+00   8.405032e-02
  1.981790e-02  -3.848952e-06   2.590951e+03   1.021520e+00   1.011726e+00   8.911303e-02
  1.918344e-02  -1.039475e-05   2.633372e+03   1.005006e+00   1.001966e+00   1.031455e-01
  1.819140e-02   2.719760e-06   2.867430e+03   1.037741e+00   1.020592e+00   8.889832e-02
  2.069445e-02  -7.304334e-07   2.400411e+03   9.882565e-01   9.917291e-01   1.018911e-01
  2.083949e-02  -9.132326e-07   2.378621e+03   9.861488e-01   9.913388e-01   1.022879e-01
  2.083809e-02  -9.663621e-07   2.358009e+03   9.775375e-01   9.864298e-01   1.047911e-01
  2.065259e-02  -5.829843e-07   2.400067e+03   9.861162e-01   9.916082e-01   1.010637e-01
  2.051487e-02   2.126938e-06   2.439310e+03   9.955565e-01   9.967944e-01   9.759869e-02
  2.021558e-02   3.060555e-06   2.510865e+03   1.009810e+00   1.004613e+00   9.266008e-02
  1.892272e-02   1.191315e-05   2.764306e+03   1.040638e+00   1.023422e+00   8.649258e-02
  1.945160e-02  -1.030907e-05   2.411741e+03   9.332891e-01   9.565131e-01   1.299899e-01
  2.065486e-02  -2.407421e-06   2.298372e+03   9.444362e-01   9.656851e-01   1.257448e-01
  2.083617e-02  -1.412573e-06   2.246643e+03   9.312838e-01   9.586314e-01   1.314301e-01
  2.088047e-02  -2.581220e-07   2.231176e+03   9.268390e-01   9.560725e-01   1.318895e-01
  2.077666e-02   1.389021e-07   2.268990e+03   9.378610e-01   9.628106e-01   1.259114e-01
  2.073235e-02   9.649844e-08   2.308366e+03   9.521017e-01   9.708841e-01   1.192374e-01
  2.059665e-02   5.268567e-08   2.351427e+03   9.635142e-01   9.769383e-01   1.138537e-01
  1.933294e-02  -1.233779e-06   2.515102e+03   9.673499e-01   9.790758e-01   1.187107e-01
  1.904524e-02  -8.116720e-06   2.610690e+03   9.891722e-01   9.909752e-01   1.101957e-01
  1.960546e-02  -5.005128e-06   2.626190e+03   1.024315e+00   1.013096e+00   8.967382e-02
  1.954460e-02  -5.198285e-06   2.642870e+03   1.027620e+00   1.015631e+00   8.900453e-02
  1.958791e-02  -1.512019e-06   2.627380e+03   1.023861e+00   1.013597e+00   8.956431e-02
  1.973398e-02  -1.202131e-06   2.587505e+03   1.015842e+00   1.008968e+00   9.263814e-02
  2.004882e-02   3.608134e-06   2.504011e+03   9.987466e-01   9.985357e-01   1.000334e-01
  2.012173e-02   3.157594e-06   2.460091e+03   9.847966e-01   9.895084e-01   1.061821e-01
  1.938582e-02   1.548714e-05   2.470186e+03   9.526731e-01   9.698042e-01   1.265040e-01
  1.813082e-02  -6.414529e-06   2.882602e+03   1.039758e+00   1.020061e+00   8.360250e-02
  2.001912e-02  -4.787239e-07   2.569256e+03   1.023252e+00   1.012343e+00   8.873214e-02
  1.994028e-02   1.271382e-09   2.603535e+03   1.032820e+00   1.018611e+00   8.463134e-02
  1.981554e-02   1.969820e-06   2.636594e+03   1.039392e+00   1.022988e+00   8.128307e-02
  1.995835e-02   6.987217e-07   2.592320e+03   1.029304e+00   1.017243e+00   8.470947e-02
  2.017261e-02   1.737308e-06   2.539826e+03   1.019287e+00   1.011073e+00   9.007653e-02
  2.014238e-02   1.968060e-06   2.520617e+03   1.010062e+00   1.004767e+00   9.438433e-02
  1.803892e-02   2.725104e-06   2.857388e+03   1.025439e+00   1.013047e+00   9.635234e-02
  2.059138e-02  -7.515620e-06   2.433951e+03   9.970739e-01   9.965621e-01   1.174803e-01
  2.003763e-02  -2.002124e-05   2.491995e+03   9.933989e-01   9.948858e-01   1.162338e-01
  2.008447e-02  -1.270471e-05   2.483993e+03   9.925236e-01   9.951841e-01   1.157867e-01
  2.021417e-02  -6.351776e-06   2.463235e+03   9.905851e-01   9.943415e-01   1.158004e-01
  2.015826e-02  -1.935963e-06   2.470256e+03   9.906612e-01   9.945780e-01   1.148775e-01
  2.005267e-02   4.642443e-06   2.491409e+03   9.939107e-01   9.957804e-01   1.146437e-01
  2.001713e-02   8.150801e-06   2.496648e+03   9.942355e-01   9.952310e-01   1.149442e-01
  1.974447e-02   2.545371e-05   2.536513e+03   9.963516e-01   9.969291e-01   1.185609e-01
  1.936501e-02  -4.037695e-05   2.588344e+03   9.971715e-01   9.966070e-01   1.192492e-01
  2.009470e-02  -2.762769e-05   2.480940e+03   9.918087e-01   9.938793e-01   1.156288e-01
  2.012276e-02  -3.021884e-05   2.475671e+03   9.910847e-01   9.943432e-01   1.153747e-01
  2.030121e-02  -2.939388e-05   2.448946e+03   9.890797e-01   9.933586e-01   1.163396e-01
  2.027038e-02  -2.673517e-05   2.452567e+03   9.890379e-01   9.936051e-01   1.159545e-01
  2.029335e-02  -9.607510e-06   2.451567e+03   9.897548e-01   9.935656e-01   1.161720e-01
  2.017735e-02  -1.831025e-06   2.470246e+03   9.915956e-01   9.938257e-01   1.159688e-01
  1.892070e-02  -1.071540e-05   2.644460e+03   9.954151e-01   9.952444e-01   1.185759e-01
  2.054804e-02   2.241030e-06   2.437526e+03   9.964367e-01   9.958026e-01   1.181525e-01
  1.998285e-02   1.021104e-05   2.498793e+03   9.933857e-01   9.948376e-01   1.156985e-01
  2.006096e-02   8.312555e-06   2.487104e+03   9.926035e-01   9.951893e-01   1.158459e-01
  2.020574e-02  -2.864178e-06   2.463592e+03   9.903161e-01   9.943072e-01   1.160018e-01
  2.023476e-02   2.515290e-06   2.457895e+03   9.894449e-01   9.937067e-01   1.158442e-01
  2.013420e-02  -1.236625e-05   2.476471e+03   9.919682e-01   9.948216e-01   1.153596e-01
  2.002020e-02  -9.450429e-06   2.492912e+03   9.929000e-01   9.946759e-01   1.145331e-01
  1.977707e-02  -5.165190e-05   2.529514e+03   9.952435e-01   9.953141e-01   1.192520e-01
  1.950074e-02  -1.028486e-05   2.569284e+03   9.967663e-01   9.962058e-01   1.194498e-01
  1.996509e-02   1.153770e-05   2.498236e+03   9.922811e-01   9.942668e-01   1.144901e-01
  2.009493e-02   1.259535e-05   2.479523e+03   9.912535e-01   9.943132e-01   1.151339e-01
  2.020686e-02   1.744124e-05   2.462611e+03   9.899763e-01   9.940198e-01   1.152431e-01
  2.022311e-02   1.816864e-05   2.460788e+03   9.900391e-01   9.938441e-01   1.154422e-01
  2.024387e-02   1.386529e-06   2.462238e+03   9.916391e-01   9.946787e-01   1.157510e-01
  2.016854e-02  -6.510609e-06   2.474414e+03   9.928350e-01   9.945519e-01   1.160129e-01
  1.876275e-02  -1.266156e-05   2.668534e+03   9.960918e-01   9.955584e-01   1.187967e-01
  2.012690e-02   2.501229e-05   2.490660e+03   9.972899e-01   9.963742e-01   1.158324e-01
  1.999549e-02   1.831841e-05   2.498950e+03   9.940764e-01   9.952348e-01   1.152928e-01
  2.006246e-02   1.415755e-05   2.488489e+03   9.932305e-01   9.955052e-01   1.152773e-01
  2.016844e-02   1.239077e-05   2.469372e+03   9.908066e-01   9.944772e-01   1.152728e-01
  2.024492e-02  -1.265807e-06   2.457079e+03   9.896128e-01   9.938244e-01   1.159753e-01
  2.015245e-02  -4.255086e-06   2.471839e+03   9.910101e-01   9.943994e-01   1.153273e-01
  2.013178e-02  -1.006575e-05   2.475837e+03   9.915947e-01   9.937428e-01   1.156228e-01
  1.975689e-02  -3.382247e-05   2.529613e+03   9.942664e-01   9.949290e-01   1.193003e-01
  1.942034e-02   1.446236e-05   2.581010e+03   9.971871e-01   9.975560e-01   1.176190e-01
  1.994092e-02  -1.128941e-05   2.504366e+03   9.935122e-01   9.949026e-01   1.142928e-01
  2.003249e-02  -1.440475e-05   2.489313e+03   9.920749e-01   9.949375e-01   1.143442e-01
  2.019944e-02  -2.072580e-05   2.465175e+03   9.906430e-01   9.943999e-01   1.152860e-01
  2.018141e-02  -2.620954e-05   2.469641e+03   9.915518e-01   9.949379e-01   1.151685e-01
  2.019837e-02  -9.909829e-06   2.473615e+03   9.939823e-01   9.960214e-01   1.158922e-01
  2.017060e-02   1.230764e-07   2.478941e+03   9.947524e-01   9.956584e-01   1.165370e-01
  1.886341e-02   2.443773e-06   2.655242e+03   9.964473e-01   9.957172e-01   1.203943e-01
  1.980316e-02  -1.953909e-05   2.533826e+03   9.982550e-01   9.973077e-01   1.168247e-01
  2.001334e-02  -1.982918e-05   2.495889e+03   9.937453e-01   9.951104e-01   1.148753e-01
  2.008340e-02  -8.622153e-06   2.483988e+03   9.924689e-01   9.951505e-01   1.149443e-01
  2.023072e-02  -3.927903e-06   2.460193e+03   9.901724e-01   9.940742e-01   1.156533e-01
  2.020112e-02   1.026239e-05   2.463807e+03   9.901760e-01   9.941130e-01   1.152822e-01
  2.022474e-02   5.574835e-06   2.462983e+03   9.910020e-01   9.942655e-01   1.160456e-01
  2.017142e-02   9.657453e-06   2.469786e+03   9.911192e-01   9.935434e-01   1.159886e-01
  1.976358e-02  -2.611182e-05   2.527722e+03   9.938596e-01   9.941224e-01   1.192137e-01
  1.979697e-02   3.423897e-05   2.529156e+03   9.961037e-01   9.962969e-01   1.221251e-01
  2.000583e-02   3.961616e-05   2.496649e+03   9.936747e-01   9.951950e-01   1.150796e-01
  2.009169e-02   4.315718e-05   2.481726e+03   9.919742e-01   9.949768e-01   1.150504e-01
  2.020469e-02   4.426715e-05   2.464055e+03   9.904504e-01   9.943140e-01   1.158138e-01
  2.017562e-02   4.188710e-05   2.471965e+03   9.922003e-01   9.954732e-01   1.155029e-01
  2.017219e-02   2.823811e-05   2.479322e+03   9.949840e-01   9.964252e-01   1.161505e-01
  2.007032e-02   1.613247e-05   2.495192e+03   9.962958e-01   9.966208e-01   1.158463e-01
  1.892798e-02   3.950424e-06   2.649996e+03   9.978829e-01   9.967433e-01   1.200293e-01
  1.941249e-02   5.078625e-05   2.581431e+03   9.969467e-01   9.960833e-01   1.183001e-01
  2.013969e-02   2.035760e-05   2.477473e+03   9.926400e-01   9.943965e-01   1.159222e-01
  2.020621e-02   1.621474e-05   2.465409e+03   9.910690e-01   9.943184e-01   1.159349e-01
  2.026668e-02  -2.323030e-06   2.454032e+03   9.894479e-01   9.936601e-01   1.159886e-01
  2.023444e-02  -1.004819e-05   2.460396e+03   9.904359e-01   9.943400e-01   1.156123e-01
  2.015424e-02  -1.009087e-05   2.472600e+03   9.914034e-01   9.945108e-01   1.152081e-01
  2.012991e-02  -1.026354e-05   2.475614e+03   9.914136e-01   9.937729e-01   1.153228e-01
  1.957334e-02  -1.504732e-06   2.555030e+03   9.949266e-01   9.952067e-01   1.166196e-01
  1.953723e-02  -3.631032e-05   2.558088e+03   9.942800e-01   9.956901e-01   1.204246e-01
  2.005063e-02  -3.896514e-05   2.490131e+03   9.932998e-01   9.948501e-01   1.152741e-01
  2.015853e-02  -3.881410e-05   2.472420e+03   9.915421e-01   9.946765e-01   1.153906e-01
  2.025435e-02  -4.227938e-05   2.457456e+03   9.902258e-01   9.942142e-01   1.163788e-01
  2.022582e-02  -3.953449e-05   2.463955e+03   9.914458e-01   9.946976e-01   1.161949e-01
  2.013224e-02  -2.245174e-05   2.482398e+03   9.942458e-01   9.962677e-01   1.160688e-01
  2.003874e-02  -9.423517e-06   2.498138e+03   9.959025e-01   9.964902e-01   1.158103e-01
  1.924741e-02  -1.543899e-06   2.608654e+03   9.988932e-01   9.980239e-01   1.207996e-01
  1.910819e-02  -2.281605e-05   2.620415e+03   9.961387e-01   9.957617e-01   1.184183e-01
  2.012044e-02  -7.855214e-06   2.478989e+03   9.922984e-01   9.942679e-01   1.152595e-01
  2.023120e-02  -9.204094e-06   2.463011e+03   9.913301e-01   9.944653e-01   1.157043e-01
  2.022277e-02  -2.204866e-06   2.460580e+03   9.899386e-01   9.938855e-01   1.152567e-01
  2.021790e-02  -3.244772e-06   2.461352e+03   9.900110e-01   9.939168e-01   1.154377e-01
  2.019921e-02  -7.297810e-06   2.465224e+03   9.906516e-01   9.939212e-01   1.157034e-01
  2.013749e-02  -6.295721e-06   2.473945e+03   9.911182e-01   9.934577e-01   1.156480e-01
  1.968867e-02  -2.109555e-06   2.541298e+03   9.954103e-01   9.952321e-01   1.179321e-01
  1.960551e-02  -8.887291e-06   2.547764e+03   9.937276e-01   9.948011e-01   1.217374e-01
  2.012904e-02   1.176731e-05   2.479322e+03   9.928554e-01   9.946016e-01   1.156178e-01
  2.018962e-02   1.013178e-05   2.468527e+03   9.915082e-01   9.946734e-01   1.155004e-01
  2.021940e-02   2.594777e-05   2.462937e+03   9.907216e-01   9.944674e-01   1.158952e-01
  2.023894e-02   2.643460e-05   2.462184e+03   9.913759e-01   9.949845e-01   1.160112e-01
  2.011024e-02   1.569646e-05   2.482050e+03   9.930200e-01   9.955099e-01   1.156442e-01
  2.006008e-02   3.838891e-06   2.491179e+03   9.941864e-01   9.953425e-01   1.158205e-01
  1.952897e-02  -9.583003e-06   2.569090e+03   9.981342e-01   9.971744e-01   1.216375e-01
  1.896381e-02   1.505467e-05   2.638427e+03   9.954074e-01   9.947922e-01   1.202142e-01
  2.018308e-02   4.623428e-06   2.472160e+03   9.926456e-01   9.943507e-01   1.159447e-01
  2.022889e-02   6.997820e-06   2.464297e+03   9.917339e-01   9.947612e-01   1.154731e-01
  2.021513e-02   8.567145e-06   2.463125e+03   9.905882e-01   9.944138e-01   1.151002e-01
  2.024673e-02   2.030113e-05   2.456981e+03   9.896619e-01   9.937363e-01   1.154602e-01
  2.015143e-02   3.096605e-05   2.469735e+03   9.901168e-01   9.937804e-01   1.153325e-01
  2.010188e-02   2.837266e-05   2.477657e+03   9.908500e-01   9.933330e-01   1.154339e-01
  1.944866e-02   2.157976e-05   2.574196e+03   9.960047e-01   9.954762e-01   1.161148e-01
  1.948107e-02   1.976672e-05   2.567063e+03   9.949000e-01   9.953893e-01   1.199038e-01
  2.012270e-02   1.228467e-05   2.480681e+03   9.930869e-01   9.947110e-01   1.156233e-01
  2.024288e-02   2.852484e-06   2.463472e+03   9.920878e-01   9.949597e-01   1.158913e-01
  2.023733e-02  -1.683825e-05   2.462689e+03   9.915004e-01   9.949060e-01   1.159158e-01
  2.018137e-02  -1.400897e-05   2.470206e+03   9.917769e-01   9.951985e-01   1.155990e-01
  2.014306e-02  -1.254338e-05   2.476277e+03   9.923270e-01   9.948053e-01   1.156919e-01
  2.003072e-02   2.419876e-06   2.493009e+03   9.934603e-01   9.949508e-01   1.152872e-01
  1.955754e-02  -1.107300e-05   2.562091e+03   9.968706e-01   9.968424e-01   1.203636e-01
  1.884620e-02   2.214870e-05   2.654232e+03   9.951596e-01   9.952463e-01   1.196626e-01
  2.021146e-02   1.147113e-05   2.468620e+03   9.926177e-01   9.944250e-01   1.162335e-01
  2.027928e-02  -2.125041e-06   2.456999e+03   9.912601e-01   9.944989e-01   1.159422e-01
  2.023967e-02  -1.552844e-05   2.458470e+03   9.899164e-01   9.939735e-01   1.152841e-01
  2.026658e-02  -3.044115e-05   2.453586e+03   9.892633e-01   9.937588e-01   1.156239e-01
  2.018234e-02  -4.497948e-05   2.465906e+03   9.900981e-01   9.936859e-01   1.159428e-01
  2.011635e-02  -3.873401e-05   2.477749e+03   9.916001e-01   9.938884e-01   1.159986e-01
  1.940166e-02  -1.988014e-05   2.581502e+03   9.964181e-01   9.956449e-01   1.177449e-01
  1.965536e-02  -3.100396e-05   2.548483e+03   9.965357e-01   9.960545e-01   1.208912e-01
  2.013648e-02  -2.984335e-05   2.480207e+03   9.935772e-01   9.949425e-01   1.162755e-01
  2.019865e-02  -1.917287e-05   2.469711e+03   9.924270e-01   9.950693e-01   1.157494e-01
  2.017590e-02   2.270369e-06   2.470754e+03   9.917279e-01   9.951410e-01   1.153822e-01
  2.018654e-02   2.381350e-09   2.469498e+03   9.917470e-01   9.950284e-01   1.155613e-01
  2.013243e-02  -1.157658e-05   2.478883e+03   9.928471e-01   9.954311e-01   1.153748e-01
  2.006085e-02  -1.541076e-05   2.491166e+03   9.942191e-01   9.951963e-01   1.153831e-01
  1.968835e-02  -4.502614e-05   2.544703e+03   9.967278e-01   9.962658e-01   1.201265e-01
  1.888730e-02  -2.244004e-05   2.647345e+03   9.947422e-01   9.945136e-01   1.207400e-01
  2.023486e-02  -2.164664e-06   2.465000e+03   9.923100e-01   9.941709e-01   1.167387e-01
  2.034070e-02   1.078933e-05   2.446689e+03   9.900899e-01   9.936930e-01   1.167974e-01
  2.029832e-02   2.191861e-05   2.448698e+03   9.888389e-01   9.933451e-01   1.160966e-01
  2.030371e-02   2.864179e-05   2.448691e+03   9.890983e-01   9.938111e-01   1.162169e-01
  2.023665e-02   4.121335e-05   2.460421e+03   9.905543e-01   9.939921e-01   1.165315e-01
  2.010639e-02   3.758194e-05   2.481389e+03   9.925653e-01   9.945343e-01   1.161589e-01
  1.910892e-02   2.445426e-05   2.622748e+03   9.970633e-01   9.959187e-01   1.177640e-01
  1.964080e-02   5.409213e-05   2.554310e+03   9.980746e-01   9.970850e-01   1.173682e-01
  2.007053e-02   3.576729e-05   2.489816e+03   9.941598e-01   9.953067e-01   1.158895e-01
  2.013038e-02   2.587340e-05   2.478044e+03   9.924097e-01   9.950621e-01   1.153881e-01
  2.018487e-02   1.729791e-05   2.468466e+03   9.912502e-01   9.949494e-01   1.153941e-01
  2.019188e-02   1.873756e-05   2.466411e+03   9.907691e-01   9.943532e-01   1.154617e-01
  2.007905e-02   1.883533e-05   2.484267e+03   9.923653e-01   9.951162e-01   1.148064e-01
  2.001364e-02   5.357787e-06   2.496107e+03   9.938467e-01   9.952066e-01   1.148939e-01
  1.957707e-02   1.648961e-05   2.558900e+03   9.966238e-01   9.963627e-01   1.185879e-01
  1.894001e-02   3.026597e-05   2.641438e+03   9.952927e-01   9.952090e-01   1.201959e-01
  2.018811e-02   8.313842e-06   2.471960e+03   9.928128e-01   9.945190e-01   1.163192e-01
  2.029340e-02   3.399579e-06   2.453728e+03   9.906298e-01   9.939680e-01   1.165126e-01
  2.031286e-02  -5.171008e-06   2.448179e+03   9.893371e-01   9.935001e-01   1.165476e-01
  2.029446e-02  -8.582765e-06   2.451881e+03   9.899360e-01   9.939143e-01   1.163494e-01
  2.027405e-02  -1.099542e-05   2.458056e+03   9.914308e-01   9.945585e-01   1.167330e-01
  2.019900e-02  -6.963714e-06   2.472134e+03   9.934183e-01   9.948632e-01   1.169288e-01
  1.898439e-02  -3.022963e-06   2.640065e+03   9.971063e-01   9.959005e-01   1.189189e-01
  1.985814e-02   3.027924e-06   2.522934e+03   9.967237e-01   9.957223e-01   1.191382e-01
  2.003568e-02  -3.557811e-05   2.491157e+03   9.929682e-01   9.947562e-01   1.163153e-01
  2.014895e-02  -2.852055e-05   2.472176e+03   9.909731e-01   9.943461e-01   1.165518e-01
  2.020417e-02  -3.840676e-05   2.462797e+03   9.899189e-01   9.940933e-01   1.161938e-01
  2.021463e-02  -3.580708e-05   2.461990e+03   9.901072e-01   9.941634e-01   1.162114e-01
  2.016986e-02  -2.351632e-05   2.471586e+03   9.917649e-01   9.947245e-01   1.161724e-01
  2.004490e-02  -3.328396e-06   2.491072e+03   9.933912e-01   9.948623e-01   1.153495e-01
  1.971969e-02   1.148499e-05   2.541219e+03   9.969471e-01   9.961231e-01   1.181431e-01
  1.901454e-02  -6.762181e-05   2.626434e+03   9.935331e-01   9.940141e-01   1.194016e-01
  2.014229e-02  -1.666616e-05   2.477308e+03   9.927025e-01   9.945372e-01   1.159670e-01
  2.026222e-02  -1.979217e-05   2.459822e+03   9.915641e-01   9.945044e-01   1.163076e-01
  2.026044e-02   8.512268e-06   2.459335e+03   9.912811e-01   9.947838e-01   1.160663e-01
  2.023590e-02   3.327238e-06   2.463804e+03   9.918792e-01   9.950578e-01   1.159777e-01
  2.026372e-02  -1.136103e-06   2.464174e+03   9.933920e-01   9.957932e-01   1.166437e-01
  2.019004e-02  -1.392280e-05   2.475954e+03   9.945118e-01   9.955973e-01   1.169018e-01
  1.891824e-02  -3.166175e-06   2.649242e+03   9.970859e-01   9.957395e-01   1.202891e-01
  1.964538e-02   7.073589e-05   2.551863e+03   9.973510e-01   9.960854e-01   1.161628e-01
  2.004724e-02   3.456044e-05   2.489582e+03   9.929130e-01   9.945615e-01   1.163435e-01
  2.009168e-02   3.777420e-05   2.479674e+03   9.911535e-01   9.944239e-01   1.159114e-01
  2.023308e-02   3.652732e-05   2.460149e+03   9.902702e-01   9.942733e-01   1.163962e-01
  2.017718e-02   3.398367e-05   2.470314e+03   9.916145e-01   9.951672e-01   1.157096e-01
  2.014405e-02   2.881840e-05   2.476601e+03   9.925053e-01   9.949429e-01   1.157387e-01
  2.005641e-02   1.803367e-05   2.489513e+03   9.933397e-01   9.948071e-01   1.153538e-01
  1.979237e-02  -1.592335e-06   2.531428e+03   9.967666e-01   9.961174e-01   1.166179e-01
  1.911149e-02   2.857456e-05   2.617110e+03   9.950539e-01   9.947249e-01   1.176828e-01
  2.004785e-02   3.531945e-06   2.491491e+03   9.937046e-01   9.950711e-01   1.151260e-01
  2.012530e-02   1.920063e-06   2.479634e+03   9.927960e-01   9.952831e-01   1.151581e-01
  2.018872e-02  -1.600489e-05   2.472429e+03   9.930306e-01   9.959152e-01   1.155074e-01
  2.020847e-02  -1.084966e-05   2.470996e+03   9.934261e-01   9.959675e-01   1.159689e-01
  2.027641e-02   7.732361e-06   2.466223e+03   9.948410e-01   9.963721e-01   1.168819e-01
  2.016255e-02   3.058659e-05   2.481625e+03   9.954323e-01   9.961960e-01   1.167522e-01
  1.897934e-02   2.634215e-05   2.641384e+03   9.973391e-01   9.962379e-01   1.208120e-01
  1.922157e-02   6.847115e-06   2.611700e+03   9.987166e-01   9.967261e-01   1.141363e-01
  2.005659e-02   5.859801e-06   2.490998e+03   9.939409e-01   9.950602e-01   1.160443e-01
  2.016526e-02   4.800106e-06   2.473782e+03   9.924196e-01   9.950163e-01   1.162948e-01
  2.020971e-02  -7.276907e-06   2.465361e+03   9.912215e-01   9.948220e-01   1.158052e-01
  2.015268e-02  -8.466271e-06   2.474134e+03   9.919420e-01   9.953531e-01   1.153328e-01
  2.010990e-02   1.635999e-06   2.480172e+03   9.922516e-01   9.948484e-01   1.155478e-01
  2.004308e-02  -2.043021e-07   2.489427e+03   9.926451e-01   9.943844e-01   1.155979e-01
  2.000277e-02   4.581995e-05   2.502235e+03   9.957457e-01   9.949596e-01   1.162152e-01
  1.926551e-02   9.954425e-06   2.597846e+03   9.956895e-01   9.957071e-01   1.160271e-01
  1.999005e-02   1.179400e-05   2.499270e+03   9.939330e-01   9.951810e-01   1.146815e-01
  2.008592e-02   1.466397e-05   2.482633e+03   9.920519e-01   9.948292e-01   1.148457e-01
  2.022179e-02   3.161758e-05   2.464689e+03   9.915439e-01   9.949044e-01   1.161828e-01
  2.020927e-02   2.515879e-05   2.467215e+03   9.919455e-01   9.950496e-01   1.162340e-01
  2.015395e-02   1.792886e-05   2.478247e+03   9.936531e-01   9.959710e-01   1.159000e-01
  2.006928e-02  -4.786544e-06   2.492757e+03   9.952722e-01   9.959520e-01   1.158478e-01
  1.892802e-02   3.353507e-05   2.648444e+03   9.973008e-01   9.967996e-01   1.179026e-01
  1.909840e-02   8.965189e-06   2.626329e+03   9.978752e-01   9.958152e-01   1.162108e-01
  2.014836e-02  -2.151938e-05   2.480484e+03   9.942742e-01   9.953903e-01   1.164396e-01
  2.021907e-02  -2.362209e-05   2.469463e+03   9.933306e-01   9.956585e-01   1.164634e-01
  2.018562e-02  -2.300817e-05   2.469661e+03   9.917669e-01   9.950905e-01   1.155358e-01
  2.022235e-02  -1.410106e-05   2.463752e+03   9.911943e-01   9.946797e-01   1.160478e-01
  2.008078e-02  -7.197885e-06   2.482250e+03   9.916447e-01   9.946097e-01   1.151412e-01
  2.003384e-02   1.529346e-06   2.489285e+03   9.921308e-01   9.940987e-01   1.154286e-01
  2.008129e-02   2.990272e-05   2.490289e+03   9.948819e-01   9.950466e-01   1.163385e-01
  1.959192e-02  -6.432890e-05   2.557019e+03   9.966463e-01   9.967424e-01   1.166218e-01
  1.998572e-02  -4.182801e-05   2.501877e+03   9.947545e-01   9.957841e-01   1.147670e-01
  2.013338e-02  -4.366791e-05   2.476342e+03   9.918761e-01   9.948135e-01   1.154734e-01
  2.019995e-02  -4.281881e-05   2.464715e+03   9.904835e-01   9.945412e-01   1.156956e-01
  2.018974e-02  -3.857838e-05   2.466028e+03   9.905104e-01   9.943490e-01   1.158092e-01
  2.017980e-02  -2.285612e-05   2.470398e+03   9.917767e-01   9.946746e-01   1.166403e-01
  2.007938e-02  -1.699812e-05   2.487658e+03   9.937360e-01   9.950357e-01   1.161762e-01
  1.941182e-02  -7.595968e-06   2.580448e+03   9.965325e-01   9.961036e-01   1.219773e-01
  1.906410e-02  -1.304960e-05   2.628591e+03   9.969409e-01   9.958802e-01   1.183317e-01
  2.024193e-02   3.385404e-05   2.467447e+03   9.936418e-01   9.952042e-01   1.169801e-01
  2.027050e-02   4.054298e-05   2.463294e+03   9.933697e-01   9.958233e-01   1.170167e-01
  2.026724e-02   5.093695e-05   2.458007e+03   9.910781e-01   9.949648e-01   1.163816e-01
  2.023404e-02   3.863952e-05   2.461621e+03   9.909093e-01   9.946429e-01   1.160938e-01
  2.010357e-02   2.743999e-05   2.478292e+03   9.911876e-01   9.944159e-01   1.151431e-01
  2.004851e-02   1.409279e-05   2.488729e+03   9.926358e-01   9.944715e-01   1.153056e-01
  1.988754e-02  -2.846268e-06   2.513627e+03   9.945168e-01   9.944922e-01   1.154080e-01
  2.015413e-02   5.923737e-05   2.487888e+03   9.975281e-01   9.966553e-01   1.183479e-01
  2.002674e-02   2.110663e-05   2.497102e+03   9.948935e-01   9.957391e-01   1.155918e-01
  2.009654e-02   2.221145e-05   2.482380e+03   9.924752e-01   9.951649e-01   1.151998e-01
  2.018001e-02   2.095727e-05   2.467635e+03   9.906779e-01   9.944030e-01   1.152390e-01
  2.018294e-02   2.120943e-05   2.466794e+03   9.904842e-01   9.942691e-01   1.153439e-01
  2.006259e-02   2.218398e-05   2.485816e+03   9.921701e-01   9.949192e-01   1.151049e-01
  1.996000e-02   2.482203e-05   2.501153e+03   9.931867e-01   9.947953e-01   1.148335e-01
  1.955423e-02   6.143896e-05   2.561971e+03   9.966556e-01   9.967632e-01   1.186110e-01
  1.911823e-02  -7.063072e-05   2.619165e+03   9.961865e-01   9.953193e-01   1.197068e-01
  2.027627e-02  -5.679934e-05   2.460722e+03   9.926149e-01   9.944301e-01   1.170742e-01
  2.031970e-02  -6.375125e-05   2.456383e+03   9.929870e-01   9.954846e-01   1.173345e-01
  2.028032e-02  -6.603844e-05   2.454655e+03   9.903650e-01   9.944199e-01   1.166550e-01
  2.026148e-02  -5.097694e-05   2.458306e+03   9.909168e-01   9.947357e-01   1.162687e-01
  2.019593e-02  -3.734142e-05   2.465492e+03   9.905983e-01   9.939622e-01   1.157369e-01
  2.009048e-02  -2.605509e-05   2.484109e+03   9.928674e-01   9.945530e-01   1.154263e-01
  1.959324e-02  -1.166422e-05   2.552180e+03   9.948275e-01   9.946431e-01   1.157973e-01
  2.047200e-02  -3.945720e-05   2.447833e+03   9.969472e-01   9.960426e-01   1.181718e-01
  2.002352e-02  -1.673341e-06   2.495559e+03   9.941190e-01   9.952455e-01   1.159284e-01
  2.011205e-02  -2.578334e-06   2.480993e+03   9.926861e-01   9.951901e-01   1.156625e-01
  2.017521e-02  -6.744042e-06   2.469059e+03   9.910139e-01   9.946700e-01   1.152072e-01
  2.017503e-02  -6.416171e-06   2.469441e+03   9.911583e-01   9.946253e-01   1.149302e-01
  1.997465e-02  -1.625480e-05   2.501434e+03   9.940272e-01   9.962363e-01   1.139901e-01
  1.994864e-02  -2.188430e-05   2.504748e+03   9.940484e-01   9.952736e-01   1.144571e-01
  1.981083e-02  -4.595837e-05   2.529248e+03   9.968371e-01   9.969270e-01   1.200782e-01
  1.910369e-02  -6.659206e-07   2.621086e+03   9.961587e-01   9.959914e-01   1.192888e-01
  2.017423e-02   3.571824e-05   2.471918e+03   9.921132e-01   9.942866e-01   1.163354e-01
  2.022150e-02   4.048834e-05   2.465783e+03   9.919697e-01   9.950188e-01   1.167408e-01
  2.026419e-02   4.920290e-05   2.454733e+03   9.896088e-01   9.940559e-01   1.164319e-01
  2.030696e-02   3.796479e-05   2.450193e+03   9.898637e-01   9.940132e-01   1.167577e-01
  2.028272e-02   1.204244e-05   2.452977e+03   9.898056e-01   9.933731e-01   1.164320e-01
  2.016659e-02   1.218758e-06   2.472438e+03   9.919462e-01   9.939927e-01   1.160562e-01
  1.923770e-02  -2.283195e-06   2.600357e+03   9.952133e-01   9.945887e-01   1.170708e-01
  1.984442e-02  -7.428045e-06   2.608020e+03   1.029626e+00   1.016427e+00   1.238775e-01
  2.007339e-02  -7.097354e-06   2.510457e+03   1.002545e+00   1.000462e+00   1.284657e-01
  2.002100e-02  -8.862015e-06   2.545730e+03   1.013977e+00   1.008023e+00   1.229181e-01
  1.994447e-02   1.954105e-07   2.595625e+03   1.029899e+00   1.017789e+00   1.152655e-01
  1.995934e-02  -2.736629e-06   2.578463e+03   1.023852e+00   1.014632e+00   1.185207e-01
  2.040630e-02  -1.596740e-06   2.506920e+03   1.017736e+00   1.010400e+00   1.198750e-01
  2.043989e-02  -2.187664e-06   2.488986e+03   1.012118e+00   1.006108e+00   1.239188e-01
  1.712760e-02   1.106513e-05   3.068034e+03   1.045411e+00   1.022935e+00   1.063790e-01
  1.992568e-02   9.765453e-07   2.435931e+03   9.656243e-01   9.758220e-01   1.417263e-01
  2.114235e-02  -1.502020e-06   2.259942e+03   9.505624e-01   9.702251e-01   1.608189e-01
  2.116209e-02   9.332103e-07   2.257445e+03   9.503989e-01   9.709923e-01   1.603995e-01
  2.080409e-02  -3.908519e-07   2.325128e+03   9.623335e-01   9.782187e-01   1.522599e-01
  2.065752e-02   3.128515e-06   2.354069e+03   9.674476e-01   9.812965e-01   1.486160e-01
  2.034449e-02   2.454185e-06   2.463826e+03   9.972108e-01   9.983061e-01   1.324283e-01
  2.014257e-02  -8.006868e-07   2.518695e+03   1.009301e+00   1.004454e+00   1.263628e-01
  1.585929e-02   5.675491e-06   3.250883e+03   1.025688e+00   1.011532e+00   1.183427e-01
  2.172323e-02  -8.142250e-06   2.300723e+03   9.943031e-01   9.972324e-01   1.446457e-01
  2.025032e-02  -7.616725e-06   2.448431e+03   9.863927e-01   9.910758e-01   1.370104e-01
  2.033982e-02  -2.853117e-06   2.424916e+03   9.812369e-01   9.886908e-01   1.392719e-01
  2.070317e-02  -6.268599e-06   2.335567e+03   9.619652e-01   9.778654e-01   1.489915e-01
  2.065936e-02  -4.182422e-06   2.358965e+03   9.695462e-01   9.825296e-01   1.455988e-01
  2.071079e-02  -2.274115e-06   2.371901e+03   9.772894e-01   9.868153e-01   1.426617e-01
  2.053661e-02  -7.822689e-08   2.428764e+03   9.923025e-01   9.950073e-01   1.370272e-01
  1.795212e-02   3.157745e-06   2.715178e+03   9.697151e-01   9.783760e-01   1.419604e-01
  2.009416e-02   1.622858e-06   2.486384e+03   9.939584e-01   9.945962e-01   1.304730e-01
  2.047904e-02   2.557542e-06   2.468713e+03   1.005797e+00   1.003360e+00   1.301863e-01
  2.054942e-02  -2.610374e-07   2.460985e+03   1.006094e+00   1.004361e+00   1.291095e-01
  2.049768e-02  -2.128058e-06   2.455982e+03   1.001521e+00   1.001768e+00   1.301739e-01
  2.022414e-02   6.013382e-07   2.504176e+03   1.007546e+00   1.004983e+00   1.266121e-01
  2.043007e-02  -2.390420e-07   2.438239e+03   9.910057e-01   9.946782e-01   1.349783e-01
  2.034951e-02   5.288782e-06   2.446092e+03   9.902772e-01   9.932341e-01   1.356252e-01
  1.778852e-02   2.190191e-06   2.796762e+03   9.897496e-01   9.910729e-01   1.365929e-01
  2.265147e-02  -9.229089e-06   2.262089e+03   1.019380e+00   1.013742e+00   1.313680e-01
  1.983543e-02  -2.000716e-06   2.593811e+03   1.023553e+00   1.014272e+00   1.189365e-01
  1.986834e-02  -3.773899e-06   2.578846e+03   1.019335e+00   1.012577e+00   1.206105e-01
  1.998064e-02  -7.411891e-07   2.570491e+03   1.021776e+00   1.014330e+00   1.189092e-01
  1.999029e-02  -2.914703e-06   2.539088e+03   1.009780e+00   1.006819e+00   1.254288e-01
  2.064165e-02   3.848130e-09   2.433636e+03   9.993789e-01   1.000189e+00   1.306785e-01
  2.084951e-02   1.154004e-06   2.381801e+03   9.879419e-01   9.924688e-01   1.386937e-01
  1.821370e-02  -2.403923e-07   2.782966e+03   1.008408e+00   1.001197e+00   1.210104e-01
  1.937366e-02   1.862797e-05   2.634787e+03   1.015517e+00   1.009149e+00   1.247254e-01
  2.016499e-02  -2.811148e-07   2.466705e+03   9.895671e-01   9.941529e-01   1.384944e-01
  2.033333e-02  -1.111126e-06   2.420049e+03   9.789552e-01   9.886544e-01   1.431261e-01
  2.034640e-02   2.253816e-06   2.396546e+03   9.700710e-01   9.837148e-01   1.476276e-01
  2.045984e-02  -2.025019e-06   2.355170e+03   9.586381e-01   9.766515e-01   1.527688e-01
  2.042544e-02   4.271782e-06   2.393320e+03   9.725288e-01   9.841786e-01   1.457229e-01
  2.040506e-02   1.481798e-06   2.407125e+03   9.771625e-01   9.856648e-01   1.431094e-01
  1.978263e-02   2.164009e-07   2.506498e+03   9.864644e-01   9.901545e-01   1.396385e-01
  2.229079e-02   2.627743e-05   2.088948e+03   9.263673e-01   9.582596e-01   1.836759e-01
  2.033666e-02   8.874103e-07   2.311295e+03   9.351153e-01   9.613409e-01   1.665223e-01
  2.036456e-02   4.313456e-07   2.322842e+03   9.410762e-01   9.655816e-01   1.622187e-01
  2.052040e-02  -1.371335e-06   2.333030e+03   9.524371e-01   9.724392e-01   1.543007e-01
  2.060531e-02   6.817887e-07   2.363526e+03   9.688794e-01   9.819536e-01   1.457375e-01
  2.065997e-02   2.817037e-07   2.393340e+03   9.837037e-01   9.902949e-01   1.390356e-01
  2.042156e-02  -3.664440e-06   2.474471e+03   1.005313e+00   1.002142e+00   1.302336e-01
  1.821714e-02  -5.790400e-06   2.724790e+03   9.875144e-01   9.885246e-01   1.308292e-01
  1.941990e-02   1.500256e-05   2.541085e+03   9.817397e-01   9.853375e-01   1.402687e-01
  2.018951e-02   5.205703e-06   2.522828e+03   1.013313e+00   1.005924e+00   1.233761e-01
  1.997782e-02   5.029891e-06   2.578499e+03   1.024814e+00   1.013902e+00   1.176282e-01
  1.984807e-02   1.971812e-06   2.636892e+03   1.041216e+00   1.024333e+00   1.106814e-01
  1.966034e-02   1.125519e-06   2.677230e+03   1.047145e+00   1.028246e+00   1.079895e-01
  1.984139e-02  -3.364085e-06   2.626163e+03   1.036630e+00   1.021741e+00   1.142938e-01
  2.000177e-02  -2.275850e-06   2.569002e+03   1.022264e+00   1.012530e+00   1.213423e-01
  2.123191e-02  -1.558197e-05   2.389155e+03   1.009168e+00   1.003926e+00   1.282697e-01
  2.056317e-02  -2.259099e-06   2.635618e+03   1.078208e+00   1.044876e+00   1.039531e-01
  1.921493e-02   2.018850e-06   2.761473e+03   1.055625e+00   1.031790e+00   1.061664e-01
  1.921851e-02   3.201546e-06   2.745106e+03   1.049564e+00   1.029159e+00   1.085690e-01
  1.951986e-02   2.032448e-06   2.655285e+03   1.031141e+00   1.018596e+00   1.155798e-01
  1.977222e-02   2.446159e-06   2.589029e+03   1.018410e+00   1.011286e+00   1.217046e-01
  2.016314e-02  -9.287081e-07   2.510593e+03   1.007081e+00   1.004489e+00   1.274379e-01
  2.029669e-02  -1.254705e-06   2.451072e+03   9.897176e-01   9.934562e-01   1.374380e-01
  1.844606e-02  -7.600514e-07   2.736115e+03   1.004080e+00   9.989252e-01   1.239784e-01
  1.838418e-02   1.228031e-05   2.733463e+03   9.997414e-01   9.979614e-01   1.364396e-01
  2.034599e-02  -1.068070e-06   2.385085e+03   9.654125e-01   9.785611e-01   1.490589e-01
  2.026053e-02   9.733566e-07   2.379055e+03   9.589271e-01   9.753942e-01   1.515202e-01
  2.058595e-02  -2.891423e-06   2.294052e+03   9.395163e-01   9.645532e-01   1.621849e-01
  2.060803e-02  -1.238521e-06   2.291538e+03   9.394932e-01   9.644663e-01   1.614622e-01
  2.054136e-02   1.242535e-06   2.351142e+03   9.608113e-01   9.774164e-01   1.523544e-01
  2.029526e-02  -1.603948e-06   2.437345e+03   9.841057e-01   9.901840e-01   1.407054e-01
  2.136014e-02  -2.639508e-06   2.372989e+03   1.008393e+00   1.003911e+00   1.278426e-01
  2.220419e-02   1.402090e-05   2.166446e+03   9.570022e-01   9.747942e-01   1.630762e-01
  2.023728e-02   4.743440e-06   2.389293e+03   9.619478e-01   9.763786e-01   1.516077e-01
  2.020626e-02   3.902091e-06   2.379421e+03   9.565053e-01   9.739866e-01   1.543423e-01
  2.044205e-02   7.999237e-07   2.350467e+03   9.558919e-01   9.733136e-01   1.523925e-01
  2.063929e-02   1.656182e-06   2.325514e+03   9.548692e-01   9.729301e-01   1.527817e-01
  2.053571e-02  -1.265468e-06   2.339623e+03   9.558410e-01   9.740761e-01   1.536282e-01
  2.022026e-02  -1.413844e-07   2.441488e+03   9.821358e-01   9.890366e-01   1.415981e-01
  1.891054e-02  -3.456681e-07   2.626139e+03   9.879880e-01   9.906374e-01   1.359854e-01
  1.923026e-02   7.436280e-06   2.546830e+03   9.743504e-01   9.846644e-01   1.521806e-01
  2.007144e-02   3.890638e-06   2.513669e+03   1.003730e+00   1.001483e+00   1.274864e-01
  1.996704e-02   1.111308e-07   2.518193e+03   1.000306e+00   9.999586e-01   1.282006e-01
  2.008739e-02  -6.505487e-07   2.542810e+03   1.016173e+00   1.009571e+00   1.206756e-01
  2.013136e-02  -7.852968e-07   2.519441e+03   1.009038e+00   1.005726e+00   1.239273e-01
  2.034077e-02  -4.177900e-06   2.452338e+03   9.923794e-01   9.959809e-01   1.349872e-01
  2.047073e-02  -4.406588e-06   2.389855e+03   9.732741e-01   9.841395e-01   1.457312e-01
  2.159788e-02  -1.458696e-05   2.244067e+03   9.642221e-01   9.769401e-01   1.478197e-01
  2.240833e-02  -7.549774e-06   2.201367e+03   9.813681e-01   9.901156e-01   1.484267e-01
  1.996591e-02   2.563711e-06   2.493151e+03   9.903025e-01   9.941623e-01   1.361095e-01
  1.990588e-02   5.429862e-06   2.543634e+03   1.007317e+00   1.004670e+00   1.273902e-01
  1.974450e-02   3.692403e-06   2.613944e+03   1.026769e+00   1.016088e+00   1.165197e-01
  1.972516e-02   3.277958e-07   2.636737e+03   1.034707e+00   1.021381e+00   1.129136e-01
  1.970620e-02   1.496641e-06   2.671398e+03   1.047301e+00   1.028577e+00   1.083026e-01
  1.980305e-02  -1.756258e-06   2.598915e+03   1.023892e+00   1.013514e+00   1.187989e-01
  1.955939e-02  -4.871295e-06   2.582276e+03   1.004820e+00   1.000567e+00   1.293686e-01
  1.835880e-02  -2.073157e-06   2.831182e+03   1.034051e+00   1.020324e+00   1.241387e-01
  1.991810e-02   1.061231e-06   2.529331e+03   1.002268e+00   1.000710e+00   1.263815e-01
  2.001860e-02   8.438129e-07   2.516700e+03   1.002294e+00   1.001593e+00   1.264776e-01
  2.036250e-02  -1.372882e-06   2.431063e+03   9.848217e-01   9.915936e-01   1.363793e-01
  2.004963e-02  -7.555880e-07   2.496369e+03   9.957386e-01   9.983316e-01   1.306487e-01
  1.988600e-02  -2.379027e-07   2.573991e+03   1.018321e+00   1.011633e+00   1.235633e-01
  1.975405e-02  -8.569911e-08   2.621135e+03   1.030091e+00   1.017688e+00   1.184160e-01
  2.070795e-02   8.108880e-06   2.518411e+03   1.037514e+00   1.019922e+00   1.108445e-01
  2.162095e-02  -6.986297e-06   2.434756e+03   1.047274e+00   1.029238e+00   1.185100e-01
  1.945505e-02   2.886239e-06   2.643474e+03   1.023146e+00   1.013603e+00   1.206620e-01
  2.000316e-02   4.747571e-07   2.491543e+03   9.915102e-01   9.955702e-01   1.356756e-01
  2.044917e-02   2.582191e-08   2.356160e+03   9.585411e-01   9.760559e-01   1.507316e-01
  2.048149e-02   1.516158e-06   2.319955e+03   9.453035e-01   9.680596e-01   1.577396e-01
  2.060970e-02  -1.989092e-07   2.256576e+03   9.252346e-01   9.558163e-01   1.704196e-01
  2.005304e-02   1.374457e-06   2.371236e+03   9.459870e-01   9.674936e-01   1.595048e-01
  2.095010e-02   2.140962e-06   2.351057e+03   9.798947e-01   9.881017e-01   1.483689e-01
  1.855804e-02  -7.559547e-08   2.565003e+03   9.470006e-01   9.691827e-01   1.750158e-01
  1.975523e-02  -4.038273e-07   2.440911e+03   9.593213e-01   9.749501e-01   1.492022e-01
  1.995546e-02   8.388179e-07   2.426818e+03   9.634499e-01   9.781087e-01   1.465423e-01
  2.040185e-02   1.128105e-06   2.400558e+03   9.743430e-01   9.848822e-01   1.415528e-01
  2.057414e-02   8.366006e-07   2.346791e+03   9.605642e-01   9.765085e-01   1.479738e-01
  2.089040e-02   2.479866e-06   2.266919e+03   9.421344e-01   9.647637e-01   1.604419e-01
  2.071770e-02   7.318637e-07   2.292250e+03   9.447866e-01   9.657439e-01   1.601623e-01
  2.145892e-02   7.064434e-06   2.212459e+03   9.445244e-01   9.646794e-01   1.598506e-01
  2.214992e-02  -2.633130e-05   2.120913e+03   9.345989e-01   9.603557e-01   1.735207e-01
  2.034842e-02  -7.126099e-07   2.365452e+03   9.575800e-01   9.737973e-01   1.526238e-01
  2.037924e-02  -1.691311e-06   2.420449e+03   9.813277e-01   9.889346e-01   1.403864e-01
  1.995252e-02   1.065241e-06   2.530896e+03   1.004621e+00   1.003186e+00   1.265625e-01
  1.992953e-02  -4.418202e-08   2.555134e+03   1.013074e+00   1.007679e+00   1.214007e-01
  1.999679e-02  -2.487690e-06   2.591008e+03   1.030764e+00   1.017610e+00   1.141844e-01
  1.969378e-02  -6.426095e-07   2.626339e+03   1.028987e+00   1.015647e+00   1.154709e-01
  2.293740e-02  -5.523318e-06   2.196053e+03   1.002114e+00   1.001434e+00   1.384583e-01
  1.893983e-02  -3.524349e-06   2.701723e+03   1.017998e+00   1.011327e+00   1.377421e-01
  1.927441e-02  -5.023148e-06   2.683902e+03   1.029148e+00   1.015681e+00   1.117763e-01
  1.932800e-02  -4.134366e-06   2.658109e+03   1.022092e+00   1.012635e+00   1.152937e-01
  1.982401e-02   1.808166e-08   2.593992e+03   1.023035e+00   1.014486e+00   1.159400e-01
  1.982363e-02  -8.047169e-07   2.607706e+03   1.028424e+00   1.017327e+00   1.139264e-01
  1.974534e-02   3.754148e-06   2.650439e+03   1.041148e+00   1.024393e+00   1.107798e-01
  1.972301e-02   6.088519e-06   2.617487e+03   1.027041e+00   1.015103e+00   1.179630e-01
  2.094393e-02   1.729087e-05   2.453307e+03   1.022210e+00   1.012099e+00   1.240506e-01
  1.937319e-02  -6.106663e-06   2.796771e+03   1.077924e+00   1.046799e+00   9.948022e-02
  1.966033e-02  -1.552405e-06   2.649471e+03   1.036287e+00   1.020869e+00   1.125037e-01
  2.005824e-02   1.354580e-06   2.568465e+03   1.024936e+00   1.015694e+00   1.177144e-01
  1.987069e-02   1.388395e-06   2.537585e+03   1.003145e+00   1.003205e+00   1.271560e-01
  1.982126e-02   1.915654e-06   2.530516e+03   9.978619e-01   9.997095e-01   1.291611e-01
  2.006127e-02   4.381751e-06   2.489386e+03   9.935298e-01   9.968993e-01   1.323875e-01
  2.008991e-02   1.667320e-06   2.478183e+03   9.904708e-01   9.940630e-01   1.339448e-01
  2.279311e-02  -9.345023e-07   2.218732e+03   1.006094e+00   1.005467e+00   1.405008e-01
  1.893263e-02  -1.053496e-05   2.631675e+03   9.912274e-01   9.975300e-01   1.570606e-01
  1.953861e-02  -4.204598e-06   2.458243e+03   9.555398e-01   9.723731e-01   1.499349e-01
  1.965399e-02  -4.164326e-06   2.447881e+03   9.571304e-01   9.742746e-01   1.488714e-01
  2.026124e-02  -2.224003e-06   2.316218e+03   9.336316e-01   9.612538e-01   1.634801e-01
  2.033337e-02  -1.820658e-06   2.327026e+03   9.413274e-01   9.656876e-01   1.586352e-01
  2.027872e-02   1.278500e-06   2.357067e+03   9.509171e-01   9.712368e-01   1.550907e-01
  1.992929e-02  -7.183320e-08   2.472269e+03   9.802067e-01   9.882294e-01   1.402226e-01
  2.124659e-02   1.191544e-05   2.379562e+03   1.005811e+00   1.004293e+00   1.390559e-01
  1.865177e-02  -1.174673e-05   2.423737e+03   8.993646e-01   9.365755e-01   1.881398e-01
  2.073170e-02   2.420882e-06   2.293970e+03   9.461341e-01   9.666779e-01   1.582344e-01
  2.092379e-02  -1.437352e-06   2.255644e+03   9.389470e-01   9.633794e-01   1.616824e-01
  2.060598e-02   3.348631e-06   2.346371e+03   9.618783e-01   9.769464e-01   1.467056e-01
  2.062911e-02   1.659800e-06   2.338219e+03   9.596125e-01   9.760426e-01   1.479310e-01
  2.044837e-02   1.155085e-06   2.353415e+03   9.573867e-01   9.744497e-01   1.492463e-01
  2.005872e-02   1.266309e-06   2.395048e+03   9.557574e-01   9.733211e-01   1.513415e-01
  2.240475e-02  -1.332854e-05   2.191197e+03   9.766784e-01   9.885396e-01   1.581327e-01
  2.057723e-02  -1.061031e-05   2.418425e+03   9.900330e-01   9.941595e-01   1.514388e-01
  1.948540e-02  -5.197255e-06   2.606559e+03   1.010432e+00   1.004472e+00   1.203803e-01
  1.956613e-02  -6.081904e-06   2.605531e+03   1.014218e+00   1.007307e+00   1.187764e-01
  1.937486e-02  -2.733963e-06   2.719009e+03   1.048044e+00   1.029026e+00   1.052538e-01
  1.960218e-02  -3.002977e-07   2.650173e+03   1.033496e+00   1.019889e+00   1.112505e-01
  1.983404e-02   2.166737e-06   2.569107e+03   1.013733e+00   1.007739e+00   1.199673e-01
  2.001265e-02  -4.369269e-07   2.474503e+03   9.851962e-01   9.899495e-01   1.339318e-01
  2.158564e-02   2.242733e-06   2.239125e+03   9.615534e-01   9.788201e-01   1.656342e-01
  1.525309e-02   6.113008e-06   3.488057e+03   1.058453e+00   1.030947e+00   1.006665e-01
  2.002898e-02   4.061376e-06   2.541484e+03   1.012689e+00   1.006335e+00   1.223141e-01
  2.016820e-02   7.253853e-06   2.527389e+03   1.014073e+00   1.008247e+00   1.215054e-01
  2.017567e-02   1.399674e-06   2.465906e+03   9.897708e-01   9.947918e-01   1.340081e-01
  2.010861e-02   9.729841e-08   2.488356e+03   9.954620e-01   9.980979e-01   1.302671e-01
  1.960391e-02  -3.145406e-07   2.589525e+03   1.009934e+00   1.005812e+00   1.228442e-01
  1.930644e-02   7.694394e-07   2.683508e+03   1.030707e+00   1.017032e+00   1.133962e-01
  2.181907e-02  -1.063685e-05   2.320562e+03   1.007302e+00   1.005602e+00   1.400838e-01
  1.997869e-02  -8.630191e-06   2.474322e+03   9.834521e-01   9.919943e-01   1.544332e-01
  1.961198e-02  -2.358953e-06   2.542680e+03   9.920722e-01   9.947706e-01   1.330991e-01
  1.990425e-02  -3.611823e-06   2.480240e+03   9.821316e-01   9.898996e-01   1.379390e-01
  2.031887e-02   1.428132e-06   2.355121e+03   9.520132e-01   9.726748e-01   1.522316e-01
  2.038461e-02   7.052914e-07   2.361131e+03   9.575305e-01   9.754405e-01   1.489447e-01
  1.982520e-02  -6.954342e-06   2.473316e+03   9.754997e-01   9.856260e-01   1.395991e-01
  1.929876e-02  -3.740496e-06   2.597996e+03   9.974658e-01   9.977197e-01   1.294751e-01
  2.043990e-02  -1.525235e-05   2.458340e+03   9.996570e-01   1.002161e+00   1.479398e-01
  1.474884e-02   2.313355e-05   3.396955e+03   9.967304e-01   9.936660e-01   1.263357e-01
  1.983859e-02   5.269544e-06   2.592451e+03   1.023179e+00   1.013037e+00   1.177240e-01
  1.989747e-02   3.788168e-06   2.585301e+03   1.023385e+00   1.014434e+00   1.172681e-01
  1.994764e-02  -1.479465e-06   2.616846e+03   1.038484e+00   1.023980e+00   1.106702e-01
  2.002106e-02   2.190589e-06   2.580507e+03   1.027832e+00   1.017350e+00   1.151415e-01
  1.963420e-02  -1.754441e-06   2.584301e+03   1.009454e+00   1.005505e+00   1.214610e-01
  1.978376e-02   1.011811e-07   2.500240e+03   9.840583e-01   9.894988e-01   1.344586e-01
  1.956583e-02  -2.446421e-06   2.554222e+03   9.942304e-01   9.973547e-01   1.457153e-01
  1.897402e-02  -6.365122e-06   2.760086e+03   1.041867e+00   1.026359e+00   1.185527e-01
  1.988672e-02   7.003426e-07   2.498198e+03   9.883713e-01   9.933786e-01   1.366769e-01
  1.999697e-02   3.579098e-06   2.498881e+03   9.941224e-01   9.979933e-01   1.342243e-01
  1.965642e-02  -1.042698e-06   2.554165e+03   9.988116e-01   1.000805e+00   1.311758e-01
  1.982234e-02  -1.822631e-06   2.545073e+03   1.003657e+00   1.003486e+00   1.279372e-01
  1.973358e-02  -5.193661e-07   2.545980e+03   9.995190e-01   1.000241e+00   1.278262e-01
  1.974840e-02  -8.764165e-07   2.542510e+03   9.989062e-01   9.990390e-01   1.279457e-01
  1.844332e-02   2.925420e-06   2.812108e+03   1.031813e+00   1.020726e+00   1.285593e-01
  1.477110e-02   1.623050e-05   3.126987e+03   9.189015e-01   9.489567e-01   1.739999e-01
  2.068753e-02   3.733337e-06   2.234991e+03   9.198449e-01   9.517130e-01   1.737884e-01
  2.097303e-02   1.107789e-06   2.178344e+03   9.089034e-01   9.465714e-01   1.794139e-01
  2.108028e-02   7.112562e-07   2.160483e+03   9.060608e-01   9.455524e-01   1.814447e-01
  2.088816e-02  -1.102705e-06   2.208547e+03   9.177770e-01   9.522967e-01   1.740357e-01
  2.017359e-02  -4.719095e-07   2.334130e+03   9.367814e-01   9.624069e-01   1.598665e-01
  1.989880e-02   6.161604e-07   2.418484e+03   9.574150e-01   9.740943e-01   1.500656e-01
  1.821027e-02  -1.006351e-06   2.670635e+03   9.675226e-01   9.815595e-01   1.600629e-01
  2.025962e-02   6.311702e-07   2.349921e+03   9.471415e-01   9.653241e-01   1.563489e-01
  2.038830e-02   4.349653e-06   2.503302e+03   1.015370e+00   1.007634e+00   1.242587e-01
  2.047366e-02   2.008106e-06   2.499196e+03   1.017949e+00   1.009949e+00   1.228645e-01
  2.014381e-02   2.726880e-07   2.561608e+03   1.026560e+00   1.015552e+00   1.164603e-01
  2.035097e-02   1.533832e-06   2.496715e+03   1.010844e+00   1.005819e+00   1.231558e-01
  1.996212e-02  -4.934766e-06   2.514795e+03   9.987100e-01   9.980511e-01   1.276718e-01
  1.996776e-02  -5.637896e-06   2.478647e+03   9.846326e-01   9.891290e-01   1.352571e-01
  1.803171e-02  -1.424848e-05   2.607608e+03   9.354261e-01   9.609365e-01   1.746699e-01
  1.499437e-02   4.415400e-06   3.663395e+03   1.092803e+00   1.050374e+00   8.778266e-02
  1.959002e-02  -1.267816e-06   2.727890e+03   1.063143e+00   1.036705e+00   1.002738e-01
  1.949726e-02  -6.880185e-07   2.767488e+03   1.073469e+00   1.044253e+00   9.629778e-02
  1.945575e-02  -2.185100e-06   2.771908e+03   1.072894e+00   1.044054e+00   9.676994e-02
  1.964112e-02  -1.369541e-06   2.715687e+03   1.061148e+00   1.037038e+00   1.013138e-01
  1.936542e-02   1.155988e-06   2.718692e+03   1.047411e+00   1.027544e+00   1.046047e-01
  1.943309e-02   9.418789e-07   2.689336e+03   1.039721e+00   1.021826e+00   1.089076e-01
  1.731060e-02   1.101566e-05   3.018479e+03   1.039514e+00   1.021061e+00   1.154068e-01
  1.849838e-02  -6.880024e-06   2.734617e+03   1.006376e+00   9.989305e-01   1.236598e-01
  2.090049e-02   1.006642e-06   2.274872e+03   9.458962e-01   9.680107e-01   1.645441e-01
  2.116813e-02   3.917744e-06   2.220967e+03   9.353085e-01   9.622442e-01   1.701128e-01
  2.069589e-02   1.843695e-06   2.251333e+03   9.269450e-01   9.569539e-01   1.714623e-01
  2.069137e-02   1.427668e-06   2.295644e+03   9.449828e-01   9.679506e-01   1.603353e-01
  2.025646e-02  -1.415088e-06   2.407556e+03   9.702196e-01   9.819349e-01   1.442327e-01
  1.986793e-02   1.897995e-06   2.522120e+03   9.968928e-01   9.968011e-01   1.309784e-01
  1.544729e-02   3.541429e-06   3.392919e+03   1.042692e+00   1.023298e+00   1.153780e-01
  1.865878e-02  -1.162891e-05   2.463910e+03   9.146147e-01   9.472365e-01   1.806981e-01
  2.062284e-02  -7.606482e-06   2.329335e+03   9.556757e-01   9.713095e-01   1.528516e-01
  2.080382e-02  -7.674444e-06   2.272168e+03   9.404022e-01   9.625608e-01   1.603089e-01
  2.113338e-02  -2.741689e-06   2.211813e+03   9.299242e-01   9.566181e-01   1.650954e-01
  2.086020e-02  -1.538444e-07   2.264219e+03   9.396521e-01   9.633327e-01   1.606775e-01
  2.046185e-02   2.856795e-06   2.324177e+03   9.461155e-01   9.668769e-01   1.563783e-01
  2.037763e-02   2.237974e-06   2.352455e+03   9.536854e-01   9.711323e-01   1.544957e-01
  1.785948e-02   1.500884e-05   2.615160e+03   9.291745e-01   9.555096e-01   1.720197e-01
  1.935275e-02  -7.457728e-06   2.672330e+03   1.028876e+00   1.011706e+00   1.087642e-01
  2.021125e-02   2.375962e-06   2.634272e+03   1.059214e+00   1.033999e+00   1.070922e-01
  2.024985e-02   1.571373e-06   2.643248e+03   1.064853e+00   1.037613e+00   1.037144e-01
  2.001991e-02   4.524666e-06   2.654449e+03   1.057223e+00   1.033114e+00   1.044025e-01
  2.014073e-02   1.652330e-07   2.601455e+03   1.042369e+00   1.024709e+00   1.106141e-01
  2.020241e-02   4.341688e-06   2.512149e+03   1.009668e+00   1.004742e+00   1.247645e-01
  2.029876e-02   5.033202e-06   2.444000e+03   9.869631e-01   9.905305e-01   1.358585e-01
  1.630547e-02   7.797444e-07   2.942529e+03   9.545182e-01   9.679661e-01   1.535248e-01
